solid Remix of isaac879 Pan Tilt Camera Mount
facet normal -2.10734790025609e-008 -1.0 3.53984252784795e-027
  outer loop
    vertex 157.499998596518 0.999999999999863 36.3999999999986
    vertex 154.499998596517 1.00000006322 27.1999999999992
    vertex 157.499998596518 0.999999999999863 27.1999999999986
  endloop
endfacet
facet normal -2.10734790025609e-008 -1.0 3.53984252784795e-027
  outer loop
    vertex 154.499998596517 1.00000006322 27.1999999999992
    vertex 157.499998596518 0.999999999999863 36.3999999999986
    vertex 154.499998596519 1.00000006322 36.3999999999992
  endloop
endfacet
facet normal 2.03037586743448e-013 -4.27869611035627e-021 1.0
  outer loop
    vertex 154.499999978935 66.6000000632202 36.3999999999992
    vertex 157.499999833528 59.6999999999999 36.3999999999986
    vertex 157.499999978935 66.5999999999999 36.3999999999986
  endloop
endfacet
facet normal 2.03037586743448e-013 -4.27869611035627e-021 1.0
  outer loop
    vertex 157.499999833528 59.6999999999999 36.3999999999986
    vertex 154.499999978935 66.6000000632202 36.3999999999992
    vertex 154.499999833528 59.7000000632205 36.3999999999992
  endloop
endfacet
facet normal -2.75080663955982e-009 -0.130526192220008 -0.991444861373816
  outer loop
    vertex 154.499998661846 4.10000006322031 34.9999999999993
    vertex 159.499998671118 4.53999233452744 34.9420739046898
    vertex 159.499998661846 4.09999995785304 34.9999999999984
  endloop
endfacet
facet normal -2.75080663955982e-009 -0.130526192220008 -0.991444861373816
  outer loop
    vertex 159.499998671118 4.53999233452744 34.9420739046898
    vertex 154.499998661846 4.10000006322031 34.9999999999993
    vertex 154.499998671118 4.53999243989462 34.9420739046907
  endloop
endfacet
facet normal 2.75046666520634e-009 0.130526192220035 -0.991444861373813
  outer loop
    vertex 154.499998652575 3.66000768654601 34.9420739046907
    vertex 159.499998661846 4.09999995785304 34.9999999999984
    vertex 159.499998652575 3.66000758117883 34.9420739046898
  endloop
endfacet
facet normal 2.75046666520634e-009 0.130526192220035 -0.991444861373813
  outer loop
    vertex 159.499998661846 4.09999995785304 34.9999999999984
    vertex 154.499998652575 3.66000768654601 34.9420739046907
    vertex 154.499998661846 4.10000006322031 34.9999999999993
  endloop
endfacet
facet normal 1.2828565021543e-008 0.608761429008731 -0.793353340291227
  outer loop
    vertex 154.499998636515 2.89791853520288 34.5020815280164
    vertex 159.499998643934 3.24999995785306 34.7722431864319
    vertex 159.499998636515 2.897918429836 34.5020815280155
  endloop
endfacet
facet normal 1.2828565021543e-008 0.608761429008731 -0.793353340291227
  outer loop
    vertex 159.499998643934 3.24999995785306 34.7722431864319
    vertex 154.499998636515 2.89791853520288 34.5020815280164
    vertex 154.499998643934 3.25000006322003 34.7722431864328
  endloop
endfacet
facet normal 1.67185771751734e-008 0.793353340291179 -0.608761429008793
  outer loop
    vertex 154.499998630821 2.62775687678643 34.1499999999993
    vertex 159.499998636515 2.897918429836 34.5020815280155
    vertex 159.499998630821 2.62775677141955 34.1499999999984
  endloop
endfacet
facet normal 1.67185771751734e-008 0.793353340291179 -0.608761429008793
  outer loop
    vertex 159.499998636515 2.897918429836 34.5020815280155
    vertex 154.499998630821 2.62775687678643 34.1499999999993
    vertex 154.499998636515 2.89791853520288 34.5020815280164
  endloop
endfacet
facet normal 8.06430021038561e-009 0.38268343236515 -0.923879532511262
  outer loop
    vertex 159.499998643934 3.24999995785306 34.7722431864319
    vertex 154.499998652575 3.66000768654601 34.9420739046907
    vertex 159.499998652575 3.66000758117883 34.9420739046898
  endloop
endfacet
facet normal 8.06430021038561e-009 0.38268343236515 -0.923879532511262
  outer loop
    vertex 154.499998652575 3.66000768654601 34.9420739046907
    vertex 159.499998643934 3.24999995785306 34.7722431864319
    vertex 154.499998643934 3.25000006322003 34.7722431864328
  endloop
endfacet
facet normal -1.94692606121911e-008 -0.923879532511264 0.382683432365144
  outer loop
    vertex 159.499998696447 5.74207386254449 3.66000762332409
    vertex 154.499998692867 5.57224324965381 3.24999999999922
    vertex 159.499998692868 5.57224314428663 3.24999999999836
  endloop
endfacet
facet normal -1.94692606121911e-008 -0.923879532511264 0.382683432365144
  outer loop
    vertex 154.499998692867 5.57224324965381 3.24999999999922
    vertex 159.499998696447 5.74207386254449 3.66000762332409
    vertex 154.499998696447 5.74207396791176 3.66000762332495
  endloop
endfacet
facet normal -2.08931906949774e-008 -0.991444861373827 -0.130526192219927
  outer loop
    vertex 159.499998696447 5.74207386254449 4.53999237667266
    vertex 154.499998697667 5.80000006322029 4.09999999999923
    vertex 159.499998697667 5.79999995785302 4.09999999999837
  endloop
endfacet
facet normal -2.08931906949774e-008 -0.991444861373827 -0.130526192219927
  outer loop
    vertex 154.499998697667 5.80000006322029 4.09999999999923
    vertex 159.499998696447 5.74207386254449 4.53999237667266
    vertex 154.499998696447 5.74207396791176 4.53999237667352
  endloop
endfacet
facet normal 2.08931820428387e-008 0.991444861373814 0.13052619222002
  outer loop
    vertex 154.499998627242 2.45792615852857 32.8600076233249
    vertex 159.499998626022 2.39999995785307 33.2999999999984
    vertex 159.499998627242 2.4579260531616 32.8600076233241
  endloop
endfacet
facet normal 2.08931820428387e-008 0.991444861373814 0.13052619222002
  outer loop
    vertex 159.499998626022 2.39999995785307 33.2999999999984
    vertex 154.499998627242 2.45792615852857 32.8600076233249
    vertex 154.499998626022 2.40000006321996 33.2999999999992
  endloop
endfacet
facet normal -1.28285668168034e-008 -0.608761429008633 0.793353340291303
  outer loop
    vertex 154.499998687175 5.30208159123745 2.89791847198209
    vertex 159.499998679755 4.94999995785303 2.62775681356483
    vertex 159.499998687175 5.30208148587027 2.89791847198124
  endloop
endfacet
facet normal -1.28285668168034e-008 -0.608761429008633 0.793353340291303
  outer loop
    vertex 159.499998679755 4.94999995785303 2.62775681356483
    vertex 154.499998687175 5.30208159123745 2.89791847198209
    vertex 154.499998679755 4.9500000632203 2.62775681356569
  endloop
endfacet
facet normal 2.08931372846463e-008 0.991444861373814 -0.13052619222002
  outer loop
    vertex 154.499998626022 2.40000006321996 33.2999999999992
    vertex 159.499998627242 2.4579260531616 33.7399923766727
    vertex 159.499998626022 2.39999995785307 33.2999999999984
  endloop
endfacet
facet normal 2.08931372846463e-008 0.991444861373814 -0.13052619222002
  outer loop
    vertex 159.499998627242 2.4579260531616 33.7399923766727
    vertex 154.499998626022 2.40000006321996 33.2999999999992
    vertex 154.499998627242 2.45792615852857 33.7399923766736
  endloop
endfacet
facet normal -1.67185785463125e-008 -0.793353340291296 0.608761429008641
  outer loop
    vertex 159.499998692868 5.57224314428663 3.24999999999836
    vertex 154.499998687175 5.30208159123745 2.89791847198209
    vertex 159.499998687175 5.30208148587027 2.89791847198124
  endloop
endfacet
facet normal -1.67185785463125e-008 -0.793353340291296 0.608761429008641
  outer loop
    vertex 154.499998687175 5.30208159123745 2.89791847198209
    vertex 159.499998692868 5.57224314428663 3.24999999999836
    vertex 154.499998692867 5.57224324965381 3.24999999999922
  endloop
endfacet
facet normal -1.94693901092517e-008 -0.923879532511257 -0.382683432365162
  outer loop
    vertex 159.499998692868 5.57224314428663 4.94999999999836
    vertex 154.499998696447 5.74207396791176 4.53999237667352
    vertex 159.499998696447 5.74207386254449 4.53999237667266
  endloop
endfacet
facet normal -1.94693901092517e-008 -0.923879532511257 -0.382683432365162
  outer loop
    vertex 154.499998696447 5.74207396791176 4.53999237667352
    vertex 159.499998692868 5.57224314428663 4.94999999999836
    vertex 154.499998692868 5.57224324965381 4.94999999999922
  endloop
endfacet
facet normal -2.08931372846463e-008 -0.991444861373814 0.13052619222002
  outer loop
    vertex 159.499998697671 5.79999995785311 33.2999999999984
    vertex 154.49999869645 5.74207396791176 32.8600076233249
    vertex 159.49999869645 5.74207386254449 32.8600076233241
  endloop
endfacet
facet normal -2.08931372846463e-008 -0.991444861373814 0.13052619222002
  outer loop
    vertex 154.49999869645 5.74207396791176 32.8600076233249
    vertex 159.499998697671 5.79999995785311 33.2999999999984
    vertex 154.499998697671 5.80000006322029 33.2999999999992
  endloop
endfacet
facet normal -1.67185771751734e-008 -0.793353340291179 0.608761429008793
  outer loop
    vertex 159.499998692871 5.57224314428672 32.4499999999984
    vertex 154.499998687178 5.30208159123745 32.0979184719821
    vertex 159.499998687178 5.30208148587027 32.0979184719813
  endloop
endfacet
facet normal -1.67185771751734e-008 -0.793353340291179 0.608761429008793
  outer loop
    vertex 154.499998687178 5.30208159123745 32.0979184719821
    vertex 159.499998692871 5.57224314428672 32.4499999999984
    vertex 154.499998692871 5.5722432496539 32.4499999999992
  endloop
endfacet
facet normal -2.08931820428387e-008 -0.991444861373814 -0.13052619222002
  outer loop
    vertex 159.49999869645 5.74207386254449 33.7399923766727
    vertex 154.499998697671 5.80000006322029 33.2999999999992
    vertex 159.499998697671 5.79999995785311 33.2999999999984
  endloop
endfacet
facet normal -2.08931820428387e-008 -0.991444861373814 -0.13052619222002
  outer loop
    vertex 154.499998697671 5.80000006322029 33.2999999999992
    vertex 159.49999869645 5.74207386254449 33.7399923766727
    vertex 154.49999869645 5.74207396791176 33.7399923766736
  endloop
endfacet
facet normal -1.28288370767979e-008 -0.608761429008633 -0.793353340291303
  outer loop
    vertex 159.499998679758 4.94999995785303 34.7722431864319
    vertex 154.499998687178 5.30208159123745 34.5020815280164
    vertex 159.499998687178 5.30208148587027 34.5020815280155
  endloop
endfacet
facet normal -1.28288370767979e-008 -0.608761429008633 -0.793353340291303
  outer loop
    vertex 154.499998687178 5.30208159123745 34.5020815280164
    vertex 159.499998679758 4.94999995785303 34.7722431864319
    vertex 154.499998679758 4.9500000632203 34.7722431864328
  endloop
endfacet
facet normal 1.94692597491879e-008 0.923879532511264 -0.382683432365144
  outer loop
    vertex 154.499998627242 2.45792615852857 33.7399923766736
    vertex 159.499998630821 2.62775677141955 34.1499999999984
    vertex 159.499998627242 2.4579260531616 33.7399923766727
  endloop
endfacet
facet normal 1.94692597491879e-008 0.923879532511264 -0.382683432365144
  outer loop
    vertex 159.499998630821 2.62775677141955 34.1499999999984
    vertex 154.499998627242 2.45792615852857 33.7399923766736
    vertex 154.499998630821 2.62775687678643 34.1499999999993
  endloop
endfacet
facet normal -2.08931465258404e-008 -0.991444861373827 0.130526192219927
  outer loop
    vertex 159.499998697667 5.79999995785302 4.09999999999837
    vertex 154.499998696447 5.74207396791176 3.66000762332495
    vertex 159.499998696447 5.74207386254449 3.66000762332409
  endloop
endfacet
facet normal -2.08931465258404e-008 -0.991444861373827 0.130526192219927
  outer loop
    vertex 154.499998696447 5.74207396791176 3.66000762332495
    vertex 159.499998697667 5.79999995785302 4.09999999999837
    vertex 154.499998697667 5.80000006322029 4.09999999999923
  endloop
endfacet
facet normal -1.94692597478969e-008 -0.923879532511336 0.38268343236497
  outer loop
    vertex 159.49999869645 5.74207386254449 32.8600076233241
    vertex 154.499998692871 5.5722432496539 32.4499999999992
    vertex 159.499998692871 5.57224314428672 32.4499999999984
  endloop
endfacet
facet normal -1.94692597478969e-008 -0.923879532511336 0.38268343236497
  outer loop
    vertex 154.499998692871 5.5722432496539 32.4499999999992
    vertex 159.49999869645 5.74207386254449 32.8600076233241
    vertex 154.49999869645 5.74207396791176 32.8600076233249
  endloop
endfacet
facet normal -8.06461701734326e-009 -0.382683432365222 -0.923879532511232
  outer loop
    vertex 154.499998671118 4.53999243989462 34.9420739046907
    vertex 159.499998679758 4.94999995785303 34.7722431864319
    vertex 159.499998671118 4.53999233452744 34.9420739046898
  endloop
endfacet
facet normal -8.06461701734326e-009 -0.382683432365222 -0.923879532511232
  outer loop
    vertex 159.499998679758 4.94999995785303 34.7722431864319
    vertex 154.499998671118 4.53999243989462 34.9420739046907
    vertex 154.499998679758 4.9500000632203 34.7722431864328
  endloop
endfacet
facet normal 8.06461701734175e-009 0.38268343236515 0.923879532511262
  outer loop
    vertex 154.499998652575 3.66000768654601 31.6579260953078
    vertex 159.499998643933 3.24999995785306 31.8277568135648
    vertex 159.499998652575 3.66000758117883 31.6579260953069
  endloop
endfacet
facet normal 8.06461701734175e-009 0.38268343236515 0.923879532511262
  outer loop
    vertex 159.499998643933 3.24999995785306 31.8277568135648
    vertex 154.499998652575 3.66000768654601 31.6579260953078
    vertex 154.499998643933 3.25000006322003 31.8277568135657
  endloop
endfacet
facet normal 2.75080663956039e-009 0.130526192220035 0.991444861373813
  outer loop
    vertex 159.499998661846 4.09999995785304 31.5999999999984
    vertex 154.499998652575 3.66000768654601 31.6579260953078
    vertex 159.499998652575 3.66000758117883 31.6579260953069
  endloop
endfacet
facet normal 2.75080663956039e-009 0.130526192220035 0.991444861373813
  outer loop
    vertex 154.499998652575 3.66000768654601 31.6579260953078
    vertex 159.499998661846 4.09999995785304 31.5999999999984
    vertex 154.499998661846 4.10000006322031 31.5999999999992
  endloop
endfacet
facet normal -2.75046666520576e-009 -0.130526192220008 0.991444861373816
  outer loop
    vertex 154.499998671118 4.53999243989462 31.6579260953078
    vertex 159.499998661846 4.09999995785304 31.5999999999984
    vertex 159.499998671118 4.53999233452744 31.6579260953069
  endloop
endfacet
facet normal -2.75046666520576e-009 -0.130526192220008 0.991444861373816
  outer loop
    vertex 159.499998661846 4.09999995785304 31.5999999999984
    vertex 154.499998671118 4.53999243989462 31.6579260953078
    vertex 154.499998661846 4.10000006322031 31.5999999999992
  endloop
endfacet
facet normal -1.67187845498229e-008 -0.793353340291315 -0.608761429008616
  outer loop
    vertex 159.499998687175 5.30208148587027 5.30208152801551
    vertex 154.499998692868 5.57224324965381 4.94999999999922
    vertex 159.499998692868 5.57224314428663 4.94999999999836
  endloop
endfacet
facet normal -1.67187845498229e-008 -0.793353340291315 -0.608761429008616
  outer loop
    vertex 154.499998692868 5.57224324965381 4.94999999999922
    vertex 159.499998687175 5.30208148587027 5.30208152801551
    vertex 154.499998687175 5.30208159123745 5.30208152801637
  endloop
endfacet
facet normal 1.28288370767999e-008 0.608761429008731 0.793353340291227
  outer loop
    vertex 159.499998643933 3.24999995785306 31.8277568135648
    vertex 154.499998636515 2.89791853520288 32.0979184719821
    vertex 159.499998636515 2.897918429836 32.0979184719813
  endloop
endfacet
facet normal 1.28288370767999e-008 0.608761429008731 0.793353340291227
  outer loop
    vertex 154.499998636515 2.89791853520288 32.0979184719821
    vertex 159.499998643933 3.24999995785306 31.8277568135648
    vertex 154.499998643933 3.25000006322003 31.8277568135657
  endloop
endfacet
facet normal -1.28288361777984e-008 -0.608761429008625 -0.793353340291309
  outer loop
    vertex 159.499998679755 4.94999995785303 5.57224318643192
    vertex 154.499998687175 5.30208159123745 5.30208152801637
    vertex 159.499998687175 5.30208148587027 5.30208152801551
  endloop
endfacet
facet normal -1.28288361777984e-008 -0.608761429008625 -0.793353340291309
  outer loop
    vertex 154.499998687175 5.30208159123745 5.30208152801637
    vertex 159.499998679755 4.94999995785303 5.57224318643192
    vertex 154.499998679755 4.9500000632203 5.57224318643277
  endloop
endfacet
facet normal -8.06461701734235e-009 -0.382683432365178 -0.92387953251125
  outer loop
    vertex 154.499998671115 4.53999243989462 5.74207390469065
    vertex 159.499998679755 4.94999995785303 5.57224318643192
    vertex 159.499998671115 4.53999233452744 5.7420739046898
  endloop
endfacet
facet normal -8.06461701734235e-009 -0.382683432365178 -0.92387953251125
  outer loop
    vertex 159.499998679755 4.94999995785303 5.57224318643192
    vertex 154.499998671115 4.53999243989462 5.74207390469065
    vertex 154.499998679755 4.9500000632203 5.57224318643277
  endloop
endfacet
facet normal -2.75080663955982e-009 -0.130526192220008 -0.991444861373816
  outer loop
    vertex 154.499998661843 4.10000006322031 5.79999999999923
    vertex 159.499998671115 4.53999233452744 5.7420739046898
    vertex 159.499998661843 4.09999995785304 5.79999999999837
  endloop
endfacet
facet normal -2.75080663955982e-009 -0.130526192220008 -0.991444861373816
  outer loop
    vertex 159.499998671115 4.53999233452744 5.7420739046898
    vertex 154.499998661843 4.10000006322031 5.79999999999923
    vertex 154.499998671115 4.53999243989462 5.74207390469065
  endloop
endfacet
facet normal 1.94693909722547e-008 0.923879532511249 0.38268343236518
  outer loop
    vertex 154.499998630821 2.62775687678643 32.4499999999993
    vertex 159.499998627242 2.4579260531616 32.8600076233241
    vertex 159.499998630821 2.62775677141955 32.4499999999984
  endloop
endfacet
facet normal 1.94693909722547e-008 0.923879532511249 0.38268343236518
  outer loop
    vertex 159.499998627242 2.4579260531616 32.8600076233241
    vertex 154.499998630821 2.62775687678643 32.4499999999993
    vertex 154.499998627242 2.45792615852857 32.8600076233249
  endloop
endfacet
facet normal -8.06430229644517e-009 -0.382683432365178 0.92387953251125
  outer loop
    vertex 154.499998679755 4.9500000632203 2.62775681356569
    vertex 159.499998671114 4.53999233452744 2.45792609530695
    vertex 159.499998679755 4.94999995785303 2.62775681356483
  endloop
endfacet
facet normal -8.06430229644517e-009 -0.382683432365178 0.92387953251125
  outer loop
    vertex 159.499998671114 4.53999233452744 2.45792609530695
    vertex 154.499998679755 4.9500000632203 2.62775681356569
    vertex 154.499998671115 4.53999243989462 2.45792609530781
  endloop
endfacet
facet normal -1.94693909722562e-008 -0.923879532511321 -0.382683432365006
  outer loop
    vertex 159.499998692871 5.57224314428672 34.1499999999984
    vertex 154.49999869645 5.74207396791176 33.7399923766736
    vertex 159.49999869645 5.74207386254449 33.7399923766727
  endloop
endfacet
facet normal -1.94693909722562e-008 -0.923879532511321 -0.382683432365006
  outer loop
    vertex 154.49999869645 5.74207396791176 33.7399923766736
    vertex 159.499998692871 5.57224314428672 34.1499999999984
    vertex 154.499998692871 5.5722432496539 34.1499999999992
  endloop
endfacet
facet normal -1.67187859226607e-008 -0.793353340291217 -0.608761429008744
  outer loop
    vertex 159.499998687178 5.30208148587027 34.5020815280155
    vertex 154.499998692871 5.5722432496539 34.1499999999992
    vertex 159.499998692871 5.57224314428672 34.1499999999984
  endloop
endfacet
facet normal -1.67187859226607e-008 -0.793353340291217 -0.608761429008744
  outer loop
    vertex 154.499998692871 5.5722432496539 34.1499999999992
    vertex 159.499998687178 5.30208148587027 34.5020815280155
    vertex 154.499998687178 5.30208159123745 34.5020815280164
  endloop
endfacet
facet normal -1.28285650232442e-008 -0.608761429008633 0.793353340291303
  outer loop
    vertex 154.499998687178 5.30208159123745 32.0979184719821
    vertex 159.499998679758 4.94999995785303 31.8277568135648
    vertex 159.499998687178 5.30208148587027 32.0979184719813
  endloop
endfacet
facet normal -1.28285650232442e-008 -0.608761429008633 0.793353340291303
  outer loop
    vertex 159.499998679758 4.94999995785303 31.8277568135648
    vertex 154.499998687178 5.30208159123745 32.0979184719821
    vertex 154.499998679758 4.9500000632203 31.8277568135657
  endloop
endfacet
facet normal -2.75046890133737e-009 -0.130526192220008 0.991444861373816
  outer loop
    vertex 154.499998671115 4.53999243989462 2.45792609530781
    vertex 159.499998661842 4.09999995785304 2.39999999999838
    vertex 159.499998671114 4.53999233452744 2.45792609530695
  endloop
endfacet
facet normal -2.75046890133737e-009 -0.130526192220008 0.991444861373816
  outer loop
    vertex 159.499998661842 4.09999995785304 2.39999999999838
    vertex 154.499998671115 4.53999243989462 2.45792609530781
    vertex 154.499998661842 4.10000006322031 2.39999999999923
  endloop
endfacet
facet normal 1.67187859226607e-008 0.793353340291217 0.608761429008744
  outer loop
    vertex 154.499998636515 2.89791853520288 32.0979184719821
    vertex 159.499998630821 2.62775677141955 32.4499999999984
    vertex 159.499998636515 2.897918429836 32.0979184719813
  endloop
endfacet
facet normal 1.67187859226607e-008 0.793353340291217 0.608761429008744
  outer loop
    vertex 159.499998630821 2.62775677141955 32.4499999999984
    vertex 154.499998636515 2.89791853520288 32.0979184719821
    vertex 154.499998630821 2.62775687678643 32.4499999999993
  endloop
endfacet
facet normal -8.06430021038712e-009 -0.382683432365222 0.923879532511232
  outer loop
    vertex 154.499998679758 4.9500000632203 31.8277568135657
    vertex 159.499998671118 4.53999233452744 31.6579260953069
    vertex 159.499998679758 4.94999995785303 31.8277568135648
  endloop
endfacet
facet normal -8.06430021038712e-009 -0.382683432365222 0.923879532511232
  outer loop
    vertex 159.499998671118 4.53999233452744 31.6579260953069
    vertex 154.499998679758 4.9500000632203 31.8277568135657
    vertex 154.499998671118 4.53999243989462 31.6579260953078
  endloop
endfacet
facet normal 2.75080440269837e-009 0.130526192220035 0.991444861373813
  outer loop
    vertex 159.499998661842 4.09999995785304 2.39999999999838
    vertex 154.499998652571 3.66000768654601 2.45792609530781
    vertex 159.499998652571 3.66000758117883 2.45792609530695
  endloop
endfacet
facet normal 2.75080440269837e-009 0.130526192220035 0.991444861373813
  outer loop
    vertex 154.499998652571 3.66000768654601 2.45792609530781
    vertex 159.499998661842 4.09999995785304 2.39999999999838
    vertex 154.499998661842 4.10000006322031 2.39999999999923
  endloop
endfacet
facet normal 1.28285659205423e-008 0.608761429008723 -0.793353340291233
  outer loop
    vertex 154.499998636512 2.89791853520288 5.30208152801637
    vertex 159.49999864393 3.24999995785306 5.57224318643192
    vertex 159.499998636512 2.897918429836 5.30208152801551
  endloop
endfacet
facet normal 1.28285659205423e-008 0.608761429008723 -0.793353340291233
  outer loop
    vertex 159.49999864393 3.24999995785306 5.57224318643192
    vertex 154.499998636512 2.89791853520288 5.30208152801637
    vertex 154.49999864393 3.25000006322003 5.57224318643277
  endloop
endfacet
facet normal 2.08931375793473e-008 0.991444861373813 -0.130526192220027
  outer loop
    vertex 154.499998626019 2.40000006322005 4.09999999999923
    vertex 159.499998627239 2.45792605316169 4.53999237667266
    vertex 159.499998626019 2.39999995785307 4.09999999999837
  endloop
endfacet
facet normal 2.08931375793473e-008 0.991444861373813 -0.130526192220027
  outer loop
    vertex 159.499998627239 2.45792605316169 4.53999237667266
    vertex 154.499998626019 2.40000006322005 4.09999999999923
    vertex 154.499998627239 2.45792615852857 4.53999237667352
  endloop
endfacet
facet normal 1.24078525232108e-013 -2.61475873167219e-021 1.0
  outer loop
    vertex 159.499999399413 39.0999999578531 12.2999999999983
    vertex 157.499998725064 7.09999999999992 12.2999999999986
    vertex 159.499998725064 7.09999995785308 12.2999999999983
  endloop
endfacet
facet normal 1.24078525232108e-013 -2.61475873167219e-021 1.0
  outer loop
    vertex 157.499998725064 7.09999999999992 12.2999999999986
    vertex 159.499999399413 39.0999999578531 12.2999999999983
    vertex 157.499999399413 39.0999999999999 12.2999999999986
  endloop
endfacet
facet normal 1.94692522731259e-008 0.9238795325113 -0.382683432365057
  outer loop
    vertex 154.499998627239 2.45792615852857 4.53999237667352
    vertex 159.499998630818 2.62775677141955 4.94999999999838
    vertex 159.499998627239 2.45792605316169 4.53999237667266
  endloop
endfacet
facet normal 1.94692522731259e-008 0.9238795325113 -0.382683432365057
  outer loop
    vertex 159.499998630818 2.62775677141955 4.94999999999838
    vertex 154.499998627239 2.45792615852857 4.53999237667352
    vertex 154.499998630818 2.62775687678643 4.94999999999924
  endloop
endfacet
facet normal -2.1073418843276e-008 -1.0 0.0
  outer loop
    vertex 159.499999399415 39.0999999578531 28.2999999999984
    vertex 157.499999399413 39.0999999999999 12.2999999999986
    vertex 159.499999399413 39.0999999578531 12.2999999999983
  endloop
endfacet
facet normal -2.1073418843276e-008 -1.0 0.0
  outer loop
    vertex 157.499999399413 39.0999999999999 12.2999999999986
    vertex 159.499999399415 39.0999999578531 28.2999999999984
    vertex 157.499999399415 39.0999999999999 28.2999999999986
  endloop
endfacet
facet normal -1.24078525232108e-013 2.61475873167219e-021 -1.0
  outer loop
    vertex 157.499998725066 7.09999999999992 28.2999999999986
    vertex 159.499999399415 39.0999999578531 28.2999999999984
    vertex 159.499998725066 7.09999995785308 28.2999999999984
  endloop
endfacet
facet normal -1.24078525232108e-013 2.61475873167219e-021 -1.0
  outer loop
    vertex 159.499999399415 39.0999999578531 28.2999999999984
    vertex 157.499998725066 7.09999999999992 28.2999999999986
    vertex 157.499999399415 39.0999999999999 28.2999999999986
  endloop
endfacet
facet normal 8.06430021038469e-009 0.382683432365107 -0.92387953251128
  outer loop
    vertex 159.49999864393 3.24999995785306 5.57224318643192
    vertex 154.499998652572 3.66000768654601 5.74207390469065
    vertex 159.499998652572 3.66000758117883 5.7420739046898
  endloop
endfacet
facet normal 8.06430021038469e-009 0.382683432365107 -0.92387953251128
  outer loop
    vertex 154.499998652572 3.66000768654601 5.74207390469065
    vertex 159.49999864393 3.24999995785306 5.57224318643192
    vertex 154.49999864393 3.25000006322003 5.57224318643277
  endloop
endfacet
facet normal 1.28288352832407e-008 0.608761429008731 0.793353340291227
  outer loop
    vertex 159.49999864393 3.24999995785306 2.62775681356483
    vertex 154.499998636511 2.89791853520288 2.89791847198209
    vertex 159.499998636511 2.897918429836 2.89791847198124
  endloop
endfacet
facet normal 1.28288352832407e-008 0.608761429008731 0.793353340291227
  outer loop
    vertex 154.499998636511 2.89791853520288 2.89791847198209
    vertex 159.49999864393 3.24999995785306 2.62775681356483
    vertex 154.49999864393 3.25000006322003 2.62775681356569
  endloop
endfacet
facet normal 1.67187845498209e-008 0.793353340291217 0.608761429008744
  outer loop
    vertex 154.499998636511 2.89791853520288 2.89791847198209
    vertex 159.499998630818 2.62775677141955 3.24999999999839
    vertex 159.499998636511 2.897918429836 2.89791847198124
  endloop
endfacet
facet normal 1.67187845498209e-008 0.793353340291217 0.608761429008744
  outer loop
    vertex 159.499998630818 2.62775677141955 3.24999999999839
    vertex 154.499998636511 2.89791853520288 2.89791847198209
    vertex 154.499998630817 2.62775687678643 3.24999999999924
  endloop
endfacet
facet normal 2.08931817481375e-008 0.991444861373813 0.130526192220027
  outer loop
    vertex 154.499998627239 2.45792615852857 3.66000762332495
    vertex 159.499998626019 2.39999995785307 4.09999999999837
    vertex 159.499998627239 2.45792605316169 3.66000762332409
  endloop
endfacet
facet normal 2.08931817481375e-008 0.991444861373813 0.130526192220027
  outer loop
    vertex 159.499998626019 2.39999995785307 4.09999999999837
    vertex 154.499998627239 2.45792615852857 3.66000762332495
    vertex 154.499998626019 2.40000006322005 4.09999999999923
  endloop
endfacet
facet normal 1.94693817727715e-008 0.923879532511293 0.382683432365075
  outer loop
    vertex 154.499998630817 2.62775687678643 3.24999999999924
    vertex 159.499998627239 2.45792605316169 3.66000762332409
    vertex 159.499998630818 2.62775677141955 3.24999999999839
  endloop
endfacet
facet normal 1.94693817727715e-008 0.923879532511293 0.382683432365075
  outer loop
    vertex 159.499998627239 2.45792605316169 3.66000762332409
    vertex 154.499998630817 2.62775687678643 3.24999999999924
    vertex 154.499998627239 2.45792615852857 3.66000762332495
  endloop
endfacet
facet normal 8.06461493128187e-009 0.382683432365107 0.92387953251128
  outer loop
    vertex 154.499998652571 3.66000768654601 2.45792609530781
    vertex 159.49999864393 3.24999995785306 2.62775681356483
    vertex 159.499998652571 3.66000758117883 2.45792609530695
  endloop
endfacet
facet normal 8.06461493128187e-009 0.382683432365107 0.92387953251128
  outer loop
    vertex 159.49999864393 3.24999995785306 2.62775681356483
    vertex 154.499998652571 3.66000768654601 2.45792609530781
    vertex 154.49999864393 3.25000006322003 2.62775681356569
  endloop
endfacet
facet normal 1.67185785463104e-008 0.793353340291198 -0.608761429008769
  outer loop
    vertex 154.499998630818 2.62775687678643 4.94999999999924
    vertex 159.499998636512 2.897918429836 5.30208152801551
    vertex 159.499998630818 2.62775677141955 4.94999999999838
  endloop
endfacet
facet normal 1.67185785463104e-008 0.793353340291198 -0.608761429008769
  outer loop
    vertex 159.499998636512 2.897918429836 5.30208152801551
    vertex 154.499998630818 2.62775687678643 4.94999999999924
    vertex 154.499998636512 2.89791853520288 5.30208152801637
  endloop
endfacet
facet normal 2.75046666520634e-009 0.130526192220035 -0.991444861373813
  outer loop
    vertex 154.499998652572 3.66000768654601 5.74207390469065
    vertex 159.499998661843 4.09999995785304 5.79999999999837
    vertex 159.499998652572 3.66000758117883 5.7420739046898
  endloop
endfacet
facet normal 2.75046666520634e-009 0.130526192220035 -0.991444861373813
  outer loop
    vertex 159.499998661843 4.09999995785304 5.79999999999837
    vertex 154.499998652572 3.66000768654601 5.74207390469065
    vertex 154.499998661843 4.10000006322031 5.79999999999923
  endloop
endfacet
facet normal 2.1073418843276e-008 1.0 0.0
  outer loop
    vertex 157.499998725064 7.09999999999992 12.2999999999986
    vertex 159.499998725066 7.09999995785308 28.2999999999984
    vertex 159.499998725064 7.09999995785308 12.2999999999983
  endloop
endfacet
facet normal 2.1073418843276e-008 1.0 0.0
  outer loop
    vertex 159.499998725066 7.09999995785308 28.2999999999984
    vertex 157.499998725064 7.09999999999992 12.2999999999986
    vertex 157.499998725066 7.09999999999992 28.2999999999986
  endloop
endfacet
facet normal -0.444144958050778 0.116945596044976 -0.888289921030155
  outer loop
    vertex 157.499999702127 53.4647238195898 10.5637033051549
    vertex 159.499999723943 54.4999999578531 9.69999999999836
    vertex 159.499999707581 53.7235428225455 9.59777747886557
  endloop
endfacet
facet normal -0.444144958050778 0.116945596044976 -0.888289921030155
  outer loop
    vertex 159.499999723943 54.4999999578531 9.69999999999836
    vertex 157.499999702127 53.4647238195898 10.5637033051549
    vertex 157.499999723943 54.5 10.6999999999986
  endloop
endfacet
facet normal -0.444144953289844 0.342867120944784 -0.827754430880437
  outer loop
    vertex 159.499999692333 52.9999999578531 9.29807621135167
    vertex 157.499999702127 53.4647238195898 10.5637033051549
    vertex 159.499999707581 53.7235428225455 9.59777747886557
  endloop
endfacet
facet normal -0.444144953289844 0.342867120944784 -0.827754430880437
  outer loop
    vertex 157.499999702127 53.4647238195898 10.5637033051549
    vertex 159.499999692333 52.9999999578531 9.29807621135167
    vertex 157.499999681797 52.4999999999999 10.1641016151364
  endloop
endfacet
facet normal -0.444144949021293 0.54542281880475 -0.710808844195086
  outer loop
    vertex 157.499999664339 51.6715728752538 9.52842712474481
    vertex 159.499999692333 52.9999999578531 9.29807621135167
    vertex 159.49999967924 52.3786796142935 8.82132034355802
  endloop
endfacet
facet normal -0.444144949021293 0.54542281880475 -0.710808844195086
  outer loop
    vertex 159.499999692333 52.9999999578531 9.29807621135167
    vertex 157.499999664339 51.6715728752538 9.52842712474481
    vertex 157.499999681797 52.4999999999999 10.1641016151364
  endloop
endfacet
facet normal -0.444144945536003 0.710808853554816 -0.545422809445029
  outer loop
    vertex 157.499999650943 51.0358983848622 8.69999999999861
    vertex 159.49999967924 52.3786796142935 8.82132034355802
    vertex 159.499999669193 51.9019237464998 8.19999999999837
  endloop
endfacet
facet normal -0.444144945536003 0.710808853554816 -0.545422809445029
  outer loop
    vertex 159.49999967924 52.3786796142935 8.82132034355802
    vertex 157.499999650943 51.0358983848622 8.69999999999861
    vertex 157.499999664339 51.6715728752538 9.52842712474481
  endloop
endfacet
facet normal -0.444144943071429 0.827754440240144 0.342867111585237
  outer loop
    vertex 157.499999643815 50.6976981355821 5.51648762860906
    vertex 159.499999669192 51.9019237464998 5.19999999999837
    vertex 157.499999650943 51.0358983848622 4.6999999999986
  endloop
endfacet
facet normal -0.444144943071429 0.827754440240144 0.342867111585237
  outer loop
    vertex 159.499999669192 51.9019237464998 5.19999999999837
    vertex 157.499999643815 50.6976981355821 5.51648762860906
    vertex 159.499999664171 51.6636239197241 5.77530667371134
  endloop
endfacet
facet normal -0.444144945535867 0.710808853554813 0.545422809445144
  outer loop
    vertex 157.499999650943 51.0358983848622 4.6999999999986
    vertex 159.49999967924 52.3786796142935 4.57867965643872
    vertex 157.499999664338 51.6715728752538 3.87157287525242
  endloop
endfacet
facet normal -0.444144945535867 0.710808853554813 0.545422809445144
  outer loop
    vertex 159.49999967924 52.3786796142935 4.57867965643872
    vertex 157.499999650943 51.0358983848622 4.6999999999986
    vertex 159.499999669192 51.9019237464998 5.19999999999837
  endloop
endfacet
facet normal -0.444144962979658 -0.116945577325694 -0.888289921030155
  outer loop
    vertex 159.499999723943 54.4999999578531 9.69999999999836
    vertex 157.499999745761 55.53527618041 10.5637033051549
    vertex 159.499999740306 55.2764570931606 9.59777747886557
  endloop
endfacet
facet normal -0.444144962979658 -0.116945577325694 -0.888289921030155
  outer loop
    vertex 157.499999745761 55.53527618041 10.5637033051549
    vertex 159.499999723943 54.4999999578531 9.69999999999836
    vertex 157.499999723943 54.5 10.6999999999986
  endloop
endfacet
facet normal -0.444144943071509 0.827754440240179 -0.342867111585048
  outer loop
    vertex 157.499999643816 50.6976981355821 7.88351237138822
    vertex 159.499999669193 51.9019237464998 8.19999999999837
    vertex 159.499999664171 51.6636239197241 7.62469332628544
  endloop
endfacet
facet normal -0.444144943071509 0.827754440240179 -0.342867111585048
  outer loop
    vertex 159.499999669193 51.9019237464998 8.19999999999837
    vertex 157.499999643816 50.6976981355821 7.88351237138822
    vertex 157.499999650943 51.0358983848622 8.69999999999861
  endloop
endfacet
facet normal -0.444144977958761 -0.827754421520855 -0.342867111585066
  outer loop
    vertex 159.499999778694 57.0980761692065 8.19999999999837
    vertex 157.499999805365 58.3637033051562 7.73527618040871
    vertex 159.49999978501 57.3977774367203 7.47645713530593
  endloop
endfacet
facet normal -0.444144977958761 -0.827754421520855 -0.342867111585066
  outer loop
    vertex 157.499999805365 58.3637033051562 7.73527618040871
    vertex 159.499999778694 57.0980761692065 8.19999999999837
    vertex 157.499999796944 57.9641016151377 8.69999999999861
  endloop
endfacet
facet normal -1.67187859226628e-008 -0.793353340291315 -0.608761429008616
  outer loop
    vertex 159.499999938939 64.7020814858707 34.5020815280155
    vertex 154.499999944632 64.9722432496538 34.1499999999992
    vertex 159.499999944633 64.9722431442871 34.1499999999984
  endloop
endfacet
facet normal -1.67187859226628e-008 -0.793353340291315 -0.608761429008616
  outer loop
    vertex 154.499999944632 64.9722432496538 34.1499999999992
    vertex 159.499999938939 64.7020814858707 34.5020815280155
    vertex 154.499999938939 64.7020815912374 34.5020815280164
  endloop
endfacet
facet normal 1.67185771751755e-008 0.793353340291277 -0.608761429008665
  outer loop
    vertex 154.499999882582 62.0277568767867 34.1499999999993
    vertex 159.499999888275 62.2979184298361 34.5020815280155
    vertex 159.499999882582 62.0277567714198 34.1499999999984
  endloop
endfacet
facet normal 1.67185771751755e-008 0.793353340291277 -0.608761429008665
  outer loop
    vertex 159.499999888275 62.2979184298361 34.5020815280155
    vertex 154.499999882582 62.0277568767867 34.1499999999993
    vertex 154.499999888275 62.2979185352031 34.5020815280164
  endloop
endfacet
facet normal 1.94692597491879e-008 0.923879532511264 -0.382683432365144
  outer loop
    vertex 154.499999879003 61.8579261585289 33.7399923766736
    vertex 159.499999882582 62.0277567714198 34.1499999999984
    vertex 159.499999879003 61.8579260531618 33.7399923766727
  endloop
endfacet
facet normal 1.94692597491879e-008 0.923879532511264 -0.382683432365144
  outer loop
    vertex 159.499999882582 62.0277567714198 34.1499999999984
    vertex 154.499999879003 61.8579261585289 33.7399923766736
    vertex 154.499999882582 62.0277568767867 34.1499999999993
  endloop
endfacet
facet normal -1.67185771751755e-008 -0.793353340291277 0.608761429008665
  outer loop
    vertex 159.499999944632 64.9722431442871 32.4499999999984
    vertex 154.499999938939 64.7020815912374 32.0979184719821
    vertex 159.499999938939 64.7020814858707 32.0979184719813
  endloop
endfacet
facet normal -1.67185771751755e-008 -0.793353340291277 0.608761429008665
  outer loop
    vertex 154.499999938939 64.7020815912374 32.0979184719821
    vertex 159.499999944632 64.9722431442871 32.4499999999984
    vertex 154.499999944632 64.9722432496538 32.4499999999992
  endloop
endfacet
facet normal 2.75080663956039e-009 0.130526192220035 0.991444861373813
  outer loop
    vertex 154.499999913607 63.5000000632203 31.5999999999992
    vertex 159.499999904335 63.060007581179 31.6579260953069
    vertex 159.499999913607 63.4999999578532 31.5999999999984
  endloop
endfacet
facet normal 2.75080663956039e-009 0.130526192220035 0.991444861373813
  outer loop
    vertex 159.499999904335 63.060007581179 31.6579260953069
    vertex 154.499999913607 63.5000000632203 31.5999999999992
    vertex 154.499999904335 63.060007686546 31.6579260953078
  endloop
endfacet
facet normal -8.06430021038561e-009 -0.38268343236515 0.923879532511262
  outer loop
    vertex 154.499999931519 64.3500000632203 31.8277568135657
    vertex 159.499999922879 63.9399923345275 31.6579260953069
    vertex 159.499999931519 64.3499999578532 31.8277568135648
  endloop
endfacet
facet normal -8.06430021038561e-009 -0.38268343236515 0.923879532511262
  outer loop
    vertex 159.499999922879 63.9399923345275 31.6579260953069
    vertex 154.499999931519 64.3500000632203 31.8277568135657
    vertex 154.499999922879 63.9399924398945 31.6579260953078
  endloop
endfacet
facet normal -0.44414497549435 -0.710808834835504 -0.545422809445037
  outer loop
    vertex 159.499999768647 56.6213203014127 8.82132034355802
    vertex 157.499999796944 57.9641016151377 8.69999999999861
    vertex 159.499999778694 57.0980761692065 8.19999999999837
  endloop
endfacet
facet normal -0.44414497549435 -0.710808834835504 -0.545422809445037
  outer loop
    vertex 157.499999796944 57.9641016151377 8.69999999999861
    vertex 159.499999768647 56.6213203014127 8.82132034355802
    vertex 157.499999783548 57.3284271247462 9.52842712474479
  endloop
endfacet
facet normal -2.08931372849931e-008 -0.991444861373814 0.13052619222002
  outer loop
    vertex 159.499999949432 65.1999999578535 33.2999999999984
    vertex 154.499999948211 65.1420739679116 32.8600076233249
    vertex 159.499999948211 65.1420738625449 32.8600076233241
  endloop
endfacet
facet normal -2.08931372849931e-008 -0.991444861373814 0.13052619222002
  outer loop
    vertex 154.499999948211 65.1420739679116 32.8600076233249
    vertex 159.499999949432 65.1999999578535 33.2999999999984
    vertex 154.499999949432 65.2000000632203 33.2999999999992
  endloop
endfacet
facet normal -0.444144979234402 -0.888289911670557 0.116945586685373
  outer loop
    vertex 159.49999978501 57.3977774367203 5.92354286469081
    vertex 157.499999808237 58.5 6.69999999999862
    vertex 157.499999805365 58.3637033051562 5.66472381958855
  endloop
endfacet
facet normal -0.444144979234402 -0.888289911670557 0.116945586685373
  outer loop
    vertex 157.499999808237 58.5 6.69999999999862
    vertex 159.49999978501 57.3977774367203 5.92354286469081
    vertex 159.499999787164 57.4999999578531 6.69999999999837
  endloop
endfacet
facet normal -0.444144979234434 -0.888289911670556 -0.11694558668526
  outer loop
    vertex 159.49999978501 57.3977774367203 7.47645713530593
    vertex 157.499999808237 58.5 6.69999999999862
    vertex 159.499999787164 57.4999999578531 6.69999999999837
  endloop
endfacet
facet normal -0.444144979234434 -0.888289911670556 -0.11694558668526
  outer loop
    vertex 157.499999808237 58.5 6.69999999999862
    vertex 159.49999978501 57.3977774367203 7.47645713530593
    vertex 157.499999805365 58.3637033051562 7.73527618040871
  endloop
endfacet
facet normal -2.0893182042492e-008 -0.991444861373814 -0.13052619222002
  outer loop
    vertex 159.499999948211 65.1420738625449 33.7399923766727
    vertex 154.499999949432 65.2000000632203 33.2999999999992
    vertex 159.499999949432 65.1999999578535 33.2999999999984
  endloop
endfacet
facet normal -2.0893182042492e-008 -0.991444861373814 -0.13052619222002
  outer loop
    vertex 154.499999949432 65.2000000632203 33.2999999999992
    vertex 159.499999948211 65.1420738625449 33.7399923766727
    vertex 154.499999948212 65.1420739679116 33.7399923766736
  endloop
endfacet
facet normal -0.444144953289639 0.342867120944756 0.827754430880559
  outer loop
    vertex 157.499999702126 53.4647238195898 2.83629669484235
    vertex 159.499999692333 52.9999999578531 4.10192378864507
    vertex 159.49999970758 53.7235428225455 3.80222252113116
  endloop
endfacet
facet normal -0.444144953289639 0.342867120944756 0.827754430880559
  outer loop
    vertex 159.499999692333 52.9999999578531 4.10192378864507
    vertex 157.499999702126 53.4647238195898 2.83629669484235
    vertex 157.499999681796 52.4999999999999 3.23589838486086
  endloop
endfacet
facet normal -0.44414497200912 -0.545422800085408 -0.710808844195126
  outer loop
    vertex 159.499999755553 55.9999999578531 9.29807621135167
    vertex 157.499999783548 57.3284271247462 9.52842712474479
    vertex 159.499999768647 56.6213203014127 8.82132034355802
  endloop
endfacet
facet normal -0.44414497200912 -0.545422800085408 -0.710808844195126
  outer loop
    vertex 157.499999783548 57.3284271247462 9.52842712474479
    vertex 159.499999755553 55.9999999578531 9.29807621135167
    vertex 157.49999976609 56.4999999999999 10.1641016151364
  endloop
endfacet
facet normal -1.28285650232442e-008 -0.608761429008633 0.793353340291303
  outer loop
    vertex 154.499999938939 64.7020815912374 32.0979184719821
    vertex 159.499999931519 64.3499999578532 31.8277568135648
    vertex 159.499999938939 64.7020814858707 32.0979184719813
  endloop
endfacet
facet normal -1.28285650232442e-008 -0.608761429008633 0.793353340291303
  outer loop
    vertex 159.499999931519 64.3499999578532 31.8277568135648
    vertex 154.499999938939 64.7020815912374 32.0979184719821
    vertex 154.499999931519 64.3500000632203 31.8277568135657
  endloop
endfacet
facet normal -0.444144977958668 -0.827754421520856 0.342867111585183
  outer loop
    vertex 159.499999778693 57.0980761692065 5.19999999999837
    vertex 157.499999805365 58.3637033051562 5.66472381958855
    vertex 157.499999796944 57.9641016151377 4.69999999999862
  endloop
endfacet
facet normal -0.444144977958668 -0.827754421520856 0.342867111585183
  outer loop
    vertex 157.499999805365 58.3637033051562 5.66472381958855
    vertex 159.499999778693 57.0980761692065 5.19999999999837
    vertex 159.49999978501 57.3977774367203 5.92354286469081
  endloop
endfacet
facet normal -1.94692514101227e-008 -0.9238795325113 0.382683432365057
  outer loop
    vertex 159.499999948211 65.1420738625449 32.8600076233241
    vertex 154.499999944632 64.9722432496538 32.4499999999992
    vertex 159.499999944632 64.9722431442871 32.4499999999984
  endloop
endfacet
facet normal -1.94692514101227e-008 -0.9238795325113 0.382683432365057
  outer loop
    vertex 154.499999944632 64.9722432496538 32.4499999999992
    vertex 159.499999948211 65.1420738625449 32.8600076233241
    vertex 154.499999948211 65.1420739679116 32.8600076233249
  endloop
endfacet
facet normal -1.94693826357745e-008 -0.923879532511285 -0.382683432365093
  outer loop
    vertex 159.499999944633 64.9722431442871 34.1499999999984
    vertex 154.499999948212 65.1420739679116 33.7399923766736
    vertex 159.499999948211 65.1420738625449 33.7399923766727
  endloop
endfacet
facet normal -1.94693826357745e-008 -0.923879532511285 -0.382683432365093
  outer loop
    vertex 154.499999948212 65.1420739679116 33.7399923766736
    vertex 159.499999944633 64.9722431442871 34.1499999999984
    vertex 154.499999944632 64.9722432496538 34.1499999999992
  endloop
endfacet
facet normal -0.44414496774039 -0.342867102225479 0.827754430880555
  outer loop
    vertex 159.499999755553 55.9999999578531 4.10192378864507
    vertex 157.49999974576 55.53527618041 2.83629669484233
    vertex 159.499999740306 55.2764570931606 3.80222252113116
  endloop
endfacet
facet normal -0.44414496774039 -0.342867102225479 0.827754430880555
  outer loop
    vertex 157.49999974576 55.53527618041 2.83629669484233
    vertex 159.499999755553 55.9999999578531 4.10192378864507
    vertex 157.499999766089 56.4999999999999 3.23589838486088
  endloop
endfacet
facet normal -0.444144975494214 -0.710808834835509 0.54542280944514
  outer loop
    vertex 159.499999768647 56.6213203014127 4.57867965643872
    vertex 157.499999796944 57.9641016151377 4.69999999999862
    vertex 157.499999783548 57.3284271247462 3.87157287525242
  endloop
endfacet
facet normal -0.444144975494214 -0.710808834835509 0.54542280944514
  outer loop
    vertex 157.499999796944 57.9641016151377 4.69999999999862
    vertex 159.499999768647 56.6213203014127 4.57867965643872
    vertex 159.499999778693 57.0980761692065 5.19999999999837
  endloop
endfacet
facet normal -2.75046666484134e-009 -0.130526192220044 0.991444861373811
  outer loop
    vertex 154.499999922879 63.9399924398945 31.6579260953078
    vertex 159.499999913607 63.4999999578532 31.5999999999984
    vertex 159.499999922879 63.9399923345275 31.6579260953069
  endloop
endfacet
facet normal -2.75046666484134e-009 -0.130526192220044 0.991444861373811
  outer loop
    vertex 159.499999913607 63.4999999578532 31.5999999999984
    vertex 154.499999922879 63.9399924398945 31.6579260953078
    vertex 154.499999913607 63.5000000632203 31.5999999999992
  endloop
endfacet
facet normal -1.28288370767979e-008 -0.608761429008633 -0.793353340291303
  outer loop
    vertex 154.499999931519 64.3500000632203 34.7722431864328
    vertex 159.499999938939 64.7020814858707 34.5020815280155
    vertex 159.49999993152 64.3499999578532 34.7722431864319
  endloop
endfacet
facet normal -1.28288370767979e-008 -0.608761429008633 -0.793353340291303
  outer loop
    vertex 159.499999938939 64.7020814858707 34.5020815280155
    vertex 154.499999931519 64.3500000632203 34.7722431864328
    vertex 154.499999938939 64.7020815912374 34.5020815280164
  endloop
endfacet
facet normal -2.7508066391954e-009 -0.130526192220044 -0.991444861373811
  outer loop
    vertex 154.499999913607 63.5000000632203 34.9999999999993
    vertex 159.499999922879 63.9399923345275 34.9420739046898
    vertex 159.499999913607 63.4999999578532 34.9999999999984
  endloop
endfacet
facet normal -2.7508066391954e-009 -0.130526192220044 -0.991444861373811
  outer loop
    vertex 159.499999922879 63.9399923345275 34.9420739046898
    vertex 154.499999913607 63.5000000632203 34.9999999999993
    vertex 154.49999992288 63.9399924398945 34.9420739046907
  endloop
endfacet
facet normal 1.28285595284795e-008 0.608761429008682 -0.793353340291265
  outer loop
    vertex 159.499999888275 62.2979184298361 34.5020815280155
    vertex 154.499999895696 62.6500000632203 34.7722431864328
    vertex 159.499999895696 62.6499999578533 34.7722431864319
  endloop
endfacet
facet normal 1.28285595284795e-008 0.608761429008682 -0.793353340291265
  outer loop
    vertex 154.499999895696 62.6500000632203 34.7722431864328
    vertex 159.499999888275 62.2979184298361 34.5020815280155
    vertex 154.499999888275 62.2979185352031 34.5020815280164
  endloop
endfacet
facet normal -0.444144949021114 0.545422818804785 0.710808844195171
  outer loop
    vertex 159.499999692333 52.9999999578531 4.10192378864507
    vertex 157.499999664338 51.6715728752538 3.87157287525242
    vertex 159.49999967924 52.3786796142935 4.57867965643872
  endloop
endfacet
facet normal -0.444144949021114 0.545422818804785 0.710808844195171
  outer loop
    vertex 157.499999664338 51.6715728752538 3.87157287525242
    vertex 159.499999692333 52.9999999578531 4.10192378864507
    vertex 157.499999681796 52.4999999999999 3.23589838486086
  endloop
endfacet
facet normal -0.444144962979457 -0.116945577325695 0.888289921030255
  outer loop
    vertex 157.49999974576 55.53527618041 2.83629669484233
    vertex 159.499999723943 54.4999999578531 3.69999999999837
    vertex 159.499999740306 55.2764570931606 3.80222252113116
  endloop
endfacet
facet normal -0.444144962979457 -0.116945577325695 0.888289921030255
  outer loop
    vertex 159.499999723943 54.4999999578531 3.69999999999837
    vertex 157.49999974576 55.53527618041 2.83629669484233
    vertex 157.499999723943 54.5 2.6999999999986
  endloop
endfacet
facet normal -0.444144972008941 -0.545422800085427 0.710808844195224
  outer loop
    vertex 157.499999783548 57.3284271247462 3.87157287525242
    vertex 159.499999755553 55.9999999578531 4.10192378864507
    vertex 159.499999768647 56.6213203014127 4.57867965643872
  endloop
endfacet
facet normal -0.444144972008941 -0.545422800085427 0.710808844195224
  outer loop
    vertex 159.499999755553 55.9999999578531 4.10192378864507
    vertex 157.499999783548 57.3284271247462 3.87157287525242
    vertex 157.499999766089 56.4999999999999 3.23589838486088
  endloop
endfacet
facet normal -0.444144967740591 -0.342867102225476 -0.827754430880448
  outer loop
    vertex 157.499999745761 55.53527618041 10.5637033051549
    vertex 159.499999755553 55.9999999578531 9.29807621135167
    vertex 159.499999740306 55.2764570931606 9.59777747886557
  endloop
endfacet
facet normal -0.444144967740591 -0.342867102225476 -0.827754430880448
  outer loop
    vertex 159.499999755553 55.9999999578531 9.29807621135167
    vertex 157.499999745761 55.53527618041 10.5637033051549
    vertex 157.49999976609 56.4999999999999 10.1641016151364
  endloop
endfacet
facet normal -8.06461701734175e-009 -0.38268343236515 -0.923879532511262
  outer loop
    vertex 154.49999992288 63.9399924398945 34.9420739046907
    vertex 159.49999993152 64.3499999578532 34.7722431864319
    vertex 159.499999922879 63.9399923345275 34.9420739046898
  endloop
endfacet
facet normal -8.06461701734175e-009 -0.38268343236515 -0.923879532511262
  outer loop
    vertex 159.49999993152 64.3499999578532 34.7722431864319
    vertex 154.49999992288 63.9399924398945 34.9420739046907
    vertex 154.499999931519 64.3500000632203 34.7722431864328
  endloop
endfacet
facet normal 2.75046666520634e-009 0.130526192220035 -0.991444861373813
  outer loop
    vertex 154.499999904335 63.060007686546 34.9420739046907
    vertex 159.499999913607 63.4999999578532 34.9999999999984
    vertex 159.499999904335 63.060007581179 34.9420739046898
  endloop
endfacet
facet normal 2.75046666520634e-009 0.130526192220035 -0.991444861373813
  outer loop
    vertex 159.499999913607 63.4999999578532 34.9999999999984
    vertex 154.499999904335 63.060007686546 34.9420739046907
    vertex 154.499999913607 63.5000000632203 34.9999999999993
  endloop
endfacet
facet normal -0.444144958050568 0.116945596045001 0.888289921030256
  outer loop
    vertex 159.499999723943 54.4999999578531 3.69999999999837
    vertex 157.499999702126 53.4647238195898 2.83629669484235
    vertex 159.49999970758 53.7235428225455 3.80222252113116
  endloop
endfacet
facet normal -0.444144958050568 0.116945596045001 0.888289921030256
  outer loop
    vertex 157.499999702126 53.4647238195898 2.83629669484235
    vertex 159.499999723943 54.4999999578531 3.69999999999837
    vertex 157.499999723943 54.5 2.6999999999986
  endloop
endfacet
facet normal 8.06429675730138e-009 0.382683432365114 -0.923879532511277
  outer loop
    vertex 154.499999895696 62.6500000632203 34.7722431864328
    vertex 159.499999904335 63.060007581179 34.9420739046898
    vertex 159.499999895696 62.6499999578533 34.7722431864319
  endloop
endfacet
facet normal 8.06429675730138e-009 0.382683432365114 -0.923879532511277
  outer loop
    vertex 159.499999904335 63.060007581179 34.9420739046898
    vertex 154.499999895696 62.6500000632203 34.7722431864328
    vertex 154.499999904335 63.060007686546 34.9420739046907
  endloop
endfacet
facet normal 1.67187845498209e-008 0.793353340291217 0.608761429008744
  outer loop
    vertex 154.499999888271 62.2979185352032 2.89791847198209
    vertex 159.499999882578 62.0277567714198 3.24999999999839
    vertex 159.499999888272 62.2979184298362 2.89791847198124
  endloop
endfacet
facet normal 1.67187845498209e-008 0.793353340291217 0.608761429008744
  outer loop
    vertex 159.499999882578 62.0277567714198 3.24999999999839
    vertex 154.499999888271 62.2979185352032 2.89791847198209
    vertex 154.499999882578 62.0277568767867 3.24999999999924
  endloop
endfacet
facet normal 1.28288297901793e-008 0.60876142900878 0.79335334029119
  outer loop
    vertex 154.499999895692 62.6500000632203 2.62775681356569
    vertex 159.499999888272 62.2979184298362 2.89791847198124
    vertex 159.499999895692 62.6499999578533 2.62775681356483
  endloop
endfacet
facet normal 1.28288297901793e-008 0.60876142900878 0.79335334029119
  outer loop
    vertex 159.499999888272 62.2979184298362 2.89791847198124
    vertex 154.499999895692 62.6500000632203 2.62775681356569
    vertex 154.499999888271 62.2979185352032 2.89791847198209
  endloop
endfacet
facet normal -1.67185857050099e-008 -0.793353340291247 0.608761429008705
  outer loop
    vertex 159.499999944629 64.972243144287 3.24999999999836
    vertex 154.499999938936 64.7020815912373 2.89791847198209
    vertex 159.499999938935 64.7020814858706 2.89791847198124
  endloop
endfacet
facet normal -1.67185857050099e-008 -0.793353340291247 0.608761429008705
  outer loop
    vertex 154.499999938936 64.7020815912373 2.89791847198209
    vertex 159.499999944629 64.972243144287 3.24999999999836
    vertex 154.499999944629 64.9722432496538 3.24999999999922
  endloop
endfacet
facet normal -2.75046890133815e-009 -0.130526192220044 0.991444861373811
  outer loop
    vertex 154.499999922876 63.9399924398945 2.45792609530781
    vertex 159.499999913603 63.4999999578532 2.39999999999838
    vertex 159.499999922875 63.9399923345275 2.45792609530695
  endloop
endfacet
facet normal -2.75046890133815e-009 -0.130526192220044 0.991444861373811
  outer loop
    vertex 159.499999913603 63.4999999578532 2.39999999999838
    vertex 154.499999922876 63.9399924398945 2.45792609530781
    vertex 154.499999913603 63.5000000632203 2.39999999999923
  endloop
endfacet
facet normal -1.94692606096061e-008 -0.923879532511264 0.382683432365144
  outer loop
    vertex 159.499999948208 65.1420738625449 3.66000762332409
    vertex 154.499999944629 64.9722432496538 3.24999999999922
    vertex 159.499999944629 64.972243144287 3.24999999999836
  endloop
endfacet
facet normal -1.94692606096061e-008 -0.923879532511264 0.382683432365144
  outer loop
    vertex 154.499999944629 64.9722432496538 3.24999999999922
    vertex 159.499999948208 65.1420738625449 3.66000762332409
    vertex 154.499999948208 65.1420739679116 3.66000762332495
  endloop
endfacet
facet normal 2.08931820428387e-008 0.991444861373814 0.13052619222002
  outer loop
    vertex 154.499999879003 61.8579261585289 32.8600076233249
    vertex 159.499999877782 61.7999999578531 33.2999999999984
    vertex 159.499999879003 61.8579260531618 32.8600076233241
  endloop
endfacet
facet normal 2.08931820428387e-008 0.991444861373814 0.13052619222002
  outer loop
    vertex 159.499999877782 61.7999999578531 33.2999999999984
    vertex 154.499999879003 61.8579261585289 32.8600076233249
    vertex 154.499999877782 61.8000000632203 33.2999999999992
  endloop
endfacet
facet normal 8.06461356425752e-009 0.382683432365114 0.923879532511277
  outer loop
    vertex 159.499999904335 63.060007581179 31.6579260953069
    vertex 154.499999895695 62.6500000632203 31.8277568135657
    vertex 159.499999895696 62.6499999578533 31.8277568135648
  endloop
endfacet
facet normal 8.06461356425752e-009 0.382683432365114 0.923879532511277
  outer loop
    vertex 154.499999895695 62.6500000632203 31.8277568135657
    vertex 159.499999904335 63.060007581179 31.6579260953069
    vertex 154.499999904335 63.060007686546 31.6579260953078
  endloop
endfacet
facet normal -1.94693901105441e-008 -0.923879532511257 -0.382683432365162
  outer loop
    vertex 159.499999944629 64.972243144287 4.94999999999836
    vertex 154.499999948208 65.1420739679116 4.53999237667352
    vertex 159.499999948208 65.1420738625449 4.53999237667266
  endloop
endfacet
facet normal -1.94693901105441e-008 -0.923879532511257 -0.382683432365162
  outer loop
    vertex 154.499999948208 65.1420739679116 4.53999237667352
    vertex 159.499999944629 64.972243144287 4.94999999999836
    vertex 154.499999944629 64.9722432496538 4.94999999999922
  endloop
endfacet
facet normal 1.94693901092517e-008 0.923879532511257 0.382683432365162
  outer loop
    vertex 154.499999882578 62.0277568767867 3.24999999999924
    vertex 159.499999879 61.8579260531618 3.66000762332409
    vertex 159.499999882578 62.0277567714198 3.24999999999839
  endloop
endfacet
facet normal 1.94693901092517e-008 0.923879532511257 0.382683432365162
  outer loop
    vertex 159.499999879 61.8579260531618 3.66000762332409
    vertex 154.499999882578 62.0277568767867 3.24999999999924
    vertex 154.499999879 61.8579261585289 3.66000762332495
  endloop
endfacet
facet normal -8.06430229644365e-009 -0.382683432365107 0.92387953251128
  outer loop
    vertex 154.499999931516 64.3500000632203 2.62775681356569
    vertex 159.499999922875 63.9399923345275 2.45792609530695
    vertex 159.499999931516 64.3499999578532 2.62775681356483
  endloop
endfacet
facet normal -8.06430229644365e-009 -0.382683432365107 0.92387953251128
  outer loop
    vertex 159.499999922875 63.9399923345275 2.45792609530695
    vertex 154.499999931516 64.3500000632203 2.62775681356569
    vertex 154.499999922876 63.9399924398945 2.45792609530781
  endloop
endfacet
facet normal -8.06461701734083e-009 -0.382683432365107 -0.92387953251128
  outer loop
    vertex 154.499999922876 63.9399924398945 5.74207390469065
    vertex 159.499999931516 64.3499999578532 5.57224318643192
    vertex 159.499999922876 63.9399923345275 5.7420739046898
  endloop
endfacet
facet normal -8.06461701734083e-009 -0.382683432365107 -0.92387953251128
  outer loop
    vertex 159.499999931516 64.3499999578532 5.57224318643192
    vertex 154.499999922876 63.9399924398945 5.74207390469065
    vertex 154.499999931516 64.3500000632203 5.57224318643277
  endloop
endfacet
facet normal 1.28288315837364e-008 0.608761429008682 0.793353340291265
  outer loop
    vertex 154.499999895695 62.6500000632203 31.8277568135657
    vertex 159.499999888275 62.2979184298361 32.0979184719813
    vertex 159.499999895696 62.6499999578533 31.8277568135648
  endloop
endfacet
facet normal 1.28288315837364e-008 0.608761429008682 0.793353340291265
  outer loop
    vertex 159.499999888275 62.2979184298361 32.0979184719813
    vertex 154.499999895695 62.6500000632203 31.8277568135657
    vertex 154.499999888275 62.2979185352031 32.0979184719821
  endloop
endfacet
facet normal 8.06429675730047e-009 0.382683432365071 -0.923879532511295
  outer loop
    vertex 154.499999895692 62.6500000632203 5.57224318643277
    vertex 159.499999904332 63.060007581179 5.7420739046898
    vertex 159.499999895692 62.6499999578533 5.57224318643192
  endloop
endfacet
facet normal 8.06429675730047e-009 0.382683432365071 -0.923879532511295
  outer loop
    vertex 159.499999904332 63.060007581179 5.7420739046898
    vertex 154.499999895692 62.6500000632203 5.57224318643277
    vertex 154.499999904332 63.060007686546 5.74207390469065
  endloop
endfacet
facet normal 1.94692606121911e-008 0.923879532511264 -0.382683432365144
  outer loop
    vertex 154.499999879 61.8579261585289 4.53999237667352
    vertex 159.499999882579 62.0277567714198 4.94999999999838
    vertex 159.499999879 61.8579260531618 4.53999237667266
  endloop
endfacet
facet normal 1.94692606121911e-008 0.923879532511264 -0.382683432365144
  outer loop
    vertex 159.499999882579 62.0277567714198 4.94999999999838
    vertex 154.499999879 61.8579261585289 4.53999237667352
    vertex 154.499999882579 62.0277568767867 4.94999999999924
  endloop
endfacet
facet normal 2.08931372846463e-008 0.991444861373814 -0.13052619222002
  outer loop
    vertex 154.499999877782 61.8000000632203 33.2999999999992
    vertex 159.499999879003 61.8579260531618 33.7399923766727
    vertex 159.499999877782 61.7999999578531 33.2999999999984
  endloop
endfacet
facet normal 2.08931372846463e-008 0.991444861373814 -0.13052619222002
  outer loop
    vertex 159.499999879003 61.8579260531618 33.7399923766727
    vertex 154.499999877782 61.8000000632203 33.2999999999992
    vertex 154.499999879003 61.8579261585289 33.7399923766736
  endloop
endfacet
facet normal 1.2828560429184e-008 0.608761429008772 -0.793353340291196
  outer loop
    vertex 159.499999888272 62.2979184298362 5.30208152801551
    vertex 154.499999895692 62.6500000632203 5.57224318643277
    vertex 159.499999895692 62.6499999578533 5.57224318643192
  endloop
endfacet
facet normal 1.2828560429184e-008 0.608761429008772 -0.793353340291196
  outer loop
    vertex 154.499999895692 62.6500000632203 5.57224318643277
    vertex 159.499999888272 62.2979184298362 5.30208152801551
    vertex 154.499999888272 62.2979185352032 5.30208152801637
  endloop
endfacet
facet normal 2.08931817484843e-008 0.991444861373813 0.130526192220027
  outer loop
    vertex 154.499999879 61.8579261585289 3.66000762332495
    vertex 159.499999877779 61.7999999578531 4.09999999999837
    vertex 159.499999879 61.8579260531618 3.66000762332409
  endloop
endfacet
facet normal 2.08931817484843e-008 0.991444861373813 0.130526192220027
  outer loop
    vertex 159.499999877779 61.7999999578531 4.09999999999837
    vertex 154.499999879 61.8579261585289 3.66000762332495
    vertex 154.499999877779 61.8000000632203 4.09999999999923
  endloop
endfacet
facet normal 8.06461147819765e-009 0.382683432365071 0.923879532511295
  outer loop
    vertex 159.499999904331 63.060007581179 2.45792609530695
    vertex 154.499999895692 62.6500000632203 2.62775681356569
    vertex 159.499999895692 62.6499999578533 2.62775681356483
  endloop
endfacet
facet normal 8.06461147819765e-009 0.382683432365071 0.923879532511295
  outer loop
    vertex 154.499999895692 62.6500000632203 2.62775681356569
    vertex 159.499999904331 63.060007581179 2.45792609530695
    vertex 154.499999904331 63.060007686546 2.45792609530781
  endloop
endfacet
facet normal -1.28288361778004e-008 -0.608761429008723 -0.793353340291233
  outer loop
    vertex 154.499999931516 64.3500000632203 5.57224318643277
    vertex 159.499999938936 64.7020814858706 5.30208152801551
    vertex 159.499999931516 64.3499999578532 5.57224318643192
  endloop
endfacet
facet normal -1.28288361778004e-008 -0.608761429008723 -0.793353340291233
  outer loop
    vertex 159.499999938936 64.7020814858706 5.30208152801551
    vertex 154.499999931516 64.3500000632203 5.57224318643277
    vertex 154.499999938936 64.7020815912373 5.30208152801637
  endloop
endfacet
facet normal -1.28285668151022e-008 -0.608761429008731 0.793353340291227
  outer loop
    vertex 154.499999938936 64.7020815912373 2.89791847198209
    vertex 159.499999931516 64.3499999578532 2.62775681356483
    vertex 159.499999938935 64.7020814858706 2.89791847198124
  endloop
endfacet
facet normal -1.28285668151022e-008 -0.608761429008731 0.793353340291227
  outer loop
    vertex 159.499999931516 64.3499999578532 2.62775681356483
    vertex 154.499999938936 64.7020815912373 2.89791847198209
    vertex 154.499999931516 64.3500000632203 2.62775681356569
  endloop
endfacet
facet normal -2.08931375793473e-008 -0.991444861373813 0.130526192220027
  outer loop
    vertex 159.499999949428 65.1999999578535 4.09999999999837
    vertex 154.499999948208 65.1420739679116 3.66000762332495
    vertex 159.499999948208 65.1420738625449 3.66000762332409
  endloop
endfacet
facet normal -2.08931375793473e-008 -0.991444861373813 0.130526192220027
  outer loop
    vertex 154.499999948208 65.1420739679116 3.66000762332495
    vertex 159.499999949428 65.1999999578535 4.09999999999837
    vertex 154.499999949428 65.2000000632203 4.09999999999923
  endloop
endfacet
facet normal 2.75080440269837e-009 0.130526192220035 0.991444861373813
  outer loop
    vertex 159.499999913603 63.4999999578532 2.39999999999838
    vertex 154.499999904331 63.060007686546 2.45792609530781
    vertex 159.499999904331 63.060007581179 2.45792609530695
  endloop
endfacet
facet normal 2.75080440269837e-009 0.130526192220035 0.991444861373813
  outer loop
    vertex 154.499999904331 63.060007686546 2.45792609530781
    vertex 159.499999913603 63.4999999578532 2.39999999999838
    vertex 154.499999913603 63.5000000632203 2.39999999999923
  endloop
endfacet
facet normal 2.08931375790005e-008 0.991444861373813 -0.130526192220027
  outer loop
    vertex 154.499999877779 61.8000000632203 4.09999999999923
    vertex 159.499999879 61.8579260531618 4.53999237667266
    vertex 159.499999877779 61.7999999578531 4.09999999999837
  endloop
endfacet
facet normal 2.08931375790005e-008 0.991444861373813 -0.130526192220027
  outer loop
    vertex 159.499999879 61.8579260531618 4.53999237667266
    vertex 154.499999877779 61.8000000632203 4.09999999999923
    vertex 154.499999879 61.8579261585289 4.53999237667352
  endloop
endfacet
facet normal 2.75046666520634e-009 0.130526192220035 -0.991444861373813
  outer loop
    vertex 154.499999904332 63.060007686546 5.74207390469065
    vertex 159.499999913604 63.4999999578532 5.79999999999837
    vertex 159.499999904332 63.060007581179 5.7420739046898
  endloop
endfacet
facet normal 2.75046666520634e-009 0.130526192220035 -0.991444861373813
  outer loop
    vertex 159.499999913604 63.4999999578532 5.79999999999837
    vertex 154.499999904332 63.060007686546 5.74207390469065
    vertex 154.499999913604 63.5000000632203 5.79999999999923
  endloop
endfacet
facet normal 1.67185785463104e-008 0.793353340291198 -0.608761429008769
  outer loop
    vertex 154.499999882579 62.0277568767867 4.94999999999924
    vertex 159.499999888272 62.2979184298362 5.30208152801551
    vertex 159.499999882579 62.0277567714198 4.94999999999838
  endloop
endfacet
facet normal 1.67185785463104e-008 0.793353340291198 -0.608761429008769
  outer loop
    vertex 159.499999888272 62.2979184298362 5.30208152801551
    vertex 154.499999882579 62.0277568767867 4.94999999999924
    vertex 154.499999888272 62.2979185352032 5.30208152801637
  endloop
endfacet
facet normal -1.67187917107402e-008 -0.793353340291266 -0.60876142900868
  outer loop
    vertex 159.499999938936 64.7020814858706 5.30208152801551
    vertex 154.499999944629 64.9722432496538 4.94999999999922
    vertex 159.499999944629 64.972243144287 4.94999999999836
  endloop
endfacet
facet normal -1.67187917107402e-008 -0.793353340291266 -0.60876142900868
  outer loop
    vertex 154.499999944629 64.9722432496538 4.94999999999922
    vertex 159.499999938936 64.7020814858706 5.30208152801551
    vertex 154.499999938936 64.7020815912373 5.30208152801637
  endloop
endfacet
facet normal 1.67187859226628e-008 0.793353340291315 0.608761429008616
  outer loop
    vertex 154.499999888275 62.2979185352031 32.0979184719821
    vertex 159.499999882582 62.0277567714198 32.4499999999984
    vertex 159.499999888275 62.2979184298361 32.0979184719813
  endloop
endfacet
facet normal 1.67187859226628e-008 0.793353340291315 0.608761429008616
  outer loop
    vertex 159.499999882582 62.0277567714198 32.4499999999984
    vertex 154.499999888275 62.2979185352031 32.0979184719821
    vertex 154.499999882582 62.0277568767867 32.4499999999993
  endloop
endfacet
facet normal -2.08931817481375e-008 -0.991444861373813 -0.130526192220027
  outer loop
    vertex 159.499999948208 65.1420738625449 4.53999237667266
    vertex 154.499999949428 65.2000000632203 4.09999999999923
    vertex 159.499999949428 65.1999999578535 4.09999999999837
  endloop
endfacet
facet normal -2.08931817481375e-008 -0.991444861373813 -0.130526192220027
  outer loop
    vertex 154.499999949428 65.2000000632203 4.09999999999923
    vertex 159.499999948208 65.1420738625449 4.53999237667266
    vertex 154.499999948208 65.1420739679116 4.53999237667352
  endloop
endfacet
facet normal 1.94693909722547e-008 0.923879532511249 0.38268343236518
  outer loop
    vertex 154.499999882582 62.0277568767867 32.4499999999993
    vertex 159.499999879003 61.8579260531618 32.8600076233241
    vertex 159.499999882582 62.0277567714198 32.4499999999984
  endloop
endfacet
facet normal 1.94693909722547e-008 0.923879532511249 0.38268343236518
  outer loop
    vertex 159.499999879003 61.8579260531618 32.8600076233241
    vertex 154.499999882582 62.0277568767867 32.4499999999993
    vertex 154.499999879003 61.8579261585289 32.8600076233249
  endloop
endfacet
facet normal -2.7508066391954e-009 -0.130526192220044 -0.991444861373811
  outer loop
    vertex 154.499999913604 63.5000000632203 5.79999999999923
    vertex 159.499999922876 63.9399923345275 5.7420739046898
    vertex 159.499999913604 63.4999999578532 5.79999999999837
  endloop
endfacet
facet normal -2.7508066391954e-009 -0.130526192220044 -0.991444861373811
  outer loop
    vertex 159.499999922876 63.9399923345275 5.7420739046898
    vertex 154.499999913604 63.5000000632203 5.79999999999923
    vertex 154.499999922876 63.9399924398945 5.74207390469065
  endloop
endfacet
facet normal 2.03037586743448e-013 -4.27869610558344e-021 1.0
  outer loop
    vertex 154.499999978932 66.6000000632202 10.1999999999992
    vertex 157.499999833525 59.6999999999999 10.1999999999986
    vertex 157.499999978932 66.5999999999999 10.1999999999986
  endloop
endfacet
facet normal 2.03037586743448e-013 -4.27869610558344e-021 1.0
  outer loop
    vertex 157.499999833525 59.6999999999999 10.1999999999986
    vertex 154.499999978932 66.6000000632202 10.1999999999992
    vertex 154.499999833525 59.7000000632205 10.1999999999992
  endloop
endfacet
facet normal 2.10734489229184e-008 1.0 -3.54014944210177e-027
  outer loop
    vertex 154.499999978934 66.6000000632202 27.1999999999992
    vertex 157.499999978935 66.5999999999999 36.3999999999986
    vertex 157.499999978934 66.5999999999999 27.1999999999986
  endloop
endfacet
facet normal 2.10734489229184e-008 1.0 -3.54014944210177e-027
  outer loop
    vertex 157.499999978935 66.5999999999999 36.3999999999986
    vertex 154.499999978934 66.6000000632202 27.1999999999992
    vertex 154.499999978935 66.6000000632202 36.3999999999992
  endloop
endfacet
facet normal -2.10734790025609e-008 -1.0 7.08029888420354e-027
  outer loop
    vertex 157.499999833528 59.6999999999999 36.3999999999986
    vertex 154.499999833527 59.7000000632205 27.1999999999992
    vertex 157.499999833527 59.6999999999999 27.1999999999986
  endloop
endfacet
facet normal -2.10734790025609e-008 -1.0 7.08029888420354e-027
  outer loop
    vertex 154.499999833527 59.7000000632205 27.1999999999992
    vertex 157.499999833528 59.6999999999999 36.3999999999986
    vertex 154.499999833528 59.7000000632205 36.3999999999992
  endloop
endfacet
facet normal -2.10734790025609e-008 -1.0 7.08029888420354e-027
  outer loop
    vertex 157.499999833525 59.6999999999999 10.1999999999986
    vertex 154.499999833524 59.7000000632205 0.999999999999259
    vertex 157.499999833524 59.6999999999999 0.99999999999865
  endloop
endfacet
facet normal -2.10734790025609e-008 -1.0 7.08029888420354e-027
  outer loop
    vertex 154.499999833524 59.7000000632205 0.999999999999259
    vertex 157.499999833525 59.6999999999999 10.1999999999986
    vertex 154.499999833525 59.7000000632205 10.1999999999992
  endloop
endfacet
facet normal 2.03037586743454e-013 -4.27869611059777e-021 1.0
  outer loop
    vertex 154.499998822002 11.7000000632203 6.99999999999923
    vertex 157.499998680809 4.99999999999986 6.99999999999862
    vertex 157.499998822002 11.7 6.99999999999862
  endloop
endfacet
facet normal 2.03037586743454e-013 -4.27869611059777e-021 1.0
  outer loop
    vertex 157.499998680809 4.99999999999986 6.99999999999862
    vertex 154.499998822002 11.7000000632203 6.99999999999923
    vertex 154.499998680809 5.00000006322029 6.99999999999923
  endloop
endfacet
facet normal -2.03037586743454e-013 4.27869611059777e-021 -1.0
  outer loop
    vertex 157.499998680812 4.99999999999986 30.3999999999986
    vertex 154.499998822005 11.7000000632203 30.3999999999992
    vertex 157.499998822005 11.7 30.3999999999986
  endloop
endfacet
facet normal -2.03037586743454e-013 4.27869611059777e-021 -1.0
  outer loop
    vertex 154.499998822005 11.7000000632203 30.3999999999992
    vertex 157.499998680812 4.99999999999986 30.3999999999986
    vertex 154.499998680812 5.00000006322029 30.3999999999992
  endloop
endfacet
facet normal -1.0 2.1073418843276e-008 1.17702948836781e-013
  outer loop
    vertex 154.499999978931 66.6000000632202 0.999999999999237
    vertex 154.499999948208 65.1420739679116 3.66000762332495
    vertex 154.499999978932 66.6000000632202 10.1999999999992
  endloop
endfacet
facet normal -1.0 2.1073418843276e-008 1.17702948836781e-013
  outer loop
    vertex 154.499999948208 65.1420739679116 3.66000762332495
    vertex 154.499999978931 66.6000000632202 0.999999999999237
    vertex 154.499999944629 64.9722432496538 3.24999999999922
  endloop
endfacet
facet normal -1.0 2.1073418843276e-008 1.17702948836781e-013
  outer loop
    vertex 154.499999944629 64.9722432496538 3.24999999999922
    vertex 154.499999978931 66.6000000632202 0.999999999999237
    vertex 154.499999938936 64.7020815912373 2.89791847198209
  endloop
endfacet
facet normal -1.0 2.1073418843276e-008 1.17702948836781e-013
  outer loop
    vertex 154.499999938936 64.7020815912373 2.89791847198209
    vertex 154.499999978931 66.6000000632202 0.999999999999237
    vertex 154.499999931516 64.3500000632203 2.62775681356569
  endloop
endfacet
facet normal -1.0 2.1073418843276e-008 1.17702948836781e-013
  outer loop
    vertex 154.499999931516 64.3500000632203 2.62775681356569
    vertex 154.499999978931 66.6000000632202 0.999999999999237
    vertex 154.499999922876 63.9399924398945 2.45792609530781
  endloop
endfacet
facet normal -1.0 2.1073418843276e-008 1.17702948836781e-013
  outer loop
    vertex 154.499999922876 63.9399924398945 2.45792609530781
    vertex 154.499999978931 66.6000000632202 0.999999999999237
    vertex 154.499999833524 59.7000000632205 0.999999999999259
  endloop
endfacet
facet normal -1.0 2.1073418843276e-008 1.17702948836781e-013
  outer loop
    vertex 154.499999978932 66.6000000632202 10.1999999999992
    vertex 154.499999948208 65.1420739679116 3.66000762332495
    vertex 154.499999949428 65.2000000632203 4.09999999999923
  endloop
endfacet
facet normal -1.0 2.1073418843276e-008 1.17702948836781e-013
  outer loop
    vertex 154.499999922876 63.9399924398945 2.45792609530781
    vertex 154.499999833524 59.7000000632205 0.999999999999259
    vertex 154.499999913603 63.5000000632203 2.39999999999923
  endloop
endfacet
facet normal -1.0 2.1073418843276e-008 1.17702948836781e-013
  outer loop
    vertex 154.499999913603 63.5000000632203 2.39999999999923
    vertex 154.499999833524 59.7000000632205 0.999999999999259
    vertex 154.499999904331 63.060007686546 2.45792609530781
  endloop
endfacet
facet normal -1.0 2.1073418843276e-008 1.17702948836781e-013
  outer loop
    vertex 154.499999904331 63.060007686546 2.45792609530781
    vertex 154.499999833524 59.7000000632205 0.999999999999259
    vertex 154.499999895692 62.6500000632203 2.62775681356569
  endloop
endfacet
facet normal -1.0 2.1073418843276e-008 1.17702948836781e-013
  outer loop
    vertex 154.499999895692 62.6500000632203 2.62775681356569
    vertex 154.499999833524 59.7000000632205 0.999999999999259
    vertex 154.499999888271 62.2979185352032 2.89791847198209
  endloop
endfacet
facet normal -1.0 2.1073418843276e-008 1.17702948836781e-013
  outer loop
    vertex 154.499999888271 62.2979185352032 2.89791847198209
    vertex 154.499999833524 59.7000000632205 0.999999999999259
    vertex 154.499999882578 62.0277568767867 3.24999999999924
  endloop
endfacet
facet normal -1.0 2.1073418843276e-008 1.17702948836781e-013
  outer loop
    vertex 154.499999882578 62.0277568767867 3.24999999999924
    vertex 154.499999833524 59.7000000632205 0.999999999999259
    vertex 154.499999879 61.8579261585289 3.66000762332495
  endloop
endfacet
facet normal -1.0 2.1073418843276e-008 1.17702948836781e-013
  outer loop
    vertex 154.499999879 61.8579261585289 3.66000762332495
    vertex 154.499999833524 59.7000000632205 0.999999999999259
    vertex 154.499999877779 61.8000000632203 4.09999999999923
  endloop
endfacet
facet normal -1.0 2.1073418843276e-008 1.17702948836781e-013
  outer loop
    vertex 154.499999978932 66.6000000632202 10.1999999999992
    vertex 154.499999938936 64.7020815912373 5.30208152801637
    vertex 154.499999833525 59.7000000632205 10.1999999999992
  endloop
endfacet
facet normal -1.0 2.1073418843276e-008 1.17702948836781e-013
  outer loop
    vertex 154.499999938936 64.7020815912373 5.30208152801637
    vertex 154.499999978932 66.6000000632202 10.1999999999992
    vertex 154.499999944629 64.9722432496538 4.94999999999922
  endloop
endfacet
facet normal -1.0 2.1073418843276e-008 1.17702948836781e-013
  outer loop
    vertex 154.499999944629 64.9722432496538 4.94999999999922
    vertex 154.499999978932 66.6000000632202 10.1999999999992
    vertex 154.499999948208 65.1420739679116 4.53999237667352
  endloop
endfacet
facet normal -1.0 2.1073418843276e-008 1.17702948836781e-013
  outer loop
    vertex 154.499999948208 65.1420739679116 4.53999237667352
    vertex 154.499999978932 66.6000000632202 10.1999999999992
    vertex 154.499999949428 65.2000000632203 4.09999999999923
  endloop
endfacet
facet normal -1.0 2.1073418843276e-008 1.17702948836781e-013
  outer loop
    vertex 154.499999833525 59.7000000632205 10.1999999999992
    vertex 154.499999938936 64.7020815912373 5.30208152801637
    vertex 154.499999931516 64.3500000632203 5.57224318643277
  endloop
endfacet
facet normal -1.0 2.1073418843276e-008 1.17702948836781e-013
  outer loop
    vertex 154.499999833525 59.7000000632205 10.1999999999992
    vertex 154.499999931516 64.3500000632203 5.57224318643277
    vertex 154.499999922876 63.9399924398945 5.74207390469065
  endloop
endfacet
facet normal -1.0 2.1073418843276e-008 1.17702948836781e-013
  outer loop
    vertex 154.499999833525 59.7000000632205 10.1999999999992
    vertex 154.499999922876 63.9399924398945 5.74207390469065
    vertex 154.499999913604 63.5000000632203 5.79999999999923
  endloop
endfacet
facet normal -1.0 2.1073418843276e-008 1.17702948836781e-013
  outer loop
    vertex 154.499999833525 59.7000000632205 10.1999999999992
    vertex 154.499999913604 63.5000000632203 5.79999999999923
    vertex 154.499999904332 63.060007686546 5.74207390469065
  endloop
endfacet
facet normal -1.0 2.1073418843276e-008 1.17702948836781e-013
  outer loop
    vertex 154.499999833525 59.7000000632205 10.1999999999992
    vertex 154.499999904332 63.060007686546 5.74207390469065
    vertex 154.499999895692 62.6500000632203 5.57224318643277
  endloop
endfacet
facet normal -1.0 2.1073418843276e-008 1.17702948836781e-013
  outer loop
    vertex 154.499999833525 59.7000000632205 10.1999999999992
    vertex 154.499999895692 62.6500000632203 5.57224318643277
    vertex 154.499999888272 62.2979185352032 5.30208152801637
  endloop
endfacet
facet normal -1.0 2.1073418843276e-008 1.17702948836781e-013
  outer loop
    vertex 154.499999833525 59.7000000632205 10.1999999999992
    vertex 154.499999888272 62.2979185352032 5.30208152801637
    vertex 154.499999882579 62.0277568767867 4.94999999999924
  endloop
endfacet
facet normal -1.0 2.1073418843276e-008 1.17702948836781e-013
  outer loop
    vertex 154.499999833525 59.7000000632205 10.1999999999992
    vertex 154.499999882579 62.0277568767867 4.94999999999924
    vertex 154.499999879 61.8579261585289 4.53999237667352
  endloop
endfacet
facet normal -1.0 2.1073418843276e-008 1.17702948836781e-013
  outer loop
    vertex 154.499999833525 59.7000000632205 10.1999999999992
    vertex 154.499999879 61.8579261585289 4.53999237667352
    vertex 154.499999877779 61.8000000632203 4.09999999999923
  endloop
endfacet
facet normal -1.0 2.1073418843276e-008 1.17702948836781e-013
  outer loop
    vertex 154.499999833525 59.7000000632205 10.1999999999992
    vertex 154.499999877779 61.8000000632203 4.09999999999923
    vertex 154.499999833524 59.7000000632205 0.999999999999259
  endloop
endfacet
facet normal 2.10734790025609e-008 1.0 -7.63533917104531e-027
  outer loop
    vertex 154.499998680809 5.00000006322029 6.99999999999923
    vertex 157.499998680809 4.99999999999986 10.1999999999986
    vertex 157.499998680809 4.99999999999986 6.99999999999862
  endloop
endfacet
facet normal 2.10734790025609e-008 1.0 -7.63533917104531e-027
  outer loop
    vertex 157.499998680809 4.99999999999986 10.1999999999986
    vertex 154.499998680809 5.00000006322029 6.99999999999923
    vertex 154.499998680809 5.00000006322029 10.1999999999992
  endloop
endfacet
facet normal -2.03037586743448e-013 4.27869611035627e-021 -1.0
  outer loop
    vertex 157.499999833527 59.6999999999999 27.1999999999986
    vertex 154.499999978934 66.6000000632202 27.1999999999992
    vertex 157.499999978934 66.5999999999999 27.1999999999986
  endloop
endfacet
facet normal -2.03037586743448e-013 4.27869611035627e-021 -1.0
  outer loop
    vertex 154.499999978934 66.6000000632202 27.1999999999992
    vertex 157.499999833527 59.6999999999999 27.1999999999986
    vertex 154.499999833527 59.7000000632205 27.1999999999992
  endloop
endfacet
facet normal -2.03037586743448e-013 4.27869610324146e-021 -1.0
  outer loop
    vertex 154.499998596517 1.00000006322 27.1999999999992
    vertex 157.499998680811 4.99999999999986 27.1999999999986
    vertex 157.499998596518 0.999999999999863 27.1999999999986
  endloop
endfacet
facet normal -2.03037586743448e-013 4.27869610324146e-021 -1.0
  outer loop
    vertex 157.499998680811 4.99999999999986 27.1999999999986
    vertex 154.499998596517 1.00000006322 27.1999999999992
    vertex 154.499998680811 5.00000006322029 27.1999999999992
  endloop
endfacet
facet normal 2.10734790025609e-008 1.0 -7.63533917104531e-027
  outer loop
    vertex 154.499998680811 5.00000006322029 27.1999999999992
    vertex 157.499998680812 4.99999999999986 30.3999999999986
    vertex 157.499998680811 4.99999999999986 27.1999999999986
  endloop
endfacet
facet normal 2.10734790025609e-008 1.0 -7.63533917104531e-027
  outer loop
    vertex 157.499998680812 4.99999999999986 30.3999999999986
    vertex 154.499998680811 5.00000006322029 27.1999999999992
    vertex 154.499998680812 5.00000006322029 30.3999999999992
  endloop
endfacet
facet normal 2.10734489229184e-008 1.0 -3.39332622831411e-027
  outer loop
    vertex 154.499998822005 11.7000000632203 30.3999999999992
    vertex 157.499998822005 11.7 36.3999999999986
    vertex 157.499998822005 11.7 30.3999999999986
  endloop
endfacet
facet normal 2.10734489229184e-008 1.0 -3.39332622831411e-027
  outer loop
    vertex 157.499998822005 11.7 36.3999999999986
    vertex 154.499998822005 11.7000000632203 30.3999999999992
    vertex 154.499998822005 11.7000000632203 36.3999999999992
  endloop
endfacet
facet normal 2.10734489229184e-008 1.0 -3.54014944210175e-027
  outer loop
    vertex 154.499999978931 66.6000000632202 0.999999999999237
    vertex 157.499999978932 66.5999999999999 10.1999999999986
    vertex 157.499999978931 66.5999999999999 0.999999999998628
  endloop
endfacet
facet normal 2.10734489229184e-008 1.0 -3.54014944210175e-027
  outer loop
    vertex 157.499999978932 66.5999999999999 10.1999999999986
    vertex 154.499999978931 66.6000000632202 0.999999999999237
    vertex 154.499999978932 66.6000000632202 10.1999999999992
  endloop
endfacet
facet normal 2.10734489229184e-008 1.0 -3.39332622831411e-027
  outer loop
    vertex 154.499998822001 11.7000000632203 0.999999999999237
    vertex 157.499998822002 11.7 6.99999999999862
    vertex 157.499998822001 11.7 0.999999999998628
  endloop
endfacet
facet normal 2.10734489229184e-008 1.0 -3.39332622831411e-027
  outer loop
    vertex 157.499998822002 11.7 6.99999999999862
    vertex 154.499998822001 11.7000000632203 0.999999999999237
    vertex 154.499998822002 11.7000000632203 6.99999999999923
  endloop
endfacet
facet normal -1.0 2.1073422499981e-008 1.15104014377541e-013
  outer loop
    vertex 154.499998596517 1.00000006322 27.1999999999992
    vertex 154.499998680812 5.00000006322029 30.3999999999992
    vertex 154.499998680811 5.00000006322029 27.1999999999992
  endloop
endfacet
facet normal -1.0 2.1073422499981e-008 1.15104014377541e-013
  outer loop
    vertex 154.499998680812 5.00000006322029 30.3999999999992
    vertex 154.499998596517 1.00000006322 27.1999999999992
    vertex 154.499998679758 4.9500000632203 31.8277568135657
  endloop
endfacet
facet normal -1.0 2.1073422499981e-008 1.15104014377541e-013
  outer loop
    vertex 154.499998679758 4.9500000632203 31.8277568135657
    vertex 154.499998596517 1.00000006322 27.1999999999992
    vertex 154.499998671118 4.53999243989462 31.6579260953078
  endloop
endfacet
facet normal -1.0 2.1073422499981e-008 1.15104014377541e-013
  outer loop
    vertex 154.499998671118 4.53999243989462 31.6579260953078
    vertex 154.499998596517 1.00000006322 27.1999999999992
    vertex 154.499998661846 4.10000006322031 31.5999999999992
  endloop
endfacet
facet normal -1.0 2.1073422499981e-008 1.15104014377541e-013
  outer loop
    vertex 154.499998661846 4.10000006322031 31.5999999999992
    vertex 154.499998596517 1.00000006322 27.1999999999992
    vertex 154.499998652575 3.66000768654601 31.6579260953078
  endloop
endfacet
facet normal -1.0 2.1073422499981e-008 1.15104014377541e-013
  outer loop
    vertex 154.499998652575 3.66000768654601 31.6579260953078
    vertex 154.499998596517 1.00000006322 27.1999999999992
    vertex 154.499998643933 3.25000006322003 31.8277568135657
  endloop
endfacet
facet normal -1.0 2.1073422499981e-008 1.15104014377541e-013
  outer loop
    vertex 154.499998643933 3.25000006322003 31.8277568135657
    vertex 154.499998596517 1.00000006322 27.1999999999992
    vertex 154.499998636515 2.89791853520288 32.0979184719821
  endloop
endfacet
facet normal -1.0 2.1073422499981e-008 1.15104014377541e-013
  outer loop
    vertex 154.499998636515 2.89791853520288 32.0979184719821
    vertex 154.499998596517 1.00000006322 27.1999999999992
    vertex 154.499998630821 2.62775687678643 32.4499999999993
  endloop
endfacet
facet normal -1.0 2.1073422499981e-008 1.15104014377541e-013
  outer loop
    vertex 154.499998630821 2.62775687678643 32.4499999999993
    vertex 154.499998596517 1.00000006322 27.1999999999992
    vertex 154.499998627242 2.45792615852857 32.8600076233249
  endloop
endfacet
facet normal -1.0 2.1073422499981e-008 1.15104014377541e-013
  outer loop
    vertex 154.499998627242 2.45792615852857 32.8600076233249
    vertex 154.499998596517 1.00000006322 27.1999999999992
    vertex 154.499998626022 2.40000006321996 33.2999999999992
  endloop
endfacet
facet normal -1.0 2.1073422499981e-008 1.15104014377541e-013
  outer loop
    vertex 154.499998822005 11.7000000632203 36.3999999999992
    vertex 154.499998671118 4.53999243989462 34.9420739046907
    vertex 154.499998596519 1.00000006322 36.3999999999992
  endloop
endfacet
facet normal -1.0 2.1073422499981e-008 1.15104014377541e-013
  outer loop
    vertex 154.499998671118 4.53999243989462 34.9420739046907
    vertex 154.499998822005 11.7000000632203 36.3999999999992
    vertex 154.499998679758 4.9500000632203 34.7722431864328
  endloop
endfacet
facet normal -1.0 2.1073422499981e-008 1.15104014377541e-013
  outer loop
    vertex 154.499998679758 4.9500000632203 34.7722431864328
    vertex 154.499998822005 11.7000000632203 36.3999999999992
    vertex 154.499998687178 5.30208159123745 34.5020815280164
  endloop
endfacet
facet normal -1.0 2.1073422499981e-008 1.15104014377541e-013
  outer loop
    vertex 154.499998687178 5.30208159123745 34.5020815280164
    vertex 154.499998822005 11.7000000632203 36.3999999999992
    vertex 154.499998692871 5.5722432496539 34.1499999999992
  endloop
endfacet
facet normal -1.0 2.1073422499981e-008 1.15104014377541e-013
  outer loop
    vertex 154.499998692871 5.5722432496539 34.1499999999992
    vertex 154.499998822005 11.7000000632203 36.3999999999992
    vertex 154.49999869645 5.74207396791176 33.7399923766736
  endloop
endfacet
facet normal -1.0 2.1073422499981e-008 1.15104014377541e-013
  outer loop
    vertex 154.49999869645 5.74207396791176 33.7399923766736
    vertex 154.499998822005 11.7000000632203 36.3999999999992
    vertex 154.499998697671 5.80000006322029 33.2999999999992
  endloop
endfacet
facet normal -1.0 2.1073422499981e-008 1.15104014377541e-013
  outer loop
    vertex 154.499998596519 1.00000006322 36.3999999999992
    vertex 154.499998671118 4.53999243989462 34.9420739046907
    vertex 154.499998661846 4.10000006322031 34.9999999999993
  endloop
endfacet
facet normal -1.0 2.1073422499981e-008 1.15104014377541e-013
  outer loop
    vertex 154.499998596519 1.00000006322 36.3999999999992
    vertex 154.499998661846 4.10000006322031 34.9999999999993
    vertex 154.499998652575 3.66000768654601 34.9420739046907
  endloop
endfacet
facet normal -1.0 2.1073422499981e-008 1.15104014377541e-013
  outer loop
    vertex 154.499998596519 1.00000006322 36.3999999999992
    vertex 154.499998652575 3.66000768654601 34.9420739046907
    vertex 154.499998643934 3.25000006322003 34.7722431864328
  endloop
endfacet
facet normal -1.0 2.1073422499981e-008 1.15104014377541e-013
  outer loop
    vertex 154.499998596519 1.00000006322 36.3999999999992
    vertex 154.499998643934 3.25000006322003 34.7722431864328
    vertex 154.499998636515 2.89791853520288 34.5020815280164
  endloop
endfacet
facet normal -1.0 2.1073422499981e-008 1.15104014377541e-013
  outer loop
    vertex 154.499998596519 1.00000006322 36.3999999999992
    vertex 154.499998636515 2.89791853520288 34.5020815280164
    vertex 154.499998630821 2.62775687678643 34.1499999999993
  endloop
endfacet
facet normal -1.0 2.1073422499981e-008 1.15104014377541e-013
  outer loop
    vertex 154.499998596519 1.00000006322 36.3999999999992
    vertex 154.499998630821 2.62775687678643 34.1499999999993
    vertex 154.499998627242 2.45792615852857 33.7399923766736
  endloop
endfacet
facet normal -1.0 2.1073422499981e-008 1.15104014377541e-013
  outer loop
    vertex 154.499998596519 1.00000006322 36.3999999999992
    vertex 154.499998627242 2.45792615852857 33.7399923766736
    vertex 154.499998626022 2.40000006321996 33.2999999999992
  endloop
endfacet
facet normal -1.0 2.1073422499981e-008 1.15104014377541e-013
  outer loop
    vertex 154.499998596519 1.00000006322 36.3999999999992
    vertex 154.499998626022 2.40000006321996 33.2999999999992
    vertex 154.499998596517 1.00000006322 27.1999999999992
  endloop
endfacet
facet normal -1.0 2.1073422499981e-008 1.15104014377541e-013
  outer loop
    vertex 154.499998680812 5.00000006322029 30.3999999999992
    vertex 154.499998822005 11.7000000632203 36.3999999999992
    vertex 154.499998822005 11.7000000632203 30.3999999999992
  endloop
endfacet
facet normal -1.0 2.1073422499981e-008 1.15104014377541e-013
  outer loop
    vertex 154.499998822005 11.7000000632203 36.3999999999992
    vertex 154.499998680812 5.00000006322029 30.3999999999992
    vertex 154.49999869645 5.74207396791176 32.8600076233249
  endloop
endfacet
facet normal -1.0 2.1073422499981e-008 1.15104014377541e-013
  outer loop
    vertex 154.499998822005 11.7000000632203 36.3999999999992
    vertex 154.49999869645 5.74207396791176 32.8600076233249
    vertex 154.499998697671 5.80000006322029 33.2999999999992
  endloop
endfacet
facet normal -1.0 2.1073422499981e-008 1.15104014377541e-013
  outer loop
    vertex 154.49999869645 5.74207396791176 32.8600076233249
    vertex 154.499998680812 5.00000006322029 30.3999999999992
    vertex 154.499998692871 5.5722432496539 32.4499999999992
  endloop
endfacet
facet normal -1.0 2.1073422499981e-008 1.15104014377541e-013
  outer loop
    vertex 154.499998692871 5.5722432496539 32.4499999999992
    vertex 154.499998680812 5.00000006322029 30.3999999999992
    vertex 154.499998687178 5.30208159123745 32.0979184719821
  endloop
endfacet
facet normal -1.0 2.1073422499981e-008 1.15104014377541e-013
  outer loop
    vertex 154.499998687178 5.30208159123745 32.0979184719821
    vertex 154.499998680812 5.00000006322029 30.3999999999992
    vertex 154.499998679758 4.9500000632203 31.8277568135657
  endloop
endfacet
facet normal 2.03037586743448e-013 -4.27869610324146e-021 1.0
  outer loop
    vertex 154.499998680809 5.00000006322029 10.1999999999992
    vertex 157.499998596516 0.999999999999863 10.1999999999986
    vertex 157.499998680809 4.99999999999986 10.1999999999986
  endloop
endfacet
facet normal 2.03037586743448e-013 -4.27869610324146e-021 1.0
  outer loop
    vertex 157.499998596516 0.999999999999863 10.1999999999986
    vertex 154.499998680809 5.00000006322029 10.1999999999992
    vertex 154.499998596516 1.00000006322 10.1999999999992
  endloop
endfacet
facet normal -1.0 2.1073418843276e-008 1.17702948836781e-013
  outer loop
    vertex 154.499999978934 66.6000000632202 27.1999999999992
    vertex 154.499999948211 65.1420739679116 32.8600076233249
    vertex 154.499999978935 66.6000000632202 36.3999999999992
  endloop
endfacet
facet normal -1.0 2.1073418843276e-008 1.17702948836781e-013
  outer loop
    vertex 154.499999948211 65.1420739679116 32.8600076233249
    vertex 154.499999978934 66.6000000632202 27.1999999999992
    vertex 154.499999944632 64.9722432496538 32.4499999999992
  endloop
endfacet
facet normal -1.0 2.1073418843276e-008 1.17702948836781e-013
  outer loop
    vertex 154.499999944632 64.9722432496538 32.4499999999992
    vertex 154.499999978934 66.6000000632202 27.1999999999992
    vertex 154.499999938939 64.7020815912374 32.0979184719821
  endloop
endfacet
facet normal -1.0 2.1073418843276e-008 1.17702948836781e-013
  outer loop
    vertex 154.499999938939 64.7020815912374 32.0979184719821
    vertex 154.499999978934 66.6000000632202 27.1999999999992
    vertex 154.499999833527 59.7000000632205 27.1999999999992
  endloop
endfacet
facet normal -1.0 2.1073418843276e-008 1.17702948836781e-013
  outer loop
    vertex 154.499999978935 66.6000000632202 36.3999999999992
    vertex 154.499999948211 65.1420739679116 32.8600076233249
    vertex 154.499999949432 65.2000000632203 33.2999999999992
  endloop
endfacet
facet normal -1.0 2.1073418843276e-008 1.17702948836781e-013
  outer loop
    vertex 154.499999938939 64.7020815912374 32.0979184719821
    vertex 154.499999833527 59.7000000632205 27.1999999999992
    vertex 154.499999931519 64.3500000632203 31.8277568135657
  endloop
endfacet
facet normal -1.0 2.1073418843276e-008 1.17702948836781e-013
  outer loop
    vertex 154.499999931519 64.3500000632203 31.8277568135657
    vertex 154.499999833527 59.7000000632205 27.1999999999992
    vertex 154.499999922879 63.9399924398945 31.6579260953078
  endloop
endfacet
facet normal -1.0 2.1073418843276e-008 1.17702948836781e-013
  outer loop
    vertex 154.499999922879 63.9399924398945 31.6579260953078
    vertex 154.499999833527 59.7000000632205 27.1999999999992
    vertex 154.499999913607 63.5000000632203 31.5999999999992
  endloop
endfacet
facet normal -1.0 2.1073418843276e-008 1.17702948836781e-013
  outer loop
    vertex 154.499999913607 63.5000000632203 31.5999999999992
    vertex 154.499999833527 59.7000000632205 27.1999999999992
    vertex 154.499999904335 63.060007686546 31.6579260953078
  endloop
endfacet
facet normal -1.0 2.1073418843276e-008 1.17702948836781e-013
  outer loop
    vertex 154.499999904335 63.060007686546 31.6579260953078
    vertex 154.499999833527 59.7000000632205 27.1999999999992
    vertex 154.499999895695 62.6500000632203 31.8277568135657
  endloop
endfacet
facet normal -1.0 2.1073418843276e-008 1.17702948836781e-013
  outer loop
    vertex 154.499999895695 62.6500000632203 31.8277568135657
    vertex 154.499999833527 59.7000000632205 27.1999999999992
    vertex 154.499999888275 62.2979185352031 32.0979184719821
  endloop
endfacet
facet normal -1.0 2.1073418843276e-008 1.17702948836781e-013
  outer loop
    vertex 154.499999888275 62.2979185352031 32.0979184719821
    vertex 154.499999833527 59.7000000632205 27.1999999999992
    vertex 154.499999882582 62.0277568767867 32.4499999999993
  endloop
endfacet
facet normal -1.0 2.1073418843276e-008 1.17702948836781e-013
  outer loop
    vertex 154.499999882582 62.0277568767867 32.4499999999993
    vertex 154.499999833527 59.7000000632205 27.1999999999992
    vertex 154.499999879003 61.8579261585289 32.8600076233249
  endloop
endfacet
facet normal -1.0 2.1073418843276e-008 1.17702948836781e-013
  outer loop
    vertex 154.499999879003 61.8579261585289 32.8600076233249
    vertex 154.499999833527 59.7000000632205 27.1999999999992
    vertex 154.499999877782 61.8000000632203 33.2999999999992
  endloop
endfacet
facet normal -1.0 2.1073418843276e-008 1.17702948836781e-013
  outer loop
    vertex 154.499999978935 66.6000000632202 36.3999999999992
    vertex 154.49999992288 63.9399924398945 34.9420739046907
    vertex 154.499999833528 59.7000000632205 36.3999999999992
  endloop
endfacet
facet normal -1.0 2.1073418843276e-008 1.17702948836781e-013
  outer loop
    vertex 154.49999992288 63.9399924398945 34.9420739046907
    vertex 154.499999978935 66.6000000632202 36.3999999999992
    vertex 154.499999931519 64.3500000632203 34.7722431864328
  endloop
endfacet
facet normal -1.0 2.1073418843276e-008 1.17702948836781e-013
  outer loop
    vertex 154.499999931519 64.3500000632203 34.7722431864328
    vertex 154.499999978935 66.6000000632202 36.3999999999992
    vertex 154.499999938939 64.7020815912374 34.5020815280164
  endloop
endfacet
facet normal -1.0 2.1073418843276e-008 1.17702948836781e-013
  outer loop
    vertex 154.499999938939 64.7020815912374 34.5020815280164
    vertex 154.499999978935 66.6000000632202 36.3999999999992
    vertex 154.499999944632 64.9722432496538 34.1499999999992
  endloop
endfacet
facet normal -1.0 2.1073418843276e-008 1.17702948836781e-013
  outer loop
    vertex 154.499999944632 64.9722432496538 34.1499999999992
    vertex 154.499999978935 66.6000000632202 36.3999999999992
    vertex 154.499999948212 65.1420739679116 33.7399923766736
  endloop
endfacet
facet normal -1.0 2.1073418843276e-008 1.17702948836781e-013
  outer loop
    vertex 154.499999948212 65.1420739679116 33.7399923766736
    vertex 154.499999978935 66.6000000632202 36.3999999999992
    vertex 154.499999949432 65.2000000632203 33.2999999999992
  endloop
endfacet
facet normal -1.0 2.1073418843276e-008 1.17702948836781e-013
  outer loop
    vertex 154.499999833528 59.7000000632205 36.3999999999992
    vertex 154.49999992288 63.9399924398945 34.9420739046907
    vertex 154.499999913607 63.5000000632203 34.9999999999993
  endloop
endfacet
facet normal -1.0 2.1073418843276e-008 1.17702948836781e-013
  outer loop
    vertex 154.499999833528 59.7000000632205 36.3999999999992
    vertex 154.499999913607 63.5000000632203 34.9999999999993
    vertex 154.499999904335 63.060007686546 34.9420739046907
  endloop
endfacet
facet normal -1.0 2.1073418843276e-008 1.17702948836781e-013
  outer loop
    vertex 154.499999833528 59.7000000632205 36.3999999999992
    vertex 154.499999904335 63.060007686546 34.9420739046907
    vertex 154.499999895696 62.6500000632203 34.7722431864328
  endloop
endfacet
facet normal -1.0 2.1073418843276e-008 1.17702948836781e-013
  outer loop
    vertex 154.499999833528 59.7000000632205 36.3999999999992
    vertex 154.499999895696 62.6500000632203 34.7722431864328
    vertex 154.499999888275 62.2979185352031 34.5020815280164
  endloop
endfacet
facet normal -1.0 2.1073418843276e-008 1.17702948836781e-013
  outer loop
    vertex 154.499999833528 59.7000000632205 36.3999999999992
    vertex 154.499999888275 62.2979185352031 34.5020815280164
    vertex 154.499999882582 62.0277568767867 34.1499999999993
  endloop
endfacet
facet normal -1.0 2.1073418843276e-008 1.17702948836781e-013
  outer loop
    vertex 154.499999833528 59.7000000632205 36.3999999999992
    vertex 154.499999882582 62.0277568767867 34.1499999999993
    vertex 154.499999879003 61.8579261585289 33.7399923766736
  endloop
endfacet
facet normal -1.0 2.1073418843276e-008 1.17702948836781e-013
  outer loop
    vertex 154.499999833528 59.7000000632205 36.3999999999992
    vertex 154.499999879003 61.8579261585289 33.7399923766736
    vertex 154.499999877782 61.8000000632203 33.2999999999992
  endloop
endfacet
facet normal -1.0 2.1073418843276e-008 1.17702948836781e-013
  outer loop
    vertex 154.499999833528 59.7000000632205 36.3999999999992
    vertex 154.499999877782 61.8000000632203 33.2999999999992
    vertex 154.499999833527 59.7000000632205 27.1999999999992
  endloop
endfacet
facet normal -3.63727829681257e-007 0.999999999999914 -2.01627989334113e-007
  outer loop
    vertex 152.499952873032 67.6000008167467 41.4000027741414
    vertex 157.500000000008 67.6000000000001 38.400004570964
    vertex 152.500031088364 67.6000001647349 38.3999776682702
  endloop
endfacet
facet normal -3.63727829681257e-007 0.999999999999914 -2.01627989334113e-007
  outer loop
    vertex 157.500000000008 67.6000000000001 38.400004570964
    vertex 152.499952873032 67.6000008167467 41.4000027741414
    vertex 159.500000000008 67.5999999578535 39.400004570964
  endloop
endfacet
facet normal -3.63727829681257e-007 0.999999999999914 -2.01627989334113e-007
  outer loop
    vertex 159.500000000008 67.5999999578535 39.400004570964
    vertex 152.499952873032 67.6000008167467 41.4000027741414
    vertex 153.499923226335 67.600001185202 41.400029525568
  endloop
endfacet
facet normal -3.63727829681257e-007 0.999999999999914 -2.01627989334113e-007
  outer loop
    vertex 159.500000000008 67.5999999578535 39.400004570964
    vertex 153.499923226335 67.600001185202 41.400029525568
    vertex 159.50000998464 67.6000160613203 84.6000103077208
  endloop
endfacet
facet normal -3.63727829681257e-007 0.999999999999914 -2.01627989334113e-007
  outer loop
    vertex 159.50000998464 67.6000160613203 84.6000103077208
    vertex 153.499923226335 67.600001185202 41.400029525568
    vertex 153.499985937924 67.6000155931794 84.6000086633656
  endloop
endfacet
facet normal -3.63727829681257e-007 0.999999999999914 -2.01627989334113e-007
  outer loop
    vertex 157.500000000008 67.6000000000001 38.400004570964
    vertex 159.500000000004 67.5999999578535 -1.26898491714655e-012
    vertex 157.500000000004 67.6000000000001 -1.91193727516747e-012
  endloop
endfacet
facet normal -3.63727829681257e-007 0.999999999999914 -2.01627989334113e-007
  outer loop
    vertex 159.500000000004 67.5999999578535 -1.26898491714655e-012
    vertex 157.500000000008 67.6000000000001 38.400004570964
    vertex 159.500000000008 67.5999999578535 39.400004570964
  endloop
endfacet
facet normal 2.06797542031332e-013 -1.05419743552969e-015 1.0
  outer loop
    vertex 154.499998822005 11.7000000632203 36.3999999999992
    vertex 157.499998596518 0.999999999999863 36.3999999999986
    vertex 157.499998822005 11.7 36.3999999999986
  endloop
endfacet
facet normal 2.06797542031332e-013 -1.05419743552969e-015 1.0
  outer loop
    vertex 157.499998596518 0.999999999999863 36.3999999999986
    vertex 154.499998822005 11.7000000632203 36.3999999999992
    vertex 154.499998596519 1.00000006322 36.3999999999992
  endloop
endfacet
facet normal -1.0 2.10734196131086e-008 1.18250092933463e-013
  outer loop
    vertex 154.499998822001 11.7000000632203 0.999999999999237
    vertex 154.499998679755 4.9500000632203 2.62775681356569
    vertex 154.499998822002 11.7000000632203 6.99999999999923
  endloop
endfacet
facet normal -1.0 2.10734196131086e-008 1.18250092933463e-013
  outer loop
    vertex 154.499998679755 4.9500000632203 2.62775681356569
    vertex 154.499998822001 11.7000000632203 0.999999999999237
    vertex 154.499998671115 4.53999243989462 2.45792609530781
  endloop
endfacet
facet normal -1.0 2.10734196131086e-008 1.18250092933463e-013
  outer loop
    vertex 154.499998671115 4.53999243989462 2.45792609530781
    vertex 154.499998822001 11.7000000632203 0.999999999999237
    vertex 154.499998596514 1.00000006322 0.999999999999237
  endloop
endfacet
facet normal -1.0 2.10734196131086e-008 1.18250092933463e-013
  outer loop
    vertex 154.499998822002 11.7000000632203 6.99999999999923
    vertex 154.499998679755 4.9500000632203 2.62775681356569
    vertex 154.499998687175 5.30208159123745 2.89791847198209
  endloop
endfacet
facet normal -1.0 2.10734196131086e-008 1.18250092933463e-013
  outer loop
    vertex 154.499998822002 11.7000000632203 6.99999999999923
    vertex 154.499998687175 5.30208159123745 2.89791847198209
    vertex 154.499998692867 5.57224324965381 3.24999999999922
  endloop
endfacet
facet normal -1.0 2.10734196131086e-008 1.18250092933463e-013
  outer loop
    vertex 154.499998822002 11.7000000632203 6.99999999999923
    vertex 154.499998692867 5.57224324965381 3.24999999999922
    vertex 154.499998696447 5.74207396791176 3.66000762332495
  endloop
endfacet
facet normal -1.0 2.10734196131086e-008 1.18250092933463e-013
  outer loop
    vertex 154.499998822002 11.7000000632203 6.99999999999923
    vertex 154.499998696447 5.74207396791176 3.66000762332495
    vertex 154.499998697667 5.80000006322029 4.09999999999923
  endloop
endfacet
facet normal -1.0 2.10734196131086e-008 1.18250092933463e-013
  outer loop
    vertex 154.499998671115 4.53999243989462 2.45792609530781
    vertex 154.499998596514 1.00000006322 0.999999999999237
    vertex 154.499998661842 4.10000006322031 2.39999999999923
  endloop
endfacet
facet normal -1.0 2.10734196131086e-008 1.18250092933463e-013
  outer loop
    vertex 154.499998661842 4.10000006322031 2.39999999999923
    vertex 154.499998596514 1.00000006322 0.999999999999237
    vertex 154.499998652571 3.66000768654601 2.45792609530781
  endloop
endfacet
facet normal -1.0 2.10734196131086e-008 1.18250092933463e-013
  outer loop
    vertex 154.499998652571 3.66000768654601 2.45792609530781
    vertex 154.499998596514 1.00000006322 0.999999999999237
    vertex 154.49999864393 3.25000006322003 2.62775681356569
  endloop
endfacet
facet normal -1.0 2.10734196131086e-008 1.18250092933463e-013
  outer loop
    vertex 154.49999864393 3.25000006322003 2.62775681356569
    vertex 154.499998596514 1.00000006322 0.999999999999237
    vertex 154.499998636511 2.89791853520288 2.89791847198209
  endloop
endfacet
facet normal -1.0 2.10734196131086e-008 1.18250092933463e-013
  outer loop
    vertex 154.499998636511 2.89791853520288 2.89791847198209
    vertex 154.499998596514 1.00000006322 0.999999999999237
    vertex 154.499998630817 2.62775687678643 3.24999999999924
  endloop
endfacet
facet normal -1.0 2.10734196131086e-008 1.18250092933463e-013
  outer loop
    vertex 154.499998630817 2.62775687678643 3.24999999999924
    vertex 154.499998596514 1.00000006322 0.999999999999237
    vertex 154.499998627239 2.45792615852857 3.66000762332495
  endloop
endfacet
facet normal -1.0 2.10734196131086e-008 1.18250092933463e-013
  outer loop
    vertex 154.499998627239 2.45792615852857 3.66000762332495
    vertex 154.499998596514 1.00000006322 0.999999999999237
    vertex 154.499998626019 2.40000006322005 4.09999999999923
  endloop
endfacet
facet normal -1.0 2.10734196131086e-008 1.18250092933463e-013
  outer loop
    vertex 154.499998822002 11.7000000632203 6.99999999999923
    vertex 154.499998696447 5.74207396791176 4.53999237667352
    vertex 154.499998680809 5.00000006322029 6.99999999999923
  endloop
endfacet
facet normal -1.0 2.10734196131086e-008 1.18250092933463e-013
  outer loop
    vertex 154.499998696447 5.74207396791176 4.53999237667352
    vertex 154.499998822002 11.7000000632203 6.99999999999923
    vertex 154.499998697667 5.80000006322029 4.09999999999923
  endloop
endfacet
facet normal -1.0 2.10734196131086e-008 1.18250092933463e-013
  outer loop
    vertex 154.499998680809 5.00000006322029 6.99999999999923
    vertex 154.499998696447 5.74207396791176 4.53999237667352
    vertex 154.499998692868 5.57224324965381 4.94999999999922
  endloop
endfacet
facet normal -1.0 2.10734196131086e-008 1.18250092933463e-013
  outer loop
    vertex 154.499998680809 5.00000006322029 6.99999999999923
    vertex 154.499998692868 5.57224324965381 4.94999999999922
    vertex 154.499998687175 5.30208159123745 5.30208152801637
  endloop
endfacet
facet normal -1.0 2.10734196131086e-008 1.18250092933463e-013
  outer loop
    vertex 154.499998680809 5.00000006322029 6.99999999999923
    vertex 154.499998687175 5.30208159123745 5.30208152801637
    vertex 154.499998679755 4.9500000632203 5.57224318643277
  endloop
endfacet
facet normal -1.0 2.10734196131086e-008 1.18250092933463e-013
  outer loop
    vertex 154.499998680809 5.00000006322029 6.99999999999923
    vertex 154.499998679755 4.9500000632203 5.57224318643277
    vertex 154.499998680809 5.00000006322029 10.1999999999992
  endloop
endfacet
facet normal -1.0 2.10734196131086e-008 1.18250092933463e-013
  outer loop
    vertex 154.499998680809 5.00000006322029 10.1999999999992
    vertex 154.499998679755 4.9500000632203 5.57224318643277
    vertex 154.499998596516 1.00000006322 10.1999999999992
  endloop
endfacet
facet normal -1.0 2.10734196131086e-008 1.18250092933463e-013
  outer loop
    vertex 154.499998596516 1.00000006322 10.1999999999992
    vertex 154.499998679755 4.9500000632203 5.57224318643277
    vertex 154.499998671115 4.53999243989462 5.74207390469065
  endloop
endfacet
facet normal -1.0 2.10734196131086e-008 1.18250092933463e-013
  outer loop
    vertex 154.499998596516 1.00000006322 10.1999999999992
    vertex 154.499998671115 4.53999243989462 5.74207390469065
    vertex 154.499998661843 4.10000006322031 5.79999999999923
  endloop
endfacet
facet normal -1.0 2.10734196131086e-008 1.18250092933463e-013
  outer loop
    vertex 154.499998596516 1.00000006322 10.1999999999992
    vertex 154.499998661843 4.10000006322031 5.79999999999923
    vertex 154.499998652572 3.66000768654601 5.74207390469065
  endloop
endfacet
facet normal -1.0 2.10734196131086e-008 1.18250092933463e-013
  outer loop
    vertex 154.499998596516 1.00000006322 10.1999999999992
    vertex 154.499998652572 3.66000768654601 5.74207390469065
    vertex 154.49999864393 3.25000006322003 5.57224318643277
  endloop
endfacet
facet normal -1.0 2.10734196131086e-008 1.18250092933463e-013
  outer loop
    vertex 154.499998596516 1.00000006322 10.1999999999992
    vertex 154.49999864393 3.25000006322003 5.57224318643277
    vertex 154.499998636512 2.89791853520288 5.30208152801637
  endloop
endfacet
facet normal -1.0 2.10734196131086e-008 1.18250092933463e-013
  outer loop
    vertex 154.499998596516 1.00000006322 10.1999999999992
    vertex 154.499998636512 2.89791853520288 5.30208152801637
    vertex 154.499998630818 2.62775687678643 4.94999999999924
  endloop
endfacet
facet normal -1.0 2.10734196131086e-008 1.18250092933463e-013
  outer loop
    vertex 154.499998596516 1.00000006322 10.1999999999992
    vertex 154.499998630818 2.62775687678643 4.94999999999924
    vertex 154.499998627239 2.45792615852857 4.53999237667352
  endloop
endfacet
facet normal -1.0 2.10734196131086e-008 1.18250092933463e-013
  outer loop
    vertex 154.499998596516 1.00000006322 10.1999999999992
    vertex 154.499998627239 2.45792615852857 4.53999237667352
    vertex 154.499998626019 2.40000006322005 4.09999999999923
  endloop
endfacet
facet normal -1.0 2.10734196131086e-008 1.18250092933463e-013
  outer loop
    vertex 154.499998596516 1.00000006322 10.1999999999992
    vertex 154.499998626019 2.40000006322005 4.09999999999923
    vertex 154.499998596514 1.00000006322 0.999999999999237
  endloop
endfacet
facet normal -0.128339346206688 2.70455963612523e-009 -0.991730312239794
  outer loop
    vertex 159.49999964166 50.5954076442438 7.62469332628544
    vertex 157.499999643816 50.6976981355821 7.88351237138822
    vertex 159.499999664171 51.6636239197241 7.62469332628544
  endloop
endfacet
facet normal -0.128339346206688 2.70455963612523e-009 -0.991730312239794
  outer loop
    vertex 157.499999643816 50.6976981355821 7.88351237138822
    vertex 159.49999964166 50.5954076442438 7.62469332628544
    vertex 157.499999621305 49.6294818601016 7.88351237138822
  endloop
endfacet
facet normal -0.128339346206452 2.70454875837885e-009 0.991730312239825
  outer loop
    vertex 157.499999643815 50.6976981355821 5.51648762860906
    vertex 159.49999964166 50.5954076442438 5.77530667371134
    vertex 159.499999664171 51.6636239197241 5.77530667371134
  endloop
endfacet
facet normal -0.128339346206452 2.70454875837885e-009 0.991730312239825
  outer loop
    vertex 159.49999964166 50.5954076442438 5.77530667371134
    vertex 157.499999643815 50.6976981355821 5.51648762860906
    vertex 157.499999621305 49.6294818601016 5.51648762860906
  endloop
endfacet
facet normal 4.11109284637315e-009 0.195090322016137 -0.980785280403229
  outer loop
    vertex 159.499999681948 52.5070933105637 26.1376288624242
    vertex 157.499999702766 53.4949483199055 26.334125432577
    vertex 159.499999702766 53.4949482777587 26.3341254325767
  endloop
endfacet
facet normal 4.11109284637315e-009 0.195090322016137 -0.980785280403229
  outer loop
    vertex 157.499999702766 53.4949483199055 26.334125432577
    vertex 159.499999681948 52.5070933105637 26.1376288624242
    vertex 157.499999681948 52.5070933527105 26.1376288624244
  endloop
endfacet
facet normal 4.11134201829585e-009 0.195090322016125 0.980785280403231
  outer loop
    vertex 157.499999702764 53.4949483199055 11.0658745674203
    vertex 159.499999681946 52.5070933105636 11.2623711375725
    vertex 159.499999702764 53.4949482777587 11.06587456742
  endloop
endfacet
facet normal 4.11134201829585e-009 0.195090322016125 0.980785280403231
  outer loop
    vertex 159.499999681946 52.5070933105636 11.2623711375725
    vertex 157.499999702764 53.4949483199055 11.0658745674203
    vertex 157.499999681946 52.5070933527105 11.2623711375728
  endloop
endfacet
facet normal 1.37839141628659e-009 0.0654031292301469 0.997858923238603
  outer loop
    vertex 159.499999723944 54.499999957853 10.9999999999983
    vertex 157.499999702764 53.4949483199055 11.0658745674203
    vertex 159.499999702764 53.4949482777587 11.06587456742
  endloop
endfacet
facet normal 1.37839141628659e-009 0.0654031292301469 0.997858923238603
  outer loop
    vertex 157.499999702764 53.4949483199055 11.0658745674203
    vertex 159.499999723944 54.499999957853 10.9999999999983
    vertex 157.499999723944 54.5 10.9999999999986
  endloop
endfacet
facet normal 2.06685254169606e-008 0.98078528040322 0.195090322016179
  outer loop
    vertex 157.499999567209 47.0623711375741 16.7070933527092
    vertex 159.499999563067 46.8658745252748 17.694948319904
    vertex 159.499999567209 47.0623710954274 16.707093352709
  endloop
endfacet
facet normal 2.06685254169606e-008 0.98078528040322 0.195090322016179
  outer loop
    vertex 159.499999563067 46.8658745252748 17.694948319904
    vertex 157.499999567209 47.0623711375741 16.7070933527092
    vertex 157.499999563067 46.8658745674215 17.6949483199043
  endloop
endfacet
facet normal 1.37814372407717e-009 0.06540312923013 -0.997858923238604
  outer loop
    vertex 157.499999702766 53.4949483199055 26.334125432577
    vertex 159.499999723945 54.4999999578531 26.3999999999984
    vertex 159.499999702766 53.4949482777587 26.3341254325767
  endloop
endfacet
facet normal 1.37814372407717e-009 0.06540312923013 -0.997858923238604
  outer loop
    vertex 159.499999723945 54.4999999578531 26.3999999999984
    vertex 157.499999702766 53.4949483199055 26.334125432577
    vertex 157.499999723945 54.5 26.3999999999986
  endloop
endfacet
facet normal 2.10283075214118e-008 0.997858923238605 0.0654031292301108
  outer loop
    vertex 157.499999563067 46.8658745674215 17.6949483199043
    vertex 159.49999956168 46.7999999578532 18.6999999999984
    vertex 159.499999563067 46.8658745252748 17.694948319904
  endloop
endfacet
facet normal 2.10283075214118e-008 0.997858923238605 0.0654031292301108
  outer loop
    vertex 159.49999956168 46.7999999578532 18.6999999999984
    vertex 157.499999563067 46.8658745674215 17.6949483199043
    vertex 157.49999956168 46.7999999999999 18.6999999999986
  endloop
endfacet
facet normal 2.06684725954645e-008 0.98078528040322 -0.195090322016179
  outer loop
    vertex 157.499999563067 46.8658745674215 19.705051680093
    vertex 159.49999956721 47.0623710954274 20.6929066472878
    vertex 159.499999563067 46.8658745252748 19.7050516800928
  endloop
endfacet
facet normal 2.06684725954645e-008 0.98078528040322 -0.195090322016179
  outer loop
    vertex 159.49999956721 47.0623710954274 20.6929066472878
    vertex 157.499999563067 46.8658745674215 19.705051680093
    vertex 157.49999956721 47.0623711375741 20.6929066472881
  endloop
endfacet
facet normal 2.10282905508889e-008 0.997858923238605 -0.0654031292301108
  outer loop
    vertex 157.49999956168 46.7999999999999 18.6999999999986
    vertex 159.499999563067 46.8658745252748 19.7050516800928
    vertex 159.49999956168 46.7999999578532 18.6999999999984
  endloop
endfacet
facet normal 2.10282905508889e-008 0.997858923238605 -0.0654031292301108
  outer loop
    vertex 159.499999563067 46.8658745252748 19.7050516800928
    vertex 157.49999956168 46.7999999999999 18.6999999999986
    vertex 157.499999563067 46.8658745674215 19.705051680093
  endloop
endfacet
facet normal -1.37814667485142e-009 -0.0654031292301415 0.997858923238604
  outer loop
    vertex 157.499999745124 55.5050516800943 11.0658745674202
    vertex 159.499999723944 54.499999957853 10.9999999999983
    vertex 159.499999745124 55.5050516379474 11.06587456742
  endloop
endfacet
facet normal -1.37814667485142e-009 -0.0654031292301415 0.997858923238604
  outer loop
    vertex 159.499999723944 54.499999957853 10.9999999999983
    vertex 157.499999745124 55.5050516800943 11.0658745674202
    vertex 157.499999723944 54.5 10.9999999999986
  endloop
endfacet
facet normal -4.11110441990762e-009 -0.195090322016114 0.980785280403233
  outer loop
    vertex 159.499999765941 56.4929066051425 11.2623711375725
    vertex 157.499999745124 55.5050516800943 11.0658745674202
    vertex 159.499999745124 55.5050516379474 11.06587456742
  endloop
endfacet
facet normal -4.11110441990762e-009 -0.195090322016114 0.980785280403233
  outer loop
    vertex 157.499999745124 55.5050516800943 11.0658745674202
    vertex 159.499999765941 56.4929066051425 11.2623711375725
    vertex 157.499999765941 56.4929066472894 11.2623711375728
  endloop
endfacet
facet normal -2.06685265154843e-008 -0.980785280403238 -0.19509032201609
  outer loop
    vertex 159.499999880681 61.9376288202791 20.6929066472877
    vertex 157.499999884822 62.1341254325782 19.705051680093
    vertex 159.499999884822 62.1341253904316 19.7050516800927
  endloop
endfacet
facet normal -2.06685265154843e-008 -0.980785280403238 -0.19509032201609
  outer loop
    vertex 157.499999884822 62.1341254325782 19.705051680093
    vertex 159.499999880681 61.9376288202791 20.6929066472877
    vertex 157.499999880681 61.9376288624257 20.692906647288
  endloop
endfacet
facet normal -4.11134175863234e-009 -0.19509032201613 -0.98078528040323
  outer loop
    vertex 157.499999745126 55.5050516800943 26.334125432577
    vertex 159.499999765943 56.4929066051425 26.1376288624242
    vertex 159.499999745126 55.5050516379475 26.3341254325767
  endloop
endfacet
facet normal -4.11134175863234e-009 -0.19509032201613 -0.98078528040323
  outer loop
    vertex 159.499999765943 56.4929066051425 26.1376288624242
    vertex 157.499999745126 55.5050516800943 26.334125432577
    vertex 157.499999765943 56.4929066472894 26.1376288624244
  endloop
endfacet
facet normal -2.10283086280381e-008 -0.9978589232386 -0.0654031292301993
  outer loop
    vertex 159.499999884822 62.1341253904316 19.7050516800927
    vertex 157.49999988621 62.1999999999999 18.6999999999986
    vertex 159.49999988621 62.1999999578533 18.6999999999983
  endloop
endfacet
facet normal -2.10283086280381e-008 -0.9978589232386 -0.0654031292301993
  outer loop
    vertex 157.49999988621 62.1999999999999 18.6999999999986
    vertex 159.499999884822 62.1341253904316 19.7050516800927
    vertex 157.499999884822 62.1341254325782 19.705051680093
  endloop
endfacet
facet normal -2.10282894432909e-008 -0.997858923238599 0.0654031292302008
  outer loop
    vertex 159.49999988621 62.1999999578533 18.6999999999983
    vertex 157.499999884821 62.1341254325782 17.6949483199042
    vertex 159.499999884821 62.1341253904316 17.6949483199039
  endloop
endfacet
facet normal -2.10282894432909e-008 -0.997858923238599 0.0654031292302008
  outer loop
    vertex 157.499999884821 62.1341254325782 17.6949483199042
    vertex 159.49999988621 62.1999999578533 18.6999999999983
    vertex 157.49999988621 62.1999999999999 18.6999999999986
  endloop
endfacet
facet normal -2.06684704045068e-008 -0.980785280403237 0.195090322016092
  outer loop
    vertex 159.499999884821 62.1341253904316 17.6949483199039
    vertex 157.499999880681 61.9376288624257 16.7070933527092
    vertex 159.499999880681 61.9376288202791 16.7070933527089
  endloop
endfacet
facet normal -2.06684704045068e-008 -0.980785280403237 0.195090322016092
  outer loop
    vertex 157.499999880681 61.9376288624257 16.7070933527092
    vertex 159.499999884821 62.1341253904316 17.6949483199039
    vertex 157.499999884821 62.1341254325782 17.6949483199042
  endloop
endfacet
facet normal -1.37839134777784e-009 -0.0654031292301359 -0.997858923238604
  outer loop
    vertex 159.499999723945 54.4999999578531 26.3999999999984
    vertex 157.499999745126 55.5050516800943 26.334125432577
    vertex 159.499999745126 55.5050516379475 26.3341254325767
  endloop
endfacet
facet normal -1.37839134777784e-009 -0.0654031292301359 -0.997858923238604
  outer loop
    vertex 157.499999745126 55.5050516800943 26.334125432577
    vertex 159.499999723945 54.4999999578531 26.3999999999984
    vertex 157.499999723945 54.5 26.3999999999986
  endloop
endfacet
facet normal 2.01332100685255e-008 0.955382237413197 0.295372274317265
  outer loop
    vertex 157.499999594304 48.3481710036771 12.5481710036757
    vertex 159.499999567209 47.0623710954274 16.707093352709
    vertex 159.499999594304 48.3481709615302 12.5481710036754
  endloop
endfacet
facet normal 2.01332100685255e-008 0.955382237413197 0.295372274317265
  outer loop
    vertex 159.499999567209 47.0623710954274 16.707093352709
    vertex 157.499999594304 48.3481710036771 12.5481710036757
    vertex 157.499999567209 47.0623711375741 16.7070933527092
  endloop
endfacet
facet normal 6.22463155887209e-009 0.295372274317276 0.955382237413193
  outer loop
    vertex 159.499999681946 52.5070933105636 11.2623711375725
    vertex 157.499999594304 48.3481710036771 12.5481710036757
    vertex 159.499999594304 48.3481709615302 12.5481710036754
  endloop
endfacet
facet normal 6.22463155887209e-009 0.295372274317276 0.955382237413193
  outer loop
    vertex 157.499999594304 48.3481710036771 12.5481710036757
    vertex 159.499999681946 52.5070933105636 11.2623711375725
    vertex 157.499999681946 52.5070933527105 11.2623711375728
  endloop
endfacet
facet normal 2.01331300740154e-008 0.955382237413197 -0.295372274317264
  outer loop
    vertex 157.49999956721 47.0623711375741 20.6929066472881
    vertex 159.499999594305 48.3481709615302 24.8518289963214
    vertex 159.49999956721 47.0623710954274 20.6929066472878
  endloop
endfacet
facet normal 2.01331300740154e-008 0.955382237413197 -0.295372274317264
  outer loop
    vertex 159.499999594305 48.3481709615302 24.8518289963214
    vertex 157.49999956721 47.0623711375741 20.6929066472881
    vertex 157.499999594305 48.3481710036771 24.8518289963216
  endloop
endfacet
facet normal 6.22437438816828e-009 0.295372274317257 -0.9553822374132
  outer loop
    vertex 159.499999594305 48.3481709615302 24.8518289963214
    vertex 157.499999681948 52.5070933527105 26.1376288624244
    vertex 159.499999681948 52.5070933105637 26.1376288624242
  endloop
endfacet
facet normal 6.22437438816828e-009 0.295372274317257 -0.9553822374132
  outer loop
    vertex 157.499999681948 52.5070933527105 26.1376288624244
    vertex 159.499999594305 48.3481709615302 24.8518289963214
    vertex 157.499999594305 48.3481710036771 24.8518289963216
  endloop
endfacet
facet normal -6.2246276097146e-009 -0.295372274317252 -0.955382237413201
  outer loop
    vertex 159.499999765943 56.4929066051425 26.1376288624242
    vertex 157.499999853586 60.651828996323 24.8518289963216
    vertex 159.499999853586 60.6518289541761 24.8518289963214
  endloop
endfacet
facet normal -6.2246276097146e-009 -0.295372274317252 -0.955382237413201
  outer loop
    vertex 157.499999853586 60.651828996323 24.8518289963216
    vertex 159.499999765943 56.4929066051425 26.1376288624242
    vertex 157.499999765943 56.4929066472894 26.1376288624244
  endloop
endfacet
facet normal -2.01332100115647e-008 -0.955382237413206 -0.295372274317235
  outer loop
    vertex 159.499999853586 60.6518289541761 24.8518289963214
    vertex 157.499999880681 61.9376288624257 20.692906647288
    vertex 159.499999880681 61.9376288202791 20.6929066472877
  endloop
endfacet
facet normal -2.01332100115647e-008 -0.955382237413206 -0.295372274317235
  outer loop
    vertex 157.499999880681 61.9376288624257 20.692906647288
    vertex 159.499999853586 60.6518289541761 24.8518289963214
    vertex 157.499999853586 60.651828996323 24.8518289963216
  endloop
endfacet
facet normal -6.22438367999661e-009 -0.295372274317267 0.955382237413197
  outer loop
    vertex 157.499999853585 60.6518289963228 12.5481710036756
    vertex 159.499999765941 56.4929066051425 11.2623711375725
    vertex 159.499999853584 60.651828954176 12.5481710036754
  endloop
endfacet
facet normal -6.22438367999661e-009 -0.295372274317267 0.955382237413197
  outer loop
    vertex 159.499999765941 56.4929066051425 11.2623711375725
    vertex 157.499999853585 60.6518289963228 12.5481710036756
    vertex 157.499999765941 56.4929066472894 11.2623711375728
  endloop
endfacet
facet normal -2.01331283903871e-008 -0.955382237413196 0.295372274317267
  outer loop
    vertex 159.499999880681 61.9376288202791 16.7070933527089
    vertex 157.499999853585 60.6518289963228 12.5481710036756
    vertex 159.499999853584 60.651828954176 12.5481710036754
  endloop
endfacet
facet normal -2.01331283903871e-008 -0.955382237413196 0.295372274317267
  outer loop
    vertex 157.499999853585 60.6518289963228 12.5481710036756
    vertex 159.499999880681 61.9376288202791 16.7070933527089
    vertex 157.499999880681 61.9376288624257 16.7070933527092
  endloop
endfacet
facet normal 3.39988362053079e-008 2.1048200656133e-010 -1.0
  outer loop
    vertex 152.499997876659 -10.9999998175475 -2.28476848418424e-007
    vertex 157.499998554368 -0.999999999999051 -3.80695475143966e-012
    vertex 159.499996435 -11.0000001475182 -1.40434330830885e-012
  endloop
endfacet
facet normal 3.39988362053079e-008 2.1048200656133e-010 -1.0
  outer loop
    vertex 157.499998554368 -0.999999999999051 -3.80695475143966e-012
    vertex 152.499997876659 -10.9999998175475 -2.28476848418424e-007
    vertex 152.499999996027 -0.999999712176228 -2.28476690500301e-007
  endloop
endfacet
facet normal 3.39988362053079e-008 2.1048200656133e-010 -1.0
  outer loop
    vertex 159.499996435 -11.0000001475182 -1.40434330830885e-012
    vertex 157.500000000004 67.6000000000001 -1.91193727516747e-012
    vertex 159.500000000004 67.5999999578535 -1.26898491714655e-012
  endloop
endfacet
facet normal 3.39988362053079e-008 2.1048200656133e-010 -1.0
  outer loop
    vertex 157.500000000004 67.6000000000001 -1.91193727516747e-012
    vertex 159.499996435 -11.0000001475182 -1.40434330830885e-012
    vertex 157.499998554368 -0.999999999999051 -3.80695475143966e-012
  endloop
endfacet
facet normal -2.03037586812347e-013 -3.2695220778812e-015 -1.0
  outer loop
    vertex 157.499999833524 59.6999999999999 0.99999999999865
    vertex 154.499999978931 66.6000000632202 0.999999999999237
    vertex 157.499999978931 66.5999999999999 0.999999999998628
  endloop
endfacet
facet normal -2.03037586812347e-013 -3.2695220778812e-015 -1.0
  outer loop
    vertex 154.499999978931 66.6000000632202 0.999999999999237
    vertex 157.499999833524 59.6999999999999 0.99999999999865
    vertex 154.499999833524 59.7000000632205 0.999999999999259
  endloop
endfacet
facet normal -2.03037586743411e-013 4.27868583097482e-021 -1.0
  outer loop
    vertex 157.499998596516 0.999999999999863 0.999999999998628
    vertex 154.499998822001 11.7000000632203 0.999999999999237
    vertex 157.499998822001 11.7 0.999999999998628
  endloop
endfacet
facet normal -2.03037586743411e-013 4.27868583097482e-021 -1.0
  outer loop
    vertex 154.499998822001 11.7000000632203 0.999999999999237
    vertex 157.499998596516 0.999999999999863 0.999999999998628
    vertex 154.499998596514 1.00000006322 0.999999999999237
  endloop
endfacet
facet normal -2.10734790025609e-008 -1.0 3.54045009279939e-027
  outer loop
    vertex 157.499998596516 0.999999999999863 10.1999999999986
    vertex 154.499998596514 1.00000006322 0.999999999999237
    vertex 157.499998596516 0.999999999999863 0.999999999998628
  endloop
endfacet
facet normal -2.10734790025609e-008 -1.0 3.54045009279939e-027
  outer loop
    vertex 154.499998596514 1.00000006322 0.999999999999237
    vertex 157.499998596516 0.999999999999863 10.1999999999986
    vertex 154.499998596516 1.00000006322 10.1999999999992
  endloop
endfacet
facet normal -2.75076287377216e-009 -0.130526192220053 -0.99144486137381
  outer loop
    vertex 152.499999890661 -5.99999976486019 29.0999997715261
    vertex 159.499998458276 -5.56000771815621 29.04207390469
    vertex 159.499998449004 -6.00000009483052 29.0999999999986
  endloop
endfacet
facet normal -2.75076287377216e-009 -0.130526192220053 -0.99144486137381
  outer loop
    vertex 159.499998458276 -5.56000771815621 29.04207390469
    vertex 152.499999890661 -5.99999976486019 29.0999997715261
    vertex 152.499999899933 -5.56000738818588 29.0420736762175
  endloop
endfacet
facet normal 2.75052489339018e-009 0.130526192220053 -0.99144486137381
  outer loop
    vertex 152.499999881389 -6.43999214153449 29.0420736762175
    vertex 159.499998449004 -6.00000009483052 29.0999999999986
    vertex 159.499998439732 -6.43999247150483 29.04207390469
  endloop
endfacet
facet normal 2.75052489339018e-009 0.130526192220053 -0.99144486137381
  outer loop
    vertex 159.499998449004 -6.00000009483052 29.0999999999986
    vertex 152.499999881389 -6.43999214153449 29.0420736762175
    vertex 152.499999890661 -5.99999976486019 29.0999997715261
  endloop
endfacet
facet normal 8.06436893452523e-009 0.382683432365092 -0.923879532511286
  outer loop
    vertex 152.499999872748 -6.84999976486017 28.8722429579597
    vertex 159.499998439732 -6.43999247150483 29.04207390469
    vertex 159.499998431093 -6.85000009483051 28.8722431864321
  endloop
endfacet
facet normal 8.06436893452523e-009 0.382683432365092 -0.923879532511286
  outer loop
    vertex 159.499998439732 -6.43999247150483 29.04207390469
    vertex 152.499999872748 -6.84999976486017 28.8722429579597
    vertex 152.499999881389 -6.43999214153449 29.0420736762175
  endloop
endfacet
facet normal 1.28286395597721e-008 0.608761429008719 -0.793353340291236
  outer loop
    vertex 159.499998423672 -7.20208162284766 28.6020815280157
    vertex 152.499999872748 -6.84999976486017 28.8722429579597
    vertex 159.499998431093 -6.85000009483051 28.8722431864321
  endloop
endfacet
facet normal 1.28286395597721e-008 0.608761429008719 -0.793353340291236
  outer loop
    vertex 152.499999872748 -6.84999976486017 28.8722429579597
    vertex 159.499998423672 -7.20208162284766 28.6020815280157
    vertex 152.499999865329 -7.20208129287732 28.6020812995432
  endloop
endfacet
facet normal 1.67186595993498e-008 0.793353340291233 -0.608761429008723
  outer loop
    vertex 152.499999865329 -7.20208129287732 28.6020812995432
    vertex 159.499998417979 -7.47224328126406 28.2499999999986
    vertex 152.499999859636 -7.47224295129368 28.2499997715261
  endloop
endfacet
facet normal 1.67186595993498e-008 0.793353340291233 -0.608761429008723
  outer loop
    vertex 159.499998417979 -7.47224328126406 28.2499999999986
    vertex 152.499999865329 -7.20208129287732 28.6020812995432
    vertex 159.499998423672 -7.20208162284766 28.6020815280157
  endloop
endfacet
facet normal 1.94693306161232e-008 0.923879532511286 -0.382683432365091
  outer loop
    vertex 152.499999859636 -7.47224295129368 28.2499997715261
    vertex 159.4999984144 -7.64207399952192 27.8399923766729
    vertex 152.499999856057 -7.64207366955163 27.8399921482004
  endloop
endfacet
facet normal 1.94693306161232e-008 0.923879532511286 -0.382683432365091
  outer loop
    vertex 159.4999984144 -7.64207399952192 27.8399923766729
    vertex 152.499999859636 -7.47224295129368 28.2499997715261
    vertex 159.499998417979 -7.47224328126406 28.2499999999986
  endloop
endfacet
facet normal 2.0893198925998e-008 0.99144486137381 -0.130526192220052
  outer loop
    vertex 152.499999856057 -7.64207366955163 27.8399921482004
    vertex 159.499998413179 -7.7000000948305 27.3999999999986
    vertex 152.499999854836 -7.69999976486016 27.3999997715261
  endloop
endfacet
facet normal 2.0893198925998e-008 0.99144486137381 -0.130526192220052
  outer loop
    vertex 159.499998413179 -7.7000000948305 27.3999999999986
    vertex 152.499999856057 -7.64207366955163 27.8399921482004
    vertex 159.4999984144 -7.64207399952192 27.8399923766729
  endloop
endfacet
facet normal 2.08932302567096e-008 0.991444861373811 0.130526192220049
  outer loop
    vertex 152.499999854836 -7.69999976486016 27.3999997715261
    vertex 159.4999984144 -7.64207399952197 26.9600076233243
    vertex 152.499999856056 -7.64207366955163 26.9600073948518
  endloop
endfacet
facet normal 2.08932302567096e-008 0.991444861373811 0.130526192220049
  outer loop
    vertex 159.4999984144 -7.64207399952197 26.9600076233243
    vertex 152.499999854836 -7.69999976486016 27.3999997715261
    vertex 159.499998413179 -7.7000000948305 27.3999999999986
  endloop
endfacet
facet normal 1.94694224731221e-008 0.92387953251129 0.382683432365081
  outer loop
    vertex 152.499999856056 -7.64207366955163 26.9600073948518
    vertex 159.499998417978 -7.47224328126406 26.5499999999986
    vertex 152.499999859635 -7.47224295129368 26.5499997715261
  endloop
endfacet
facet normal 1.94694224731221e-008 0.92387953251129 0.382683432365081
  outer loop
    vertex 159.499998417978 -7.47224328126406 26.5499999999986
    vertex 152.499999856056 -7.64207366955163 26.9600073948518
    vertex 159.4999984144 -7.64207399952197 26.9600076233243
  endloop
endfacet
facet normal 1.67188057227331e-008 0.793353340291235 0.608761429008721
  outer loop
    vertex 152.499999859635 -7.47224295129368 26.5499997715261
    vertex 159.499998423672 -7.20208162284766 26.1979184719814
    vertex 152.499999865328 -7.20208129287732 26.197918243509
  endloop
endfacet
facet normal 1.67188057227331e-008 0.793353340291235 0.608761429008721
  outer loop
    vertex 159.499998423672 -7.20208162284766 26.1979184719814
    vertex 152.499999859635 -7.47224295129368 26.5499997715261
    vertex 159.499998417978 -7.47224328126406 26.5499999999986
  endloop
endfacet
facet normal 1.28288299914729e-008 0.608761429008727 0.79335334029123
  outer loop
    vertex 152.499999872748 -6.84999976486017 25.9277565850925
    vertex 159.499998423672 -7.20208162284766 26.1979184719814
    vertex 159.499998431092 -6.85000009483051 25.927756813565
  endloop
endfacet
facet normal 1.28288299914729e-008 0.608761429008727 0.79335334029123
  outer loop
    vertex 159.499998423672 -7.20208162284766 26.1979184719814
    vertex 152.499999872748 -6.84999976486017 25.9277565850925
    vertex 152.499999865328 -7.20208129287732 26.197918243509
  endloop
endfacet
facet normal 8.06459069693747e-009 0.382683432365093 0.923879532511286
  outer loop
    vertex 159.499998439732 -6.43999247150483 25.7579260953072
    vertex 152.499999872748 -6.84999976486017 25.9277565850925
    vertex 159.499998431092 -6.85000009483051 25.927756813565
  endloop
endfacet
facet normal 8.06459069693747e-009 0.382683432365093 0.923879532511286
  outer loop
    vertex 152.499999872748 -6.84999976486017 25.9277565850925
    vertex 159.499998439732 -6.43999247150483 25.7579260953072
    vertex 152.499999881388 -6.43999214153449 25.7579258668347
  endloop
endfacet
facet normal 2.75076287377216e-009 0.130526192220053 0.99144486137381
  outer loop
    vertex 159.499998449004 -6.00000009483052 25.6999999999986
    vertex 152.499999881388 -6.43999214153449 25.7579258668347
    vertex 159.499998439732 -6.43999247150483 25.7579260953072
  endloop
endfacet
facet normal 2.75076287377216e-009 0.130526192220053 0.99144486137381
  outer loop
    vertex 152.499999881388 -6.43999214153449 25.7579258668347
    vertex 159.499998449004 -6.00000009483052 25.6999999999986
    vertex 152.49999989066 -5.99999976486019 25.6999997715261
  endloop
endfacet
facet normal -2.75052489339018e-009 -0.130526192220052 0.99144486137381
  outer loop
    vertex 152.499999899933 -5.56000738818588 25.7579258668347
    vertex 159.499998449004 -6.00000009483052 25.6999999999986
    vertex 159.499998458276 -5.56000771815621 25.7579260953072
  endloop
endfacet
facet normal -2.75052489339018e-009 -0.130526192220052 0.99144486137381
  outer loop
    vertex 159.499998449004 -6.00000009483052 25.6999999999986
    vertex 152.499999899933 -5.56000738818588 25.7579258668347
    vertex 152.49999989066 -5.99999976486019 25.6999997715261
  endloop
endfacet
facet normal -8.06436893452524e-009 -0.382683432365092 0.923879532511286
  outer loop
    vertex 152.499999908573 -5.1499997648602 25.9277565850925
    vertex 159.499998458276 -5.56000771815621 25.7579260953072
    vertex 159.499998466917 -5.15000009483053 25.927756813565
  endloop
endfacet
facet normal -8.06436893452524e-009 -0.382683432365092 0.923879532511286
  outer loop
    vertex 159.499998458276 -5.56000771815621 25.7579260953072
    vertex 152.499999908573 -5.1499997648602 25.9277565850925
    vertex 152.499999899933 -5.56000738818588 25.7579258668347
  endloop
endfacet
facet normal -1.28286395597721e-008 -0.608761429008719 0.793353340291236
  outer loop
    vertex 159.499998474336 -4.79791856681338 26.1979184719814
    vertex 152.499999908573 -5.1499997648602 25.9277565850925
    vertex 159.499998466917 -5.15000009483053 25.927756813565
  endloop
endfacet
facet normal -1.28286395597721e-008 -0.608761429008719 0.793353340291236
  outer loop
    vertex 152.499999908573 -5.1499997648602 25.9277565850925
    vertex 159.499998474336 -4.79791856681338 26.1979184719814
    vertex 152.499999915993 -4.79791823684305 26.197918243509
  endloop
endfacet
facet normal -1.67186595993498e-008 -0.793353340291233 0.608761429008723
  outer loop
    vertex 159.499998474336 -4.79791856681338 26.1979184719814
    vertex 152.499999921686 -4.5277565784266 26.5499997715261
    vertex 152.499999915993 -4.79791823684305 26.197918243509
  endloop
endfacet
facet normal -1.67186595993498e-008 -0.793353340291233 0.608761429008723
  outer loop
    vertex 152.499999921686 -4.5277565784266 26.5499997715261
    vertex 159.499998474336 -4.79791856681338 26.1979184719814
    vertex 159.49999848003 -4.52775690839698 26.5499999999986
  endloop
endfacet
facet normal -1.94693306161232e-008 -0.923879532511287 0.382683432365089
  outer loop
    vertex 159.49999848003 -4.52775690839698 26.5499999999986
    vertex 152.499999925265 -4.35792586016874 26.9600073948518
    vertex 152.499999921686 -4.5277565784266 26.5499997715261
  endloop
endfacet
facet normal -1.94693306161232e-008 -0.923879532511287 0.382683432365089
  outer loop
    vertex 152.499999925265 -4.35792586016874 26.9600073948518
    vertex 159.49999848003 -4.52775690839698 26.5499999999986
    vertex 159.499998483608 -4.35792619013908 26.9600076233243
  endloop
endfacet
facet normal -2.08931989259979e-008 -0.99144486137381 0.130526192220053
  outer loop
    vertex 159.499998483608 -4.35792619013908 26.9600076233243
    vertex 152.499999926486 -4.29999976486021 27.3999997715261
    vertex 152.499999925265 -4.35792586016874 26.9600073948518
  endloop
endfacet
facet normal -2.08931989259979e-008 -0.99144486137381 0.130526192220053
  outer loop
    vertex 152.499999926486 -4.29999976486021 27.3999997715261
    vertex 159.499998483608 -4.35792619013908 26.9600076233243
    vertex 159.499998484829 -4.3000000948305 27.3999999999986
  endloop
endfacet
facet normal -2.08932302567096e-008 -0.991444861373811 -0.130526192220047
  outer loop
    vertex 159.499998484829 -4.3000000948305 27.3999999999986
    vertex 152.499999925265 -4.35792586016874 27.8399921482004
    vertex 152.499999926486 -4.29999976486021 27.3999997715261
  endloop
endfacet
facet normal -2.08932302567096e-008 -0.991444861373811 -0.130526192220047
  outer loop
    vertex 152.499999925265 -4.35792586016874 27.8399921482004
    vertex 159.499998484829 -4.3000000948305 27.3999999999986
    vertex 159.499998483608 -4.35792619013908 27.8399923766728
  endloop
endfacet
facet normal -1.9469422473122e-008 -0.923879532511288 -0.382683432365087
  outer loop
    vertex 159.499998483608 -4.35792619013908 27.8399923766728
    vertex 152.499999921686 -4.5277565784266 28.2499997715261
    vertex 152.499999925265 -4.35792586016874 27.8399921482004
  endloop
endfacet
facet normal -1.9469422473122e-008 -0.923879532511288 -0.382683432365087
  outer loop
    vertex 152.499999921686 -4.5277565784266 28.2499997715261
    vertex 159.499998483608 -4.35792619013908 27.8399923766728
    vertex 159.49999848003 -4.52775690839698 28.2499999999986
  endloop
endfacet
facet normal -1.67188057227332e-008 -0.793353340291239 -0.608761429008715
  outer loop
    vertex 159.49999848003 -4.52775690839698 28.2499999999986
    vertex 152.499999915993 -4.79791823684305 28.6020812995432
    vertex 152.499999921686 -4.5277565784266 28.2499997715261
  endloop
endfacet
facet normal -1.67188057227332e-008 -0.793353340291239 -0.608761429008715
  outer loop
    vertex 152.499999915993 -4.79791823684305 28.6020812995432
    vertex 159.49999848003 -4.52775690839698 28.2499999999986
    vertex 159.499998474336 -4.79791856681338 28.6020815280157
  endloop
endfacet
facet normal -1.28288299914728e-008 -0.60876142900872 -0.793353340291236
  outer loop
    vertex 152.499999908573 -5.1499997648602 28.8722429579597
    vertex 159.499998474336 -4.79791856681338 28.6020815280157
    vertex 159.499998466918 -5.15000009483053 28.8722431864321
  endloop
endfacet
facet normal -1.28288299914728e-008 -0.60876142900872 -0.793353340291236
  outer loop
    vertex 159.499998474336 -4.79791856681338 28.6020815280157
    vertex 152.499999908573 -5.1499997648602 28.8722429579597
    vertex 152.499999915993 -4.79791823684305 28.6020812995432
  endloop
endfacet
facet normal -8.06459069693747e-009 -0.382683432365093 -0.923879532511286
  outer loop
    vertex 159.499998458276 -5.56000771815621 29.04207390469
    vertex 152.499999908573 -5.1499997648602 28.8722429579597
    vertex 159.499998466918 -5.15000009483053 28.8722431864321
  endloop
endfacet
facet normal -8.06459069693747e-009 -0.382683432365093 -0.923879532511286
  outer loop
    vertex 152.499999908573 -5.1499997648602 28.8722429579597
    vertex 159.499998458276 -5.56000771815621 29.04207390469
    vertex 152.499999899933 -5.56000738818588 29.0420736762175
  endloop
endfacet
facet normal -2.75075158895781e-009 -0.130526192220053 -0.99144486137381
  outer loop
    vertex 152.500000126444 -5.99999976486057 11.6999997715261
    vertex 159.499998458274 -5.56000771815626 11.6420739046901
    vertex 159.499998449002 -6.00000009483052 11.6999999999987
  endloop
endfacet
facet normal -2.75075158895781e-009 -0.130526192220053 -0.99144486137381
  outer loop
    vertex 159.499998458274 -5.56000771815626 11.6420739046901
    vertex 152.500000126444 -5.99999976486057 11.6999997715261
    vertex 152.500000135716 -5.56000738818626 11.6420736762175
  endloop
endfacet
facet normal 2.75053935666981e-009 0.13052619222005 -0.991444861373811
  outer loop
    vertex 152.500000117172 -6.43999214153488 11.6420736762175
    vertex 159.499998449002 -6.00000009483052 11.6999999999987
    vertex 159.49999843973 -6.43999247150483 11.6420739046901
  endloop
endfacet
facet normal 2.75053935666981e-009 0.13052619222005 -0.991444861373811
  outer loop
    vertex 159.499998449002 -6.00000009483052 11.6999999999987
    vertex 152.500000117172 -6.43999214153488 11.6420736762175
    vertex 152.500000126444 -5.99999976486057 11.6999997715261
  endloop
endfacet
facet normal 8.06438559062162e-009 0.382683432365093 -0.923879532511286
  outer loop
    vertex 152.500000108531 -6.84999976486056 11.4722429579596
    vertex 159.49999843973 -6.43999247150483 11.6420739046901
    vertex 159.49999843109 -6.85000009483055 11.4722431864322
  endloop
endfacet
facet normal 8.06438559062162e-009 0.382683432365093 -0.923879532511286
  outer loop
    vertex 159.49999843973 -6.43999247150483 11.6420739046901
    vertex 152.500000108531 -6.84999976486056 11.4722429579596
    vertex 152.500000117172 -6.43999214153488 11.6420736762175
  endloop
endfacet
facet normal 1.28286572735998e-008 0.608761429008719 -0.793353340291236
  outer loop
    vertex 159.49999842367 -7.20208162284766 11.2020815280158
    vertex 152.500000108531 -6.84999976486056 11.4722429579596
    vertex 159.49999843109 -6.85000009483055 11.4722431864322
  endloop
endfacet
facet normal 1.28286572735998e-008 0.608761429008719 -0.793353340291236
  outer loop
    vertex 152.500000108531 -6.84999976486056 11.4722429579596
    vertex 159.49999842367 -7.20208162284766 11.2020815280158
    vertex 152.500000101112 -7.20208129287771 11.2020812995432
  endloop
endfacet
facet normal 1.67186771637407e-008 0.793353340291236 -0.608761429008719
  outer loop
    vertex 152.500000101112 -7.20208129287771 11.2020812995432
    vertex 159.499998417976 -7.47224328126411 10.8499999999987
    vertex 152.500000095419 -7.47224295129407 10.8499997715261
  endloop
endfacet
facet normal 1.67186771637407e-008 0.793353340291236 -0.608761429008719
  outer loop
    vertex 159.499998417976 -7.47224328126411 10.8499999999987
    vertex 152.500000101112 -7.20208129287771 11.2020812995432
    vertex 159.49999842367 -7.20208162284766 11.2020815280158
  endloop
endfacet
facet normal 1.9469346834093e-008 0.923879532511288 -0.382683432365087
  outer loop
    vertex 152.500000095419 -7.47224295129407 10.8499997715261
    vertex 159.499998414397 -7.64207399952197 10.439992376673
    vertex 152.50000009184 -7.64207366955202 10.4399921482004
  endloop
endfacet
facet normal 1.9469346834093e-008 0.923879532511288 -0.382683432365087
  outer loop
    vertex 159.499998414397 -7.64207399952197 10.439992376673
    vertex 152.500000095419 -7.47224295129407 10.8499997715261
    vertex 159.499998417976 -7.47224328126411 10.8499999999987
  endloop
endfacet
facet normal 2.08932126923189e-008 0.99144486137381 -0.130526192220052
  outer loop
    vertex 152.50000009184 -7.64207366955202 10.4399921482004
    vertex 159.499998413177 -7.70000009483054 9.99999999999867
    vertex 152.500000090619 -7.69999976486054 9.99999977152608
  endloop
endfacet
facet normal 2.08932126923189e-008 0.99144486137381 -0.130526192220052
  outer loop
    vertex 159.499998413177 -7.70000009483054 9.99999999999867
    vertex 152.50000009184 -7.64207366955202 10.4399921482004
    vertex 159.499998414397 -7.64207399952197 10.439992376673
  endloop
endfacet
facet normal 2.08932406332296e-008 0.99144486137381 0.130526192220052
  outer loop
    vertex 152.500000090619 -7.69999976486054 9.99999977152608
    vertex 159.499998414397 -7.64207399952197 9.56000762332438
    vertex 152.500000091839 -7.64207366955202 9.56000739485179
  endloop
endfacet
facet normal 2.08932406332296e-008 0.99144486137381 0.130526192220052
  outer loop
    vertex 159.499998414397 -7.64207399952197 9.56000762332438
    vertex 152.500000090619 -7.69999976486054 9.99999977152608
    vertex 159.499998413177 -7.70000009483054 9.99999999999867
  endloop
endfacet
facet normal 1.94694287526985e-008 0.923879532511289 0.382683432365084
  outer loop
    vertex 152.500000091839 -7.64207366955202 9.56000739485179
    vertex 159.499998417976 -7.47224328126411 9.14999999999867
    vertex 152.500000095418 -7.47224295129407 9.14999977152608
  endloop
endfacet
facet normal 1.94694287526985e-008 0.923879532511289 0.382683432365084
  outer loop
    vertex 159.499998417976 -7.47224328126411 9.14999999999867
    vertex 152.500000091839 -7.64207366955202 9.56000739485179
    vertex 159.499998414397 -7.64207399952197 9.56000762332438
  endloop
endfacet
facet normal 1.67188074774232e-008 0.793353340291237 0.608761429008718
  outer loop
    vertex 152.500000095418 -7.47224295129407 9.14999977152608
    vertex 159.49999842367 -7.20208162284766 8.79791847198154
    vertex 152.500000101111 -7.20208129287771 8.79791824350895
  endloop
endfacet
facet normal 1.67188074774232e-008 0.793353340291237 0.608761429008718
  outer loop
    vertex 159.49999842367 -7.20208162284766 8.79791847198154
    vertex 152.500000095418 -7.47224295129407 9.14999977152608
    vertex 159.499998417976 -7.47224328126411 9.14999999999867
  endloop
endfacet
facet normal 1.28288271016973e-008 0.608761429008721 0.793353340291235
  outer loop
    vertex 152.500000108531 -6.84999976486056 8.52775658509254
    vertex 159.49999842367 -7.20208162284766 8.79791847198154
    vertex 159.49999843109 -6.85000009483055 8.52775681356511
  endloop
endfacet
facet normal 1.28288271016973e-008 0.608761429008721 0.793353340291235
  outer loop
    vertex 159.49999842367 -7.20208162284766 8.79791847198154
    vertex 152.500000108531 -6.84999976486056 8.52775658509254
    vertex 152.500000101111 -7.20208129287771 8.79791824350895
  endloop
endfacet
facet normal 8.06458335962986e-009 0.382683432365093 0.923879532511286
  outer loop
    vertex 159.499998439729 -6.43999247150483 8.35792609530725
    vertex 152.500000108531 -6.84999976486056 8.52775658509254
    vertex 159.49999843109 -6.85000009483055 8.52775681356511
  endloop
endfacet
facet normal 8.06458335962986e-009 0.382683432365093 0.923879532511286
  outer loop
    vertex 152.500000108531 -6.84999976486056 8.52775658509254
    vertex 159.499998439729 -6.43999247150483 8.35792609530725
    vertex 152.500000117171 -6.43999214153488 8.35792586683466
  endloop
endfacet
facet normal 2.75075158895781e-009 0.130526192220053 0.99144486137381
  outer loop
    vertex 159.499998449001 -6.00000009483052 8.29999999999866
    vertex 152.500000117171 -6.43999214153488 8.35792586683466
    vertex 159.499998439729 -6.43999247150483 8.35792609530725
  endloop
endfacet
facet normal 2.75075158895781e-009 0.130526192220053 0.99144486137381
  outer loop
    vertex 152.500000117171 -6.43999214153488 8.35792586683466
    vertex 159.499998449001 -6.00000009483052 8.29999999999866
    vertex 152.500000126443 -5.99999976486057 8.29999977152608
  endloop
endfacet
facet normal -2.75053935666981e-009 -0.13052619222005 0.991444861373811
  outer loop
    vertex 152.500000135716 -5.56000738818626 8.35792586683465
    vertex 159.499998449001 -6.00000009483052 8.29999999999866
    vertex 159.499998458273 -5.56000771815626 8.35792609530724
  endloop
endfacet
facet normal -2.75053935666981e-009 -0.13052619222005 0.991444861373811
  outer loop
    vertex 159.499998449001 -6.00000009483052 8.29999999999866
    vertex 152.500000135716 -5.56000738818626 8.35792586683465
    vertex 152.500000126443 -5.99999976486057 8.29999977152608
  endloop
endfacet
facet normal -8.06438559062162e-009 -0.382683432365093 0.923879532511286
  outer loop
    vertex 152.500000144356 -5.14999976486058 8.52775658509254
    vertex 159.499998458273 -5.56000771815626 8.35792609530724
    vertex 159.499998466915 -5.15000009483053 8.52775681356511
  endloop
endfacet
facet normal -8.06438559062162e-009 -0.382683432365093 0.923879532511286
  outer loop
    vertex 159.499998458273 -5.56000771815626 8.35792609530724
    vertex 152.500000144356 -5.14999976486058 8.52775658509254
    vertex 152.500000135716 -5.56000738818626 8.35792586683465
  endloop
endfacet
facet normal -1.28286572735997e-008 -0.608761429008718 0.793353340291237
  outer loop
    vertex 159.499998474333 -4.79791856681343 8.79791847198153
    vertex 152.500000144356 -5.14999976486058 8.52775658509254
    vertex 159.499998466915 -5.15000009483053 8.52775681356511
  endloop
endfacet
facet normal -1.28286572735997e-008 -0.608761429008718 0.793353340291237
  outer loop
    vertex 152.500000144356 -5.14999976486058 8.52775658509254
    vertex 159.499998474333 -4.79791856681343 8.79791847198153
    vertex 152.500000151776 -4.79791823684343 8.79791824350894
  endloop
endfacet
facet normal -1.67186771637407e-008 -0.793353340291237 0.608761429008719
  outer loop
    vertex 159.499998474333 -4.79791856681343 8.79791847198153
    vertex 152.500000157469 -4.52775657842698 9.14999977152608
    vertex 152.500000151776 -4.79791823684343 8.79791824350894
  endloop
endfacet
facet normal -1.67186771637407e-008 -0.793353340291237 0.608761429008719
  outer loop
    vertex 152.500000157469 -4.52775657842698 9.14999977152608
    vertex 159.499998474333 -4.79791856681343 8.79791847198153
    vertex 159.499998480027 -4.52775690839703 9.14999999999867
  endloop
endfacet
facet normal -1.9469346834093e-008 -0.923879532511288 0.382683432365087
  outer loop
    vertex 159.499998480027 -4.52775690839703 9.14999999999867
    vertex 152.500000161048 -4.35792586016912 9.56000739485179
    vertex 152.500000157469 -4.52775657842698 9.14999977152608
  endloop
endfacet
facet normal -1.9469346834093e-008 -0.923879532511288 0.382683432365087
  outer loop
    vertex 152.500000161048 -4.35792586016912 9.56000739485179
    vertex 159.499998480027 -4.52775690839703 9.14999999999867
    vertex 159.499998483606 -4.35792619013912 9.56000762332438
  endloop
endfacet
facet normal -2.08932126923189e-008 -0.99144486137381 0.130526192220052
  outer loop
    vertex 159.499998483606 -4.35792619013912 9.56000762332438
    vertex 152.500000162269 -4.2999997648606 9.99999977152608
    vertex 152.500000161048 -4.35792586016912 9.56000739485179
  endloop
endfacet
facet normal -2.08932126923189e-008 -0.99144486137381 0.130526192220052
  outer loop
    vertex 152.500000162269 -4.2999997648606 9.99999977152608
    vertex 159.499998483606 -4.35792619013912 9.56000762332438
    vertex 159.499998484826 -4.30000009483055 9.99999999999867
  endloop
endfacet
facet normal -2.08932406332296e-008 -0.99144486137381 -0.13052619222005
  outer loop
    vertex 159.499998484826 -4.30000009483055 9.99999999999867
    vertex 152.500000161048 -4.35792586016912 10.4399921482004
    vertex 152.500000162269 -4.2999997648606 9.99999977152608
  endloop
endfacet
facet normal -2.08932406332296e-008 -0.99144486137381 -0.13052619222005
  outer loop
    vertex 152.500000161048 -4.35792586016912 10.4399921482004
    vertex 159.499998484826 -4.30000009483055 9.99999999999867
    vertex 159.499998483606 -4.35792619013912 10.439992376673
  endloop
endfacet
facet normal -1.94694287526985e-008 -0.923879532511288 -0.382683432365086
  outer loop
    vertex 159.499998483606 -4.35792619013912 10.439992376673
    vertex 152.500000157469 -4.52775657842698 10.8499997715261
    vertex 152.500000161048 -4.35792586016912 10.4399921482004
  endloop
endfacet
facet normal -1.94694287526985e-008 -0.923879532511288 -0.382683432365086
  outer loop
    vertex 152.500000157469 -4.52775657842698 10.8499997715261
    vertex 159.499998483606 -4.35792619013912 10.439992376673
    vertex 159.499998480027 -4.52775690839698 10.8499999999987
  endloop
endfacet
facet normal -1.67188074774232e-008 -0.793353340291237 -0.608761429008718
  outer loop
    vertex 159.499998480027 -4.52775690839698 10.8499999999987
    vertex 152.500000151776 -4.79791823684343 11.2020812995432
    vertex 152.500000157469 -4.52775657842698 10.8499997715261
  endloop
endfacet
facet normal -1.67188074774232e-008 -0.793353340291237 -0.608761429008718
  outer loop
    vertex 152.500000151776 -4.79791823684343 11.2020812995432
    vertex 159.499998480027 -4.52775690839698 10.8499999999987
    vertex 159.499998474333 -4.79791856681338 11.2020815280158
  endloop
endfacet
facet normal -1.28288271016973e-008 -0.608761429008721 -0.793353340291235
  outer loop
    vertex 152.500000144356 -5.14999976486058 11.4722429579596
    vertex 159.499998474333 -4.79791856681338 11.2020815280158
    vertex 159.499998466915 -5.15000009483053 11.4722431864322
  endloop
endfacet
facet normal -1.28288271016973e-008 -0.608761429008721 -0.793353340291235
  outer loop
    vertex 159.499998474333 -4.79791856681338 11.2020815280158
    vertex 152.500000144356 -5.14999976486058 11.4722429579596
    vertex 152.500000151776 -4.79791823684343 11.2020812995432
  endloop
endfacet
facet normal -8.06458335962986e-009 -0.382683432365093 -0.923879532511286
  outer loop
    vertex 159.499998458274 -5.56000771815626 11.6420739046901
    vertex 152.500000144356 -5.14999976486058 11.4722429579596
    vertex 159.499998466915 -5.15000009483053 11.4722431864322
  endloop
endfacet
facet normal -8.06458335962986e-009 -0.382683432365093 -0.923879532511286
  outer loop
    vertex 152.500000144356 -5.14999976486058 11.4722429579596
    vertex 159.499998458274 -5.56000771815626 11.6420739046901
    vertex 152.500000135716 -5.56000738818626 11.6420736762175
  endloop
endfacet
facet normal -1.0 2.10734227321316e-008 9.8698815411794e-014
  outer loop
    vertex 157.499999978934 66.5999999999999 27.1999999999986
    vertex 157.499999853586 60.651828996323 24.8518289963216
    vertex 157.499999833527 59.6999999999999 27.1999999999986
  endloop
endfacet
facet normal -1.0 2.10734227321316e-008 9.8698815411794e-014
  outer loop
    vertex 157.499999853586 60.651828996323 24.8518289963216
    vertex 157.499999978934 66.5999999999999 27.1999999999986
    vertex 157.499999880681 61.9376288624257 20.692906647288
  endloop
endfacet
facet normal -1.0 2.10734227321316e-008 9.8698815411794e-014
  outer loop
    vertex 157.499999880681 61.9376288624257 20.692906647288
    vertex 157.499999978934 66.5999999999999 27.1999999999986
    vertex 157.499999884822 62.1341254325782 19.705051680093
  endloop
endfacet
facet normal -1.0 2.10734227321316e-008 9.8698815411794e-014
  outer loop
    vertex 157.499999884822 62.1341254325782 19.705051680093
    vertex 157.499999978934 66.5999999999999 27.1999999999986
    vertex 157.49999988621 62.1999999999999 18.6999999999986
  endloop
endfacet
facet normal -1.0 2.10734227321316e-008 9.8698815411794e-014
  outer loop
    vertex 157.499999833527 59.6999999999999 27.1999999999986
    vertex 157.499999853586 60.651828996323 24.8518289963216
    vertex 157.499999765943 56.4929066472894 26.1376288624244
  endloop
endfacet
facet normal -1.0 2.10734227321316e-008 9.8698815411794e-014
  outer loop
    vertex 157.499999833527 59.6999999999999 27.1999999999986
    vertex 157.499999765943 56.4929066472894 26.1376288624244
    vertex 157.499999796946 57.9641016151377 28.6999999999986
  endloop
endfacet
facet normal -1.0 2.10734227321316e-008 9.8698815411794e-014
  outer loop
    vertex 157.499999833527 59.6999999999999 27.1999999999986
    vertex 157.499999796946 57.9641016151377 28.6999999999986
    vertex 157.499999805368 58.3637033051562 29.6647238195886
  endloop
endfacet
facet normal -1.0 2.10734227321316e-008 9.8698815411794e-014
  outer loop
    vertex 157.499999833527 59.6999999999999 27.1999999999986
    vertex 157.499999805368 58.3637033051562 29.6647238195886
    vertex 157.499999833528 59.6999999999999 36.3999999999986
  endloop
endfacet
facet normal -1.0 2.10734227321316e-008 9.8698815411794e-014
  outer loop
    vertex 157.499999833528 59.6999999999999 36.3999999999986
    vertex 157.499999805368 58.3637033051562 29.6647238195886
    vertex 157.49999980824 58.5 30.6999999999986
  endloop
endfacet
facet normal -1.0 2.10734227321316e-008 9.8698815411794e-014
  outer loop
    vertex 157.499999796946 57.9641016151377 28.6999999999986
    vertex 157.499999765943 56.4929066472894 26.1376288624244
    vertex 157.49999978355 57.3284271247462 27.8715728752524
  endloop
endfacet
facet normal -1.0 2.10734227321316e-008 9.8698815411794e-014
  outer loop
    vertex 157.49999978355 57.3284271247462 27.8715728752524
    vertex 157.499999765943 56.4929066472894 26.1376288624244
    vertex 157.499999766092 56.4999999999999 27.2358983848609
  endloop
endfacet
facet normal -1.0 2.10734227321316e-008 9.8698815411794e-014
  outer loop
    vertex 157.499999766092 56.4999999999999 27.2358983848609
    vertex 157.499999765943 56.4929066472894 26.1376288624244
    vertex 157.499999745763 55.53527618041 26.8362966948424
  endloop
endfacet
facet normal -1.0 2.10734227321316e-008 9.8698815411794e-014
  outer loop
    vertex 157.499999745763 55.53527618041 26.8362966948424
    vertex 157.499999765943 56.4929066472894 26.1376288624244
    vertex 157.499999745126 55.5050516800943 26.334125432577
  endloop
endfacet
facet normal -1.0 2.10734227321316e-008 9.8698815411794e-014
  outer loop
    vertex 157.499999745763 55.53527618041 26.8362966948424
    vertex 157.499999745126 55.5050516800943 26.334125432577
    vertex 157.499999723945 54.5 26.6999999999986
  endloop
endfacet
facet normal -1.0 2.10734227321316e-008 9.8698815411794e-014
  outer loop
    vertex 157.499999723945 54.5 26.6999999999986
    vertex 157.499999745126 55.5050516800943 26.334125432577
    vertex 157.499999723945 54.5 26.3999999999986
  endloop
endfacet
facet normal -1.0 2.10734227321316e-008 9.8698815411794e-014
  outer loop
    vertex 157.499999723945 54.5 26.6999999999986
    vertex 157.499999723945 54.5 26.3999999999986
    vertex 157.499999702766 53.4949483199055 26.334125432577
  endloop
endfacet
facet normal -1.0 2.10734227321316e-008 9.8698815411794e-014
  outer loop
    vertex 157.499999723945 54.5 26.6999999999986
    vertex 157.499999702766 53.4949483199055 26.334125432577
    vertex 157.499999702129 53.4647238195898 26.8362966948424
  endloop
endfacet
facet normal -1.0 2.10734227321316e-008 9.8698815411794e-014
  outer loop
    vertex 157.499999702129 53.4647238195898 26.8362966948424
    vertex 157.499999702766 53.4949483199055 26.334125432577
    vertex 157.499999681948 52.5070933527105 26.1376288624244
  endloop
endfacet
facet normal -1.0 2.10734227321316e-008 9.8698815411794e-014
  outer loop
    vertex 157.499999702129 53.4647238195898 26.8362966948424
    vertex 157.499999681948 52.5070933527105 26.1376288624244
    vertex 157.499999681799 52.4999999999999 27.2358983848609
  endloop
endfacet
facet normal -1.0 2.10734227321316e-008 9.8698815411794e-014
  outer loop
    vertex 157.499999681799 52.4999999999999 27.2358983848609
    vertex 157.499999681948 52.5070933527105 26.1376288624244
    vertex 157.499999594305 48.3481710036771 24.8518289963216
  endloop
endfacet
facet normal -1.0 2.10734227321316e-008 9.8698815411794e-014
  outer loop
    vertex 157.499999681799 52.4999999999999 27.2358983848609
    vertex 157.499999594305 48.3481710036771 24.8518289963216
    vertex 157.499999664341 51.6715728752538 27.8715728752524
  endloop
endfacet
facet normal -1.0 2.10734227321316e-008 9.8698815411794e-014
  outer loop
    vertex 157.499999664341 51.6715728752538 27.8715728752524
    vertex 157.499999594305 48.3481710036771 24.8518289963216
    vertex 157.499999653913 51.1767123800574 28.5164876286091
  endloop
endfacet
facet normal -1.0 2.10734227321316e-008 9.8698815411794e-014
  outer loop
    vertex 157.499999653913 51.1767123800574 28.5164876286091
    vertex 157.499999594305 48.3481710036771 24.8518289963216
    vertex 157.499999652561 51.1126310836586 28.6000000000006
  endloop
endfacet
facet normal -1.0 2.10734227321316e-008 9.8698815411794e-014
  outer loop
    vertex 157.499999652561 51.1126310836586 28.6000000000006
    vertex 157.499999594305 48.3481710036771 24.8518289963216
    vertex 157.499999629304 50.0091034656189 28.6000000000006
  endloop
endfacet
facet normal -1.0 2.10734227321316e-008 9.8698815411794e-014
  outer loop
    vertex 157.499999833525 59.6999999999999 10.1999999999986
    vertex 157.499999978934 66.5999999999999 27.1999999999986
    vertex 157.499999978932 66.5999999999999 10.1999999999986
  endloop
endfacet
facet normal -1.0 2.10734227321316e-008 9.8698815411794e-014
  outer loop
    vertex 157.499999978934 66.5999999999999 27.1999999999986
    vertex 157.499999833525 59.6999999999999 10.1999999999986
    vertex 157.499999853585 60.6518289963228 12.5481710036756
  endloop
endfacet
facet normal -1.0 2.10734227321316e-008 9.8698815411794e-014
  outer loop
    vertex 157.499999978934 66.5999999999999 27.1999999999986
    vertex 157.499999853585 60.6518289963228 12.5481710036756
    vertex 157.499999880681 61.9376288624257 16.7070933527092
  endloop
endfacet
facet normal -1.0 2.10734227321316e-008 9.8698815411794e-014
  outer loop
    vertex 157.499999978934 66.5999999999999 27.1999999999986
    vertex 157.499999880681 61.9376288624257 16.7070933527092
    vertex 157.499999884821 62.1341254325782 17.6949483199042
  endloop
endfacet
facet normal -1.0 2.10734227321316e-008 9.8698815411794e-014
  outer loop
    vertex 157.499999978934 66.5999999999999 27.1999999999986
    vertex 157.499999884821 62.1341254325782 17.6949483199042
    vertex 157.49999988621 62.1999999999999 18.6999999999986
  endloop
endfacet
facet normal -1.0 2.10734227321316e-008 9.8698815411794e-014
  outer loop
    vertex 157.499999853585 60.6518289963228 12.5481710036756
    vertex 157.499999833525 59.6999999999999 10.1999999999986
    vertex 157.499999765941 56.4929066472894 11.2623711375728
  endloop
endfacet
facet normal -1.0 2.10734227321316e-008 9.8698815411794e-014
  outer loop
    vertex 157.499999765941 56.4929066472894 11.2623711375728
    vertex 157.499999833525 59.6999999999999 10.1999999999986
    vertex 157.499999796944 57.9641016151377 8.69999999999861
  endloop
endfacet
facet normal -1.0 2.10734227321316e-008 9.8698815411794e-014
  outer loop
    vertex 157.499999796944 57.9641016151377 8.69999999999861
    vertex 157.499999833525 59.6999999999999 10.1999999999986
    vertex 157.499999805365 58.3637033051562 7.73527618040871
  endloop
endfacet
facet normal -1.0 2.10734227321316e-008 9.8698815411794e-014
  outer loop
    vertex 157.499999805365 58.3637033051562 7.73527618040871
    vertex 157.499999833525 59.6999999999999 10.1999999999986
    vertex 157.499999808237 58.5 6.69999999999862
  endloop
endfacet
facet normal -1.0 2.10734227321316e-008 9.8698815411794e-014
  outer loop
    vertex 157.499999765941 56.4929066472894 11.2623711375728
    vertex 157.499999796944 57.9641016151377 8.69999999999861
    vertex 157.499999783548 57.3284271247462 9.52842712474479
  endloop
endfacet
facet normal -1.0 2.10734227321316e-008 9.8698815411794e-014
  outer loop
    vertex 157.499999765941 56.4929066472894 11.2623711375728
    vertex 157.499999783548 57.3284271247462 9.52842712474479
    vertex 157.49999976609 56.4999999999999 10.1641016151364
  endloop
endfacet
facet normal -1.0 2.10734227321316e-008 9.8698815411794e-014
  outer loop
    vertex 157.499999765941 56.4929066472894 11.2623711375728
    vertex 157.49999976609 56.4999999999999 10.1641016151364
    vertex 157.499999745761 55.53527618041 10.5637033051549
  endloop
endfacet
facet normal -1.0 2.10734227321316e-008 9.8698815411794e-014
  outer loop
    vertex 157.499999765941 56.4929066472894 11.2623711375728
    vertex 157.499999745761 55.53527618041 10.5637033051549
    vertex 157.499999745124 55.5050516800943 11.0658745674202
  endloop
endfacet
facet normal -1.0 2.10734227321316e-008 9.8698815411794e-014
  outer loop
    vertex 157.499999745124 55.5050516800943 11.0658745674202
    vertex 157.499999745761 55.53527618041 10.5637033051549
    vertex 157.499999723943 54.5 10.6999999999986
  endloop
endfacet
facet normal -1.0 2.10734227321316e-008 9.8698815411794e-014
  outer loop
    vertex 157.499999745124 55.5050516800943 11.0658745674202
    vertex 157.499999723943 54.5 10.6999999999986
    vertex 157.499999723944 54.5 10.9999999999986
  endloop
endfacet
facet normal -1.0 2.10734227321316e-008 9.8698815411794e-014
  outer loop
    vertex 157.499999723944 54.5 10.9999999999986
    vertex 157.499999723943 54.5 10.6999999999986
    vertex 157.499999702127 53.4647238195898 10.5637033051549
  endloop
endfacet
facet normal -1.0 2.10734227321316e-008 9.8698815411794e-014
  outer loop
    vertex 157.499999723944 54.5 10.9999999999986
    vertex 157.499999702127 53.4647238195898 10.5637033051549
    vertex 157.499999702764 53.4949483199055 11.0658745674203
  endloop
endfacet
facet normal -1.0 2.10734227321316e-008 9.8698815411794e-014
  outer loop
    vertex 157.499999702764 53.4949483199055 11.0658745674203
    vertex 157.499999702127 53.4647238195898 10.5637033051549
    vertex 157.499999681946 52.5070933527105 11.2623711375728
  endloop
endfacet
facet normal -1.0 2.10734227321316e-008 9.8698815411794e-014
  outer loop
    vertex 157.499999681946 52.5070933527105 11.2623711375728
    vertex 157.499999702127 53.4647238195898 10.5637033051549
    vertex 157.499999681797 52.4999999999999 10.1641016151364
  endloop
endfacet
facet normal -1.0 2.10734227321316e-008 9.8698815411794e-014
  outer loop
    vertex 157.499999681946 52.5070933527105 11.2623711375728
    vertex 157.499999681797 52.4999999999999 10.1641016151364
    vertex 157.499999594304 48.3481710036771 12.5481710036757
  endloop
endfacet
facet normal -1.0 2.10734227321316e-008 9.8698815411794e-014
  outer loop
    vertex 157.499999594304 48.3481710036771 12.5481710036757
    vertex 157.499999681797 52.4999999999999 10.1641016151364
    vertex 157.499999664339 51.6715728752538 9.52842712474481
  endloop
endfacet
facet normal -1.0 2.10734227321316e-008 9.8698815411794e-014
  outer loop
    vertex 157.499999594304 48.3481710036771 12.5481710036757
    vertex 157.499999664339 51.6715728752538 9.52842712474481
    vertex 157.499999650943 51.0358983848622 8.69999999999861
  endloop
endfacet
facet normal -1.0 2.10734227321316e-008 9.8698815411794e-014
  outer loop
    vertex 157.499999594304 48.3481710036771 12.5481710036757
    vertex 157.499999650943 51.0358983848622 8.69999999999861
    vertex 157.499999643816 50.6976981355821 7.88351237138822
  endloop
endfacet
facet normal -1.0 2.10734227321316e-008 9.8698815411794e-014
  outer loop
    vertex 157.499999594304 48.3481710036771 12.5481710036757
    vertex 157.499999643816 50.6976981355821 7.88351237138822
    vertex 157.499999621305 49.6294818601016 7.88351237138822
  endloop
endfacet
facet normal -1.0 2.10734227321316e-008 9.8698815411794e-014
  outer loop
    vertex 157.499999399413 39.0999999999999 12.2999999999986
    vertex 157.499998822002 11.7 6.99999999999862
    vertex 157.499998725064 7.09999999999992 12.2999999999986
  endloop
endfacet
facet normal -1.0 2.10734227321316e-008 9.8698815411794e-014
  outer loop
    vertex 157.499998822002 11.7 6.99999999999862
    vertex 157.499999399413 39.0999999999999 12.2999999999986
    vertex 157.499998822001 11.7 0.999999999998628
  endloop
endfacet
facet normal -1.0 2.10734227321316e-008 9.8698815411794e-014
  outer loop
    vertex 157.499998725064 7.09999999999992 12.2999999999986
    vertex 157.499998822002 11.7 6.99999999999862
    vertex 157.499998680809 4.99999999999986 6.99999999999862
  endloop
endfacet
facet normal -1.0 2.10734227321316e-008 9.8698815411794e-014
  outer loop
    vertex 157.499998725064 7.09999999999992 12.2999999999986
    vertex 157.499998680809 4.99999999999986 6.99999999999862
    vertex 157.499998725066 7.09999999999992 28.2999999999986
  endloop
endfacet
facet normal -1.0 2.10734227321316e-008 9.8698815411794e-014
  outer loop
    vertex 157.499998554368 -0.999999999999051 -3.80695475143966e-012
    vertex 157.499999978931 66.5999999999999 0.999999999998628
    vertex 157.500000000004 67.6000000000001 -1.91193727516747e-012
  endloop
endfacet
facet normal -1.0 2.10734227321316e-008 9.8698815411794e-014
  outer loop
    vertex 157.499999978931 66.5999999999999 0.999999999998628
    vertex 157.499998554368 -0.999999999999051 -3.80695475143966e-012
    vertex 157.499999833524 59.6999999999999 0.99999999999865
  endloop
endfacet
facet normal -1.0 2.10734227321316e-008 9.8698815411794e-014
  outer loop
    vertex 157.499999833524 59.6999999999999 0.99999999999865
    vertex 157.499998554368 -0.999999999999051 -3.80695475143966e-012
    vertex 157.499999723943 54.5 2.6999999999986
  endloop
endfacet
facet normal -1.0 2.10734227321316e-008 9.8698815411794e-014
  outer loop
    vertex 157.499999833524 59.6999999999999 0.99999999999865
    vertex 157.499999723943 54.5 2.6999999999986
    vertex 157.49999974576 55.53527618041 2.83629669484233
  endloop
endfacet
facet normal -1.0 2.10734227321316e-008 9.8698815411794e-014
  outer loop
    vertex 157.499999833524 59.6999999999999 0.99999999999865
    vertex 157.49999974576 55.53527618041 2.83629669484233
    vertex 157.499999766089 56.4999999999999 3.23589838486088
  endloop
endfacet
facet normal -1.0 2.10734227321316e-008 9.8698815411794e-014
  outer loop
    vertex 157.499999833524 59.6999999999999 0.99999999999865
    vertex 157.499999766089 56.4999999999999 3.23589838486088
    vertex 157.499999783548 57.3284271247462 3.87157287525242
  endloop
endfacet
facet normal -1.0 2.10734227321316e-008 9.8698815411794e-014
  outer loop
    vertex 157.499999833524 59.6999999999999 0.99999999999865
    vertex 157.499999783548 57.3284271247462 3.87157287525242
    vertex 157.499999796944 57.9641016151377 4.69999999999862
  endloop
endfacet
facet normal -1.0 2.10734227321316e-008 9.8698815411794e-014
  outer loop
    vertex 157.499999833524 59.6999999999999 0.99999999999865
    vertex 157.499999796944 57.9641016151377 4.69999999999862
    vertex 157.499999805365 58.3637033051562 5.66472381958855
  endloop
endfacet
facet normal -1.0 2.10734227321316e-008 9.8698815411794e-014
  outer loop
    vertex 157.499999833524 59.6999999999999 0.99999999999865
    vertex 157.499999805365 58.3637033051562 5.66472381958855
    vertex 157.499999833525 59.6999999999999 10.1999999999986
  endloop
endfacet
facet normal -1.0 2.10734227321316e-008 9.8698815411794e-014
  outer loop
    vertex 157.499999833525 59.6999999999999 10.1999999999986
    vertex 157.499999805365 58.3637033051562 5.66472381958855
    vertex 157.499999808237 58.5 6.69999999999862
  endloop
endfacet
facet normal -1.0 2.10734227321316e-008 9.8698815411794e-014
  outer loop
    vertex 157.499999723943 54.5 2.6999999999986
    vertex 157.499998554368 -0.999999999999051 -3.80695475143966e-012
    vertex 157.499999702126 53.4647238195898 2.83629669484235
  endloop
endfacet
facet normal -1.0 2.10734227321316e-008 9.8698815411794e-014
  outer loop
    vertex 157.499999702126 53.4647238195898 2.83629669484235
    vertex 157.499998554368 -0.999999999999051 -3.80695475143966e-012
    vertex 157.499999681796 52.4999999999999 3.23589838486086
  endloop
endfacet
facet normal -1.0 2.10734227321316e-008 9.8698815411794e-014
  outer loop
    vertex 157.499999681796 52.4999999999999 3.23589838486086
    vertex 157.499998554368 -0.999999999999051 -3.80695475143966e-012
    vertex 157.499999664338 51.6715728752538 3.87157287525242
  endloop
endfacet
facet normal -1.0 2.10734227321316e-008 9.8698815411794e-014
  outer loop
    vertex 157.499999664338 51.6715728752538 3.87157287525242
    vertex 157.499998554368 -0.999999999999051 -3.80695475143966e-012
    vertex 157.499998822001 11.7 0.999999999998628
  endloop
endfacet
facet normal -1.0 2.10734227321316e-008 9.8698815411794e-014
  outer loop
    vertex 157.499999664338 51.6715728752538 3.87157287525242
    vertex 157.499998822001 11.7 0.999999999998628
    vertex 157.499999650943 51.0358983848622 4.6999999999986
  endloop
endfacet
facet normal -1.0 2.10734227321316e-008 9.8698815411794e-014
  outer loop
    vertex 157.499999650943 51.0358983848622 4.6999999999986
    vertex 157.499998822001 11.7 0.999999999998628
    vertex 157.499999643815 50.6976981355821 5.51648762860906
  endloop
endfacet
facet normal -1.0 2.10734227321316e-008 9.8698815411794e-014
  outer loop
    vertex 157.499999643815 50.6976981355821 5.51648762860906
    vertex 157.499998822001 11.7 0.999999999998628
    vertex 157.499999621305 49.6294818601016 5.51648762860906
  endloop
endfacet
facet normal -1.0 2.10734227321316e-008 9.8698815411794e-014
  outer loop
    vertex 157.499999621305 49.6294818601016 5.51648762860906
    vertex 157.499998822001 11.7 0.999999999998628
    vertex 157.499999621305 49.6294818601016 7.88351237138822
  endloop
endfacet
facet normal -1.0 2.10734227321316e-008 9.8698815411794e-014
  outer loop
    vertex 157.499999621305 49.6294818601016 7.88351237138822
    vertex 157.499998822001 11.7 0.999999999998628
    vertex 157.499999594304 48.3481710036771 12.5481710036757
  endloop
endfacet
facet normal -1.0 2.10734227321316e-008 9.8698815411794e-014
  outer loop
    vertex 157.499999594304 48.3481710036771 12.5481710036757
    vertex 157.499998822001 11.7 0.999999999998628
    vertex 157.499999399413 39.0999999999999 12.2999999999986
  endloop
endfacet
facet normal -1.0 2.10734227321316e-008 9.8698815411794e-014
  outer loop
    vertex 157.499999594304 48.3481710036771 12.5481710036757
    vertex 157.499999399413 39.0999999999999 12.2999999999986
    vertex 157.499999567209 47.0623711375741 16.7070933527092
  endloop
endfacet
facet normal -1.0 2.10734227321316e-008 9.8698815411794e-014
  outer loop
    vertex 157.499999567209 47.0623711375741 16.7070933527092
    vertex 157.499999399413 39.0999999999999 12.2999999999986
    vertex 157.499999563067 46.8658745674215 17.6949483199043
  endloop
endfacet
facet normal -1.0 2.10734227321316e-008 9.8698815411794e-014
  outer loop
    vertex 157.499999563067 46.8658745674215 17.6949483199043
    vertex 157.499999399413 39.0999999999999 12.2999999999986
    vertex 157.49999956168 46.7999999999999 18.6999999999986
  endloop
endfacet
facet normal -1.0 2.10734227321316e-008 9.8698815411794e-014
  outer loop
    vertex 157.499998822001 11.7 0.999999999998628
    vertex 157.499998554368 -0.999999999999051 -3.80695475143966e-012
    vertex 157.499998596516 0.999999999999863 0.999999999998628
  endloop
endfacet
facet normal -1.0 2.10734227321316e-008 9.8698815411794e-014
  outer loop
    vertex 157.499998596516 0.999999999999863 0.999999999998628
    vertex 157.499998554368 -0.999999999999051 -3.80695475143966e-012
    vertex 157.499998596516 0.999999999999863 10.1999999999986
  endloop
endfacet
facet normal -1.0 2.10734227321316e-008 9.8698815411794e-014
  outer loop
    vertex 157.499998596516 0.999999999999863 10.1999999999986
    vertex 157.499998554368 -0.999999999999051 -3.80695475143966e-012
    vertex 157.499998596518 0.999999999999863 27.1999999999986
  endloop
endfacet
facet normal -1.0 2.10734227321316e-008 9.8698815411794e-014
  outer loop
    vertex 157.499998596518 0.999999999999863 27.1999999999986
    vertex 157.499998554368 -0.999999999999051 -3.80695475143966e-012
    vertex 157.499998596518 0.999999999999863 36.3999999999986
  endloop
endfacet
facet normal -1.0 2.10734227321316e-008 9.8698815411794e-014
  outer loop
    vertex 157.500000000008 67.6000000000001 38.400004570964
    vertex 157.499999978935 66.5999999999999 36.3999999999986
    vertex 157.499998554371 -1.00000000000009 38.400004570964
  endloop
endfacet
facet normal -1.0 2.10734227321316e-008 9.8698815411794e-014
  outer loop
    vertex 157.499999978935 66.5999999999999 36.3999999999986
    vertex 157.500000000008 67.6000000000001 38.400004570964
    vertex 157.500000000004 67.6000000000001 -1.91193727516747e-012
  endloop
endfacet
facet normal -1.0 2.10734227321316e-008 9.8698815411794e-014
  outer loop
    vertex 157.499999978935 66.5999999999999 36.3999999999986
    vertex 157.500000000004 67.6000000000001 -1.91193727516747e-012
    vertex 157.499999978931 66.5999999999999 0.999999999998628
  endloop
endfacet
facet normal -1.0 2.10734227321316e-008 9.8698815411794e-014
  outer loop
    vertex 157.499999978935 66.5999999999999 36.3999999999986
    vertex 157.499999978931 66.5999999999999 0.999999999998628
    vertex 157.499999978932 66.5999999999999 10.1999999999986
  endloop
endfacet
facet normal -1.0 2.10734227321316e-008 9.8698815411794e-014
  outer loop
    vertex 157.499999978935 66.5999999999999 36.3999999999986
    vertex 157.499999978932 66.5999999999999 10.1999999999986
    vertex 157.499999978934 66.5999999999999 27.1999999999986
  endloop
endfacet
facet normal -1.0 2.10734227321316e-008 9.8698815411794e-014
  outer loop
    vertex 157.499998554371 -1.00000000000009 38.400004570964
    vertex 157.499999978935 66.5999999999999 36.3999999999986
    vertex 157.499999833528 59.6999999999999 36.3999999999986
  endloop
endfacet
facet normal -1.0 2.10734227321316e-008 9.8698815411794e-014
  outer loop
    vertex 157.499998554371 -1.00000000000009 38.400004570964
    vertex 157.499999833528 59.6999999999999 36.3999999999986
    vertex 157.499999723946 54.5 34.6999999999987
  endloop
endfacet
facet normal -1.0 2.10734227321316e-008 9.8698815411794e-014
  outer loop
    vertex 157.499999723946 54.5 34.6999999999987
    vertex 157.499999833528 59.6999999999999 36.3999999999986
    vertex 157.499999745763 55.53527618041 34.5637033051549
  endloop
endfacet
facet normal -1.0 2.10734227321316e-008 9.8698815411794e-014
  outer loop
    vertex 157.499999745763 55.53527618041 34.5637033051549
    vertex 157.499999833528 59.6999999999999 36.3999999999986
    vertex 157.499999766093 56.4999999999999 34.1641016151364
  endloop
endfacet
facet normal -1.0 2.10734227321316e-008 9.8698815411794e-014
  outer loop
    vertex 157.499999766093 56.4999999999999 34.1641016151364
    vertex 157.499999833528 59.6999999999999 36.3999999999986
    vertex 157.499999783551 57.3284271247462 33.5284271247448
  endloop
endfacet
facet normal -1.0 2.10734227321316e-008 9.8698815411794e-014
  outer loop
    vertex 157.499999783551 57.3284271247462 33.5284271247448
    vertex 157.499999833528 59.6999999999999 36.3999999999986
    vertex 157.499999796947 57.9641016151377 32.6999999999986
  endloop
endfacet
facet normal -1.0 2.10734227321316e-008 9.8698815411794e-014
  outer loop
    vertex 157.499999796947 57.9641016151377 32.6999999999986
    vertex 157.499999833528 59.6999999999999 36.3999999999986
    vertex 157.499999805368 58.3637033051562 31.7352761804087
  endloop
endfacet
facet normal -1.0 2.10734227321316e-008 9.8698815411794e-014
  outer loop
    vertex 157.499999805368 58.3637033051562 31.7352761804087
    vertex 157.499999833528 59.6999999999999 36.3999999999986
    vertex 157.49999980824 58.5 30.6999999999986
  endloop
endfacet
facet normal -1.0 2.10734227321316e-008 9.8698815411794e-014
  outer loop
    vertex 157.499998554371 -1.00000000000009 38.400004570964
    vertex 157.499999723946 54.5 34.6999999999987
    vertex 157.49999970213 53.4647238195898 34.5637033051549
  endloop
endfacet
facet normal -1.0 2.10734227321316e-008 9.8698815411794e-014
  outer loop
    vertex 157.499998554371 -1.00000000000009 38.400004570964
    vertex 157.49999970213 53.4647238195898 34.5637033051549
    vertex 157.499999681799 52.4999999999999 34.1641016151364
  endloop
endfacet
facet normal -1.0 2.10734227321316e-008 9.8698815411794e-014
  outer loop
    vertex 157.499998554371 -1.00000000000009 38.400004570964
    vertex 157.499999681799 52.4999999999999 34.1641016151364
    vertex 157.499999664342 51.6715728752538 33.5284271247448
  endloop
endfacet
facet normal -1.0 2.10734227321316e-008 9.8698815411794e-014
  outer loop
    vertex 157.499998554371 -1.00000000000009 38.400004570964
    vertex 157.499999664342 51.6715728752538 33.5284271247448
    vertex 157.499999653913 51.1767123800575 32.8835123713882
  endloop
endfacet
facet normal -1.0 2.10734227321316e-008 9.8698815411794e-014
  outer loop
    vertex 157.499998554371 -1.00000000000009 38.400004570964
    vertex 157.499999653913 51.1767123800575 32.8835123713882
    vertex 157.499999652561 51.1126310836616 32.8000000000006
  endloop
endfacet
facet normal -1.0 2.10734227321316e-008 9.8698815411794e-014
  outer loop
    vertex 157.499998554371 -1.00000000000009 38.400004570964
    vertex 157.499999652561 51.1126310836616 32.8000000000006
    vertex 157.499999629304 50.009103465619 32.8000000000006
  endloop
endfacet
facet normal -1.0 2.10734227321316e-008 9.8698815411794e-014
  outer loop
    vertex 157.499998554371 -1.00000000000009 38.400004570964
    vertex 157.499999629304 50.009103465619 32.8000000000006
    vertex 157.499998822005 11.7 36.3999999999986
  endloop
endfacet
facet normal -1.0 2.10734227321316e-008 9.8698815411794e-014
  outer loop
    vertex 157.499998822005 11.7 36.3999999999986
    vertex 157.499999629304 50.009103465619 32.8000000000006
    vertex 157.499999629304 50.0091034656189 28.6000000000006
  endloop
endfacet
facet normal -1.0 2.10734227321316e-008 9.8698815411794e-014
  outer loop
    vertex 157.499998822005 11.7 36.3999999999986
    vertex 157.499999629304 50.0091034656189 28.6000000000006
    vertex 157.499999399415 39.0999999999999 28.2999999999986
  endloop
endfacet
facet normal -1.0 2.10734227321316e-008 9.8698815411794e-014
  outer loop
    vertex 157.499999399415 39.0999999999999 28.2999999999986
    vertex 157.499999629304 50.0091034656189 28.6000000000006
    vertex 157.499999594305 48.3481710036771 24.8518289963216
  endloop
endfacet
facet normal -1.0 2.10734227321316e-008 9.8698815411794e-014
  outer loop
    vertex 157.499999399415 39.0999999999999 28.2999999999986
    vertex 157.499999594305 48.3481710036771 24.8518289963216
    vertex 157.49999956721 47.0623711375741 20.6929066472881
  endloop
endfacet
facet normal -1.0 2.10734227321316e-008 9.8698815411794e-014
  outer loop
    vertex 157.499999399415 39.0999999999999 28.2999999999986
    vertex 157.49999956721 47.0623711375741 20.6929066472881
    vertex 157.499999563067 46.8658745674215 19.705051680093
  endloop
endfacet
facet normal -1.0 2.10734227321316e-008 9.8698815411794e-014
  outer loop
    vertex 157.499999399415 39.0999999999999 28.2999999999986
    vertex 157.499999563067 46.8658745674215 19.705051680093
    vertex 157.49999956168 46.7999999999999 18.6999999999986
  endloop
endfacet
facet normal -1.0 2.10734227321316e-008 9.8698815411794e-014
  outer loop
    vertex 157.499999399415 39.0999999999999 28.2999999999986
    vertex 157.49999956168 46.7999999999999 18.6999999999986
    vertex 157.499999399413 39.0999999999999 12.2999999999986
  endloop
endfacet
facet normal -1.0 2.10734227321316e-008 9.8698815411794e-014
  outer loop
    vertex 157.499998822005 11.7 36.3999999999986
    vertex 157.499999399415 39.0999999999999 28.2999999999986
    vertex 157.499998822005 11.7 30.3999999999986
  endloop
endfacet
facet normal -1.0 2.10734227321316e-008 9.8698815411794e-014
  outer loop
    vertex 157.499998554371 -1.00000000000009 38.400004570964
    vertex 157.499998822005 11.7 36.3999999999986
    vertex 157.499998596518 0.999999999999863 36.3999999999986
  endloop
endfacet
facet normal -1.0 2.10734227321316e-008 9.8698815411794e-014
  outer loop
    vertex 157.499998554371 -1.00000000000009 38.400004570964
    vertex 157.499998596518 0.999999999999863 36.3999999999986
    vertex 157.499998554368 -0.999999999999051 -3.80695475143966e-012
  endloop
endfacet
facet normal -1.0 2.10734227321316e-008 9.8698815411794e-014
  outer loop
    vertex 157.499998596516 0.999999999999863 10.1999999999986
    vertex 157.499998680811 4.99999999999986 27.1999999999986
    vertex 157.499998680809 4.99999999999986 10.1999999999986
  endloop
endfacet
facet normal -1.0 2.10734227321316e-008 9.8698815411794e-014
  outer loop
    vertex 157.499998680811 4.99999999999986 27.1999999999986
    vertex 157.499998596516 0.999999999999863 10.1999999999986
    vertex 157.499998596518 0.999999999999863 27.1999999999986
  endloop
endfacet
facet normal -1.0 2.10734227321316e-008 9.8698815411794e-014
  outer loop
    vertex 157.499998725066 7.09999999999992 28.2999999999986
    vertex 157.499998822005 11.7 30.3999999999986
    vertex 157.499999399415 39.0999999999999 28.2999999999986
  endloop
endfacet
facet normal -1.0 2.10734227321316e-008 9.8698815411794e-014
  outer loop
    vertex 157.499998822005 11.7 30.3999999999986
    vertex 157.499998725066 7.09999999999992 28.2999999999986
    vertex 157.499998680812 4.99999999999986 30.3999999999986
  endloop
endfacet
facet normal -1.0 2.10734227321316e-008 9.8698815411794e-014
  outer loop
    vertex 157.499998680812 4.99999999999986 30.3999999999986
    vertex 157.499998725066 7.09999999999992 28.2999999999986
    vertex 157.499998680809 4.99999999999986 6.99999999999862
  endloop
endfacet
facet normal -1.0 2.10734227321316e-008 9.8698815411794e-014
  outer loop
    vertex 157.499998680812 4.99999999999986 30.3999999999986
    vertex 157.499998680809 4.99999999999986 6.99999999999862
    vertex 157.499998680809 4.99999999999986 10.1999999999986
  endloop
endfacet
facet normal -1.0 2.10734227321316e-008 9.8698815411794e-014
  outer loop
    vertex 157.499998680812 4.99999999999986 30.3999999999986
    vertex 157.499998680809 4.99999999999986 10.1999999999986
    vertex 157.499998680811 4.99999999999986 27.1999999999986
  endloop
endfacet
facet normal -2.25597383650704e-013 4.75411140721994e-021 -1.0
  outer loop
    vertex 157.499998554371 -1.00000000000009 38.400004570964
    vertex 152.500031088364 67.6000001647349 38.3999776682702
    vertex 157.500000000008 67.6000000000001 38.400004570964
  endloop
endfacet
facet normal -2.25597383650704e-013 4.75411140721994e-021 -1.0
  outer loop
    vertex 152.500031088364 67.6000001647349 38.3999776682702
    vertex 157.499998554371 -1.00000000000009 38.400004570964
    vertex 152.500029642727 -0.999999835265565 38.3999776682702
  endloop
endfacet
facet normal 1.57916714972322e-007 -0.923879659918601 -0.382683124776446
  outer loop
    vertex 159.500009719753 57.7980914403444 82.1000135703301
    vertex 156.299985963731 58.0977944817321 81.3764706316737
    vertex 159.500009960958 58.0977924669681 81.3764706058577
  endloop
endfacet
facet normal 1.57916714972322e-007 -0.923879659918601 -0.382683124776446
  outer loop
    vertex 156.299985963731 58.0977944817321 81.3764706316737
    vertex 159.500009719753 57.7980914403444 82.1000135703301
    vertex 156.299985722525 57.7980934551084 82.1000135961461
  endloop
endfacet
facet normal 1.06118949944853e-007 0.923879405103864 -0.382683739953659
  outer loop
    vertex 156.299986126197 52.302239523998 81.3764725611968
    vertex 159.500009865417 52.6019390176381 82.1000153002932
    vertex 159.500010123424 52.3022375092341 81.3764725353808
  endloop
endfacet
facet normal 1.06118949944853e-007 0.923879405103864 -0.382683739953659
  outer loop
    vertex 159.500009865417 52.6019390176381 82.1000153002932
    vertex 156.299986126197 52.302239523998 81.3764725611968
    vertex 156.299985868188 52.601941032402 82.1000153261092
  endloop
endfacet
facet normal 2.56625146682215e-007 0.60876116487633 -0.793353542967036
  outer loop
    vertex 156.299985640481 53.0786971070528 82.7213355109417
    vertex 159.50000945582 53.7000155945756 83.1980911460622
    vertex 159.500009637708 53.078695092289 82.7213354851257
  endloop
endfacet
facet normal 2.56625146682215e-007 0.60876116487633 -0.793353542967036
  outer loop
    vertex 159.50000945582 53.7000155945756 83.1980911460622
    vertex 156.299985640481 53.0786971070528 82.7213355109417
    vertex 156.299985458592 53.7000176093396 83.1980911718782
  endloop
endfacet
facet normal 2.90755655189545e-007 -0.608761693141084 -0.793353137615222
  outer loop
    vertex 159.500009371721 56.7000155945754 83.1980901472675
    vertex 156.299985521547 57.3213377941719 82.7213340984327
    vertex 159.500009518775 57.3213357794081 82.7213340726167
  endloop
endfacet
facet normal 2.90755655189545e-007 -0.608761693141084 -0.793353137615222
  outer loop
    vertex 156.299985521547 57.3213377941719 82.7213340984327
    vertex 159.500009371721 56.7000155945754 83.1980901472675
    vertex 156.299985374494 56.7000176093394 83.1980901730835
  endloop
endfacet
facet normal -1.87770147478103e-007 -0.793353137615322 0.608761693140993
  outer loop
    vertex 159.500023173933 57.79807845601 43.1000135703347
    vertex 156.299999404414 57.3213243961235 42.4786934113181
    vertex 159.500023401642 57.3213223813592 42.4786933855021
  endloop
endfacet
facet normal -1.87770147478103e-007 -0.793353137615322 0.608761693140993
  outer loop
    vertex 156.299999404414 57.3213243961235 42.4786934113181
    vertex 159.500023173933 57.79807845601 43.1000135703347
    vertex 156.299999176706 57.7980804707739 43.1000135961506
  endloop
endfacet
facet normal 3.29446881227918e-007 -0.382683739953676 -0.923879405103804
  outer loop
    vertex 159.500009288613 55.976472829663 83.4977916556716
    vertex 156.299985374494 56.7000176093394 83.1980901730835
    vertex 159.500009371721 56.7000155945754 83.1980901472675
  endloop
endfacet
facet normal 3.29446881227918e-007 -0.382683739953676 -0.923879405103804
  outer loop
    vertex 156.299985374494 56.7000176093394 83.1980901730835
    vertex 159.500009288613 55.976472829663 83.4977916556716
    vertex 156.299985291386 55.9764748444269 83.4977916814876
  endloop
endfacet
facet normal -1.57916695040146e-007 0.92387965991864 0.382683124776353
  outer loop
    vertex 156.299999322369 52.6019280480677 43.1000153261137
    vertex 159.50002307839 52.30222500668 43.8235582647701
    vertex 159.500023319596 52.6019260333037 43.1000153002977
  endloop
endfacet
facet normal -1.57916695040146e-007 0.92387965991864 0.382683124776353
  outer loop
    vertex 159.50002307839 52.30222500668 43.8235582647701
    vertex 156.299999322369 52.6019280480677 43.1000153261137
    vertex 156.299999081164 52.302227021444 43.8235582905861
  endloop
endfacet
facet normal -4.95399969180332e-007 0.999999999999822 -3.32931831590845e-007
  outer loop
    vertex 153.499987244836 44.80001359559 78.6000162534462
    vertex 159.500022330874 44.8000034099181 46.6000178978052
    vertex 153.499998284163 44.8000029417769 46.6000162534499
  endloop
endfacet
facet normal -4.95399969180332e-007 0.999999999999822 -3.32931831590845e-007
  outer loop
    vertex 159.500022330874 44.8000034099181 46.6000178978052
    vertex 153.499987244836 44.80001359559 78.6000162534462
    vertex 159.500011291547 44.8000140637313 78.6000178978014
  endloop
endfacet
facet normal 2.3224991517132e-007 -0.793353542967074 -0.608761164876289
  outer loop
    vertex 159.500009518775 57.3213357794081 82.7213340726167
    vertex 156.299985722525 57.7980934551084 82.1000135961461
    vertex 159.500009719753 57.7980914403444 82.1000135703301
  endloop
endfacet
facet normal 2.3224991517132e-007 -0.793353542967074 -0.608761164876289
  outer loop
    vertex 156.299985722525 57.7980934551084 82.1000135961461
    vertex 159.500009518775 57.3213357794081 82.7213340726167
    vertex 156.299985521547 57.3213377941719 82.7213340984327
  endloop
endfacet
facet normal -2.32249884524533e-007 0.793353542967051 0.608761164876319
  outer loop
    vertex 156.29998706486 52.985603361131 78.6000151983762
    vertex 159.500010900353 52.6019380188434 79.1000153002935
    vertex 159.500011062087 52.9856013463669 78.6000151725602
  endloop
endfacet
facet normal -2.32249884524533e-007 0.793353542967051 0.608761164876319
  outer loop
    vertex 159.500010900353 52.6019380188434 79.1000153002935
    vertex 156.29998706486 52.985603361131 78.6000151983762
    vertex 156.299986903126 52.6019400336074 79.1000153261095
  endloop
endfacet
facet normal -7.28217438943888e-008 0.991444904830032 0.130525862136836
  outer loop
    vertex 156.29998666192 52.3022390069838 79.8235582905819
    vertex 159.500010394151 52.2000147295941 80.6000154341065
    vertex 159.500010659148 52.30223699222 79.8235582647659
  endloop
endfacet
facet normal -7.28217438943888e-008 0.991444904830032 0.130525862136836
  outer loop
    vertex 159.500010394151 52.2000147295941 80.6000154341065
    vertex 156.29998666192 52.3022390069838 79.8235582905819
    vertex 156.299986396924 52.200016744358 80.6000154599225
  endloop
endfacet
facet normal 1.72359074121854e-008 0.99144481791746 -0.13052652230338
  outer loop
    vertex 156.299986396924 52.200016744358 80.6000154599225
    vertex 159.500010123424 52.3022375092341 81.3764725353808
    vertex 159.500010394151 52.2000147295941 80.6000154341065
  endloop
endfacet
facet normal 1.72359074121854e-008 0.99144481791746 -0.13052652230338
  outer loop
    vertex 159.500010123424 52.3022375092341 81.3764725353808
    vertex 156.299986396924 52.200016744358 80.6000154599225
    vertex 156.299986126197 52.302239523998 81.3764725611968
  endloop
endfacet
facet normal 0.999999999998609 -1.33875601466723e-006 -9.94789682707212e-007
  outer loop
    vertex 159.500021747801 65.6000034099169 46.6000109728264
    vertex 159.500022380201 58.0977804814284 45.3764706058619
    vertex 159.500022645198 58.200002744054 44.6000134365214
  endloop
endfacet
facet normal 0.999999999998609 -1.33875601466723e-006 -9.94789682707212e-007
  outer loop
    vertex 159.500022380201 58.0977804814284 45.3764706058619
    vertex 159.500021747801 65.6000034099169 46.6000109728264
    vertex 159.500022138995 57.7980794548046 46.1000135703343
  endloop
endfacet
facet normal 0.999999999998609 -1.33875601466723e-006 -9.94789682707212e-007
  outer loop
    vertex 159.500022138995 57.7980794548046 46.1000135703343
    vertex 159.500021747801 65.6000034099169 46.6000109728264
    vertex 159.500021977262 57.4144161272813 46.6000136980677
  endloop
endfacet
facet normal 0.999999999998609 -1.33875601466723e-006 -9.94789682707212e-007
  outer loop
    vertex 159.500022330874 44.8000034099181 46.6000178978052
    vertex 159.500022284658 52.6019270320983 46.1000153002974
    vertex 159.500022101413 52.9855906925537 46.6000151725639
  endloop
endfacet
facet normal 0.999999999998609 -1.33875601466723e-006 -9.94789682707212e-007
  outer loop
    vertex 159.500022284658 52.6019270320983 46.1000153002974
    vertex 159.500022330874 44.8000034099181 46.6000178978052
    vertex 159.500022542667 52.3022255236942 45.3764725353851
  endloop
endfacet
facet normal 0.999999999998609 -1.33875601466723e-006 -9.94789682707212e-007
  outer loop
    vertex 159.500022542667 52.3022255236942 45.3764725353851
    vertex 159.500022330874 44.8000034099181 46.6000178978052
    vertex 159.500022813395 52.2000027440543 44.6000154341107
  endloop
endfacet
facet normal 0.999999999998609 -1.33875601466723e-006 -9.94789682707212e-007
  outer loop
    vertex 159.50000998464 67.6000160613203 84.6000103077208
    vertex 159.500010708474 65.6000140637305 78.6000109728227
    vertex 159.500000000008 67.5999999578535 39.400004570964
  endloop
endfacet
facet normal 0.999999999998609 -1.33875601466723e-006 -9.94789682707212e-007
  outer loop
    vertex 159.500010708474 65.6000140637305 78.6000109728227
    vertex 159.50000998464 67.6000160613203 84.6000103077208
    vertex 159.500009371721 56.7000155945754 83.1980901472675
  endloop
endfacet
facet normal 0.999999999998609 -1.33875601466723e-006 -9.94789682707212e-007
  outer loop
    vertex 159.500009371721 56.7000155945754 83.1980901472675
    vertex 159.50000998464 67.6000160613203 84.6000103077208
    vertex 159.500009288613 55.976472829663 83.4977916556716
  endloop
endfacet
facet normal 0.999999999998609 -1.33875601466723e-006 -9.94789682707212e-007
  outer loop
    vertex 159.500009288613 55.976472829663 83.4977916556716
    vertex 159.50000998464 67.6000160613203 84.6000103077208
    vertex 159.500009275115 55.2000157283886 83.6000144353115
  endloop
endfacet
facet normal 0.999999999998609 -1.33875601466723e-006 -9.94789682707212e-007
  outer loop
    vertex 159.500009275115 55.2000157283886 83.6000144353115
    vertex 159.50000998464 67.6000160613203 84.6000103077208
    vertex 159.500009462017 42.7997317617631 84.5999998824674
  endloop
endfacet
facet normal 0.999999999998609 -1.33875601466723e-006 -9.94789682707212e-007
  outer loop
    vertex 159.500010708474 65.6000140637305 78.6000109728227
    vertex 159.500009371721 56.7000155945754 83.1980901472675
    vertex 159.500009518775 57.3213357794081 82.7213340726167
  endloop
endfacet
facet normal 0.999999999998609 -1.33875601466723e-006 -9.94789682707212e-007
  outer loop
    vertex 159.500010708474 65.6000140637305 78.6000109728227
    vertex 159.500009518775 57.3213357794081 82.7213340726167
    vertex 159.500009719753 57.7980914403444 82.1000135703301
  endloop
endfacet
facet normal 0.999999999998609 -1.33875601466723e-006 -9.94789682707212e-007
  outer loop
    vertex 159.500010708474 65.6000140637305 78.6000109728227
    vertex 159.500009719753 57.7980914403444 82.1000135703301
    vertex 159.500009960958 58.0977924669681 81.3764706058577
  endloop
endfacet
facet normal 0.999999999998609 -1.33875601466723e-006 -9.94789682707212e-007
  outer loop
    vertex 159.500010708474 65.6000140637305 78.6000109728227
    vertex 159.500009960958 58.0977924669681 81.3764706058577
    vertex 159.500010225954 58.2000147295939 80.6000134365171
  endloop
endfacet
facet normal 0.999999999998609 -1.33875601466723e-006 -9.94789682707212e-007
  outer loop
    vertex 159.500009275115 55.2000157283886 83.6000144353115
    vertex 159.500009462017 42.7997317617631 84.5999998824674
    vertex 159.500009332146 54.4235585590479 83.4977921726857
  endloop
endfacet
facet normal 0.999999999998609 -1.33875601466723e-006 -9.94789682707212e-007
  outer loop
    vertex 159.500009332146 54.4235585590479 83.4977921726857
    vertex 159.500009462017 42.7997317617631 84.5999998824674
    vertex 159.50000945582 53.7000155945756 83.1980911460622
  endloop
endfacet
facet normal 0.999999999998609 -1.33875601466723e-006 -9.94789682707212e-007
  outer loop
    vertex 159.50000945582 53.7000155945756 83.1980911460622
    vertex 159.500009462017 42.7997317617631 84.5999998824674
    vertex 159.500009637708 53.078695092289 82.7213354851257
  endloop
endfacet
facet normal 0.999999999998609 -1.33875601466723e-006 -9.94789682707212e-007
  outer loop
    vertex 159.500009637708 53.078695092289 82.7213354851257
    vertex 159.500009462017 42.7997317617631 84.5999998824674
    vertex 159.500009865417 52.6019390176381 82.1000153002932
  endloop
endfacet
facet normal 0.999999999998609 -1.33875601466723e-006 -9.94789682707212e-007
  outer loop
    vertex 159.500009865417 52.6019390176381 82.1000153002932
    vertex 159.500009462017 42.7997317617631 84.5999998824674
    vertex 159.500010123424 52.3022375092341 81.3764725353808
  endloop
endfacet
facet normal 0.999999999998609 -1.33875601466723e-006 -9.94789682707212e-007
  outer loop
    vertex 159.500010123424 52.3022375092341 81.3764725353808
    vertex 159.500009462017 42.7997317617631 84.5999998824674
    vertex 159.500010394151 52.2000147295941 80.6000154341065
  endloop
endfacet
facet normal 0.999999999998609 -1.33875601466723e-006 -9.94789682707212e-007
  outer loop
    vertex 159.500010394151 52.2000147295941 80.6000154341065
    vertex 159.500009462017 42.7997317617631 84.5999998824674
    vertex 159.500011291547 44.8000140637313 78.6000178978014
  endloop
endfacet
facet normal 0.999999999998609 -1.33875601466723e-006 -9.94789682707212e-007
  outer loop
    vertex 159.500011291547 44.8000140637313 78.6000178978014
    vertex 159.500009462017 42.7997317617631 84.5999998824674
    vertex 159.500022330874 44.8000034099181 46.6000178978052
  endloop
endfacet
facet normal 0.999999999998609 -1.33875601466723e-006 -9.94789682707212e-007
  outer loop
    vertex 159.500022330874 44.8000034099181 46.6000178978052
    vertex 159.500009462017 42.7997317617631 84.5999998824674
    vertex 159.499923021115 42.8018584251055 39.4000304378919
  endloop
endfacet
facet normal 0.999999999998609 -1.33875601466723e-006 -9.94789682707212e-007
  outer loop
    vertex 159.500000000008 67.5999999578535 39.400004570964
    vertex 159.500023707203 55.9764589146001 41.7022366979421
    vertex 159.499923021115 42.8018584251055 39.4000304378919
  endloop
endfacet
facet normal 0.999999999998609 -1.33875601466723e-006 -9.94789682707212e-007
  outer loop
    vertex 159.500023707203 55.9764589146001 41.7022366979421
    vertex 159.500000000008 67.5999999578535 39.400004570964
    vertex 159.500023583529 56.7000018790727 42.0019377245657
  endloop
endfacet
facet normal 0.999999999998609 -1.33875601466723e-006 -9.94789682707212e-007
  outer loop
    vertex 159.500023583529 56.7000018790727 42.0019377245657
    vertex 159.500000000008 67.5999999578535 39.400004570964
    vertex 159.500021747801 65.6000034099169 46.6000109728264
  endloop
endfacet
facet normal 0.999999999998609 -1.33875601466723e-006 -9.94789682707212e-007
  outer loop
    vertex 159.500021747801 65.6000034099169 46.6000109728264
    vertex 159.500000000008 67.5999999578535 39.400004570964
    vertex 159.500010708474 65.6000140637305 78.6000109728227
  endloop
endfacet
facet normal 0.999999999998609 -1.33875601466723e-006 -9.94789682707212e-007
  outer loop
    vertex 159.500023583529 56.7000018790727 42.0019377245657
    vertex 159.500021747801 65.6000034099169 46.6000109728264
    vertex 159.500023401642 57.3213223813592 42.4786933855021
  endloop
endfacet
facet normal 0.999999999998609 -1.33875601466723e-006 -9.94789682707212e-007
  outer loop
    vertex 159.500023401642 57.3213223813592 42.4786933855021
    vertex 159.500021747801 65.6000034099169 46.6000109728264
    vertex 159.500023173933 57.79807845601 43.1000135703347
  endloop
endfacet
facet normal 0.999999999998609 -1.33875601466723e-006 -9.94789682707212e-007
  outer loop
    vertex 159.500023173933 57.79807845601 43.1000135703347
    vertex 159.500021747801 65.6000034099169 46.6000109728264
    vertex 159.500022915925 58.0977799644143 43.823556335247
  endloop
endfacet
facet normal 0.999999999998609 -1.33875601466723e-006 -9.94789682707212e-007
  outer loop
    vertex 159.500022915925 58.0977799644143 43.823556335247
    vertex 159.500021747801 65.6000034099169 46.6000109728264
    vertex 159.500022645198 58.200002744054 44.6000134365214
  endloop
endfacet
facet normal 0.999999999998609 -1.33875601466723e-006 -9.94789682707212e-007
  outer loop
    vertex 159.499923021115 42.8018584251055 39.4000304378919
    vertex 159.500023707203 55.9764589146001 41.7022366979421
    vertex 159.500023764234 55.2000017452596 41.6000144353164
  endloop
endfacet
facet normal 0.999999999998609 -1.33875601466723e-006 -9.94789682707212e-007
  outer loop
    vertex 159.499923021115 42.8018584251055 39.4000304378919
    vertex 159.500023764234 55.2000017452596 41.6000144353164
    vertex 159.500023750737 54.4235446439851 41.7022372149562
  endloop
endfacet
facet normal 0.999999999998609 -1.33875601466723e-006 -9.94789682707212e-007
  outer loop
    vertex 159.499923021115 42.8018584251055 39.4000304378919
    vertex 159.500023750737 54.4235446439851 41.7022372149562
    vertex 159.500023667628 53.7000018790727 42.0019387233603
  endloop
endfacet
facet normal 0.999999999998609 -1.33875601466723e-006 -9.94789682707212e-007
  outer loop
    vertex 159.499923021115 42.8018584251055 39.4000304378919
    vertex 159.500023667628 53.7000018790727 42.0019387233603
    vertex 159.500023520574 53.0786816942402 42.4786947980111
  endloop
endfacet
facet normal 0.999999999998609 -1.33875601466723e-006 -9.94789682707212e-007
  outer loop
    vertex 159.499923021115 42.8018584251055 39.4000304378919
    vertex 159.500023520574 53.0786816942402 42.4786947980111
    vertex 159.500023319596 52.6019260333037 43.1000153002977
  endloop
endfacet
facet normal 0.999999999998609 -1.33875601466723e-006 -9.94789682707212e-007
  outer loop
    vertex 159.499923021115 42.8018584251055 39.4000304378919
    vertex 159.500023319596 52.6019260333037 43.1000153002977
    vertex 159.50002307839 52.30222500668 43.8235582647701
  endloop
endfacet
facet normal 0.999999999998609 -1.33875601466723e-006 -9.94789682707212e-007
  outer loop
    vertex 159.499923021115 42.8018584251055 39.4000304378919
    vertex 159.50002307839 52.30222500668 43.8235582647701
    vertex 159.500022813395 52.2000027440543 44.6000154341107
  endloop
endfacet
facet normal 0.999999999998609 -1.33875601466723e-006 -9.94789682707212e-007
  outer loop
    vertex 159.499923021115 42.8018584251055 39.4000304378919
    vertex 159.500022813395 52.2000027440543 44.6000154341107
    vertex 159.500022330874 44.8000034099181 46.6000178978052
  endloop
endfacet
facet normal 0.999999999998609 -1.33875601466723e-006 -9.94789682707212e-007
  outer loop
    vertex 159.500010900353 52.6019380188434 79.1000153002935
    vertex 159.500011291547 44.8000140637313 78.6000178978014
    vertex 159.500011062087 52.9856013463669 78.6000151725602
  endloop
endfacet
facet normal 0.999999999998609 -1.33875601466723e-006 -9.94789682707212e-007
  outer loop
    vertex 159.500011291547 44.8000140637313 78.6000178978014
    vertex 159.500010900353 52.6019380188434 79.1000153002935
    vertex 159.500010659148 52.30223699222 79.8235582647659
  endloop
endfacet
facet normal 0.999999999998609 -1.33875601466723e-006 -9.94789682707212e-007
  outer loop
    vertex 159.500011291547 44.8000140637313 78.6000178978014
    vertex 159.500010659148 52.30223699222 79.8235582647659
    vertex 159.500010394151 52.2000147295941 80.6000154341065
  endloop
endfacet
facet normal 0.999999999998609 -1.33875601466723e-006 -9.94789682707212e-007
  outer loop
    vertex 159.500010708474 65.6000140637305 78.6000109728227
    vertex 159.50001075469 57.7980904415499 79.1000135703304
    vertex 159.500010937936 57.4144267810944 78.6000136980639
  endloop
endfacet
facet normal 0.999999999998609 -1.33875601466723e-006 -9.94789682707212e-007
  outer loop
    vertex 159.50001075469 57.7980904415499 79.1000135703304
    vertex 159.500010708474 65.6000140637305 78.6000109728227
    vertex 159.500010496681 58.0977919499539 79.8235563352428
  endloop
endfacet
facet normal 0.999999999998609 -1.33875601466723e-006 -9.94789682707212e-007
  outer loop
    vertex 159.500010496681 58.0977919499539 79.8235563352428
    vertex 159.500010708474 65.6000140637305 78.6000109728227
    vertex 159.500010225954 58.2000147295939 80.6000134365171
  endloop
endfacet
facet normal -3.07991554668587e-007 -0.382683124776414 0.923879659918577
  outer loop
    vertex 159.500023583529 56.7000018790727 42.0019377245657
    vertex 156.299999709976 55.9764609293641 41.7022367237581
    vertex 159.500023707203 55.9764589146001 41.7022366979421
  endloop
endfacet
facet normal -3.07991554668587e-007 -0.382683124776414 0.923879659918577
  outer loop
    vertex 156.299999709976 55.9764609293641 41.7022367237581
    vertex 159.500023583529 56.7000018790727 42.0019377245657
    vertex 156.299999586302 56.7000038938365 42.0019377503817
  endloop
endfacet
facet normal -1.57916694056531e-007 0.923879659918644 0.382683124776343
  outer loop
    vertex 156.299986903126 52.6019400336074 79.1000153261095
    vertex 159.500010659148 52.30223699222 79.8235582647659
    vertex 159.500010900353 52.6019380188434 79.1000153002935
  endloop
endfacet
facet normal -1.57916694056531e-007 0.923879659918644 0.382683124776343
  outer loop
    vertex 159.500010659148 52.30223699222 79.8235582647659
    vertex 156.299986903126 52.6019400336074 79.1000153261095
    vertex 156.29998666192 52.3022390069838 79.8235582905819
  endloop
endfacet
facet normal 3.32214205958965e-006 -4.70292258255505e-006 0.999999999983423
  outer loop
    vertex 159.500009462017 42.7997317617631 84.5999998824674
    vertex 155.500277036103 -0.999999898924075 84.5997153920035
    vertex 159.500249272662 -0.999999983120514 84.5996977204815
  endloop
endfacet
facet normal 3.32214205958965e-006 -4.70292258255505e-006 0.999999999983423
  outer loop
    vertex 155.500277036103 -0.999999898924075 84.5997153920035
    vertex 159.500009462017 42.7997317617631 84.5999998824674
    vertex 159.50000998464 67.6000160613203 84.6000103077208
  endloop
endfacet
facet normal 3.32214205958965e-006 -4.70292258255505e-006 0.999999999983423
  outer loop
    vertex 155.500277036103 -0.999999898924075 84.5997153920035
    vertex 159.50000998464 67.6000160613203 84.6000103077208
    vertex 155.499942332862 42.8014108617267 84.6000087380866
  endloop
endfacet
facet normal 3.32214205958965e-006 -4.70292258255505e-006 0.999999999983423
  outer loop
    vertex 155.499942332862 42.8014108617267 84.6000087380866
    vertex 159.50000998464 67.6000160613203 84.6000103077208
    vertex 153.499985937924 67.6000155931794 84.6000086633656
  endloop
endfacet
facet normal 3.32214205958965e-006 -4.70292258255505e-006 0.999999999983423
  outer loop
    vertex 155.499942332862 42.8014108617267 84.6000087380866
    vertex 153.499985937924 67.6000155931794 84.6000086633656
    vertex 153.49998044996 42.799731293622 84.5999986043114
  endloop
endfacet
facet normal 4.95399969179953e-007 -0.999999999999822 3.32931831590846e-007
  outer loop
    vertex 159.500021747801 65.6000034099169 46.6000109728264
    vertex 153.499986661759 65.6000135955888 78.6000093284674
    vertex 153.499997701086 65.600002941776 46.6000093284712
  endloop
endfacet
facet normal 4.95399969179953e-007 -0.999999999999822 3.32931831590846e-007
  outer loop
    vertex 153.499986661759 65.6000135955888 78.6000093284674
    vertex 159.500021747801 65.6000034099169 46.6000109728264
    vertex 159.500010708474 65.6000140637305 78.6000109728227
  endloop
endfacet
facet normal 3.07991552292232e-007 0.382683124776429 -0.923879659918571
  outer loop
    vertex 156.299985458592 53.7000176093396 83.1980911718782
    vertex 159.500009332146 54.4235585590479 83.4977921726857
    vertex 159.50000945582 53.7000155945756 83.1980911460622
  endloop
endfacet
facet normal 3.07991552292232e-007 0.382683124776429 -0.923879659918571
  outer loop
    vertex 159.500009332146 54.4235585590479 83.4977921726857
    vertex 156.299985458592 53.7000176093396 83.1980911718782
    vertex 156.299985334918 54.4235605738119 83.4977921985018
  endloop
endfacet
facet normal 1.87770161408012e-007 0.793353137615321 -0.608761693140995
  outer loop
    vertex 156.299985868188 52.601941032402 82.1000153261092
    vertex 159.500009637708 53.078695092289 82.7213354851257
    vertex 159.500009865417 52.6019390176381 82.1000153002932
  endloop
endfacet
facet normal 1.87770161408012e-007 0.793353137615321 -0.608761693140995
  outer loop
    vertex 159.500009637708 53.078695092289 82.7213354851257
    vertex 156.299985868188 52.601941032402 82.1000153261092
    vertex 156.299985640481 53.0786971070528 82.7213355109417
  endloop
endfacet
facet normal -1.06118961387874e-007 -0.923879405103835 0.382683739953728
  outer loop
    vertex 159.500010496681 58.0977919499539 79.8235563352428
    vertex 156.299986757463 57.7980924563138 79.1000135961464
    vertex 159.50001075469 57.7980904415499 79.1000135703304
  endloop
endfacet
facet normal -1.06118961387874e-007 -0.923879405103835 0.382683739953728
  outer loop
    vertex 156.299986757463 57.7980924563138 79.1000135961464
    vertex 159.500010496681 58.0977919499539 79.8235563352428
    vertex 156.299986499454 58.097793964718 79.8235563610588
  endloop
endfacet
facet normal -1.72359074115501e-008 -0.991444817917475 0.130526522303266
  outer loop
    vertex 159.500010225954 58.2000147295939 80.6000134365171
    vertex 156.299986499454 58.097793964718 79.8235563610588
    vertex 159.500010496681 58.0977919499539 79.8235563352428
  endloop
endfacet
facet normal -1.72359074115501e-008 -0.991444817917475 0.130526522303266
  outer loop
    vertex 156.299986499454 58.097793964718 79.8235563610588
    vertex 159.500010225954 58.2000147295939 80.6000134365171
    vertex 156.299986228727 58.2000167443577 80.6000134623331
  endloop
endfacet
facet normal 7.28217540611232e-008 -0.99144490483005 -0.130525862136694
  outer loop
    vertex 159.500009960958 58.0977924669681 81.3764706058577
    vertex 156.299986228727 58.2000167443577 80.6000134623331
    vertex 159.500010225954 58.2000147295939 80.6000134365171
  endloop
endfacet
facet normal 7.28217540611232e-008 -0.99144490483005 -0.130525862136694
  outer loop
    vertex 156.299986228727 58.2000167443577 80.6000134623331
    vertex 159.500009960958 58.0977924669681 81.3764706058577
    vertex 156.299985963731 58.0977944817321 81.3764706316737
  endloop
endfacet
facet normal -1.06118932468338e-007 -0.923879405103821 0.382683739953761
  outer loop
    vertex 159.500022915925 58.0977799644143 43.823556335247
    vertex 156.299999176706 57.7980804707739 43.1000135961506
    vertex 159.500023173933 57.79807845601 43.1000135703347
  endloop
endfacet
facet normal -1.06118932468338e-007 -0.923879405103821 0.382683739953761
  outer loop
    vertex 156.299999176706 57.7980804707739 43.1000135961506
    vertex 159.500022915925 58.0977799644143 43.823556335247
    vertex 156.299998918697 58.0977819791782 43.823556361063
  endloop
endfacet
facet normal 0.99999999999994 2.80329794240086e-008 3.44979304392292e-007
  outer loop
    vertex 156.299998382973 58.0977824961924 45.3764706316779
    vertex 156.299998918697 58.0977819791782 43.823556361063
    vertex 156.29999864797 58.2000047588179 44.6000134623373
  endloop
endfacet
facet normal 0.99999999999994 2.80329794240086e-008 3.44979304392292e-007
  outer loop
    vertex 156.299998918697 58.0977819791782 43.823556361063
    vertex 156.299998382973 58.0977824961924 45.3764706316779
    vertex 156.299998141768 57.7980814695685 46.1000135961503
  endloop
endfacet
facet normal 0.99999999999994 2.80329794240086e-008 3.44979304392292e-007
  outer loop
    vertex 156.299998918697 58.0977819791782 43.823556361063
    vertex 156.299998141768 57.7980814695685 46.1000135961503
    vertex 156.299999176706 57.7980804707739 43.1000135961506
  endloop
endfacet
facet normal 0.99999999999994 2.80329794240086e-008 3.44979304392292e-007
  outer loop
    vertex 156.299999176706 57.7980804707739 43.1000135961506
    vertex 156.299998141768 57.7980814695685 46.1000135961503
    vertex 156.299997980034 57.4144181420451 46.6000137238836
  endloop
endfacet
facet normal 0.99999999999994 2.80329794240086e-008 3.44979304392292e-007
  outer loop
    vertex 156.299999176706 57.7980804707739 43.1000135961506
    vertex 156.299997980034 57.4144181420451 46.6000137238836
    vertex 156.299999404414 57.3213243961235 42.4786934113181
  endloop
endfacet
facet normal 0.99999999999994 2.80329794240086e-008 3.44979304392292e-007
  outer loop
    vertex 156.299999404414 57.3213243961235 42.4786934113181
    vertex 156.299997980034 57.4144181420451 46.6000137238836
    vertex 156.299998534249 56.8420788099968 45.0400062911079
  endloop
endfacet
facet normal 0.99999999999994 2.80329794240086e-008 3.44979304392292e-007
  outer loop
    vertex 156.299998534249 56.8420788099968 45.0400062911079
    vertex 156.299997980034 57.4144181420451 46.6000137238836
    vertex 156.299998397566 56.6722482282435 45.4500139709755
  endloop
endfacet
facet normal 0.99999999999994 2.80329794240086e-008 3.44979304392292e-007
  outer loop
    vertex 156.299998397566 56.6722482282435 45.4500139709755
    vertex 156.299997980034 57.4144181420451 46.6000137238836
    vertex 156.299998283678 56.4020866870466 45.802095588938
  endloop
endfacet
facet normal 0.99999999999994 2.80329794240086e-008 3.44979304392292e-007
  outer loop
    vertex 156.299998283678 56.4020866870466 45.802095588938
    vertex 156.299997980034 57.4144181420451 46.6000137238836
    vertex 156.299998200348 56.0500052489744 46.0722573645735
  endloop
endfacet
facet normal 0.99999999999994 2.80329794240086e-008 3.44979304392292e-007
  outer loop
    vertex 156.299998200348 56.0500052489744 46.0722573645735
    vertex 156.299997980034 57.4144181420451 46.6000137238836
    vertex 156.299998153253 55.6399976821908 46.2420882193359
  endloop
endfacet
facet normal 0.99999999999994 2.80329794240086e-008 3.44979304392292e-007
  outer loop
    vertex 156.299998153253 55.6399976821908 46.2420882193359
    vertex 156.299997980034 57.4144181420451 46.6000137238836
    vertex 156.299998104186 52.9855927073177 46.6000151983799
  endloop
endfacet
facet normal 0.99999999999994 2.80329794240086e-008 3.44979304392292e-007
  outer loop
    vertex 156.299999404414 57.3213243961235 42.4786934113181
    vertex 156.299998534249 56.8420788099968 45.0400062911079
    vertex 156.299998684413 56.900004758818 44.6000138951482
  endloop
endfacet
facet normal 0.99999999999994 2.80329794240086e-008 3.44979304392292e-007
  outer loop
    vertex 156.299998153253 55.6399976821908 46.2420882193359
    vertex 156.299998104186 52.9855927073177 46.6000151983799
    vertex 156.299998145604 55.200005324802 46.3000144611319
  endloop
endfacet
facet normal 0.99999999999994 2.80329794240086e-008 3.44979304392292e-007
  outer loop
    vertex 156.299998145604 55.200005324802 46.3000144611319
    vertex 156.299998104186 52.9855927073177 46.6000151983799
    vertex 156.299998177922 54.7600129288422 46.2420885123107
  endloop
endfacet
facet normal 0.99999999999994 2.80329794240086e-008 3.44979304392292e-007
  outer loop
    vertex 156.299998177922 54.7600129288422 46.2420885123107
    vertex 156.299998104186 52.9855927073177 46.6000151983799
    vertex 156.299998248003 54.3500052489747 46.0722579305573
  endloop
endfacet
facet normal 0.99999999999994 2.80329794240086e-008 3.44979304392292e-007
  outer loop
    vertex 156.299998248003 54.3500052489747 46.0722579305573
    vertex 156.299998104186 52.9855927073177 46.6000151983799
    vertex 156.299998351073 53.9979236310121 45.80209638936
  endloop
endfacet
facet normal 0.99999999999994 2.80329794240086e-008 3.44979304392292e-007
  outer loop
    vertex 156.299998351073 53.9979236310121 45.80209638936
    vertex 156.299998104186 52.9855927073177 46.6000151983799
    vertex 156.299998480107 53.7277618553765 45.4500149512883
  endloop
endfacet
facet normal 0.99999999999994 2.80329794240086e-008 3.44979304392292e-007
  outer loop
    vertex 156.299998480107 53.7277618553765 45.4500149512883
    vertex 156.299998104186 52.9855927073177 46.6000151983799
    vertex 156.299998626312 53.5579310006142 45.0400073845047
  endloop
endfacet
facet normal 0.99999999999994 2.80329794240086e-008 3.44979304392292e-007
  outer loop
    vertex 156.299998626312 53.5579310006142 45.0400073845047
    vertex 156.299998104186 52.9855927073177 46.6000151983799
    vertex 156.299998779724 53.5000047588183 44.6000150271158
  endloop
endfacet
facet normal 0.99999999999994 2.80329794240086e-008 3.44979304392292e-007
  outer loop
    vertex 156.299998779724 53.5000047588183 44.6000150271158
    vertex 156.299998104186 52.9855927073177 46.6000151983799
    vertex 156.299999523347 53.0786837090041 42.4786948238271
  endloop
endfacet
facet normal 0.99999999999994 2.80329794240086e-008 3.44979304392292e-007
  outer loop
    vertex 156.299999523347 53.0786837090041 42.4786948238271
    vertex 156.299998104186 52.9855927073177 46.6000151983799
    vertex 156.299999322369 52.6019280480677 43.1000153261137
  endloop
endfacet
facet normal 0.99999999999994 2.80329794240086e-008 3.44979304392292e-007
  outer loop
    vertex 156.299999322369 52.6019280480677 43.1000153261137
    vertex 156.299998104186 52.9855927073177 46.6000151983799
    vertex 156.299998287431 52.6019290468623 46.1000153261134
  endloop
endfacet
facet normal 0.99999999999994 2.80329794240086e-008 3.44979304392292e-007
  outer loop
    vertex 156.299999322369 52.6019280480677 43.1000153261137
    vertex 156.299998287431 52.6019290468623 46.1000153261134
    vertex 156.29999854544 52.3022275384582 45.3764725612011
  endloop
endfacet
facet normal 0.99999999999994 2.80329794240086e-008 3.44979304392292e-007
  outer loop
    vertex 156.299999322369 52.6019280480677 43.1000153261137
    vertex 156.29999854544 52.3022275384582 45.3764725612011
    vertex 156.299999081164 52.302227021444 43.8235582905861
  endloop
endfacet
facet normal 0.99999999999994 2.80329794240086e-008 3.44979304392292e-007
  outer loop
    vertex 156.299999081164 52.302227021444 43.8235582905861
    vertex 156.29999854544 52.3022275384582 45.3764725612011
    vertex 156.299998816167 52.2000047588184 44.6000154599267
  endloop
endfacet
facet normal 0.99999999999994 2.80329794240086e-008 3.44979304392292e-007
  outer loop
    vertex 156.299998684413 56.900004758818 44.6000138951482
    vertex 156.299999586302 56.7000038938365 42.0019377503817
    vertex 156.299999404414 57.3213243961235 42.4786934113181
  endloop
endfacet
facet normal 0.99999999999994 2.80329794240086e-008 3.44979304392292e-007
  outer loop
    vertex 156.299999586302 56.7000038938365 42.0019377503817
    vertex 156.299998684413 56.900004758818 44.6000138951482
    vertex 156.299998837826 56.8420785170225 44.1600215377594
  endloop
endfacet
facet normal 0.99999999999994 2.80329794240086e-008 3.44979304392292e-007
  outer loop
    vertex 156.299999586302 56.7000038938365 42.0019377503817
    vertex 156.299998837826 56.8420785170225 44.1600215377594
    vertex 156.29999898403 56.6722476622597 43.7500139709757
  endloop
endfacet
facet normal 0.99999999999994 2.80329794240086e-008 3.44979304392292e-007
  outer loop
    vertex 156.299999586302 56.7000038938365 42.0019377503817
    vertex 156.29999898403 56.6722476622597 43.7500139709757
    vertex 156.299999709976 55.9764609293641 41.7022367237581
  endloop
endfacet
facet normal 0.99999999999994 2.80329794240086e-008 3.44979304392292e-007
  outer loop
    vertex 156.299999709976 55.9764609293641 41.7022367237581
    vertex 156.29999898403 56.6722476622597 43.7500139709757
    vertex 156.299999113065 56.4020858866242 43.397932532904
  endloop
endfacet
facet normal 0.99999999999994 2.80329794240086e-008 3.44979304392292e-007
  outer loop
    vertex 156.299999709976 55.9764609293641 41.7022367237581
    vertex 156.299999113065 56.4020858866242 43.397932532904
    vertex 156.299999216134 56.0500042686617 43.1277709917067
  endloop
endfacet
facet normal 0.99999999999994 2.80329794240086e-008 3.44979304392292e-007
  outer loop
    vertex 156.299999709976 55.9764609293641 41.7022367237581
    vertex 156.299999216134 56.0500042686617 43.1277709917067
    vertex 156.299999286215 55.639996588794 42.9579404099534
  endloop
endfacet
facet normal 0.99999999999994 2.80329794240086e-008 3.44979304392292e-007
  outer loop
    vertex 156.299999709976 55.9764609293641 41.7022367237581
    vertex 156.299999286215 55.639996588794 42.9579404099534
    vertex 156.299999767006 55.2000037600235 41.6000144611324
  endloop
endfacet
facet normal 0.99999999999994 2.80329794240086e-008 3.44979304392292e-007
  outer loop
    vertex 156.299999767006 55.2000037600235 41.6000144611324
    vertex 156.299999286215 55.639996588794 42.9579404099534
    vertex 156.299999318533 55.2000041928344 42.9000144611322
  endloop
endfacet
facet normal 0.99999999999994 2.80329794240086e-008 3.44979304392292e-007
  outer loop
    vertex 156.299999767006 55.2000037600235 41.6000144611324
    vertex 156.299999318533 55.2000041928344 42.9000144611322
    vertex 156.299999310883 54.7600118354456 42.9579407029281
  endloop
endfacet
facet normal 0.99999999999994 2.80329794240086e-008 3.44979304392292e-007
  outer loop
    vertex 156.299999767006 55.2000037600235 41.6000144611324
    vertex 156.299999310883 54.7600118354456 42.9579407029281
    vertex 156.299999753508 54.4235466587491 41.7022372407722
  endloop
endfacet
facet normal 0.99999999999994 2.80329794240086e-008 3.44979304392292e-007
  outer loop
    vertex 156.299999753508 54.4235466587491 41.7022372407722
    vertex 156.299999310883 54.7600118354456 42.9579407029281
    vertex 156.299999263789 54.3500042686618 43.1277715576906
  endloop
endfacet
facet normal 0.99999999999994 2.80329794240086e-008 3.44979304392292e-007
  outer loop
    vertex 156.299999753508 54.4235466587491 41.7022372407722
    vertex 156.299999263789 54.3500042686618 43.1277715576906
    vertex 156.299999670401 53.7000038938367 42.0019387491763
  endloop
endfacet
facet normal 0.99999999999994 2.80329794240086e-008 3.44979304392292e-007
  outer loop
    vertex 156.299999670401 53.7000038938367 42.0019387491763
    vertex 156.299999263789 54.3500042686618 43.1277715576906
    vertex 156.299999180459 53.99792283059 43.397933333326
  endloop
endfacet
facet normal 0.99999999999994 2.80329794240086e-008 3.44979304392292e-007
  outer loop
    vertex 156.299999670401 53.7000038938367 42.0019387491763
    vertex 156.299999180459 53.99792283059 43.397933333326
    vertex 156.299999066571 53.7277612893927 43.7500149512885
  endloop
endfacet
facet normal 0.99999999999994 2.80329794240086e-008 3.44979304392292e-007
  outer loop
    vertex 156.299999670401 53.7000038938367 42.0019387491763
    vertex 156.299999066571 53.7277612893927 43.7500149512885
    vertex 156.299998929888 53.5579307076395 44.1600226311561
  endloop
endfacet
facet normal 0.99999999999994 2.80329794240086e-008 3.44979304392292e-007
  outer loop
    vertex 156.299999670401 53.7000038938367 42.0019387491763
    vertex 156.299998929888 53.5579307076395 44.1600226311561
    vertex 156.299999523347 53.0786837090041 42.4786948238271
  endloop
endfacet
facet normal 0.99999999999994 2.80329794240086e-008 3.44979304392292e-007
  outer loop
    vertex 156.299999523347 53.0786837090041 42.4786948238271
    vertex 156.299998929888 53.5579307076395 44.1600226311561
    vertex 156.299998779724 53.5000047588183 44.6000150271158
  endloop
endfacet
facet normal 0.99999999999994 2.80329794240093e-008 3.4497930721289e-007
  outer loop
    vertex 156.299985374494 56.7000176093394 83.1980901730835
    vertex 156.299986265171 56.9000167443578 80.600013895144
    vertex 156.299985521547 57.3213377941719 82.7213340984327
  endloop
endfacet
facet normal 0.99999999999994 2.80329794240093e-008 3.4497930721289e-007
  outer loop
    vertex 156.299986265171 56.9000167443578 80.600013895144
    vertex 156.299985374494 56.7000176093394 83.1980901730835
    vertex 156.299986115007 56.8420907955366 81.0400062911036
  endloop
endfacet
facet normal 0.99999999999994 2.80329794240093e-008 3.4497930721289e-007
  outer loop
    vertex 156.299986115007 56.8420907955366 81.0400062911036
    vertex 156.299985374494 56.7000176093394 83.1980901730835
    vertex 156.299985978323 56.6722602137837 81.4500139709713
  endloop
endfacet
facet normal 0.99999999999994 2.80329794240093e-008 3.4497930721289e-007
  outer loop
    vertex 156.299985978323 56.6722602137837 81.4500139709713
    vertex 156.299985374494 56.7000176093394 83.1980901730835
    vertex 156.299985291386 55.9764748444269 83.4977916814876
  endloop
endfacet
facet normal 0.99999999999994 2.80329794240093e-008 3.4497930721289e-007
  outer loop
    vertex 156.299985978323 56.6722602137837 81.4500139709713
    vertex 156.299985291386 55.9764748444269 83.4977916814876
    vertex 156.299985864437 56.402098672586 81.8020955889338
  endloop
endfacet
facet normal 0.99999999999994 2.80329794240093e-008 3.4497930721289e-007
  outer loop
    vertex 156.299985864437 56.402098672586 81.8020955889338
    vertex 156.299985291386 55.9764748444269 83.4977916814876
    vertex 156.299985781105 56.0500172345143 82.0722573645693
  endloop
endfacet
facet normal 0.99999999999994 2.80329794240093e-008 3.4497930721289e-007
  outer loop
    vertex 156.299985781105 56.0500172345143 82.0722573645693
    vertex 156.299985291386 55.9764748444269 83.4977916814876
    vertex 156.299985734012 55.6400096677306 82.2420882193316
  endloop
endfacet
facet normal 0.99999999999994 2.80329794240093e-008 3.4497930721289e-007
  outer loop
    vertex 156.299985734012 55.6400096677306 82.2420882193316
    vertex 156.299985291386 55.9764748444269 83.4977916814876
    vertex 156.299985277887 55.2000177431526 83.6000144611274
  endloop
endfacet
facet normal 0.99999999999994 2.80329794240093e-008 3.4497930721289e-007
  outer loop
    vertex 156.299985734012 55.6400096677306 82.2420882193316
    vertex 156.299985277887 55.2000177431526 83.6000144611274
    vertex 156.299985726361 55.2000173103417 82.3000144611276
  endloop
endfacet
facet normal 0.99999999999994 2.80329794240093e-008 3.4497930721289e-007
  outer loop
    vertex 156.299985726361 55.2000173103417 82.3000144611276
    vertex 156.299985277887 55.2000177431526 83.6000144611274
    vertex 156.299985334918 54.4235605738119 83.4977921985018
  endloop
endfacet
facet normal 0.99999999999994 2.80329794240093e-008 3.4497930721289e-007
  outer loop
    vertex 156.299985726361 55.2000173103417 82.3000144611276
    vertex 156.299985334918 54.4235605738119 83.4977921985018
    vertex 156.299985758679 54.7600249143821 82.2420885123064
  endloop
endfacet
facet normal 0.99999999999994 2.80329794240093e-008 3.4497930721289e-007
  outer loop
    vertex 156.299985758679 54.7600249143821 82.2420885123064
    vertex 156.299985334918 54.4235605738119 83.4977921985018
    vertex 156.29998582876 54.3500172345143 82.0722579305531
  endloop
endfacet
facet normal 0.99999999999994 2.80329794240093e-008 3.4497930721289e-007
  outer loop
    vertex 156.29998582876 54.3500172345143 82.0722579305531
    vertex 156.299985334918 54.4235605738119 83.4977921985018
    vertex 156.299985458592 53.7000176093396 83.1980911718782
  endloop
endfacet
facet normal 0.99999999999994 2.80329794240093e-008 3.4497930721289e-007
  outer loop
    vertex 156.29998582876 54.3500172345143 82.0722579305531
    vertex 156.299985458592 53.7000176093396 83.1980911718782
    vertex 156.29998593183 53.997935616552 81.8020963893558
  endloop
endfacet
facet normal 0.99999999999994 2.80329794240093e-008 3.4497930721289e-007
  outer loop
    vertex 156.29998593183 53.997935616552 81.8020963893558
    vertex 156.299985458592 53.7000176093396 83.1980911718782
    vertex 156.299986060864 53.7277738409165 81.4500149512841
  endloop
endfacet
facet normal 0.99999999999994 2.80329794240093e-008 3.4497930721289e-007
  outer loop
    vertex 156.299986060864 53.7277738409165 81.4500149512841
    vertex 156.299985458592 53.7000176093396 83.1980911718782
    vertex 156.299986207069 53.557942986154 81.0400073845005
  endloop
endfacet
facet normal 0.99999999999994 2.80329794240093e-008 3.4497930721289e-007
  outer loop
    vertex 156.299986207069 53.557942986154 81.0400073845005
    vertex 156.299985458592 53.7000176093396 83.1980911718782
    vertex 156.299985640481 53.0786971070528 82.7213355109417
  endloop
endfacet
facet normal 0.99999999999994 2.80329794240093e-008 3.4497930721289e-007
  outer loop
    vertex 156.299986207069 53.557942986154 81.0400073845005
    vertex 156.299985640481 53.0786971070528 82.7213355109417
    vertex 156.29998636048 53.500016744358 80.6000150271117
  endloop
endfacet
facet normal 0.99999999999994 2.80329794240093e-008 3.4497930721289e-007
  outer loop
    vertex 156.299985963731 58.0977944817321 81.3764706316737
    vertex 156.299986499454 58.097793964718 79.8235563610588
    vertex 156.299986228727 58.2000167443577 80.6000134623331
  endloop
endfacet
facet normal 0.99999999999994 2.80329794240093e-008 3.4497930721289e-007
  outer loop
    vertex 156.299986499454 58.097793964718 79.8235563610588
    vertex 156.299985963731 58.0977944817321 81.3764706316737
    vertex 156.299985722525 57.7980934551084 82.1000135961461
  endloop
endfacet
facet normal 0.99999999999994 2.80329794240093e-008 3.4497930721289e-007
  outer loop
    vertex 156.299986499454 58.097793964718 79.8235563610588
    vertex 156.299985722525 57.7980934551084 82.1000135961461
    vertex 156.299986757463 57.7980924563138 79.1000135961464
  endloop
endfacet
facet normal 0.99999999999994 2.80329794240093e-008 3.4497930721289e-007
  outer loop
    vertex 156.299986757463 57.7980924563138 79.1000135961464
    vertex 156.299985722525 57.7980934551084 82.1000135961461
    vertex 156.299985521547 57.3213377941719 82.7213340984327
  endloop
endfacet
facet normal 0.99999999999994 2.80329794240093e-008 3.4497930721289e-007
  outer loop
    vertex 156.299986757463 57.7980924563138 79.1000135961464
    vertex 156.299985521547 57.3213377941719 82.7213340984327
    vertex 156.299986940708 57.4144287958583 78.6000137238799
  endloop
endfacet
facet normal 0.99999999999994 2.80329794240093e-008 3.4497930721289e-007
  outer loop
    vertex 156.299986940708 57.4144287958583 78.6000137238799
    vertex 156.299985521547 57.3213377941719 82.7213340984327
    vertex 156.299986418583 56.8420905025619 80.1600215377552
  endloop
endfacet
facet normal 0.99999999999994 2.80329794240093e-008 3.4497930721289e-007
  outer loop
    vertex 156.299986940708 57.4144287958583 78.6000137238799
    vertex 156.299986418583 56.8420905025619 80.1600215377552
    vertex 156.299986564787 56.6722596477995 79.7500139709715
  endloop
endfacet
facet normal 0.99999999999994 2.80329794240093e-008 3.4497930721289e-007
  outer loop
    vertex 156.299986940708 57.4144287958583 78.6000137238799
    vertex 156.299986564787 56.6722596477995 79.7500139709715
    vertex 156.299986693821 56.402097872164 79.3979325328998
  endloop
endfacet
facet normal 0.99999999999994 2.80329794240093e-008 3.4497930721289e-007
  outer loop
    vertex 156.299986940708 57.4144287958583 78.6000137238799
    vertex 156.299986693821 56.402097872164 79.3979325328998
    vertex 156.299986796892 56.0500162542015 79.1277709917025
  endloop
endfacet
facet normal 0.99999999999994 2.80329794240093e-008 3.4497930721289e-007
  outer loop
    vertex 156.299986940708 57.4144287958583 78.6000137238799
    vertex 156.299986796892 56.0500162542015 79.1277709917025
    vertex 156.299986866973 55.6400085743338 78.9579404099492
  endloop
endfacet
facet normal 0.99999999999994 2.80329794240093e-008 3.4497930721289e-007
  outer loop
    vertex 156.299986940708 57.4144287958583 78.6000137238799
    vertex 156.299986866973 55.6400085743338 78.9579404099492
    vertex 156.29998706486 52.985603361131 78.6000151983762
  endloop
endfacet
facet normal 0.99999999999994 2.80329794240093e-008 3.4497930721289e-007
  outer loop
    vertex 156.299986418583 56.8420905025619 80.1600215377552
    vertex 156.299985521547 57.3213377941719 82.7213340984327
    vertex 156.299986265171 56.9000167443578 80.600013895144
  endloop
endfacet
facet normal 0.99999999999994 2.80329794240093e-008 3.4497930721289e-007
  outer loop
    vertex 156.29998706486 52.985603361131 78.6000151983762
    vertex 156.299986866973 55.6400085743338 78.9579404099492
    vertex 156.29998689929 55.2000161783741 78.900014461128
  endloop
endfacet
facet normal 0.99999999999994 2.80329794240093e-008 3.4497930721289e-007
  outer loop
    vertex 156.29998706486 52.985603361131 78.6000151983762
    vertex 156.29998689929 55.2000161783741 78.900014461128
    vertex 156.299986891641 54.7600238209853 78.9579407029239
  endloop
endfacet
facet normal 0.99999999999994 2.80329794240093e-008 3.4497930721289e-007
  outer loop
    vertex 156.29998706486 52.985603361131 78.6000151983762
    vertex 156.299986891641 54.7600238209853 78.9579407029239
    vertex 156.299986844546 54.3500162542016 79.1277715576864
  endloop
endfacet
facet normal 0.99999999999994 2.80329794240093e-008 3.4497930721289e-007
  outer loop
    vertex 156.29998706486 52.985603361131 78.6000151983762
    vertex 156.299986844546 54.3500162542016 79.1277715576864
    vertex 156.299986761216 53.9979348161298 79.3979333333218
  endloop
endfacet
facet normal 0.99999999999994 2.80329794240093e-008 3.4497930721289e-007
  outer loop
    vertex 156.29998706486 52.985603361131 78.6000151983762
    vertex 156.299986761216 53.9979348161298 79.3979333333218
    vertex 156.299986647328 53.7277732749326 79.7500149512843
  endloop
endfacet
facet normal 0.99999999999994 2.80329794240093e-008 3.4497930721289e-007
  outer loop
    vertex 156.29998706486 52.985603361131 78.6000151983762
    vertex 156.299986647328 53.7277732749326 79.7500149512843
    vertex 156.299986510645 53.5579426931796 80.160022631152
  endloop
endfacet
facet normal 0.99999999999994 2.80329794240093e-008 3.4497930721289e-007
  outer loop
    vertex 156.29998706486 52.985603361131 78.6000151983762
    vertex 156.299986510645 53.5579426931796 80.160022631152
    vertex 156.29998636048 53.500016744358 80.6000150271117
  endloop
endfacet
facet normal 0.99999999999994 2.80329794240093e-008 3.4497930721289e-007
  outer loop
    vertex 156.29998706486 52.985603361131 78.6000151983762
    vertex 156.29998636048 53.500016744358 80.6000150271117
    vertex 156.299985640481 53.0786971070528 82.7213355109417
  endloop
endfacet
facet normal 0.99999999999994 2.80329794240093e-008 3.4497930721289e-007
  outer loop
    vertex 156.29998706486 52.985603361131 78.6000151983762
    vertex 156.299985640481 53.0786971070528 82.7213355109417
    vertex 156.299985868188 52.601941032402 82.1000153261092
  endloop
endfacet
facet normal 0.99999999999994 2.80329794240093e-008 3.4497930721289e-007
  outer loop
    vertex 156.29998706486 52.985603361131 78.6000151983762
    vertex 156.299985868188 52.601941032402 82.1000153261092
    vertex 156.299986903126 52.6019400336074 79.1000153261095
  endloop
endfacet
facet normal 0.99999999999994 2.80329794240093e-008 3.4497930721289e-007
  outer loop
    vertex 156.299986903126 52.6019400336074 79.1000153261095
    vertex 156.299985868188 52.601941032402 82.1000153261092
    vertex 156.299986126197 52.302239523998 81.3764725611968
  endloop
endfacet
facet normal 0.99999999999994 2.80329794240093e-008 3.4497930721289e-007
  outer loop
    vertex 156.299986903126 52.6019400336074 79.1000153261095
    vertex 156.299986126197 52.302239523998 81.3764725611968
    vertex 156.29998666192 52.3022390069838 79.8235582905819
  endloop
endfacet
facet normal 0.99999999999994 2.80329794240093e-008 3.4497930721289e-007
  outer loop
    vertex 156.29998666192 52.3022390069838 79.8235582905819
    vertex 156.299986126197 52.302239523998 81.3764725611968
    vertex 156.299986396924 52.200016744358 80.6000154599225
  endloop
endfacet
facet normal 7.07254547448265e-007 -0.991444817917179 0.130526522303595
  outer loop
    vertex 156.299998837826 56.8420785170225 44.1600215377594
    vertex 153.499998634929 56.9000022759155 44.6000122249785
    vertex 153.499998788339 56.8420760341192 44.1600198675896
  endloop
endfacet
facet normal 7.07254547448265e-007 -0.991444817917179 0.130526522303595
  outer loop
    vertex 153.499998634929 56.9000022759155 44.6000122249785
    vertex 156.299998837826 56.8420785170225 44.1600215377594
    vertex 156.299998684413 56.900004758818 44.6000138951482
  endloop
endfacet
facet normal -3.79166985709178e-007 3.32931660197182e-007 0.999999999999873
  outer loop
    vertex 159.500021747801 65.6000034099169 46.6000109728264
    vertex 156.299997980034 57.4144181420451 46.6000137238836
    vertex 159.500021977262 57.4144161272813 46.6000136980677
  endloop
endfacet
facet normal -3.79166985709178e-007 3.32931660197182e-007 0.999999999999873
  outer loop
    vertex 156.299997980034 57.4144181420451 46.6000137238836
    vertex 159.500021747801 65.6000034099169 46.6000109728264
    vertex 153.499997701086 65.600002941776 46.6000093284712
  endloop
endfacet
facet normal -3.79166985709178e-007 3.32931660197182e-007 0.999999999999873
  outer loop
    vertex 156.299997980034 57.4144181420451 46.6000137238836
    vertex 153.499997701086 65.600002941776 46.6000093284712
    vertex 153.499998284163 44.8000029417769 46.6000162534499
  endloop
endfacet
facet normal -3.79166985709178e-007 3.32931660197182e-007 0.999999999999873
  outer loop
    vertex 159.500022101413 52.9855906925537 46.6000151725639
    vertex 153.499998284163 44.8000029417769 46.6000162534499
    vertex 159.500022330874 44.8000034099181 46.6000178978052
  endloop
endfacet
facet normal -3.79166985709178e-007 3.32931660197182e-007 0.999999999999873
  outer loop
    vertex 153.499998284163 44.8000029417769 46.6000162534499
    vertex 159.500022101413 52.9855906925537 46.6000151725639
    vertex 156.299998104186 52.9855927073177 46.6000151983799
  endloop
endfacet
facet normal -3.79166985709178e-007 3.32931660197182e-007 0.999999999999873
  outer loop
    vertex 153.499998284163 44.8000029417769 46.6000162534499
    vertex 156.299998104186 52.9855927073177 46.6000151983799
    vertex 156.299997980034 57.4144181420451 46.6000137238836
  endloop
endfacet
facet normal -7.83411481169807e-007 0.608761693140979 0.793353137614969
  outer loop
    vertex 153.49998679506 54.3500137712987 79.1277698875167
    vertex 156.299986761216 53.9979348161298 79.3979333333218
    vertex 156.299986844546 54.3500162542016 79.1277715576864
  endloop
endfacet
facet normal -7.83411481169807e-007 0.608761693140979 0.793353137614969
  outer loop
    vertex 156.299986761216 53.9979348161298 79.3979333333218
    vertex 153.49998679506 54.3500137712987 79.1277698875167
    vertex 153.49998671173 53.9979323332269 79.3979316631521
  endloop
endfacet
facet normal -6.62412946413535e-007 0.382683739953883 0.92387940510354
  outer loop
    vertex 153.499986842155 54.7600213380824 78.9579390327543
    vertex 156.299986844546 54.3500162542016 79.1277715576864
    vertex 156.299986891641 54.7600238209853 78.9579407029239
  endloop
endfacet
facet normal -6.62412946413535e-007 0.382683739953883 0.92387940510354
  outer loop
    vertex 156.299986844546 54.3500162542016 79.1277715576864
    vertex 153.499986842155 54.7600213380824 78.9579390327543
    vertex 153.49998679506 54.3500137712987 79.1277698875167
  endloop
endfacet
facet normal 6.62412954641411e-007 -0.382683739953883 -0.92387940510354
  outer loop
    vertex 156.299998153253 55.6399976821908 46.2420882193359
    vertex 153.499998150862 56.0500027660716 46.0722556944037
    vertex 156.299998200348 56.0500052489744 46.0722573645735
  endloop
endfacet
facet normal 6.62412954641411e-007 -0.382683739953883 -0.92387940510354
  outer loop
    vertex 153.499998150862 56.0500027660716 46.0722556944037
    vertex 156.299998153253 55.6399976821908 46.2420882193359
    vertex 153.499998103768 55.6399951992882 46.2420865491662
  endloop
endfacet
facet normal -7.6156940485108e-008 -0.382683124776357 0.923879659918649
  outer loop
    vertex 156.299999216134 56.0500042686617 43.1277709917067
    vertex 153.49999923673 55.6399941058912 42.9579387397836
    vertex 156.299999286215 55.639996588794 42.9579404099534
  endloop
endfacet
facet normal -7.6156940485108e-008 -0.382683124776357 0.923879659918649
  outer loop
    vertex 153.49999923673 55.6399941058912 42.9579387397836
    vertex 156.299999216134 56.0500042686617 43.1277709917067
    vertex 153.499999166648 56.0500017857589 43.127769321537
  endloop
endfacet
facet normal 2.96311059274876e-007 0.130525862136641 -0.991444904830016
  outer loop
    vertex 153.499998128435 54.7600104459397 46.242086842141
    vertex 156.299998145604 55.200005324802 46.3000144611319
    vertex 156.299998177922 54.7600129288422 46.2420885123107
  endloop
endfacet
facet normal 2.96311059274876e-007 0.130525862136641 -0.991444904830016
  outer loop
    vertex 156.299998145604 55.200005324802 46.3000144611319
    vertex 153.499998128435 54.7600104459397 46.242086842141
    vertex 153.499998096118 55.2000028418991 46.3000127909621
  endloop
endfacet
facet normal 2.96311048238437e-007 0.130525862136672 -0.991444904830012
  outer loop
    vertex 153.499985709193 54.7600224314792 82.2420868421367
    vertex 156.299985726361 55.2000173103417 82.3000144611276
    vertex 156.299985758679 54.7600249143821 82.2420885123064
  endloop
endfacet
facet normal 2.96311048238437e-007 0.130525862136672 -0.991444904830012
  outer loop
    vertex 156.299985726361 55.2000173103417 82.3000144611276
    vertex 153.499985709193 54.7600224314792 82.2420868421367
    vertex 153.499985676875 55.2000148274388 82.3000127909579
  endloop
endfacet
facet normal -8.60636439958988e-007 0.923879659918405 0.382683124775985
  outer loop
    vertex 153.499986461159 53.5579402102764 80.1600209609823
    vertex 156.299986647328 53.7277732749326 79.7500149512843
    vertex 153.499986597843 53.7277707920296 79.7500132811146
  endloop
endfacet
facet normal -8.60636439958988e-007 0.923879659918405 0.382683124775985
  outer loop
    vertex 156.299986647328 53.7277732749326 79.7500149512843
    vertex 153.499986461159 53.5579402102764 80.1600209609823
    vertex 156.299986510645 53.5579426931796 80.160022631152
  endloop
endfacet
facet normal -8.60636442800365e-007 0.92387965991839 0.382683124776021
  outer loop
    vertex 153.499998880402 53.5579282247364 44.1600209609864
    vertex 156.299999066571 53.7277612893927 43.7500149512885
    vertex 153.499999017085 53.7277588064898 43.7500132811188
  endloop
endfacet
facet normal -8.60636442800365e-007 0.92387965991839 0.382683124776021
  outer loop
    vertex 156.299999066571 53.7277612893927 43.7500149512885
    vertex 153.499998880402 53.5579282247364 44.1600209609864
    vertex 156.299998929888 53.5579307076395 44.1600226311561
  endloop
endfacet
facet normal 6.62412946885846e-007 -0.3826837399538 -0.923879405103574
  outer loop
    vertex 156.299985734012 55.6400096677306 82.2420882193316
    vertex 153.499985731619 56.0500147516113 82.0722556943996
    vertex 156.299985781105 56.0500172345143 82.0722573645693
  endloop
endfacet
facet normal 6.62412946885846e-007 -0.3826837399538 -0.923879405103574
  outer loop
    vertex 153.499985731619 56.0500147516113 82.0722556943996
    vertex 156.299985734012 55.6400096677306 82.2420882193316
    vertex 153.499985684525 55.6400071848277 82.2420865491619
  endloop
endfacet
facet normal -4.96272064877231e-007 0.130526522303409 0.991444817917332
  outer loop
    vertex 156.299999318533 55.2000041928344 42.9000144611322
    vertex 153.499999261397 54.7600093525426 42.9579390327584
    vertex 156.299999310883 54.7600118354456 42.9579407029281
  endloop
endfacet
facet normal -4.96272064877231e-007 0.130526522303409 0.991444817917332
  outer loop
    vertex 153.499999261397 54.7600093525426 42.9579390327584
    vertex 156.299999318533 55.2000041928344 42.9000144611322
    vertex 153.499999269047 55.2000017099313 42.9000127909625
  endloop
endfacet
facet normal 5.5471077622795e-007 -0.92387940510357 0.382683739953982
  outer loop
    vertex 156.29999898403 56.6722476622597 43.7500139709757
    vertex 153.499998788339 56.8420760341192 44.1600198675896
    vertex 153.499998934544 56.6722451793567 43.750012300806
  endloop
endfacet
facet normal 5.5471077622795e-007 -0.92387940510357 0.382683739953982
  outer loop
    vertex 153.499998788339 56.8420760341192 44.1600198675896
    vertex 156.29999898403 56.6722476622597 43.7500139709757
    vertex 156.299998837826 56.8420785170225 44.1600215377594
  endloop
endfacet
facet normal 8.51021827383631e-007 -0.793353542966997 -0.60876116487584
  outer loop
    vertex 156.299985978323 56.6722602137837 81.4500139709713
    vertex 153.49998581495 56.4020961896834 81.8020939187641
    vertex 153.499985928838 56.6722577308803 81.4500123008016
  endloop
endfacet
facet normal 8.51021827383631e-007 -0.793353542966997 -0.60876116487584
  outer loop
    vertex 153.49998581495 56.4020961896834 81.8020939187641
    vertex 156.299985978323 56.6722602137837 81.4500139709713
    vertex 156.299985864437 56.402098672586 81.8020955889338
  endloop
endfacet
facet normal 7.61569306719811e-008 0.382683124776247 -0.923879659918694
  outer loop
    vertex 153.499985779274 54.3500147516115 82.0722562603834
    vertex 156.299985758679 54.7600249143821 82.2420885123064
    vertex 156.29998582876 54.3500172345143 82.0722579305531
  endloop
endfacet
facet normal 7.61569306719811e-008 0.382683124776247 -0.923879659918694
  outer loop
    vertex 156.299985758679 54.7600249143821 82.2420885123064
    vertex 153.499985779274 54.3500147516115 82.0722562603834
    vertex 153.499985709193 54.7600224314792 82.2420868421367
  endloop
endfacet
facet normal 8.11600093734405e-007 -0.991444904829764 -0.130525862136365
  outer loop
    vertex 156.299986265171 56.9000167443578 80.600013895144
    vertex 153.49998606552 56.8420883126337 81.0400046209339
    vertex 153.499986215685 56.9000142614549 80.6000122249743
  endloop
endfacet
facet normal 8.11600093734405e-007 -0.991444904829764 -0.130525862136365
  outer loop
    vertex 153.49998606552 56.8420883126337 81.0400046209339
    vertex 156.299986265171 56.9000167443578 80.600013895144
    vertex 156.299986115007 56.8420907955366 81.0400062911036
  endloop
endfacet
facet normal 1.49187149117972e-007 -0.608761164876153 0.793353542967199
  outer loop
    vertex 156.299986693821 56.402097872164 79.3979325328998
    vertex 153.499986747405 56.0500137712986 79.1277693215328
    vertex 156.299986796892 56.0500162542015 79.1277709917025
  endloop
endfacet
facet normal 1.49187149117972e-007 -0.608761164876153 0.793353542967199
  outer loop
    vertex 153.499986747405 56.0500137712986 79.1277693215328
    vertex 156.299986693821 56.402097872164 79.3979325328998
    vertex 153.499986644335 56.4020953892611 79.3979308627301
  endloop
endfacet
facet normal -8.11600100201616e-007 0.991444904829759 0.130525862136402
  outer loop
    vertex 153.499998730238 53.5000022759154 44.6000133569461
    vertex 156.299998929888 53.5579307076395 44.1600226311561
    vertex 153.499998880402 53.5579282247364 44.1600209609864
  endloop
endfacet
facet normal -8.11600100201616e-007 0.991444904829759 0.130525862136402
  outer loop
    vertex 156.299998929888 53.5579307076395 44.1600226311561
    vertex 153.499998730238 53.5000022759154 44.6000133569461
    vertex 156.299998779724 53.5000047588183 44.6000150271158
  endloop
endfacet
facet normal 7.83411492436949e-007 -0.608761693141023 -0.793353137614934
  outer loop
    vertex 156.299998200348 56.0500052489744 46.0722573645735
    vertex 153.499998234193 56.4020842041432 45.8020939187683
    vertex 156.299998283678 56.4020866870466 45.802095588938
  endloop
endfacet
facet normal 7.83411492436949e-007 -0.608761693141023 -0.793353137614934
  outer loop
    vertex 153.499998234193 56.4020842041432 45.8020939187683
    vertex 156.299998200348 56.0500052489744 46.0722573645735
    vertex 153.499998150862 56.0500027660716 46.0722556944037
  endloop
endfacet
facet normal -6.62412950099339e-007 0.382683739953836 0.923879405103559
  outer loop
    vertex 153.499999261397 54.7600093525426 42.9579390327584
    vertex 156.299999263789 54.3500042686618 43.1277715576906
    vertex 156.299999310883 54.7600118354456 42.9579407029281
  endloop
endfacet
facet normal -6.62412950099339e-007 0.382683739953836 0.923879405103559
  outer loop
    vertex 156.299999263789 54.3500042686618 43.1277715576906
    vertex 153.499999261397 54.7600093525426 42.9579390327584
    vertex 153.499999214303 54.350001785759 43.1277698875208
  endloop
endfacet
facet normal -8.51021828992021e-007 0.793353542967056 0.608761164875762
  outer loop
    vertex 153.499999017085 53.7277588064898 43.7500132811188
    vertex 156.299999180459 53.99792283059 43.397933333326
    vertex 153.499999130972 53.9979203476872 43.3979316631563
  endloop
endfacet
facet normal -8.51021828992021e-007 0.793353542967056 0.608761164875762
  outer loop
    vertex 156.299999180459 53.99792283059 43.397933333326
    vertex 153.499999017085 53.7277588064898 43.7500132811188
    vertex 156.299999066571 53.7277612893927 43.7500149512885
  endloop
endfacet
facet normal 1.49187144414304e-007 -0.608761164876161 0.793353542967193
  outer loop
    vertex 156.299999113065 56.4020858866242 43.397932532904
    vertex 153.499999166648 56.0500017857589 43.127769321537
    vertex 156.299999216134 56.0500042686617 43.1277709917067
  endloop
endfacet
facet normal 1.49187144414304e-007 -0.608761164876161 0.793353542967193
  outer loop
    vertex 153.499999166648 56.0500017857589 43.127769321537
    vertex 156.299999113065 56.4020858866242 43.397932532904
    vertex 153.499999063578 56.4020834037213 43.3979308627343
  endloop
endfacet
facet normal -5.54710775942078e-007 0.92387940510357 -0.382683739953979
  outer loop
    vertex 153.499998430621 53.7277593724736 45.4500132811186
    vertex 156.299998626312 53.5579310006142 45.0400073845047
    vertex 153.499998576826 53.5579285177112 45.0400057143349
  endloop
endfacet
facet normal -5.54710775942078e-007 0.92387940510357 -0.382683739953979
  outer loop
    vertex 156.299998626312 53.5579310006142 45.0400073845047
    vertex 153.499998430621 53.7277593724736 45.4500132811186
    vertex 156.299998480107 53.7277618553765 45.4500149512883
  endloop
endfacet
facet normal -7.07254553140266e-007 0.991444817917173 -0.130526522303645
  outer loop
    vertex 153.499998576826 53.5579285177112 45.0400057143349
    vertex 156.299998779724 53.5000047588183 44.6000150271158
    vertex 153.499998730238 53.5000022759154 44.6000133569461
  endloop
endfacet
facet normal -7.07254553140266e-007 0.991444817917173 -0.130526522303645
  outer loop
    vertex 156.299998779724 53.5000047588183 44.6000150271158
    vertex 153.499998576826 53.5579285177112 45.0400057143349
    vertex 156.299998626312 53.5579310006142 45.0400073845047
  endloop
endfacet
facet normal -7.61569311437872e-008 -0.38268312477633 0.92387965991866
  outer loop
    vertex 156.299986796892 56.0500162542015 79.1277709917025
    vertex 153.499986817487 55.6400060914309 78.9579387397795
    vertex 156.299986866973 55.6400085743338 78.9579404099492
  endloop
endfacet
facet normal -7.61569311437872e-008 -0.38268312477633 0.92387965991866
  outer loop
    vertex 153.499986817487 55.6400060914309 78.9579387397795
    vertex 156.299986796892 56.0500162542015 79.1277709917025
    vertex 153.499986747405 56.0500137712986 79.1277693215328
  endloop
endfacet
facet normal 5.54710779919844e-007 -0.923879405103578 0.382683739953961
  outer loop
    vertex 156.299986564787 56.6722596477995 79.7500139709715
    vertex 153.499986369097 56.8420880196593 80.1600198675855
    vertex 153.499986515302 56.6722571648965 79.7500123008018
  endloop
endfacet
facet normal 5.54710779919844e-007 -0.923879405103578 0.382683739953961
  outer loop
    vertex 153.499986369097 56.8420880196593 80.1600198675855
    vertex 156.299986564787 56.6722596477995 79.7500139709715
    vertex 156.299986418583 56.8420905025619 80.1600215377552
  endloop
endfacet
facet normal 4.96272066387713e-007 -0.130526522303421 -0.99144481791733
  outer loop
    vertex 153.499998096118 55.2000028418991 46.3000127909621
    vertex 156.299998153253 55.6399976821908 46.2420882193359
    vertex 156.299998145604 55.200005324802 46.3000144611319
  endloop
endfacet
facet normal 4.96272066387713e-007 -0.130526522303421 -0.99144481791733
  outer loop
    vertex 156.299998153253 55.6399976821908 46.2420882193359
    vertex 153.499998096118 55.2000028418991 46.3000127909621
    vertex 153.499998103768 55.6399951992882 46.2420865491662
  endloop
endfacet
facet normal -5.54710784265375e-007 0.923879405103585 -0.382683739953945
  outer loop
    vertex 153.499986011378 53.7277713580134 81.4500132811144
    vertex 156.299986207069 53.557942986154 81.0400073845005
    vertex 153.499986157583 53.557940503251 81.0400057143307
  endloop
endfacet
facet normal -5.54710784265375e-007 0.923879405103585 -0.382683739953945
  outer loop
    vertex 156.299986207069 53.557942986154 81.0400073845005
    vertex 153.499986011378 53.7277713580134 81.4500132811144
    vertex 156.299986060864 53.7277738409165 81.4500149512841
  endloop
endfacet
facet normal 3.64364378062721e-007 -0.793353137615125 0.60876169314117
  outer loop
    vertex 156.299986693821 56.402097872164 79.3979325328998
    vertex 153.499986515302 56.6722571648965 79.7500123008018
    vertex 153.499986644335 56.4020953892611 79.3979308627301
  endloop
endfacet
facet normal 3.64364378062721e-007 -0.793353137615125 0.60876169314117
  outer loop
    vertex 153.499986515302 56.6722571648965 79.7500123008018
    vertex 156.299986693821 56.402097872164 79.3979325328998
    vertex 156.299986564787 56.6722596477995 79.7500139709715
  endloop
endfacet
facet normal 8.60636438824106e-007 -0.923879659918393 -0.382683124776012
  outer loop
    vertex 156.299986115007 56.8420907955366 81.0400062911036
    vertex 153.499985928838 56.6722577308803 81.4500123008016
    vertex 153.49998606552 56.8420883126337 81.0400046209339
  endloop
endfacet
facet normal 8.60636438824106e-007 -0.923879659918393 -0.382683124776012
  outer loop
    vertex 153.499985928838 56.6722577308803 81.4500123008016
    vertex 156.299986115007 56.8420907955366 81.0400062911036
    vertex 156.299985978323 56.6722602137837 81.4500139709713
  endloop
endfacet
facet normal 8.11600094121987e-007 -0.991444904829766 -0.130525862136352
  outer loop
    vertex 156.299998684413 56.900004758818 44.6000138951482
    vertex 153.499998484763 56.8420763270939 45.0400046209382
    vertex 153.499998634929 56.9000022759155 44.6000122249785
  endloop
endfacet
facet normal 8.11600094121987e-007 -0.991444904829766 -0.130525862136352
  outer loop
    vertex 153.499998484763 56.8420763270939 45.0400046209382
    vertex 156.299998684413 56.900004758818 44.6000138951482
    vertex 156.299998534249 56.8420788099968 45.0400062911079
  endloop
endfacet
facet normal 7.07254553722079e-007 -0.991444817917172 0.130526522303652
  outer loop
    vertex 156.299986418583 56.8420905025619 80.1600215377552
    vertex 153.499986215685 56.9000142614549 80.6000122249743
    vertex 153.499986369097 56.8420880196593 80.1600198675855
  endloop
endfacet
facet normal 7.07254553722079e-007 -0.991444817917172 0.130526522303652
  outer loop
    vertex 153.499986215685 56.9000142614549 80.6000122249743
    vertex 156.299986418583 56.8420905025619 80.1600215377552
    vertex 156.299986265171 56.9000167443578 80.600013895144
  endloop
endfacet
facet normal -3.6436438277631e-007 0.793353137615119 -0.608761693141178
  outer loop
    vertex 153.499985882344 53.997933133649 81.8020947191861
    vertex 156.299986060864 53.7277738409165 81.4500149512841
    vertex 153.499986011378 53.7277713580134 81.4500132811144
  endloop
endfacet
facet normal -3.6436438277631e-007 0.793353137615119 -0.608761693141178
  outer loop
    vertex 156.299986060864 53.7277738409165 81.4500149512841
    vertex 153.499985882344 53.997933133649 81.8020947191861
    vertex 156.29998593183 53.997935616552 81.8020963893558
  endloop
endfacet
facet normal -1.49187155090969e-007 0.608761164876193 -0.793353542967168
  outer loop
    vertex 153.499985882344 53.997933133649 81.8020947191861
    vertex 156.29998582876 54.3500172345143 82.0722579305531
    vertex 156.29998593183 53.997935616552 81.8020963893558
  endloop
endfacet
facet normal -1.49187155090969e-007 0.608761164876193 -0.793353542967168
  outer loop
    vertex 156.29998582876 54.3500172345143 82.0722579305531
    vertex 153.499985882344 53.997933133649 81.8020947191861
    vertex 153.499985779274 54.3500147516115 82.0722562603834
  endloop
endfacet
facet normal -3.45686858011761e-007 0.13052652230331 0.991444817917409
  outer loop
    vertex 159.500023764234 55.2000017452596 41.6000144353164
    vertex 156.299999753508 54.4235466587491 41.7022372407722
    vertex 159.500023750737 54.4235446439851 41.7022372149562
  endloop
endfacet
facet normal -3.45686858011761e-007 0.13052652230331 0.991444817917409
  outer loop
    vertex 156.299999753508 54.4235466587491 41.7022372407722
    vertex 159.500023764234 55.2000017452596 41.6000144353164
    vertex 156.299999767006 55.2000037600235 41.6000144611324
  endloop
endfacet
facet normal 1.06118941456024e-007 0.923879405103869 -0.382683739953647
  outer loop
    vertex 156.29999854544 52.3022275384582 45.3764725612011
    vertex 159.500022284658 52.6019270320983 46.1000153002974
    vertex 159.500022542667 52.3022255236942 45.3764725353851
  endloop
endfacet
facet normal 1.06118941456024e-007 0.923879405103869 -0.382683739953647
  outer loop
    vertex 159.500022284658 52.6019270320983 46.1000153002974
    vertex 156.29999854544 52.3022275384582 45.3764725612011
    vertex 156.299998287431 52.6019290468623 46.1000153261134
  endloop
endfacet
facet normal -8.11600105506766e-007 0.991444904829764 0.130525862136365
  outer loop
    vertex 153.499986310994 53.5000142614551 80.6000133569419
    vertex 156.299986510645 53.5579426931796 80.160022631152
    vertex 153.499986461159 53.5579402102764 80.1600209609823
  endloop
endfacet
facet normal -8.11600105506766e-007 0.991444904829764 0.130525862136365
  outer loop
    vertex 156.299986510645 53.5579426931796 80.160022631152
    vertex 153.499986310994 53.5000142614551 80.6000133569419
    vertex 156.29998636048 53.500016744358 80.6000150271117
  endloop
endfacet
facet normal 1.57916704514612e-007 -0.923879659918586 -0.382683124776484
  outer loop
    vertex 159.500022138995 57.7980794548046 46.1000135703343
    vertex 156.299998382973 58.0977824961924 45.3764706316779
    vertex 159.500022380201 58.0977804814284 45.3764706058619
  endloop
endfacet
facet normal 1.57916704514612e-007 -0.923879659918586 -0.382683124776484
  outer loop
    vertex 156.299998382973 58.0977824961924 45.3764706316779
    vertex 159.500022138995 57.7980794548046 46.1000135703343
    vertex 156.299998141768 57.7980814695685 46.1000135961503
  endloop
endfacet
facet normal -4.96272057598795e-007 0.130526522303397 0.991444817917334
  outer loop
    vertex 156.29998689929 55.2000161783741 78.900014461128
    vertex 153.499986842155 54.7600213380824 78.9579390327543
    vertex 156.299986891641 54.7600238209853 78.9579407029239
  endloop
endfacet
facet normal -4.96272057598795e-007 0.130526522303397 0.991444817917334
  outer loop
    vertex 153.499986842155 54.7600213380824 78.9579390327543
    vertex 156.29998689929 55.2000161783741 78.900014461128
    vertex 153.499986849804 55.2000136954712 78.9000127909583
  endloop
endfacet
facet normal 2.32249910485522e-007 -0.79335354296713 -0.608761164876217
  outer loop
    vertex 159.500021977262 57.4144161272813 46.6000136980677
    vertex 156.299998141768 57.7980814695685 46.1000135961503
    vertex 159.500022138995 57.7980794548046 46.1000135703343
  endloop
endfacet
facet normal 2.32249910485522e-007 -0.79335354296713 -0.608761164876217
  outer loop
    vertex 156.299998141768 57.7980814695685 46.1000135961503
    vertex 159.500021977262 57.4144161272813 46.6000136980677
    vertex 156.299997980034 57.4144181420451 46.6000137238836
  endloop
endfacet
facet normal 7.28217340616748e-008 -0.991444904830051 -0.130525862136692
  outer loop
    vertex 159.500022380201 58.0977804814284 45.3764706058619
    vertex 156.29999864797 58.2000047588179 44.6000134623373
    vertex 159.500022645198 58.200002744054 44.6000134365214
  endloop
endfacet
facet normal 7.28217340616748e-008 -0.991444904830051 -0.130525862136692
  outer loop
    vertex 156.29999864797 58.2000047588179 44.6000134623373
    vertex 159.500022380201 58.0977804814284 45.3764706058619
    vertex 156.299998382973 58.0977824961924 45.3764706316779
  endloop
endfacet
facet normal -3.38368845146793e-007 -0.13052586213679 0.991444904829983
  outer loop
    vertex 159.500023707203 55.9764589146001 41.7022366979421
    vertex 156.299999767006 55.2000037600235 41.6000144611324
    vertex 159.500023764234 55.2000017452596 41.6000144353164
  endloop
endfacet
facet normal -3.38368845146793e-007 -0.13052586213679 0.991444904829983
  outer loop
    vertex 156.299999767006 55.2000037600235 41.6000144611324
    vertex 159.500023707203 55.9764589146001 41.7022366979421
    vertex 156.299999709976 55.9764609293641 41.7022367237581
  endloop
endfacet
facet normal 1.87770162971508e-007 0.793353137615307 -0.608761693141013
  outer loop
    vertex 156.299998287431 52.6019290468623 46.1000153261134
    vertex 159.500022101413 52.9855906925537 46.6000151725639
    vertex 159.500022284658 52.6019270320983 46.1000153002974
  endloop
endfacet
facet normal 1.87770162971508e-007 0.793353137615307 -0.608761693141013
  outer loop
    vertex 159.500022101413 52.9855906925537 46.6000151725639
    vertex 156.299998287431 52.6019290468623 46.1000153261134
    vertex 156.299998104186 52.9855927073177 46.6000151983799
  endloop
endfacet
facet normal -2.90755647934853e-007 0.608761693141021 0.793353137615269
  outer loop
    vertex 156.299999670401 53.7000038938367 42.0019387491763
    vertex 159.500023520574 53.0786816942402 42.4786947980111
    vertex 159.500023667628 53.7000018790727 42.0019387233603
  endloop
endfacet
facet normal -2.90755647934853e-007 0.608761693141021 0.793353137615269
  outer loop
    vertex 159.500023520574 53.0786816942402 42.4786947980111
    vertex 156.299999670401 53.7000038938367 42.0019387491763
    vertex 156.299999523347 53.0786837090041 42.4786948238271
  endloop
endfacet
facet normal -2.32249894989134e-007 0.793353542967078 0.608761164876284
  outer loop
    vertex 156.299999523347 53.0786837090041 42.4786948238271
    vertex 159.500023319596 52.6019260333037 43.1000153002977
    vertex 159.500023520574 53.0786816942402 42.4786947980111
  endloop
endfacet
facet normal -2.32249894989134e-007 0.793353542967078 0.608761164876284
  outer loop
    vertex 159.500023319596 52.6019260333037 43.1000153002977
    vertex 156.299999523347 53.0786837090041 42.4786948238271
    vertex 156.299999322369 52.6019280480677 43.1000153261137
  endloop
endfacet
facet normal -2.56625142457117e-007 -0.608761164876349 0.793353542967021
  outer loop
    vertex 159.500023401642 57.3213223813592 42.4786933855021
    vertex 156.299999586302 56.7000038938365 42.0019377503817
    vertex 159.500023583529 56.7000018790727 42.0019377245657
  endloop
endfacet
facet normal -2.56625142457117e-007 -0.608761164876349 0.793353542967021
  outer loop
    vertex 156.299999586302 56.7000038938365 42.0019377503817
    vertex 159.500023401642 57.3213223813592 42.4786933855021
    vertex 156.299999404414 57.3213243961235 42.4786934113181
  endloop
endfacet
facet normal 1.72359077484659e-008 0.991444817917461 -0.130526522303373
  outer loop
    vertex 156.299998816167 52.2000047588184 44.6000154599267
    vertex 159.500022542667 52.3022255236942 45.3764725353851
    vertex 159.500022813395 52.2000027440543 44.6000154341107
  endloop
endfacet
facet normal 1.72359077484659e-008 0.991444817917461 -0.130526522303373
  outer loop
    vertex 159.500022542667 52.3022255236942 45.3764725353851
    vertex 156.299998816167 52.2000047588184 44.6000154599267
    vertex 156.29999854544 52.3022275384582 45.3764725612011
  endloop
endfacet
facet normal -7.07254559607555e-007 0.991444817917165 -0.130526522303702
  outer loop
    vertex 153.499986157583 53.557940503251 81.0400057143307
    vertex 156.29998636048 53.500016744358 80.6000150271117
    vertex 153.499986310994 53.5000142614551 80.6000133569419
  endloop
endfacet
facet normal -7.07254559607555e-007 0.991444817917165 -0.130526522303702
  outer loop
    vertex 156.29998636048 53.500016744358 80.6000150271117
    vertex 153.499986157583 53.557940503251 81.0400057143307
    vertex 156.299986207069 53.557942986154 81.0400073845005
  endloop
endfacet
facet normal -1.72358874138916e-008 -0.991444817917475 0.130526522303263
  outer loop
    vertex 159.500022645198 58.200002744054 44.6000134365214
    vertex 156.299998918697 58.0977819791782 43.823556361063
    vertex 159.500022915925 58.0977799644143 43.823556335247
  endloop
endfacet
facet normal -1.72358874138916e-008 -0.991444817917475 0.130526522303263
  outer loop
    vertex 156.299998918697 58.0977819791782 43.823556361063
    vertex 159.500022645198 58.200002744054 44.6000134365214
    vertex 156.29999864797 58.2000047588179 44.6000134623373
  endloop
endfacet
facet normal -8.51021822674578e-007 0.793353542967003 0.608761164875832
  outer loop
    vertex 153.499986597843 53.7277707920296 79.7500132811146
    vertex 156.299986761216 53.9979348161298 79.3979333333218
    vertex 153.49998671173 53.9979323332269 79.3979316631521
  endloop
endfacet
facet normal -8.51021822674578e-007 0.793353542967003 0.608761164875832
  outer loop
    vertex 156.299986761216 53.9979348161298 79.3979333333218
    vertex 153.499986597843 53.7277707920296 79.7500132811146
    vertex 156.299986647328 53.7277732749326 79.7500149512843
  endloop
endfacet
facet normal -7.2821723893134e-008 0.991444904830039 0.13052586213678
  outer loop
    vertex 156.299999081164 52.302227021444 43.8235582905861
    vertex 159.500022813395 52.2000027440543 44.6000154341107
    vertex 159.50002307839 52.30222500668 43.8235582647701
  endloop
endfacet
facet normal -7.2821723893134e-008 0.991444904830039 0.13052586213678
  outer loop
    vertex 159.500022813395 52.2000027440543 44.6000154341107
    vertex 156.299999081164 52.302227021444 43.8235582905861
    vertex 156.299998816167 52.2000047588184 44.6000154599267
  endloop
endfacet
facet normal 3.79166984300929e-007 -3.3293165988256e-007 -0.999999999999873
  outer loop
    vertex 153.499987244836 44.80001359559 78.6000162534462
    vertex 159.500011062087 52.9856013463669 78.6000151725602
    vertex 159.500011291547 44.8000140637313 78.6000178978014
  endloop
endfacet
facet normal 3.79166984300929e-007 -3.3293165988256e-007 -0.999999999999873
  outer loop
    vertex 159.500011062087 52.9856013463669 78.6000151725602
    vertex 153.499987244836 44.80001359559 78.6000162534462
    vertex 156.29998706486 52.985603361131 78.6000151983762
  endloop
endfacet
facet normal 3.79166984300929e-007 -3.3293165988256e-007 -0.999999999999873
  outer loop
    vertex 156.29998706486 52.985603361131 78.6000151983762
    vertex 153.499987244836 44.80001359559 78.6000162534462
    vertex 156.299986940708 57.4144287958583 78.6000137238799
  endloop
endfacet
facet normal 3.79166984300929e-007 -3.3293165988256e-007 -0.999999999999873
  outer loop
    vertex 156.299986940708 57.4144287958583 78.6000137238799
    vertex 159.500010708474 65.6000140637305 78.6000109728227
    vertex 159.500010937936 57.4144267810944 78.6000136980639
  endloop
endfacet
facet normal 3.79166984300929e-007 -3.3293165988256e-007 -0.999999999999873
  outer loop
    vertex 159.500010708474 65.6000140637305 78.6000109728227
    vertex 156.299986940708 57.4144287958583 78.6000137238799
    vertex 153.499986661759 65.6000135955888 78.6000093284674
  endloop
endfacet
facet normal 3.79166984300929e-007 -3.3293165988256e-007 -0.999999999999873
  outer loop
    vertex 153.499986661759 65.6000135955888 78.6000093284674
    vertex 156.299986940708 57.4144287958583 78.6000137238799
    vertex 153.499987244836 44.80001359559 78.6000162534462
  endloop
endfacet
facet normal 3.45686864298921e-007 -0.130526522303322 -0.991444817917407
  outer loop
    vertex 156.299985277887 55.2000177431526 83.6000144611274
    vertex 159.500009288613 55.976472829663 83.4977916556716
    vertex 159.500009275115 55.2000157283886 83.6000144353115
  endloop
endfacet
facet normal 3.45686864298921e-007 -0.130526522303322 -0.991444817917407
  outer loop
    vertex 159.500009288613 55.976472829663 83.4977916556716
    vertex 156.299985277887 55.2000177431526 83.6000144611274
    vertex 156.299985291386 55.9764748444269 83.4977916814876
  endloop
endfacet
facet normal 3.38368849025816e-007 0.130525862136771 -0.991444904829985
  outer loop
    vertex 156.299985334918 54.4235605738119 83.4977921985018
    vertex 159.500009275115 55.2000157283886 83.6000144353115
    vertex 159.500009332146 54.4235585590479 83.4977921726857
  endloop
endfacet
facet normal 3.38368849025816e-007 0.130525862136771 -0.991444904829985
  outer loop
    vertex 159.500009275115 55.2000157283886 83.6000144353115
    vertex 156.299985334918 54.4235605738119 83.4977921985018
    vertex 156.299985277887 55.2000177431526 83.6000144611274
  endloop
endfacet
facet normal -3.29446886698859e-007 0.382683739953703 0.923879405103793
  outer loop
    vertex 156.299999753508 54.4235466587491 41.7022372407722
    vertex 159.500023667628 53.7000018790727 42.0019387233603
    vertex 159.500023750737 54.4235446439851 41.7022372149562
  endloop
endfacet
facet normal -3.29446886698859e-007 0.382683739953703 0.923879405103793
  outer loop
    vertex 159.500023667628 53.7000018790727 42.0019387233603
    vertex 156.299999753508 54.4235466587491 41.7022372407722
    vertex 156.299999670401 53.7000038938367 42.0019387491763
  endloop
endfacet
facet normal -1.87770164534018e-007 -0.793353137615318 0.608761693140998
  outer loop
    vertex 159.50001075469 57.7980904415499 79.1000135703304
    vertex 156.299986940708 57.4144287958583 78.6000137238799
    vertex 159.500010937936 57.4144267810944 78.6000136980639
  endloop
endfacet
facet normal -1.87770164534018e-007 -0.793353137615318 0.608761693140998
  outer loop
    vertex 156.299986940708 57.4144287958583 78.6000137238799
    vertex 159.50001075469 57.7980904415499 79.1000135703304
    vertex 156.299986757463 57.7980924563138 79.1000135961464
  endloop
endfacet
facet normal -7.83411488822155e-007 0.608761693140999 0.793353137614953
  outer loop
    vertex 153.499999214303 54.350001785759 43.1277698875208
    vertex 156.299999180459 53.99792283059 43.397933333326
    vertex 156.299999263789 54.3500042686618 43.1277715576906
  endloop
endfacet
facet normal -7.83411488822155e-007 0.608761693140999 0.793353137614953
  outer loop
    vertex 156.299999180459 53.99792283059 43.397933333326
    vertex 153.499999214303 54.350001785759 43.1277698875208
    vertex 153.499999130972 53.9979203476872 43.3979316631563
  endloop
endfacet
facet normal 8.51021833704721e-007 -0.793353542966973 -0.60876116487587
  outer loop
    vertex 156.299998397566 56.6722482282435 45.4500139709755
    vertex 153.499998234193 56.4020842041432 45.8020939187683
    vertex 153.49999834808 56.6722457453406 45.4500123008058
  endloop
endfacet
facet normal 8.51021833704721e-007 -0.793353542966973 -0.60876116487587
  outer loop
    vertex 153.499998234193 56.4020842041432 45.8020939187683
    vertex 156.299998397566 56.6722482282435 45.4500139709755
    vertex 156.299998283678 56.4020866870466 45.802095588938
  endloop
endfacet
facet normal -3.64364371742389e-007 0.793353137615111 -0.608761693141189
  outer loop
    vertex 153.499998301588 53.9979211481091 45.8020947191903
    vertex 156.299998480107 53.7277618553765 45.4500149512883
    vertex 153.499998430621 53.7277593724736 45.4500132811186
  endloop
endfacet
facet normal -3.64364371742389e-007 0.793353137615111 -0.608761693141189
  outer loop
    vertex 156.299998480107 53.7277618553765 45.4500149512883
    vertex 153.499998301588 53.9979211481091 45.8020947191903
    vertex 156.299998351073 53.9979236310121 45.80209638936
  endloop
endfacet
facet normal -1.49187150461147e-007 0.608761164876145 -0.793353542967205
  outer loop
    vertex 153.499998301588 53.9979211481091 45.8020947191903
    vertex 156.299998248003 54.3500052489747 46.0722579305573
    vertex 156.299998351073 53.9979236310121 45.80209638936
  endloop
endfacet
facet normal -1.49187150461147e-007 0.608761164876145 -0.793353542967205
  outer loop
    vertex 156.299998248003 54.3500052489747 46.0722579305573
    vertex 153.499998301588 53.9979211481091 45.8020947191903
    vertex 153.499998198517 54.3500027660716 46.0722562603876
  endloop
endfacet
facet normal 7.61569386837721e-008 0.382683124776379 -0.923879659918639
  outer loop
    vertex 153.499998198517 54.3500027660716 46.0722562603876
    vertex 156.299998177922 54.7600129288422 46.2420885123107
    vertex 156.299998248003 54.3500052489747 46.0722579305573
  endloop
endfacet
facet normal 7.61569386837721e-008 0.382683124776379 -0.923879659918639
  outer loop
    vertex 156.299998177922 54.7600129288422 46.2420885123107
    vertex 153.499998198517 54.3500027660716 46.0722562603876
    vertex 153.499998128435 54.7600104459397 46.242086842141
  endloop
endfacet
facet normal -2.96311048857287e-007 -0.130525862136641 0.991444904830016
  outer loop
    vertex 156.299986866973 55.6400085743338 78.9579404099492
    vertex 153.499986849804 55.2000136954712 78.9000127909583
    vertex 156.29998689929 55.2000161783741 78.900014461128
  endloop
endfacet
facet normal -2.96311048857287e-007 -0.130525862136641 0.991444904830016
  outer loop
    vertex 153.499986849804 55.2000136954712 78.9000127909583
    vertex 156.299986866973 55.6400085743338 78.9579404099492
    vertex 153.499986817487 55.6400060914309 78.9579387397795
  endloop
endfacet
facet normal 4.96272058216472e-007 -0.130526522303415 -0.991444817917331
  outer loop
    vertex 153.499985676875 55.2000148274388 82.3000127909579
    vertex 156.299985734012 55.6400096677306 82.2420882193316
    vertex 156.299985726361 55.2000173103417 82.3000144611276
  endloop
endfacet
facet normal 4.96272058216472e-007 -0.130526522303415 -0.991444817917331
  outer loop
    vertex 156.299985734012 55.6400096677306 82.2420882193316
    vertex 153.499985676875 55.2000148274388 82.3000127909579
    vertex 153.499985684525 55.6400071848277 82.2420865491619
  endloop
endfacet
facet normal 7.83411487133719e-007 -0.608761693141068 -0.7933531376149
  outer loop
    vertex 156.299985781105 56.0500172345143 82.0722573645693
    vertex 153.49998581495 56.4020961896834 81.8020939187641
    vertex 156.299985864437 56.402098672586 81.8020955889338
  endloop
endfacet
facet normal 7.83411487133719e-007 -0.608761693141068 -0.7933531376149
  outer loop
    vertex 153.49998581495 56.4020961896834 81.8020939187641
    vertex 156.299985781105 56.0500172345143 82.0722573645693
    vertex 153.499985731619 56.0500147516113 82.0722556943996
  endloop
endfacet
facet normal -2.96311056293018e-007 -0.130525862136641 0.991444904830016
  outer loop
    vertex 156.299999286215 55.639996588794 42.9579404099534
    vertex 153.499999269047 55.2000017099313 42.9000127909625
    vertex 156.299999318533 55.2000041928344 42.9000144611322
  endloop
endfacet
facet normal -2.96311056293018e-007 -0.130525862136641 0.991444904830016
  outer loop
    vertex 153.499999269047 55.2000017099313 42.9000127909625
    vertex 156.299999286215 55.639996588794 42.9579404099534
    vertex 153.49999923673 55.6399941058912 42.9579387397836
  endloop
endfacet
facet normal 8.60636437032895e-007 -0.923879659918409 -0.382683124775976
  outer loop
    vertex 156.299998534249 56.8420788099968 45.0400062911079
    vertex 153.49999834808 56.6722457453406 45.4500123008058
    vertex 153.499998484763 56.8420763270939 45.0400046209382
  endloop
endfacet
facet normal 8.60636437032895e-007 -0.923879659918409 -0.382683124775976
  outer loop
    vertex 153.49999834808 56.6722457453406 45.4500123008058
    vertex 156.299998534249 56.8420788099968 45.0400062911079
    vertex 156.299998397566 56.6722482282435 45.4500139709755
  endloop
endfacet
facet normal 3.64364376450021e-007 -0.793353137615086 0.608761693141221
  outer loop
    vertex 156.299999113065 56.4020858866242 43.397932532904
    vertex 153.499998934544 56.6722451793567 43.750012300806
    vertex 153.499999063578 56.4020834037213 43.3979308627343
  endloop
endfacet
facet normal 3.64364376450021e-007 -0.793353137615086 0.608761693141221
  outer loop
    vertex 153.499998934544 56.6722451793567 43.750012300806
    vertex 156.299999113065 56.4020858866242 43.397932532904
    vertex 156.29999898403 56.6722476622597 43.7500139709757
  endloop
endfacet
facet normal -0.999999999889351 -1.48751785246516e-005 1.65455047278594e-007
  outer loop
    vertex 157.500463496487 -9.60004931043099 64.300006871023
    vertex 157.499958533921 21.0999891781899 82.6000024289382
    vertex 157.499958533921 21.0999891781899 64.3000075624433
  endloop
endfacet
facet normal -0.999999999889351 -1.48751785246516e-005 1.65455047278594e-007
  outer loop
    vertex 157.499958533921 21.0999891781899 82.6000024289382
    vertex 157.500463496487 -9.60004931043099 64.300006871023
    vertex 157.500463496486 -9.60004931043063 77.950006871023
  endloop
endfacet
facet normal -0.999999999889351 -1.48751785246516e-005 1.65455047278594e-007
  outer loop
    vertex 157.499958533921 21.0999891781899 82.6000024289382
    vertex 157.500463496486 -9.60004931043063 77.950006871023
    vertex 157.500463496486 -9.60004931043054 82.600006871023
  endloop
endfacet
facet normal -0.999999999889351 -1.48751785246516e-005 1.65455047278594e-007
  outer loop
    vertex 157.500463496486 -9.60004931043063 77.950006871023
    vertex 157.500463496487 -9.60004931043099 64.300006871023
    vertex 157.500405091607 -9.60004931104335 68.9500034768051
  endloop
endfacet
facet normal -0.999999999889351 -1.48751785246516e-005 1.65455047278594e-007
  outer loop
    vertex 157.500463496486 -9.60004931043063 77.950006871023
    vertex 157.500405091607 -9.60004931104335 68.9500034768051
    vertex 157.500331000895 -10.9999541734446 77.9500057226824
  endloop
endfacet
facet normal -0.999999999889351 -1.48751785246516e-005 1.65455047278594e-007
  outer loop
    vertex 157.500331000895 -10.9999541734446 77.9500057226824
    vertex 157.500405091607 -9.60004931104335 68.9500034768051
    vertex 157.500374114491 -10.9999541734638 68.9500034771895
  endloop
endfacet
facet normal -0.999999999999869 2.99611640576908e-008 5.12028512615741e-007
  outer loop
    vertex 157.499941039904 41.0000074478458 41.4000312618118
    vertex 157.499952240773 -8.9999916091449 57.0000330842235
    vertex 157.499951151085 41.0000076394687 57.0000312613305
  endloop
endfacet
facet normal -0.999999999999869 2.99611640576908e-008 5.12028512615741e-007
  outer loop
    vertex 157.499952240773 -8.9999916091449 57.0000330842235
    vertex 157.499941039904 41.0000074478458 41.4000312618118
    vertex 157.499946376663 -8.99999255214906 41.4000306764346
  endloop
endfacet
facet normal 0.000176880796355496 -0.999999983733407 -3.53039739719898e-005
  outer loop
    vertex 155.499945840247 42.801410743019 41.4000408511095
    vertex 153.49998044996 42.799731293622 84.5999986043114
    vertex 153.499898402983 42.8018597356987 41.4000046398284
  endloop
endfacet
facet normal 0.000176880796355496 -0.999999983733407 -3.53039739719898e-005
  outer loop
    vertex 153.49998044996 42.799731293622 84.5999986043114
    vertex 155.499945840247 42.801410743019 41.4000408511095
    vertex 155.499942332862 42.8014108617267 84.6000087380866
  endloop
endfacet
facet normal -0.999999999970808 -5.7167529160454e-006 5.06969164967816e-006
  outer loop
    vertex 155.499941039949 40.9999980852055 41.4000408511095
    vertex 155.49995115113 40.9999982768285 57.0000408506282
    vertex 155.499945840247 42.801410743019 41.4000408511095
  endloop
endfacet
facet normal -0.999999999970808 -5.7167529160454e-006 5.06969164967816e-006
  outer loop
    vertex 155.499952240818 -9.00000097178517 57.0000426735212
    vertex 155.49995115113 40.9999982768285 59.0000120182359
    vertex 155.49995115113 40.9999982768285 57.0000408506282
  endloop
endfacet
facet normal -0.999999999970808 -5.7167529160454e-006 5.06969164967816e-006
  outer loop
    vertex 155.49995115113 40.9999982768285 59.0000120182359
    vertex 155.499952240818 -9.00000097178517 57.0000426735212
    vertex 155.499950773916 23.0999982768298 59.0000120182359
  endloop
endfacet
facet normal -0.999999999970808 -5.7167529160454e-006 5.06969164967816e-006
  outer loop
    vertex 155.499950773916 23.0999982768298 59.0000120182359
    vertex 155.499952240818 -9.00000097178517 57.0000426735212
    vertex 155.499958533966 21.0999798155497 64.300017151741
  endloop
endfacet
facet normal -0.999999999970808 -5.7167529160454e-006 5.06969164967816e-006
  outer loop
    vertex 155.499950773916 23.0999982768298 59.0000120182359
    vertex 155.499958533966 21.0999798155497 64.300017151741
    vertex 155.499957791966 23.0999982768297 82.6000120182359
  endloop
endfacet
facet normal -0.999999999970808 -5.7167529160454e-006 5.06969164967816e-006
  outer loop
    vertex 155.499958533966 21.0999798155497 64.300017151741
    vertex 155.499952240818 -9.00000097178517 57.0000426735212
    vertex 155.500083356113 -9.00000104347257 64.3000671979098
  endloop
endfacet
facet normal -0.999999999970808 -5.7167529160454e-006 5.06969164967816e-006
  outer loop
    vertex 155.499942332862 42.8014108617267 84.6000087380866
    vertex 155.49995115113 40.9999982768285 82.6000120182359
    vertex 155.500277036103 -0.999999898924075 84.5997153920035
  endloop
endfacet
facet normal -0.999999999970808 -5.7167529160454e-006 5.06969164967816e-006
  outer loop
    vertex 155.49995115113 40.9999982768285 82.6000120182359
    vertex 155.499942332862 42.8014108617267 84.6000087380866
    vertex 155.499945840247 42.801410743019 41.4000408511095
  endloop
endfacet
facet normal -0.999999999970808 -5.7167529160454e-006 5.06969164967816e-006
  outer loop
    vertex 155.49995115113 40.9999982768285 82.6000120182359
    vertex 155.499945840247 42.801410743019 41.4000408511095
    vertex 155.49995115113 40.9999982768285 57.0000408506282
  endloop
endfacet
facet normal -0.999999999970808 -5.7167529160454e-006 5.06969164967816e-006
  outer loop
    vertex 155.49995115113 40.9999982768285 82.6000120182359
    vertex 155.49995115113 40.9999982768285 57.0000408506282
    vertex 155.49995115113 40.9999982768285 59.0000120182359
  endloop
endfacet
facet normal -0.999999999970808 -5.7167529160454e-006 5.06969164967816e-006
  outer loop
    vertex 155.500277036103 -0.999999898924075 84.5997153920035
    vertex 155.49995115113 40.9999982768285 82.6000120182359
    vertex 155.499957791966 23.0999982768297 82.6000120182359
  endloop
endfacet
facet normal -0.999999999970808 -5.7167529160454e-006 5.06969164967816e-006
  outer loop
    vertex 155.500277036103 -0.999999898924075 84.5997153920035
    vertex 155.499957791966 23.0999982768297 82.6000120182359
    vertex 155.499958533966 21.0999798155497 82.6000120182359
  endloop
endfacet
facet normal -0.999999999970808 -5.7167529160454e-006 5.06969164967816e-006
  outer loop
    vertex 155.499958533966 21.0999798155497 82.6000120182359
    vertex 155.499957791966 23.0999982768297 82.6000120182359
    vertex 155.499958533966 21.0999798155497 64.300017151741
  endloop
endfacet
facet normal -0.999999999970808 -5.7167529160454e-006 5.06969164967816e-006
  outer loop
    vertex 155.500277036103 -0.999999898924075 84.5997153920035
    vertex 155.499958533966 21.0999798155497 82.6000120182359
    vertex 155.500463512818 -9.59979460343196 82.5999856319496
  endloop
endfacet
facet normal -0.999999999970808 -5.7167529160454e-006 5.06969164967816e-006
  outer loop
    vertex 155.500277036103 -0.999999898924075 84.5997153920035
    vertex 155.500463512818 -9.59979460343196 82.5999856319496
    vertex 155.500473298583 -9.00006064494376 83.1999774645189
  endloop
endfacet
facet normal -0.999999999970808 -5.7167529160454e-006 5.06969164967816e-006
  outer loop
    vertex 155.500392796843 -9.00006064538561 84.5997070596735
    vertex 155.500277036103 -0.999999898924075 84.5997153920035
    vertex 155.500473298583 -9.00006064494376 83.1999774645189
  endloop
endfacet
facet normal 4.68132013941892e-006 -0.999999999989043 0.0
  outer loop
    vertex 157.499951151085 41.0000076394687 57.0000312613305
    vertex 155.499941039949 40.9999980852055 41.4000408511095
    vertex 157.499941039904 41.0000074478458 41.4000312618118
  endloop
endfacet
facet normal 4.68132013941892e-006 -0.999999999989043 0.0
  outer loop
    vertex 155.499941039949 40.9999980852055 41.4000408511095
    vertex 157.499951151085 41.0000076394687 57.0000312613305
    vertex 155.49995115113 40.9999982768285 57.0000408506282
  endloop
endfacet
facet normal -4.79464867256238e-006 -3.72015470539304e-008 -0.999999999988505
  outer loop
    vertex 155.499952240818 -9.00000097178517 57.0000426735212
    vertex 157.499951151085 41.0000076394687 57.0000312613305
    vertex 157.499952240773 -8.9999916091449 57.0000330842235
  endloop
endfacet
facet normal -4.79464867256238e-006 -3.72015470539304e-008 -0.999999999988505
  outer loop
    vertex 157.499951151085 41.0000076394687 57.0000312613305
    vertex 155.499952240818 -9.00000097178517 57.0000426735212
    vertex 155.49995115113 40.9999982768285 57.0000408506282
  endloop
endfacet
facet normal -0.999999994389637 -0.000105927927560736 2.25597343732691e-014
  outer loop
    vertex 155.500433040812 -10.9999541331619 66.9500023399954
    vertex 155.50028475179 -9.6000492688947 68.9500034768051
    vertex 155.50028475179 -9.6000492688947 66.9500034768052
  endloop
endfacet
facet normal -0.999999994389637 -0.000105927927560736 2.25597343732691e-014
  outer loop
    vertex 155.50028475179 -9.6000492688947 68.9500034768051
    vertex 155.500433040812 -10.9999541331619 66.9500023399954
    vertex 155.500433040812 -10.9999541331619 68.9500023399954
  endloop
endfacet
facet normal -3.56541141049489e-007 -4.80329843930152e-008 0.999999999999935
  outer loop
    vertex 155.50028475179 -9.6000492688947 66.9500034768052
    vertex 152.500513651457 -10.9999540699433 66.9500023399954
    vertex 155.500433040812 -10.9999541331619 66.9500023399954
  endloop
endfacet
facet normal -3.56541141049489e-007 -4.80329843930152e-008 0.999999999999935
  outer loop
    vertex 152.500513651457 -10.9999540699433 66.9500023399954
    vertex 155.50028475179 -9.6000492688947 66.9500034768052
    vertex 152.500514349229 -9.60004992178642 66.9500013376157
  endloop
endfacet
facet normal -2.84281409974136e-007 -4.05905699972273e-007 0.999999999999877
  outer loop
    vertex 155.50028475179 -9.6000492688947 68.9500034768051
    vertex 157.500374114491 -10.9999541734638 68.9500034771895
    vertex 157.500405091607 -9.60004931104335 68.9500034768051
  endloop
endfacet
facet normal -2.84281409974136e-007 -4.05905699972273e-007 0.999999999999877
  outer loop
    vertex 157.500374114491 -10.9999541734638 68.9500034771895
    vertex 155.50028475179 -9.6000492688947 68.9500034768051
    vertex 155.500433040812 -10.9999541331619 68.9500023399954
  endloop
endfacet
facet normal 4.68132013415764e-006 -0.999999999989043 3.47475918850349e-020
  outer loop
    vertex 157.499958533921 21.0999891781899 82.6000024289382
    vertex 155.499958533966 21.0999798155497 64.300017151741
    vertex 157.499958533921 21.0999891781899 64.3000075624433
  endloop
endfacet
facet normal 4.68132013415764e-006 -0.999999999989043 3.47475918850349e-020
  outer loop
    vertex 155.499958533966 21.0999798155497 64.300017151741
    vertex 157.499958533921 21.0999891781899 82.6000024289382
    vertex 155.499958533966 21.0999798155497 82.6000120182359
  endloop
endfacet
facet normal 1.06233039155932e-005 7.31970649621626e-007 0.999999999943305
  outer loop
    vertex 155.499958533966 21.0999798155497 64.300017151741
    vertex 155.500083356113 -9.00000104347257 64.3000671979098
    vertex 157.499958533921 21.0999891781899 64.3000075624433
  endloop
endfacet
facet normal 1.06233039155932e-005 7.31970649621626e-007 0.999999999943305
  outer loop
    vertex 157.500463496487 -9.60004931043099 64.300006871023
    vertex 155.500083356113 -9.00000104347257 64.3000671979098
    vertex 150.500248947912 -9.60015180918634 64.3000745985885
  endloop
endfacet
facet normal 1.06233039155932e-005 7.31970649621626e-007 0.999999999943305
  outer loop
    vertex 155.500083356113 -9.00000104347257 64.3000671979098
    vertex 157.500463496487 -9.60004931043099 64.300006871023
    vertex 157.499958533921 21.0999891781899 64.3000075624433
  endloop
endfacet
facet normal 1.06233039155932e-005 7.31970649621626e-007 0.999999999943305
  outer loop
    vertex 150.500248947912 -9.60015180918634 64.3000745985885
    vertex 155.500083356113 -9.00000104347257 64.3000671979098
    vertex 150.500201508287 -9.0002697188455 64.3001168240165
  endloop
endfacet
facet normal 5.23611961207098e-006 5.02953229903257e-007 -0.999999999986165
  outer loop
    vertex 155.500463512818 -9.59979460343196 82.5999856319496
    vertex 157.499958533921 21.0999891781899 82.6000024289382
    vertex 157.500463496486 -9.60004931043054 82.600006871023
  endloop
endfacet
facet normal 5.23611961207098e-006 5.02953229903257e-007 -0.999999999986165
  outer loop
    vertex 157.499958533921 21.0999891781899 82.6000024289382
    vertex 155.500463512818 -9.59979460343196 82.5999856319496
    vertex 155.499958533966 21.0999798155497 82.6000120182359
  endloop
endfacet
facet normal 5.72153639991026e-006 2.00084955473461e-005 -0.999999999783462
  outer loop
    vertex 157.500331000895 -10.9999541734446 77.9500057226824
    vertex 152.500363925298 -9.60004164402738 77.9500051306737
    vertex 157.500463496486 -9.60004931043063 77.950006871023
  endloop
endfacet
facet normal 5.72153639991026e-006 2.00084955473461e-005 -0.999999999783462
  outer loop
    vertex 152.500363925298 -9.60004164402738 77.9500051306737
    vertex 157.500331000895 -10.9999541734446 77.9500057226824
    vertex 152.500538572571 -10.9993040909751 77.9499502597956
  endloop
endfacet
facet normal -0.999999999462335 3.26005706817998e-005 3.54019628586209e-006
  outer loop
    vertex 150.50006693832 -9.0002722740478 32.4000898918417
    vertex 150.500248947912 -9.60015180918634 64.3000745985885
    vertex 150.500201508287 -9.0002697188455 64.3001168240165
  endloop
endfacet
facet normal -0.999999999462335 3.26005706817998e-005 3.54019628586209e-006
  outer loop
    vertex 150.500248947912 -9.60015180918634 64.3000745985885
    vertex 150.50006693832 -9.0002722740478 32.4000898918417
    vertex 150.50006431038 -11.0002722740462 32.4000904772188
  endloop
endfacet
facet normal -0.999999999462335 3.26005706817998e-005 3.54019628586209e-006
  outer loop
    vertex 150.500248947912 -9.60015180918634 64.3000745985885
    vertex 150.50006431038 -11.0002722740462 32.4000904772188
    vertex 150.500169209248 -10.9994457446416 82.5996381988031
  endloop
endfacet
facet normal -0.999999999462335 3.26005706817998e-005 3.54019628586209e-006
  outer loop
    vertex 150.500169209248 -10.9994457446416 82.5996381988031
    vertex 150.500288494996 -9.59944575076528 82.5995841816995
    vertex 150.500248947912 -9.60015180918634 64.3000745985885
  endloop
endfacet
facet normal -3.9915826145872e-005 0.999999999202406 1.38389197507783e-006
  outer loop
    vertex 150.50006693832 -9.0002722740478 32.4000898918417
    vertex 152.5000645261 -9.00016798596353 41.4000653871042
    vertex 152.499897397859 -9.00000182213544 30.4001678650117
  endloop
endfacet
facet normal -3.9915826145872e-005 0.999999999202406 1.38389197507783e-006
  outer loop
    vertex 152.5000645261 -9.00016798596353 41.4000653871042
    vertex 150.50006693832 -9.0002722740478 32.4000898918417
    vertex 150.500201508287 -9.0002697188455 64.3001168240165
  endloop
endfacet
facet normal -3.9915826145872e-005 0.999999999202406 1.38389197507783e-006
  outer loop
    vertex 152.5000645261 -9.00016798596353 41.4000653871042
    vertex 150.500201508287 -9.0002697188455 64.3001168240165
    vertex 155.499952240818 -9.00000097178517 57.0000426735212
  endloop
endfacet
facet normal -3.9915826145872e-005 0.999999999202406 1.38389197507783e-006
  outer loop
    vertex 152.5000645261 -9.00016798596353 41.4000653871042
    vertex 155.499952240818 -9.00000097178517 57.0000426735212
    vertex 157.499952240773 -8.9999916091449 57.0000330842235
  endloop
endfacet
facet normal -3.9915826145872e-005 0.999999999202406 1.38389197507783e-006
  outer loop
    vertex 155.499952240818 -9.00000097178517 57.0000426735212
    vertex 150.500201508287 -9.0002697188455 64.3001168240165
    vertex 155.500083356113 -9.00000104347257 64.3000671979098
  endloop
endfacet
facet normal -3.9915826145872e-005 0.999999999202406 1.38389197507783e-006
  outer loop
    vertex 157.499952240773 -8.9999916091449 57.0000330842235
    vertex 157.499946376663 -8.99999255214906 41.4000306764346
    vertex 152.5000645261 -9.00016798596353 41.4000653871042
  endloop
endfacet
facet normal -0.707128557344816 1.18965768812957e-005 -0.707085004257558
  outer loop
    vertex 152.500000000001 -11.000001802597 30.4000000000011
    vertex 150.50006693832 -9.0002722740478 32.4000898918417
    vertex 152.499897397859 -9.00000182213544 30.4001678650117
  endloop
endfacet
facet normal -0.707128557344816 1.18965768812957e-005 -0.707085004257558
  outer loop
    vertex 150.50006693832 -9.0002722740478 32.4000898918417
    vertex 152.500000000001 -11.000001802597 30.4000000000011
    vertex 150.50006431038 -11.0002722740462 32.4000904772188
  endloop
endfacet
facet normal 0.999999998053742 6.21288448825823e-005 5.70284727492793e-006
  outer loop
    vertex 152.500538572571 -10.9993040909751 77.9499502597956
    vertex 152.500514349229 -9.60004992178642 66.9500013376157
    vertex 152.500363925298 -9.60004164402738 77.9500051306737
  endloop
endfacet
facet normal 0.999999998053742 6.21288448825823e-005 5.70284727492793e-006
  outer loop
    vertex 152.500514349229 -9.60004992178642 66.9500013376157
    vertex 152.500538572571 -10.9993040909751 77.9499502597956
    vertex 152.500513651457 -10.9999540699433 66.9500023399954
  endloop
endfacet
facet normal 6.55055351701883e-008 0.999999999999998 -2.91753634672214e-009
  outer loop
    vertex 152.500029642727 -0.999999835265565 38.3999776682702
    vertex 157.499998554368 -0.999999999999051 -3.80695475143966e-012
    vertex 152.499999996027 -0.999999712176228 -2.28476690500301e-007
  endloop
endfacet
facet normal 6.55055351701883e-008 0.999999999999998 -2.91753634672214e-009
  outer loop
    vertex 157.499998554368 -0.999999999999051 -3.80695475143966e-012
    vertex 152.500029642727 -0.999999835265565 38.3999776682702
    vertex 157.499998554371 -1.00000000000009 38.400004570964
  endloop
endfacet
facet normal -0.999999999999897 -1.43638793961187e-007 4.29917709125586e-007
  outer loop
    vertex 152.500000162269 -4.2999997648606 9.99999977152608
    vertex 152.499999925265 -4.35792586016874 26.9600073948518
    vertex 152.499999926486 -4.29999976486021 27.3999997715261
  endloop
endfacet
facet normal -0.999999999999897 -1.43638793961187e-007 4.29917709125586e-007
  outer loop
    vertex 152.499999925265 -4.35792586016874 26.9600073948518
    vertex 152.500000162269 -4.2999997648606 9.99999977152608
    vertex 152.500000161048 -4.35792586016912 10.4399921482004
  endloop
endfacet
facet normal -0.999999999999897 -1.43638793961187e-007 4.29917709125586e-007
  outer loop
    vertex 152.499999925265 -4.35792586016874 26.9600073948518
    vertex 152.500000161048 -4.35792586016912 10.4399921482004
    vertex 152.499999921686 -4.5277565784266 26.5499997715261
  endloop
endfacet
facet normal -0.999999999999897 -1.43638793961187e-007 4.29917709125586e-007
  outer loop
    vertex 152.499999921686 -4.5277565784266 26.5499997715261
    vertex 152.500000161048 -4.35792586016912 10.4399921482004
    vertex 152.500000157469 -4.52775657842698 10.8499997715261
  endloop
endfacet
facet normal -0.999999999999897 -1.43638793961187e-007 4.29917709125586e-007
  outer loop
    vertex 152.499999921686 -4.5277565784266 26.5499997715261
    vertex 152.500000157469 -4.52775657842698 10.8499997715261
    vertex 152.499999915993 -4.79791823684305 26.197918243509
  endloop
endfacet
facet normal -0.999999999999897 -1.43638793961187e-007 4.29917709125586e-007
  outer loop
    vertex 152.499999915993 -4.79791823684305 26.197918243509
    vertex 152.500000157469 -4.52775657842698 10.8499997715261
    vertex 152.500000151776 -4.79791823684343 11.2020812995432
  endloop
endfacet
facet normal -0.999999999999897 -1.43638793961187e-007 4.29917709125586e-007
  outer loop
    vertex 152.499999915993 -4.79791823684305 26.197918243509
    vertex 152.500000151776 -4.79791823684343 11.2020812995432
    vertex 152.499999908573 -5.1499997648602 25.9277565850925
  endloop
endfacet
facet normal -0.999999999999897 -1.43638793961187e-007 4.29917709125586e-007
  outer loop
    vertex 152.499999908573 -5.1499997648602 25.9277565850925
    vertex 152.500000151776 -4.79791823684343 11.2020812995432
    vertex 152.500000144356 -5.14999976486058 11.4722429579596
  endloop
endfacet
facet normal -0.999999999999897 -1.43638793961187e-007 4.29917709125586e-007
  outer loop
    vertex 152.499999908573 -5.1499997648602 25.9277565850925
    vertex 152.500000144356 -5.14999976486058 11.4722429579596
    vertex 152.499999899933 -5.56000738818588 25.7579258668347
  endloop
endfacet
facet normal -0.999999999999897 -1.43638793961187e-007 4.29917709125586e-007
  outer loop
    vertex 152.499999899933 -5.56000738818588 25.7579258668347
    vertex 152.500000144356 -5.14999976486058 11.4722429579596
    vertex 152.500000135716 -5.56000738818626 11.6420736762175
  endloop
endfacet
facet normal -0.999999999999897 -1.43638793961187e-007 4.29917709125586e-007
  outer loop
    vertex 152.499999899933 -5.56000738818588 25.7579258668347
    vertex 152.500000135716 -5.56000738818626 11.6420736762175
    vertex 152.49999989066 -5.99999976486019 25.6999997715261
  endloop
endfacet
facet normal -0.999999999999897 -1.43638793961187e-007 4.29917709125586e-007
  outer loop
    vertex 152.49999989066 -5.99999976486019 25.6999997715261
    vertex 152.500000135716 -5.56000738818626 11.6420736762175
    vertex 152.500000126444 -5.99999976486057 11.6999997715261
  endloop
endfacet
facet normal -0.999999999999897 -1.43638793961187e-007 4.29917709125586e-007
  outer loop
    vertex 152.49999989066 -5.99999976486019 25.6999997715261
    vertex 152.500000126444 -5.99999976486057 11.6999997715261
    vertex 152.499999881388 -6.43999214153449 25.7579258668347
  endloop
endfacet
facet normal -0.999999999999897 -1.43638793961187e-007 4.29917709125586e-007
  outer loop
    vertex 152.499999881388 -6.43999214153449 25.7579258668347
    vertex 152.500000126444 -5.99999976486057 11.6999997715261
    vertex 152.500000117172 -6.43999214153488 11.6420736762175
  endloop
endfacet
facet normal -0.999999999999897 -1.43638793961187e-007 4.29917709125586e-007
  outer loop
    vertex 152.499999881388 -6.43999214153449 25.7579258668347
    vertex 152.500000117172 -6.43999214153488 11.6420736762175
    vertex 152.499999872748 -6.84999976486017 25.9277565850925
  endloop
endfacet
facet normal -0.999999999999897 -1.43638793961187e-007 4.29917709125586e-007
  outer loop
    vertex 152.499999872748 -6.84999976486017 25.9277565850925
    vertex 152.500000117172 -6.43999214153488 11.6420736762175
    vertex 152.500000108531 -6.84999976486056 11.4722429579596
  endloop
endfacet
facet normal -0.999999999999897 -1.43638793961187e-007 4.29917709125586e-007
  outer loop
    vertex 152.499999872748 -6.84999976486017 25.9277565850925
    vertex 152.500000108531 -6.84999976486056 11.4722429579596
    vertex 152.499999865328 -7.20208129287732 26.197918243509
  endloop
endfacet
facet normal -0.999999999999897 -1.43638793961187e-007 4.29917709125586e-007
  outer loop
    vertex 152.499999865328 -7.20208129287732 26.197918243509
    vertex 152.500000108531 -6.84999976486056 11.4722429579596
    vertex 152.500000101112 -7.20208129287771 11.2020812995432
  endloop
endfacet
facet normal -0.999999999999897 -1.43638793961187e-007 4.29917709125586e-007
  outer loop
    vertex 152.499999865328 -7.20208129287732 26.197918243509
    vertex 152.500000101112 -7.20208129287771 11.2020812995432
    vertex 152.499999859635 -7.47224295129368 26.5499997715261
  endloop
endfacet
facet normal -0.999999999999897 -1.43638793961187e-007 4.29917709125586e-007
  outer loop
    vertex 152.499999859635 -7.47224295129368 26.5499997715261
    vertex 152.500000101112 -7.20208129287771 11.2020812995432
    vertex 152.500000095419 -7.47224295129407 10.8499997715261
  endloop
endfacet
facet normal -0.999999999999897 -1.43638793961187e-007 4.29917709125586e-007
  outer loop
    vertex 152.499999859635 -7.47224295129368 26.5499997715261
    vertex 152.500000095419 -7.47224295129407 10.8499997715261
    vertex 152.499999856056 -7.64207366955163 26.9600073948518
  endloop
endfacet
facet normal -0.999999999999897 -1.43638793961187e-007 4.29917709125586e-007
  outer loop
    vertex 152.499999856056 -7.64207366955163 26.9600073948518
    vertex 152.500000095419 -7.47224295129407 10.8499997715261
    vertex 152.50000009184 -7.64207366955202 10.4399921482004
  endloop
endfacet
facet normal -0.999999999999897 -1.43638793961187e-007 4.29917709125586e-007
  outer loop
    vertex 152.499999856056 -7.64207366955163 26.9600073948518
    vertex 152.50000009184 -7.64207366955202 10.4399921482004
    vertex 152.499999854836 -7.69999976486016 27.3999997715261
  endloop
endfacet
facet normal -0.999999999999897 -1.43638793961187e-007 4.29917709125586e-007
  outer loop
    vertex 152.499999854836 -7.69999976486016 27.3999997715261
    vertex 152.50000009184 -7.64207366955202 10.4399921482004
    vertex 152.500000090619 -7.69999976486054 9.99999977152608
  endloop
endfacet
facet normal -0.999999999999897 -1.43638793961187e-007 4.29917709125586e-007
  outer loop
    vertex 152.499999996027 -0.999999712176228 -2.28476690500301e-007
    vertex 152.500000162269 -4.2999997648606 9.99999977152608
    vertex 152.500029642727 -0.999999835265565 38.3999776682702
  endloop
endfacet
facet normal -0.999999999999897 -1.43638793961187e-007 4.29917709125586e-007
  outer loop
    vertex 152.500000162269 -4.2999997648606 9.99999977152608
    vertex 152.499999996027 -0.999999712176228 -2.28476690500301e-007
    vertex 152.500000161048 -4.35792586016912 9.56000739485179
  endloop
endfacet
facet normal -0.999999999999897 -1.43638793961187e-007 4.29917709125586e-007
  outer loop
    vertex 152.500000161048 -4.35792586016912 9.56000739485179
    vertex 152.499999996027 -0.999999712176228 -2.28476690500301e-007
    vertex 152.500000157469 -4.52775657842698 9.14999977152608
  endloop
endfacet
facet normal -0.999999999999897 -1.43638793961187e-007 4.29917709125586e-007
  outer loop
    vertex 152.500000157469 -4.52775657842698 9.14999977152608
    vertex 152.499999996027 -0.999999712176228 -2.28476690500301e-007
    vertex 152.499997876659 -10.9999998175475 -2.28476848418424e-007
  endloop
endfacet
facet normal -0.999999999999897 -1.43638793961187e-007 4.29917709125586e-007
  outer loop
    vertex 152.500029642727 -0.999999835265565 38.3999776682702
    vertex 152.500000162269 -4.2999997648606 9.99999977152608
    vertex 152.499999926486 -4.29999976486021 27.3999997715261
  endloop
endfacet
facet normal -0.999999999999897 -1.43638793961187e-007 4.29917709125586e-007
  outer loop
    vertex 152.500000157469 -4.52775657842698 9.14999977152608
    vertex 152.499997876659 -10.9999998175475 -2.28476848418424e-007
    vertex 152.500000151776 -4.79791823684343 8.79791824350894
  endloop
endfacet
facet normal -0.999999999999897 -1.43638793961187e-007 4.29917709125586e-007
  outer loop
    vertex 152.500000151776 -4.79791823684343 8.79791824350894
    vertex 152.499997876659 -10.9999998175475 -2.28476848418424e-007
    vertex 152.500000144356 -5.14999976486058 8.52775658509254
  endloop
endfacet
facet normal -0.999999999999897 -1.43638793961187e-007 4.29917709125586e-007
  outer loop
    vertex 152.500000144356 -5.14999976486058 8.52775658509254
    vertex 152.499997876659 -10.9999998175475 -2.28476848418424e-007
    vertex 152.500000135716 -5.56000738818626 8.35792586683465
  endloop
endfacet
facet normal -0.999999999999897 -1.43638793961187e-007 4.29917709125586e-007
  outer loop
    vertex 152.500000135716 -5.56000738818626 8.35792586683465
    vertex 152.499997876659 -10.9999998175475 -2.28476848418424e-007
    vertex 152.500000126443 -5.99999976486057 8.29999977152608
  endloop
endfacet
facet normal -0.999999999999897 -1.43638793961187e-007 4.29917709125586e-007
  outer loop
    vertex 152.500000126443 -5.99999976486057 8.29999977152608
    vertex 152.499997876659 -10.9999998175475 -2.28476848418424e-007
    vertex 152.500000117171 -6.43999214153488 8.35792586683466
  endloop
endfacet
facet normal -0.999999999999897 -1.43638793961187e-007 4.29917709125586e-007
  outer loop
    vertex 152.500000117171 -6.43999214153488 8.35792586683466
    vertex 152.499997876659 -10.9999998175475 -2.28476848418424e-007
    vertex 152.500000108531 -6.84999976486056 8.52775658509254
  endloop
endfacet
facet normal -0.999999999999897 -1.43638793961187e-007 4.29917709125586e-007
  outer loop
    vertex 152.500000108531 -6.84999976486056 8.52775658509254
    vertex 152.499997876659 -10.9999998175475 -2.28476848418424e-007
    vertex 152.500000101111 -7.20208129287771 8.79791824350895
  endloop
endfacet
facet normal -0.999999999999897 -1.43638793961187e-007 4.29917709125586e-007
  outer loop
    vertex 152.500000101111 -7.20208129287771 8.79791824350895
    vertex 152.499997876659 -10.9999998175475 -2.28476848418424e-007
    vertex 152.500000095418 -7.47224295129407 9.14999977152608
  endloop
endfacet
facet normal -0.999999999999897 -1.43638793961187e-007 4.29917709125586e-007
  outer loop
    vertex 152.500000095418 -7.47224295129407 9.14999977152608
    vertex 152.499997876659 -10.9999998175475 -2.28476848418424e-007
    vertex 152.500000091839 -7.64207366955202 9.56000739485179
  endloop
endfacet
facet normal -0.999999999999897 -1.43638793961187e-007 4.29917709125586e-007
  outer loop
    vertex 152.500000091839 -7.64207366955202 9.56000739485179
    vertex 152.499997876659 -10.9999998175475 -2.28476848418424e-007
    vertex 152.500000090619 -7.69999976486054 9.99999977152608
  endloop
endfacet
facet normal -0.999999999999897 -1.43638793961187e-007 4.29917709125586e-007
  outer loop
    vertex 152.500000090619 -7.69999976486054 9.99999977152608
    vertex 152.499997876659 -10.9999998175475 -2.28476848418424e-007
    vertex 152.499897397859 -9.00000182213544 30.4001678650117
  endloop
endfacet
facet normal -0.999999999999897 -1.43638793961187e-007 4.29917709125586e-007
  outer loop
    vertex 152.499897397859 -9.00000182213544 30.4001678650117
    vertex 152.499997876659 -10.9999998175475 -2.28476848418424e-007
    vertex 152.500000000001 -11.000001802597 30.4000000000011
  endloop
endfacet
facet normal -0.999999999999897 -1.43638793961187e-007 4.29917709125586e-007
  outer loop
    vertex 152.500031088364 67.6000001647349 38.3999776682702
    vertex 152.5000645261 -9.00016798596353 41.4000653871042
    vertex 152.499952873032 67.6000008167467 41.4000027741414
  endloop
endfacet
facet normal -0.999999999999897 -1.43638793961187e-007 4.29917709125586e-007
  outer loop
    vertex 152.5000645261 -9.00016798596353 41.4000653871042
    vertex 152.500031088364 67.6000001647349 38.3999776682702
    vertex 152.500029642727 -0.999999835265565 38.3999776682702
  endloop
endfacet
facet normal -0.999999999999897 -1.43638793961187e-007 4.29917709125586e-007
  outer loop
    vertex 152.5000645261 -9.00016798596353 41.4000653871042
    vertex 152.500029642727 -0.999999835265565 38.3999776682702
    vertex 152.499999925265 -4.35792586016874 27.8399921482004
  endloop
endfacet
facet normal -0.999999999999897 -1.43638793961187e-007 4.29917709125586e-007
  outer loop
    vertex 152.499999925265 -4.35792586016874 27.8399921482004
    vertex 152.500029642727 -0.999999835265565 38.3999776682702
    vertex 152.499999926486 -4.29999976486021 27.3999997715261
  endloop
endfacet
facet normal -0.999999999999897 -1.43638793961187e-007 4.29917709125586e-007
  outer loop
    vertex 152.5000645261 -9.00016798596353 41.4000653871042
    vertex 152.499999925265 -4.35792586016874 27.8399921482004
    vertex 152.499999921686 -4.5277565784266 28.2499997715261
  endloop
endfacet
facet normal -0.999999999999897 -1.43638793961187e-007 4.29917709125586e-007
  outer loop
    vertex 152.5000645261 -9.00016798596353 41.4000653871042
    vertex 152.499999921686 -4.5277565784266 28.2499997715261
    vertex 152.499999915993 -4.79791823684305 28.6020812995432
  endloop
endfacet
facet normal -0.999999999999897 -1.43638793961187e-007 4.29917709125586e-007
  outer loop
    vertex 152.5000645261 -9.00016798596353 41.4000653871042
    vertex 152.499999915993 -4.79791823684305 28.6020812995432
    vertex 152.499999908573 -5.1499997648602 28.8722429579597
  endloop
endfacet
facet normal -0.999999999999897 -1.43638793961187e-007 4.29917709125586e-007
  outer loop
    vertex 152.5000645261 -9.00016798596353 41.4000653871042
    vertex 152.499999908573 -5.1499997648602 28.8722429579597
    vertex 152.499999899933 -5.56000738818588 29.0420736762175
  endloop
endfacet
facet normal -0.999999999999897 -1.43638793961187e-007 4.29917709125586e-007
  outer loop
    vertex 152.5000645261 -9.00016798596353 41.4000653871042
    vertex 152.499999899933 -5.56000738818588 29.0420736762175
    vertex 152.499999890661 -5.99999976486019 29.0999997715261
  endloop
endfacet
facet normal -0.999999999999897 -1.43638793961187e-007 4.29917709125586e-007
  outer loop
    vertex 152.5000645261 -9.00016798596353 41.4000653871042
    vertex 152.499999890661 -5.99999976486019 29.0999997715261
    vertex 152.499999881389 -6.43999214153449 29.0420736762175
  endloop
endfacet
facet normal -0.999999999999897 -1.43638793961187e-007 4.29917709125586e-007
  outer loop
    vertex 152.5000645261 -9.00016798596353 41.4000653871042
    vertex 152.499999881389 -6.43999214153449 29.0420736762175
    vertex 152.499999872748 -6.84999976486017 28.8722429579597
  endloop
endfacet
facet normal -0.999999999999897 -1.43638793961187e-007 4.29917709125586e-007
  outer loop
    vertex 152.5000645261 -9.00016798596353 41.4000653871042
    vertex 152.499999872748 -6.84999976486017 28.8722429579597
    vertex 152.499999865329 -7.20208129287732 28.6020812995432
  endloop
endfacet
facet normal -0.999999999999897 -1.43638793961187e-007 4.29917709125586e-007
  outer loop
    vertex 152.5000645261 -9.00016798596353 41.4000653871042
    vertex 152.499999865329 -7.20208129287732 28.6020812995432
    vertex 152.499999859636 -7.47224295129368 28.2499997715261
  endloop
endfacet
facet normal -0.999999999999897 -1.43638793961187e-007 4.29917709125586e-007
  outer loop
    vertex 152.5000645261 -9.00016798596353 41.4000653871042
    vertex 152.499999859636 -7.47224295129368 28.2499997715261
    vertex 152.499999856057 -7.64207366955163 27.8399921482004
  endloop
endfacet
facet normal -0.999999999999897 -1.43638793961187e-007 4.29917709125586e-007
  outer loop
    vertex 152.5000645261 -9.00016798596353 41.4000653871042
    vertex 152.499999856057 -7.64207366955163 27.8399921482004
    vertex 152.499999854836 -7.69999976486016 27.3999997715261
  endloop
endfacet
facet normal -0.999999999999897 -1.43638793961187e-007 4.29917709125586e-007
  outer loop
    vertex 152.5000645261 -9.00016798596353 41.4000653871042
    vertex 152.499999854836 -7.69999976486016 27.3999997715261
    vertex 152.500000090619 -7.69999976486054 9.99999977152608
  endloop
endfacet
facet normal -0.999999999999897 -1.43638793961187e-007 4.29917709125586e-007
  outer loop
    vertex 152.5000645261 -9.00016798596353 41.4000653871042
    vertex 152.500000090619 -7.69999976486054 9.99999977152608
    vertex 152.499897397859 -9.00000182213544 30.4001678650117
  endloop
endfacet
facet normal -0.999999999997742 9.66941200942163e-007 1.8924361369409e-006
  outer loop
    vertex 153.499986661759 65.6000135955888 78.6000093284674
    vertex 153.499986369097 56.8420880196593 80.1600198675855
    vertex 153.499986215685 56.9000142614549 80.6000122249743
  endloop
endfacet
facet normal -0.999999999997742 9.66941200942163e-007 1.8924361369409e-006
  outer loop
    vertex 153.499986369097 56.8420880196593 80.1600198675855
    vertex 153.499986661759 65.6000135955888 78.6000093284674
    vertex 153.499986515302 56.6722571648965 79.7500123008018
  endloop
endfacet
facet normal -0.999999999997742 9.66941200942163e-007 1.8924361369409e-006
  outer loop
    vertex 153.499986515302 56.6722571648965 79.7500123008018
    vertex 153.499986661759 65.6000135955888 78.6000093284674
    vertex 153.499986644335 56.4020953892611 79.3979308627301
  endloop
endfacet
facet normal -0.999999999997742 9.66941200942163e-007 1.8924361369409e-006
  outer loop
    vertex 153.499986644335 56.4020953892611 79.3979308627301
    vertex 153.499986661759 65.6000135955888 78.6000093284674
    vertex 153.499986747405 56.0500137712986 79.1277693215328
  endloop
endfacet
facet normal -0.999999999997742 9.66941200942163e-007 1.8924361369409e-006
  outer loop
    vertex 153.499986747405 56.0500137712986 79.1277693215328
    vertex 153.499986661759 65.6000135955888 78.6000093284674
    vertex 153.499986817487 55.6400060914309 78.9579387397795
  endloop
endfacet
facet normal -0.999999999997742 9.66941200942163e-007 1.8924361369409e-006
  outer loop
    vertex 153.499986817487 55.6400060914309 78.9579387397795
    vertex 153.499986661759 65.6000135955888 78.6000093284674
    vertex 153.499986849804 55.2000136954712 78.9000127909583
  endloop
endfacet
facet normal -0.999999999997742 9.66941200942163e-007 1.8924361369409e-006
  outer loop
    vertex 153.499986849804 55.2000136954712 78.9000127909583
    vertex 153.499986661759 65.6000135955888 78.6000093284674
    vertex 153.499987244836 44.80001359559 78.6000162534462
  endloop
endfacet
facet normal -0.999999999997742 9.66941200942163e-007 1.8924361369409e-006
  outer loop
    vertex 153.499986849804 55.2000136954712 78.9000127909583
    vertex 153.499987244836 44.80001359559 78.6000162534462
    vertex 153.499986842155 54.7600213380824 78.9579390327543
  endloop
endfacet
facet normal -0.999999999997742 9.66941200942163e-007 1.8924361369409e-006
  outer loop
    vertex 153.499986842155 54.7600213380824 78.9579390327543
    vertex 153.499987244836 44.80001359559 78.6000162534462
    vertex 153.49998679506 54.3500137712987 79.1277698875167
  endloop
endfacet
facet normal -0.999999999997742 9.66941200942163e-007 1.8924361369409e-006
  outer loop
    vertex 153.49998679506 54.3500137712987 79.1277698875167
    vertex 153.499987244836 44.80001359559 78.6000162534462
    vertex 153.49998671173 53.9979323332269 79.3979316631521
  endloop
endfacet
facet normal -0.999999999997742 9.66941200942163e-007 1.8924361369409e-006
  outer loop
    vertex 153.49998671173 53.9979323332269 79.3979316631521
    vertex 153.499987244836 44.80001359559 78.6000162534462
    vertex 153.499986597843 53.7277707920296 79.7500132811146
  endloop
endfacet
facet normal -0.999999999997742 9.66941200942163e-007 1.8924361369409e-006
  outer loop
    vertex 153.499986597843 53.7277707920296 79.7500132811146
    vertex 153.499987244836 44.80001359559 78.6000162534462
    vertex 153.499986461159 53.5579402102764 80.1600209609823
  endloop
endfacet
facet normal -0.999999999997742 9.66941200942163e-007 1.8924361369409e-006
  outer loop
    vertex 153.499986461159 53.5579402102764 80.1600209609823
    vertex 153.499987244836 44.80001359559 78.6000162534462
    vertex 153.499986310994 53.5000142614551 80.6000133569419
  endloop
endfacet
facet normal -0.999999999997742 9.66941200942163e-007 1.8924361369409e-006
  outer loop
    vertex 153.499923226335 67.600001185202 41.400029525568
    vertex 153.499997701086 65.600002941776 46.6000093284712
    vertex 153.499986661759 65.6000135955888 78.6000093284674
  endloop
endfacet
facet normal -0.999999999997742 9.66941200942163e-007 1.8924361369409e-006
  outer loop
    vertex 153.499997701086 65.600002941776 46.6000093284712
    vertex 153.499923226335 67.600001185202 41.400029525568
    vertex 153.49999923673 55.6399941058912 42.9579387397836
  endloop
endfacet
facet normal -0.999999999997742 9.66941200942163e-007 1.8924361369409e-006
  outer loop
    vertex 153.49999923673 55.6399941058912 42.9579387397836
    vertex 153.499923226335 67.600001185202 41.400029525568
    vertex 153.499999269047 55.2000017099313 42.9000127909625
  endloop
endfacet
facet normal -0.999999999997742 9.66941200942163e-007 1.8924361369409e-006
  outer loop
    vertex 153.499999269047 55.2000017099313 42.9000127909625
    vertex 153.499923226335 67.600001185202 41.400029525568
    vertex 153.499898402983 42.8018597356987 41.4000046398284
  endloop
endfacet
facet normal -0.999999999997742 9.66941200942163e-007 1.8924361369409e-006
  outer loop
    vertex 153.499997701086 65.600002941776 46.6000093284712
    vertex 153.49999923673 55.6399941058912 42.9579387397836
    vertex 153.499999166648 56.0500017857589 43.127769321537
  endloop
endfacet
facet normal -0.999999999997742 9.66941200942163e-007 1.8924361369409e-006
  outer loop
    vertex 153.499997701086 65.600002941776 46.6000093284712
    vertex 153.499999166648 56.0500017857589 43.127769321537
    vertex 153.499999063578 56.4020834037213 43.3979308627343
  endloop
endfacet
facet normal -0.999999999997742 9.66941200942163e-007 1.8924361369409e-006
  outer loop
    vertex 153.499997701086 65.600002941776 46.6000093284712
    vertex 153.499999063578 56.4020834037213 43.3979308627343
    vertex 153.499998934544 56.6722451793567 43.750012300806
  endloop
endfacet
facet normal -0.999999999997742 9.66941200942163e-007 1.8924361369409e-006
  outer loop
    vertex 153.499997701086 65.600002941776 46.6000093284712
    vertex 153.499998934544 56.6722451793567 43.750012300806
    vertex 153.499998788339 56.8420760341192 44.1600198675896
  endloop
endfacet
facet normal -0.999999999997742 9.66941200942163e-007 1.8924361369409e-006
  outer loop
    vertex 153.499997701086 65.600002941776 46.6000093284712
    vertex 153.499998788339 56.8420760341192 44.1600198675896
    vertex 153.499998634929 56.9000022759155 44.6000122249785
  endloop
endfacet
facet normal -0.999999999997742 9.66941200942163e-007 1.8924361369409e-006
  outer loop
    vertex 153.499999269047 55.2000017099313 42.9000127909625
    vertex 153.499898402983 42.8018597356987 41.4000046398284
    vertex 153.499999261397 54.7600093525426 42.9579390327584
  endloop
endfacet
facet normal -0.999999999997742 9.66941200942163e-007 1.8924361369409e-006
  outer loop
    vertex 153.499999261397 54.7600093525426 42.9579390327584
    vertex 153.499898402983 42.8018597356987 41.4000046398284
    vertex 153.499999214303 54.350001785759 43.1277698875208
  endloop
endfacet
facet normal -0.999999999997742 9.66941200942163e-007 1.8924361369409e-006
  outer loop
    vertex 153.499999214303 54.350001785759 43.1277698875208
    vertex 153.499898402983 42.8018597356987 41.4000046398284
    vertex 153.499999130972 53.9979203476872 43.3979316631563
  endloop
endfacet
facet normal -0.999999999997742 9.66941200942163e-007 1.8924361369409e-006
  outer loop
    vertex 153.499999130972 53.9979203476872 43.3979316631563
    vertex 153.499898402983 42.8018597356987 41.4000046398284
    vertex 153.499999017085 53.7277588064898 43.7500132811188
  endloop
endfacet
facet normal -0.999999999997742 9.66941200942163e-007 1.8924361369409e-006
  outer loop
    vertex 153.499999017085 53.7277588064898 43.7500132811188
    vertex 153.499898402983 42.8018597356987 41.4000046398284
    vertex 153.499998880402 53.5579282247364 44.1600209609864
  endloop
endfacet
facet normal -0.999999999997742 9.66941200942163e-007 1.8924361369409e-006
  outer loop
    vertex 153.499998880402 53.5579282247364 44.1600209609864
    vertex 153.499898402983 42.8018597356987 41.4000046398284
    vertex 153.499998730238 53.5000022759154 44.6000133569461
  endloop
endfacet
facet normal -0.999999999997742 9.66941200942163e-007 1.8924361369409e-006
  outer loop
    vertex 153.499998730238 53.5000022759154 44.6000133569461
    vertex 153.499898402983 42.8018597356987 41.4000046398284
    vertex 153.499998284163 44.8000029417769 46.6000162534499
  endloop
endfacet
facet normal -0.999999999997742 9.66941200942163e-007 1.8924361369409e-006
  outer loop
    vertex 153.499985937924 67.6000155931794 84.6000086633656
    vertex 153.499985684525 55.6400071848277 82.2420865491619
    vertex 153.49998044996 42.799731293622 84.5999986043114
  endloop
endfacet
facet normal -0.999999999997742 9.66941200942163e-007 1.8924361369409e-006
  outer loop
    vertex 153.499985684525 55.6400071848277 82.2420865491619
    vertex 153.499985937924 67.6000155931794 84.6000086633656
    vertex 153.499986661759 65.6000135955888 78.6000093284674
  endloop
endfacet
facet normal -0.999999999997742 9.66941200942163e-007 1.8924361369409e-006
  outer loop
    vertex 153.499986661759 65.6000135955888 78.6000093284674
    vertex 153.499985937924 67.6000155931794 84.6000086633656
    vertex 153.499923226335 67.600001185202 41.400029525568
  endloop
endfacet
facet normal -0.999999999997742 9.66941200942163e-007 1.8924361369409e-006
  outer loop
    vertex 153.499985684525 55.6400071848277 82.2420865491619
    vertex 153.499986661759 65.6000135955888 78.6000093284674
    vertex 153.499985731619 56.0500147516113 82.0722556943996
  endloop
endfacet
facet normal -0.999999999997742 9.66941200942163e-007 1.8924361369409e-006
  outer loop
    vertex 153.499985731619 56.0500147516113 82.0722556943996
    vertex 153.499986661759 65.6000135955888 78.6000093284674
    vertex 153.49998581495 56.4020961896834 81.8020939187641
  endloop
endfacet
facet normal -0.999999999997742 9.66941200942163e-007 1.8924361369409e-006
  outer loop
    vertex 153.49998581495 56.4020961896834 81.8020939187641
    vertex 153.499986661759 65.6000135955888 78.6000093284674
    vertex 153.499985928838 56.6722577308803 81.4500123008016
  endloop
endfacet
facet normal -0.999999999997742 9.66941200942163e-007 1.8924361369409e-006
  outer loop
    vertex 153.499985928838 56.6722577308803 81.4500123008016
    vertex 153.499986661759 65.6000135955888 78.6000093284674
    vertex 153.49998606552 56.8420883126337 81.0400046209339
  endloop
endfacet
facet normal -0.999999999997742 9.66941200942163e-007 1.8924361369409e-006
  outer loop
    vertex 153.49998606552 56.8420883126337 81.0400046209339
    vertex 153.499986661759 65.6000135955888 78.6000093284674
    vertex 153.499986215685 56.9000142614549 80.6000122249743
  endloop
endfacet
facet normal -0.999999999997742 9.66941200942163e-007 1.8924361369409e-006
  outer loop
    vertex 153.49998044996 42.799731293622 84.5999986043114
    vertex 153.499985684525 55.6400071848277 82.2420865491619
    vertex 153.499985676875 55.2000148274388 82.3000127909579
  endloop
endfacet
facet normal -0.999999999997742 9.66941200942163e-007 1.8924361369409e-006
  outer loop
    vertex 153.49998044996 42.799731293622 84.5999986043114
    vertex 153.499985676875 55.2000148274388 82.3000127909579
    vertex 153.499985709193 54.7600224314792 82.2420868421367
  endloop
endfacet
facet normal -0.999999999997742 9.66941200942163e-007 1.8924361369409e-006
  outer loop
    vertex 153.49998044996 42.799731293622 84.5999986043114
    vertex 153.499985709193 54.7600224314792 82.2420868421367
    vertex 153.499985779274 54.3500147516115 82.0722562603834
  endloop
endfacet
facet normal -0.999999999997742 9.66941200942163e-007 1.8924361369409e-006
  outer loop
    vertex 153.49998044996 42.799731293622 84.5999986043114
    vertex 153.499985779274 54.3500147516115 82.0722562603834
    vertex 153.499985882344 53.997933133649 81.8020947191861
  endloop
endfacet
facet normal -0.999999999997742 9.66941200942163e-007 1.8924361369409e-006
  outer loop
    vertex 153.49998044996 42.799731293622 84.5999986043114
    vertex 153.499985882344 53.997933133649 81.8020947191861
    vertex 153.499986011378 53.7277713580134 81.4500132811144
  endloop
endfacet
facet normal -0.999999999997742 9.66941200942163e-007 1.8924361369409e-006
  outer loop
    vertex 153.49998044996 42.799731293622 84.5999986043114
    vertex 153.499986011378 53.7277713580134 81.4500132811144
    vertex 153.499986157583 53.557940503251 81.0400057143307
  endloop
endfacet
facet normal -0.999999999997742 9.66941200942163e-007 1.8924361369409e-006
  outer loop
    vertex 153.49998044996 42.799731293622 84.5999986043114
    vertex 153.499986157583 53.557940503251 81.0400057143307
    vertex 153.499986310994 53.5000142614551 80.6000133569419
  endloop
endfacet
facet normal -0.999999999997742 9.66941200942163e-007 1.8924361369409e-006
  outer loop
    vertex 153.49998044996 42.799731293622 84.5999986043114
    vertex 153.499986310994 53.5000142614551 80.6000133569419
    vertex 153.499987244836 44.80001359559 78.6000162534462
  endloop
endfacet
facet normal -0.999999999997742 9.66941200942163e-007 1.8924361369409e-006
  outer loop
    vertex 153.49998044996 42.799731293622 84.5999986043114
    vertex 153.499987244836 44.80001359559 78.6000162534462
    vertex 153.499998284163 44.8000029417769 46.6000162534499
  endloop
endfacet
facet normal -0.999999999997742 9.66941200942163e-007 1.8924361369409e-006
  outer loop
    vertex 153.49998044996 42.799731293622 84.5999986043114
    vertex 153.499998284163 44.8000029417769 46.6000162534499
    vertex 153.499898402983 42.8018597356987 41.4000046398284
  endloop
endfacet
facet normal -0.999999999997742 9.66941200942163e-007 1.8924361369409e-006
  outer loop
    vertex 153.499997701086 65.600002941776 46.6000093284712
    vertex 153.499998096118 55.2000028418991 46.3000127909621
    vertex 153.499998284163 44.8000029417769 46.6000162534499
  endloop
endfacet
facet normal -0.999999999997742 9.66941200942163e-007 1.8924361369409e-006
  outer loop
    vertex 153.499998096118 55.2000028418991 46.3000127909621
    vertex 153.499997701086 65.600002941776 46.6000093284712
    vertex 153.499998103768 55.6399951992882 46.2420865491662
  endloop
endfacet
facet normal -0.999999999997742 9.66941200942163e-007 1.8924361369409e-006
  outer loop
    vertex 153.499998103768 55.6399951992882 46.2420865491662
    vertex 153.499997701086 65.600002941776 46.6000093284712
    vertex 153.499998150862 56.0500027660716 46.0722556944037
  endloop
endfacet
facet normal -0.999999999997742 9.66941200942163e-007 1.8924361369409e-006
  outer loop
    vertex 153.499998150862 56.0500027660716 46.0722556944037
    vertex 153.499997701086 65.600002941776 46.6000093284712
    vertex 153.499998234193 56.4020842041432 45.8020939187683
  endloop
endfacet
facet normal -0.999999999997742 9.66941200942163e-007 1.8924361369409e-006
  outer loop
    vertex 153.499998234193 56.4020842041432 45.8020939187683
    vertex 153.499997701086 65.600002941776 46.6000093284712
    vertex 153.49999834808 56.6722457453406 45.4500123008058
  endloop
endfacet
facet normal -0.999999999997742 9.66941200942163e-007 1.8924361369409e-006
  outer loop
    vertex 153.49999834808 56.6722457453406 45.4500123008058
    vertex 153.499997701086 65.600002941776 46.6000093284712
    vertex 153.499998484763 56.8420763270939 45.0400046209382
  endloop
endfacet
facet normal -0.999999999997742 9.66941200942163e-007 1.8924361369409e-006
  outer loop
    vertex 153.499998484763 56.8420763270939 45.0400046209382
    vertex 153.499997701086 65.600002941776 46.6000093284712
    vertex 153.499998634929 56.9000022759155 44.6000122249785
  endloop
endfacet
facet normal -0.999999999997742 9.66941200942163e-007 1.8924361369409e-006
  outer loop
    vertex 153.499998284163 44.8000029417769 46.6000162534499
    vertex 153.499998096118 55.2000028418991 46.3000127909621
    vertex 153.499998128435 54.7600104459397 46.242086842141
  endloop
endfacet
facet normal -0.999999999997742 9.66941200942163e-007 1.8924361369409e-006
  outer loop
    vertex 153.499998284163 44.8000029417769 46.6000162534499
    vertex 153.499998128435 54.7600104459397 46.242086842141
    vertex 153.499998198517 54.3500027660716 46.0722562603876
  endloop
endfacet
facet normal -0.999999999997742 9.66941200942163e-007 1.8924361369409e-006
  outer loop
    vertex 153.499998284163 44.8000029417769 46.6000162534499
    vertex 153.499998198517 54.3500027660716 46.0722562603876
    vertex 153.499998301588 53.9979211481091 45.8020947191903
  endloop
endfacet
facet normal -0.999999999997742 9.66941200942163e-007 1.8924361369409e-006
  outer loop
    vertex 153.499998284163 44.8000029417769 46.6000162534499
    vertex 153.499998301588 53.9979211481091 45.8020947191903
    vertex 153.499998430621 53.7277593724736 45.4500132811186
  endloop
endfacet
facet normal -0.999999999997742 9.66941200942163e-007 1.8924361369409e-006
  outer loop
    vertex 153.499998284163 44.8000029417769 46.6000162534499
    vertex 153.499998430621 53.7277593724736 45.4500132811186
    vertex 153.499998576826 53.5579285177112 45.0400057143349
  endloop
endfacet
facet normal -0.999999999997742 9.66941200942163e-007 1.8924361369409e-006
  outer loop
    vertex 153.499998284163 44.8000029417769 46.6000162534499
    vertex 153.499998576826 53.5579285177112 45.0400057143349
    vertex 153.499998730238 53.5000022759154 44.6000133569461
  endloop
endfacet
facet normal 1.26185103778185e-006 4.75577150391531e-007 0.999999999999091
  outer loop
    vertex 153.499898402983 42.8018597356987 41.4000046398284
    vertex 155.499941039949 40.9999980852055 41.4000408511095
    vertex 155.499945840247 42.801410743019 41.4000408511095
  endloop
endfacet
facet normal 1.26185103778185e-006 4.75577150391531e-007 0.999999999999091
  outer loop
    vertex 152.499952873032 67.6000008167467 41.4000027741414
    vertex 153.499898402983 42.8018597356987 41.4000046398284
    vertex 153.499923226335 67.600001185202 41.400029525568
  endloop
endfacet
facet normal 1.26185103778185e-006 4.75577150391531e-007 0.999999999999091
  outer loop
    vertex 153.499898402983 42.8018597356987 41.4000046398284
    vertex 152.499952873032 67.6000008167467 41.4000027741414
    vertex 152.5000645261 -9.00016798596353 41.4000653871042
  endloop
endfacet
facet normal 1.26185103778185e-006 4.75577150391531e-007 0.999999999999091
  outer loop
    vertex 157.499941039904 41.0000074478458 41.4000312618118
    vertex 152.5000645261 -9.00016798596353 41.4000653871042
    vertex 157.499946376663 -8.99999255214906 41.4000306764346
  endloop
endfacet
facet normal 1.26185103778185e-006 4.75577150391531e-007 0.999999999999091
  outer loop
    vertex 152.5000645261 -9.00016798596353 41.4000653871042
    vertex 157.499941039904 41.0000074478458 41.4000312618118
    vertex 155.499941039949 40.9999980852055 41.4000408511095
  endloop
endfacet
facet normal 1.26185103778185e-006 4.75577150391531e-007 0.999999999999091
  outer loop
    vertex 152.5000645261 -9.00016798596353 41.4000653871042
    vertex 155.499941039949 40.9999980852055 41.4000408511095
    vertex 153.499898402983 42.8018597356987 41.4000046398284
  endloop
endfacet
facet normal -1.55739198699127e-006 0.999999999998363 9.21101368214293e-007
  outer loop
    vertex 152.500147633362 -1.00002032828774 94.5996772277445
    vertex 155.500277036103 -0.999999898924075 84.5997153920035
    vertex 152.500162270916 -0.999999835268114 84.5996365979845
  endloop
endfacet
facet normal -1.55739198699127e-006 0.999999999998363 9.21101368214293e-007
  outer loop
    vertex 155.500277036103 -0.999999898924075 84.5997153920035
    vertex 159.500249272662 -0.999999983120536 94.5996977204815
    vertex 159.500249272662 -0.999999983120514 84.5996977204815
  endloop
endfacet
facet normal -1.55739198699127e-006 0.999999999998363 9.21101368214293e-007
  outer loop
    vertex 159.500249272662 -0.999999983120536 94.5996977204815
    vertex 155.500277036103 -0.999999898924075 84.5997153920035
    vertex 152.500147633362 -1.00002032828774 94.5996772277445
  endloop
endfacet
facet normal -2.92749134367285e-006 6.1692281114329e-014 0.999999999995715
  outer loop
    vertex 152.500147633362 -1.00002032828774 94.5996772277445
    vertex 159.500249061927 -10.9999999831206 94.5996977204815
    vertex 159.500249272662 -0.999999983120536 94.5996977204815
  endloop
endfacet
facet normal -2.92749134367285e-006 6.1692281114329e-014 0.999999999995715
  outer loop
    vertex 159.500249061927 -10.9999999831206 94.5996977204815
    vertex 152.500147633362 -1.00002032828774 94.5996772277445
    vertex 152.500147422627 -11.0000203282879 94.5996772277445
  endloop
endfacet
facet normal -5.61844083356395e-006 0.793353340287994 0.608761428987017
  outer loop
    vertex 152.500169477673 -7.47226351470929 88.749683921456
    vertex 159.500283145956 -7.20208160805985 88.397640611554
    vertex 152.500170618454 -7.20210185629521 88.3976023934413
  endloop
endfacet
facet normal -5.61844083356395e-006 0.793353340287994 0.608761428987017
  outer loop
    vertex 159.500283145956 -7.20208160805985 88.397640611554
    vertex 152.500169477673 -7.47226351470929 88.749683921456
    vertex 159.500282005175 -7.47224326647411 88.7497221395687
  endloop
endfacet
facet normal -4.76169042018832e-006 0.923879532507474 0.382683432344671
  outer loop
    vertex 152.500167730423 -7.64209423296591 89.1596915447766
    vertex 159.500282005175 -7.47224326647411 88.7497221395687
    vertex 152.500169477673 -7.47226351470929 88.749683921456
  endloop
endfacet
facet normal -4.76169042018832e-006 0.923879532507474 0.382683432344671
  outer loop
    vertex 159.500282005175 -7.47224326647411 88.7497221395687
    vertex 152.500167730423 -7.64209423296591 89.1596915447766
    vertex 159.500280257925 -7.64207398473054 89.1597297628893
  endloop
endfacet
facet normal -3.58043867374243e-006 0.991444861369678 0.130526192202334
  outer loop
    vertex 152.500165495777 -7.70002032827394 89.5996839214433
    vertex 159.500280257925 -7.64207398473054 89.1597297628893
    vertex 152.500167730423 -7.64209423296591 89.1596915447766
  endloop
endfacet
facet normal -3.58043867374243e-006 0.991444861369678 0.130526192202334
  outer loop
    vertex 159.500280257925 -7.64207398473054 89.1597297628893
    vertex 152.500165495777 -7.70002032827394 89.5996839214433
    vertex 159.500278023278 -7.70000008003858 89.5997221395561
  endloop
endfacet
facet normal -2.1551859486356e-006 0.991444861369648 -0.130526192233879
  outer loop
    vertex 152.500162926021 -7.6420942329657 90.0396762981083
    vertex 159.500278023278 -7.70000008003858 89.5997221395561
    vertex 152.500165495777 -7.70002032827394 89.5996839214433
  endloop
endfacet
facet normal -2.1551859486356e-006 0.991444861369648 -0.130526192233879
  outer loop
    vertex 159.500278023278 -7.70000008003858 89.5997221395561
    vertex 152.500162926021 -7.6420942329657 90.0396762981083
    vertex 159.500275453523 -7.64207398473044 90.039714516221
  endloop
endfacet
facet normal -5.83060862742464e-007 0.923879532507379 -0.382683432374081
  outer loop
    vertex 152.50016019628 -7.47226351470933 90.4496839214235
    vertex 159.500275453523 -7.64207398473044 90.039714516221
    vertex 152.500162926021 -7.6420942329657 90.0396762981083
  endloop
endfacet
facet normal -5.83060862742464e-007 0.923879532507379 -0.382683432374081
  outer loop
    vertex 159.500275453523 -7.64207398473044 90.039714516221
    vertex 152.50016019628 -7.47226351470933 90.4496839214235
    vertex 159.500272723782 -7.47224326647397 90.4497221395362
  endloop
endfacet
facet normal 1.02879885739312e-006 0.793353340287831 -0.608761429012287
  outer loop
    vertex 152.500157492583 -7.20210185629513 90.8017654494295
    vertex 159.500272723782 -7.47224326647397 90.4497221395362
    vertex 152.50016019628 -7.47226351470933 90.4496839214235
  endloop
endfacet
facet normal 1.02879885739312e-006 0.793353340287831 -0.608761429012287
  outer loop
    vertex 159.500272723782 -7.47224326647397 90.4497221395362
    vertex 152.500157492583 -7.20210185629513 90.8017654494295
    vertex 159.500270020085 -7.20208160805977 90.8018036675423
  endloop
endfacet
facet normal 2.57054763556756e-006 0.608761429006084 -0.793353340289094
  outer loop
    vertex 152.500157492583 -7.20210185629513 90.8017654494295
    vertex 159.500267526682 -6.85000008004553 91.0719653259479
    vertex 159.500270020085 -7.20208160805977 90.8018036675423
  endloop
endfacet
facet normal 2.57054763556756e-006 0.608761429006084 -0.793353340289094
  outer loop
    vertex 159.500267526682 -6.85000008004553 91.0719653259479
    vertex 152.500157492583 -7.20210185629513 90.8017654494295
    vertex 152.50015499918 -6.85002032828084 91.0719271078352
  endloop
endfacet
facet normal 3.93711784040909e-006 0.382683432363373 -0.923879532503609
  outer loop
    vertex 152.50015499918 -6.85002032828084 91.0719271078352
    vertex 159.500265413496 -6.43999245672323 91.241796044196
    vertex 159.500267526682 -6.85000008004553 91.0719653259479
  endloop
endfacet
facet normal 3.93711784040909e-006 0.382683432363373 -0.923879532503609
  outer loop
    vertex 159.500265413496 -6.43999245672323 91.241796044196
    vertex 152.50015499918 -6.85002032828084 91.0719271078352
    vertex 152.500152885994 -6.44001270495841 91.2417578260833
  endloop
endfacet
facet normal 5.03537997082154e-006 0.130526192219389 -0.991444861361111
  outer loop
    vertex 152.500152885994 -6.44001270495841 91.2417578260833
    vertex 159.500263824536 -6.00000008005263 91.2997221394965
    vertex 159.500265413496 -6.43999245672323 91.241796044196
  endloop
endfacet
facet normal 5.03537997082154e-006 0.130526192219389 -0.991444861361111
  outer loop
    vertex 159.500263824536 -6.00000008005263 91.2997221394965
    vertex 152.500152885994 -6.44001270495841 91.2417578260833
    vertex 152.500151297035 -6.00002032828786 91.2996839213837
  endloop
endfacet
facet normal 5.7904892775813e-006 -0.130526192219592 -0.991444861356961
  outer loop
    vertex 152.500151297035 -6.00002032828786 91.2996839213837
    vertex 159.500262868088 -5.56000770338191 91.241796044182
    vertex 159.500263824536 -6.00000008005263 91.2997221394965
  endloop
endfacet
facet normal 5.7904892775813e-006 -0.130526192219592 -0.991444861356961
  outer loop
    vertex 159.500262868088 -5.56000770338191 91.241796044182
    vertex 152.500151297035 -6.00002032828786 91.2996839213837
    vertex 152.500150340586 -5.56002795161727 91.2417578260693
  endloop
endfacet
facet normal 6.15098630931004e-006 -0.382683432363621 -0.923879532491419
  outer loop
    vertex 152.500150340586 -5.56002795161727 91.2417578260693
    vertex 159.500262609333 -5.1500000800599 91.0719653259209
    vertex 159.500262868088 -5.56000770338191 91.241796044182
  endloop
endfacet
facet normal 6.15098630931004e-006 -0.382683432363621 -0.923879532491419
  outer loop
    vertex 159.500262609333 -5.1500000800599 91.0719653259209
    vertex 152.500150340586 -5.56002795161727 91.2417578260693
    vertex 152.50015008183 -5.15002032829526 91.0719271078081
  endloop
endfacet
facet normal 6.0923037890447e-006 -0.608761429006253 -0.793353340269736
  outer loop
    vertex 159.500262609333 -5.1500000800599 91.0719653259209
    vertex 152.5001505384 -4.79793880028114 90.8017654493913
    vertex 159.500263065902 -4.79791855204553 90.801803667504
  endloop
endfacet
facet normal 6.0923037890447e-006 -0.608761429006253 -0.793353340269736
  outer loop
    vertex 152.5001505384 -4.79793880028114 90.8017654493913
    vertex 159.500262609333 -5.1500000800599 91.0719653259209
    vertex 152.50015008183 -5.15002032829526 91.0719271078081
  endloop
endfacet
facet normal 5.61844083356395e-006 -0.793353340287993 -0.608761428987018
  outer loop
    vertex 159.500264206683 -4.5277568936317 90.4497221394893
    vertex 152.5001505384 -4.79793880028114 90.8017654493913
    vertex 152.500151679181 -4.52777714186702 90.4496839213766
  endloop
endfacet
facet normal 5.61844083356395e-006 -0.793353340287993 -0.608761428987018
  outer loop
    vertex 152.5001505384 -4.79793880028114 90.8017654493913
    vertex 159.500264206683 -4.5277568936317 90.4497221394893
    vertex 159.500263065902 -4.79791855204553 90.801803667504
  endloop
endfacet
facet normal 4.76169042018831e-006 -0.923879532507474 -0.38268343234467
  outer loop
    vertex 159.500265953933 -4.35792617537522 90.0397145161688
    vertex 152.500151679181 -4.52777714186702 90.4496839213766
    vertex 152.500153426431 -4.35794642361045 90.039676298056
  endloop
endfacet
facet normal 4.76169042018831e-006 -0.923879532507474 -0.38268343234467
  outer loop
    vertex 152.500151679181 -4.52777714186702 90.4496839213766
    vertex 159.500265953933 -4.35792617537522 90.0397145161688
    vertex 159.500264206683 -4.5277568936317 90.4497221394893
  endloop
endfacet
facet normal 3.58043867374242e-006 -0.991444861369678 -0.130526192202333
  outer loop
    vertex 159.500268188579 -4.30000008006705 89.599722139502
    vertex 152.500153426431 -4.35794642361045 90.039676298056
    vertex 152.500155661077 -4.30002032830237 89.5996839213892
  endloop
endfacet
facet normal 3.58043867374242e-006 -0.991444861369678 -0.130526192202333
  outer loop
    vertex 152.500153426431 -4.35794642361045 90.039676298056
    vertex 159.500268188579 -4.30000008006705 89.599722139502
    vertex 159.500265953933 -4.35792617537522 90.0397145161688
  endloop
endfacet
facet normal 2.15518594863561e-006 -0.991444861369648 0.130526192233877
  outer loop
    vertex 159.500270758335 -4.35792617537532 89.159729762837
    vertex 152.500155661077 -4.30002032830237 89.5996839213892
    vertex 152.500158230833 -4.35794642361055 89.1596915447243
  endloop
endfacet
facet normal 2.15518594863561e-006 -0.991444861369648 0.130526192233877
  outer loop
    vertex 152.500155661077 -4.30002032830237 89.5996839213892
    vertex 159.500270758335 -4.35792617537532 89.159729762837
    vertex 159.500268188579 -4.30000008006705 89.599722139502
  endloop
endfacet
facet normal 5.83060862742347e-007 -0.923879532507371 0.382683432374099
  outer loop
    vertex 159.500273488076 -4.52775689363166 88.7497221395219
    vertex 152.500158230833 -4.35794642361055 89.1596915447243
    vertex 152.500160960574 -4.52777714186702 88.7496839214092
  endloop
endfacet
facet normal 5.83060862742347e-007 -0.923879532507371 0.382683432374099
  outer loop
    vertex 152.500158230833 -4.35794642361055 89.1596915447243
    vertex 159.500273488076 -4.52775689363166 88.7497221395219
    vertex 159.500270758335 -4.35792617537532 89.159729762837
  endloop
endfacet
facet normal -1.02879885739293e-006 -0.79335334028785 0.608761429012263
  outer loop
    vertex 159.500276191773 -4.79791855204582 88.3976406115158
    vertex 152.500160960574 -4.52777714186702 88.7496839214092
    vertex 152.500163664271 -4.79793880028118 88.3976023934031
  endloop
endfacet
facet normal -1.02879885739293e-006 -0.79335334028785 0.608761429012263
  outer loop
    vertex 152.500160960574 -4.52777714186702 88.7496839214092
    vertex 159.500276191773 -4.79791855204582 88.3976406115158
    vertex 159.500273488076 -4.52775689363166 88.7497221395219
  endloop
endfacet
facet normal -2.57054763556755e-006 -0.608761429006085 0.793353340289094
  outer loop
    vertex 159.500276191773 -4.79791855204582 88.3976406115158
    vertex 152.500166157674 -5.15002032829554 88.1274407349974
    vertex 159.500278685176 -5.15000008006028 88.1274789531102
  endloop
endfacet
facet normal -2.57054763556755e-006 -0.608761429006085 0.793353340289094
  outer loop
    vertex 152.500166157674 -5.15002032829554 88.1274407349974
    vertex 159.500276191773 -4.79791855204582 88.3976406115158
    vertex 152.500163664271 -4.79793880028118 88.3976023934031
  endloop
endfacet
facet normal -3.93711784040909e-006 -0.382683432363373 0.923879532503609
  outer loop
    vertex 159.500278685176 -5.15000008006028 88.1274789531102
    vertex 152.50016827086 -5.56002795161789 87.9576100167493
    vertex 159.500280798362 -5.56000770338253 87.9576482348621
  endloop
endfacet
facet normal -3.93711784040909e-006 -0.382683432363373 0.923879532503609
  outer loop
    vertex 152.50016827086 -5.56002795161789 87.9576100167493
    vertex 159.500278685176 -5.15000008006028 88.1274789531102
    vertex 152.500166157674 -5.15002032829554 88.1274407349974
  endloop
endfacet
facet normal -5.03537997082154e-006 -0.130526192219389 0.991444861361111
  outer loop
    vertex 159.500280798362 -5.56000770338253 87.9576482348621
    vertex 152.50016985982 -6.00002032828849 87.8996839214489
    vertex 159.500282387321 -6.00000008005313 87.8997221395616
  endloop
endfacet
facet normal -5.03537997082154e-006 -0.130526192219389 0.991444861361111
  outer loop
    vertex 152.50016985982 -6.00002032828849 87.8996839214489
    vertex 159.500280798362 -5.56000770338253 87.9576482348621
    vertex 152.50016827086 -5.56002795161789 87.9576100167493
  endloop
endfacet
facet normal -5.7904892775813e-006 0.130526192219592 0.991444861356961
  outer loop
    vertex 159.500282387321 -6.00000008005313 87.8997221395616
    vertex 152.500170816267 -6.44001270495903 87.9576100167633
    vertex 159.500283343769 -6.43999245672347 87.957648234876
  endloop
endfacet
facet normal -5.7904892775813e-006 0.130526192219592 0.991444861356961
  outer loop
    vertex 152.500170816267 -6.44001270495903 87.9576100167633
    vertex 159.500282387321 -6.00000008005313 87.8997221395616
    vertex 152.50016985982 -6.00002032828849 87.8996839214489
  endloop
endfacet
facet normal -6.15098630931004e-006 0.382683432363622 0.923879532491419
  outer loop
    vertex 159.500283343769 -6.43999245672347 87.957648234876
    vertex 152.500171075023 -6.85002032828104 88.1274407350245
    vertex 159.500283602526 -6.85000008004586 88.1274789531372
  endloop
endfacet
facet normal -6.15098630931004e-006 0.382683432363622 0.923879532491419
  outer loop
    vertex 152.500171075023 -6.85002032828104 88.1274407350245
    vertex 159.500283343769 -6.43999245672347 87.957648234876
    vertex 152.500170816267 -6.44001270495903 87.9576100167633
  endloop
endfacet
facet normal -6.0923037890447e-006 0.608761429006253 0.793353340269737
  outer loop
    vertex 152.500171075023 -6.85002032828104 88.1274407350245
    vertex 159.500283145956 -7.20208160805985 88.397640611554
    vertex 159.500283602526 -6.85000008004586 88.1274789531372
  endloop
endfacet
facet normal -6.0923037890447e-006 0.608761429006253 0.793353340269737
  outer loop
    vertex 159.500283145956 -7.20208160805985 88.397640611554
    vertex 152.500171075023 -6.85002032828104 88.1274407350245
    vertex 152.500170618454 -7.20210185629521 88.3976023934413
  endloop
endfacet
facet normal 3.04153665583804e-005 0.999999999361409 -1.87640101425757e-005
  outer loop
    vertex 157.500463496487 -9.60004931043099 64.300006871023
    vertex 155.50028475179 -9.6000492688947 66.9500034768052
    vertex 157.500405091607 -9.60004931104335 68.9500034768051
  endloop
endfacet
facet normal 3.04153665583804e-005 0.999999999361409 -1.87640101425757e-005
  outer loop
    vertex 155.50028475179 -9.6000492688947 66.9500034768052
    vertex 157.500463496487 -9.60004931043099 64.300006871023
    vertex 150.500248947912 -9.60015180918634 64.3000745985885
  endloop
endfacet
facet normal 3.04153665583804e-005 0.999999999361409 -1.87640101425757e-005
  outer loop
    vertex 155.50028475179 -9.6000492688947 66.9500034768052
    vertex 150.500248947912 -9.60015180918634 64.3000745985885
    vertex 152.500514349229 -9.60004992178642 66.9500013376157
  endloop
endfacet
facet normal 3.04153665583804e-005 0.999999999361409 -1.87640101425757e-005
  outer loop
    vertex 157.500405091607 -9.60004931104335 68.9500034768051
    vertex 155.50028475179 -9.6000492688947 66.9500034768052
    vertex 155.50028475179 -9.6000492688947 68.9500034768051
  endloop
endfacet
facet normal 3.04153665583804e-005 0.999999999361409 -1.87640101425757e-005
  outer loop
    vertex 150.500288494996 -9.59944575076528 82.5995841816995
    vertex 152.500514349229 -9.60004992178642 66.9500013376157
    vertex 150.500248947912 -9.60015180918634 64.3000745985885
  endloop
endfacet
facet normal 3.04153665583804e-005 0.999999999361409 -1.87640101425757e-005
  outer loop
    vertex 152.500514349229 -9.60004992178642 66.9500013376157
    vertex 150.500288494996 -9.59944575076528 82.5995841816995
    vertex 152.500363925298 -9.60004164402738 77.9500051306737
  endloop
endfacet
facet normal 3.04153665583804e-005 0.999999999361409 -1.87640101425757e-005
  outer loop
    vertex 152.500363925298 -9.60004164402738 77.9500051306737
    vertex 150.500288494996 -9.59944575076528 82.5995841816995
    vertex 157.500463496486 -9.60004931043063 77.950006871023
  endloop
endfacet
facet normal 3.04153665583804e-005 0.999999999361409 -1.87640101425757e-005
  outer loop
    vertex 157.500463496486 -9.60004931043063 77.950006871023
    vertex 150.500288494996 -9.59944575076528 82.5995841816995
    vertex 153.500025691557 -9.599675838927 82.5995771798165
  endloop
endfacet
facet normal 3.04153665583804e-005 0.999999999361409 -1.87640101425757e-005
  outer loop
    vertex 153.500025691557 -9.599675838927 82.5995771798165
    vertex 157.500463496486 -9.60004931043054 82.600006871023
    vertex 157.500463496486 -9.60004931043063 77.950006871023
  endloop
endfacet
facet normal 3.04153665583804e-005 0.999999999361409 -1.87640101425757e-005
  outer loop
    vertex 157.500463496486 -9.60004931043054 82.600006871023
    vertex 153.500025691557 -9.599675838927 82.5995771798165
    vertex 155.500463512818 -9.59979460343196 82.5999856319496
  endloop
endfacet
facet normal -0.707115279583612 8.75315546736277e-005 0.707098277269587
  outer loop
    vertex 152.500173523503 -10.9995389839085 84.5996906150881
    vertex 150.500288494996 -9.59944575076528 82.5995841816995
    vertex 150.500169209248 -10.9994457446416 82.5996381988031
  endloop
endfacet
facet normal -1.27852403990213e-005 -0.999999999913925 2.94765682635942e-006
  outer loop
    vertex 159.499996435 -11.0000001475182 -1.40434330830885e-012
    vertex 152.500000000001 -11.000001802597 30.4000000000011
    vertex 152.499997876659 -10.9999998175475 -2.28476848418424e-007
  endloop
endfacet
facet normal -1.27852403990213e-005 -0.999999999913925 2.94765682635942e-006
  outer loop
    vertex 152.500000000001 -11.000001802597 30.4000000000011
    vertex 159.499996435 -11.0000001475182 -1.40434330830885e-012
    vertex 157.500374114491 -10.9999541734638 68.9500034771895
  endloop
endfacet
facet normal -1.27852403990213e-005 -0.999999999913925 2.94765682635942e-006
  outer loop
    vertex 157.500374114491 -10.9999541734638 68.9500034771895
    vertex 159.499996435 -11.0000001475182 -1.40434330830885e-012
    vertex 159.500249061927 -10.9999999831206 94.5996977204815
  endloop
endfacet
facet normal -1.27852403990213e-005 -0.999999999913925 2.94765682635942e-006
  outer loop
    vertex 152.500000000001 -11.000001802597 30.4000000000011
    vertex 157.500374114491 -10.9999541734638 68.9500034771895
    vertex 150.50006431038 -11.0002722740462 32.4000904772188
  endloop
endfacet
facet normal -1.27852403990213e-005 -0.999999999913925 2.94765682635942e-006
  outer loop
    vertex 150.50006431038 -11.0002722740462 32.4000904772188
    vertex 157.500374114491 -10.9999541734638 68.9500034771895
    vertex 155.500433040812 -10.9999541331619 66.9500023399954
  endloop
endfacet
facet normal -1.27852403990213e-005 -0.999999999913925 2.94765682635942e-006
  outer loop
    vertex 155.500433040812 -10.9999541331619 66.9500023399954
    vertex 157.500374114491 -10.9999541734638 68.9500034771895
    vertex 155.500433040812 -10.9999541331619 68.9500023399954
  endloop
endfacet
facet normal -1.27852403990213e-005 -0.999999999913925 2.94765682635942e-006
  outer loop
    vertex 157.500374114491 -10.9999541734638 68.9500034771895
    vertex 159.500249061927 -10.9999999831206 94.5996977204815
    vertex 157.500331000895 -10.9999541734446 77.9500057226824
  endloop
endfacet
facet normal -1.27852403990213e-005 -0.999999999913925 2.94765682635942e-006
  outer loop
    vertex 157.500331000895 -10.9999541734446 77.9500057226824
    vertex 159.500249061927 -10.9999999831206 94.5996977204815
    vertex 152.500173523503 -10.9995389839085 84.5996906150881
  endloop
endfacet
facet normal -1.27852403990213e-005 -0.999999999913925 2.94765682635942e-006
  outer loop
    vertex 157.500331000895 -10.9999541734446 77.9500057226824
    vertex 152.500173523503 -10.9995389839085 84.5996906150881
    vertex 150.500169209248 -10.9994457446416 82.5996381988031
  endloop
endfacet
facet normal -1.27852403990213e-005 -0.999999999913925 2.94765682635942e-006
  outer loop
    vertex 152.500173523503 -10.9995389839085 84.5996906150881
    vertex 159.500249061927 -10.9999999831206 94.5996977204815
    vertex 152.500147422627 -11.0000203282879 94.5996772277445
  endloop
endfacet
facet normal -1.27852403990213e-005 -0.999999999913925 2.94765682635942e-006
  outer loop
    vertex 150.50006431038 -11.0002722740462 32.4000904772188
    vertex 152.500513651457 -10.9999540699433 66.9500023399954
    vertex 150.500169209248 -10.9994457446416 82.5996381988031
  endloop
endfacet
facet normal -1.27852403990213e-005 -0.999999999913925 2.94765682635942e-006
  outer loop
    vertex 152.500513651457 -10.9999540699433 66.9500023399954
    vertex 150.50006431038 -11.0002722740462 32.4000904772188
    vertex 155.500433040812 -10.9999541331619 66.9500023399954
  endloop
endfacet
facet normal -1.27852403990213e-005 -0.999999999913925 2.94765682635942e-006
  outer loop
    vertex 150.500169209248 -10.9994457446416 82.5996381988031
    vertex 152.500513651457 -10.9999540699433 66.9500023399954
    vertex 152.500538572571 -10.9993040909751 77.9499502597956
  endloop
endfacet
facet normal -1.27852403990213e-005 -0.999999999913925 2.94765682635942e-006
  outer loop
    vertex 150.500169209248 -10.9994457446416 82.5996381988031
    vertex 152.500538572571 -10.9993040909751 77.9499502597956
    vertex 157.500331000895 -10.9999541734446 77.9500057226824
  endloop
endfacet
facet normal 4.36663971996774e-005 1.22717618233697e-005 -0.999999998971325
  outer loop
    vertex 152.500171273263 -8.9998778059018 84.5995614640035
    vertex 155.500277036103 -0.999999898924075 84.5997153920035
    vertex 155.500392796843 -9.00006064538561 84.5997070596735
  endloop
endfacet
facet normal 4.36663971996774e-005 1.22717618233697e-005 -0.999999998971325
  outer loop
    vertex 155.500277036103 -0.999999898924075 84.5997153920035
    vertex 152.500171273263 -8.9998778059018 84.5995614640035
    vertex 152.500162270916 -0.999999835268114 84.5996365979845
  endloop
endfacet
facet normal 6.41778633498373e-005 0.819258461064403 0.573424423839435
  outer loop
    vertex 152.500173523503 -10.9995389839085 84.5996906150881
    vertex 153.500025691557 -9.599675838927 82.5995771798165
    vertex 150.500288494996 -9.59944575076528 82.5995841816995
  endloop
endfacet
facet normal 4.64435785808816e-005 0.999999998332445 -3.43235127177398e-005
  outer loop
    vertex 152.500171273263 -8.9998778059018 84.5995614640035
    vertex 155.500473298583 -9.00006064494376 83.1999774645189
    vertex 153.19995813909 -8.99999872039076 83.1997668999295
  endloop
endfacet
facet normal 4.64435785808816e-005 0.999999998332445 -3.43235127177398e-005
  outer loop
    vertex 155.500473298583 -9.00006064494376 83.1999774645189
    vertex 152.500171273263 -8.9998778059018 84.5995614640035
    vertex 155.500392796843 -9.00006064538561 84.5997070596735
  endloop
endfacet
facet normal 0.000127909179969417 0.707349788447443 -0.706863678811268
  outer loop
    vertex 153.19995813909 -8.99999872039076 83.1997668999295
    vertex 155.500463512818 -9.59979460343196 82.5999856319496
    vertex 153.500025691557 -9.599675838927 82.5995771798165
  endloop
endfacet
facet normal 0.000127909179969417 0.707349788447443 -0.706863678811268
  outer loop
    vertex 155.500463512818 -9.59979460343196 82.5999856319496
    vertex 153.19995813909 -8.99999872039076 83.1997668999295
    vertex 155.500473298583 -9.00006064494376 83.1999774645189
  endloop
endfacet
facet normal -0.894455411815168 -2.98868481714563e-005 -0.447157148418018
  outer loop
    vertex 153.19995813909 -8.99999872039076 83.1997668999295
    vertex 152.500173523503 -10.9995389839085 84.5996906150881
    vertex 152.500171273263 -8.9998778059018 84.5995614640035
  endloop
endfacet
facet normal -0.894455411815168 -2.98868481714563e-005 -0.447157148418018
  outer loop
    vertex 152.500173523503 -10.9995389839085 84.5996906150881
    vertex 153.19995813909 -8.99999872039076 83.1997668999295
    vertex 153.500025691557 -9.599675838927 82.5995771798165
  endloop
endfacet
facet normal -0.999999999966417 -3.71357289765733e-006 -7.30584512563193e-006
  outer loop
    vertex 152.500162270916 -0.999999835268114 84.5996365979845
    vertex 152.500160960574 -4.52777714186702 88.7496839214092
    vertex 152.500147633362 -1.00002032828774 94.5996772277445
  endloop
endfacet
facet normal -0.999999999966417 -3.71357289765733e-006 -7.30584512563193e-006
  outer loop
    vertex 152.500160960574 -4.52777714186702 88.7496839214092
    vertex 152.500162270916 -0.999999835268114 84.5996365979845
    vertex 152.500163664271 -4.79793880028118 88.3976023934031
  endloop
endfacet
facet normal -0.999999999966417 -3.71357289765733e-006 -7.30584512563193e-006
  outer loop
    vertex 152.500163664271 -4.79793880028118 88.3976023934031
    vertex 152.500162270916 -0.999999835268114 84.5996365979845
    vertex 152.500171273263 -8.9998778059018 84.5995614640035
  endloop
endfacet
facet normal -0.999999999966417 -3.71357289765733e-006 -7.30584512563193e-006
  outer loop
    vertex 152.500147633362 -1.00002032828774 94.5996772277445
    vertex 152.500160960574 -4.52777714186702 88.7496839214092
    vertex 152.500158230833 -4.35794642361055 89.1596915447243
  endloop
endfacet
facet normal -0.999999999966417 -3.71357289765733e-006 -7.30584512563193e-006
  outer loop
    vertex 152.500147633362 -1.00002032828774 94.5996772277445
    vertex 152.500158230833 -4.35794642361055 89.1596915447243
    vertex 152.500155661077 -4.30002032830237 89.5996839213892
  endloop
endfacet
facet normal -0.999999999966417 -3.71357289765733e-006 -7.30584512563193e-006
  outer loop
    vertex 152.500163664271 -4.79793880028118 88.3976023934031
    vertex 152.500171273263 -8.9998778059018 84.5995614640035
    vertex 152.500166157674 -5.15002032829554 88.1274407349974
  endloop
endfacet
facet normal -0.999999999966417 -3.71357289765733e-006 -7.30584512563193e-006
  outer loop
    vertex 152.500166157674 -5.15002032829554 88.1274407349974
    vertex 152.500171273263 -8.9998778059018 84.5995614640035
    vertex 152.50016827086 -5.56002795161789 87.9576100167493
  endloop
endfacet
facet normal -0.999999999966417 -3.71357289765733e-006 -7.30584512563193e-006
  outer loop
    vertex 152.50016827086 -5.56002795161789 87.9576100167493
    vertex 152.500171273263 -8.9998778059018 84.5995614640035
    vertex 152.50016985982 -6.00002032828849 87.8996839214489
  endloop
endfacet
facet normal -0.999999999966417 -3.71357289765733e-006 -7.30584512563193e-006
  outer loop
    vertex 152.50016985982 -6.00002032828849 87.8996839214489
    vertex 152.500171273263 -8.9998778059018 84.5995614640035
    vertex 152.500170816267 -6.44001270495903 87.9576100167633
  endloop
endfacet
facet normal -0.999999999966417 -3.71357289765733e-006 -7.30584512563193e-006
  outer loop
    vertex 152.500170816267 -6.44001270495903 87.9576100167633
    vertex 152.500171273263 -8.9998778059018 84.5995614640035
    vertex 152.500171075023 -6.85002032828104 88.1274407350245
  endloop
endfacet
facet normal -0.999999999966417 -3.71357289765733e-006 -7.30584512563193e-006
  outer loop
    vertex 152.500171075023 -6.85002032828104 88.1274407350245
    vertex 152.500171273263 -8.9998778059018 84.5995614640035
    vertex 152.500170618454 -7.20210185629521 88.3976023934413
  endloop
endfacet
facet normal -0.999999999966417 -3.71357289765733e-006 -7.30584512563193e-006
  outer loop
    vertex 152.500170618454 -7.20210185629521 88.3976023934413
    vertex 152.500171273263 -8.9998778059018 84.5995614640035
    vertex 152.500169477673 -7.47226351470929 88.749683921456
  endloop
endfacet
facet normal -0.999999999966417 -3.71357289765733e-006 -7.30584512563193e-006
  outer loop
    vertex 152.500169477673 -7.47226351470929 88.749683921456
    vertex 152.500171273263 -8.9998778059018 84.5995614640035
    vertex 152.500167730423 -7.64209423296591 89.1596915447766
  endloop
endfacet
facet normal -0.999999999966417 -3.71357289765733e-006 -7.30584512563193e-006
  outer loop
    vertex 152.500167730423 -7.64209423296591 89.1596915447766
    vertex 152.500171273263 -8.9998778059018 84.5995614640035
    vertex 152.500165495777 -7.70002032827394 89.5996839214433
  endloop
endfacet
facet normal -0.999999999966417 -3.71357289765733e-006 -7.30584512563193e-006
  outer loop
    vertex 152.500147633362 -1.00002032828774 94.5996772277445
    vertex 152.50015008183 -5.15002032829526 91.0719271078081
    vertex 152.500147422627 -11.0000203282879 94.5996772277445
  endloop
endfacet
facet normal -0.999999999966417 -3.71357289765733e-006 -7.30584512563193e-006
  outer loop
    vertex 152.50015008183 -5.15002032829526 91.0719271078081
    vertex 152.500147633362 -1.00002032828774 94.5996772277445
    vertex 152.5001505384 -4.79793880028114 90.8017654493913
  endloop
endfacet
facet normal -0.999999999966417 -3.71357289765733e-006 -7.30584512563193e-006
  outer loop
    vertex 152.5001505384 -4.79793880028114 90.8017654493913
    vertex 152.500147633362 -1.00002032828774 94.5996772277445
    vertex 152.500151679181 -4.52777714186702 90.4496839213766
  endloop
endfacet
facet normal -0.999999999966417 -3.71357289765733e-006 -7.30584512563193e-006
  outer loop
    vertex 152.500151679181 -4.52777714186702 90.4496839213766
    vertex 152.500147633362 -1.00002032828774 94.5996772277445
    vertex 152.500153426431 -4.35794642361045 90.039676298056
  endloop
endfacet
facet normal -0.999999999966417 -3.71357289765733e-006 -7.30584512563193e-006
  outer loop
    vertex 152.500153426431 -4.35794642361045 90.039676298056
    vertex 152.500147633362 -1.00002032828774 94.5996772277445
    vertex 152.500155661077 -4.30002032830237 89.5996839213892
  endloop
endfacet
facet normal -0.999999999966417 -3.71357289765733e-006 -7.30584512563193e-006
  outer loop
    vertex 152.500147422627 -11.0000203282879 94.5996772277445
    vertex 152.50015008183 -5.15002032829526 91.0719271078081
    vertex 152.500150340586 -5.56002795161727 91.2417578260693
  endloop
endfacet
facet normal -0.999999999966417 -3.71357289765733e-006 -7.30584512563193e-006
  outer loop
    vertex 152.500147422627 -11.0000203282879 94.5996772277445
    vertex 152.500150340586 -5.56002795161727 91.2417578260693
    vertex 152.500151297035 -6.00002032828786 91.2996839213837
  endloop
endfacet
facet normal -0.999999999966417 -3.71357289765733e-006 -7.30584512563193e-006
  outer loop
    vertex 152.500147422627 -11.0000203282879 94.5996772277445
    vertex 152.500151297035 -6.00002032828786 91.2996839213837
    vertex 152.500152885994 -6.44001270495841 91.2417578260833
  endloop
endfacet
facet normal -0.999999999966417 -3.71357289765733e-006 -7.30584512563193e-006
  outer loop
    vertex 152.500147422627 -11.0000203282879 94.5996772277445
    vertex 152.500152885994 -6.44001270495841 91.2417578260833
    vertex 152.50015499918 -6.85002032828084 91.0719271078352
  endloop
endfacet
facet normal -0.999999999966417 -3.71357289765733e-006 -7.30584512563193e-006
  outer loop
    vertex 152.500147422627 -11.0000203282879 94.5996772277445
    vertex 152.50015499918 -6.85002032828084 91.0719271078352
    vertex 152.500157492583 -7.20210185629513 90.8017654494295
  endloop
endfacet
facet normal -0.999999999966417 -3.71357289765733e-006 -7.30584512563193e-006
  outer loop
    vertex 152.500147422627 -11.0000203282879 94.5996772277445
    vertex 152.500157492583 -7.20210185629513 90.8017654494295
    vertex 152.50016019628 -7.47226351470933 90.4496839214235
  endloop
endfacet
facet normal -0.999999999966417 -3.71357289765733e-006 -7.30584512563193e-006
  outer loop
    vertex 152.500147422627 -11.0000203282879 94.5996772277445
    vertex 152.50016019628 -7.47226351470933 90.4496839214235
    vertex 152.500162926021 -7.6420942329657 90.0396762981083
  endloop
endfacet
facet normal -0.999999999966417 -3.71357289765733e-006 -7.30584512563193e-006
  outer loop
    vertex 152.500147422627 -11.0000203282879 94.5996772277445
    vertex 152.500162926021 -7.6420942329657 90.0396762981083
    vertex 152.500165495777 -7.70002032827394 89.5996839214433
  endloop
endfacet
facet normal -0.999999999966417 -3.71357289765733e-006 -7.30584512563193e-006
  outer loop
    vertex 152.500147422627 -11.0000203282879 94.5996772277445
    vertex 152.500165495777 -7.70002032827394 89.5996839214433
    vertex 152.500171273263 -8.9998778059018 84.5995614640035
  endloop
endfacet
facet normal -0.999999999966417 -3.71357289765733e-006 -7.30584512563193e-006
  outer loop
    vertex 152.500147422627 -11.0000203282879 94.5996772277445
    vertex 152.500171273263 -8.9998778059018 84.5995614640035
    vertex 152.500173523503 -10.9995389839085 84.5996906150881
  endloop
endfacet
facet normal -0.999999999999974 -1.74961503619338e-007 1.48687504749174e-007
  outer loop
    vertex 157.49995438293 23.0999986267534 59.0000117208604
    vertex 157.499954760144 40.9999986267521 82.6000117208604
    vertex 157.499954760144 40.9999986267521 59.0000117208604
  endloop
endfacet
facet normal -0.999999999999974 -1.74961503619338e-007 1.48687504749174e-007
  outer loop
    vertex 157.499954760144 40.9999986267521 82.6000117208604
    vertex 157.49995438293 23.0999986267534 59.0000117208604
    vertex 157.49996140098 23.0999986267533 82.6000117208604
  endloop
endfacet
facet normal -1.74961503619331e-007 0.999999999999985 5.82958869293275e-014
  outer loop
    vertex 155.499950773916 23.0999982768298 59.0000120182359
    vertex 157.49996140098 23.0999986267533 82.6000117208604
    vertex 157.49995438293 23.0999986267534 59.0000117208604
  endloop
endfacet
facet normal -1.74961503619331e-007 0.999999999999985 5.82958869293275e-014
  outer loop
    vertex 157.49996140098 23.0999986267533 82.6000117208604
    vertex 155.499950773916 23.0999982768298 59.0000120182359
    vertex 155.499957791966 23.0999982768297 82.6000120182359
  endloop
endfacet
facet normal -1.48687504749167e-007 -5.51625328649854e-014 -0.999999999999989
  outer loop
    vertex 155.499957791966 23.0999982768297 82.6000120182359
    vertex 157.499954760144 40.9999986267521 82.6000117208604
    vertex 157.49996140098 23.0999986267533 82.6000117208604
  endloop
endfacet
facet normal -1.48687504749167e-007 -5.51625328649854e-014 -0.999999999999989
  outer loop
    vertex 157.499954760144 40.9999986267521 82.6000117208604
    vertex 155.499957791966 23.0999982768297 82.6000120182359
    vertex 155.49995115113 40.9999982768285 82.6000120182359
  endloop
endfacet
facet normal 1.7496150361934e-007 -0.999999999999985 0.0
  outer loop
    vertex 157.499954760144 40.9999986267521 82.6000117208604
    vertex 155.49995115113 40.9999982768285 59.0000120182359
    vertex 157.499954760144 40.9999986267521 59.0000117208604
  endloop
endfacet
facet normal 1.7496150361934e-007 -0.999999999999985 0.0
  outer loop
    vertex 155.49995115113 40.9999982768285 59.0000120182359
    vertex 157.499954760144 40.9999986267521 82.6000117208604
    vertex 155.49995115113 40.9999982768285 82.6000120182359
  endloop
endfacet
facet normal 1.48687504749177e-007 -3.133354064341e-015 0.999999999999989
  outer loop
    vertex 155.49995115113 40.9999982768285 59.0000120182359
    vertex 157.49995438293 23.0999986267534 59.0000117208604
    vertex 157.499954760144 40.9999986267521 59.0000117208604
  endloop
endfacet
facet normal 1.48687504749177e-007 -3.133354064341e-015 0.999999999999989
  outer loop
    vertex 157.49995438293 23.0999986267534 59.0000117208604
    vertex 155.49995115113 40.9999982768285 59.0000120182359
    vertex 155.499950773916 23.0999982768298 59.0000120182359
  endloop
endfacet
facet normal 0.999999999995733 2.13249921903445e-006 -1.99677762853563e-006
  outer loop
    vertex 159.500000000008 67.5999999578535 39.400004570964
    vertex 159.499999978935 66.5999999578535 36.3999999999984
    vertex 159.500000000004 67.5999999578535 -1.26898491714655e-012
  endloop
endfacet
facet normal 0.999999999995733 2.13249921903445e-006 -1.99677762853563e-006
  outer loop
    vertex 159.499999978935 66.5999999578535 36.3999999999984
    vertex 159.500000000008 67.5999999578535 39.400004570964
    vertex 159.499923021115 42.8018584251055 39.4000304378919
  endloop
endfacet
facet normal 0.999999999995733 2.13249921903445e-006 -1.99677762853563e-006
  outer loop
    vertex 159.499999978935 66.5999999578535 36.3999999999984
    vertex 159.499923021115 42.8018584251055 39.4000304378919
    vertex 159.499998596518 0.999999957853027 36.3999999999984
  endloop
endfacet
facet normal 0.999999999995733 2.13249921903445e-006 -1.99677762853563e-006
  outer loop
    vertex 159.499998596518 0.999999957853027 36.3999999999984
    vertex 159.499923021115 42.8018584251055 39.4000304378919
    vertex 159.500009462017 42.7997317617631 84.5999998824674
  endloop
endfacet
facet normal 0.999999999995733 2.13249921903445e-006 -1.99677762853563e-006
  outer loop
    vertex 159.499998596518 0.999999957853027 36.3999999999984
    vertex 159.500009462017 42.7997317617631 84.5999998824674
    vertex 159.500249272662 -0.999999983120514 84.5996977204815
  endloop
endfacet
facet normal 0.999999999995733 2.13249921903445e-006 -1.99677762853563e-006
  outer loop
    vertex 159.499998596518 0.999999957853027 36.3999999999984
    vertex 159.500249272662 -0.999999983120514 84.5996977204815
    vertex 159.499998596515 0.999999957853027 0.999999999998131
  endloop
endfacet
facet normal 0.999999999995733 2.13249921903445e-006 -1.99677762853563e-006
  outer loop
    vertex 159.500249272662 -0.999999983120536 94.5996977204815
    vertex 159.500265953933 -4.35792617537522 90.0397145161688
    vertex 159.500268188579 -4.30000008006705 89.599722139502
  endloop
endfacet
facet normal 0.999999999995733 2.13249921903445e-006 -1.99677762853563e-006
  outer loop
    vertex 159.500265953933 -4.35792617537522 90.0397145161688
    vertex 159.500249272662 -0.999999983120536 94.5996977204815
    vertex 159.500264206683 -4.5277568936317 90.4497221394893
  endloop
endfacet
facet normal 0.999999999995733 2.13249921903445e-006 -1.99677762853563e-006
  outer loop
    vertex 159.500264206683 -4.5277568936317 90.4497221394893
    vertex 159.500249272662 -0.999999983120536 94.5996977204815
    vertex 159.500263065902 -4.79791855204553 90.801803667504
  endloop
endfacet
facet normal 0.999999999995733 2.13249921903445e-006 -1.99677762853563e-006
  outer loop
    vertex 159.500263065902 -4.79791855204553 90.801803667504
    vertex 159.500249272662 -0.999999983120536 94.5996977204815
    vertex 159.500262609333 -5.1500000800599 91.0719653259209
  endloop
endfacet
facet normal 0.999999999995733 2.13249921903445e-006 -1.99677762853563e-006
  outer loop
    vertex 159.500262609333 -5.1500000800599 91.0719653259209
    vertex 159.500249272662 -0.999999983120536 94.5996977204815
    vertex 159.500249061927 -10.9999999831206 94.5996977204815
  endloop
endfacet
facet normal 0.999999999995733 2.13249921903445e-006 -1.99677762853563e-006
  outer loop
    vertex 159.500262609333 -5.1500000800599 91.0719653259209
    vertex 159.500249061927 -10.9999999831206 94.5996977204815
    vertex 159.500262868088 -5.56000770338191 91.241796044182
  endloop
endfacet
facet normal 0.999999999995733 2.13249921903445e-006 -1.99677762853563e-006
  outer loop
    vertex 159.500262868088 -5.56000770338191 91.241796044182
    vertex 159.500249061927 -10.9999999831206 94.5996977204815
    vertex 159.500263824536 -6.00000008005263 91.2997221394965
  endloop
endfacet
facet normal 0.999999999995733 2.13249921903445e-006 -1.99677762853563e-006
  outer loop
    vertex 159.500263824536 -6.00000008005263 91.2997221394965
    vertex 159.500249061927 -10.9999999831206 94.5996977204815
    vertex 159.500265413496 -6.43999245672323 91.241796044196
  endloop
endfacet
facet normal 0.999999999995733 2.13249921903445e-006 -1.99677762853563e-006
  outer loop
    vertex 159.500265413496 -6.43999245672323 91.241796044196
    vertex 159.500249061927 -10.9999999831206 94.5996977204815
    vertex 159.500267526682 -6.85000008004553 91.0719653259479
  endloop
endfacet
facet normal 0.999999999995733 2.13249921903445e-006 -1.99677762853563e-006
  outer loop
    vertex 159.500267526682 -6.85000008004553 91.0719653259479
    vertex 159.500249061927 -10.9999999831206 94.5996977204815
    vertex 159.500270020085 -7.20208160805977 90.8018036675423
  endloop
endfacet
facet normal 0.999999999995733 2.13249921903445e-006 -1.99677762853563e-006
  outer loop
    vertex 159.500270020085 -7.20208160805977 90.8018036675423
    vertex 159.500249061927 -10.9999999831206 94.5996977204815
    vertex 159.500272723782 -7.47224326647397 90.4497221395362
  endloop
endfacet
facet normal 0.999999999995733 2.13249921903445e-006 -1.99677762853563e-006
  outer loop
    vertex 159.500272723782 -7.47224326647397 90.4497221395362
    vertex 159.500249061927 -10.9999999831206 94.5996977204815
    vertex 159.500275453523 -7.64207398473044 90.039714516221
  endloop
endfacet
facet normal 0.999999999995733 2.13249921903445e-006 -1.99677762853563e-006
  outer loop
    vertex 159.500275453523 -7.64207398473044 90.039714516221
    vertex 159.500249061927 -10.9999999831206 94.5996977204815
    vertex 159.500278023278 -7.70000008003858 89.5997221395561
  endloop
endfacet
facet normal 0.999999999995733 2.13249921903445e-006 -1.99677762853563e-006
  outer loop
    vertex 159.500278023278 -7.70000008003858 89.5997221395561
    vertex 159.500249061927 -10.9999999831206 94.5996977204815
    vertex 159.499998413179 -7.7000000948305 27.3999999999986
  endloop
endfacet
facet normal 0.999999999995733 2.13249921903445e-006 -1.99677762853563e-006
  outer loop
    vertex 159.499998413179 -7.7000000948305 27.3999999999986
    vertex 159.500249061927 -10.9999999831206 94.5996977204815
    vertex 159.499998413177 -7.70000009483054 9.99999999999867
  endloop
endfacet
facet normal 0.999999999995733 2.13249921903445e-006 -1.99677762853563e-006
  outer loop
    vertex 159.500000000004 67.5999999578535 -1.26898491714655e-012
    vertex 159.499999978933 66.5999999578535 0.999999999998131
    vertex 159.499996435 -11.0000001475182 -1.40434330830885e-012
  endloop
endfacet
facet normal 0.999999999995733 2.13249921903445e-006 -1.99677762853563e-006
  outer loop
    vertex 159.499999978933 66.5999999578535 0.999999999998131
    vertex 159.500000000004 67.5999999578535 -1.26898491714655e-012
    vertex 159.499999978935 66.5999999578535 36.3999999999984
  endloop
endfacet
facet normal 0.999999999995733 2.13249921903445e-006 -1.99677762853563e-006
  outer loop
    vertex 159.499996435 -11.0000001475182 -1.40434330830885e-012
    vertex 159.499999978933 66.5999999578535 0.999999999998131
    vertex 159.499998596515 0.999999957853027 0.999999999998131
  endloop
endfacet
facet normal 0.999999999995733 2.13249921903445e-006 -1.99677762853563e-006
  outer loop
    vertex 159.499996435 -11.0000001475182 -1.40434330830885e-012
    vertex 159.499998596515 0.999999957853027 0.999999999998131
    vertex 159.499998480027 -4.52775690839703 9.14999999999867
  endloop
endfacet
facet normal 0.999999999995733 2.13249921903445e-006 -1.99677762853563e-006
  outer loop
    vertex 159.499998480027 -4.52775690839703 9.14999999999867
    vertex 159.499998596515 0.999999957853027 0.999999999998131
    vertex 159.499998483606 -4.35792619013912 9.56000762332438
  endloop
endfacet
facet normal 0.999999999995733 2.13249921903445e-006 -1.99677762853563e-006
  outer loop
    vertex 159.499998483606 -4.35792619013912 9.56000762332438
    vertex 159.499998596515 0.999999957853027 0.999999999998131
    vertex 159.499998484826 -4.30000009483055 9.99999999999867
  endloop
endfacet
facet normal 0.999999999995733 2.13249921903445e-006 -1.99677762853563e-006
  outer loop
    vertex 159.499998484826 -4.30000009483055 9.99999999999867
    vertex 159.499998596515 0.999999957853027 0.999999999998131
    vertex 159.500249272662 -0.999999983120514 84.5996977204815
  endloop
endfacet
facet normal 0.999999999995733 2.13249921903445e-006 -1.99677762853563e-006
  outer loop
    vertex 159.499998484826 -4.30000009483055 9.99999999999867
    vertex 159.500249272662 -0.999999983120514 84.5996977204815
    vertex 159.500249272662 -0.999999983120536 94.5996977204815
  endloop
endfacet
facet normal 0.999999999995733 2.13249921903445e-006 -1.99677762853563e-006
  outer loop
    vertex 159.499998484826 -4.30000009483055 9.99999999999867
    vertex 159.500249272662 -0.999999983120536 94.5996977204815
    vertex 159.500268188579 -4.30000008006705 89.599722139502
  endloop
endfacet
facet normal 0.999999999995733 2.13249921903445e-006 -1.99677762853563e-006
  outer loop
    vertex 159.499998484826 -4.30000009483055 9.99999999999867
    vertex 159.500268188579 -4.30000008006705 89.599722139502
    vertex 159.499998484829 -4.3000000948305 27.3999999999986
  endloop
endfacet
facet normal 0.999999999995733 2.13249921903445e-006 -1.99677762853563e-006
  outer loop
    vertex 159.499996435 -11.0000001475182 -1.40434330830885e-012
    vertex 159.499998480027 -4.52775690839703 9.14999999999867
    vertex 159.499998474333 -4.79791856681343 8.79791847198153
  endloop
endfacet
facet normal 0.999999999995733 2.13249921903445e-006 -1.99677762853563e-006
  outer loop
    vertex 159.499996435 -11.0000001475182 -1.40434330830885e-012
    vertex 159.499998474333 -4.79791856681343 8.79791847198153
    vertex 159.499998466915 -5.15000009483053 8.52775681356511
  endloop
endfacet
facet normal 0.999999999995733 2.13249921903445e-006 -1.99677762853563e-006
  outer loop
    vertex 159.499996435 -11.0000001475182 -1.40434330830885e-012
    vertex 159.499998466915 -5.15000009483053 8.52775681356511
    vertex 159.499998458273 -5.56000771815626 8.35792609530724
  endloop
endfacet
facet normal 0.999999999995733 2.13249921903445e-006 -1.99677762853563e-006
  outer loop
    vertex 159.499996435 -11.0000001475182 -1.40434330830885e-012
    vertex 159.499998458273 -5.56000771815626 8.35792609530724
    vertex 159.499998449001 -6.00000009483052 8.29999999999866
  endloop
endfacet
facet normal 0.999999999995733 2.13249921903445e-006 -1.99677762853563e-006
  outer loop
    vertex 159.499996435 -11.0000001475182 -1.40434330830885e-012
    vertex 159.499998449001 -6.00000009483052 8.29999999999866
    vertex 159.499998439729 -6.43999247150483 8.35792609530725
  endloop
endfacet
facet normal 0.999999999995733 2.13249921903445e-006 -1.99677762853563e-006
  outer loop
    vertex 159.499996435 -11.0000001475182 -1.40434330830885e-012
    vertex 159.499998439729 -6.43999247150483 8.35792609530725
    vertex 159.49999843109 -6.85000009483055 8.52775681356511
  endloop
endfacet
facet normal 0.999999999995733 2.13249921903445e-006 -1.99677762853563e-006
  outer loop
    vertex 159.499996435 -11.0000001475182 -1.40434330830885e-012
    vertex 159.49999843109 -6.85000009483055 8.52775681356511
    vertex 159.49999842367 -7.20208162284766 8.79791847198154
  endloop
endfacet
facet normal 0.999999999995733 2.13249921903445e-006 -1.99677762853563e-006
  outer loop
    vertex 159.499996435 -11.0000001475182 -1.40434330830885e-012
    vertex 159.49999842367 -7.20208162284766 8.79791847198154
    vertex 159.499998417976 -7.47224328126411 9.14999999999867
  endloop
endfacet
facet normal 0.999999999995733 2.13249921903445e-006 -1.99677762853563e-006
  outer loop
    vertex 159.499996435 -11.0000001475182 -1.40434330830885e-012
    vertex 159.499998417976 -7.47224328126411 9.14999999999867
    vertex 159.499998414397 -7.64207399952197 9.56000762332438
  endloop
endfacet
facet normal 0.999999999995733 2.13249921903445e-006 -1.99677762853563e-006
  outer loop
    vertex 159.499996435 -11.0000001475182 -1.40434330830885e-012
    vertex 159.499998414397 -7.64207399952197 9.56000762332438
    vertex 159.499998413177 -7.70000009483054 9.99999999999867
  endloop
endfacet
facet normal 0.999999999995733 2.13249921903445e-006 -1.99677762853563e-006
  outer loop
    vertex 159.499996435 -11.0000001475182 -1.40434330830885e-012
    vertex 159.499998413177 -7.70000009483054 9.99999999999867
    vertex 159.500249061927 -10.9999999831206 94.5996977204815
  endloop
endfacet
facet normal 0.999999999995733 2.13249921903445e-006 -1.99677762853563e-006
  outer loop
    vertex 159.499998483608 -4.35792619013908 26.9600076233243
    vertex 159.499998484826 -4.30000009483055 9.99999999999867
    vertex 159.499998484829 -4.3000000948305 27.3999999999986
  endloop
endfacet
facet normal 0.999999999995733 2.13249921903445e-006 -1.99677762853563e-006
  outer loop
    vertex 159.499998484826 -4.30000009483055 9.99999999999867
    vertex 159.499998483608 -4.35792619013908 26.9600076233243
    vertex 159.499998483606 -4.35792619013912 10.439992376673
  endloop
endfacet
facet normal 0.999999999995733 2.13249921903445e-006 -1.99677762853563e-006
  outer loop
    vertex 159.499998483606 -4.35792619013912 10.439992376673
    vertex 159.499998483608 -4.35792619013908 26.9600076233243
    vertex 159.49999848003 -4.52775690839698 26.5499999999986
  endloop
endfacet
facet normal 0.999999999995733 2.13249921903445e-006 -1.99677762853563e-006
  outer loop
    vertex 159.499998483606 -4.35792619013912 10.439992376673
    vertex 159.49999848003 -4.52775690839698 26.5499999999986
    vertex 159.499998480027 -4.52775690839698 10.8499999999987
  endloop
endfacet
facet normal 0.999999999995733 2.13249921903445e-006 -1.99677762853563e-006
  outer loop
    vertex 159.499998480027 -4.52775690839698 10.8499999999987
    vertex 159.49999848003 -4.52775690839698 26.5499999999986
    vertex 159.499998474336 -4.79791856681338 26.1979184719814
  endloop
endfacet
facet normal 0.999999999995733 2.13249921903445e-006 -1.99677762853563e-006
  outer loop
    vertex 159.499998480027 -4.52775690839698 10.8499999999987
    vertex 159.499998474336 -4.79791856681338 26.1979184719814
    vertex 159.499998474333 -4.79791856681338 11.2020815280158
  endloop
endfacet
facet normal 0.999999999995733 2.13249921903445e-006 -1.99677762853563e-006
  outer loop
    vertex 159.499998474333 -4.79791856681338 11.2020815280158
    vertex 159.499998474336 -4.79791856681338 26.1979184719814
    vertex 159.499998466917 -5.15000009483053 25.927756813565
  endloop
endfacet
facet normal 0.999999999995733 2.13249921903445e-006 -1.99677762853563e-006
  outer loop
    vertex 159.499998474333 -4.79791856681338 11.2020815280158
    vertex 159.499998466917 -5.15000009483053 25.927756813565
    vertex 159.499998466915 -5.15000009483053 11.4722431864322
  endloop
endfacet
facet normal 0.999999999995733 2.13249921903445e-006 -1.99677762853563e-006
  outer loop
    vertex 159.499998466915 -5.15000009483053 11.4722431864322
    vertex 159.499998466917 -5.15000009483053 25.927756813565
    vertex 159.499998458276 -5.56000771815621 25.7579260953072
  endloop
endfacet
facet normal 0.999999999995733 2.13249921903445e-006 -1.99677762853563e-006
  outer loop
    vertex 159.499998466915 -5.15000009483053 11.4722431864322
    vertex 159.499998458276 -5.56000771815621 25.7579260953072
    vertex 159.499998458274 -5.56000771815626 11.6420739046901
  endloop
endfacet
facet normal 0.999999999995733 2.13249921903445e-006 -1.99677762853563e-006
  outer loop
    vertex 159.499998458274 -5.56000771815626 11.6420739046901
    vertex 159.499998458276 -5.56000771815621 25.7579260953072
    vertex 159.499998449004 -6.00000009483052 25.6999999999986
  endloop
endfacet
facet normal 0.999999999995733 2.13249921903445e-006 -1.99677762853563e-006
  outer loop
    vertex 159.499998458274 -5.56000771815626 11.6420739046901
    vertex 159.499998449004 -6.00000009483052 25.6999999999986
    vertex 159.499998449002 -6.00000009483052 11.6999999999987
  endloop
endfacet
facet normal 0.999999999995733 2.13249921903445e-006 -1.99677762853563e-006
  outer loop
    vertex 159.499998449002 -6.00000009483052 11.6999999999987
    vertex 159.499998449004 -6.00000009483052 25.6999999999986
    vertex 159.499998439732 -6.43999247150483 25.7579260953072
  endloop
endfacet
facet normal 0.999999999995733 2.13249921903445e-006 -1.99677762853563e-006
  outer loop
    vertex 159.499998449002 -6.00000009483052 11.6999999999987
    vertex 159.499998439732 -6.43999247150483 25.7579260953072
    vertex 159.49999843973 -6.43999247150483 11.6420739046901
  endloop
endfacet
facet normal 0.999999999995733 2.13249921903445e-006 -1.99677762853563e-006
  outer loop
    vertex 159.49999843973 -6.43999247150483 11.6420739046901
    vertex 159.499998439732 -6.43999247150483 25.7579260953072
    vertex 159.499998431092 -6.85000009483051 25.927756813565
  endloop
endfacet
facet normal 0.999999999995733 2.13249921903445e-006 -1.99677762853563e-006
  outer loop
    vertex 159.49999843973 -6.43999247150483 11.6420739046901
    vertex 159.499998431092 -6.85000009483051 25.927756813565
    vertex 159.49999843109 -6.85000009483055 11.4722431864322
  endloop
endfacet
facet normal 0.999999999995733 2.13249921903445e-006 -1.99677762853563e-006
  outer loop
    vertex 159.49999843109 -6.85000009483055 11.4722431864322
    vertex 159.499998431092 -6.85000009483051 25.927756813565
    vertex 159.499998423672 -7.20208162284766 26.1979184719814
  endloop
endfacet
facet normal 0.999999999995733 2.13249921903445e-006 -1.99677762853563e-006
  outer loop
    vertex 159.49999843109 -6.85000009483055 11.4722431864322
    vertex 159.499998423672 -7.20208162284766 26.1979184719814
    vertex 159.49999842367 -7.20208162284766 11.2020815280158
  endloop
endfacet
facet normal 0.999999999995733 2.13249921903445e-006 -1.99677762853563e-006
  outer loop
    vertex 159.49999842367 -7.20208162284766 11.2020815280158
    vertex 159.499998423672 -7.20208162284766 26.1979184719814
    vertex 159.499998417978 -7.47224328126406 26.5499999999986
  endloop
endfacet
facet normal 0.999999999995733 2.13249921903445e-006 -1.99677762853563e-006
  outer loop
    vertex 159.49999842367 -7.20208162284766 11.2020815280158
    vertex 159.499998417978 -7.47224328126406 26.5499999999986
    vertex 159.499998417976 -7.47224328126411 10.8499999999987
  endloop
endfacet
facet normal 0.999999999995733 2.13249921903445e-006 -1.99677762853563e-006
  outer loop
    vertex 159.499998417976 -7.47224328126411 10.8499999999987
    vertex 159.499998417978 -7.47224328126406 26.5499999999986
    vertex 159.4999984144 -7.64207399952197 26.9600076233243
  endloop
endfacet
facet normal 0.999999999995733 2.13249921903445e-006 -1.99677762853563e-006
  outer loop
    vertex 159.499998417976 -7.47224328126411 10.8499999999987
    vertex 159.4999984144 -7.64207399952197 26.9600076233243
    vertex 159.499998414397 -7.64207399952197 10.439992376673
  endloop
endfacet
facet normal 0.999999999995733 2.13249921903445e-006 -1.99677762853563e-006
  outer loop
    vertex 159.499998414397 -7.64207399952197 10.439992376673
    vertex 159.4999984144 -7.64207399952197 26.9600076233243
    vertex 159.499998413179 -7.7000000948305 27.3999999999986
  endloop
endfacet
facet normal 0.999999999995733 2.13249921903445e-006 -1.99677762853563e-006
  outer loop
    vertex 159.499998414397 -7.64207399952197 10.439992376673
    vertex 159.499998413179 -7.7000000948305 27.3999999999986
    vertex 159.499998413177 -7.70000009483054 9.99999999999867
  endloop
endfacet
facet normal 0.999999999995733 2.13249921903445e-006 -1.99677762853563e-006
  outer loop
    vertex 159.500270758335 -4.35792617537532 89.159729762837
    vertex 159.499998484829 -4.3000000948305 27.3999999999986
    vertex 159.500268188579 -4.30000008006705 89.599722139502
  endloop
endfacet
facet normal 0.999999999995733 2.13249921903445e-006 -1.99677762853563e-006
  outer loop
    vertex 159.499998484829 -4.3000000948305 27.3999999999986
    vertex 159.500270758335 -4.35792617537532 89.159729762837
    vertex 159.499998483608 -4.35792619013908 27.8399923766728
  endloop
endfacet
facet normal 0.999999999995733 2.13249921903445e-006 -1.99677762853563e-006
  outer loop
    vertex 159.499998483608 -4.35792619013908 27.8399923766728
    vertex 159.500270758335 -4.35792617537532 89.159729762837
    vertex 159.500273488076 -4.52775689363166 88.7497221395219
  endloop
endfacet
facet normal 0.999999999995733 2.13249921903445e-006 -1.99677762853563e-006
  outer loop
    vertex 159.499998483608 -4.35792619013908 27.8399923766728
    vertex 159.500273488076 -4.52775689363166 88.7497221395219
    vertex 159.49999848003 -4.52775690839698 28.2499999999986
  endloop
endfacet
facet normal 0.999999999995733 2.13249921903445e-006 -1.99677762853563e-006
  outer loop
    vertex 159.49999848003 -4.52775690839698 28.2499999999986
    vertex 159.500273488076 -4.52775689363166 88.7497221395219
    vertex 159.500276191773 -4.79791855204582 88.3976406115158
  endloop
endfacet
facet normal 0.999999999995733 2.13249921903445e-006 -1.99677762853563e-006
  outer loop
    vertex 159.49999848003 -4.52775690839698 28.2499999999986
    vertex 159.500276191773 -4.79791855204582 88.3976406115158
    vertex 159.499998474336 -4.79791856681338 28.6020815280157
  endloop
endfacet
facet normal 0.999999999995733 2.13249921903445e-006 -1.99677762853563e-006
  outer loop
    vertex 159.499998474336 -4.79791856681338 28.6020815280157
    vertex 159.500276191773 -4.79791855204582 88.3976406115158
    vertex 159.500278685176 -5.15000008006028 88.1274789531102
  endloop
endfacet
facet normal 0.999999999995733 2.13249921903445e-006 -1.99677762853563e-006
  outer loop
    vertex 159.499998474336 -4.79791856681338 28.6020815280157
    vertex 159.500278685176 -5.15000008006028 88.1274789531102
    vertex 159.499998466918 -5.15000009483053 28.8722431864321
  endloop
endfacet
facet normal 0.999999999995733 2.13249921903445e-006 -1.99677762853563e-006
  outer loop
    vertex 159.499998466918 -5.15000009483053 28.8722431864321
    vertex 159.500278685176 -5.15000008006028 88.1274789531102
    vertex 159.500280798362 -5.56000770338253 87.9576482348621
  endloop
endfacet
facet normal 0.999999999995733 2.13249921903445e-006 -1.99677762853563e-006
  outer loop
    vertex 159.499998466918 -5.15000009483053 28.8722431864321
    vertex 159.500280798362 -5.56000770338253 87.9576482348621
    vertex 159.499998458276 -5.56000771815621 29.04207390469
  endloop
endfacet
facet normal 0.999999999995733 2.13249921903445e-006 -1.99677762853563e-006
  outer loop
    vertex 159.499998458276 -5.56000771815621 29.04207390469
    vertex 159.500280798362 -5.56000770338253 87.9576482348621
    vertex 159.500282387321 -6.00000008005313 87.8997221395616
  endloop
endfacet
facet normal 0.999999999995733 2.13249921903445e-006 -1.99677762853563e-006
  outer loop
    vertex 159.499998458276 -5.56000771815621 29.04207390469
    vertex 159.500282387321 -6.00000008005313 87.8997221395616
    vertex 159.499998449004 -6.00000009483052 29.0999999999986
  endloop
endfacet
facet normal 0.999999999995733 2.13249921903445e-006 -1.99677762853563e-006
  outer loop
    vertex 159.499998449004 -6.00000009483052 29.0999999999986
    vertex 159.500282387321 -6.00000008005313 87.8997221395616
    vertex 159.500283343769 -6.43999245672347 87.957648234876
  endloop
endfacet
facet normal 0.999999999995733 2.13249921903445e-006 -1.99677762853563e-006
  outer loop
    vertex 159.499998449004 -6.00000009483052 29.0999999999986
    vertex 159.500283343769 -6.43999245672347 87.957648234876
    vertex 159.499998439732 -6.43999247150483 29.04207390469
  endloop
endfacet
facet normal 0.999999999995733 2.13249921903445e-006 -1.99677762853563e-006
  outer loop
    vertex 159.499998439732 -6.43999247150483 29.04207390469
    vertex 159.500283343769 -6.43999245672347 87.957648234876
    vertex 159.500283602526 -6.85000008004586 88.1274789531372
  endloop
endfacet
facet normal 0.999999999995733 2.13249921903445e-006 -1.99677762853563e-006
  outer loop
    vertex 159.499998439732 -6.43999247150483 29.04207390469
    vertex 159.500283602526 -6.85000008004586 88.1274789531372
    vertex 159.499998431093 -6.85000009483051 28.8722431864321
  endloop
endfacet
facet normal 0.999999999995733 2.13249921903445e-006 -1.99677762853563e-006
  outer loop
    vertex 159.499998431093 -6.85000009483051 28.8722431864321
    vertex 159.500283602526 -6.85000008004586 88.1274789531372
    vertex 159.500283145956 -7.20208160805985 88.397640611554
  endloop
endfacet
facet normal 0.999999999995733 2.13249921903445e-006 -1.99677762853563e-006
  outer loop
    vertex 159.499998431093 -6.85000009483051 28.8722431864321
    vertex 159.500283145956 -7.20208160805985 88.397640611554
    vertex 159.499998423672 -7.20208162284766 28.6020815280157
  endloop
endfacet
facet normal 0.999999999995733 2.13249921903445e-006 -1.99677762853563e-006
  outer loop
    vertex 159.499998423672 -7.20208162284766 28.6020815280157
    vertex 159.500283145956 -7.20208160805985 88.397640611554
    vertex 159.500282005175 -7.47224326647411 88.7497221395687
  endloop
endfacet
facet normal 0.999999999995733 2.13249921903445e-006 -1.99677762853563e-006
  outer loop
    vertex 159.499998423672 -7.20208162284766 28.6020815280157
    vertex 159.500282005175 -7.47224326647411 88.7497221395687
    vertex 159.499998417979 -7.47224328126406 28.2499999999986
  endloop
endfacet
facet normal 0.999999999995733 2.13249921903445e-006 -1.99677762853563e-006
  outer loop
    vertex 159.499998417979 -7.47224328126406 28.2499999999986
    vertex 159.500282005175 -7.47224326647411 88.7497221395687
    vertex 159.500280257925 -7.64207398473054 89.1597297628893
  endloop
endfacet
facet normal 0.999999999995733 2.13249921903445e-006 -1.99677762853563e-006
  outer loop
    vertex 159.499998417979 -7.47224328126406 28.2499999999986
    vertex 159.500280257925 -7.64207398473054 89.1597297628893
    vertex 159.4999984144 -7.64207399952192 27.8399923766729
  endloop
endfacet
facet normal 0.999999999995733 2.13249921903445e-006 -1.99677762853563e-006
  outer loop
    vertex 159.4999984144 -7.64207399952192 27.8399923766729
    vertex 159.500280257925 -7.64207398473054 89.1597297628893
    vertex 159.500278023278 -7.70000008003858 89.5997221395561
  endloop
endfacet
facet normal 0.999999999995733 2.13249921903445e-006 -1.99677762853563e-006
  outer loop
    vertex 159.4999984144 -7.64207399952192 27.8399923766729
    vertex 159.500278023278 -7.70000008003858 89.5997221395561
    vertex 159.499998413179 -7.7000000948305 27.3999999999986
  endloop
endfacet
facet normal -0.434898232170864 0.900479609793946 5.23764811431587e-018
  outer loop
    vertex 157.499999621305 49.6294818601016 7.88351237138822
    vertex 159.49999964166 50.5954076442438 5.77530667371134
    vertex 157.499999621305 49.6294818601016 5.51648762860906
  endloop
endfacet
facet normal -0.434898232170864 0.900479609793946 5.23764811431587e-018
  outer loop
    vertex 159.49999964166 50.5954076442438 5.77530667371134
    vertex 157.499999621305 49.6294818601016 7.88351237138822
    vertex 159.49999964166 50.5954076442438 7.62469332628544
  endloop
endfacet
facet normal -0.184434121042729 3.88678463515861e-009 0.982844878399026
  outer loop
    vertex 157.499999652561 51.1126310836586 28.6000000000006
    vertex 159.499999647556 50.8751288272565 28.9753066737114
    vertex 159.499999672828 52.0743369997786 28.9753066737114
  endloop
endfacet
facet normal -0.184434121042729 3.88678463515861e-009 0.982844878399026
  outer loop
    vertex 159.499999647556 50.8751288272565 28.9753066737114
    vertex 157.499999652561 51.1126310836586 28.6000000000006
    vertex 157.499999629304 50.0091034656189 28.6000000000006
  endloop
endfacet
facet normal -0.24253562503656 5.11131306625149e-009 -0.970142500145275
  outer loop
    vertex 159.499999647554 50.8751288272565 32.3000000000004
    vertex 157.499999652561 51.1126310836616 32.8000000000006
    vertex 159.49999967081 51.9786564452991 32.3000000000004
  endloop
endfacet
facet normal -0.24253562503656 5.11131306625149e-009 -0.970142500145275
  outer loop
    vertex 157.499999652561 51.1126310836616 32.8000000000006
    vertex 159.499999647554 50.8751288272565 32.3000000000004
    vertex 157.499999629304 50.009103465619 32.8000000000006
  endloop
endfacet
facet normal 1.0 -2.10734379188029e-008 -7.39245450797841e-014
  outer loop
    vertex 159.499999853584 60.651828954176 12.5481710036754
    vertex 159.49999978501 57.3977774367203 7.47645713530593
    vertex 159.499999787164 57.4999999578531 6.69999999999837
  endloop
endfacet
facet normal 1.0 -2.10734379188029e-008 -7.39245450797841e-014
  outer loop
    vertex 159.49999978501 57.3977774367203 7.47645713530593
    vertex 159.499999853584 60.651828954176 12.5481710036754
    vertex 159.499999765941 56.4929066051425 11.2623711375725
  endloop
endfacet
facet normal 1.0 -2.10734379188029e-008 -7.39245450797841e-014
  outer loop
    vertex 159.49999978501 57.3977774367203 7.47645713530593
    vertex 159.499999765941 56.4929066051425 11.2623711375725
    vertex 159.499999778694 57.0980761692065 8.19999999999837
  endloop
endfacet
facet normal 1.0 -2.10734379188029e-008 -7.39245450797841e-014
  outer loop
    vertex 159.499999778694 57.0980761692065 8.19999999999837
    vertex 159.499999765941 56.4929066051425 11.2623711375725
    vertex 159.499999768647 56.6213203014127 8.82132034355802
  endloop
endfacet
facet normal 1.0 -2.10734379188029e-008 -7.39245450797841e-014
  outer loop
    vertex 159.499999768647 56.6213203014127 8.82132034355802
    vertex 159.499999765941 56.4929066051425 11.2623711375725
    vertex 159.499999755553 55.9999999578531 9.29807621135167
  endloop
endfacet
facet normal 1.0 -2.10734379188029e-008 -7.39245450797841e-014
  outer loop
    vertex 159.499999755553 55.9999999578531 9.29807621135167
    vertex 159.499999765941 56.4929066051425 11.2623711375725
    vertex 159.499999745124 55.5050516379474 11.06587456742
  endloop
endfacet
facet normal 1.0 -2.10734379188029e-008 -7.39245450797841e-014
  outer loop
    vertex 159.499999755553 55.9999999578531 9.29807621135167
    vertex 159.499999745124 55.5050516379474 11.06587456742
    vertex 159.499999740306 55.2764570931606 9.59777747886557
  endloop
endfacet
facet normal 1.0 -2.10734379188029e-008 -7.39245450797841e-014
  outer loop
    vertex 159.499999740306 55.2764570931606 9.59777747886557
    vertex 159.499999745124 55.5050516379474 11.06587456742
    vertex 159.499999723944 54.499999957853 10.9999999999983
  endloop
endfacet
facet normal 1.0 -2.10734379188029e-008 -7.39245450797841e-014
  outer loop
    vertex 159.499999740306 55.2764570931606 9.59777747886557
    vertex 159.499999723944 54.499999957853 10.9999999999983
    vertex 159.499999723943 54.4999999578531 9.69999999999836
  endloop
endfacet
facet normal 1.0 -2.10734379188029e-008 -7.39245450797841e-014
  outer loop
    vertex 159.499999723943 54.4999999578531 9.69999999999836
    vertex 159.499999723944 54.499999957853 10.9999999999983
    vertex 159.499999707581 53.7235428225455 9.59777747886557
  endloop
endfacet
facet normal 1.0 -2.10734379188029e-008 -7.39245450797841e-014
  outer loop
    vertex 159.499999707581 53.7235428225455 9.59777747886557
    vertex 159.499999723944 54.499999957853 10.9999999999983
    vertex 159.499999702764 53.4949482777587 11.06587456742
  endloop
endfacet
facet normal 1.0 -2.10734379188029e-008 -7.39245450797841e-014
  outer loop
    vertex 159.499999707581 53.7235428225455 9.59777747886557
    vertex 159.499999702764 53.4949482777587 11.06587456742
    vertex 159.499999692333 52.9999999578531 9.29807621135167
  endloop
endfacet
facet normal 1.0 -2.10734379188029e-008 -7.39245450797841e-014
  outer loop
    vertex 159.499999692333 52.9999999578531 9.29807621135167
    vertex 159.499999702764 53.4949482777587 11.06587456742
    vertex 159.499999681946 52.5070933105636 11.2623711375725
  endloop
endfacet
facet normal 1.0 -2.10734379188029e-008 -7.39245450797841e-014
  outer loop
    vertex 159.499999692333 52.9999999578531 9.29807621135167
    vertex 159.499999681946 52.5070933105636 11.2623711375725
    vertex 159.49999967924 52.3786796142935 8.82132034355802
  endloop
endfacet
facet normal 1.0 -2.10734379188029e-008 -7.39245450797841e-014
  outer loop
    vertex 159.49999967924 52.3786796142935 8.82132034355802
    vertex 159.499999681946 52.5070933105636 11.2623711375725
    vertex 159.499999594304 48.3481709615302 12.5481710036754
  endloop
endfacet
facet normal 1.0 -2.10734379188029e-008 -7.39245450797841e-014
  outer loop
    vertex 159.49999967924 52.3786796142935 8.82132034355802
    vertex 159.499999594304 48.3481709615302 12.5481710036754
    vertex 159.499999669193 51.9019237464998 8.19999999999837
  endloop
endfacet
facet normal 1.0 -2.10734379188029e-008 -7.39245450797841e-014
  outer loop
    vertex 159.499999669193 51.9019237464998 8.19999999999837
    vertex 159.499999594304 48.3481709615302 12.5481710036754
    vertex 159.499999664171 51.6636239197241 7.62469332628544
  endloop
endfacet
facet normal 1.0 -2.10734379188029e-008 -7.39245450797841e-014
  outer loop
    vertex 159.499999664171 51.6636239197241 7.62469332628544
    vertex 159.499999594304 48.3481709615302 12.5481710036754
    vertex 159.49999964166 50.5954076442438 7.62469332628544
  endloop
endfacet
facet normal 1.0 -2.10734379188029e-008 -7.39245450797841e-014
  outer loop
    vertex 159.49999964166 50.5954076442438 7.62469332628544
    vertex 159.499999594304 48.3481709615302 12.5481710036754
    vertex 159.49999964166 50.5954076442438 5.77530667371134
  endloop
endfacet
facet normal 1.0 -2.10734379188029e-008 -7.39245450797841e-014
  outer loop
    vertex 159.499999978935 66.5999999578535 36.3999999999984
    vertex 159.499999949432 65.1999999578535 33.2999999999984
    vertex 159.499999978933 66.5999999578535 0.999999999998131
  endloop
endfacet
facet normal 1.0 -2.10734379188029e-008 -7.39245450797841e-014
  outer loop
    vertex 159.499999949432 65.1999999578535 33.2999999999984
    vertex 159.499999978935 66.5999999578535 36.3999999999984
    vertex 159.499999948211 65.1420738625449 33.7399923766727
  endloop
endfacet
facet normal 1.0 -2.10734379188029e-008 -7.39245450797841e-014
  outer loop
    vertex 159.499999948211 65.1420738625449 33.7399923766727
    vertex 159.499999978935 66.5999999578535 36.3999999999984
    vertex 159.499999944633 64.9722431442871 34.1499999999984
  endloop
endfacet
facet normal 1.0 -2.10734379188029e-008 -7.39245450797841e-014
  outer loop
    vertex 159.499999944633 64.9722431442871 34.1499999999984
    vertex 159.499999978935 66.5999999578535 36.3999999999984
    vertex 159.499999938939 64.7020814858707 34.5020815280155
  endloop
endfacet
facet normal 1.0 -2.10734379188029e-008 -7.39245450797841e-014
  outer loop
    vertex 159.499999938939 64.7020814858707 34.5020815280155
    vertex 159.499999978935 66.5999999578535 36.3999999999984
    vertex 159.49999993152 64.3499999578532 34.7722431864319
  endloop
endfacet
facet normal 1.0 -2.10734379188029e-008 -7.39245450797841e-014
  outer loop
    vertex 159.49999993152 64.3499999578532 34.7722431864319
    vertex 159.499999978935 66.5999999578535 36.3999999999984
    vertex 159.499999922879 63.9399923345275 34.9420739046898
  endloop
endfacet
facet normal 1.0 -2.10734379188029e-008 -7.39245450797841e-014
  outer loop
    vertex 159.499999922879 63.9399923345275 34.9420739046898
    vertex 159.499999978935 66.5999999578535 36.3999999999984
    vertex 159.499999913607 63.4999999578532 34.9999999999984
  endloop
endfacet
facet normal 1.0 -2.10734379188029e-008 -7.39245450797841e-014
  outer loop
    vertex 159.499999913607 63.4999999578532 34.9999999999984
    vertex 159.499999978935 66.5999999578535 36.3999999999984
    vertex 159.499998596518 0.999999957853027 36.3999999999984
  endloop
endfacet
facet normal 1.0 -2.10734379188029e-008 -7.39245450797841e-014
  outer loop
    vertex 159.499999913607 63.4999999578532 34.9999999999984
    vertex 159.499998596518 0.999999957853027 36.3999999999984
    vertex 159.499999904335 63.060007581179 34.9420739046898
  endloop
endfacet
facet normal 1.0 -2.10734379188029e-008 -7.39245450797841e-014
  outer loop
    vertex 159.499999904335 63.060007581179 34.9420739046898
    vertex 159.499998596518 0.999999957853027 36.3999999999984
    vertex 159.499999895696 62.6499999578533 34.7722431864319
  endloop
endfacet
facet normal 1.0 -2.10734379188029e-008 -7.39245450797841e-014
  outer loop
    vertex 159.499999895696 62.6499999578533 34.7722431864319
    vertex 159.499998596518 0.999999957853027 36.3999999999984
    vertex 159.499999888275 62.2979184298361 34.5020815280155
  endloop
endfacet
facet normal 1.0 -2.10734379188029e-008 -7.39245450797841e-014
  outer loop
    vertex 159.499999888275 62.2979184298361 34.5020815280155
    vertex 159.499998596518 0.999999957853027 36.3999999999984
    vertex 159.499999882582 62.0277567714198 34.1499999999984
  endloop
endfacet
facet normal 1.0 -2.10734379188029e-008 -7.39245450797841e-014
  outer loop
    vertex 159.499999882582 62.0277567714198 34.1499999999984
    vertex 159.499998596518 0.999999957853027 36.3999999999984
    vertex 159.499999879003 61.8579260531618 33.7399923766727
  endloop
endfacet
facet normal 1.0 -2.10734379188029e-008 -7.39245450797841e-014
  outer loop
    vertex 159.499999879003 61.8579260531618 33.7399923766727
    vertex 159.499998596518 0.999999957853027 36.3999999999984
    vertex 159.499999723946 54.4999999578531 33.6999999999984
  endloop
endfacet
facet normal 1.0 -2.10734379188029e-008 -7.39245450797841e-014
  outer loop
    vertex 159.499999879003 61.8579260531618 33.7399923766727
    vertex 159.499999723946 54.4999999578531 33.6999999999984
    vertex 159.499999877782 61.7999999578531 33.2999999999984
  endloop
endfacet
facet normal 1.0 -2.10734379188029e-008 -7.39245450797841e-014
  outer loop
    vertex 159.499999877782 61.7999999578531 33.2999999999984
    vertex 159.499999723946 54.4999999578531 33.6999999999984
    vertex 159.499999740309 55.2764570931606 33.5977774788656
  endloop
endfacet
facet normal 1.0 -2.10734379188029e-008 -7.39245450797841e-014
  outer loop
    vertex 159.499999877782 61.7999999578531 33.2999999999984
    vertex 159.499999740309 55.2764570931606 33.5977774788656
    vertex 159.499999755556 55.9999999578531 33.2980762113517
  endloop
endfacet
facet normal 1.0 -2.10734379188029e-008 -7.39245450797841e-014
  outer loop
    vertex 159.499999877782 61.7999999578531 33.2999999999984
    vertex 159.499999755556 55.9999999578531 33.2980762113517
    vertex 159.49999976865 56.6213203014127 32.821320343558
  endloop
endfacet
facet normal 1.0 -2.10734379188029e-008 -7.39245450797841e-014
  outer loop
    vertex 159.499999877782 61.7999999578531 33.2999999999984
    vertex 159.49999976865 56.6213203014127 32.821320343558
    vertex 159.499999778696 57.0980761692065 32.1999999999984
  endloop
endfacet
facet normal 1.0 -2.10734379188029e-008 -7.39245450797841e-014
  outer loop
    vertex 159.499999877782 61.7999999578531 33.2999999999984
    vertex 159.499999778696 57.0980761692065 32.1999999999984
    vertex 159.499999853586 60.6518289541761 24.8518289963214
  endloop
endfacet
facet normal 1.0 -2.10734379188029e-008 -7.39245450797841e-014
  outer loop
    vertex 159.499999853586 60.6518289541761 24.8518289963214
    vertex 159.499999778696 57.0980761692065 32.1999999999984
    vertex 159.499999785013 57.3977774367203 31.4764571353059
  endloop
endfacet
facet normal 1.0 -2.10734379188029e-008 -7.39245450797841e-014
  outer loop
    vertex 159.499999853586 60.6518289541761 24.8518289963214
    vertex 159.499999785013 57.3977774367203 31.4764571353059
    vertex 159.499999787166 57.4999999578531 30.6999999999984
  endloop
endfacet
facet normal 1.0 -2.10734379188029e-008 -7.39245450797841e-014
  outer loop
    vertex 159.499999723946 54.4999999578531 33.6999999999984
    vertex 159.499998596518 0.999999957853027 36.3999999999984
    vertex 159.499999707584 53.7235428225455 33.5977774788656
  endloop
endfacet
facet normal 1.0 -2.10734379188029e-008 -7.39245450797841e-014
  outer loop
    vertex 159.499999707584 53.7235428225455 33.5977774788656
    vertex 159.499998596518 0.999999957853027 36.3999999999984
    vertex 159.499999692336 52.9999999578531 33.2980762113517
  endloop
endfacet
facet normal 1.0 -2.10734379188029e-008 -7.39245450797841e-014
  outer loop
    vertex 159.499999692336 52.9999999578531 33.2980762113517
    vertex 159.499998596518 0.999999957853027 36.3999999999984
    vertex 159.499999679243 52.3786796142935 32.821320343558
  endloop
endfacet
facet normal 1.0 -2.10734379188029e-008 -7.39245450797841e-014
  outer loop
    vertex 159.499999679243 52.3786796142935 32.821320343558
    vertex 159.499998596518 0.999999957853027 36.3999999999984
    vertex 159.499999676063 52.2278023973744 32.6246933262855
  endloop
endfacet
facet normal 1.0 -2.10734379188029e-008 -7.39245450797841e-014
  outer loop
    vertex 159.499999676063 52.2278023973744 32.6246933262855
    vertex 159.499998596518 0.999999957853027 36.3999999999984
    vertex 159.49999967081 51.9786564452991 32.3000000000004
  endloop
endfacet
facet normal 1.0 -2.10734379188029e-008 -7.39245450797841e-014
  outer loop
    vertex 159.49999967081 51.9786564452991 32.3000000000004
    vertex 159.499998596518 0.999999957853027 36.3999999999984
    vertex 159.499999647554 50.8751288272565 32.3000000000004
  endloop
endfacet
facet normal 1.0 -2.10734379188029e-008 -7.39245450797841e-014
  outer loop
    vertex 159.499999647554 50.8751288272565 32.3000000000004
    vertex 159.499998596518 0.999999957853027 36.3999999999984
    vertex 159.499999647556 50.8751288272565 28.9753066737114
  endloop
endfacet
facet normal 1.0 -2.10734379188029e-008 -7.39245450797841e-014
  outer loop
    vertex 159.499999647556 50.8751288272565 28.9753066737114
    vertex 159.499998596518 0.999999957853027 36.3999999999984
    vertex 159.499999399415 39.0999999578531 28.2999999999984
  endloop
endfacet
facet normal 1.0 -2.10734379188029e-008 -7.39245450797841e-014
  outer loop
    vertex 159.499999647556 50.8751288272565 28.9753066737114
    vertex 159.499999399415 39.0999999578531 28.2999999999984
    vertex 159.499999594305 48.3481709615302 24.8518289963214
  endloop
endfacet
facet normal 1.0 -2.10734379188029e-008 -7.39245450797841e-014
  outer loop
    vertex 159.499999594305 48.3481709615302 24.8518289963214
    vertex 159.499999399415 39.0999999578531 28.2999999999984
    vertex 159.49999956721 47.0623710954274 20.6929066472878
  endloop
endfacet
facet normal 1.0 -2.10734379188029e-008 -7.39245450797841e-014
  outer loop
    vertex 159.49999956721 47.0623710954274 20.6929066472878
    vertex 159.499999399415 39.0999999578531 28.2999999999984
    vertex 159.499999563067 46.8658745252748 19.7050516800928
  endloop
endfacet
facet normal 1.0 -2.10734379188029e-008 -7.39245450797841e-014
  outer loop
    vertex 159.499999563067 46.8658745252748 19.7050516800928
    vertex 159.499999399415 39.0999999578531 28.2999999999984
    vertex 159.49999956168 46.7999999578532 18.6999999999984
  endloop
endfacet
facet normal 1.0 -2.10734379188029e-008 -7.39245450797841e-014
  outer loop
    vertex 159.499999399415 39.0999999578531 28.2999999999984
    vertex 159.499998596518 0.999999957853027 36.3999999999984
    vertex 159.499998671118 4.53999233452744 34.9420739046898
  endloop
endfacet
facet normal 1.0 -2.10734379188029e-008 -7.39245450797841e-014
  outer loop
    vertex 159.499999399415 39.0999999578531 28.2999999999984
    vertex 159.499998671118 4.53999233452744 34.9420739046898
    vertex 159.499998679758 4.94999995785303 34.7722431864319
  endloop
endfacet
facet normal 1.0 -2.10734379188029e-008 -7.39245450797841e-014
  outer loop
    vertex 159.499999399415 39.0999999578531 28.2999999999984
    vertex 159.499998679758 4.94999995785303 34.7722431864319
    vertex 159.499998687178 5.30208148587027 34.5020815280155
  endloop
endfacet
facet normal 1.0 -2.10734379188029e-008 -7.39245450797841e-014
  outer loop
    vertex 159.499999399415 39.0999999578531 28.2999999999984
    vertex 159.499998687178 5.30208148587027 34.5020815280155
    vertex 159.499998692871 5.57224314428672 34.1499999999984
  endloop
endfacet
facet normal 1.0 -2.10734379188029e-008 -7.39245450797841e-014
  outer loop
    vertex 159.499999399415 39.0999999578531 28.2999999999984
    vertex 159.499998692871 5.57224314428672 34.1499999999984
    vertex 159.49999869645 5.74207386254449 33.7399923766727
  endloop
endfacet
facet normal 1.0 -2.10734379188029e-008 -7.39245450797841e-014
  outer loop
    vertex 159.499999399415 39.0999999578531 28.2999999999984
    vertex 159.49999869645 5.74207386254449 33.7399923766727
    vertex 159.499998725066 7.09999995785308 28.2999999999984
  endloop
endfacet
facet normal 1.0 -2.10734379188029e-008 -7.39245450797841e-014
  outer loop
    vertex 159.499998725066 7.09999995785308 28.2999999999984
    vertex 159.49999869645 5.74207386254449 33.7399923766727
    vertex 159.499998697671 5.79999995785311 33.2999999999984
  endloop
endfacet
facet normal 1.0 -2.10734379188029e-008 -7.39245450797841e-014
  outer loop
    vertex 159.499998725066 7.09999995785308 28.2999999999984
    vertex 159.499998697671 5.79999995785311 33.2999999999984
    vertex 159.499998725064 7.09999995785308 12.2999999999983
  endloop
endfacet
facet normal 1.0 -2.10734379188029e-008 -7.39245450797841e-014
  outer loop
    vertex 159.499998671118 4.53999233452744 34.9420739046898
    vertex 159.499998596518 0.999999957853027 36.3999999999984
    vertex 159.499998661846 4.09999995785304 34.9999999999984
  endloop
endfacet
facet normal 1.0 -2.10734379188029e-008 -7.39245450797841e-014
  outer loop
    vertex 159.499998661846 4.09999995785304 34.9999999999984
    vertex 159.499998596518 0.999999957853027 36.3999999999984
    vertex 159.499998652575 3.66000758117883 34.9420739046898
  endloop
endfacet
facet normal 1.0 -2.10734379188029e-008 -7.39245450797841e-014
  outer loop
    vertex 159.499998652575 3.66000758117883 34.9420739046898
    vertex 159.499998596518 0.999999957853027 36.3999999999984
    vertex 159.499998643934 3.24999995785306 34.7722431864319
  endloop
endfacet
facet normal 1.0 -2.10734379188029e-008 -7.39245450797841e-014
  outer loop
    vertex 159.499998643934 3.24999995785306 34.7722431864319
    vertex 159.499998596518 0.999999957853027 36.3999999999984
    vertex 159.499998636515 2.897918429836 34.5020815280155
  endloop
endfacet
facet normal 1.0 -2.10734379188029e-008 -7.39245450797841e-014
  outer loop
    vertex 159.499998636515 2.897918429836 34.5020815280155
    vertex 159.499998596518 0.999999957853027 36.3999999999984
    vertex 159.499998630821 2.62775677141955 34.1499999999984
  endloop
endfacet
facet normal 1.0 -2.10734379188029e-008 -7.39245450797841e-014
  outer loop
    vertex 159.499998630821 2.62775677141955 34.1499999999984
    vertex 159.499998596518 0.999999957853027 36.3999999999984
    vertex 159.499998627242 2.4579260531616 33.7399923766727
  endloop
endfacet
facet normal 1.0 -2.10734379188029e-008 -7.39245450797841e-014
  outer loop
    vertex 159.499998627242 2.4579260531616 33.7399923766727
    vertex 159.499998596518 0.999999957853027 36.3999999999984
    vertex 159.499998626022 2.39999995785307 33.2999999999984
  endloop
endfacet
facet normal 1.0 -2.10734379188029e-008 -7.39245450797841e-014
  outer loop
    vertex 159.499998626022 2.39999995785307 33.2999999999984
    vertex 159.499998596518 0.999999957853027 36.3999999999984
    vertex 159.499998626019 2.39999995785307 4.09999999999837
  endloop
endfacet
facet normal 1.0 -2.10734379188029e-008 -7.39245450797841e-014
  outer loop
    vertex 159.499999978933 66.5999999578535 0.999999999998131
    vertex 159.499999913603 63.4999999578532 2.39999999999838
    vertex 159.499998596515 0.999999957853027 0.999999999998131
  endloop
endfacet
facet normal 1.0 -2.10734379188029e-008 -7.39245450797841e-014
  outer loop
    vertex 159.499999913603 63.4999999578532 2.39999999999838
    vertex 159.499999978933 66.5999999578535 0.999999999998131
    vertex 159.499999922875 63.9399923345275 2.45792609530695
  endloop
endfacet
facet normal 1.0 -2.10734379188029e-008 -7.39245450797841e-014
  outer loop
    vertex 159.499999922875 63.9399923345275 2.45792609530695
    vertex 159.499999978933 66.5999999578535 0.999999999998131
    vertex 159.499999931516 64.3499999578532 2.62775681356483
  endloop
endfacet
facet normal 1.0 -2.10734379188029e-008 -7.39245450797841e-014
  outer loop
    vertex 159.499999931516 64.3499999578532 2.62775681356483
    vertex 159.499999978933 66.5999999578535 0.999999999998131
    vertex 159.499999938935 64.7020814858706 2.89791847198124
  endloop
endfacet
facet normal 1.0 -2.10734379188029e-008 -7.39245450797841e-014
  outer loop
    vertex 159.499999938935 64.7020814858706 2.89791847198124
    vertex 159.499999978933 66.5999999578535 0.999999999998131
    vertex 159.499999944629 64.972243144287 3.24999999999836
  endloop
endfacet
facet normal 1.0 -2.10734379188029e-008 -7.39245450797841e-014
  outer loop
    vertex 159.499999944629 64.972243144287 3.24999999999836
    vertex 159.499999978933 66.5999999578535 0.999999999998131
    vertex 159.499999948208 65.1420738625449 3.66000762332409
  endloop
endfacet
facet normal 1.0 -2.10734379188029e-008 -7.39245450797841e-014
  outer loop
    vertex 159.499999948208 65.1420738625449 3.66000762332409
    vertex 159.499999978933 66.5999999578535 0.999999999998131
    vertex 159.499999949428 65.1999999578535 4.09999999999837
  endloop
endfacet
facet normal 1.0 -2.10734379188029e-008 -7.39245450797841e-014
  outer loop
    vertex 159.499999949428 65.1999999578535 4.09999999999837
    vertex 159.499999978933 66.5999999578535 0.999999999998131
    vertex 159.499999949432 65.1999999578535 33.2999999999984
  endloop
endfacet
facet normal 1.0 -2.10734379188029e-008 -7.39245450797841e-014
  outer loop
    vertex 159.499998596515 0.999999957853027 0.999999999998131
    vertex 159.499999913603 63.4999999578532 2.39999999999838
    vertex 159.499999904331 63.060007581179 2.45792609530695
  endloop
endfacet
facet normal 1.0 -2.10734379188029e-008 -7.39245450797841e-014
  outer loop
    vertex 159.499998596515 0.999999957853027 0.999999999998131
    vertex 159.499999904331 63.060007581179 2.45792609530695
    vertex 159.499999895692 62.6499999578533 2.62775681356483
  endloop
endfacet
facet normal 1.0 -2.10734379188029e-008 -7.39245450797841e-014
  outer loop
    vertex 159.499998596515 0.999999957853027 0.999999999998131
    vertex 159.499999895692 62.6499999578533 2.62775681356483
    vertex 159.499999888272 62.2979184298362 2.89791847198124
  endloop
endfacet
facet normal 1.0 -2.10734379188029e-008 -7.39245450797841e-014
  outer loop
    vertex 159.499998596515 0.999999957853027 0.999999999998131
    vertex 159.499999888272 62.2979184298362 2.89791847198124
    vertex 159.499999882578 62.0277567714198 3.24999999999839
  endloop
endfacet
facet normal 1.0 -2.10734379188029e-008 -7.39245450797841e-014
  outer loop
    vertex 159.499998596515 0.999999957853027 0.999999999998131
    vertex 159.499999882578 62.0277567714198 3.24999999999839
    vertex 159.499999879 61.8579260531618 3.66000762332409
  endloop
endfacet
facet normal 1.0 -2.10734379188029e-008 -7.39245450797841e-014
  outer loop
    vertex 159.499998596515 0.999999957853027 0.999999999998131
    vertex 159.499999879 61.8579260531618 3.66000762332409
    vertex 159.499999723943 54.4999999578531 3.69999999999837
  endloop
endfacet
facet normal 1.0 -2.10734379188029e-008 -7.39245450797841e-014
  outer loop
    vertex 159.499999723943 54.4999999578531 3.69999999999837
    vertex 159.499999879 61.8579260531618 3.66000762332409
    vertex 159.499999877779 61.7999999578531 4.09999999999837
  endloop
endfacet
facet normal 1.0 -2.10734379188029e-008 -7.39245450797841e-014
  outer loop
    vertex 159.499999723943 54.4999999578531 3.69999999999837
    vertex 159.499999877779 61.7999999578531 4.09999999999837
    vertex 159.499999740306 55.2764570931606 3.80222252113116
  endloop
endfacet
facet normal 1.0 -2.10734379188029e-008 -7.39245450797841e-014
  outer loop
    vertex 159.499999740306 55.2764570931606 3.80222252113116
    vertex 159.499999877779 61.7999999578531 4.09999999999837
    vertex 159.499999755553 55.9999999578531 4.10192378864507
  endloop
endfacet
facet normal 1.0 -2.10734379188029e-008 -7.39245450797841e-014
  outer loop
    vertex 159.499999755553 55.9999999578531 4.10192378864507
    vertex 159.499999877779 61.7999999578531 4.09999999999837
    vertex 159.499999768647 56.6213203014127 4.57867965643872
  endloop
endfacet
facet normal 1.0 -2.10734379188029e-008 -7.39245450797841e-014
  outer loop
    vertex 159.499999768647 56.6213203014127 4.57867965643872
    vertex 159.499999877779 61.7999999578531 4.09999999999837
    vertex 159.499999778693 57.0980761692065 5.19999999999837
  endloop
endfacet
facet normal 1.0 -2.10734379188029e-008 -7.39245450797841e-014
  outer loop
    vertex 159.499999778693 57.0980761692065 5.19999999999837
    vertex 159.499999877779 61.7999999578531 4.09999999999837
    vertex 159.499999853584 60.651828954176 12.5481710036754
  endloop
endfacet
facet normal 1.0 -2.10734379188029e-008 -7.39245450797841e-014
  outer loop
    vertex 159.499999778693 57.0980761692065 5.19999999999837
    vertex 159.499999853584 60.651828954176 12.5481710036754
    vertex 159.49999978501 57.3977774367203 5.92354286469081
  endloop
endfacet
facet normal 1.0 -2.10734379188029e-008 -7.39245450797841e-014
  outer loop
    vertex 159.49999978501 57.3977774367203 5.92354286469081
    vertex 159.499999853584 60.651828954176 12.5481710036754
    vertex 159.499999787164 57.4999999578531 6.69999999999837
  endloop
endfacet
facet normal 1.0 -2.10734379188029e-008 -7.39245450797841e-014
  outer loop
    vertex 159.499998596515 0.999999957853027 0.999999999998131
    vertex 159.499999723943 54.4999999578531 3.69999999999837
    vertex 159.49999970758 53.7235428225455 3.80222252113116
  endloop
endfacet
facet normal 1.0 -2.10734379188029e-008 -7.39245450797841e-014
  outer loop
    vertex 159.499998596515 0.999999957853027 0.999999999998131
    vertex 159.49999970758 53.7235428225455 3.80222252113116
    vertex 159.499999692333 52.9999999578531 4.10192378864507
  endloop
endfacet
facet normal 1.0 -2.10734379188029e-008 -7.39245450797841e-014
  outer loop
    vertex 159.499998596515 0.999999957853027 0.999999999998131
    vertex 159.499999692333 52.9999999578531 4.10192378864507
    vertex 159.49999967924 52.3786796142935 4.57867965643872
  endloop
endfacet
facet normal 1.0 -2.10734379188029e-008 -7.39245450797841e-014
  outer loop
    vertex 159.499998596515 0.999999957853027 0.999999999998131
    vertex 159.49999967924 52.3786796142935 4.57867965643872
    vertex 159.499999669192 51.9019237464998 5.19999999999837
  endloop
endfacet
facet normal 1.0 -2.10734379188029e-008 -7.39245450797841e-014
  outer loop
    vertex 159.499998596515 0.999999957853027 0.999999999998131
    vertex 159.499999669192 51.9019237464998 5.19999999999837
    vertex 159.499999664171 51.6636239197241 5.77530667371134
  endloop
endfacet
facet normal 1.0 -2.10734379188029e-008 -7.39245450797841e-014
  outer loop
    vertex 159.499998596515 0.999999957853027 0.999999999998131
    vertex 159.499999664171 51.6636239197241 5.77530667371134
    vertex 159.49999964166 50.5954076442438 5.77530667371134
  endloop
endfacet
facet normal 1.0 -2.10734379188029e-008 -7.39245450797841e-014
  outer loop
    vertex 159.499998596515 0.999999957853027 0.999999999998131
    vertex 159.49999964166 50.5954076442438 5.77530667371134
    vertex 159.499999594304 48.3481709615302 12.5481710036754
  endloop
endfacet
facet normal 1.0 -2.10734379188029e-008 -7.39245450797841e-014
  outer loop
    vertex 159.499998596515 0.999999957853027 0.999999999998131
    vertex 159.499999594304 48.3481709615302 12.5481710036754
    vertex 159.499999399413 39.0999999578531 12.2999999999983
  endloop
endfacet
facet normal 1.0 -2.10734379188029e-008 -7.39245450797841e-014
  outer loop
    vertex 159.499999399413 39.0999999578531 12.2999999999983
    vertex 159.499999594304 48.3481709615302 12.5481710036754
    vertex 159.499999567209 47.0623710954274 16.707093352709
  endloop
endfacet
facet normal 1.0 -2.10734379188029e-008 -7.39245450797841e-014
  outer loop
    vertex 159.499999399413 39.0999999578531 12.2999999999983
    vertex 159.499999567209 47.0623710954274 16.707093352709
    vertex 159.499999563067 46.8658745252748 17.694948319904
  endloop
endfacet
facet normal 1.0 -2.10734379188029e-008 -7.39245450797841e-014
  outer loop
    vertex 159.499999399413 39.0999999578531 12.2999999999983
    vertex 159.499999563067 46.8658745252748 17.694948319904
    vertex 159.49999956168 46.7999999578532 18.6999999999984
  endloop
endfacet
facet normal 1.0 -2.10734379188029e-008 -7.39245450797841e-014
  outer loop
    vertex 159.499999399413 39.0999999578531 12.2999999999983
    vertex 159.49999956168 46.7999999578532 18.6999999999984
    vertex 159.499999399415 39.0999999578531 28.2999999999984
  endloop
endfacet
facet normal 1.0 -2.10734379188029e-008 -7.39245450797841e-014
  outer loop
    vertex 159.499998596515 0.999999957853027 0.999999999998131
    vertex 159.499999399413 39.0999999578531 12.2999999999983
    vertex 159.499998671114 4.53999233452744 2.45792609530695
  endloop
endfacet
facet normal 1.0 -2.10734379188029e-008 -7.39245450797841e-014
  outer loop
    vertex 159.499998671114 4.53999233452744 2.45792609530695
    vertex 159.499999399413 39.0999999578531 12.2999999999983
    vertex 159.499998679755 4.94999995785303 2.62775681356483
  endloop
endfacet
facet normal 1.0 -2.10734379188029e-008 -7.39245450797841e-014
  outer loop
    vertex 159.499998679755 4.94999995785303 2.62775681356483
    vertex 159.499999399413 39.0999999578531 12.2999999999983
    vertex 159.499998687175 5.30208148587027 2.89791847198124
  endloop
endfacet
facet normal 1.0 -2.10734379188029e-008 -7.39245450797841e-014
  outer loop
    vertex 159.499998687175 5.30208148587027 2.89791847198124
    vertex 159.499999399413 39.0999999578531 12.2999999999983
    vertex 159.499998692868 5.57224314428663 3.24999999999836
  endloop
endfacet
facet normal 1.0 -2.10734379188029e-008 -7.39245450797841e-014
  outer loop
    vertex 159.499998692868 5.57224314428663 3.24999999999836
    vertex 159.499999399413 39.0999999578531 12.2999999999983
    vertex 159.499998696447 5.74207386254449 3.66000762332409
  endloop
endfacet
facet normal 1.0 -2.10734379188029e-008 -7.39245450797841e-014
  outer loop
    vertex 159.499998696447 5.74207386254449 3.66000762332409
    vertex 159.499999399413 39.0999999578531 12.2999999999983
    vertex 159.499998725064 7.09999995785308 12.2999999999983
  endloop
endfacet
facet normal 1.0 -2.10734379188029e-008 -7.39245450797841e-014
  outer loop
    vertex 159.499998696447 5.74207386254449 3.66000762332409
    vertex 159.499998725064 7.09999995785308 12.2999999999983
    vertex 159.499998697667 5.79999995785302 4.09999999999837
  endloop
endfacet
facet normal 1.0 -2.10734379188029e-008 -7.39245450797841e-014
  outer loop
    vertex 159.499998697667 5.79999995785302 4.09999999999837
    vertex 159.499998725064 7.09999995785308 12.2999999999983
    vertex 159.499998697671 5.79999995785311 33.2999999999984
  endloop
endfacet
facet normal 1.0 -2.10734379188029e-008 -7.39245450797841e-014
  outer loop
    vertex 159.499998596515 0.999999957853027 0.999999999998131
    vertex 159.499998671114 4.53999233452744 2.45792609530695
    vertex 159.499998661842 4.09999995785304 2.39999999999838
  endloop
endfacet
facet normal 1.0 -2.10734379188029e-008 -7.39245450797841e-014
  outer loop
    vertex 159.499998596515 0.999999957853027 0.999999999998131
    vertex 159.499998661842 4.09999995785304 2.39999999999838
    vertex 159.499998652571 3.66000758117883 2.45792609530695
  endloop
endfacet
facet normal 1.0 -2.10734379188029e-008 -7.39245450797841e-014
  outer loop
    vertex 159.499998596515 0.999999957853027 0.999999999998131
    vertex 159.499998652571 3.66000758117883 2.45792609530695
    vertex 159.49999864393 3.24999995785306 2.62775681356483
  endloop
endfacet
facet normal 1.0 -2.10734379188029e-008 -7.39245450797841e-014
  outer loop
    vertex 159.499998596515 0.999999957853027 0.999999999998131
    vertex 159.49999864393 3.24999995785306 2.62775681356483
    vertex 159.499998636511 2.897918429836 2.89791847198124
  endloop
endfacet
facet normal 1.0 -2.10734379188029e-008 -7.39245450797841e-014
  outer loop
    vertex 159.499998596515 0.999999957853027 0.999999999998131
    vertex 159.499998636511 2.897918429836 2.89791847198124
    vertex 159.499998630818 2.62775677141955 3.24999999999839
  endloop
endfacet
facet normal 1.0 -2.10734379188029e-008 -7.39245450797841e-014
  outer loop
    vertex 159.499998596515 0.999999957853027 0.999999999998131
    vertex 159.499998630818 2.62775677141955 3.24999999999839
    vertex 159.499998627239 2.45792605316169 3.66000762332409
  endloop
endfacet
facet normal 1.0 -2.10734379188029e-008 -7.39245450797841e-014
  outer loop
    vertex 159.499998596515 0.999999957853027 0.999999999998131
    vertex 159.499998627239 2.45792605316169 3.66000762332409
    vertex 159.499998626019 2.39999995785307 4.09999999999837
  endloop
endfacet
facet normal 1.0 -2.10734379188029e-008 -7.39245450797841e-014
  outer loop
    vertex 159.499998596515 0.999999957853027 0.999999999998131
    vertex 159.499998626019 2.39999995785307 4.09999999999837
    vertex 159.499998596518 0.999999957853027 36.3999999999984
  endloop
endfacet
facet normal 1.0 -2.10734379188029e-008 -7.39245450797841e-014
  outer loop
    vertex 159.49999869645 5.74207386254449 32.8600076233241
    vertex 159.499998697667 5.79999995785302 4.09999999999837
    vertex 159.499998697671 5.79999995785311 33.2999999999984
  endloop
endfacet
facet normal 1.0 -2.10734379188029e-008 -7.39245450797841e-014
  outer loop
    vertex 159.499998697667 5.79999995785302 4.09999999999837
    vertex 159.49999869645 5.74207386254449 32.8600076233241
    vertex 159.499998696447 5.74207386254449 4.53999237667266
  endloop
endfacet
facet normal 1.0 -2.10734379188029e-008 -7.39245450797841e-014
  outer loop
    vertex 159.499998696447 5.74207386254449 4.53999237667266
    vertex 159.49999869645 5.74207386254449 32.8600076233241
    vertex 159.499998692871 5.57224314428672 32.4499999999984
  endloop
endfacet
facet normal 1.0 -2.10734379188029e-008 -7.39245450797841e-014
  outer loop
    vertex 159.499998696447 5.74207386254449 4.53999237667266
    vertex 159.499998692871 5.57224314428672 32.4499999999984
    vertex 159.499998692868 5.57224314428663 4.94999999999836
  endloop
endfacet
facet normal 1.0 -2.10734379188029e-008 -7.39245450797841e-014
  outer loop
    vertex 159.499998692868 5.57224314428663 4.94999999999836
    vertex 159.499998692871 5.57224314428672 32.4499999999984
    vertex 159.499998687178 5.30208148587027 32.0979184719813
  endloop
endfacet
facet normal 1.0 -2.10734379188029e-008 -7.39245450797841e-014
  outer loop
    vertex 159.499998692868 5.57224314428663 4.94999999999836
    vertex 159.499998687178 5.30208148587027 32.0979184719813
    vertex 159.499998687175 5.30208148587027 5.30208152801551
  endloop
endfacet
facet normal 1.0 -2.10734379188029e-008 -7.39245450797841e-014
  outer loop
    vertex 159.499998687175 5.30208148587027 5.30208152801551
    vertex 159.499998687178 5.30208148587027 32.0979184719813
    vertex 159.499998679758 4.94999995785303 31.8277568135648
  endloop
endfacet
facet normal 1.0 -2.10734379188029e-008 -7.39245450797841e-014
  outer loop
    vertex 159.499998687175 5.30208148587027 5.30208152801551
    vertex 159.499998679758 4.94999995785303 31.8277568135648
    vertex 159.499998679755 4.94999995785303 5.57224318643192
  endloop
endfacet
facet normal 1.0 -2.10734379188029e-008 -7.39245450797841e-014
  outer loop
    vertex 159.499998679755 4.94999995785303 5.57224318643192
    vertex 159.499998679758 4.94999995785303 31.8277568135648
    vertex 159.499998671118 4.53999233452744 31.6579260953069
  endloop
endfacet
facet normal 1.0 -2.10734379188029e-008 -7.39245450797841e-014
  outer loop
    vertex 159.499998679755 4.94999995785303 5.57224318643192
    vertex 159.499998671118 4.53999233452744 31.6579260953069
    vertex 159.499998671115 4.53999233452744 5.7420739046898
  endloop
endfacet
facet normal 1.0 -2.10734379188029e-008 -7.39245450797841e-014
  outer loop
    vertex 159.499998671115 4.53999233452744 5.7420739046898
    vertex 159.499998671118 4.53999233452744 31.6579260953069
    vertex 159.499998661846 4.09999995785304 31.5999999999984
  endloop
endfacet
facet normal 1.0 -2.10734379188029e-008 -7.39245450797841e-014
  outer loop
    vertex 159.499998671115 4.53999233452744 5.7420739046898
    vertex 159.499998661846 4.09999995785304 31.5999999999984
    vertex 159.499998661843 4.09999995785304 5.79999999999837
  endloop
endfacet
facet normal 1.0 -2.10734379188029e-008 -7.39245450797841e-014
  outer loop
    vertex 159.499998661843 4.09999995785304 5.79999999999837
    vertex 159.499998661846 4.09999995785304 31.5999999999984
    vertex 159.499998652575 3.66000758117883 31.6579260953069
  endloop
endfacet
facet normal 1.0 -2.10734379188029e-008 -7.39245450797841e-014
  outer loop
    vertex 159.499998661843 4.09999995785304 5.79999999999837
    vertex 159.499998652575 3.66000758117883 31.6579260953069
    vertex 159.499998652572 3.66000758117883 5.7420739046898
  endloop
endfacet
facet normal 1.0 -2.10734379188029e-008 -7.39245450797841e-014
  outer loop
    vertex 159.499998652572 3.66000758117883 5.7420739046898
    vertex 159.499998652575 3.66000758117883 31.6579260953069
    vertex 159.499998643933 3.24999995785306 31.8277568135648
  endloop
endfacet
facet normal 1.0 -2.10734379188029e-008 -7.39245450797841e-014
  outer loop
    vertex 159.499998652572 3.66000758117883 5.7420739046898
    vertex 159.499998643933 3.24999995785306 31.8277568135648
    vertex 159.49999864393 3.24999995785306 5.57224318643192
  endloop
endfacet
facet normal 1.0 -2.10734379188029e-008 -7.39245450797841e-014
  outer loop
    vertex 159.49999864393 3.24999995785306 5.57224318643192
    vertex 159.499998643933 3.24999995785306 31.8277568135648
    vertex 159.499998636515 2.897918429836 32.0979184719813
  endloop
endfacet
facet normal 1.0 -2.10734379188029e-008 -7.39245450797841e-014
  outer loop
    vertex 159.49999864393 3.24999995785306 5.57224318643192
    vertex 159.499998636515 2.897918429836 32.0979184719813
    vertex 159.499998636512 2.897918429836 5.30208152801551
  endloop
endfacet
facet normal 1.0 -2.10734379188029e-008 -7.39245450797841e-014
  outer loop
    vertex 159.499998636512 2.897918429836 5.30208152801551
    vertex 159.499998636515 2.897918429836 32.0979184719813
    vertex 159.499998630821 2.62775677141955 32.4499999999984
  endloop
endfacet
facet normal 1.0 -2.10734379188029e-008 -7.39245450797841e-014
  outer loop
    vertex 159.499998636512 2.897918429836 5.30208152801551
    vertex 159.499998630821 2.62775677141955 32.4499999999984
    vertex 159.499998630818 2.62775677141955 4.94999999999838
  endloop
endfacet
facet normal 1.0 -2.10734379188029e-008 -7.39245450797841e-014
  outer loop
    vertex 159.499998630818 2.62775677141955 4.94999999999838
    vertex 159.499998630821 2.62775677141955 32.4499999999984
    vertex 159.499998627242 2.4579260531616 32.8600076233241
  endloop
endfacet
facet normal 1.0 -2.10734379188029e-008 -7.39245450797841e-014
  outer loop
    vertex 159.499998630818 2.62775677141955 4.94999999999838
    vertex 159.499998627242 2.4579260531616 32.8600076233241
    vertex 159.499998627239 2.45792605316169 4.53999237667266
  endloop
endfacet
facet normal 1.0 -2.10734379188029e-008 -7.39245450797841e-014
  outer loop
    vertex 159.499998627239 2.45792605316169 4.53999237667266
    vertex 159.499998627242 2.4579260531616 32.8600076233241
    vertex 159.499998626019 2.39999995785307 4.09999999999837
  endloop
endfacet
facet normal 1.0 -2.10734379188029e-008 -7.39245450797841e-014
  outer loop
    vertex 159.499998626019 2.39999995785307 4.09999999999837
    vertex 159.499998627242 2.4579260531616 32.8600076233241
    vertex 159.499998626022 2.39999995785307 33.2999999999984
  endloop
endfacet
facet normal 1.0 -2.10734379188029e-008 -7.39245450797841e-014
  outer loop
    vertex 159.499999853586 60.6518289541761 24.8518289963214
    vertex 159.499999785013 57.3977774367203 29.9235428646908
    vertex 159.499999765943 56.4929066051425 26.1376288624242
  endloop
endfacet
facet normal 1.0 -2.10734379188029e-008 -7.39245450797841e-014
  outer loop
    vertex 159.499999785013 57.3977774367203 29.9235428646908
    vertex 159.499999853586 60.6518289541761 24.8518289963214
    vertex 159.499999787166 57.4999999578531 30.6999999999984
  endloop
endfacet
facet normal 1.0 -2.10734379188029e-008 -7.39245450797841e-014
  outer loop
    vertex 159.499999765943 56.4929066051425 26.1376288624242
    vertex 159.499999785013 57.3977774367203 29.9235428646908
    vertex 159.499999778696 57.0980761692065 29.1999999999984
  endloop
endfacet
facet normal 1.0 -2.10734379188029e-008 -7.39245450797841e-014
  outer loop
    vertex 159.499999765943 56.4929066051425 26.1376288624242
    vertex 159.499999778696 57.0980761692065 29.1999999999984
    vertex 159.499999768649 56.6213203014127 28.5786796564387
  endloop
endfacet
facet normal 1.0 -2.10734379188029e-008 -7.39245450797841e-014
  outer loop
    vertex 159.499999765943 56.4929066051425 26.1376288624242
    vertex 159.499999768649 56.6213203014127 28.5786796564387
    vertex 159.499999755556 55.9999999578531 28.1019237886451
  endloop
endfacet
facet normal 1.0 -2.10734379188029e-008 -7.39245450797841e-014
  outer loop
    vertex 159.499999765943 56.4929066051425 26.1376288624242
    vertex 159.499999755556 55.9999999578531 28.1019237886451
    vertex 159.499999745126 55.5050516379475 26.3341254325767
  endloop
endfacet
facet normal 1.0 -2.10734379188029e-008 -7.39245450797841e-014
  outer loop
    vertex 159.499999745126 55.5050516379475 26.3341254325767
    vertex 159.499999755556 55.9999999578531 28.1019237886451
    vertex 159.499999740308 55.2764570931606 27.8022225211312
  endloop
endfacet
facet normal 1.0 -2.10734379188029e-008 -7.39245450797841e-014
  outer loop
    vertex 159.499999745126 55.5050516379475 26.3341254325767
    vertex 159.499999740308 55.2764570931606 27.8022225211312
    vertex 159.499999723945 54.4999999578531 26.3999999999984
  endloop
endfacet
facet normal 1.0 -2.10734379188029e-008 -7.39245450797841e-014
  outer loop
    vertex 159.499999723945 54.4999999578531 26.3999999999984
    vertex 159.499999740308 55.2764570931606 27.8022225211312
    vertex 159.499999723945 54.4999999578531 27.6999999999984
  endloop
endfacet
facet normal 1.0 -2.10734379188029e-008 -7.39245450797841e-014
  outer loop
    vertex 159.499999723945 54.4999999578531 26.3999999999984
    vertex 159.499999723945 54.4999999578531 27.6999999999984
    vertex 159.499999707583 53.7235428225455 27.8022225211312
  endloop
endfacet
facet normal 1.0 -2.10734379188029e-008 -7.39245450797841e-014
  outer loop
    vertex 159.499999723945 54.4999999578531 26.3999999999984
    vertex 159.499999707583 53.7235428225455 27.8022225211312
    vertex 159.499999702766 53.4949482777587 26.3341254325767
  endloop
endfacet
facet normal 1.0 -2.10734379188029e-008 -7.39245450797841e-014
  outer loop
    vertex 159.499999702766 53.4949482777587 26.3341254325767
    vertex 159.499999707583 53.7235428225455 27.8022225211312
    vertex 159.499999692335 52.9999999578531 28.1019237886451
  endloop
endfacet
facet normal 1.0 -2.10734379188029e-008 -7.39245450797841e-014
  outer loop
    vertex 159.499999702766 53.4949482777587 26.3341254325767
    vertex 159.499999692335 52.9999999578531 28.1019237886451
    vertex 159.499999681948 52.5070933105637 26.1376288624242
  endloop
endfacet
facet normal 1.0 -2.10734379188029e-008 -7.39245450797841e-014
  outer loop
    vertex 159.499999681948 52.5070933105637 26.1376288624242
    vertex 159.499999692335 52.9999999578531 28.1019237886451
    vertex 159.499999679242 52.3786796142935 28.5786796564387
  endloop
endfacet
facet normal 1.0 -2.10734379188029e-008 -7.39245450797841e-014
  outer loop
    vertex 159.499999681948 52.5070933105637 26.1376288624242
    vertex 159.499999679242 52.3786796142935 28.5786796564387
    vertex 159.499999594305 48.3481709615302 24.8518289963214
  endloop
endfacet
facet normal 1.0 -2.10734379188029e-008 -7.39245450797841e-014
  outer loop
    vertex 159.499999594305 48.3481709615302 24.8518289963214
    vertex 159.499999679242 52.3786796142935 28.5786796564387
    vertex 159.499999676063 52.2278023973744 28.7753066737114
  endloop
endfacet
facet normal 1.0 -2.10734379188029e-008 -7.39245450797841e-014
  outer loop
    vertex 159.499999594305 48.3481709615302 24.8518289963214
    vertex 159.499999676063 52.2278023973744 28.7753066737114
    vertex 159.499999672828 52.0743369997786 28.9753066737114
  endloop
endfacet
facet normal 1.0 -2.10734379188029e-008 -7.39245450797841e-014
  outer loop
    vertex 159.499999594305 48.3481709615302 24.8518289963214
    vertex 159.499999672828 52.0743369997786 28.9753066737114
    vertex 159.499999647556 50.8751288272565 28.9753066737114
  endloop
endfacet
facet normal 1.0 -2.10734379188029e-008 -7.39245450797841e-014
  outer loop
    vertex 159.499999948211 65.1420738625449 32.8600076233241
    vertex 159.499999949428 65.1999999578535 4.09999999999837
    vertex 159.499999949432 65.1999999578535 33.2999999999984
  endloop
endfacet
facet normal 1.0 -2.10734379188029e-008 -7.39245450797841e-014
  outer loop
    vertex 159.499999949428 65.1999999578535 4.09999999999837
    vertex 159.499999948211 65.1420738625449 32.8600076233241
    vertex 159.499999948208 65.1420738625449 4.53999237667266
  endloop
endfacet
facet normal 1.0 -2.10734379188029e-008 -7.39245450797841e-014
  outer loop
    vertex 159.499999948208 65.1420738625449 4.53999237667266
    vertex 159.499999948211 65.1420738625449 32.8600076233241
    vertex 159.499999944632 64.9722431442871 32.4499999999984
  endloop
endfacet
facet normal 1.0 -2.10734379188029e-008 -7.39245450797841e-014
  outer loop
    vertex 159.499999948208 65.1420738625449 4.53999237667266
    vertex 159.499999944632 64.9722431442871 32.4499999999984
    vertex 159.499999944629 64.972243144287 4.94999999999836
  endloop
endfacet
facet normal 1.0 -2.10734379188029e-008 -7.39245450797841e-014
  outer loop
    vertex 159.499999944629 64.972243144287 4.94999999999836
    vertex 159.499999944632 64.9722431442871 32.4499999999984
    vertex 159.499999938939 64.7020814858707 32.0979184719813
  endloop
endfacet
facet normal 1.0 -2.10734379188029e-008 -7.39245450797841e-014
  outer loop
    vertex 159.499999944629 64.972243144287 4.94999999999836
    vertex 159.499999938939 64.7020814858707 32.0979184719813
    vertex 159.499999938936 64.7020814858706 5.30208152801551
  endloop
endfacet
facet normal 1.0 -2.10734379188029e-008 -7.39245450797841e-014
  outer loop
    vertex 159.499999938936 64.7020814858706 5.30208152801551
    vertex 159.499999938939 64.7020814858707 32.0979184719813
    vertex 159.499999931519 64.3499999578532 31.8277568135648
  endloop
endfacet
facet normal 1.0 -2.10734379188029e-008 -7.39245450797841e-014
  outer loop
    vertex 159.499999938936 64.7020814858706 5.30208152801551
    vertex 159.499999931519 64.3499999578532 31.8277568135648
    vertex 159.499999931516 64.3499999578532 5.57224318643192
  endloop
endfacet
facet normal 1.0 -2.10734379188029e-008 -7.39245450797841e-014
  outer loop
    vertex 159.499999931516 64.3499999578532 5.57224318643192
    vertex 159.499999931519 64.3499999578532 31.8277568135648
    vertex 159.499999922879 63.9399923345275 31.6579260953069
  endloop
endfacet
facet normal 1.0 -2.10734379188029e-008 -7.39245450797841e-014
  outer loop
    vertex 159.499999931516 64.3499999578532 5.57224318643192
    vertex 159.499999922879 63.9399923345275 31.6579260953069
    vertex 159.499999922876 63.9399923345275 5.7420739046898
  endloop
endfacet
facet normal 1.0 -2.10734379188029e-008 -7.39245450797841e-014
  outer loop
    vertex 159.499999922876 63.9399923345275 5.7420739046898
    vertex 159.499999922879 63.9399923345275 31.6579260953069
    vertex 159.499999913607 63.4999999578532 31.5999999999984
  endloop
endfacet
facet normal 1.0 -2.10734379188029e-008 -7.39245450797841e-014
  outer loop
    vertex 159.499999922876 63.9399923345275 5.7420739046898
    vertex 159.499999913607 63.4999999578532 31.5999999999984
    vertex 159.499999913604 63.4999999578532 5.79999999999837
  endloop
endfacet
facet normal 1.0 -2.10734379188029e-008 -7.39245450797841e-014
  outer loop
    vertex 159.499999913604 63.4999999578532 5.79999999999837
    vertex 159.499999913607 63.4999999578532 31.5999999999984
    vertex 159.499999904335 63.060007581179 31.6579260953069
  endloop
endfacet
facet normal 1.0 -2.10734379188029e-008 -7.39245450797841e-014
  outer loop
    vertex 159.499999913604 63.4999999578532 5.79999999999837
    vertex 159.499999904335 63.060007581179 31.6579260953069
    vertex 159.499999904332 63.060007581179 5.7420739046898
  endloop
endfacet
facet normal 1.0 -2.10734379188029e-008 -7.39245450797841e-014
  outer loop
    vertex 159.499999904332 63.060007581179 5.7420739046898
    vertex 159.499999904335 63.060007581179 31.6579260953069
    vertex 159.499999895696 62.6499999578533 31.8277568135648
  endloop
endfacet
facet normal 1.0 -2.10734379188029e-008 -7.39245450797841e-014
  outer loop
    vertex 159.499999904332 63.060007581179 5.7420739046898
    vertex 159.499999895696 62.6499999578533 31.8277568135648
    vertex 159.499999895692 62.6499999578533 5.57224318643192
  endloop
endfacet
facet normal 1.0 -2.10734379188029e-008 -7.39245450797841e-014
  outer loop
    vertex 159.499999895692 62.6499999578533 5.57224318643192
    vertex 159.499999895696 62.6499999578533 31.8277568135648
    vertex 159.499999888275 62.2979184298361 32.0979184719813
  endloop
endfacet
facet normal 1.0 -2.10734379188029e-008 -7.39245450797841e-014
  outer loop
    vertex 159.499999895692 62.6499999578533 5.57224318643192
    vertex 159.499999888275 62.2979184298361 32.0979184719813
    vertex 159.499999888272 62.2979184298362 5.30208152801551
  endloop
endfacet
facet normal 1.0 -2.10734379188029e-008 -7.39245450797841e-014
  outer loop
    vertex 159.499999888272 62.2979184298362 5.30208152801551
    vertex 159.499999888275 62.2979184298361 32.0979184719813
    vertex 159.49999988621 62.1999999578533 18.6999999999983
  endloop
endfacet
facet normal 1.0 -2.10734379188029e-008 -7.39245450797841e-014
  outer loop
    vertex 159.499999888272 62.2979184298362 5.30208152801551
    vertex 159.49999988621 62.1999999578533 18.6999999999983
    vertex 159.499999882579 62.0277567714198 4.94999999999838
  endloop
endfacet
facet normal 1.0 -2.10734379188029e-008 -7.39245450797841e-014
  outer loop
    vertex 159.499999882579 62.0277567714198 4.94999999999838
    vertex 159.49999988621 62.1999999578533 18.6999999999983
    vertex 159.499999884821 62.1341253904316 17.6949483199039
  endloop
endfacet
facet normal 1.0 -2.10734379188029e-008 -7.39245450797841e-014
  outer loop
    vertex 159.499999882579 62.0277567714198 4.94999999999838
    vertex 159.499999884821 62.1341253904316 17.6949483199039
    vertex 159.499999880681 61.9376288202791 16.7070933527089
  endloop
endfacet
facet normal 1.0 -2.10734379188029e-008 -7.39245450797841e-014
  outer loop
    vertex 159.499999882579 62.0277567714198 4.94999999999838
    vertex 159.499999880681 61.9376288202791 16.7070933527089
    vertex 159.499999879 61.8579260531618 4.53999237667266
  endloop
endfacet
facet normal 1.0 -2.10734379188029e-008 -7.39245450797841e-014
  outer loop
    vertex 159.499999879 61.8579260531618 4.53999237667266
    vertex 159.499999880681 61.9376288202791 16.7070933527089
    vertex 159.499999853584 60.651828954176 12.5481710036754
  endloop
endfacet
facet normal 1.0 -2.10734379188029e-008 -7.39245450797841e-014
  outer loop
    vertex 159.499999879 61.8579260531618 4.53999237667266
    vertex 159.499999853584 60.651828954176 12.5481710036754
    vertex 159.499999877779 61.7999999578531 4.09999999999837
  endloop
endfacet
facet normal 1.0 -2.10734379188029e-008 -7.39245450797841e-014
  outer loop
    vertex 159.499999882582 62.0277567714198 32.4499999999984
    vertex 159.49999988621 62.1999999578533 18.6999999999983
    vertex 159.499999888275 62.2979184298361 32.0979184719813
  endloop
endfacet
facet normal 1.0 -2.10734379188029e-008 -7.39245450797841e-014
  outer loop
    vertex 159.49999988621 62.1999999578533 18.6999999999983
    vertex 159.499999882582 62.0277567714198 32.4499999999984
    vertex 159.499999884822 62.1341253904316 19.7050516800927
  endloop
endfacet
facet normal 1.0 -2.10734379188029e-008 -7.39245450797841e-014
  outer loop
    vertex 159.499999884822 62.1341253904316 19.7050516800927
    vertex 159.499999882582 62.0277567714198 32.4499999999984
    vertex 159.499999880681 61.9376288202791 20.6929066472877
  endloop
endfacet
facet normal 1.0 -2.10734379188029e-008 -7.39245450797841e-014
  outer loop
    vertex 159.499999880681 61.9376288202791 20.6929066472877
    vertex 159.499999882582 62.0277567714198 32.4499999999984
    vertex 159.499999879003 61.8579260531618 32.8600076233241
  endloop
endfacet
facet normal 1.0 -2.10734379188029e-008 -7.39245450797841e-014
  outer loop
    vertex 159.499999880681 61.9376288202791 20.6929066472877
    vertex 159.499999879003 61.8579260531618 32.8600076233241
    vertex 159.499999853586 60.6518289541761 24.8518289963214
  endloop
endfacet
facet normal 1.0 -2.10734379188029e-008 -7.39245450797841e-014
  outer loop
    vertex 159.499999853586 60.6518289541761 24.8518289963214
    vertex 159.499999879003 61.8579260531618 32.8600076233241
    vertex 159.499999877782 61.7999999578531 33.2999999999984
  endloop
endfacet
facet normal -0.444144953289844 0.342867120944784 -0.827754430880437
  outer loop
    vertex 159.499999692336 52.9999999578531 33.2980762113517
    vertex 157.49999970213 53.4647238195898 34.5637033051549
    vertex 159.499999707584 53.7235428225455 33.5977774788656
  endloop
endfacet
facet normal -0.444144953289844 0.342867120944784 -0.827754430880437
  outer loop
    vertex 157.49999970213 53.4647238195898 34.5637033051549
    vertex 159.499999692336 52.9999999578531 33.2980762113517
    vertex 157.499999681799 52.4999999999999 34.1641016151364
  endloop
endfacet
facet normal -0.444144958050568 0.116945596045001 0.888289921030256
  outer loop
    vertex 159.499999723945 54.4999999578531 27.6999999999984
    vertex 157.499999702129 53.4647238195898 26.8362966948424
    vertex 159.499999707583 53.7235428225455 27.8022225211312
  endloop
endfacet
facet normal -0.444144958050568 0.116945596045001 0.888289921030256
  outer loop
    vertex 157.499999702129 53.4647238195898 26.8362966948424
    vertex 159.499999723945 54.4999999578531 27.6999999999984
    vertex 157.499999723945 54.5 26.6999999999986
  endloop
endfacet
facet normal -0.44414496774039 -0.342867102225479 0.827754430880555
  outer loop
    vertex 159.499999755556 55.9999999578531 28.1019237886451
    vertex 157.499999745763 55.53527618041 26.8362966948424
    vertex 159.499999740308 55.2764570931606 27.8022225211312
  endloop
endfacet
facet normal -0.44414496774039 -0.342867102225479 0.827754430880555
  outer loop
    vertex 157.499999745763 55.53527618041 26.8362966948424
    vertex 159.499999755556 55.9999999578531 28.1019237886451
    vertex 157.499999766092 56.4999999999999 27.2358983848609
  endloop
endfacet
facet normal -0.444144972008941 -0.545422800085427 0.710808844195224
  outer loop
    vertex 157.49999978355 57.3284271247462 27.8715728752524
    vertex 159.499999755556 55.9999999578531 28.1019237886451
    vertex 159.499999768649 56.6213203014127 28.5786796564387
  endloop
endfacet
facet normal -0.444144972008941 -0.545422800085427 0.710808844195224
  outer loop
    vertex 159.499999755556 55.9999999578531 28.1019237886451
    vertex 157.49999978355 57.3284271247462 27.8715728752524
    vertex 157.499999766092 56.4999999999999 27.2358983848609
  endloop
endfacet
facet normal -0.444144975494214 -0.710808834835509 0.54542280944514
  outer loop
    vertex 159.499999768649 56.6213203014127 28.5786796564387
    vertex 157.499999796946 57.9641016151377 28.6999999999986
    vertex 157.49999978355 57.3284271247462 27.8715728752524
  endloop
endfacet
facet normal -0.444144975494214 -0.710808834835509 0.54542280944514
  outer loop
    vertex 157.499999796946 57.9641016151377 28.6999999999986
    vertex 159.499999768649 56.6213203014127 28.5786796564387
    vertex 159.499999778696 57.0980761692065 29.1999999999984
  endloop
endfacet
facet normal -0.44414494553607 0.710808853555458 -0.545422809444139
  outer loop
    vertex 157.499999652561 51.1126310836616 32.8000000000006
    vertex 159.499999676063 52.2278023973744 32.6246933262855
    vertex 159.49999967081 51.9786564452991 32.3000000000004
  endloop
endfacet
facet normal -0.44414494553607 0.710808853555458 -0.545422809444139
  outer loop
    vertex 159.499999676063 52.2278023973744 32.6246933262855
    vertex 157.499999652561 51.1126310836616 32.8000000000006
    vertex 159.499999679243 52.3786796142935 32.821320343558
  endloop
endfacet
facet normal -0.44414494553607 0.710808853555458 -0.545422809444139
  outer loop
    vertex 159.499999679243 52.3786796142935 32.821320343558
    vertex 157.499999652561 51.1126310836616 32.8000000000006
    vertex 157.499999653913 51.1767123800575 32.8835123713882
  endloop
endfacet
facet normal -0.44414494553607 0.710808853555458 -0.545422809444139
  outer loop
    vertex 159.499999679243 52.3786796142935 32.821320343558
    vertex 157.499999653913 51.1767123800575 32.8835123713882
    vertex 157.499999664342 51.6715728752538 33.5284271247448
  endloop
endfacet
facet normal -0.444144949021293 0.54542281880475 -0.710808844195086
  outer loop
    vertex 157.499999664342 51.6715728752538 33.5284271247448
    vertex 159.499999692336 52.9999999578531 33.2980762113517
    vertex 159.499999679243 52.3786796142935 32.821320343558
  endloop
endfacet
facet normal -0.444144949021293 0.54542281880475 -0.710808844195086
  outer loop
    vertex 159.499999692336 52.9999999578531 33.2980762113517
    vertex 157.499999664342 51.6715728752538 33.5284271247448
    vertex 157.499999681799 52.4999999999999 34.1641016151364
  endloop
endfacet
facet normal -0.444144949021114 0.545422818804785 0.710808844195171
  outer loop
    vertex 159.499999692335 52.9999999578531 28.1019237886451
    vertex 157.499999664341 51.6715728752538 27.8715728752524
    vertex 159.499999679242 52.3786796142935 28.5786796564387
  endloop
endfacet
facet normal -0.444144949021114 0.545422818804785 0.710808844195171
  outer loop
    vertex 157.499999664341 51.6715728752538 27.8715728752524
    vertex 159.499999692335 52.9999999578531 28.1019237886451
    vertex 157.499999681799 52.4999999999999 27.2358983848609
  endloop
endfacet
facet normal -0.444144977958668 -0.827754421520856 0.342867111585183
  outer loop
    vertex 159.499999778696 57.0980761692065 29.1999999999984
    vertex 157.499999805368 58.3637033051562 29.6647238195886
    vertex 157.499999796946 57.9641016151377 28.6999999999986
  endloop
endfacet
facet normal -0.444144977958668 -0.827754421520856 0.342867111585183
  outer loop
    vertex 157.499999805368 58.3637033051562 29.6647238195886
    vertex 159.499999778696 57.0980761692065 29.1999999999984
    vertex 159.499999785013 57.3977774367203 29.9235428646908
  endloop
endfacet
facet normal -0.444144958050778 0.116945596044976 -0.888289921030155
  outer loop
    vertex 157.49999970213 53.4647238195898 34.5637033051549
    vertex 159.499999723946 54.4999999578531 33.6999999999984
    vertex 159.499999707584 53.7235428225455 33.5977774788656
  endloop
endfacet
facet normal -0.444144958050778 0.116945596044976 -0.888289921030155
  outer loop
    vertex 159.499999723946 54.4999999578531 33.6999999999984
    vertex 157.49999970213 53.4647238195898 34.5637033051549
    vertex 157.499999723946 54.5 34.6999999999987
  endloop
endfacet
facet normal -0.44414497200912 -0.545422800085408 -0.710808844195126
  outer loop
    vertex 159.499999755556 55.9999999578531 33.2980762113517
    vertex 157.499999783551 57.3284271247462 33.5284271247448
    vertex 159.49999976865 56.6213203014127 32.821320343558
  endloop
endfacet
facet normal -0.44414497200912 -0.545422800085408 -0.710808844195126
  outer loop
    vertex 157.499999783551 57.3284271247462 33.5284271247448
    vertex 159.499999755556 55.9999999578531 33.2980762113517
    vertex 157.499999766093 56.4999999999999 34.1641016151364
  endloop
endfacet
facet normal -0.444144962979457 -0.116945577325695 0.888289921030255
  outer loop
    vertex 157.499999745763 55.53527618041 26.8362966948424
    vertex 159.499999723945 54.4999999578531 27.6999999999984
    vertex 159.499999740308 55.2764570931606 27.8022225211312
  endloop
endfacet
facet normal -0.444144962979457 -0.116945577325695 0.888289921030255
  outer loop
    vertex 159.499999723945 54.4999999578531 27.6999999999984
    vertex 157.499999745763 55.53527618041 26.8362966948424
    vertex 157.499999723945 54.5 26.6999999999986
  endloop
endfacet
facet normal -0.444144945535841 0.710808853555187 0.545422809444678
  outer loop
    vertex 157.499999653913 51.1767123800574 28.5164876286091
    vertex 159.499999679242 52.3786796142935 28.5786796564387
    vertex 157.499999664341 51.6715728752538 27.8715728752524
  endloop
endfacet
facet normal -0.444144945535841 0.710808853555187 0.545422809444678
  outer loop
    vertex 159.499999679242 52.3786796142935 28.5786796564387
    vertex 157.499999653913 51.1767123800574 28.5164876286091
    vertex 157.499999652561 51.1126310836586 28.6000000000006
  endloop
endfacet
facet normal -0.444144945535841 0.710808853555187 0.545422809444678
  outer loop
    vertex 159.499999679242 52.3786796142935 28.5786796564387
    vertex 157.499999652561 51.1126310836586 28.6000000000006
    vertex 159.499999676063 52.2278023973744 28.7753066737114
  endloop
endfacet
facet normal -0.444144945535841 0.710808853555187 0.545422809444678
  outer loop
    vertex 159.499999676063 52.2278023973744 28.7753066737114
    vertex 157.499999652561 51.1126310836586 28.6000000000006
    vertex 159.499999672828 52.0743369997786 28.9753066737114
  endloop
endfacet
facet normal -0.44414497549435 -0.710808834835504 -0.545422809445037
  outer loop
    vertex 159.49999976865 56.6213203014127 32.821320343558
    vertex 157.499999796947 57.9641016151377 32.6999999999986
    vertex 159.499999778696 57.0980761692065 32.1999999999984
  endloop
endfacet
facet normal -0.44414497549435 -0.710808834835504 -0.545422809445037
  outer loop
    vertex 157.499999796947 57.9641016151377 32.6999999999986
    vertex 159.49999976865 56.6213203014127 32.821320343558
    vertex 157.499999783551 57.3284271247462 33.5284271247448
  endloop
endfacet
facet normal -0.444144979234434 -0.888289911670556 -0.11694558668526
  outer loop
    vertex 159.499999785013 57.3977774367203 31.4764571353059
    vertex 157.49999980824 58.5 30.6999999999986
    vertex 159.499999787166 57.4999999578531 30.6999999999984
  endloop
endfacet
facet normal -0.444144979234434 -0.888289911670556 -0.11694558668526
  outer loop
    vertex 157.49999980824 58.5 30.6999999999986
    vertex 159.499999785013 57.3977774367203 31.4764571353059
    vertex 157.499999805368 58.3637033051562 31.7352761804087
  endloop
endfacet
facet normal -0.444144962979658 -0.116945577325694 -0.888289921030155
  outer loop
    vertex 159.499999723946 54.4999999578531 33.6999999999984
    vertex 157.499999745763 55.53527618041 34.5637033051549
    vertex 159.499999740309 55.2764570931606 33.5977774788656
  endloop
endfacet
facet normal -0.444144962979658 -0.116945577325694 -0.888289921030155
  outer loop
    vertex 157.499999745763 55.53527618041 34.5637033051549
    vertex 159.499999723946 54.4999999578531 33.6999999999984
    vertex 157.499999723946 54.5 34.6999999999987
  endloop
endfacet
facet normal -0.444144953289639 0.342867120944756 0.827754430880559
  outer loop
    vertex 157.499999702129 53.4647238195898 26.8362966948424
    vertex 159.499999692335 52.9999999578531 28.1019237886451
    vertex 159.499999707583 53.7235428225455 27.8022225211312
  endloop
endfacet
facet normal -0.444144953289639 0.342867120944756 0.827754430880559
  outer loop
    vertex 159.499999692335 52.9999999578531 28.1019237886451
    vertex 157.499999702129 53.4647238195898 26.8362966948424
    vertex 157.499999681799 52.4999999999999 27.2358983848609
  endloop
endfacet
facet normal -0.444144979234402 -0.888289911670557 0.116945586685373
  outer loop
    vertex 159.499999785013 57.3977774367203 29.9235428646908
    vertex 157.49999980824 58.5 30.6999999999986
    vertex 157.499999805368 58.3637033051562 29.6647238195886
  endloop
endfacet
facet normal -0.444144979234402 -0.888289911670557 0.116945586685373
  outer loop
    vertex 157.49999980824 58.5 30.6999999999986
    vertex 159.499999785013 57.3977774367203 29.9235428646908
    vertex 159.499999787166 57.4999999578531 30.6999999999984
  endloop
endfacet
facet normal -0.444144977958761 -0.827754421520855 -0.342867111585066
  outer loop
    vertex 159.499999778696 57.0980761692065 32.1999999999984
    vertex 157.499999805368 58.3637033051562 31.7352761804087
    vertex 159.499999785013 57.3977774367203 31.4764571353059
  endloop
endfacet
facet normal -0.444144977958761 -0.827754421520855 -0.342867111585066
  outer loop
    vertex 157.499999805368 58.3637033051562 31.7352761804087
    vertex 159.499999778696 57.0980761692065 32.1999999999984
    vertex 157.499999796947 57.9641016151377 32.6999999999986
  endloop
endfacet
facet normal -0.444144967740591 -0.342867102225476 -0.827754430880448
  outer loop
    vertex 157.499999745763 55.53527618041 34.5637033051549
    vertex 159.499999755556 55.9999999578531 33.2980762113517
    vertex 159.499999740309 55.2764570931606 33.5977774788656
  endloop
endfacet
facet normal -0.444144967740591 -0.342867102225476 -0.827754430880448
  outer loop
    vertex 159.499999755556 55.9999999578531 33.2980762113517
    vertex 157.499999745763 55.53527618041 34.5637033051549
    vertex 157.499999766093 56.4999999999999 34.1641016151364
  endloop
endfacet
facet normal -0.397359687781032 0.917662943856055 -9.78207923282497e-014
  outer loop
    vertex 157.499999629304 50.009103465619 32.8000000000006
    vertex 159.499999647556 50.8751288272565 28.9753066737114
    vertex 157.499999629304 50.0091034656189 28.6000000000006
  endloop
endfacet
facet normal -0.397359687781032 0.917662943856055 -9.78207923282497e-014
  outer loop
    vertex 159.499999647556 50.8751288272565 28.9753066737114
    vertex 157.499999629304 50.009103465619 32.8000000000006
    vertex 159.499999647554 50.8751288272565 32.3000000000004
  endloop
endfacet
endsolid Remix of isaac879 Pan Tilt Camera Mount
