solid Remix of isaac879 Pan Tilt Camera Mount
facet normal 2.62944739455679e-009 -0.894427190493306 -0.447213596513178
  outer loop
    vertex 79.1387566999885 54.186035121262 -47.1000000293994
    vertex 37.8887566998958 49.8860349999978 -38.5000000537609
    vertex 37.8887567000107 54.1860349999977 -47.1000000294054
  endloop
endfacet
facet normal 2.62944739455679e-009 -0.894427190493306 -0.447213596513178
  outer loop
    vertex 37.8887566998958 49.8860349999978 -38.5000000537609
    vertex 79.1387566999885 54.186035121262 -47.1000000293994
    vertex 79.1387566998739 49.8860351212621 -38.5000000537553
  endloop
endfacet
facet normal 1.0 -1.05237132452168e-014 1.31238268892664e-014
  outer loop
    vertex 84.1387566999877 8.88603512126213 -38.5000000000083
    vertex 84.1387566999883 59.186035121262 -47.1000000293992
    vertex 84.1387566999885 59.186035121262 -38.5000000293992
  endloop
endfacet
facet normal 1.0 -1.05237132452168e-014 1.31238268892664e-014
  outer loop
    vertex 84.1387566999883 59.186035121262 -47.1000000293992
    vertex 84.1387566999877 8.88603512126213 -38.5000000000083
    vertex 84.1387566999881 4.58603512126211 -47.1000000293991
  endloop
endfacet
facet normal -2.365817647157e-009 1.0 4.68656819527569e-011
  outer loop
    vertex 32.8887567000107 59.1860349999978 -38.5000000294051
    vertex 84.1387566999883 59.186035121262 -47.1000000293992
    vertex 32.8887567000106 59.1860349999978 -47.1000000294052
  endloop
endfacet
facet normal -2.365817647157e-009 1.0 4.68656819527569e-011
  outer loop
    vertex 84.1387566999883 59.186035121262 -47.1000000293992
    vertex 32.8887567000107 59.1860349999978 -38.5000000294051
    vertex 84.1387566999885 59.186035121262 -38.5000000293992
  endloop
endfacet
facet normal 1.0 -4.79390440746322e-014 3.00791765937404e-014
  outer loop
    vertex 84.1387566999876 -0.413992880403233 -38.5000000293932
    vertex 84.1387566999877 -0.413963725458654 -41.5000000293978
    vertex 84.1387566999878 3.58603933790145 -38.5000000293932
  endloop
endfacet
facet normal 7.08722021213133e-015 -0.894427191611265 0.447213594277259
  outer loop
    vertex 84.1387566999877 8.88603512126213 -38.5000000000083
    vertex 79.1387566999881 4.58603512126212 -47.1000000293991
    vertex 84.1387566999881 4.58603512126211 -47.1000000293991
  endloop
endfacet
facet normal 7.08722021213133e-015 -0.894427191611265 0.447213594277259
  outer loop
    vertex 79.1387566999881 4.58603512126212 -47.1000000293991
    vertex 84.1387566999877 8.88603512126213 -38.5000000000083
    vertex 79.1387566999877 8.88603512126206 -38.5000000000083
  endloop
endfacet
facet normal -1.0 -1.12122220712204e-012 -6.69315762942144e-012
  outer loop
    vertex 79.1387566999881 4.58603512126212 -47.1000000293991
    vertex 79.1387566998739 49.8860351212621 -38.5000000537553
    vertex 79.1387566999885 54.186035121262 -47.1000000293994
  endloop
endfacet
facet normal -1.0 -1.12122220712204e-012 -6.69315762942144e-012
  outer loop
    vertex 79.1387566998739 49.8860351212621 -38.5000000537553
    vertex 79.1387566999881 4.58603512126212 -47.1000000293991
    vertex 79.1387566999877 8.88603512126206 -38.5000000000083
  endloop
endfacet
facet normal -4.51162734031963e-014 -0.99999999999988 4.90306906021148e-007
  outer loop
    vertex 81.138756699988 -1.41399288040326 -38.5000000293932
    vertex 79.1386152744553 -1.41399709704256 -47.1000000293991
    vertex 81.1387566999881 -1.41399709704266 -47.1000000293991
  endloop
endfacet
facet normal -4.51162734031963e-014 -0.99999999999988 4.90306906021148e-007
  outer loop
    vertex 79.1386152744553 -1.41399709704256 -47.1000000293991
    vertex 81.138756699988 -1.41399288040326 -38.5000000293932
    vertex 79.1386152744553 -1.41399288040317 -38.5000000293932
  endloop
endfacet
facet normal 0.707094154855818 -0.707119407291737 3.46705532485717e-007
  outer loop
    vertex 79.1386152744553 -1.41399288040317 -38.5000000293932
    vertex 75.1386113795737 -5.41385814498641 -47.1000000293991
    vertex 79.1386152744553 -1.41399709704256 -47.1000000293991
  endloop
endfacet
facet normal 0.707094154855818 -0.707119407291737 3.46705532485717e-007
  outer loop
    vertex 75.1386113795737 -5.41385814498641 -47.1000000293991
    vertex 79.1386152744553 -1.41399288040317 -38.5000000293932
    vertex 75.1386113795736 -5.41385392834702 -38.5000000293932
  endloop
endfacet
facet normal 0.707109335607069 -0.7071042267563 -8.39466805735352e-007
  outer loop
    vertex 84.1387566999876 -0.413992880403233 -38.5000000293932
    vertex 84.1387566999876 -0.413964878737955 -47.1000000293992
    vertex 84.1387566999877 -0.413963725458654 -41.5000000293978
  endloop
endfacet
facet normal 0.707109335607069 -0.7071042267563 -8.39466805735352e-007
  outer loop
    vertex 84.1387566999876 -0.413964878737955 -47.1000000293992
    vertex 84.1387566999876 -0.413992880403233 -38.5000000293932
    vertex 81.1387566999878 -3.41399709704265 -47.1000000293992
  endloop
endfacet
facet normal 0.707109335607069 -0.7071042267563 -8.39466805735352e-007
  outer loop
    vertex 81.1387566999878 -3.41399709704265 -47.1000000293992
    vertex 84.1387566999876 -0.413992880403233 -38.5000000293932
    vertex 81.1387566999877 -3.41399288040326 -38.5000000293932
  endloop
endfacet
facet normal -1.41706374481142e-008 0.999999999999995 -1.02971370192454e-007
  outer loop
    vertex 34.8887567000102 -0.413965000002159 -41.5000000294052
    vertex 84.1387566999876 -0.413964878737955 -47.1000000293992
    vertex 34.88875670001 -0.413965000002204 -47.1000000294052
  endloop
endfacet
facet normal -1.41706374481142e-008 0.999999999999995 -1.02971370192454e-007
  outer loop
    vertex 84.1387566999876 -0.413964878737955 -47.1000000293992
    vertex 34.8887567000102 -0.413965000002159 -41.5000000294052
    vertex 84.1387566999877 -0.413963725458654 -41.5000000293978
  endloop
endfacet
facet normal 1.0 -4.30446019919141e-010 -2.08818924929554e-009
  outer loop
    vertex 37.8887566998958 49.8860349999978 -38.5000000537609
    vertex 37.8887566639779 4.58557003746288 -47.1000018400534
    vertex 37.8887567000107 54.1860349999977 -47.1000000294054
  endloop
endfacet
facet normal 1.0 -4.30446019919141e-010 -2.08818924929554e-009
  outer loop
    vertex 37.8887566639779 4.58557003746288 -47.1000018400534
    vertex 37.8887566998958 49.8860349999978 -38.5000000537609
    vertex 37.8887567000098 8.88603499999771 -38.5000000000139
  endloop
endfacet
facet normal -1.7318671627477e-013 0.707106781186764 0.707106781186331
  outer loop
    vertex 34.8887567000101 2.08603499999779 -46.1000000294052
    vertex 84.1387566999878 3.08603500000319 -47.1000000293991
    vertex 34.88875670001 3.08603499999779 -47.1000000294052
  endloop
endfacet
facet normal -1.7318671627477e-013 0.707106781186764 0.707106781186331
  outer loop
    vertex 84.1387566999878 3.08603500000319 -47.1000000293991
    vertex 34.8887567000101 2.08603499999779 -46.1000000294052
    vertex 79.1387566999881 2.08603500000321 -46.1000000293991
  endloop
endfacet
facet normal 1.50236659173655e-006 0.599987744539297 -0.800009191447442
  outer loop
    vertex 84.1387566999877 -0.413963725458654 -41.5000000293978
    vertex 34.8887567000102 3.58624686227128 -38.5000303237142
    vertex 84.1387566999878 3.58603933790145 -38.5000000293932
  endloop
endfacet
facet normal 1.50236659173655e-006 0.599987744539297 -0.800009191447442
  outer loop
    vertex 34.8887567000102 3.58624686227128 -38.5000303237142
    vertex 84.1387566999877 -0.413963725458654 -41.5000000293978
    vertex 34.8887567000102 -0.413965000002159 -41.5000000294052
  endloop
endfacet
facet normal -1.0 1.40998324127395e-013 -1.04929676721579e-014
  outer loop
    vertex 81.1387566999881 -1.41399709704266 -47.1000000293991
    vertex 81.1387566999877 -3.41399288040326 -38.5000000293932
    vertex 81.138756699988 -1.41399288040326 -38.5000000293932
  endloop
endfacet
facet normal -1.0 1.40998324127395e-013 -1.04929676721579e-014
  outer loop
    vertex 81.1387566999877 -3.41399288040326 -38.5000000293932
    vertex 81.1387566999881 -1.41399709704266 -47.1000000293991
    vertex 81.1387566999878 -3.41399709704265 -47.1000000293992
  endloop
endfacet
facet normal -9.68754244172325e-015 -0.707106781186556 0.707106781186539
  outer loop
    vertex 84.1387566999878 1.08603500000319 -47.1000000293991
    vertex 34.8887567000101 2.08603499999779 -46.1000000294052
    vertex 34.88875670001 1.08603499999777 -47.1000000294052
  endloop
endfacet
facet normal -9.68754244172325e-015 -0.707106781186556 0.707106781186539
  outer loop
    vertex 34.8887567000101 2.08603499999779 -46.1000000294052
    vertex 84.1387566999878 1.08603500000319 -47.1000000293991
    vertex 79.1387566999881 2.08603500000321 -46.1000000293991
  endloop
endfacet
facet normal 0.196116135138196 4.44463439377918e-015 0.980580675690918
  outer loop
    vertex 79.1387566999881 2.08603500000321 -46.1000000293991
    vertex 84.1387566999878 1.08603500000319 -47.1000000293991
    vertex 84.1387566999878 3.08603500000319 -47.1000000293991
  endloop
endfacet
facet normal -6.91768106565413e-005 -0.894417536683573 0.447232898261585
  outer loop
    vertex 37.8887567000098 8.88603499999771 -38.5000000000139
    vertex 34.8887567000101 4.58603499999778 -47.1000000294052
    vertex 37.8887566639779 4.58557003746288 -47.1000018400534
  endloop
endfacet
facet normal -6.91768106565413e-005 -0.894417536683573 0.447232898261585
  outer loop
    vertex 34.8887567000101 4.58603499999778 -47.1000000294052
    vertex 37.8887567000098 8.88603499999771 -38.5000000000139
    vertex 34.8887567000098 8.88603499999781 -38.5000000000143
  endloop
endfacet
facet normal 1.0 2.91914960331434e-014 -8.36585112558463e-015
  outer loop
    vertex 34.8887567000102 3.58624686227128 -38.5000303237142
    vertex 34.8887567000101 4.58603499999778 -47.1000000294052
    vertex 34.8887567000098 8.88603499999781 -38.5000000000143
  endloop
endfacet
facet normal 1.0 2.91914960331434e-014 -8.36585112558463e-015
  outer loop
    vertex 34.8887567000101 4.58603499999778 -47.1000000294052
    vertex 34.8887567000102 3.58624686227128 -38.5000303237142
    vertex 34.88875670001 3.08603499999779 -47.1000000294052
  endloop
endfacet
facet normal 1.0 2.91914960331434e-014 -8.36585112558463e-015
  outer loop
    vertex 34.88875670001 3.08603499999779 -47.1000000294052
    vertex 34.8887567000102 3.58624686227128 -38.5000303237142
    vertex 34.8887567000102 -0.413965000002159 -41.5000000294052
  endloop
endfacet
facet normal 1.0 2.91914960331434e-014 -8.36585112558463e-015
  outer loop
    vertex 34.88875670001 3.08603499999779 -47.1000000294052
    vertex 34.8887567000102 -0.413965000002159 -41.5000000294052
    vertex 34.8887567000101 2.08603499999779 -46.1000000294052
  endloop
endfacet
facet normal 1.0 2.91914960331434e-014 -8.36585112558463e-015
  outer loop
    vertex 34.8887567000101 2.08603499999779 -46.1000000294052
    vertex 34.8887567000102 -0.413965000002159 -41.5000000294052
    vertex 34.88875670001 1.08603499999777 -47.1000000294052
  endloop
endfacet
facet normal 1.0 2.91914960331434e-014 -8.36585112558463e-015
  outer loop
    vertex 34.88875670001 1.08603499999777 -47.1000000294052
    vertex 34.8887567000102 -0.413965000002159 -41.5000000294052
    vertex 34.88875670001 -0.413965000002204 -47.1000000294052
  endloop
endfacet
facet normal 0.382683432365126 0.923879532511272 -1.14785800766018e-013
  outer loop
    vertex 20.4677567000107 27.912791874127 -47.1000000452743
    vertex 20.8777643233366 27.7429611558688 -49.1000000262344
    vertex 20.4677567000109 27.9127918741267 -49.1000000262345
  endloop
endfacet
facet normal 0.382683432365126 0.923879532511272 -1.14785800766018e-013
  outer loop
    vertex 20.8777643233366 27.7429611558688 -49.1000000262344
    vertex 20.4677567000107 27.912791874127 -47.1000000452743
    vertex 20.8777643233364 27.7429611558691 -47.1000000452743
  endloop
endfacet
facet normal 0.608761429008731 0.793353340291228 -7.96105308320996e-014
  outer loop
    vertex 20.1156751719936 28.1829535325434 -47.1000000452744
    vertex 20.4677567000109 27.9127918741267 -49.1000000262345
    vertex 20.1156751719938 28.1829535325431 -49.1000000262345
  endloop
endfacet
facet normal 0.608761429008731 0.793353340291228 -7.96105308320996e-014
  outer loop
    vertex 20.4677567000109 27.9127918741267 -49.1000000262345
    vertex 20.1156751719936 28.1829535325434 -47.1000000452744
    vertex 20.4677567000107 27.912791874127 -47.1000000452743
  endloop
endfacet
facet normal 0.793353340291197 0.608761429008771 -3.90031995736883e-014
  outer loop
    vertex 20.1156751719936 28.1829535325434 -47.1000000452744
    vertex 19.8455135135773 28.5350350605602 -49.1000000262346
    vertex 19.8455135135772 28.5350350605605 -47.1000000452745
  endloop
endfacet
facet normal 0.793353340291197 0.608761429008771 -3.90031995736883e-014
  outer loop
    vertex 19.8455135135773 28.5350350605602 -49.1000000262346
    vertex 20.1156751719936 28.1829535325434 -47.1000000452744
    vertex 20.1156751719938 28.1829535325431 -49.1000000262345
  endloop
endfacet
facet normal 0.923879532511306 0.382683432365043 4.25401549001829e-015
  outer loop
    vertex 19.8455135135772 28.5350350605605 -47.1000000452745
    vertex 19.6756827953194 28.945042683886 -49.1000000262347
    vertex 19.6756827953193 28.9450426838863 -47.1000000452746
  endloop
endfacet
facet normal 0.923879532511306 0.382683432365043 4.25401549001829e-015
  outer loop
    vertex 19.6756827953194 28.945042683886 -49.1000000262347
    vertex 19.8455135135772 28.5350350605605 -47.1000000452745
    vertex 19.8455135135773 28.5350350605602 -49.1000000262346
  endloop
endfacet
facet normal 0.991444861373826 0.130526192219931 4.72233832671491e-014
  outer loop
    vertex 19.6756827953193 28.9450426838863 -47.1000000452746
    vertex 19.6177567000109 29.3850350605602 -49.1000000262347
    vertex 19.6177567000108 29.3850350605605 -47.1000000452746
  endloop
endfacet
facet normal 0.991444861373826 0.130526192219931 4.72233832671491e-014
  outer loop
    vertex 19.6177567000109 29.3850350605602 -49.1000000262347
    vertex 19.6756827953193 28.9450426838863 -47.1000000452746
    vertex 19.6756827953194 28.945042683886 -49.1000000262347
  endloop
endfacet
facet normal 0.991444861373814 -0.130526192220025 8.69760973051592e-014
  outer loop
    vertex 19.6177567000108 29.3850350605605 -47.1000000452746
    vertex 19.6756827953195 29.8250274372345 -49.1000000262348
    vertex 19.6756827953194 29.8250274372348 -47.1000000452747
  endloop
endfacet
facet normal 0.991444861373814 -0.130526192220025 8.69760973051592e-014
  outer loop
    vertex 19.6756827953195 29.8250274372345 -49.1000000262348
    vertex 19.6177567000108 29.3850350605605 -47.1000000452746
    vertex 19.6177567000109 29.3850350605602 -49.1000000262347
  endloop
endfacet
facet normal 0.923879532511288 -0.382683432365088 1.20800124113314e-013
  outer loop
    vertex 19.6756827953194 29.8250274372348 -47.1000000452747
    vertex 19.8455135135774 30.2350350605602 -49.1000000262349
    vertex 19.8455135135772 30.2350350605605 -47.1000000452748
  endloop
endfacet
facet normal 0.923879532511288 -0.382683432365088 1.20800124113314e-013
  outer loop
    vertex 19.8455135135774 30.2350350605602 -49.1000000262349
    vertex 19.6756827953194 29.8250274372348 -47.1000000452747
    vertex 19.6756827953195 29.8250274372345 -49.1000000262348
  endloop
endfacet
facet normal 0.793353340291256 -0.608761429008694 1.46395012075809e-013
  outer loop
    vertex 19.8455135135772 30.2350350605605 -47.1000000452748
    vertex 20.1156751719938 30.5871165885774 -49.1000000262349
    vertex 20.1156751719936 30.5871165885777 -47.1000000452748
  endloop
endfacet
facet normal 0.793353340291256 -0.608761429008694 1.46395012075809e-013
  outer loop
    vertex 20.1156751719938 30.5871165885774 -49.1000000262349
    vertex 19.8455135135772 30.2350350605605 -47.1000000452748
    vertex 19.8455135135774 30.2350350605602 -49.1000000262349
  endloop
endfacet
facet normal 0.608761429008682 -0.793353340291265 1.62011242862084e-013
  outer loop
    vertex 20.4677567000108 30.8572782469941 -47.1000000452748
    vertex 20.1156751719938 30.5871165885774 -49.1000000262349
    vertex 20.4677567000109 30.8572782469938 -49.1000000262349
  endloop
endfacet
facet normal 0.608761429008682 -0.793353340291265 1.62011242862084e-013
  outer loop
    vertex 20.1156751719938 30.5871165885774 -49.1000000262349
    vertex 20.4677567000108 30.8572782469941 -47.1000000452748
    vertex 20.1156751719936 30.5871165885777 -47.1000000452748
  endloop
endfacet
facet normal 0.382683432365061 -0.923879532511299 1.66578861181434e-013
  outer loop
    vertex 20.8777643233366 31.0271089652516 -49.1000000262349
    vertex 20.4677567000108 30.8572782469941 -47.1000000452748
    vertex 20.4677567000109 30.8572782469938 -49.1000000262349
  endloop
endfacet
facet normal 0.382683432365061 -0.923879532511299 1.66578861181434e-013
  outer loop
    vertex 20.4677567000108 30.8572782469941 -47.1000000452748
    vertex 20.8777643233366 31.0271089652516 -49.1000000262349
    vertex 20.8777643233365 31.0271089652519 -47.1000000452748
  endloop
endfacet
facet normal 0.13052619222006 -0.991444861373809 1.5981059522361e-013
  outer loop
    vertex 21.3177567000109 31.0850350605602 -49.1000000262349
    vertex 20.8777643233365 31.0271089652519 -47.1000000452748
    vertex 20.8777643233366 31.0271089652516 -49.1000000262349
  endloop
endfacet
facet normal 0.13052619222006 -0.991444861373809 1.5981059522361e-013
  outer loop
    vertex 20.8777643233365 31.0271089652519 -47.1000000452748
    vertex 21.3177567000109 31.0850350605602 -49.1000000262349
    vertex 21.3177567000108 31.0850350605605 -47.1000000452748
  endloop
endfacet
facet normal -0.130526192220071 -0.991444861373808 1.42139482726153e-013
  outer loop
    vertex 21.7577490766852 31.0271089652516 -49.1000000262348
    vertex 21.3177567000108 31.0850350605605 -47.1000000452748
    vertex 21.3177567000109 31.0850350605602 -49.1000000262349
  endloop
endfacet
facet normal -0.130526192220071 -0.991444861373808 1.42139482726153e-013
  outer loop
    vertex 21.3177567000108 31.0850350605605 -47.1000000452748
    vertex 21.7577490766852 31.0271089652516 -49.1000000262348
    vertex 21.7577490766851 31.0271089652519 -47.1000000452747
  endloop
endfacet
facet normal -0.382683432365083 -0.92387953251129 1.14785800766023e-013
  outer loop
    vertex 22.1677567000109 30.8572782469937 -49.1000000262347
    vertex 21.7577490766851 31.0271089652519 -47.1000000452747
    vertex 21.7577490766852 31.0271089652516 -49.1000000262348
  endloop
endfacet
facet normal -0.382683432365083 -0.92387953251129 1.14785800766023e-013
  outer loop
    vertex 21.7577490766851 31.0271089652519 -47.1000000452747
    vertex 22.1677567000109 30.8572782469937 -49.1000000262347
    vertex 22.1677567000108 30.857278246994 -47.1000000452746
  endloop
endfacet
facet normal -0.608761429008763 -0.793353340291203 7.9610530832094e-014
  outer loop
    vertex 22.519838228028 30.5871165885773 -49.1000000262347
    vertex 22.1677567000108 30.857278246994 -47.1000000452746
    vertex 22.1677567000109 30.8572782469937 -49.1000000262347
  endloop
endfacet
facet normal -0.608761429008763 -0.793353340291203 7.9610530832094e-014
  outer loop
    vertex 22.1677567000108 30.857278246994 -47.1000000452746
    vertex 22.519838228028 30.5871165885773 -49.1000000262347
    vertex 22.5198382280279 30.5871165885776 -47.1000000452746
  endloop
endfacet
facet normal -0.793353340291237 -0.608761429008719 3.90050539470718e-014
  outer loop
    vertex 22.519838228028 30.5871165885773 -49.1000000262347
    vertex 22.7899998864443 30.2350350605605 -47.1000000452745
    vertex 22.5198382280279 30.5871165885776 -47.1000000452746
  endloop
endfacet
facet normal -0.793353340291237 -0.608761429008719 3.90050539470718e-014
  outer loop
    vertex 22.7899998864443 30.2350350605605 -47.1000000452745
    vertex 22.519838228028 30.5871165885773 -49.1000000262347
    vertex 22.7899998864444 30.2350350605602 -49.1000000262346
  endloop
endfacet
facet normal -0.923879532511263 -0.382683432365148 -4.2540154900004e-015
  outer loop
    vertex 22.7899998864444 30.2350350605602 -49.1000000262346
    vertex 22.9598306047022 29.8250274372348 -47.1000000452744
    vertex 22.7899998864443 30.2350350605605 -47.1000000452745
  endloop
endfacet
facet normal -0.923879532511263 -0.382683432365148 -4.2540154900004e-015
  outer loop
    vertex 22.9598306047022 29.8250274372348 -47.1000000452744
    vertex 22.7899998864444 30.2350350605602 -49.1000000262346
    vertex 22.9598306047023 29.8250274372345 -49.1000000262345
  endloop
endfacet
facet normal -0.991444861373814 -0.130526192220028 -4.72223573426587e-014
  outer loop
    vertex 22.9598306047023 29.8250274372345 -49.1000000262345
    vertex 23.0177567000108 29.3850350605605 -47.1000000452743
    vertex 22.9598306047022 29.8250274372348 -47.1000000452744
  endloop
endfacet
facet normal -0.991444861373814 -0.130526192220028 -4.72223573426587e-014
  outer loop
    vertex 23.0177567000108 29.3850350605605 -47.1000000452743
    vertex 22.9598306047023 29.8250274372345 -49.1000000262345
    vertex 23.0177567000109 29.3850350605602 -49.1000000262345
  endloop
endfacet
facet normal -0.991444861373787 0.130526192220228 -8.69760396363729e-014
  outer loop
    vertex 23.0177567000109 29.3850350605602 -49.1000000262345
    vertex 22.9598306047021 28.9450426838862 -47.1000000452743
    vertex 23.0177567000108 29.3850350605605 -47.1000000452743
  endloop
endfacet
facet normal -0.991444861373787 0.130526192220228 -8.69760396363729e-014
  outer loop
    vertex 22.9598306047021 28.9450426838862 -47.1000000452743
    vertex 23.0177567000109 29.3850350605602 -49.1000000262345
    vertex 22.9598306047022 28.9450426838859 -49.1000000262344
  endloop
endfacet
facet normal -0.923879532511299 0.382683432365061 -1.20796778102127e-013
  outer loop
    vertex 22.9598306047022 28.9450426838859 -49.1000000262344
    vertex 22.7899998864443 28.5350350605605 -47.1000000452742
    vertex 22.9598306047021 28.9450426838862 -47.1000000452743
  endloop
endfacet
facet normal -0.923879532511299 0.382683432365061 -1.20796778102127e-013
  outer loop
    vertex 22.7899998864443 28.5350350605605 -47.1000000452742
    vertex 22.9598306047022 28.9450426838859 -49.1000000262344
    vertex 22.7899998864444 28.5350350605602 -49.1000000262343
  endloop
endfacet
facet normal -0.793353340291246 0.608761429008706 -1.46389689340678e-013
  outer loop
    vertex 22.7899998864444 28.5350350605602 -49.1000000262343
    vertex 22.5198382280278 28.1829535325433 -47.1000000452742
    vertex 22.7899998864443 28.5350350605605 -47.1000000452742
  endloop
endfacet
facet normal -0.793353340291246 0.608761429008706 -1.46389689340678e-013
  outer loop
    vertex 22.5198382280278 28.1829535325433 -47.1000000452742
    vertex 22.7899998864444 28.5350350605602 -49.1000000262343
    vertex 22.519838228028 28.182953532543 -49.1000000262343
  endloop
endfacet
facet normal -0.608761429008715 0.793353340291239 -1.62011242862083e-013
  outer loop
    vertex 22.1677567000109 27.9127918741266 -49.1000000262343
    vertex 22.5198382280278 28.1829535325433 -47.1000000452742
    vertex 22.519838228028 28.182953532543 -49.1000000262343
  endloop
endfacet
facet normal -0.608761429008715 0.793353340291239 -1.62011242862083e-013
  outer loop
    vertex 22.5198382280278 28.1829535325433 -47.1000000452742
    vertex 22.1677567000109 27.9127918741266 -49.1000000262343
    vertex 22.1677567000108 27.9127918741269 -47.1000000452742
  endloop
endfacet
facet normal -0.382683432365105 0.923879532511281 -1.66582900174224e-013
  outer loop
    vertex 21.757749076685 27.7429611558691 -47.1000000452742
    vertex 22.1677567000109 27.9127918741266 -49.1000000262343
    vertex 21.7577490766851 27.7429611558688 -49.1000000262343
  endloop
endfacet
facet normal -0.382683432365105 0.923879532511281 -1.66582900174224e-013
  outer loop
    vertex 22.1677567000109 27.9127918741266 -49.1000000262343
    vertex 21.757749076685 27.7429611558691 -47.1000000452742
    vertex 22.1677567000108 27.9127918741269 -47.1000000452742
  endloop
endfacet
facet normal -0.130526192219996 0.991444861373818 -1.59808370368214e-013
  outer loop
    vertex 21.3177567000107 27.6850350605605 -47.1000000452742
    vertex 21.7577490766851 27.7429611558688 -49.1000000262343
    vertex 21.3177567000108 27.6850350605602 -49.1000000262343
  endloop
endfacet
facet normal -0.130526192219996 0.991444861373818 -1.59808370368214e-013
  outer loop
    vertex 21.7577490766851 27.7429611558688 -49.1000000262343
    vertex 21.3177567000107 27.6850350605605 -47.1000000452742
    vertex 21.757749076685 27.7429611558691 -47.1000000452742
  endloop
endfacet
facet normal 0.130526192220035 0.991444861373813 -1.42139482726156e-013
  outer loop
    vertex 20.8777643233364 27.7429611558691 -47.1000000452743
    vertex 21.3177567000108 27.6850350605602 -49.1000000262343
    vertex 20.8777643233366 27.7429611558688 -49.1000000262344
  endloop
endfacet
facet normal 0.130526192220035 0.991444861373813 -1.42139482726156e-013
  outer loop
    vertex 21.3177567000108 27.6850350605602 -49.1000000262343
    vertex 20.8777643233364 27.7429611558691 -47.1000000452743
    vertex 21.3177567000107 27.6850350605605 -47.1000000452742
  endloop
endfacet
facet normal 0.991444861373809 -0.13052619222006 1.04488402721144e-013
  outer loop
    vertex 56.6887566562024 66.4560350159886 -47.1000000457681
    vertex 56.7466827515112 66.8960273926625 -49.1000000262428
    vertex 56.746682751511 66.8960273926628 -47.1000000457681
  endloop
endfacet
facet normal 0.991444861373809 -0.13052619222006 1.04488402721144e-013
  outer loop
    vertex 56.7466827515112 66.8960273926625 -49.1000000262428
    vertex 56.6887566562024 66.4560350159886 -47.1000000457681
    vertex 56.6887566562026 66.4560350159882 -49.1000000262427
  endloop
endfacet
facet normal 0.923879532511281 -0.382683432365105 1.38593935467159e-013
  outer loop
    vertex 56.746682751511 66.8960273926628 -47.1000000457681
    vertex 56.9165134697691 67.3060350159882 -49.1000000262428
    vertex 56.9165134697689 67.3060350159885 -47.1000000457682
  endloop
endfacet
facet normal 0.923879532511281 -0.382683432365105 1.38593935467159e-013
  outer loop
    vertex 56.9165134697691 67.3060350159882 -49.1000000262428
    vertex 56.746682751511 66.8960273926628 -47.1000000457681
    vertex 56.7466827515112 66.8960273926625 -49.1000000262428
  endloop
endfacet
facet normal 0.793353340291215 -0.608761429008747 1.63250736243439e-013
  outer loop
    vertex 56.9165134697689 67.3060350159885 -47.1000000457682
    vertex 57.1866751281855 67.6581165440053 -49.1000000262429
    vertex 57.1866751281853 67.6581165440057 -47.1000000457682
  endloop
endfacet
facet normal 0.793353340291215 -0.608761429008747 1.63250736243439e-013
  outer loop
    vertex 57.1866751281855 67.6581165440053 -49.1000000262429
    vertex 56.9165134697689 67.3060350159885 -47.1000000457682
    vertex 56.9165134697691 67.3060350159882 -49.1000000262428
  endloop
endfacet
facet normal 0.608761429008694 -0.793353340291255 1.76790244806401e-013
  outer loop
    vertex 57.5387566562025 67.928278202422 -47.1000000457682
    vertex 57.1866751281855 67.6581165440053 -49.1000000262429
    vertex 57.5387566562026 67.9282782024217 -49.1000000262429
  endloop
endfacet
facet normal 0.608761429008694 -0.793353340291255 1.76790244806401e-013
  outer loop
    vertex 57.1866751281855 67.6581165440053 -49.1000000262429
    vertex 57.5387566562025 67.928278202422 -47.1000000457682
    vertex 57.1866751281853 67.6581165440057 -47.1000000457682
  endloop
endfacet
facet normal 0.382683432365114 -0.923879532511277 1.67846438215913e-013
  outer loop
    vertex 57.9487642795283 68.0981089206796 -49.1000000262429
    vertex 57.5387566562025 67.928278202422 -47.1000000457682
    vertex 57.5387566562026 67.9282782024217 -49.1000000262429
  endloop
endfacet
facet normal 0.382683432365114 -0.923879532511277 1.67846438215913e-013
  outer loop
    vertex 57.5387566562025 67.928278202422 -47.1000000457682
    vertex 57.9487642795283 68.0981089206796 -49.1000000262429
    vertex 57.9487642795282 68.0981089206799 -47.1000000457682
  endloop
endfacet
facet normal 0.130526192220078 -0.991444861373807 1.56426512502522e-013
  outer loop
    vertex 58.3887566562026 68.1560350159882 -49.1000000262428
    vertex 57.9487642795282 68.0981089206799 -47.1000000457682
    vertex 57.9487642795283 68.0981089206796 -49.1000000262429
  endloop
endfacet
facet normal 0.130526192220078 -0.991444861373807 1.56426512502522e-013
  outer loop
    vertex 57.9487642795282 68.0981089206799 -47.1000000457682
    vertex 58.3887566562026 68.1560350159882 -49.1000000262428
    vertex 58.3887566562025 68.1560350159885 -47.1000000457682
  endloop
endfacet
facet normal -0.130526192220128 -0.991444861373801 1.45523623262626e-013
  outer loop
    vertex 58.8287490328769 68.0981089206796 -49.1000000262428
    vertex 58.3887566562025 68.1560350159885 -47.1000000457682
    vertex 58.3887566562026 68.1560350159882 -49.1000000262428
  endloop
endfacet
facet normal -0.130526192220128 -0.991444861373801 1.45523623262626e-013
  outer loop
    vertex 58.3887566562025 68.1560350159885 -47.1000000457682
    vertex 58.8287490328769 68.0981089206796 -49.1000000262428
    vertex 58.8287490328767 68.0981089206799 -47.1000000457681
  endloop
endfacet
facet normal -0.38268343236507 -0.923879532511295 1.135249158905e-013
  outer loop
    vertex 59.2387566562026 67.9282782024217 -49.1000000262427
    vertex 58.8287490328767 68.0981089206799 -47.1000000457681
    vertex 58.8287490328769 68.0981089206796 -49.1000000262428
  endloop
endfacet
facet normal -0.38268343236507 -0.923879532511295 1.135249158905e-013
  outer loop
    vertex 58.8287490328767 68.0981089206799 -47.1000000457681
    vertex 59.2387566562026 67.9282782024217 -49.1000000262427
    vertex 59.2387566562025 67.928278202422 -47.1000000457681
  endloop
endfacet
facet normal -0.608761429008738 -0.793353340291221 6.4831529005071e-014
  outer loop
    vertex 59.5908381842198 67.6581165440053 -49.1000000262427
    vertex 59.2387566562025 67.928278202422 -47.1000000457681
    vertex 59.2387566562026 67.9282782024217 -49.1000000262427
  endloop
endfacet
facet normal -0.608761429008738 -0.793353340291221 6.4831529005071e-014
  outer loop
    vertex 59.2387566562025 67.928278202422 -47.1000000457681
    vertex 59.5908381842198 67.6581165440053 -49.1000000262427
    vertex 59.5908381842196 67.6581165440056 -47.100000045768
  endloop
endfacet
facet normal -0.793353340291246 -0.608761429008706 2.21493298694429e-014
  outer loop
    vertex 59.5908381842198 67.6581165440053 -49.1000000262427
    vertex 59.860999842636 67.3060350159885 -47.1000000457679
    vertex 59.5908381842196 67.6581165440056 -47.100000045768
  endloop
endfacet
facet normal -0.793353340291246 -0.608761429008706 2.21493298694429e-014
  outer loop
    vertex 59.860999842636 67.3060350159885 -47.1000000457679
    vertex 59.5908381842198 67.6581165440053 -49.1000000262427
    vertex 59.8609998426362 67.3060350159882 -49.1000000262426
  endloop
endfacet
facet normal -0.92387953251129 -0.382683432365083 -1.77233943720758e-014
  outer loop
    vertex 59.8609998426362 67.3060350159882 -49.1000000262426
    vertex 60.0308305608939 66.8960273926628 -47.1000000457678
    vertex 59.860999842636 67.3060350159885 -47.1000000457679
  endloop
endfacet
facet normal -0.92387953251129 -0.382683432365083 -1.77233943720758e-014
  outer loop
    vertex 60.0308305608939 66.8960273926628 -47.1000000457678
    vertex 59.8609998426362 67.3060350159882 -49.1000000262426
    vertex 60.030830560894 66.8960273926625 -49.1000000262425
  endloop
endfacet
facet normal -0.991444861373813 -0.130526192220035 -6.32624346251295e-014
  outer loop
    vertex 60.030830560894 66.8960273926625 -49.1000000262425
    vertex 60.0887566562024 66.4560350159885 -47.1000000457678
    vertex 60.0308305608939 66.8960273926628 -47.1000000457678
  endloop
endfacet
facet normal -0.991444861373813 -0.130526192220035 -6.32624346251295e-014
  outer loop
    vertex 60.0887566562024 66.4560350159885 -47.1000000457678
    vertex 60.030830560894 66.8960273926625 -49.1000000262425
    vertex 60.0887566562026 66.4560350159882 -49.1000000262424
  endloop
endfacet
facet normal -0.991444861373808 0.130526192220071 -1.04488402721145e-013
  outer loop
    vertex 60.0887566562026 66.4560350159882 -49.1000000262424
    vertex 60.0308305608938 66.0160426393142 -47.1000000457677
    vertex 60.0887566562024 66.4560350159885 -47.1000000457678
  endloop
endfacet
facet normal -0.991444861373808 0.130526192220071 -1.04488402721145e-013
  outer loop
    vertex 60.0308305608938 66.0160426393142 -47.1000000457677
    vertex 60.0887566562026 66.4560350159882 -49.1000000262424
    vertex 60.030830560894 66.0160426393139 -49.1000000262424
  endloop
endfacet
facet normal -0.92387953251129 0.382683432365083 -1.38585857481572e-013
  outer loop
    vertex 60.030830560894 66.0160426393139 -49.1000000262424
    vertex 59.860999842636 65.6060350159885 -47.1000000457677
    vertex 60.0308305608938 66.0160426393142 -47.1000000457677
  endloop
endfacet
facet normal -0.92387953251129 0.382683432365083 -1.38585857481572e-013
  outer loop
    vertex 59.860999842636 65.6060350159885 -47.1000000457677
    vertex 60.030830560894 66.0160426393139 -49.1000000262424
    vertex 59.8609998426361 65.6060350159882 -49.1000000262423
  endloop
endfacet
facet normal -0.793353340291215 0.608761429008747 -1.63250736243439e-013
  outer loop
    vertex 59.8609998426361 65.6060350159882 -49.1000000262423
    vertex 59.5908381842196 65.2539534879713 -47.1000000457676
    vertex 59.860999842636 65.6060350159885 -47.1000000457677
  endloop
endfacet
facet normal -0.793353340291215 0.608761429008747 -1.63250736243439e-013
  outer loop
    vertex 59.5908381842196 65.2539534879713 -47.1000000457676
    vertex 59.8609998426361 65.6060350159882 -49.1000000262423
    vertex 59.5908381842197 65.253953487971 -49.1000000262423
  endloop
endfacet
facet normal -0.608761429008694 0.793353340291255 -1.76790244806401e-013
  outer loop
    vertex 59.2387566562024 64.9837918295549 -47.1000000457676
    vertex 59.5908381842197 65.253953487971 -49.1000000262423
    vertex 59.2387566562026 64.9837918295546 -49.1000000262423
  endloop
endfacet
facet normal -0.608761429008694 0.793353340291255 -1.76790244806401e-013
  outer loop
    vertex 59.5908381842197 65.253953487971 -49.1000000262423
    vertex 59.2387566562024 64.9837918295549 -47.1000000457676
    vertex 59.5908381842196 65.2539534879713 -47.1000000457676
  endloop
endfacet
facet normal -0.382683432365114 0.923879532511277 -1.67850477208706e-013
  outer loop
    vertex 58.8287490328767 64.8139611112971 -47.1000000457676
    vertex 59.2387566562026 64.9837918295546 -49.1000000262423
    vertex 58.8287490328769 64.8139611112968 -49.1000000262423
  endloop
endfacet
facet normal -0.382683432365114 0.923879532511277 -1.67850477208706e-013
  outer loop
    vertex 59.2387566562026 64.9837918295546 -49.1000000262423
    vertex 58.8287490328767 64.8139611112971 -47.1000000457676
    vertex 59.2387566562024 64.9837918295549 -47.1000000457676
  endloop
endfacet
facet normal -0.130526192219978 0.99144486137382 -1.56426512502516e-013
  outer loop
    vertex 58.3887566562024 64.7560350159885 -47.1000000457677
    vertex 58.8287490328769 64.8139611112968 -49.1000000262423
    vertex 58.3887566562026 64.7560350159882 -49.1000000262423
  endloop
endfacet
facet normal -0.130526192219978 0.99144486137382 -1.56426512502516e-013
  outer loop
    vertex 58.8287490328769 64.8139611112968 -49.1000000262423
    vertex 58.3887566562024 64.7560350159885 -47.1000000457677
    vertex 58.8287490328767 64.8139611112971 -47.1000000457676
  endloop
endfacet
facet normal 0.130526192220028 0.991444861373814 -1.45523623262636e-013
  outer loop
    vertex 57.9487642795281 64.8139611112971 -47.1000000457677
    vertex 58.3887566562026 64.7560350159882 -49.1000000262423
    vertex 57.9487642795283 64.8139611112968 -49.1000000262424
  endloop
endfacet
facet normal 0.130526192220028 0.991444861373814 -1.45523623262636e-013
  outer loop
    vertex 58.3887566562026 64.7560350159882 -49.1000000262423
    vertex 57.9487642795281 64.8139611112971 -47.1000000457677
    vertex 58.3887566562024 64.7560350159885 -47.1000000457677
  endloop
endfacet
facet normal 0.38268343236507 0.923879532511295 -1.135249158905e-013
  outer loop
    vertex 57.5387566562024 64.9837918295549 -47.1000000457678
    vertex 57.9487642795283 64.8139611112968 -49.1000000262424
    vertex 57.5387566562026 64.9837918295546 -49.1000000262424
  endloop
endfacet
facet normal 0.38268343236507 0.923879532511295 -1.135249158905e-013
  outer loop
    vertex 57.9487642795283 64.8139611112968 -49.1000000262424
    vertex 57.5387566562024 64.9837918295549 -47.1000000457678
    vertex 57.9487642795281 64.8139611112971 -47.1000000457677
  endloop
endfacet
facet normal 0.608761429008738 0.793353340291222 -6.48315290050711e-014
  outer loop
    vertex 57.1866751281853 65.2539534879714 -47.1000000457678
    vertex 57.5387566562026 64.9837918295546 -49.1000000262424
    vertex 57.1866751281855 65.2539534879711 -49.1000000262425
  endloop
endfacet
facet normal 0.608761429008738 0.793353340291222 -6.48315290050711e-014
  outer loop
    vertex 57.5387566562026 64.9837918295546 -49.1000000262424
    vertex 57.1866751281853 65.2539534879714 -47.1000000457678
    vertex 57.5387566562024 64.9837918295549 -47.1000000457678
  endloop
endfacet
facet normal 0.793353340291246 0.608761429008706 -2.21493298694428e-014
  outer loop
    vertex 57.1866751281853 65.2539534879714 -47.1000000457678
    vertex 56.9165134697691 65.6060350159882 -49.1000000262426
    vertex 56.9165134697689 65.6060350159885 -47.1000000457679
  endloop
endfacet
facet normal 0.793353340291246 0.608761429008706 -2.21493298694428e-014
  outer loop
    vertex 56.9165134697691 65.6060350159882 -49.1000000262426
    vertex 57.1866751281853 65.2539534879714 -47.1000000457678
    vertex 57.1866751281855 65.2539534879711 -49.1000000262425
  endloop
endfacet
facet normal 0.92387953251129 0.382683432365083 1.77233943720758e-014
  outer loop
    vertex 56.9165134697689 65.6060350159885 -47.1000000457679
    vertex 56.7466827515112 66.0160426393139 -49.1000000262427
    vertex 56.746682751511 66.0160426393143 -47.100000045768
  endloop
endfacet
facet normal 0.92387953251129 0.382683432365083 1.77233943720758e-014
  outer loop
    vertex 56.7466827515112 66.0160426393139 -49.1000000262427
    vertex 56.9165134697689 65.6060350159885 -47.1000000457679
    vertex 56.9165134697691 65.6060350159882 -49.1000000262426
  endloop
endfacet
facet normal 0.991444861373814 0.130526192220021 6.32624346251317e-014
  outer loop
    vertex 56.746682751511 66.0160426393143 -47.100000045768
    vertex 56.6887566562026 66.4560350159882 -49.1000000262427
    vertex 56.6887566562024 66.4560350159886 -47.1000000457681
  endloop
endfacet
facet normal 0.991444861373814 0.130526192220021 6.32624346251317e-014
  outer loop
    vertex 56.6887566562026 66.4560350159882 -49.1000000262427
    vertex 56.746682751511 66.0160426393143 -47.100000045768
    vertex 56.7466827515112 66.0160426393139 -49.1000000262427
  endloop
endfacet
facet normal 0.130526192220053 -0.99144486137381 1.51571194721469e-013
  outer loop
    vertex 95.4597567000109 31.0850350605593 -49.1000000262508
    vertex 95.0197643233364 31.027108965251 -47.1000000500502
    vertex 95.0197643233366 31.0271089652508 -49.1000000262509
  endloop
endfacet
facet normal 0.130526192220053 -0.99144486137381 1.51571194721469e-013
  outer loop
    vertex 95.0197643233364 31.027108965251 -47.1000000500502
    vertex 95.4597567000109 31.0850350605593 -49.1000000262508
    vertex 95.4597567000107 31.0850350605596 -47.1000000500501
  endloop
endfacet
facet normal -0.130526192220078 -0.991444861373807 1.28012344360469e-013
  outer loop
    vertex 95.8997490766852 31.0271089652507 -49.1000000262508
    vertex 95.4597567000107 31.0850350605596 -47.1000000500501
    vertex 95.4597567000109 31.0850350605593 -49.1000000262508
  endloop
endfacet
facet normal -0.130526192220078 -0.991444861373807 1.28012344360469e-013
  outer loop
    vertex 95.4597567000107 31.0850350605596 -47.1000000500501
    vertex 95.8997490766852 31.0271089652507 -49.1000000262508
    vertex 95.899749076685 31.027108965251 -47.1000000500501
  endloop
endfacet
facet normal -0.382683432365092 -0.923879532511286 9.57338565314101e-014
  outer loop
    vertex 96.3097567000109 30.8572782469929 -49.1000000262507
    vertex 95.899749076685 31.027108965251 -47.1000000500501
    vertex 95.8997490766852 31.0271089652507 -49.1000000262508
  endloop
endfacet
facet normal -0.382683432365092 -0.923879532511286 9.57338565314101e-014
  outer loop
    vertex 95.899749076685 31.027108965251 -47.1000000500501
    vertex 96.3097567000109 30.8572782469929 -49.1000000262507
    vertex 96.3097567000107 30.8572782469931 -47.10000005005
  endloop
endfacet
facet normal -0.608761429008775 -0.793353340291194 5.91596233423043e-014
  outer loop
    vertex 96.661838228028 30.5871165885764 -49.1000000262506
    vertex 96.3097567000107 30.8572782469931 -47.10000005005
    vertex 96.3097567000109 30.8572782469929 -49.1000000262507
  endloop
endfacet
facet normal -0.608761429008775 -0.793353340291194 5.91596233423043e-014
  outer loop
    vertex 96.3097567000107 30.8572782469931 -47.10000005005
    vertex 96.661838228028 30.5871165885764 -49.1000000262506
    vertex 96.6618382280278 30.5871165885767 -47.10000005005
  endloop
endfacet
facet normal -0.793353340291217 -0.608761429008745 1.93962066864266e-014
  outer loop
    vertex 96.661838228028 30.5871165885764 -49.1000000262506
    vertex 96.9319998864442 30.2350350605596 -47.1000000500499
    vertex 96.6618382280278 30.5871165885767 -47.10000005005
  endloop
endfacet
facet normal -0.793353340291217 -0.608761429008745 1.93962066864266e-014
  outer loop
    vertex 96.9319998864442 30.2350350605596 -47.1000000500499
    vertex 96.661838228028 30.5871165885764 -49.1000000262506
    vertex 96.9319998864444 30.2350350605593 -49.1000000262506
  endloop
endfacet
facet normal -0.923879532511295 -0.38268343236507 -2.72499919217362e-014
  outer loop
    vertex 96.9319998864444 30.2350350605593 -49.1000000262506
    vertex 97.1018306047021 29.8250274372339 -47.1000000500498
    vertex 96.9319998864442 30.2350350605596 -47.1000000500499
  endloop
endfacet
facet normal -0.923879532511295 -0.38268343236507 -2.72499919217362e-014
  outer loop
    vertex 97.1018306047021 29.8250274372339 -47.1000000500498
    vertex 96.9319998864444 30.2350350605593 -49.1000000262506
    vertex 97.1018306047023 29.8250274372336 -49.1000000262505
  endloop
endfacet
facet normal -0.991444861373813 -0.130526192220031 -7.10609772147452e-014
  outer loop
    vertex 97.1018306047023 29.8250274372336 -49.1000000262505
    vertex 97.1597567000107 29.3850350605596 -47.1000000500497
    vertex 97.1018306047021 29.8250274372339 -47.1000000500498
  endloop
endfacet
facet normal -0.991444861373813 -0.130526192220031 -7.10609772147452e-014
  outer loop
    vertex 97.1597567000107 29.3850350605596 -47.1000000500497
    vertex 97.1018306047023 29.8250274372336 -49.1000000262505
    vertex 97.1597567000108 29.3850350605593 -49.1000000262504
  endloop
endfacet
facet normal -0.991444861373808 0.130526192220075 -1.07870409903543e-013
  outer loop
    vertex 97.1597567000108 29.3850350605593 -49.1000000262504
    vertex 97.1018306047021 28.9450426838853 -47.1000000500497
    vertex 97.1597567000107 29.3850350605596 -47.1000000500497
  endloop
endfacet
facet normal -0.991444861373808 0.130526192220075 -1.07870409903543e-013
  outer loop
    vertex 97.1018306047021 28.9450426838853 -47.1000000500497
    vertex 97.1597567000108 29.3850350605593 -49.1000000262504
    vertex 97.1018306047022 28.945042683885 -49.1000000262504
  endloop
endfacet
facet normal -0.923879532511299 0.382683432365061 -1.37329705111666e-013
  outer loop
    vertex 97.1018306047022 28.945042683885 -49.1000000262504
    vertex 96.9319998864442 28.5350350605596 -47.1000000500496
    vertex 97.1018306047021 28.9450426838853 -47.1000000500497
  endloop
endfacet
facet normal -0.923879532511299 0.382683432365061 -1.37329705111666e-013
  outer loop
    vertex 96.9319998864442 28.5350350605596 -47.1000000500496
    vertex 97.1018306047022 28.945042683885 -49.1000000262504
    vertex 96.9319998864444 28.5350350605593 -49.1000000262503
  endloop
endfacet
facet normal -0.793353340291222 0.608761429008738 -1.57427182477862e-013
  outer loop
    vertex 96.9319998864444 28.5350350605593 -49.1000000262503
    vertex 96.6618382280278 28.1829535325424 -47.1000000500496
    vertex 96.9319998864442 28.5350350605596 -47.1000000500496
  endloop
endfacet
facet normal -0.793353340291222 0.608761429008738 -1.57427182477862e-013
  outer loop
    vertex 96.6618382280278 28.1829535325424 -47.1000000500496
    vertex 96.9319998864444 28.5350350605593 -49.1000000262503
    vertex 96.661838228028 28.1829535325422 -49.1000000262503
  endloop
endfacet
facet normal -0.608761429008682 0.793353340291265 -1.69027400579256e-013
  outer loop
    vertex 96.3097567000109 27.9127918741258 -49.1000000262503
    vertex 96.6618382280278 28.1829535325424 -47.1000000500496
    vertex 96.661838228028 28.1829535325422 -49.1000000262503
  endloop
endfacet
facet normal -0.608761429008682 0.793353340291265 -1.69027400579256e-013
  outer loop
    vertex 96.6618382280278 28.1829535325424 -47.1000000500496
    vertex 96.3097567000109 27.9127918741258 -49.1000000262503
    vertex 96.3097567000107 27.9127918741261 -47.1000000500496
  endloop
endfacet
facet normal -0.382683432365115 0.923879532511276 -1.67404197769603e-013
  outer loop
    vertex 95.8997490766849 27.7429611558682 -47.1000000500496
    vertex 96.3097567000109 27.9127918741258 -49.1000000262503
    vertex 95.8997490766851 27.7429611558679 -49.1000000262503
  endloop
endfacet
facet normal -0.382683432365115 0.923879532511276 -1.67404197769603e-013
  outer loop
    vertex 96.3097567000109 27.9127918741258 -49.1000000262503
    vertex 95.8997490766849 27.7429611558682 -47.1000000500496
    vertex 96.3097567000107 27.9127918741261 -47.1000000500496
  endloop
endfacet
facet normal -0.13052619221999 0.991444861373818 -1.54366021715832e-013
  outer loop
    vertex 95.4597567000106 27.6850350605596 -47.1000000500496
    vertex 95.8997490766851 27.7429611558679 -49.1000000262503
    vertex 95.4597567000108 27.6850350605593 -49.1000000262503
  endloop
endfacet
facet normal -0.13052619221999 0.991444861373818 -1.54366021715832e-013
  outer loop
    vertex 95.8997490766851 27.7429611558679 -49.1000000262503
    vertex 95.4597567000106 27.6850350605596 -47.1000000500496
    vertex 95.8997490766849 27.7429611558682 -47.1000000500496
  endloop
endfacet
facet normal 0.130526192220016 0.991444861373815 -1.3080801506077e-013
  outer loop
    vertex 95.0197643233364 27.7429611558682 -47.1000000500497
    vertex 95.4597567000108 27.6850350605593 -49.1000000262503
    vertex 95.0197643233365 27.7429611558679 -49.1000000262504
  endloop
endfacet
facet normal 0.130526192220016 0.991444861373815 -1.3080801506077e-013
  outer loop
    vertex 95.4597567000108 27.6850350605593 -49.1000000262503
    vertex 95.0197643233364 27.7429611558682 -47.1000000500497
    vertex 95.4597567000106 27.6850350605596 -47.1000000500496
  endloop
endfacet
facet normal 0.382683432365155 0.92387953251126 -9.83362757660445e-014
  outer loop
    vertex 94.6097567000107 27.9127918741261 -47.1000000500497
    vertex 95.0197643233365 27.7429611558679 -49.1000000262504
    vertex 94.6097567000109 27.9127918741258 -49.1000000262504
  endloop
endfacet
facet normal 0.382683432365155 0.92387953251126 -9.83362757660445e-014
  outer loop
    vertex 95.0197643233365 27.7429611558679 -49.1000000262504
    vertex 94.6097567000107 27.9127918741261 -47.1000000500497
    vertex 95.0197643233364 27.7429611558682 -47.1000000500497
  endloop
endfacet
facet normal 0.608761429008674 0.793353340291271 -5.9164946077481e-014
  outer loop
    vertex 94.2576751719935 28.1829535325425 -47.1000000500498
    vertex 94.6097567000109 27.9127918741258 -49.1000000262504
    vertex 94.2576751719937 28.1829535325422 -49.1000000262505
  endloop
endfacet
facet normal 0.608761429008674 0.793353340291271 -5.9164946077481e-014
  outer loop
    vertex 94.6097567000109 27.9127918741258 -49.1000000262504
    vertex 94.2576751719935 28.1829535325425 -47.1000000500498
    vertex 94.6097567000107 27.9127918741261 -47.1000000500497
  endloop
endfacet
facet normal 0.793353340291246 0.608761429008706 -1.42456534274104e-014
  outer loop
    vertex 94.2576751719935 28.1829535325425 -47.1000000500498
    vertex 93.9875135135773 28.5350350605593 -49.1000000262506
    vertex 93.9875135135771 28.5350350605596 -47.1000000500499
  endloop
endfacet
facet normal 0.793353340291246 0.608761429008706 -1.42456534274104e-014
  outer loop
    vertex 93.9875135135773 28.5350350605593 -49.1000000262506
    vertex 94.2576751719935 28.1829535325425 -47.1000000500498
    vertex 94.2576751719937 28.1829535325422 -49.1000000262505
  endloop
endfacet
facet normal 0.923879532511299 0.382683432365061 2.94142462844612e-014
  outer loop
    vertex 93.9875135135771 28.5350350605596 -47.1000000500499
    vertex 93.8176827953194 28.945042683885 -49.1000000262507
    vertex 93.8176827953192 28.9450426838853 -47.10000005005
  endloop
endfacet
facet normal 0.923879532511299 0.382683432365061 2.94142462844612e-014
  outer loop
    vertex 93.8176827953194 28.945042683885 -49.1000000262507
    vertex 93.9875135135771 28.5350350605596 -47.1000000500499
    vertex 93.9875135135773 28.5350350605593 -49.1000000262506
  endloop
endfacet
facet normal 0.991444861373814 0.130526192220021 7.10621184768555e-014
  outer loop
    vertex 93.8176827953192 28.9450426838853 -47.10000005005
    vertex 93.7597567000109 29.3850350605594 -49.1000000262507
    vertex 93.7597567000107 29.3850350605596 -47.10000005005
  endloop
endfacet
facet normal 0.991444861373814 0.130526192220021 7.10621184768555e-014
  outer loop
    vertex 93.7597567000109 29.3850350605594 -49.1000000262507
    vertex 93.8176827953192 28.9450426838853 -47.10000005005
    vertex 93.8176827953194 28.945042683885 -49.1000000262507
  endloop
endfacet
facet normal 0.991444861373813 -0.130526192220035 1.07872394871573e-013
  outer loop
    vertex 93.7597567000107 29.3850350605596 -47.10000005005
    vertex 93.8176827953194 29.8250274372336 -49.1000000262508
    vertex 93.8176827953192 29.8250274372339 -47.1000000500501
  endloop
endfacet
facet normal 0.991444861373813 -0.130526192220035 1.07872394871573e-013
  outer loop
    vertex 93.8176827953194 29.8250274372336 -49.1000000262508
    vertex 93.7597567000107 29.3850350605596 -47.10000005005
    vertex 93.7597567000109 29.3850350605594 -49.1000000262507
  endloop
endfacet
facet normal 0.923879532511275 -0.382683432365118 1.38403081725279e-013
  outer loop
    vertex 93.8176827953192 29.8250274372339 -47.1000000500501
    vertex 93.9875135135773 30.2350350605593 -49.1000000262508
    vertex 93.9875135135771 30.2350350605596 -47.1000000500501
  endloop
endfacet
facet normal 0.923879532511275 -0.382683432365118 1.38403081725279e-013
  outer loop
    vertex 93.9875135135773 30.2350350605593 -49.1000000262508
    vertex 93.8176827953192 29.8250274372339 -47.1000000500501
    vertex 93.8176827953194 29.8250274372336 -49.1000000262508
  endloop
endfacet
facet normal 0.793353340291236 -0.60876142900872 1.59148245864187e-013
  outer loop
    vertex 93.9875135135771 30.2350350605596 -47.1000000500501
    vertex 94.2576751719937 30.5871165885765 -49.1000000262509
    vertex 94.2576751719936 30.5871165885768 -47.1000000500502
  endloop
endfacet
facet normal 0.793353340291236 -0.60876142900872 1.59148245864187e-013
  outer loop
    vertex 94.2576751719937 30.5871165885765 -49.1000000262509
    vertex 93.9875135135771 30.2350350605596 -47.1000000500501
    vertex 93.9875135135773 30.2350350605593 -49.1000000262508
  endloop
endfacet
facet normal 0.608761429008722 -0.793353340291234 1.66797449912875e-013
  outer loop
    vertex 94.6097567000107 30.8572782469932 -47.1000000500502
    vertex 94.2576751719937 30.5871165885765 -49.1000000262509
    vertex 94.6097567000108 30.8572782469929 -49.1000000262509
  endloop
endfacet
facet normal 0.608761429008722 -0.793353340291234 1.66797449912875e-013
  outer loop
    vertex 94.2576751719937 30.5871165885765 -49.1000000262509
    vertex 94.6097567000107 30.8572782469932 -47.1000000500502
    vertex 94.2576751719936 30.5871165885768 -47.1000000500502
  endloop
endfacet
facet normal 0.382683432365061 -0.923879532511299 1.64799047407468e-013
  outer loop
    vertex 95.0197643233366 31.0271089652508 -49.1000000262509
    vertex 94.6097567000107 30.8572782469932 -47.1000000500502
    vertex 94.6097567000108 30.8572782469929 -49.1000000262509
  endloop
endfacet
facet normal 0.382683432365061 -0.923879532511299 1.64799047407468e-013
  outer loop
    vertex 94.6097567000107 30.8572782469932 -47.1000000500502
    vertex 95.0197643233366 31.0271089652508 -49.1000000262509
    vertex 95.0197643233364 31.027108965251 -47.1000000500502
  endloop
endfacet
facet normal -0.821595548695123 -0.570070832760596 2.70356796131817e-009
  outer loop
    vertex 61.3708452239514 -5.019880384116 -47.1000000386841
    vertex 61.644233616193 -5.41389223312126 -38.5000000266039
    vertex 61.3708452239511 -5.01988034332992 -38.5000000266009
  endloop
endfacet
facet normal -0.821595548695123 -0.570070832760596 2.70356796131817e-009
  outer loop
    vertex 61.644233616193 -5.41389223312126 -38.5000000266039
    vertex 61.3708452239514 -5.019880384116 -47.1000000386841
    vertex 61.6442336161934 -5.41389227390734 -47.1000000386872
  endloop
endfacet
facet normal -0.704113145310505 -0.710087796403337 3.36761134876603e-009
  outer loop
    vertex 61.3708452239514 -5.019880384116 -47.1000000386841
    vertex 61.0296945711255 -4.6816001188247 -38.5000000268023
    vertex 61.0296945711259 -4.68160015961076 -47.1000000388856
  endloop
endfacet
facet normal -0.704113145310505 -0.710087796403337 3.36761134876603e-009
  outer loop
    vertex 61.0296945711255 -4.6816001188247 -38.5000000268023
    vertex 61.3708452239514 -5.019880384116 -47.1000000386841
    vertex 61.3708452239511 -5.01988034332992 -38.5000000266009
  endloop
endfacet
facet normal -0.61390062060966 -0.78938332134336 3.74367799660209e-009
  outer loop
    vertex 61.0296945711259 -4.68160015961076 -47.1000000388856
    vertex 60.6504476149464 -4.38666110064723 -38.5000000271349
    vertex 60.6504476149467 -4.38666114143329 -47.1000000392182
  endloop
endfacet
facet normal -0.61390062060966 -0.78938332134336 3.74367799660209e-009
  outer loop
    vertex 60.6504476149464 -4.38666110064723 -38.5000000271349
    vertex 61.0296945711259 -4.68160015961076 -47.1000000388856
    vertex 61.0296945711255 -4.6816001188247 -38.5000000268023
  endloop
endfacet
facet normal -0.514831916512356 -0.8572911394271 4.06573953456875e-009
  outer loop
    vertex 60.6504476149467 -4.38666114143329 -47.1000000392182
    vertex 60.238575402301 -4.13931810263593 -38.5000000275938
    vertex 60.2385754023013 -4.13931814342201 -47.1000000396771
  endloop
endfacet
facet normal -0.514831916512356 -0.8572911394271 4.06573953456875e-009
  outer loop
    vertex 60.238575402301 -4.13931810263593 -38.5000000275938
    vertex 60.6504476149467 -4.38666114143329 -47.1000000392182
    vertex 60.6504476149464 -4.38666110064723 -38.5000000271349
  endloop
endfacet
facet normal -0.408336206058351 -0.91283160704583 4.32914847235195e-009
  outer loop
    vertex 60.2385754023013 -4.13931814342201 -47.1000000396771
    vertex 59.8000196346328 -3.94313931464 -38.5000000281724
    vertex 59.8000196346331 -3.94313935542605 -47.1000000402557
  endloop
endfacet
facet normal -0.408336206058351 -0.91283160704583 4.32914847235195e-009
  outer loop
    vertex 59.8000196346328 -3.94313931464 -38.5000000281724
    vertex 60.2385754023013 -4.13931814342201 -47.1000000396771
    vertex 60.238575402301 -4.13931810263593 -38.5000000275938
  endloop
endfacet
facet normal -0.295949804874374 -0.955203492976664 4.53010483238713e-009
  outer loop
    vertex 59.8000196346331 -3.94313935542605 -47.1000000402557
    vertex 59.3411069524816 -3.80095482752743 -38.5000000288624
    vertex 59.341106952482 -3.80095486831351 -47.1000000409456
  endloop
endfacet
facet normal -0.295949804874374 -0.955203492976664 4.53010483238713e-009
  outer loop
    vertex 59.3411069524816 -3.80095482752743 -38.5000000288624
    vertex 59.8000196346331 -3.94313935542605 -47.1000000402557
    vertex 59.8000196346328 -3.94313931464 -38.5000000281724
  endloop
endfacet
facet normal -0.179294008162373 -0.983795537008108 4.66570893993558e-009
  outer loop
    vertex 59.341106952482 -3.80095486831351 -47.1000000409456
    vertex 58.8684576668621 -3.71481580606824 -38.5000000296537
    vertex 58.8684576668624 -3.71481584685429 -47.1000000417369
  endloop
endfacet
facet normal -0.179294008162373 -0.983795537008108 4.66570893993558e-009
  outer loop
    vertex 58.8684576668621 -3.71481580606824 -38.5000000296537
    vertex 59.341106952482 -3.80095486831351 -47.1000000409456
    vertex 59.3411069524816 -3.80095482752743 -38.5000000288624
  endloop
endfacet
facet normal -0.0600517017651096 -0.998195268028813 4.73400515788026e-009
  outer loop
    vertex 58.8684576668624 -3.71481584685429 -47.1000000417369
    vertex 58.3888902541277 -3.68596489866746 -38.5000000305349
    vertex 58.388890254128 -3.68596493945354 -47.1000000426182
  endloop
endfacet
facet normal -0.0600517017651096 -0.998195268028813 4.73400515788026e-009
  outer loop
    vertex 58.3888902541277 -3.68596489866746 -38.5000000305349
    vertex 58.8684576668624 -3.71481584685429 -47.1000000417369
    vertex 58.8684576668621 -3.71481580606824 -38.5000000296537
  endloop
endfacet
facet normal 0.0600569152793553 -0.998194954368699 4.73400889343415e-009
  outer loop
    vertex 58.388890254128 -3.68596493945354 -47.1000000426182
    vertex 57.9093229920864 -3.71481831082017 -38.5000000314935
    vertex 57.9093229920868 -3.71481835160625 -47.1000000435767
  endloop
endfacet
facet normal 0.0600569152793553 -0.998194954368699 4.73400889343415e-009
  outer loop
    vertex 57.9093229920864 -3.71481831082017 -38.5000000314935
    vertex 58.388890254128 -3.68596493945354 -47.1000000426182
    vertex 58.3888902541277 -3.68596489866746 -38.5000000305349
  endloop
endfacet
facet normal 0.179299146465997 -0.983794600552659 4.66571878424311e-009
  outer loop
    vertex 57.9093229920868 -3.71481835160625 -47.1000000435767
    vertex 57.4366741563723 -3.80095980089755 -38.5000000325154
    vertex 57.4366741563727 -3.80095984168363 -47.1000000445987
  endloop
endfacet
facet normal 0.179299146465997 -0.983794600552659 4.66571878424311e-009
  outer loop
    vertex 57.4366741563723 -3.80095980089755 -38.5000000325154
    vertex 57.9093229920868 -3.71481835160625 -47.1000000435767
    vertex 57.9093229920864 -3.71481831082017 -38.5000000314935
  endloop
endfacet
facet normal 0.295954793841931 -0.955201947235233 4.53012001654103e-009
  outer loop
    vertex 57.4366741563727 -3.80095984168363 -47.1000000445987
    vertex 56.9777622168487 -3.94314668488208 -38.500000033586
    vertex 56.977762216849 -3.94314672566815 -47.1000000456693
  endloop
endfacet
facet normal 0.295954793841931 -0.955201947235233 4.53012001654103e-009
  outer loop
    vertex 56.9777622168487 -3.94314668488208 -38.500000033586
    vertex 57.4366741563727 -3.80095984168363 -47.1000000445987
    vertex 57.4366741563723 -3.80095980089755 -38.5000000325154
  endloop
endfacet
facet normal 0.408340973718432 -0.912829474317456 4.32916942090065e-009
  outer loop
    vertex 56.977762216849 -3.94314672566815 -47.1000000456693
    vertex 56.5392074738167 -4.13932776342628 -38.5000000346899
    vertex 56.539207473817 -4.13932780421234 -47.1000000467732
  endloop
endfacet
facet normal 0.408340973718432 -0.912829474317456 4.32916942090065e-009
  outer loop
    vertex 56.5392074738167 -4.13932776342628 -38.5000000346899
    vertex 56.977762216849 -3.94314672566815 -47.1000000456693
    vertex 56.9777622168487 -3.94314668488208 -38.500000033586
  endloop
endfacet
facet normal 0.514836394086448 -0.857288450478638 4.0657656102226e-009
  outer loop
    vertex 56.539207473817 -4.13932780421234 -47.1000000467732
    vertex 56.1273365530348 -4.38667291261849 -38.5000000358111
    vertex 56.1273365530351 -4.38667295340455 -47.1000000478944
  endloop
endfacet
facet normal 0.514836394086448 -0.857288450478638 4.0657656102226e-009
  outer loop
    vertex 56.1273365530348 -4.38667291261849 -38.5000000358111
    vertex 56.539207473817 -4.13932780421234 -47.1000000467732
    vertex 56.5392074738167 -4.13932776342628 -38.5000000346899
  endloop
endfacet
facet normal 0.613904743503859 -0.789380114965826 3.74370948928807e-009
  outer loop
    vertex 56.1273365530351 -4.38667295340455 -47.1000000478944
    vertex 55.7480911373099 -4.68161391157647 -38.5000000369334
    vertex 55.7480911373103 -4.68161395236252 -47.1000000490167
  endloop
endfacet
facet normal 0.613904743503859 -0.789380114965826 3.74370948928807e-009
  outer loop
    vertex 55.7480911373099 -4.68161391157647 -38.5000000369334
    vertex 56.1273365530351 -4.38667295340455 -47.1000000478944
    vertex 56.1273365530348 -4.38667291261849 -38.5000000358111
  endloop
endfacet
facet normal 0.704116854047554 -0.71008411885225 3.36764747126042e-009
  outer loop
    vertex 55.7480911373103 -4.68161395236252 -47.1000000490167
    vertex 55.4069422513067 -5.01989591788675 -38.5000000380407
    vertex 55.406942251307 -5.01989595867283 -47.100000050124
  endloop
endfacet
facet normal 0.704116854047554 -0.71008411885225 3.36764747126042e-009
  outer loop
    vertex 55.4069422513067 -5.01989591788675 -38.5000000380407
    vertex 55.7480911373103 -4.68161395236252 -47.1000000490167
    vertex 55.7480911373099 -4.68161391157647 -38.5000000369334
  endloop
endfacet
facet normal 0.821597412582829 -0.570068146485313 2.70361664291414e-009
  outer loop
    vertex 55.1335551487926 -5.41390869941809 -38.5000000266044
    vertex 55.406942251307 -5.01989595867283 -47.100000050124
    vertex 55.4069422513067 -5.01989591788675 -38.5000000380407
  endloop
endfacet
facet normal 0.821597412582829 -0.570068146485313 2.70361664291414e-009
  outer loop
    vertex 55.406942251307 -5.01989595867283 -47.100000050124
    vertex 55.1335551487926 -5.41390869941809 -38.5000000266044
    vertex 55.1335551487929 -5.41390874020417 -47.1000000386877
  endloop
endfacet
facet normal 2.68384716831139e-006 -0.999999999996368 2.47524736248417e-007
  outer loop
    vertex 75.1386113795737 -5.41385814498641 -47.1000000293991
    vertex 61.644233616193 -5.41389223312126 -38.5000000266039
    vertex 61.6442336161934 -5.41389227390734 -47.1000000386872
  endloop
endfacet
facet normal 2.68384716831139e-006 -0.999999999996368 2.47524736248417e-007
  outer loop
    vertex 61.644233616193 -5.41389223312126 -38.5000000266039
    vertex 75.1386113795737 -5.41385814498641 -47.1000000293991
    vertex 75.1386113795736 -5.41385392834702 -38.5000000293932
  endloop
endfacet
facet normal -0.0327190828218155 -0.999464587476364 1.49242242303097e-013
  outer loop
    vertex 58.3887567000087 -13.6139649394403 -49.1000000262527
    vertex 55.5764221431123 -13.5218986386998 -47.1000000411365
    vertex 55.5764221431125 -13.5218986387001 -49.1000000262529
  endloop
endfacet
facet normal -0.0327190828218155 -0.999464587476364 1.49242242303097e-013
  outer loop
    vertex 55.5764221431123 -13.5218986386998 -47.1000000411365
    vertex 58.3887567000087 -13.6139649394403 -49.1000000262527
    vertex 58.3887567000085 -13.61396493944 -47.1000000411363
  endloop
endfacet
facet normal -0.0980171403296019 -0.995184726672193 1.42710767807247e-013
  outer loop
    vertex 55.5764221431125 -13.5218986387001 -49.1000000262529
    vertex 52.7761304345462 -13.2460939785135 -47.1000000411368
    vertex 52.7761304345464 -13.2460939785139 -49.1000000262532
  endloop
endfacet
facet normal -0.0980171403296019 -0.995184726672193 1.42710767807247e-013
  outer loop
    vertex 52.7761304345462 -13.2460939785135 -47.1000000411368
    vertex 55.5764221431125 -13.5218986387001 -49.1000000262529
    vertex 55.5764221431123 -13.5218986386998 -47.1000000411365
  endloop
endfacet
facet normal -0.162895473394635 -0.986643332084871 1.35548889710419e-013
  outer loop
    vertex 52.7761304345464 -13.2460939785139 -49.1000000262532
    vertex 49.9998728533148 -12.7877319967785 -47.1000000411371
    vertex 49.999872853315 -12.7877319967788 -49.1000000262535
  endloop
endfacet
facet normal -0.162895473394635 -0.986643332084871 1.35548889710419e-013
  outer loop
    vertex 49.9998728533148 -12.7877319967785 -47.1000000411371
    vertex 52.7761304345464 -13.2460939785139 -49.1000000262532
    vertex 52.7761304345462 -13.2460939785135 -47.1000000411368
  endloop
endfacet
facet normal -0.227076263034405 -0.973876979277326 1.29089052629438e-013
  outer loop
    vertex 49.999872853315 -12.7877319967788 -49.1000000262535
    vertex 47.2595377606 -12.1487754698694 -47.1000000411375
    vertex 47.2595377606001 -12.1487754698697 -49.1000000262539
  endloop
endfacet
facet normal -0.227076263034405 -0.973876979277326 1.29089052629438e-013
  outer loop
    vertex 47.2595377606 -12.1487754698694 -47.1000000411375
    vertex 49.999872853315 -12.7877319967788 -49.1000000262535
    vertex 49.9998728533148 -12.7877319967785 -47.1000000411371
  endloop
endfacet
facet normal -0.290284677254503 -0.956940335732197 1.22805859934748e-013
  outer loop
    vertex 47.2595377606001 -12.1487754698697 -49.1000000262539
    vertex 44.5668596919724 -11.3319605077289 -47.1000000411378
    vertex 44.5668596919726 -11.3319605077292 -49.1000000262542
  endloop
endfacet
facet normal -0.290284677254503 -0.956940335732197 1.22805859934748e-013
  outer loop
    vertex 44.5668596919724 -11.3319605077289 -47.1000000411378
    vertex 47.2595377606001 -12.1487754698697 -49.1000000262539
    vertex 47.2595377606 -12.1487754698694 -47.1000000411375
  endloop
endfacet
facet normal -0.352250047921263 -0.935905926757315 1.14720190546831e-013
  outer loop
    vertex 44.5668596919726 -11.3319605077292 -49.1000000262542
    vertex 41.9333691083095 -10.3407848374246 -47.1000000411382
    vertex 41.9333691083097 -10.3407848374249 -49.1000000262546
  endloop
endfacet
facet normal -0.352250047921263 -0.935905926757315 1.14720190546831e-013
  outer loop
    vertex 41.9333691083095 -10.3407848374246 -47.1000000411382
    vertex 44.5668596919726 -11.3319605077292 -49.1000000262542
    vertex 44.5668596919724 -11.3319605077289 -47.1000000411378
  endloop
endfacet
facet normal -0.412707029804434 -0.910863824921158 1.06137636858457e-013
  outer loop
    vertex 41.9333691083097 -10.3407848374249 -49.1000000262546
    vertex 39.3703430205913 -9.17949282534473 -47.1000000411386
    vertex 39.3703430205915 -9.17949282534503 -49.100000026255
  endloop
endfacet
facet normal -0.412707029804434 -0.910863824921158 1.06137636858457e-013
  outer loop
    vertex 39.3703430205913 -9.17949282534473 -47.1000000411386
    vertex 41.9333691083097 -10.3407848374249 -49.1000000262546
    vertex 41.9333691083095 -10.3407848374246 -47.1000000411382
  endloop
endfacet
facet normal -0.471396736826028 -0.881921264348339 9.71028572548436e-014
  outer loop
    vertex 39.3703430205915 -9.17949282534503 -49.100000026255
    vertex 36.8887567000084 -7.85305730216989 -47.100000041139
    vertex 36.8887567000085 -7.85305730217018 -49.1000000262554
  endloop
endfacet
facet normal -0.471396736826028 -0.881921264348339 9.71028572548436e-014
  outer loop
    vertex 36.8887567000084 -7.85305730216989 -47.100000041139
    vertex 39.3703430205915 -9.17949282534503 -49.100000026255
    vertex 39.3703430205913 -9.17949282534473 -47.1000000411386
  endloop
endfacet
facet normal -0.528067850650407 -0.849202181526555 8.76154054020322e-014
  outer loop
    vertex 36.8887567000085 -7.85305730217018 -49.1000000262554
    vertex 34.4992366801655 -6.36715826844833 -47.1000000411394
    vertex 34.4992366801657 -6.36715826844863 -49.1000000262558
  endloop
endfacet
facet normal -0.528067850650407 -0.849202181526555 8.76154054020322e-014
  outer loop
    vertex 34.4992366801655 -6.36715826844833 -47.1000000411394
    vertex 36.8887567000085 -7.85305730217018 -49.1000000262554
    vertex 36.8887567000084 -7.85305730216989 -47.100000041139
  endloop
endfacet
facet normal -0.582477696867828 -0.812846684591597 7.47035282458096e-014
  outer loop
    vertex 34.4992366801657 -6.36715826844863 -49.1000000262558
    vertex 32.2120152526334 -4.7281585719619 -47.1000000411399
    vertex 32.2120152526336 -4.72815857196219 -49.1000000262563
  endloop
endfacet
facet normal -0.582477696867828 -0.812846684591597 7.47035282458096e-014
  outer loop
    vertex 32.2120152526334 -4.7281585719619 -47.1000000411399
    vertex 34.4992366801657 -6.36715826844863 -49.1000000262558
    vertex 34.4992366801655 -6.36715826844833 -47.1000000411394
  endloop
endfacet
facet normal -0.582477696867828 -0.812846684591597 7.47035282458096e-014
  outer loop
    vertex 32.2120152526334 -4.7281585719619 -47.1000000411399
    vertex 34.4992366801655 -6.36715826844833 -47.1000000411394
    vertex 32.8887567000098 -5.21310463511872 -47.1000000352725
  endloop
endfacet
facet normal -0.582477696867828 -0.812846684591597 7.47035282458096e-014
  outer loop
    vertex 32.8887567000098 -5.21310463511872 -47.1000000352725
    vertex 34.4992366801655 -6.36715826844833 -47.1000000411394
    vertex 33.1690560252943 -5.4139642910911 -47.1000000353309
  endloop
endfacet
facet normal -0.634393284163683 -0.773010453362706 6.32842269645719e-014
  outer loop
    vertex 32.2120152526336 -4.72815857196219 -49.1000000262563
    vertex 30.0368866507055 -2.94307666103466 -47.1000000411403
    vertex 30.0368866507057 -2.94307666103496 -49.1000000262567
  endloop
endfacet
facet normal -0.634393284163683 -0.773010453362706 6.32842269645719e-014
  outer loop
    vertex 30.0368866507055 -2.94307666103466 -47.1000000411403
    vertex 32.2120152526336 -4.72815857196219 -49.1000000262563
    vertex 32.2120152526334 -4.7281585719619 -47.1000000411399
  endloop
endfacet
facet normal -0.683592302022897 -0.729864072697812 5.30306677689652e-014
  outer loop
    vertex 30.0368866507057 -2.94307666103496 -49.1000000262567
    vertex 27.9831651089869 -1.0195565304601 -47.1000000411408
    vertex 27.9831651089871 -1.01955653046039 -49.1000000262572
  endloop
endfacet
facet normal -0.683592302022897 -0.729864072697812 5.30306677689652e-014
  outer loop
    vertex 27.9831651089869 -1.0195565304601 -47.1000000411408
    vertex 30.0368866507057 -2.94307666103496 -49.1000000262567
    vertex 30.0368866507055 -2.94307666103466 -47.1000000411403
  endloop
endfacet
facet normal -0.729864072697855 -0.683592302022851 4.45122061509539e-014
  outer loop
    vertex 26.0596449784126 1.0341650112583 -49.1000000262576
    vertex 27.9831651089869 -1.0195565304601 -47.1000000411408
    vertex 26.0596449784125 1.03416501125862 -47.1000000411413
  endloop
endfacet
facet normal -0.729864072697855 -0.683592302022851 4.45122061509539e-014
  outer loop
    vertex 27.9831651089869 -1.0195565304601 -47.1000000411408
    vertex 26.0596449784126 1.0341650112583 -49.1000000262576
    vertex 27.9831651089871 -1.01955653046039 -49.1000000262572
  endloop
endfacet
facet normal -0.773010453362766 -0.63439328416361 3.11960535583908e-014
  outer loop
    vertex 24.2745630674856 3.20929361318639 -49.1000000262581
    vertex 26.0596449784125 1.03416501125862 -47.1000000411413
    vertex 24.2745630674854 3.20929361318669 -47.1000000411417
  endloop
endfacet
facet normal -0.773010453362766 -0.63439328416361 3.11960535583908e-014
  outer loop
    vertex 26.0596449784125 1.03416501125862 -47.1000000411413
    vertex 24.2745630674856 3.20929361318639 -49.1000000262581
    vertex 26.0596449784126 1.0341650112583 -49.1000000262576
  endloop
endfacet
facet normal -0.812846684591643 -0.582477696867764 1.53344437897414e-014
  outer loop
    vertex 22.6355633709994 5.4965150407186 -49.1000000262586
    vertex 24.2745630674854 3.20929361318669 -47.1000000411417
    vertex 22.6355633709992 5.49651504071891 -47.1000000411422
  endloop
endfacet
facet normal -0.812846684591643 -0.582477696867764 1.53344437897414e-014
  outer loop
    vertex 24.2745630674854 3.20929361318669 -47.1000000411417
    vertex 22.6355633709994 5.4965150407186 -49.1000000262586
    vertex 24.2745630674856 3.20929361318639 -49.1000000262581
  endloop
endfacet
facet normal -0.849202181526598 -0.528067850650338 1.18741224014336e-014
  outer loop
    vertex 21.149664337278 7.88603506056162 -49.1000000262591
    vertex 22.6355633709992 5.49651504071891 -47.1000000411422
    vertex 21.1496643372779 7.88603506056191 -47.1000000411427
  endloop
endfacet
facet normal -0.849202181526598 -0.528067850650338 1.18741224014336e-014
  outer loop
    vertex 22.6355633709992 5.49651504071891 -47.1000000411422
    vertex 21.149664337278 7.88603506056162 -49.1000000262591
    vertex 22.6355633709994 5.4965150407186 -49.1000000262586
  endloop
endfacet
facet normal -0.881921264348377 -0.471396736825956 9.42985302086046e-015
  outer loop
    vertex 19.8232288141033 10.3676213811447 -49.1000000262596
    vertex 21.1496643372779 7.88603506056191 -47.1000000411427
    vertex 19.8232288141032 10.367621381145 -47.1000000411432
  endloop
endfacet
facet normal -0.881921264348377 -0.471396736825956 9.42985302086046e-015
  outer loop
    vertex 21.1496643372779 7.88603506056191 -47.1000000411427
    vertex 19.8232288141033 10.3676213811447 -49.1000000262596
    vertex 21.149664337278 7.88603506056162 -49.1000000262591
  endloop
endfacet
facet normal -0.910863824921188 -0.412707029804369 -1.02154974998409e-014
  outer loop
    vertex 18.6619368020237 12.930647468863 -49.1000000262601
    vertex 19.8232288141032 10.367621381145 -47.1000000411432
    vertex 18.6619368020235 12.9306474688633 -47.1000000411437
  endloop
endfacet
facet normal -0.910863824921188 -0.412707029804369 -1.02154974998409e-014
  outer loop
    vertex 19.8232288141032 10.367621381145 -47.1000000411432
    vertex 18.6619368020237 12.930647468863 -49.1000000262601
    vertex 19.8232288141033 10.3676213811447 -49.1000000262596
  endloop
endfacet
facet normal -0.935905926757344 -0.352250047921184 -3.18120452187438e-014
  outer loop
    vertex 17.6707611317196 15.564138052526 -49.1000000262605
    vertex 18.6619368020235 12.9306474688633 -47.1000000411437
    vertex 17.6707611317194 15.5641380525263 -47.1000000411441
  endloop
endfacet
facet normal -0.935905926757344 -0.352250047921184 -3.18120452187438e-014
  outer loop
    vertex 18.6619368020235 12.9306474688633 -47.1000000411437
    vertex 17.6707611317196 15.564138052526 -49.1000000262605
    vertex 18.6619368020237 12.930647468863 -49.1000000262601
  endloop
endfacet
facet normal -0.956940335732218 -0.290284677254434 -3.2180294170855e-014
  outer loop
    vertex 16.8539461695792 18.2568161211536 -49.100000026261
    vertex 17.6707611317194 15.5641380525263 -47.1000000411441
    vertex 16.8539461695791 18.2568161211539 -47.1000000411446
  endloop
endfacet
facet normal -0.956940335732218 -0.290284677254434 -3.2180294170855e-014
  outer loop
    vertex 17.6707611317194 15.5641380525263 -47.1000000411441
    vertex 16.8539461695792 18.2568161211536 -49.100000026261
    vertex 17.6707611317196 15.564138052526 -49.1000000262605
  endloop
endfacet
facet normal -0.973876979277346 -0.227076263034321 -3.13284048063125e-014
  outer loop
    vertex 16.2149896426704 20.9971512138686 -49.1000000262615
    vertex 16.8539461695791 18.2568161211539 -47.1000000411446
    vertex 16.2149896426703 20.9971512138689 -47.1000000411451
  endloop
endfacet
facet normal -0.973876979277346 -0.227076263034321 -3.13284048063125e-014
  outer loop
    vertex 16.8539461695791 18.2568161211539 -47.1000000411446
    vertex 16.2149896426704 20.9971512138686 -49.1000000262615
    vertex 16.8539461695792 18.2568161211536 -49.100000026261
  endloop
endfacet
facet normal -0.986643332084883 -0.162895473394565 -5.35722495102618e-014
  outer loop
    vertex 15.7566276609355 23.7734087951 -49.1000000262619
    vertex 16.2149896426703 20.9971512138689 -47.1000000411451
    vertex 15.7566276609353 23.7734087951003 -47.1000000411455
  endloop
endfacet
facet normal -0.986643332084883 -0.162895473394565 -5.35722495102618e-014
  outer loop
    vertex 16.2149896426703 20.9971512138689 -47.1000000411451
    vertex 15.7566276609355 23.7734087951 -49.1000000262619
    vertex 16.2149896426704 20.9971512138686 -49.1000000262615
  endloop
endfacet
facet normal -0.995184726672203 -0.0980171403294969 -7.51608287419471e-014
  outer loop
    vertex 15.4808230007496 26.5737005036661 -49.1000000262624
    vertex 15.7566276609353 23.7734087951003 -47.1000000411455
    vertex 15.4808230007494 26.5737005036664 -47.100000041146
  endloop
endfacet
facet normal -0.995184726672203 -0.0980171403294969 -7.51608287419471e-014
  outer loop
    vertex 15.7566276609353 23.7734087951003 -47.1000000411455
    vertex 15.4808230007496 26.5737005036661 -49.1000000262624
    vertex 15.7566276609355 23.7734087951 -49.1000000262619
  endloop
endfacet
facet normal -0.999464587476366 -0.0327190828217507 -8.52091432266554e-014
  outer loop
    vertex 15.3887567000096 29.3860350605624 -49.1000000262628
    vertex 15.4808230007494 26.5737005036664 -47.100000041146
    vertex 15.3887567000094 29.3860350605627 -47.1000000411464
  endloop
endfacet
facet normal -0.999464587476366 -0.0327190828217507 -8.52091432266554e-014
  outer loop
    vertex 15.4808230007494 26.5737005036664 -47.100000041146
    vertex 15.3887567000096 29.3860350605624 -49.1000000262628
    vertex 15.4808230007496 26.5737005036661 -49.1000000262624
  endloop
endfacet
facet normal -0.999464587476364 0.0327190828218237 -8.38983159774714e-014
  outer loop
    vertex 15.4808230007498 32.1983696174586 -49.1000000262632
    vertex 15.3887567000094 29.3860350605627 -47.1000000411464
    vertex 15.4808230007497 32.1983696174589 -47.1000000411468
  endloop
endfacet
facet normal -0.999464587476364 0.0327190828218237 -8.38983159774714e-014
  outer loop
    vertex 15.3887567000094 29.3860350605627 -47.1000000411464
    vertex 15.4808230007498 32.1983696174586 -49.1000000262632
    vertex 15.3887567000096 29.3860350605624 -49.1000000262628
  endloop
endfacet
facet normal -0.995184726672192 0.0980171403296092 -8.25569461049959e-014
  outer loop
    vertex 15.756627660936 34.9986613260247 -49.1000000262636
    vertex 15.4808230007497 32.1983696174589 -47.1000000411468
    vertex 15.7566276609359 34.998661326025 -47.1000000411472
  endloop
endfacet
facet normal -0.995184726672192 0.0980171403296092 -8.25569461049959e-014
  outer loop
    vertex 15.4808230007497 32.1983696174589 -47.1000000411468
    vertex 15.756627660936 34.9986613260247 -49.1000000262636
    vertex 15.4808230007498 32.1983696174586 -49.1000000262632
  endloop
endfacet
facet normal -0.986643332084873 0.162895473394626 -1.0361885187526e-013
  outer loop
    vertex 16.2149896426711 37.774918907256 -49.100000026264
    vertex 15.7566276609359 34.998661326025 -47.1000000411472
    vertex 16.2149896426709 37.7749189072563 -47.1000000411476
  endloop
endfacet
facet normal -0.986643332084873 0.162895473394626 -1.0361885187526e-013
  outer loop
    vertex 15.7566276609359 34.998661326025 -47.1000000411472
    vertex 16.2149896426711 37.774918907256 -49.100000026264
    vertex 15.756627660936 34.9986613260247 -49.1000000262636
  endloop
endfacet
facet normal -0.973876979277327 0.227076263034403 -1.2373478702634e-013
  outer loop
    vertex 16.8539461695802 40.5152539999709 -49.1000000262643
    vertex 16.2149896426709 37.7749189072563 -47.1000000411476
    vertex 16.85394616958 40.5152539999713 -47.1000000411479
  endloop
endfacet
facet normal -0.973876979277327 0.227076263034403 -1.2373478702634e-013
  outer loop
    vertex 16.2149896426709 37.7749189072563 -47.1000000411476
    vertex 16.8539461695802 40.5152539999709 -49.1000000262643
    vertex 16.2149896426711 37.774918907256 -49.100000026264
  endloop
endfacet
facet normal -0.956940335732191 0.290284677254523 -1.2891149245001e-013
  outer loop
    vertex 17.6707611317208 43.2079320685985 -49.1000000262646
    vertex 16.85394616958 40.5152539999713 -47.1000000411479
    vertex 17.6707611317206 43.2079320685988 -47.1000000411482
  endloop
endfacet
facet normal -0.956940335732191 0.290284677254523 -1.2891149245001e-013
  outer loop
    vertex 16.85394616958 40.5152539999713 -47.1000000411479
    vertex 17.6707611317208 43.2079320685985 -49.1000000262646
    vertex 16.8539461695802 40.5152539999709 -49.1000000262643
  endloop
endfacet
facet normal -0.935905926757311 0.352250047921273 -1.25533681249009e-013
  outer loop
    vertex 18.6619368020251 45.8414226522614 -49.1000000262649
    vertex 17.6707611317206 43.2079320685988 -47.1000000411482
    vertex 18.6619368020249 45.8414226522617 -47.1000000411486
  endloop
endfacet
facet normal -0.935905926757311 0.352250047921273 -1.25533681249009e-013
  outer loop
    vertex 17.6707611317206 43.2079320685988 -47.1000000411482
    vertex 18.6619368020251 45.8414226522614 -49.1000000262649
    vertex 17.6707611317208 43.2079320685985 -49.1000000262646
  endloop
endfacet
facet normal -0.910863824921152 0.412707029804448 -1.26808339756922e-013
  outer loop
    vertex 19.823228814105 48.4044487399796 -49.1000000262652
    vertex 18.6619368020249 45.8414226522617 -47.1000000411486
    vertex 19.8232288141048 48.4044487399799 -47.1000000411488
  endloop
endfacet
facet normal -0.910863824921152 0.412707029804448 -1.26808339756922e-013
  outer loop
    vertex 18.6619368020249 45.8414226522617 -47.1000000411486
    vertex 19.823228814105 48.4044487399796 -49.1000000262652
    vertex 18.6619368020251 45.8414226522614 -49.1000000262649
  endloop
endfacet
facet normal -0.881921264348337 0.471396736826031 -1.38780770619598e-013
  outer loop
    vertex 21.1496643372798 50.8860350605625 -49.1000000262655
    vertex 19.8232288141048 48.4044487399799 -47.1000000411488
    vertex 21.1496643372797 50.8860350605628 -47.1000000411491
  endloop
endfacet
facet normal -0.881921264348337 0.471396736826031 -1.38780770619598e-013
  outer loop
    vertex 19.8232288141048 48.4044487399799 -47.1000000411488
    vertex 21.1496643372798 50.8860350605625 -49.1000000262655
    vertex 19.823228814105 48.4044487399796 -49.1000000262652
  endloop
endfacet
facet normal -0.849202181526557 0.528067850650403 -1.44455759265821e-013
  outer loop
    vertex 22.6355633710013 53.2755550804054 -49.1000000262657
    vertex 21.1496643372797 50.8860350605628 -47.1000000411491
    vertex 22.6355633710012 53.2755550804057 -47.1000000411493
  endloop
endfacet
facet normal -0.849202181526557 0.528067850650403 -1.44455759265821e-013
  outer loop
    vertex 21.1496643372797 50.8860350605628 -47.1000000411491
    vertex 22.6355633710013 53.2755550804054 -49.1000000262657
    vertex 21.1496643372798 50.8860350605625 -49.1000000262655
  endloop
endfacet
facet normal -0.812846684591588 0.58247769686784 -1.47003672600799e-013
  outer loop
    vertex 24.2745630674879 55.5627765079375 -49.1000000262659
    vertex 22.6355633710012 53.2755550804057 -47.1000000411493
    vertex 24.2745630674877 55.5627765079378 -47.1000000411495
  endloop
endfacet
facet normal -0.812846684591588 0.58247769686784 -1.47003672600799e-013
  outer loop
    vertex 22.6355633710012 53.2755550804057 -47.1000000411493
    vertex 24.2745630674879 55.5627765079375 -49.1000000262659
    vertex 22.6355633710013 53.2755550804054 -49.1000000262657
  endloop
endfacet
facet normal -0.773010453362709 0.63439328416368 -1.49730235711103e-013
  outer loop
    vertex 26.0596449784151 57.7379051098654 -49.1000000262661
    vertex 24.2745630674877 55.5627765079378 -47.1000000411495
    vertex 26.0596449784149 57.7379051098657 -47.1000000411497
  endloop
endfacet
facet normal -0.773010453362709 0.63439328416368 -1.49730235711103e-013
  outer loop
    vertex 24.2745630674877 55.5627765079378 -47.1000000411495
    vertex 26.0596449784151 57.7379051098654 -49.1000000262661
    vertex 24.2745630674879 55.5627765079375 -49.1000000262659
  endloop
endfacet
facet normal -0.729864072697807 0.683592302022902 -1.50143369071621e-013
  outer loop
    vertex 27.9831651089897 59.791626651584 -49.1000000262662
    vertex 26.0596449784149 57.7379051098657 -47.1000000411497
    vertex 27.9831651089895 59.7916266515843 -47.1000000411498
  endloop
endfacet
facet normal -0.729864072697807 0.683592302022902 -1.50143369071621e-013
  outer loop
    vertex 26.0596449784149 57.7379051098657 -47.1000000411497
    vertex 27.9831651089897 59.791626651584 -49.1000000262662
    vertex 26.0596449784151 57.7379051098654 -49.1000000262661
  endloop
endfacet
facet normal -0.683592302022835 0.72986407269787 -1.60974287271296e-013
  outer loop
    vertex 27.9831651089897 59.791626651584 -49.1000000262662
    vertex 30.0368866507083 61.7151467821587 -47.1000000411499
    vertex 30.0368866507084 61.7151467821584 -49.1000000262663
  endloop
endfacet
facet normal -0.683592302022835 0.72986407269787 -1.60974287271296e-013
  outer loop
    vertex 30.0368866507083 61.7151467821587 -47.1000000411499
    vertex 27.9831651089897 59.791626651584 -49.1000000262662
    vertex 27.9831651089895 59.7916266515843 -47.1000000411498
  endloop
endfacet
facet normal -0.634393284163609 0.773010453362767 -1.63453060626943e-013
  outer loop
    vertex 30.0368866507084 61.7151467821584 -49.1000000262663
    vertex 32.2120152526364 63.5002286930857 -47.10000004115
    vertex 32.2120152526365 63.5002286930855 -49.1000000262664
  endloop
endfacet
facet normal -0.634393284163609 0.773010453362767 -1.63453060626943e-013
  outer loop
    vertex 32.2120152526364 63.5002286930857 -47.10000004115
    vertex 30.0368866507084 61.7151467821584 -49.1000000262663
    vertex 30.0368866507083 61.7151467821587 -47.1000000411499
  endloop
endfacet
facet normal -0.582477696867764 0.812846684591643 -1.56021780197811e-013
  outer loop
    vertex 32.2120152526365 63.5002286930855 -49.1000000262664
    vertex 34.4992366801686 65.139228389572 -47.10000004115
    vertex 34.4992366801688 65.1392283895717 -49.1000000262664
  endloop
endfacet
facet normal -0.582477696867764 0.812846684591643 -1.56021780197811e-013
  outer loop
    vertex 34.4992366801686 65.139228389572 -47.10000004115
    vertex 32.2120152526365 63.5002286930855 -49.1000000262664
    vertex 32.2120152526364 63.5002286930857 -47.10000004115
  endloop
endfacet
facet normal -0.528067850650324 0.849202181526606 -1.66217191397297e-013
  outer loop
    vertex 34.4992366801686 65.139228389572 -47.10000004115
    vertex 36.8887567000118 66.625127423293 -49.1000000262664
    vertex 34.4992366801688 65.1392283895717 -49.1000000262664
  endloop
endfacet
facet normal -0.528067850650324 0.849202181526606 -1.66217191397297e-013
  outer loop
    vertex 36.8887567000118 66.625127423293 -49.1000000262664
    vertex 34.4992366801686 65.139228389572 -47.10000004115
    vertex 36.8887567000116 66.6251274232933 -47.1000000411501
  endloop
endfacet
facet normal -0.471396736825958 0.881921264348376 -1.66547045437332e-013
  outer loop
    vertex 36.8887567000116 66.6251274232933 -47.1000000411501
    vertex 39.3703430205949 67.9515629464677 -49.1000000262664
    vertex 36.8887567000118 66.625127423293 -49.1000000262664
  endloop
endfacet
facet normal -0.471396736825958 0.881921264348376 -1.66547045437332e-013
  outer loop
    vertex 39.3703430205949 67.9515629464677 -49.1000000262664
    vertex 36.8887567000116 66.6251274232933 -47.1000000411501
    vertex 39.3703430205947 67.951562946468 -47.10000004115
  endloop
endfacet
facet normal -0.412707029804346 0.910863824921198 -1.66171351987999e-013
  outer loop
    vertex 39.3703430205947 67.951562946468 -47.10000004115
    vertex 41.9333691083132 69.1128549585473 -49.1000000262664
    vertex 39.3703430205949 67.9515629464677 -49.1000000262664
  endloop
endfacet
facet normal -0.412707029804346 0.910863824921198 -1.66171351987999e-013
  outer loop
    vertex 41.9333691083132 69.1128549585473 -49.1000000262664
    vertex 39.3703430205947 67.951562946468 -47.10000004115
    vertex 41.933369108313 69.1128549585476 -47.10000004115
  endloop
endfacet
facet normal -0.352250047921194 0.935905926757341 -1.75603859271148e-013
  outer loop
    vertex 41.933369108313 69.1128549585476 -47.10000004115
    vertex 44.5668596919762 70.1040306288514 -49.1000000262663
    vertex 41.9333691083132 69.1128549585473 -49.1000000262664
  endloop
endfacet
facet normal -0.352250047921194 0.935905926757341 -1.75603859271148e-013
  outer loop
    vertex 44.5668596919762 70.1040306288514 -49.1000000262663
    vertex 41.933369108313 69.1128549585476 -47.10000004115
    vertex 44.566859691976 70.1040306288518 -47.1000000411499
  endloop
endfacet
facet normal -0.290284677254421 0.956940335732222 -1.63272457168118e-013
  outer loop
    vertex 44.566859691976 70.1040306288518 -47.1000000411499
    vertex 47.2595377606038 70.9208455909917 -49.1000000262662
    vertex 44.5668596919762 70.1040306288514 -49.1000000262663
  endloop
endfacet
facet normal -0.290284677254421 0.956940335732222 -1.63272457168118e-013
  outer loop
    vertex 47.2595377606038 70.9208455909917 -49.1000000262662
    vertex 44.566859691976 70.1040306288518 -47.1000000411499
    vertex 47.2595377606037 70.920845590992 -47.1000000411498
  endloop
endfacet
facet normal -0.227076263034322 0.973876979277346 -1.51017397172983e-013
  outer loop
    vertex 47.2595377606037 70.920845590992 -47.1000000411498
    vertex 49.9998728533188 71.5598021179006 -49.100000026266
    vertex 47.2595377606038 70.9208455909917 -49.1000000262662
  endloop
endfacet
facet normal -0.227076263034322 0.973876979277346 -1.51017397172983e-013
  outer loop
    vertex 49.9998728533188 71.5598021179006 -49.100000026266
    vertex 47.2595377606037 70.920845590992 -47.1000000411498
    vertex 49.9998728533186 71.5598021179009 -47.1000000411497
  endloop
endfacet
facet normal -0.162895473394539 0.986643332084887 -1.48255789126269e-013
  outer loop
    vertex 49.9998728533186 71.5598021179009 -47.1000000411497
    vertex 52.7761304345502 72.0181640996354 -49.1000000262659
    vertex 49.9998728533188 71.5598021179006 -49.100000026266
  endloop
endfacet
facet normal -0.162895473394539 0.986643332084887 -1.48255789126269e-013
  outer loop
    vertex 52.7761304345502 72.0181640996354 -49.1000000262659
    vertex 49.9998728533186 71.5598021179009 -47.1000000411497
    vertex 52.77613043455 72.0181640996357 -47.1000000411495
  endloop
endfacet
facet normal -0.0980171403295042 0.995184726672202 -1.54772438361679e-013
  outer loop
    vertex 52.77613043455 72.0181640996357 -47.1000000411495
    vertex 55.5764221431164 72.2939687598213 -49.1000000262657
    vertex 52.7761304345502 72.0181640996354 -49.1000000262659
  endloop
endfacet
facet normal -0.0980171403295042 0.995184726672202 -1.54772438361679e-013
  outer loop
    vertex 55.5764221431164 72.2939687598213 -49.1000000262657
    vertex 52.77613043455 72.0181640996357 -47.1000000411495
    vertex 55.5764221431162 72.2939687598217 -47.1000000411493
  endloop
endfacet
facet normal -0.032719082821732 0.999464587476367 -1.49512865143774e-013
  outer loop
    vertex 55.5764221431162 72.2939687598217 -47.1000000411493
    vertex 58.3887567000122 72.3860350605613 -49.1000000262654
    vertex 55.5764221431164 72.2939687598213 -49.1000000262657
  endloop
endfacet
facet normal -0.032719082821732 0.999464587476367 -1.49512865143774e-013
  outer loop
    vertex 58.3887567000122 72.3860350605613 -49.1000000262654
    vertex 55.5764221431162 72.2939687598217 -47.1000000411493
    vertex 58.388756700012 72.3860350605616 -47.1000000411491
  endloop
endfacet
facet normal 0.0327190828218154 0.999464587476364 -1.32337111672232e-013
  outer loop
    vertex 58.388756700012 72.3860350605616 -47.1000000411491
    vertex 61.2010912569084 72.2939687598211 -49.1000000262652
    vertex 58.3887567000122 72.3860350605613 -49.1000000262654
  endloop
endfacet
facet normal 0.0327190828218154 0.999464587476364 -1.32337111672232e-013
  outer loop
    vertex 61.2010912569084 72.2939687598211 -49.1000000262652
    vertex 58.388756700012 72.3860350605616 -47.1000000411491
    vertex 61.2010912569082 72.2939687598214 -47.1000000411488
  endloop
endfacet
facet normal 0.0980171403296015 0.995184726672193 -1.37098335154003e-013
  outer loop
    vertex 61.2010912569082 72.2939687598214 -47.1000000411488
    vertex 64.0013829654745 72.0181640996349 -49.1000000262649
    vertex 61.2010912569084 72.2939687598211 -49.1000000262652
  endloop
endfacet
facet normal 0.0980171403296015 0.995184726672193 -1.37098335154003e-013
  outer loop
    vertex 64.0013829654745 72.0181640996349 -49.1000000262649
    vertex 61.2010912569082 72.2939687598214 -47.1000000411488
    vertex 64.0013829654743 72.0181640996352 -47.1000000411485
  endloop
endfacet
facet normal 0.162895473394629 0.986643332084873 -1.29976000246677e-013
  outer loop
    vertex 64.0013829654743 72.0181640996352 -47.1000000411485
    vertex 66.7776405467058 71.5598021178998 -49.1000000262646
    vertex 64.0013829654745 72.0181640996349 -49.1000000262649
  endloop
endfacet
facet normal 0.162895473394629 0.986643332084873 -1.29976000246677e-013
  outer loop
    vertex 66.7776405467058 71.5598021178998 -49.1000000262646
    vertex 64.0013829654743 72.0181640996352 -47.1000000411485
    vertex 66.7776405467056 71.5598021179001 -47.1000000411482
  endloop
endfacet
facet normal 0.227076263034412 0.973876979277325 -1.22285815040662e-013
  outer loop
    vertex 66.7776405467056 71.5598021179001 -47.1000000411482
    vertex 69.5179756394207 70.9208455909907 -49.1000000262643
    vertex 66.7776405467058 71.5598021178998 -49.1000000262646
  endloop
endfacet
facet normal 0.227076263034412 0.973876979277325 -1.22285815040662e-013
  outer loop
    vertex 69.5179756394207 70.9208455909907 -49.1000000262643
    vertex 66.7776405467056 71.5598021179001 -47.1000000411482
    vertex 69.5179756394205 70.920845590991 -47.1000000411479
  endloop
endfacet
facet normal 0.290284677254503 0.956940335732197 -1.14151951610355e-013
  outer loop
    vertex 69.5179756394205 70.920845590991 -47.1000000411479
    vertex 72.2106537080483 70.1040306288502 -49.1000000262639
    vertex 69.5179756394207 70.9208455909907 -49.1000000262643
  endloop
endfacet
facet normal 0.290284677254503 0.956940335732197 -1.14151951610355e-013
  outer loop
    vertex 72.2106537080483 70.1040306288502 -49.1000000262639
    vertex 69.5179756394205 70.920845590991 -47.1000000411479
    vertex 72.2106537080481 70.1040306288505 -47.1000000411475
  endloop
endfacet
facet normal 0.352250047921283 0.935905926757307 -1.05442312458694e-013
  outer loop
    vertex 72.2106537080481 70.1040306288505 -47.1000000411475
    vertex 74.8441442917112 69.1128549585458 -49.1000000262635
    vertex 72.2106537080483 70.1040306288502 -49.1000000262639
  endloop
endfacet
facet normal 0.352250047921283 0.935905926757307 -1.05442312458694e-013
  outer loop
    vertex 74.8441442917112 69.1128549585458 -49.1000000262635
    vertex 72.2106537080481 70.1040306288505 -47.1000000411475
    vertex 74.844144291711 69.1128549585461 -47.1000000411471
  endloop
endfacet
facet normal 0.412707029804436 0.910863824921157 -1.06589923073356e-013
  outer loop
    vertex 74.844144291711 69.1128549585461 -47.1000000411471
    vertex 77.4071703794294 67.951562946466 -49.1000000262631
    vertex 74.8441442917112 69.1128549585458 -49.1000000262635
  endloop
endfacet
facet normal 0.412707029804436 0.910863824921157 -1.06589923073356e-013
  outer loop
    vertex 77.4071703794294 67.951562946466 -49.1000000262631
    vertex 74.844144291711 69.1128549585461 -47.1000000411471
    vertex 77.4071703794292 67.9515629464663 -47.1000000411467
  endloop
endfacet
facet normal 0.47139673682603 0.881921264348338 -9.67600952632374e-014
  outer loop
    vertex 77.4071703794292 67.9515629464663 -47.1000000411467
    vertex 79.8887567000123 66.6251274232911 -49.1000000262627
    vertex 77.4071703794294 67.951562946466 -49.1000000262631
  endloop
endfacet
facet normal 0.47139673682603 0.881921264348338 -9.67600952632374e-014
  outer loop
    vertex 79.8887567000123 66.6251274232911 -49.1000000262627
    vertex 77.4071703794292 67.9515629464663 -47.1000000411467
    vertex 79.8887567000121 66.6251274232914 -47.1000000411463
  endloop
endfacet
facet normal 0.528067850650405 0.849202181526556 -8.64501947717735e-014
  outer loop
    vertex 79.8887567000121 66.6251274232914 -47.1000000411463
    vertex 82.2782767198552 65.1392283895696 -49.1000000262623
    vertex 79.8887567000123 66.6251274232911 -49.1000000262627
  endloop
endfacet
facet normal 0.528067850650405 0.849202181526556 -8.64501947717735e-014
  outer loop
    vertex 82.2782767198552 65.1392283895696 -49.1000000262623
    vertex 79.8887567000121 66.6251274232914 -47.1000000411463
    vertex 82.278276719855 65.1392283895699 -47.1000000411459
  endloop
endfacet
facet normal 0.582477696867834 0.812846684591592 -6.66058566550386e-014
  outer loop
    vertex 82.278276719855 65.1392283895699 -47.1000000411459
    vertex 84.5654981473872 63.5002286930831 -49.1000000262618
    vertex 82.2782767198552 65.1392283895696 -49.1000000262623
  endloop
endfacet
facet normal 0.582477696867834 0.812846684591592 -6.66058566550386e-014
  outer loop
    vertex 84.5654981473872 63.5002286930831 -49.1000000262618
    vertex 82.278276719855 65.1392283895699 -47.1000000411459
    vertex 84.565498147387 63.5002286930834 -47.1000000411455
  endloop
endfacet
facet normal 0.634393284163678 0.77301045336271 -5.60955113345284e-014
  outer loop
    vertex 84.565498147387 63.5002286930834 -47.1000000411455
    vertex 86.7406267493152 61.7151467821559 -49.1000000262614
    vertex 84.5654981473872 63.5002286930831 -49.1000000262618
  endloop
endfacet
facet normal 0.634393284163678 0.77301045336271 -5.60955113345284e-014
  outer loop
    vertex 86.7406267493152 61.7151467821559 -49.1000000262614
    vertex 84.565498147387 63.5002286930834 -47.1000000411455
    vertex 86.740626749315 61.7151467821562 -47.100000041145
  endloop
endfacet
facet normal 0.683592302022901 0.729864072697808 -4.52589202254573e-014
  outer loop
    vertex 86.740626749315 61.7151467821562 -47.100000041145
    vertex 88.7943482910338 59.7916266515813 -49.1000000262609
    vertex 86.7406267493152 61.7151467821559 -49.1000000262614
  endloop
endfacet
facet normal 0.683592302022901 0.729864072697808 -4.52589202254573e-014
  outer loop
    vertex 88.7943482910338 59.7916266515813 -49.1000000262609
    vertex 86.740626749315 61.7151467821562 -47.100000041145
    vertex 88.7943482910336 59.7916266515816 -47.1000000411445
  endloop
endfacet
facet normal 0.729864072697874 0.683592302022831 -3.43816739572777e-014
  outer loop
    vertex 90.717868421608 57.7379051098628 -47.1000000411441
    vertex 88.7943482910338 59.7916266515813 -49.1000000262609
    vertex 88.7943482910336 59.7916266515816 -47.1000000411445
  endloop
endfacet
facet normal 0.729864072697874 0.683592302022831 -3.43816739572777e-014
  outer loop
    vertex 88.7943482910338 59.7916266515813 -49.1000000262609
    vertex 90.717868421608 57.7379051098628 -47.1000000411441
    vertex 90.7178684216081 57.7379051098625 -49.1000000262605
  endloop
endfacet
facet normal 0.773010453362761 0.634393284163617 -3.04106737035824e-014
  outer loop
    vertex 92.502950332535 55.5627765079348 -47.1000000411436
    vertex 90.7178684216081 57.7379051098625 -49.1000000262605
    vertex 90.717868421608 57.7379051098628 -47.1000000411441
  endloop
endfacet
facet normal 0.773010453362761 0.634393284163617 -3.04106737035824e-014
  outer loop
    vertex 90.7178684216081 57.7379051098625 -49.1000000262605
    vertex 92.502950332535 55.5627765079348 -47.1000000411436
    vertex 92.5029503325352 55.5627765079345 -49.10000002626
  endloop
endfacet
facet normal 0.812846684591639 0.582477696867769 -1.86346572599575e-014
  outer loop
    vertex 94.1419500290213 53.2755550804026 -47.1000000411431
    vertex 92.5029503325352 55.5627765079345 -49.10000002626
    vertex 92.502950332535 55.5627765079348 -47.1000000411436
  endloop
endfacet
facet normal 0.812846684591639 0.582477696867769 -1.86346572599575e-014
  outer loop
    vertex 92.5029503325352 55.5627765079345 -49.10000002626
    vertex 94.1419500290213 53.2755550804026 -47.1000000411431
    vertex 94.1419500290214 53.2755550804022 -49.1000000262595
  endloop
endfacet
facet normal 0.849202181526602 0.52806785065033 -6.76887572848653e-015
  outer loop
    vertex 95.6278490627426 50.8860350605596 -47.1000000411426
    vertex 94.1419500290214 53.2755550804022 -49.1000000262595
    vertex 94.1419500290213 53.2755550804026 -47.1000000411431
  endloop
endfacet
facet normal 0.849202181526602 0.52806785065033 -6.76887572848653e-015
  outer loop
    vertex 94.1419500290214 53.2755550804022 -49.1000000262595
    vertex 95.6278490627426 50.8860350605596 -47.1000000411426
    vertex 95.6278490627428 50.8860350605593 -49.100000026259
  endloop
endfacet
facet normal 0.881921264348373 0.471396736825965 1.04791979356576e-014
  outer loop
    vertex 96.9542845859173 48.4044487399765 -47.1000000411422
    vertex 95.6278490627428 50.8860350605593 -49.100000026259
    vertex 95.6278490627426 50.8860350605596 -47.1000000411426
  endloop
endfacet
facet normal 0.881921264348373 0.471396736825965 1.04791979356576e-014
  outer loop
    vertex 95.6278490627428 50.8860350605593 -49.100000026259
    vertex 96.9542845859173 48.4044487399765 -47.1000000411422
    vertex 96.9542845859174 48.4044487399763 -49.1000000262585
  endloop
endfacet
facet normal 0.910863824921192 0.412707029804359 2.16599484063985e-014
  outer loop
    vertex 98.1155765979969 45.8414226522583 -47.1000000411417
    vertex 96.9542845859174 48.4044487399763 -49.1000000262585
    vertex 96.9542845859173 48.4044487399765 -47.1000000411422
  endloop
endfacet
facet normal 0.910863824921192 0.412707029804359 2.16599484063985e-014
  outer loop
    vertex 96.9542845859174 48.4044487399763 -49.1000000262585
    vertex 98.1155765979969 45.8414226522583 -47.1000000411417
    vertex 98.1155765979971 45.841422652258 -49.1000000262581
  endloop
endfacet
facet normal 0.93590592675734 0.352250047921197 2.88306871156213e-014
  outer loop
    vertex 99.106752268301 43.2079320685953 -47.1000000411412
    vertex 98.1155765979971 45.841422652258 -49.1000000262581
    vertex 98.1155765979969 45.8414226522583 -47.1000000411417
  endloop
endfacet
facet normal 0.93590592675734 0.352250047921197 2.88306871156213e-014
  outer loop
    vertex 98.1155765979971 45.841422652258 -49.1000000262581
    vertex 99.106752268301 43.2079320685953 -47.1000000411412
    vertex 99.1067522683012 43.207932068595 -49.1000000262576
  endloop
endfacet
facet normal 0.956940335732221 0.290284677254421 4.37656870672971e-014
  outer loop
    vertex 99.9235672304413 40.5152539999677 -47.1000000411407
    vertex 99.1067522683012 43.207932068595 -49.1000000262576
    vertex 99.106752268301 43.2079320685953 -47.1000000411412
  endloop
endfacet
facet normal 0.956940335732221 0.290284677254421 4.37656870672971e-014
  outer loop
    vertex 99.1067522683012 43.207932068595 -49.1000000262576
    vertex 99.9235672304413 40.5152539999677 -47.1000000411407
    vertex 99.9235672304415 40.5152539999674 -49.1000000262571
  endloop
endfacet
facet normal 0.973876979277343 0.227076263034335 5.71583336767845e-014
  outer loop
    vertex 100.56252375735 37.7749189072527 -47.1000000411403
    vertex 99.9235672304415 40.5152539999674 -49.1000000262571
    vertex 99.9235672304413 40.5152539999677 -47.1000000411407
  endloop
endfacet
facet normal 0.973876979277343 0.227076263034335 5.71583336767845e-014
  outer loop
    vertex 99.9235672304415 40.5152539999674 -49.1000000262571
    vertex 100.56252375735 37.7749189072527 -47.1000000411403
    vertex 100.56252375735 37.7749189072524 -49.1000000262566
  endloop
endfacet
facet normal 0.986643332084886 0.162895473394549 6.51565459436627e-014
  outer loop
    vertex 101.020885739085 34.9986613260214 -47.1000000411398
    vertex 100.56252375735 37.7749189072524 -49.1000000262566
    vertex 100.56252375735 37.7749189072527 -47.1000000411403
  endloop
endfacet
facet normal 0.986643332084886 0.162895473394549 6.51565459436627e-014
  outer loop
    vertex 100.56252375735 37.7749189072524 -49.1000000262566
    vertex 101.020885739085 34.9986613260214 -47.1000000411398
    vertex 101.020885739085 34.9986613260211 -49.1000000262562
  endloop
endfacet
facet normal 0.995184726672201 0.0980171403295155 7.45986251798073e-014
  outer loop
    vertex 101.296690399271 32.1983696174552 -47.1000000411394
    vertex 101.020885739085 34.9986613260211 -49.1000000262562
    vertex 101.020885739085 34.9986613260214 -47.1000000411398
  endloop
endfacet
facet normal 0.995184726672201 0.0980171403295155 7.45986251798073e-014
  outer loop
    vertex 101.020885739085 34.9986613260211 -49.1000000262562
    vertex 101.296690399271 32.1983696174552 -47.1000000411394
    vertex 101.296690399271 32.1983696174549 -49.1000000262557
  endloop
endfacet
facet normal 0.999464587476367 0.0327190828217372 8.52114318737668e-014
  outer loop
    vertex 101.388756700011 29.386035060559 -47.1000000411389
    vertex 101.296690399271 32.1983696174549 -49.1000000262557
    vertex 101.296690399271 32.1983696174552 -47.1000000411394
  endloop
endfacet
facet normal 0.999464587476367 0.0327190828217372 8.52114318737668e-014
  outer loop
    vertex 101.296690399271 32.1983696174549 -49.1000000262557
    vertex 101.388756700011 29.386035060559 -47.1000000411389
    vertex 101.388756700011 29.3860350605587 -49.1000000262553
  endloop
endfacet
facet normal 0.999464587476364 -0.0327190828218155 9.51736393109864e-014
  outer loop
    vertex 101.296690399271 26.5737005036628 -47.1000000411385
    vertex 101.388756700011 29.3860350605587 -49.1000000262553
    vertex 101.388756700011 29.386035060559 -47.1000000411389
  endloop
endfacet
facet normal 0.999464587476364 -0.0327190828218155 9.51736393109864e-014
  outer loop
    vertex 101.388756700011 29.3860350605587 -49.1000000262553
    vertex 101.296690399271 26.5737005036628 -47.1000000411385
    vertex 101.296690399271 26.5737005036625 -49.1000000262549
  endloop
endfacet
facet normal 0.995184726672193 -0.0980171403296037 1.04458185437831e-013
  outer loop
    vertex 101.020885739085 23.7734087950967 -47.1000000411381
    vertex 101.296690399271 26.5737005036625 -49.1000000262549
    vertex 101.296690399271 26.5737005036628 -47.1000000411385
  endloop
endfacet
facet normal 0.995184726672193 -0.0980171403296037 1.04458185437831e-013
  outer loop
    vertex 101.296690399271 26.5737005036625 -49.1000000262549
    vertex 101.020885739085 23.7734087950967 -47.1000000411381
    vertex 101.020885739085 23.7734087950964 -49.1000000262545
  endloop
endfacet
facet normal 0.986643332084872 -0.162895473394632 1.13380064173975e-013
  outer loop
    vertex 100.56252375735 20.9971512138654 -47.1000000411378
    vertex 101.020885739085 23.7734087950964 -49.1000000262545
    vertex 101.020885739085 23.7734087950967 -47.1000000411381
  endloop
endfacet
facet normal 0.986643332084872 -0.162895473394632 1.13380064173975e-013
  outer loop
    vertex 101.020885739085 23.7734087950964 -49.1000000262545
    vertex 100.56252375735 20.9971512138654 -47.1000000411378
    vertex 100.56252375735 20.9971512138651 -49.1000000262542
  endloop
endfacet
facet normal 0.973876979277326 -0.227076263034408 1.22464097534866e-013
  outer loop
    vertex 99.9235672304404 18.2568161211505 -47.1000000411374
    vertex 100.56252375735 20.9971512138651 -49.1000000262542
    vertex 100.56252375735 20.9971512138654 -47.1000000411378
  endloop
endfacet
facet normal 0.973876979277326 -0.227076263034408 1.22464097534866e-013
  outer loop
    vertex 100.56252375735 20.9971512138651 -49.1000000262542
    vertex 99.9235672304404 18.2568161211505 -47.1000000411374
    vertex 99.9235672304406 18.2568161211502 -49.1000000262538
  endloop
endfacet
facet normal 0.956940335732196 -0.290284677254505 1.29723690264072e-013
  outer loop
    vertex 99.1067522682999 15.5641380525229 -47.1000000411371
    vertex 99.9235672304406 18.2568161211502 -49.1000000262538
    vertex 99.9235672304404 18.2568161211505 -47.1000000411374
  endloop
endfacet
facet normal 0.956940335732196 -0.290284677254505 1.29723690264072e-013
  outer loop
    vertex 99.9235672304406 18.2568161211502 -49.1000000262538
    vertex 99.1067522682999 15.5641380525229 -47.1000000411371
    vertex 99.1067522683001 15.5641380525226 -49.1000000262535
  endloop
endfacet
facet normal 0.935905926757311 -0.352250047921272 1.37100142691401e-013
  outer loop
    vertex 98.1155765979956 12.93064746886 -47.1000000411368
    vertex 99.1067522683001 15.5641380525226 -49.1000000262535
    vertex 99.1067522682999 15.5641380525229 -47.1000000411371
  endloop
endfacet
facet normal 0.935905926757311 -0.352250047921272 1.37100142691401e-013
  outer loop
    vertex 99.1067522683001 15.5641380525226 -49.1000000262535
    vertex 98.1155765979956 12.93064746886 -47.1000000411368
    vertex 98.1155765979957 12.9306474688597 -49.1000000262532
  endloop
endfacet
facet normal 0.910863824921159 -0.412707029804433 1.45017605991458e-013
  outer loop
    vertex 96.9542845859157 10.3676213811418 -47.1000000411365
    vertex 98.1155765979957 12.9306474688597 -49.1000000262532
    vertex 98.1155765979956 12.93064746886 -47.1000000411368
  endloop
endfacet
facet normal 0.910863824921159 -0.412707029804433 1.45017605991458e-013
  outer loop
    vertex 98.1155765979957 12.9306474688597 -49.1000000262532
    vertex 96.9542845859157 10.3676213811418 -47.1000000411365
    vertex 96.9542845859159 10.3676213811415 -49.1000000262529
  endloop
endfacet
facet normal 0.881921264348335 -0.471396736826035 1.51412259307018e-013
  outer loop
    vertex 95.6278490627408 7.88603506055892 -47.1000000411362
    vertex 96.9542845859159 10.3676213811415 -49.1000000262529
    vertex 96.9542845859157 10.3676213811418 -47.1000000411365
  endloop
endfacet
facet normal 0.881921264348335 -0.471396736826035 1.51412259307018e-013
  outer loop
    vertex 96.9542845859159 10.3676213811415 -49.1000000262529
    vertex 95.6278490627408 7.88603506055892 -47.1000000411362
    vertex 95.627849062741 7.88603506055862 -49.1000000262526
  endloop
endfacet
facet normal 0.849202181526558 -0.528067850650401 1.57040848700459e-013
  outer loop
    vertex 94.1419500290193 5.49651504071604 -47.100000041136
    vertex 95.627849062741 7.88603506055862 -49.1000000262526
    vertex 95.6278490627408 7.88603506055892 -47.1000000411362
  endloop
endfacet
facet normal 0.849202181526558 -0.528067850650401 1.57040848700459e-013
  outer loop
    vertex 95.627849062741 7.88603506055862 -49.1000000262526
    vertex 94.1419500290193 5.49651504071604 -47.100000041136
    vertex 94.1419500290195 5.49651504071574 -49.1000000262524
  endloop
endfacet
facet normal 0.812846684591592 -0.582477696867835 1.6038177970818e-013
  outer loop
    vertex 92.5029503325328 3.20929361318398 -47.1000000411358
    vertex 94.1419500290195 5.49651504071574 -49.1000000262524
    vertex 94.1419500290193 5.49651504071604 -47.100000041136
  endloop
endfacet
facet normal 0.812846684591592 -0.582477696867835 1.6038177970818e-013
  outer loop
    vertex 94.1419500290195 5.49651504071574 -49.1000000262524
    vertex 92.5029503325328 3.20929361318398 -47.1000000411358
    vertex 92.502950332533 3.20929361318369 -49.1000000262522
  endloop
endfacet
facet normal 0.773010453362712 -0.634393284163676 1.62756459025932e-013
  outer loop
    vertex 90.7178684216056 1.03416501125605 -47.1000000411357
    vertex 92.502950332533 3.20929361318369 -49.1000000262522
    vertex 92.5029503325328 3.20929361318398 -47.1000000411358
  endloop
endfacet
facet normal 0.773010453362712 -0.634393284163676 1.62756459025932e-013
  outer loop
    vertex 92.502950332533 3.20929361318369 -49.1000000262522
    vertex 90.7178684216056 1.03416501125605 -47.1000000411357
    vertex 90.7178684216058 1.03416501125575 -49.100000026252
  endloop
endfacet
facet normal 0.729864072697808 -0.683592302022901 1.66136238250599e-013
  outer loop
    vertex 88.794348291031 -1.01955653046251 -47.1000000411355
    vertex 90.7178684216058 1.03416501125575 -49.100000026252
    vertex 90.7178684216056 1.03416501125605 -47.1000000411357
  endloop
endfacet
facet normal 0.729864072697808 -0.683592302022901 1.66136238250599e-013
  outer loop
    vertex 90.7178684216058 1.03416501125575 -49.100000026252
    vertex 88.794348291031 -1.01955653046251 -47.1000000411355
    vertex 88.7943482910312 -1.01955653046281 -49.1000000262519
  endloop
endfacet
facet normal 0.683592302022836 -0.729864072697869 1.70764239350364e-013
  outer loop
    vertex 88.794348291031 -1.01955653046251 -47.1000000411355
    vertex 86.7406267493125 -2.94307666103722 -49.1000000262518
    vertex 88.7943482910312 -1.01955653046281 -49.1000000262519
  endloop
endfacet
facet normal 0.683592302022836 -0.729864072697869 1.70764239350364e-013
  outer loop
    vertex 86.7406267493125 -2.94307666103722 -49.1000000262518
    vertex 88.794348291031 -1.01955653046251 -47.1000000411355
    vertex 86.7406267493123 -2.94307666103691 -47.1000000411354
  endloop
endfacet
facet normal 0.634393284163607 -0.773010453362769 1.72814305721774e-013
  outer loop
    vertex 86.7406267493123 -2.94307666103691 -47.1000000411354
    vertex 84.5654981473844 -4.7281585719642 -49.1000000262517
    vertex 86.7406267493125 -2.94307666103722 -49.1000000262518
  endloop
endfacet
facet normal 0.634393284163607 -0.773010453362769 1.72814305721774e-013
  outer loop
    vertex 84.5654981473844 -4.7281585719642 -49.1000000262517
    vertex 86.7406267493123 -2.94307666103691 -47.1000000411354
    vertex 84.5654981473843 -4.7281585719639 -47.1000000411353
  endloop
endfacet
facet normal 0.582477696867782 -0.812846684591629 1.74038212856359e-013
  outer loop
    vertex 84.5654981473843 -4.7281585719639 -47.1000000411353
    vertex 82.2782767198522 -6.36715826845051 -49.1000000262517
    vertex 84.5654981473844 -4.7281585719642 -49.1000000262517
  endloop
endfacet
facet normal 0.582477696867782 -0.812846684591629 1.74038212856359e-013
  outer loop
    vertex 82.2782767198522 -6.36715826845051 -49.1000000262517
    vertex 84.5654981473843 -4.7281585719639 -47.1000000411353
    vertex 82.278276719852 -6.3671582684502 -47.1000000411353
  endloop
endfacet
facet normal 0.528067850650335 -0.849202181526599 1.77012491852636e-013
  outer loop
    vertex 82.278276719852 -6.3671582684502 -47.1000000411353
    vertex 79.8887567000092 -7.85305730217188 -49.1000000262517
    vertex 82.2782767198522 -6.36715826845051 -49.1000000262517
  endloop
endfacet
facet normal 0.528067850650335 -0.849202181526599 1.77012491852636e-013
  outer loop
    vertex 79.8887567000092 -7.85305730217188 -49.1000000262517
    vertex 82.278276719852 -6.3671582684502 -47.1000000411353
    vertex 79.8887567000091 -7.85305730217158 -47.1000000411353
  endloop
endfacet
facet normal 0.471396736825958 -0.881921264348376 1.76852576267705e-013
  outer loop
    vertex 79.8887567000092 -7.85305730217188 -49.1000000262517
    vertex 77.407170379426 -9.17949282534619 -47.1000000411353
    vertex 77.4071703794262 -9.1794928253465 -49.1000000262517
  endloop
endfacet
facet normal 0.471396736825958 -0.881921264348376 1.76852576267705e-013
  outer loop
    vertex 77.407170379426 -9.17949282534619 -47.1000000411353
    vertex 79.8887567000092 -7.85305730217188 -49.1000000262517
    vertex 79.8887567000091 -7.85305730217158 -47.1000000411353
  endloop
endfacet
facet normal 0.412707029804368 -0.910863824921188 1.75932135730922e-013
  outer loop
    vertex 77.4071703794262 -9.1794928253465 -49.1000000262517
    vertex 74.8441442917078 -10.3407848374259 -47.1000000411353
    vertex 74.8441442917079 -10.3407848374262 -49.1000000262517
  endloop
endfacet
facet normal 0.412707029804368 -0.910863824921188 1.75932135730922e-013
  outer loop
    vertex 74.8441442917078 -10.3407848374259 -47.1000000411353
    vertex 77.4071703794262 -9.1794928253465 -49.1000000262517
    vertex 77.407170379426 -9.17949282534619 -47.1000000411353
  endloop
endfacet
facet normal 0.352250047921192 -0.935905926757341 1.74300848843548e-013
  outer loop
    vertex 74.8441442917079 -10.3407848374262 -49.1000000262517
    vertex 72.2106537080448 -11.33196050773 -47.1000000411354
    vertex 72.2106537080449 -11.3319605077303 -49.1000000262518
  endloop
endfacet
facet normal 0.352250047921192 -0.935905926757341 1.74300848843548e-013
  outer loop
    vertex 72.2106537080448 -11.33196050773 -47.1000000411354
    vertex 74.8441442917079 -10.3407848374262 -49.1000000262517
    vertex 74.8441442917078 -10.3407848374259 -47.1000000411353
  endloop
endfacet
facet normal 0.290284677254429 -0.956940335732219 1.7190963138394e-013
  outer loop
    vertex 72.2106537080449 -11.3319605077303 -49.1000000262518
    vertex 69.5179756394171 -12.1487754698703 -47.1000000411355
    vertex 69.5179756394173 -12.1487754698706 -49.1000000262519
  endloop
endfacet
facet normal 0.290284677254429 -0.956940335732219 1.7190963138394e-013
  outer loop
    vertex 69.5179756394171 -12.1487754698703 -47.1000000411355
    vertex 72.2106537080449 -11.3319605077303 -49.1000000262518
    vertex 72.2106537080448 -11.33196050773 -47.1000000411354
  endloop
endfacet
facet normal 0.227076263034324 -0.973876979277345 1.68789282581848e-013
  outer loop
    vertex 69.5179756394173 -12.1487754698706 -49.1000000262519
    vertex 66.7776405467022 -12.7877319967791 -47.1000000411357
    vertex 66.7776405467023 -12.7877319967795 -49.1000000262521
  endloop
endfacet
facet normal 0.227076263034324 -0.973876979277345 1.68789282581848e-013
  outer loop
    vertex 66.7776405467022 -12.7877319967791 -47.1000000411357
    vertex 69.5179756394173 -12.1487754698706 -49.1000000262519
    vertex 69.5179756394171 -12.1487754698703 -47.1000000411355
  endloop
endfacet
facet normal 0.162895473394533 -0.986643332084888 1.64948577225866e-013
  outer loop
    vertex 66.7776405467023 -12.7877319967795 -49.1000000262521
    vertex 64.0013829654708 -13.2460939785139 -47.1000000411359
    vertex 64.001382965471 -13.2460939785142 -49.1000000262522
  endloop
endfacet
facet normal 0.162895473394533 -0.986643332084888 1.64948577225866e-013
  outer loop
    vertex 64.0013829654708 -13.2460939785139 -47.1000000411359
    vertex 66.7776405467023 -12.7877319967795 -49.1000000262521
    vertex 66.7776405467022 -12.7877319967791 -47.1000000411357
  endloop
endfacet
facet normal 0.0980171403295451 -0.995184726672198 1.6040293401991e-013
  outer loop
    vertex 64.001382965471 -13.2460939785142 -49.1000000262522
    vertex 61.2010912569047 -13.5218986387 -47.100000041136
    vertex 61.2010912569049 -13.5218986387003 -49.1000000262524
  endloop
endfacet
facet normal 0.0980171403295451 -0.995184726672198 1.6040293401991e-013
  outer loop
    vertex 61.2010912569047 -13.5218986387 -47.100000041136
    vertex 64.001382965471 -13.2460939785142 -49.1000000262522
    vertex 64.0013829654708 -13.2460939785139 -47.1000000411359
  endloop
endfacet
facet normal 0.0327190828217354 -0.999464587476367 1.55147249735352e-013
  outer loop
    vertex 61.2010912569049 -13.5218986387003 -49.1000000262524
    vertex 58.3887567000085 -13.61396493944 -47.1000000411363
    vertex 58.3887567000087 -13.6139649394403 -49.1000000262527
  endloop
endfacet
facet normal 0.0327190828217354 -0.999464587476367 1.55147249735352e-013
  outer loop
    vertex 58.3887567000085 -13.61396493944 -47.1000000411363
    vertex 61.2010912569049 -13.5218986387003 -49.1000000262524
    vertex 61.2010912569047 -13.5218986387 -47.100000041136
  endloop
endfacet
facet normal 0.382683432365092 -0.923879532511286 1.6785047757851e-013
  outer loop
    vertex 57.9489083233361 -6.04389103474879 -49.1000000262452
    vertex 57.5389007000102 -6.21372175300638 -47.1000000479737
    vertex 57.5389007000103 -6.21372175300665 -49.1000000262452
  endloop
endfacet
facet normal 0.382683432365092 -0.923879532511286 1.6785047757851e-013
  outer loop
    vertex 57.5389007000102 -6.21372175300638 -47.1000000479737
    vertex 57.9489083233361 -6.04389103474879 -49.1000000262452
    vertex 57.9489083233359 -6.04389103474847 -47.1000000479737
  endloop
endfacet
facet normal 0.60876142900871 -0.793353340291243 1.67836549151253e-013
  outer loop
    vertex 57.5389007000102 -6.21372175300638 -47.1000000479737
    vertex 57.1868191719932 -6.48388341142308 -49.1000000262452
    vertex 57.5389007000103 -6.21372175300665 -49.1000000262452
  endloop
endfacet
facet normal 0.60876142900871 -0.793353340291243 1.67836549151253e-013
  outer loop
    vertex 57.1868191719932 -6.48388341142308 -49.1000000262452
    vertex 57.5389007000102 -6.21372175300638 -47.1000000479737
    vertex 57.186819171993 -6.48388341142276 -47.1000000479737
  endloop
endfacet
facet normal 0.793353340291215 -0.608761429008747 1.59821040795412e-013
  outer loop
    vertex 56.9166575135766 -6.83596493943988 -47.1000000479736
    vertex 57.1868191719932 -6.48388341142308 -49.1000000262452
    vertex 57.186819171993 -6.48388341142276 -47.1000000479737
  endloop
endfacet
facet normal 0.793353340291215 -0.608761429008747 1.59821040795412e-013
  outer loop
    vertex 57.1868191719932 -6.48388341142308 -49.1000000262452
    vertex 56.9166575135766 -6.83596493943988 -47.1000000479736
    vertex 56.9166575135768 -6.83596493944019 -49.1000000262451
  endloop
endfacet
facet normal 0.923879532511281 -0.382683432365105 1.3643171956014e-013
  outer loop
    vertex 56.7468267953187 -7.24597256276558 -47.1000000479736
    vertex 56.9166575135768 -6.83596493944019 -49.1000000262451
    vertex 56.9166575135766 -6.83596493943988 -47.1000000479736
  endloop
endfacet
facet normal 0.923879532511281 -0.382683432365105 1.3643171956014e-013
  outer loop
    vertex 56.9166575135768 -6.83596493944019 -49.1000000262451
    vertex 56.7468267953187 -7.24597256276558 -47.1000000479736
    vertex 56.7468267953189 -7.2459725627659 -49.1000000262451
  endloop
endfacet
facet normal 0.99144486137381 -0.130526192220053 1.03752231223808e-013
  outer loop
    vertex 56.6889007000102 -7.6859649394399 -47.1000000479735
    vertex 56.7468267953189 -7.2459725627659 -49.1000000262451
    vertex 56.7468267953187 -7.24597256276558 -47.1000000479736
  endloop
endfacet
facet normal 0.99144486137381 -0.130526192220053 1.03752231223808e-013
  outer loop
    vertex 56.7468267953189 -7.2459725627659 -49.1000000262451
    vertex 56.6889007000102 -7.6859649394399 -47.1000000479735
    vertex 56.6889007000103 -7.6859649394402 -49.100000026245
  endloop
endfacet
facet normal 0.991444861373814 0.130526192220028 6.39985488232358e-014
  outer loop
    vertex 56.7468267953187 -8.12595731611415 -47.1000000479735
    vertex 56.6889007000103 -7.6859649394402 -49.100000026245
    vertex 56.6889007000102 -7.6859649394399 -47.1000000479735
  endloop
endfacet
facet normal 0.991444861373814 0.130526192220028 6.39985488232358e-014
  outer loop
    vertex 56.6889007000103 -7.6859649394402 -49.100000026245
    vertex 56.7468267953187 -8.12595731611415 -47.1000000479735
    vertex 56.7468267953189 -8.12595731611447 -49.100000026245
  endloop
endfacet
facet normal 0.923879532511275 0.382683432365119 1.9888956634676e-014
  outer loop
    vertex 56.9166575135766 -8.53596493943986 -47.1000000479734
    vertex 56.7468267953189 -8.12595731611447 -49.100000026245
    vertex 56.7468267953187 -8.12595731611415 -47.1000000479735
  endloop
endfacet
facet normal 0.923879532511275 0.382683432365119 1.9888956634676e-014
  outer loop
    vertex 56.7468267953189 -8.12595731611447 -49.100000026245
    vertex 56.9166575135766 -8.53596493943986 -47.1000000479734
    vertex 56.9166575135768 -8.53596493944016 -49.1000000262449
  endloop
endfacet
facet normal 0.793353340291284 0.608761429008657 -2.55859624494248e-014
  outer loop
    vertex 57.186819171993 -8.88804646745701 -47.1000000479733
    vertex 56.9166575135768 -8.53596493944016 -49.1000000262449
    vertex 56.9166575135766 -8.53596493943986 -47.1000000479734
  endloop
endfacet
facet normal 0.793353340291284 0.608761429008657 -2.55859624494248e-014
  outer loop
    vertex 56.9166575135768 -8.53596493944016 -49.1000000262449
    vertex 57.186819171993 -8.88804646745701 -47.1000000479733
    vertex 57.1868191719932 -8.88804646745733 -49.1000000262448
  endloop
endfacet
facet normal 0.608761429008739 0.793353340291222 -6.93091841644047e-014
  outer loop
    vertex 57.186819171993 -8.88804646745701 -47.1000000479733
    vertex 57.5389007000103 -9.15820812587376 -49.1000000262447
    vertex 57.1868191719932 -8.88804646745733 -49.1000000262448
  endloop
endfacet
facet normal 0.608761429008739 0.793353340291222 -6.93091841644047e-014
  outer loop
    vertex 57.5389007000103 -9.15820812587376 -49.1000000262447
    vertex 57.186819171993 -8.88804646745701 -47.1000000479733
    vertex 57.5389007000101 -9.15820812587347 -47.1000000479732
  endloop
endfacet
facet normal 0.38268343236507 0.923879532511295 -1.08311269415945e-013
  outer loop
    vertex 57.5389007000101 -9.15820812587347 -47.1000000479732
    vertex 57.948908323336 -9.32803884413162 -49.1000000262447
    vertex 57.5389007000103 -9.15820812587376 -49.1000000262447
  endloop
endfacet
facet normal 0.38268343236507 0.923879532511295 -1.08311269415945e-013
  outer loop
    vertex 57.948908323336 -9.32803884413162 -49.1000000262447
    vertex 57.5389007000101 -9.15820812587347 -47.1000000479732
    vertex 57.9489083233358 -9.3280388441313 -47.1000000479732
  endloop
endfacet
facet normal 0.130526192220078 0.991444861373807 -1.39933365787528e-013
  outer loop
    vertex 57.9489083233358 -9.3280388441313 -47.1000000479732
    vertex 58.3889007000103 -9.38596493944022 -49.1000000262446
    vertex 57.948908323336 -9.32803884413162 -49.1000000262447
  endloop
endfacet
facet normal 0.130526192220078 0.991444861373807 -1.39933365787528e-013
  outer loop
    vertex 58.3889007000103 -9.38596493944022 -49.1000000262446
    vertex 57.9489083233358 -9.3280388441313 -47.1000000479732
    vertex 58.3889007000101 -9.38596493943992 -47.1000000479731
  endloop
endfacet
facet normal -0.130526192220103 0.991444861373804 -1.56427654109265e-013
  outer loop
    vertex 58.3889007000101 -9.38596493943992 -47.1000000479731
    vertex 58.8288930766846 -9.32803884413159 -49.1000000262446
    vertex 58.3889007000103 -9.38596493944022 -49.1000000262446
  endloop
endfacet
facet normal -0.130526192220103 0.991444861373804 -1.56427654109265e-013
  outer loop
    vertex 58.8288930766846 -9.32803884413159 -49.1000000262446
    vertex 58.3889007000101 -9.38596493943992 -47.1000000479731
    vertex 58.8288930766844 -9.3280388441313 -47.1000000479731
  endloop
endfacet
facet normal -0.382683432365005 0.923879532511322 -1.67854516571309e-013
  outer loop
    vertex 58.8288930766844 -9.3280388441313 -47.1000000479731
    vertex 59.2389007000103 -9.15820812587378 -49.1000000262446
    vertex 58.8288930766846 -9.32803884413159 -49.1000000262446
  endloop
endfacet
facet normal -0.382683432365005 0.923879532511322 -1.67854516571309e-013
  outer loop
    vertex 59.2389007000103 -9.15820812587378 -49.1000000262446
    vertex 58.8288930766844 -9.3280388441313 -47.1000000479731
    vertex 59.2389007000101 -9.15820812587349 -47.1000000479731
  endloop
endfacet
facet normal -0.608761429008726 0.793353340291231 -1.72310735806003e-013
  outer loop
    vertex 59.2389007000103 -9.15820812587378 -49.1000000262446
    vertex 59.5909822280273 -8.88804646745704 -47.1000000479731
    vertex 59.5909822280275 -8.88804646745735 -49.1000000262446
  endloop
endfacet
facet normal -0.608761429008726 0.793353340291231 -1.72310735806003e-013
  outer loop
    vertex 59.5909822280273 -8.88804646745704 -47.1000000479731
    vertex 59.2389007000103 -9.15820812587378 -49.1000000262446
    vertex 59.2389007000101 -9.15820812587349 -47.1000000479731
  endloop
endfacet
facet normal -0.793353340291234 0.608761429008722 -1.59819426807061e-013
  outer loop
    vertex 59.8611438864438 -8.53596493944022 -49.1000000262446
    vertex 59.5909822280273 -8.88804646745704 -47.1000000479731
    vertex 59.8611438864437 -8.53596493943991 -47.1000000479731
  endloop
endfacet
facet normal -0.793353340291234 0.608761429008722 -1.59819426807061e-013
  outer loop
    vertex 59.5909822280273 -8.88804646745704 -47.1000000479731
    vertex 59.8611438864438 -8.53596493944022 -49.1000000262446
    vertex 59.5909822280275 -8.88804646745735 -49.1000000262446
  endloop
endfacet
facet normal -0.923879532511273 0.382683432365123 -1.36431719560142e-013
  outer loop
    vertex 60.0309746047017 -8.12595731611453 -49.1000000262447
    vertex 59.8611438864437 -8.53596493943991 -47.1000000479731
    vertex 60.0309746047016 -8.12595731611423 -47.1000000479732
  endloop
endfacet
facet normal -0.923879532511273 0.382683432365123 -1.36431719560142e-013
  outer loop
    vertex 59.8611438864437 -8.53596493943991 -47.1000000479731
    vertex 60.0309746047017 -8.12595731611453 -49.1000000262447
    vertex 59.8611438864438 -8.53596493944022 -49.1000000262446
  endloop
endfacet
facet normal -0.99144486137381 0.130526192220053 -1.03752231223808e-013
  outer loop
    vertex 60.0889007000103 -7.68596493944024 -49.1000000262447
    vertex 60.0309746047016 -8.12595731611423 -47.1000000479732
    vertex 60.0889007000102 -7.68596493943995 -47.1000000479732
  endloop
endfacet
facet normal -0.99144486137381 0.130526192220053 -1.03752231223808e-013
  outer loop
    vertex 60.0309746047016 -8.12595731611423 -47.1000000479732
    vertex 60.0889007000103 -7.68596493944024 -49.1000000262447
    vertex 60.0309746047017 -8.12595731611453 -49.1000000262447
  endloop
endfacet
facet normal -0.991444861373814 -0.130526192220028 -6.39985488232358e-014
  outer loop
    vertex 60.0309746047017 -7.24597256276596 -49.1000000262448
    vertex 60.0889007000102 -7.68596493943995 -47.1000000479732
    vertex 60.0309746047016 -7.24597256276566 -47.1000000479733
  endloop
endfacet
facet normal -0.991444861373814 -0.130526192220028 -6.39985488232358e-014
  outer loop
    vertex 60.0889007000102 -7.68596493943995 -47.1000000479732
    vertex 60.0309746047017 -7.24597256276596 -49.1000000262448
    vertex 60.0889007000103 -7.68596493944024 -49.1000000262447
  endloop
endfacet
facet normal -0.92387953251129 -0.382683432365083 -1.98856106234892e-014
  outer loop
    vertex 59.8611438864439 -6.83596493944023 -49.1000000262449
    vertex 60.0309746047016 -7.24597256276566 -47.1000000479733
    vertex 59.8611438864437 -6.83596493943991 -47.1000000479734
  endloop
endfacet
facet normal -0.92387953251129 -0.382683432365083 -1.98856106234892e-014
  outer loop
    vertex 60.0309746047016 -7.24597256276566 -47.1000000479733
    vertex 59.8611438864439 -6.83596493944023 -49.1000000262449
    vertex 60.0309746047017 -7.24597256276596 -49.1000000262448
  endloop
endfacet
facet normal -0.793353340291246 -0.608761429008706 2.55859624494349e-014
  outer loop
    vertex 59.5909822280275 -6.4838834114231 -49.1000000262449
    vertex 59.8611438864437 -6.83596493943991 -47.1000000479734
    vertex 59.5909822280273 -6.48388341142278 -47.1000000479735
  endloop
endfacet
facet normal -0.793353340291246 -0.608761429008706 2.55859624494349e-014
  outer loop
    vertex 59.8611438864437 -6.83596493943991 -47.1000000479734
    vertex 59.5909822280275 -6.4838834114231 -49.1000000262449
    vertex 59.8611438864439 -6.83596493944023 -49.1000000262449
  endloop
endfacet
facet normal -0.608761429008722 -0.793353340291234 6.48349975096573e-014
  outer loop
    vertex 59.5909822280275 -6.4838834114231 -49.1000000262449
    vertex 59.2389007000102 -6.21372175300641 -47.1000000479735
    vertex 59.2389007000103 -6.21372175300668 -49.100000026245
  endloop
endfacet
facet normal -0.608761429008722 -0.793353340291234 6.48349975096573e-014
  outer loop
    vertex 59.2389007000102 -6.21372175300641 -47.1000000479735
    vertex 59.5909822280275 -6.4838834114231 -49.1000000262449
    vertex 59.5909822280273 -6.48388341142278 -47.1000000479735
  endloop
endfacet
facet normal -0.382683432365179 -0.92387953251125 1.03104314713646e-013
  outer loop
    vertex 59.2389007000103 -6.21372175300668 -49.100000026245
    vertex 58.8288930766845 -6.04389103474845 -47.1000000479736
    vertex 58.8288930766846 -6.04389103474877 -49.1000000262451
  endloop
endfacet
facet normal -0.382683432365179 -0.92387953251125 1.03104314713646e-013
  outer loop
    vertex 58.8288930766845 -6.04389103474845 -47.1000000479736
    vertex 59.2389007000103 -6.21372175300668 -49.100000026245
    vertex 59.2389007000102 -6.21372175300641 -47.1000000479735
  endloop
endfacet
facet normal -0.130526192219978 -0.99144486137382 1.39932282194245e-013
  outer loop
    vertex 58.8288930766846 -6.04389103474877 -49.1000000262451
    vertex 58.3889007000102 -5.98596493943993 -47.1000000479736
    vertex 58.3889007000103 -5.98596493944022 -49.1000000262451
  endloop
endfacet
facet normal -0.130526192219978 -0.99144486137382 1.39932282194245e-013
  outer loop
    vertex 58.3889007000102 -5.98596493943993 -47.1000000479736
    vertex 58.8288930766846 -6.04389103474877 -49.1000000262451
    vertex 58.8288930766845 -6.04389103474845 -47.1000000479736
  endloop
endfacet
facet normal 0.130526192220028 -0.991444861373814 1.62020079091563e-013
  outer loop
    vertex 58.3889007000103 -5.98596493944022 -49.1000000262451
    vertex 57.9489083233359 -6.04389103474847 -47.1000000479737
    vertex 57.9489083233361 -6.04389103474879 -49.1000000262452
  endloop
endfacet
facet normal 0.130526192220028 -0.991444861373814 1.62020079091563e-013
  outer loop
    vertex 57.9489083233359 -6.04389103474847 -47.1000000479737
    vertex 58.3889007000103 -5.98596493944022 -49.1000000262451
    vertex 58.3889007000102 -5.98596493943993 -47.1000000479736
  endloop
endfacet
facet normal -1.0 1.31828342398982e-014 4.58433504530281e-015
  outer loop
    vertex 32.8887567000098 -5.21310463511872 -47.1000000352725
    vertex 32.8887567000107 59.1860349999978 -38.5000000294051
    vertex 32.8887567000106 59.1860349999978 -47.1000000294052
  endloop
endfacet
facet normal -1.0 1.31828342398982e-014 4.58433504530281e-015
  outer loop
    vertex 32.8887567000107 59.1860349999978 -38.5000000294051
    vertex 32.8887567000098 -5.21310463511872 -47.1000000352725
    vertex 32.8887567000098 -5.41396078336273 -38.5000000293991
  endloop
endfacet
facet normal -1.0 1.31828342398982e-014 4.58433504530281e-015
  outer loop
    vertex 32.8887567000098 -5.41396078336273 -38.5000000293991
    vertex 32.8887567000098 -5.21310463511872 -47.1000000352725
    vertex 32.8887567000098 -5.41396500000214 -47.1000000294052
  endloop
endfacet
facet normal 2.4480928314744e-006 -0.999999999996964 2.81575934880814e-007
  outer loop
    vertex 55.1335551487926 -5.41390869941809 -38.5000000266044
    vertex 33.1690560252943 -5.4139642910911 -47.1000000353309
    vertex 55.1335551487929 -5.41390874020417 -47.1000000386877
  endloop
endfacet
facet normal 2.4480928314744e-006 -0.999999999996964 2.81575934880814e-007
  outer loop
    vertex 33.1690560252943 -5.4139642910911 -47.1000000353309
    vertex 55.1335551487926 -5.41390869941809 -38.5000000266044
    vertex 32.8887567000098 -5.41396500000214 -47.1000000294052
  endloop
endfacet
facet normal 2.4480928314744e-006 -0.999999999996964 2.81575934880814e-007
  outer loop
    vertex 32.8887567000098 -5.41396500000214 -47.1000000294052
    vertex 55.1335551487926 -5.41390869941809 -38.5000000266044
    vertex 32.8887567000098 -5.41396078336273 -38.5000000293991
  endloop
endfacet
facet normal -9.55335953701652e-008 -7.85536158250169e-009 0.999999999999996
  outer loop
    vertex 84.1387566999885 59.186035121262 -38.5000000293992
    vertex 79.1387566998739 49.8860351212621 -38.5000000537553
    vertex 84.1387566999877 8.88603512126213 -38.5000000000083
  endloop
endfacet
facet normal -9.55335953701652e-008 -7.85536158250169e-009 0.999999999999996
  outer loop
    vertex 79.1387566998739 49.8860351212621 -38.5000000537553
    vertex 84.1387566999885 59.186035121262 -38.5000000293992
    vertex 32.8887567000107 59.1860349999978 -38.5000000294051
  endloop
endfacet
facet normal -9.55335953701652e-008 -7.85536158250169e-009 0.999999999999996
  outer loop
    vertex 84.1387566999877 8.88603512126213 -38.5000000000083
    vertex 79.1387566998739 49.8860351212621 -38.5000000537553
    vertex 79.1387566999877 8.88603512126206 -38.5000000000083
  endloop
endfacet
facet normal -9.55335953701652e-008 -7.85536158250169e-009 0.999999999999996
  outer loop
    vertex 79.1387566998739 49.8860351212621 -38.5000000537553
    vertex 32.8887567000107 59.1860349999978 -38.5000000294051
    vertex 37.8887566998958 49.8860349999978 -38.5000000537609
  endloop
endfacet
facet normal -9.55335953701652e-008 -7.85536158250169e-009 0.999999999999996
  outer loop
    vertex 37.8887566998958 49.8860349999978 -38.5000000537609
    vertex 32.8887567000107 59.1860349999978 -38.5000000294051
    vertex 34.8887567000098 8.88603499999781 -38.5000000000143
  endloop
endfacet
facet normal -9.55335953701652e-008 -7.85536158250169e-009 0.999999999999996
  outer loop
    vertex 34.8887567000102 3.58624686227128 -38.5000303237142
    vertex 84.1387566999876 -0.413992880403233 -38.5000000293932
    vertex 84.1387566999878 3.58603933790145 -38.5000000293932
  endloop
endfacet
facet normal -9.55335953701652e-008 -7.85536158250169e-009 0.999999999999996
  outer loop
    vertex 84.1387566999876 -0.413992880403233 -38.5000000293932
    vertex 34.8887567000102 3.58624686227128 -38.5000303237142
    vertex 81.138756699988 -1.41399288040326 -38.5000000293932
  endloop
endfacet
facet normal -9.55335953701652e-008 -7.85536158250169e-009 0.999999999999996
  outer loop
    vertex 81.138756699988 -1.41399288040326 -38.5000000293932
    vertex 34.8887567000102 3.58624686227128 -38.5000303237142
    vertex 79.1386152744553 -1.41399288040317 -38.5000000293932
  endloop
endfacet
facet normal -9.55335953701652e-008 -7.85536158250169e-009 0.999999999999996
  outer loop
    vertex 79.1386152744553 -1.41399288040317 -38.5000000293932
    vertex 34.8887567000102 3.58624686227128 -38.5000303237142
    vertex 75.1386113795736 -5.41385392834702 -38.5000000293932
  endloop
endfacet
facet normal -9.55335953701652e-008 -7.85536158250169e-009 0.999999999999996
  outer loop
    vertex 75.1386113795736 -5.41385392834702 -38.5000000293932
    vertex 34.8887567000102 3.58624686227128 -38.5000303237142
    vertex 59.3411069524816 -3.80095482752743 -38.5000000288624
  endloop
endfacet
facet normal -9.55335953701652e-008 -7.85536158250169e-009 0.999999999999996
  outer loop
    vertex 75.1386113795736 -5.41385392834702 -38.5000000293932
    vertex 59.3411069524816 -3.80095482752743 -38.5000000288624
    vertex 59.8000196346328 -3.94313931464 -38.5000000281724
  endloop
endfacet
facet normal -9.55335953701652e-008 -7.85536158250169e-009 0.999999999999996
  outer loop
    vertex 75.1386113795736 -5.41385392834702 -38.5000000293932
    vertex 59.8000196346328 -3.94313931464 -38.5000000281724
    vertex 60.238575402301 -4.13931810263593 -38.5000000275938
  endloop
endfacet
facet normal -9.55335953701652e-008 -7.85536158250169e-009 0.999999999999996
  outer loop
    vertex 75.1386113795736 -5.41385392834702 -38.5000000293932
    vertex 60.238575402301 -4.13931810263593 -38.5000000275938
    vertex 60.6504476149464 -4.38666110064723 -38.5000000271349
  endloop
endfacet
facet normal -9.55335953701652e-008 -7.85536158250169e-009 0.999999999999996
  outer loop
    vertex 75.1386113795736 -5.41385392834702 -38.5000000293932
    vertex 60.6504476149464 -4.38666110064723 -38.5000000271349
    vertex 61.0296945711255 -4.6816001188247 -38.5000000268023
  endloop
endfacet
facet normal -9.55335953701652e-008 -7.85536158250169e-009 0.999999999999996
  outer loop
    vertex 75.1386113795736 -5.41385392834702 -38.5000000293932
    vertex 61.0296945711255 -4.6816001188247 -38.5000000268023
    vertex 61.3708452239511 -5.01988034332992 -38.5000000266009
  endloop
endfacet
facet normal -9.55335953701652e-008 -7.85536158250169e-009 0.999999999999996
  outer loop
    vertex 75.1386113795736 -5.41385392834702 -38.5000000293932
    vertex 61.3708452239511 -5.01988034332992 -38.5000000266009
    vertex 61.644233616193 -5.41389223312126 -38.5000000266039
  endloop
endfacet
facet normal -9.55335953701652e-008 -7.85536158250169e-009 0.999999999999996
  outer loop
    vertex 59.3411069524816 -3.80095482752743 -38.5000000288624
    vertex 34.8887567000102 3.58624686227128 -38.5000303237142
    vertex 58.8684576668621 -3.71481580606824 -38.5000000296537
  endloop
endfacet
facet normal -9.55335953701652e-008 -7.85536158250169e-009 0.999999999999996
  outer loop
    vertex 58.8684576668621 -3.71481580606824 -38.5000000296537
    vertex 34.8887567000102 3.58624686227128 -38.5000303237142
    vertex 58.3888902541277 -3.68596489866746 -38.5000000305349
  endloop
endfacet
facet normal -9.55335953701652e-008 -7.85536158250169e-009 0.999999999999996
  outer loop
    vertex 58.3888902541277 -3.68596489866746 -38.5000000305349
    vertex 34.8887567000102 3.58624686227128 -38.5000303237142
    vertex 57.9093229920864 -3.71481831082017 -38.5000000314935
  endloop
endfacet
facet normal -9.55335953701652e-008 -7.85536158250169e-009 0.999999999999996
  outer loop
    vertex 57.9093229920864 -3.71481831082017 -38.5000000314935
    vertex 34.8887567000102 3.58624686227128 -38.5000303237142
    vertex 57.4366741563723 -3.80095980089755 -38.5000000325154
  endloop
endfacet
facet normal -9.55335953701652e-008 -7.85536158250169e-009 0.999999999999996
  outer loop
    vertex 57.4366741563723 -3.80095980089755 -38.5000000325154
    vertex 34.8887567000102 3.58624686227128 -38.5000303237142
    vertex 56.9777622168487 -3.94314668488208 -38.500000033586
  endloop
endfacet
facet normal -9.55335953701652e-008 -7.85536158250169e-009 0.999999999999996
  outer loop
    vertex 56.9777622168487 -3.94314668488208 -38.500000033586
    vertex 34.8887567000102 3.58624686227128 -38.5000303237142
    vertex 56.5392074738167 -4.13932776342628 -38.5000000346899
  endloop
endfacet
facet normal -9.55335953701652e-008 -7.85536158250169e-009 0.999999999999996
  outer loop
    vertex 56.5392074738167 -4.13932776342628 -38.5000000346899
    vertex 34.8887567000102 3.58624686227128 -38.5000303237142
    vertex 56.1273365530348 -4.38667291261849 -38.5000000358111
  endloop
endfacet
facet normal -9.55335953701652e-008 -7.85536158250169e-009 0.999999999999996
  outer loop
    vertex 56.1273365530348 -4.38667291261849 -38.5000000358111
    vertex 34.8887567000102 3.58624686227128 -38.5000303237142
    vertex 55.7480911373099 -4.68161391157647 -38.5000000369334
  endloop
endfacet
facet normal -9.55335953701652e-008 -7.85536158250169e-009 0.999999999999996
  outer loop
    vertex 55.7480911373099 -4.68161391157647 -38.5000000369334
    vertex 34.8887567000102 3.58624686227128 -38.5000303237142
    vertex 55.4069422513067 -5.01989591788675 -38.5000000380407
  endloop
endfacet
facet normal -9.55335953701652e-008 -7.85536158250169e-009 0.999999999999996
  outer loop
    vertex 55.4069422513067 -5.01989591788675 -38.5000000380407
    vertex 34.8887567000102 3.58624686227128 -38.5000303237142
    vertex 55.1335551487926 -5.41390869941809 -38.5000000266044
  endloop
endfacet
facet normal -9.55335953701652e-008 -7.85536158250169e-009 0.999999999999996
  outer loop
    vertex 55.1335551487926 -5.41390869941809 -38.5000000266044
    vertex 34.8887567000102 3.58624686227128 -38.5000303237142
    vertex 32.8887567000098 -5.41396078336273 -38.5000000293991
  endloop
endfacet
facet normal -9.55335953701652e-008 -7.85536158250169e-009 0.999999999999996
  outer loop
    vertex 32.8887567000098 -5.41396078336273 -38.5000000293991
    vertex 34.8887567000102 3.58624686227128 -38.5000303237142
    vertex 34.8887567000098 8.88603499999781 -38.5000000000143
  endloop
endfacet
facet normal -9.55335953701652e-008 -7.85536158250169e-009 0.999999999999996
  outer loop
    vertex 32.8887567000098 -5.41396078336273 -38.5000000293991
    vertex 34.8887567000098 8.88603499999781 -38.5000000000143
    vertex 32.8887567000107 59.1860349999978 -38.5000000294051
  endloop
endfacet
facet normal -9.55335953701652e-008 -7.85536158250169e-009 0.999999999999996
  outer loop
    vertex 34.8887567000098 8.88603499999781 -38.5000000000143
    vertex 37.8887567000098 8.88603499999771 -38.5000000000139
    vertex 37.8887566998958 49.8860349999978 -38.5000000537609
  endloop
endfacet
facet normal -9.55335953701652e-008 -7.85536158250169e-009 0.999999999999996
  outer loop
    vertex 81.1387566999877 -3.41399288040326 -38.5000000293932
    vertex 84.1387566999876 -0.413992880403233 -38.5000000293932
    vertex 81.138756699988 -1.41399288040326 -38.5000000293932
  endloop
endfacet
facet normal -3.88535046535119e-010 -2.66779656380346e-010 1.0
  outer loop
    vertex 32.8887567000106 59.1860349999978 -47.1000000294052
    vertex 32.2120152526334 -4.7281585719619 -47.1000000411399
    vertex 32.8887567000098 -5.21310463511872 -47.1000000352725
  endloop
endfacet
facet normal -3.88535046535119e-010 -2.66779656380346e-010 1.0
  outer loop
    vertex 32.2120152526334 -4.7281585719619 -47.1000000411399
    vertex 32.8887567000106 59.1860349999978 -47.1000000294052
    vertex 32.2120152526364 63.5002286930857 -47.10000004115
  endloop
endfacet
facet normal -3.88535046535119e-010 -2.66779656380346e-010 1.0
  outer loop
    vertex 32.2120152526334 -4.7281585719619 -47.1000000411399
    vertex 32.2120152526364 63.5002286930857 -47.10000004115
    vertex 30.0368866507083 61.7151467821587 -47.1000000411499
  endloop
endfacet
facet normal -3.88535046535119e-010 -2.66779656380346e-010 1.0
  outer loop
    vertex 32.2120152526334 -4.7281585719619 -47.1000000411399
    vertex 30.0368866507083 61.7151467821587 -47.1000000411499
    vertex 30.0368866507055 -2.94307666103466 -47.1000000411403
  endloop
endfacet
facet normal -3.88535046535119e-010 -2.66779656380346e-010 1.0
  outer loop
    vertex 30.0368866507055 -2.94307666103466 -47.1000000411403
    vertex 30.0368866507083 61.7151467821587 -47.1000000411499
    vertex 27.9831651089895 59.7916266515843 -47.1000000411498
  endloop
endfacet
facet normal -3.88535046535119e-010 -2.66779656380346e-010 1.0
  outer loop
    vertex 30.0368866507055 -2.94307666103466 -47.1000000411403
    vertex 27.9831651089895 59.7916266515843 -47.1000000411498
    vertex 27.9831651089869 -1.0195565304601 -47.1000000411408
  endloop
endfacet
facet normal -3.88535046535119e-010 -2.66779656380346e-010 1.0
  outer loop
    vertex 27.9831651089869 -1.0195565304601 -47.1000000411408
    vertex 27.9831651089895 59.7916266515843 -47.1000000411498
    vertex 26.0596449784149 57.7379051098657 -47.1000000411497
  endloop
endfacet
facet normal -3.88535046535119e-010 -2.66779656380346e-010 1.0
  outer loop
    vertex 27.9831651089869 -1.0195565304601 -47.1000000411408
    vertex 26.0596449784149 57.7379051098657 -47.1000000411497
    vertex 26.0596449784125 1.03416501125862 -47.1000000411413
  endloop
endfacet
facet normal -3.88535046535119e-010 -2.66779656380346e-010 1.0
  outer loop
    vertex 26.0596449784125 1.03416501125862 -47.1000000411413
    vertex 26.0596449784149 57.7379051098657 -47.1000000411497
    vertex 24.2745630674877 55.5627765079378 -47.1000000411495
  endloop
endfacet
facet normal -3.88535046535119e-010 -2.66779656380346e-010 1.0
  outer loop
    vertex 26.0596449784125 1.03416501125862 -47.1000000411413
    vertex 24.2745630674877 55.5627765079378 -47.1000000411495
    vertex 24.2745630674854 3.20929361318669 -47.1000000411417
  endloop
endfacet
facet normal -3.88535046535119e-010 -2.66779656380346e-010 1.0
  outer loop
    vertex 24.2745630674854 3.20929361318669 -47.1000000411417
    vertex 24.2745630674877 55.5627765079378 -47.1000000411495
    vertex 22.6355633710012 53.2755550804057 -47.1000000411493
  endloop
endfacet
facet normal -3.88535046535119e-010 -2.66779656380346e-010 1.0
  outer loop
    vertex 24.2745630674854 3.20929361318669 -47.1000000411417
    vertex 22.6355633710012 53.2755550804057 -47.1000000411493
    vertex 23.0177567000108 29.3850350605605 -47.1000000452743
  endloop
endfacet
facet normal -3.88535046535119e-010 -2.66779656380346e-010 1.0
  outer loop
    vertex 23.0177567000108 29.3850350605605 -47.1000000452743
    vertex 22.6355633710012 53.2755550804057 -47.1000000411493
    vertex 22.9598306047022 29.8250274372348 -47.1000000452744
  endloop
endfacet
facet normal -3.88535046535119e-010 -2.66779656380346e-010 1.0
  outer loop
    vertex 22.9598306047022 29.8250274372348 -47.1000000452744
    vertex 22.6355633710012 53.2755550804057 -47.1000000411493
    vertex 22.7899998864443 30.2350350605605 -47.1000000452745
  endloop
endfacet
facet normal -3.88535046535119e-010 -2.66779656380346e-010 1.0
  outer loop
    vertex 22.7899998864443 30.2350350605605 -47.1000000452745
    vertex 22.6355633710012 53.2755550804057 -47.1000000411493
    vertex 22.5198382280279 30.5871165885776 -47.1000000452746
  endloop
endfacet
facet normal -3.88535046535119e-010 -2.66779656380346e-010 1.0
  outer loop
    vertex 22.5198382280279 30.5871165885776 -47.1000000452746
    vertex 22.6355633710012 53.2755550804057 -47.1000000411493
    vertex 21.1496643372797 50.8860350605628 -47.1000000411491
  endloop
endfacet
facet normal -3.88535046535119e-010 -2.66779656380346e-010 1.0
  outer loop
    vertex 22.5198382280279 30.5871165885776 -47.1000000452746
    vertex 21.1496643372797 50.8860350605628 -47.1000000411491
    vertex 22.1677567000108 30.857278246994 -47.1000000452746
  endloop
endfacet
facet normal -3.88535046535119e-010 -2.66779656380346e-010 1.0
  outer loop
    vertex 22.1677567000108 30.857278246994 -47.1000000452746
    vertex 21.1496643372797 50.8860350605628 -47.1000000411491
    vertex 21.7577490766851 31.0271089652519 -47.1000000452747
  endloop
endfacet
facet normal -3.88535046535119e-010 -2.66779656380346e-010 1.0
  outer loop
    vertex 21.7577490766851 31.0271089652519 -47.1000000452747
    vertex 21.1496643372797 50.8860350605628 -47.1000000411491
    vertex 21.3177567000108 31.0850350605605 -47.1000000452748
  endloop
endfacet
facet normal -3.88535046535119e-010 -2.66779656380346e-010 1.0
  outer loop
    vertex 21.3177567000108 31.0850350605605 -47.1000000452748
    vertex 21.1496643372797 50.8860350605628 -47.1000000411491
    vertex 20.8777643233365 31.0271089652519 -47.1000000452748
  endloop
endfacet
facet normal -3.88535046535119e-010 -2.66779656380346e-010 1.0
  outer loop
    vertex 20.8777643233365 31.0271089652519 -47.1000000452748
    vertex 21.1496643372797 50.8860350605628 -47.1000000411491
    vertex 19.8232288141048 48.4044487399799 -47.1000000411488
  endloop
endfacet
facet normal -3.88535046535119e-010 -2.66779656380346e-010 1.0
  outer loop
    vertex 20.8777643233365 31.0271089652519 -47.1000000452748
    vertex 19.8232288141048 48.4044487399799 -47.1000000411488
    vertex 20.4677567000108 30.8572782469941 -47.1000000452748
  endloop
endfacet
facet normal -3.88535046535119e-010 -2.66779656380346e-010 1.0
  outer loop
    vertex 20.4677567000108 30.8572782469941 -47.1000000452748
    vertex 19.8232288141048 48.4044487399799 -47.1000000411488
    vertex 20.1156751719936 30.5871165885777 -47.1000000452748
  endloop
endfacet
facet normal -3.88535046535119e-010 -2.66779656380346e-010 1.0
  outer loop
    vertex 20.1156751719936 30.5871165885777 -47.1000000452748
    vertex 19.8232288141048 48.4044487399799 -47.1000000411488
    vertex 19.8455135135772 30.2350350605605 -47.1000000452748
  endloop
endfacet
facet normal -3.88535046535119e-010 -2.66779656380346e-010 1.0
  outer loop
    vertex 19.8455135135772 30.2350350605605 -47.1000000452748
    vertex 19.8232288141048 48.4044487399799 -47.1000000411488
    vertex 19.6756827953194 29.8250274372348 -47.1000000452747
  endloop
endfacet
facet normal -3.88535046535119e-010 -2.66779656380346e-010 1.0
  outer loop
    vertex 19.6756827953194 29.8250274372348 -47.1000000452747
    vertex 19.8232288141048 48.4044487399799 -47.1000000411488
    vertex 18.6619368020249 45.8414226522617 -47.1000000411486
  endloop
endfacet
facet normal -3.88535046535119e-010 -2.66779656380346e-010 1.0
  outer loop
    vertex 19.6756827953194 29.8250274372348 -47.1000000452747
    vertex 18.6619368020249 45.8414226522617 -47.1000000411486
    vertex 19.6177567000108 29.3850350605605 -47.1000000452746
  endloop
endfacet
facet normal -3.88535046535119e-010 -2.66779656380346e-010 1.0
  outer loop
    vertex 23.0177567000108 29.3850350605605 -47.1000000452743
    vertex 22.6355633709992 5.49651504071891 -47.1000000411422
    vertex 24.2745630674854 3.20929361318669 -47.1000000411417
  endloop
endfacet
facet normal -3.88535046535119e-010 -2.66779656380346e-010 1.0
  outer loop
    vertex 22.6355633709992 5.49651504071891 -47.1000000411422
    vertex 23.0177567000108 29.3850350605605 -47.1000000452743
    vertex 22.9598306047021 28.9450426838862 -47.1000000452743
  endloop
endfacet
facet normal -3.88535046535119e-010 -2.66779656380346e-010 1.0
  outer loop
    vertex 22.6355633709992 5.49651504071891 -47.1000000411422
    vertex 22.9598306047021 28.9450426838862 -47.1000000452743
    vertex 22.7899998864443 28.5350350605605 -47.1000000452742
  endloop
endfacet
facet normal -3.88535046535119e-010 -2.66779656380346e-010 1.0
  outer loop
    vertex 22.6355633709992 5.49651504071891 -47.1000000411422
    vertex 22.7899998864443 28.5350350605605 -47.1000000452742
    vertex 22.5198382280278 28.1829535325433 -47.1000000452742
  endloop
endfacet
facet normal -3.88535046535119e-010 -2.66779656380346e-010 1.0
  outer loop
    vertex 22.6355633709992 5.49651504071891 -47.1000000411422
    vertex 22.5198382280278 28.1829535325433 -47.1000000452742
    vertex 21.1496643372779 7.88603506056191 -47.1000000411427
  endloop
endfacet
facet normal -3.88535046535119e-010 -2.66779656380346e-010 1.0
  outer loop
    vertex 21.1496643372779 7.88603506056191 -47.1000000411427
    vertex 22.5198382280278 28.1829535325433 -47.1000000452742
    vertex 22.1677567000108 27.9127918741269 -47.1000000452742
  endloop
endfacet
facet normal -3.88535046535119e-010 -2.66779656380346e-010 1.0
  outer loop
    vertex 21.1496643372779 7.88603506056191 -47.1000000411427
    vertex 22.1677567000108 27.9127918741269 -47.1000000452742
    vertex 21.757749076685 27.7429611558691 -47.1000000452742
  endloop
endfacet
facet normal -3.88535046535119e-010 -2.66779656380346e-010 1.0
  outer loop
    vertex 21.1496643372779 7.88603506056191 -47.1000000411427
    vertex 21.757749076685 27.7429611558691 -47.1000000452742
    vertex 21.3177567000107 27.6850350605605 -47.1000000452742
  endloop
endfacet
facet normal -3.88535046535119e-010 -2.66779656380346e-010 1.0
  outer loop
    vertex 21.1496643372779 7.88603506056191 -47.1000000411427
    vertex 21.3177567000107 27.6850350605605 -47.1000000452742
    vertex 20.8777643233364 27.7429611558691 -47.1000000452743
  endloop
endfacet
facet normal -3.88535046535119e-010 -2.66779656380346e-010 1.0
  outer loop
    vertex 21.1496643372779 7.88603506056191 -47.1000000411427
    vertex 20.8777643233364 27.7429611558691 -47.1000000452743
    vertex 19.8232288141032 10.367621381145 -47.1000000411432
  endloop
endfacet
facet normal -3.88535046535119e-010 -2.66779656380346e-010 1.0
  outer loop
    vertex 19.8232288141032 10.367621381145 -47.1000000411432
    vertex 20.8777643233364 27.7429611558691 -47.1000000452743
    vertex 20.4677567000107 27.912791874127 -47.1000000452743
  endloop
endfacet
facet normal -3.88535046535119e-010 -2.66779656380346e-010 1.0
  outer loop
    vertex 19.8232288141032 10.367621381145 -47.1000000411432
    vertex 20.4677567000107 27.912791874127 -47.1000000452743
    vertex 20.1156751719936 28.1829535325434 -47.1000000452744
  endloop
endfacet
facet normal -3.88535046535119e-010 -2.66779656380346e-010 1.0
  outer loop
    vertex 19.8232288141032 10.367621381145 -47.1000000411432
    vertex 20.1156751719936 28.1829535325434 -47.1000000452744
    vertex 19.8455135135772 28.5350350605605 -47.1000000452745
  endloop
endfacet
facet normal -3.88535046535119e-010 -2.66779656380346e-010 1.0
  outer loop
    vertex 19.8232288141032 10.367621381145 -47.1000000411432
    vertex 19.8455135135772 28.5350350605605 -47.1000000452745
    vertex 19.6756827953193 28.9450426838863 -47.1000000452746
  endloop
endfacet
facet normal -3.88535046535119e-010 -2.66779656380346e-010 1.0
  outer loop
    vertex 19.8232288141032 10.367621381145 -47.1000000411432
    vertex 19.6756827953193 28.9450426838863 -47.1000000452746
    vertex 18.6619368020235 12.9306474688633 -47.1000000411437
  endloop
endfacet
facet normal -3.88535046535119e-010 -2.66779656380346e-010 1.0
  outer loop
    vertex 18.6619368020235 12.9306474688633 -47.1000000411437
    vertex 19.6756827953193 28.9450426838863 -47.1000000452746
    vertex 19.6177567000108 29.3850350605605 -47.1000000452746
  endloop
endfacet
facet normal -3.88535046535119e-010 -2.66779656380346e-010 1.0
  outer loop
    vertex 18.6619368020235 12.9306474688633 -47.1000000411437
    vertex 19.6177567000108 29.3850350605605 -47.1000000452746
    vertex 18.6619368020249 45.8414226522617 -47.1000000411486
  endloop
endfacet
facet normal -3.88535046535119e-010 -2.66779656380346e-010 1.0
  outer loop
    vertex 18.6619368020235 12.9306474688633 -47.1000000411437
    vertex 18.6619368020249 45.8414226522617 -47.1000000411486
    vertex 17.6707611317206 43.2079320685988 -47.1000000411482
  endloop
endfacet
facet normal -3.88535046535119e-010 -2.66779656380346e-010 1.0
  outer loop
    vertex 18.6619368020235 12.9306474688633 -47.1000000411437
    vertex 17.6707611317206 43.2079320685988 -47.1000000411482
    vertex 17.6707611317194 15.5641380525263 -47.1000000411441
  endloop
endfacet
facet normal -3.88535046535119e-010 -2.66779656380346e-010 1.0
  outer loop
    vertex 17.6707611317194 15.5641380525263 -47.1000000411441
    vertex 17.6707611317206 43.2079320685988 -47.1000000411482
    vertex 16.85394616958 40.5152539999713 -47.1000000411479
  endloop
endfacet
facet normal -3.88535046535119e-010 -2.66779656380346e-010 1.0
  outer loop
    vertex 17.6707611317194 15.5641380525263 -47.1000000411441
    vertex 16.85394616958 40.5152539999713 -47.1000000411479
    vertex 16.8539461695791 18.2568161211539 -47.1000000411446
  endloop
endfacet
facet normal -3.88535046535119e-010 -2.66779656380346e-010 1.0
  outer loop
    vertex 16.8539461695791 18.2568161211539 -47.1000000411446
    vertex 16.85394616958 40.5152539999713 -47.1000000411479
    vertex 16.2149896426709 37.7749189072563 -47.1000000411476
  endloop
endfacet
facet normal -3.88535046535119e-010 -2.66779656380346e-010 1.0
  outer loop
    vertex 16.8539461695791 18.2568161211539 -47.1000000411446
    vertex 16.2149896426709 37.7749189072563 -47.1000000411476
    vertex 16.2149896426703 20.9971512138689 -47.1000000411451
  endloop
endfacet
facet normal -3.88535046535119e-010 -2.66779656380346e-010 1.0
  outer loop
    vertex 16.2149896426703 20.9971512138689 -47.1000000411451
    vertex 16.2149896426709 37.7749189072563 -47.1000000411476
    vertex 15.7566276609359 34.998661326025 -47.1000000411472
  endloop
endfacet
facet normal -3.88535046535119e-010 -2.66779656380346e-010 1.0
  outer loop
    vertex 16.2149896426703 20.9971512138689 -47.1000000411451
    vertex 15.7566276609359 34.998661326025 -47.1000000411472
    vertex 15.7566276609353 23.7734087951003 -47.1000000411455
  endloop
endfacet
facet normal -3.88535046535119e-010 -2.66779656380346e-010 1.0
  outer loop
    vertex 15.7566276609353 23.7734087951003 -47.1000000411455
    vertex 15.7566276609359 34.998661326025 -47.1000000411472
    vertex 15.4808230007497 32.1983696174589 -47.1000000411468
  endloop
endfacet
facet normal -3.88535046535119e-010 -2.66779656380346e-010 1.0
  outer loop
    vertex 15.7566276609353 23.7734087951003 -47.1000000411455
    vertex 15.4808230007497 32.1983696174589 -47.1000000411468
    vertex 15.4808230007494 26.5737005036664 -47.100000041146
  endloop
endfacet
facet normal -3.88535046535119e-010 -2.66779656380346e-010 1.0
  outer loop
    vertex 15.4808230007494 26.5737005036664 -47.100000041146
    vertex 15.4808230007497 32.1983696174589 -47.1000000411468
    vertex 15.3887567000094 29.3860350605627 -47.1000000411464
  endloop
endfacet
facet normal -3.88535046535119e-010 -2.66779656380346e-010 1.0
  outer loop
    vertex 101.296690399271 32.1983696174552 -47.1000000411394
    vertex 101.296690399271 26.5737005036628 -47.1000000411385
    vertex 101.388756700011 29.386035060559 -47.1000000411389
  endloop
endfacet
facet normal -3.88535046535119e-010 -2.66779656380346e-010 1.0
  outer loop
    vertex 101.296690399271 26.5737005036628 -47.1000000411385
    vertex 101.296690399271 32.1983696174552 -47.1000000411394
    vertex 101.020885739085 34.9986613260214 -47.1000000411398
  endloop
endfacet
facet normal -3.88535046535119e-010 -2.66779656380346e-010 1.0
  outer loop
    vertex 101.296690399271 26.5737005036628 -47.1000000411385
    vertex 101.020885739085 34.9986613260214 -47.1000000411398
    vertex 101.020885739085 23.7734087950967 -47.1000000411381
  endloop
endfacet
facet normal -3.88535046535119e-010 -2.66779656380346e-010 1.0
  outer loop
    vertex 101.020885739085 23.7734087950967 -47.1000000411381
    vertex 101.020885739085 34.9986613260214 -47.1000000411398
    vertex 100.56252375735 37.7749189072527 -47.1000000411403
  endloop
endfacet
facet normal -3.88535046535119e-010 -2.66779656380346e-010 1.0
  outer loop
    vertex 101.020885739085 23.7734087950967 -47.1000000411381
    vertex 100.56252375735 37.7749189072527 -47.1000000411403
    vertex 100.56252375735 20.9971512138654 -47.1000000411378
  endloop
endfacet
facet normal -3.88535046535119e-010 -2.66779656380346e-010 1.0
  outer loop
    vertex 100.56252375735 20.9971512138654 -47.1000000411378
    vertex 100.56252375735 37.7749189072527 -47.1000000411403
    vertex 99.9235672304413 40.5152539999677 -47.1000000411407
  endloop
endfacet
facet normal -3.88535046535119e-010 -2.66779656380346e-010 1.0
  outer loop
    vertex 100.56252375735 20.9971512138654 -47.1000000411378
    vertex 99.9235672304413 40.5152539999677 -47.1000000411407
    vertex 99.9235672304404 18.2568161211505 -47.1000000411374
  endloop
endfacet
facet normal -3.88535046535119e-010 -2.66779656380346e-010 1.0
  outer loop
    vertex 99.9235672304404 18.2568161211505 -47.1000000411374
    vertex 99.9235672304413 40.5152539999677 -47.1000000411407
    vertex 99.106752268301 43.2079320685953 -47.1000000411412
  endloop
endfacet
facet normal -3.88535046535119e-010 -2.66779656380346e-010 1.0
  outer loop
    vertex 99.9235672304404 18.2568161211505 -47.1000000411374
    vertex 99.106752268301 43.2079320685953 -47.1000000411412
    vertex 99.1067522682999 15.5641380525229 -47.1000000411371
  endloop
endfacet
facet normal -3.88535046535119e-010 -2.66779656380346e-010 1.0
  outer loop
    vertex 99.1067522682999 15.5641380525229 -47.1000000411371
    vertex 99.106752268301 43.2079320685953 -47.1000000411412
    vertex 98.1155765979969 45.8414226522583 -47.1000000411417
  endloop
endfacet
facet normal -3.88535046535119e-010 -2.66779656380346e-010 1.0
  outer loop
    vertex 99.1067522682999 15.5641380525229 -47.1000000411371
    vertex 98.1155765979969 45.8414226522583 -47.1000000411417
    vertex 98.1155765979956 12.93064746886 -47.1000000411368
  endloop
endfacet
facet normal -3.88535046535119e-010 -2.66779656380346e-010 1.0
  outer loop
    vertex 98.1155765979956 12.93064746886 -47.1000000411368
    vertex 98.1155765979969 45.8414226522583 -47.1000000411417
    vertex 96.9542845859173 48.4044487399765 -47.1000000411422
  endloop
endfacet
facet normal -3.88535046535119e-010 -2.66779656380346e-010 1.0
  outer loop
    vertex 98.1155765979956 12.93064746886 -47.1000000411368
    vertex 96.9542845859173 48.4044487399765 -47.1000000411422
    vertex 97.1597567000107 29.3850350605596 -47.1000000500497
  endloop
endfacet
facet normal -3.88535046535119e-010 -2.66779656380346e-010 1.0
  outer loop
    vertex 97.1597567000107 29.3850350605596 -47.1000000500497
    vertex 96.9542845859173 48.4044487399765 -47.1000000411422
    vertex 97.1018306047021 29.8250274372339 -47.1000000500498
  endloop
endfacet
facet normal -3.88535046535119e-010 -2.66779656380346e-010 1.0
  outer loop
    vertex 97.1018306047021 29.8250274372339 -47.1000000500498
    vertex 96.9542845859173 48.4044487399765 -47.1000000411422
    vertex 96.9319998864442 30.2350350605596 -47.1000000500499
  endloop
endfacet
facet normal -3.88535046535119e-010 -2.66779656380346e-010 1.0
  outer loop
    vertex 96.9319998864442 30.2350350605596 -47.1000000500499
    vertex 96.9542845859173 48.4044487399765 -47.1000000411422
    vertex 95.6278490627426 50.8860350605596 -47.1000000411426
  endloop
endfacet
facet normal -3.88535046535119e-010 -2.66779656380346e-010 1.0
  outer loop
    vertex 96.9319998864442 30.2350350605596 -47.1000000500499
    vertex 95.6278490627426 50.8860350605596 -47.1000000411426
    vertex 96.6618382280278 30.5871165885767 -47.10000005005
  endloop
endfacet
facet normal -3.88535046535119e-010 -2.66779656380346e-010 1.0
  outer loop
    vertex 96.6618382280278 30.5871165885767 -47.10000005005
    vertex 95.6278490627426 50.8860350605596 -47.1000000411426
    vertex 96.3097567000107 30.8572782469931 -47.10000005005
  endloop
endfacet
facet normal -3.88535046535119e-010 -2.66779656380346e-010 1.0
  outer loop
    vertex 96.3097567000107 30.8572782469931 -47.10000005005
    vertex 95.6278490627426 50.8860350605596 -47.1000000411426
    vertex 95.899749076685 31.027108965251 -47.1000000500501
  endloop
endfacet
facet normal -3.88535046535119e-010 -2.66779656380346e-010 1.0
  outer loop
    vertex 95.899749076685 31.027108965251 -47.1000000500501
    vertex 95.6278490627426 50.8860350605596 -47.1000000411426
    vertex 95.4597567000107 31.0850350605596 -47.1000000500501
  endloop
endfacet
facet normal -3.88535046535119e-010 -2.66779656380346e-010 1.0
  outer loop
    vertex 95.4597567000107 31.0850350605596 -47.1000000500501
    vertex 95.6278490627426 50.8860350605596 -47.1000000411426
    vertex 94.1419500290213 53.2755550804026 -47.1000000411431
  endloop
endfacet
facet normal -3.88535046535119e-010 -2.66779656380346e-010 1.0
  outer loop
    vertex 95.4597567000107 31.0850350605596 -47.1000000500501
    vertex 94.1419500290213 53.2755550804026 -47.1000000411431
    vertex 95.0197643233364 31.027108965251 -47.1000000500502
  endloop
endfacet
facet normal -3.88535046535119e-010 -2.66779656380346e-010 1.0
  outer loop
    vertex 95.0197643233364 31.027108965251 -47.1000000500502
    vertex 94.1419500290213 53.2755550804026 -47.1000000411431
    vertex 94.6097567000107 30.8572782469932 -47.1000000500502
  endloop
endfacet
facet normal -3.88535046535119e-010 -2.66779656380346e-010 1.0
  outer loop
    vertex 94.6097567000107 30.8572782469932 -47.1000000500502
    vertex 94.1419500290213 53.2755550804026 -47.1000000411431
    vertex 94.2576751719936 30.5871165885768 -47.1000000500502
  endloop
endfacet
facet normal -3.88535046535119e-010 -2.66779656380346e-010 1.0
  outer loop
    vertex 94.2576751719936 30.5871165885768 -47.1000000500502
    vertex 94.1419500290213 53.2755550804026 -47.1000000411431
    vertex 93.9875135135771 30.2350350605596 -47.1000000500501
  endloop
endfacet
facet normal -3.88535046535119e-010 -2.66779656380346e-010 1.0
  outer loop
    vertex 93.9875135135771 30.2350350605596 -47.1000000500501
    vertex 94.1419500290213 53.2755550804026 -47.1000000411431
    vertex 92.502950332535 55.5627765079348 -47.1000000411436
  endloop
endfacet
facet normal -3.88535046535119e-010 -2.66779656380346e-010 1.0
  outer loop
    vertex 93.9875135135771 30.2350350605596 -47.1000000500501
    vertex 92.502950332535 55.5627765079348 -47.1000000411436
    vertex 93.8176827953192 29.8250274372339 -47.1000000500501
  endloop
endfacet
facet normal -3.88535046535119e-010 -2.66779656380346e-010 1.0
  outer loop
    vertex 93.8176827953192 29.8250274372339 -47.1000000500501
    vertex 92.502950332535 55.5627765079348 -47.1000000411436
    vertex 93.7597567000107 29.3850350605596 -47.10000005005
  endloop
endfacet
facet normal -3.88535046535119e-010 -2.66779656380346e-010 1.0
  outer loop
    vertex 61.2010912569082 72.2939687598214 -47.1000000411488
    vertex 60.0308305608939 66.8960273926628 -47.1000000457678
    vertex 60.0887566562024 66.4560350159885 -47.1000000457678
  endloop
endfacet
facet normal -3.88535046535119e-010 -2.66779656380346e-010 1.0
  outer loop
    vertex 60.0308305608939 66.8960273926628 -47.1000000457678
    vertex 61.2010912569082 72.2939687598214 -47.1000000411488
    vertex 58.388756700012 72.3860350605616 -47.1000000411491
  endloop
endfacet
facet normal -3.88535046535119e-010 -2.66779656380346e-010 1.0
  outer loop
    vertex 60.0308305608939 66.8960273926628 -47.1000000457678
    vertex 58.388756700012 72.3860350605616 -47.1000000411491
    vertex 59.860999842636 67.3060350159885 -47.1000000457679
  endloop
endfacet
facet normal -3.88535046535119e-010 -2.66779656380346e-010 1.0
  outer loop
    vertex 59.860999842636 67.3060350159885 -47.1000000457679
    vertex 58.388756700012 72.3860350605616 -47.1000000411491
    vertex 59.5908381842196 67.6581165440056 -47.100000045768
  endloop
endfacet
facet normal -3.88535046535119e-010 -2.66779656380346e-010 1.0
  outer loop
    vertex 59.5908381842196 67.6581165440056 -47.100000045768
    vertex 58.388756700012 72.3860350605616 -47.1000000411491
    vertex 59.2387566562025 67.928278202422 -47.1000000457681
  endloop
endfacet
facet normal -3.88535046535119e-010 -2.66779656380346e-010 1.0
  outer loop
    vertex 59.2387566562025 67.928278202422 -47.1000000457681
    vertex 58.388756700012 72.3860350605616 -47.1000000411491
    vertex 58.8287490328767 68.0981089206799 -47.1000000457681
  endloop
endfacet
facet normal -3.88535046535119e-010 -2.66779656380346e-010 1.0
  outer loop
    vertex 58.8287490328767 68.0981089206799 -47.1000000457681
    vertex 58.388756700012 72.3860350605616 -47.1000000411491
    vertex 58.3887566562025 68.1560350159885 -47.1000000457682
  endloop
endfacet
facet normal -3.88535046535119e-010 -2.66779656380346e-010 1.0
  outer loop
    vertex 58.3887566562025 68.1560350159885 -47.1000000457682
    vertex 58.388756700012 72.3860350605616 -47.1000000411491
    vertex 55.5764221431162 72.2939687598217 -47.1000000411493
  endloop
endfacet
facet normal -3.88535046535119e-010 -2.66779656380346e-010 1.0
  outer loop
    vertex 58.3887566562025 68.1560350159885 -47.1000000457682
    vertex 55.5764221431162 72.2939687598217 -47.1000000411493
    vertex 57.9487642795282 68.0981089206799 -47.1000000457682
  endloop
endfacet
facet normal -3.88535046535119e-010 -2.66779656380346e-010 1.0
  outer loop
    vertex 57.9487642795282 68.0981089206799 -47.1000000457682
    vertex 55.5764221431162 72.2939687598217 -47.1000000411493
    vertex 57.5387566562025 67.928278202422 -47.1000000457682
  endloop
endfacet
facet normal -3.88535046535119e-010 -2.66779656380346e-010 1.0
  outer loop
    vertex 57.5387566562025 67.928278202422 -47.1000000457682
    vertex 55.5764221431162 72.2939687598217 -47.1000000411493
    vertex 57.1866751281853 67.6581165440057 -47.1000000457682
  endloop
endfacet
facet normal -3.88535046535119e-010 -2.66779656380346e-010 1.0
  outer loop
    vertex 57.1866751281853 67.6581165440057 -47.1000000457682
    vertex 55.5764221431162 72.2939687598217 -47.1000000411493
    vertex 56.9165134697689 67.3060350159885 -47.1000000457682
  endloop
endfacet
facet normal -3.88535046535119e-010 -2.66779656380346e-010 1.0
  outer loop
    vertex 56.9165134697689 67.3060350159885 -47.1000000457682
    vertex 55.5764221431162 72.2939687598217 -47.1000000411493
    vertex 56.746682751511 66.8960273926628 -47.1000000457681
  endloop
endfacet
facet normal -3.88535046535119e-010 -2.66779656380346e-010 1.0
  outer loop
    vertex 56.746682751511 66.8960273926628 -47.1000000457681
    vertex 55.5764221431162 72.2939687598217 -47.1000000411493
    vertex 56.6887566562024 66.4560350159886 -47.1000000457681
  endloop
endfacet
facet normal -3.88535046535119e-010 -2.66779656380346e-010 1.0
  outer loop
    vertex 97.1597567000107 29.3850350605596 -47.1000000500497
    vertex 96.9542845859157 10.3676213811418 -47.1000000411365
    vertex 98.1155765979956 12.93064746886 -47.1000000411368
  endloop
endfacet
facet normal -3.88535046535119e-010 -2.66779656380346e-010 1.0
  outer loop
    vertex 96.9542845859157 10.3676213811418 -47.1000000411365
    vertex 97.1597567000107 29.3850350605596 -47.1000000500497
    vertex 97.1018306047021 28.9450426838853 -47.1000000500497
  endloop
endfacet
facet normal -3.88535046535119e-010 -2.66779656380346e-010 1.0
  outer loop
    vertex 96.9542845859157 10.3676213811418 -47.1000000411365
    vertex 97.1018306047021 28.9450426838853 -47.1000000500497
    vertex 96.9319998864442 28.5350350605596 -47.1000000500496
  endloop
endfacet
facet normal -3.88535046535119e-010 -2.66779656380346e-010 1.0
  outer loop
    vertex 96.9542845859157 10.3676213811418 -47.1000000411365
    vertex 96.9319998864442 28.5350350605596 -47.1000000500496
    vertex 95.6278490627408 7.88603506055892 -47.1000000411362
  endloop
endfacet
facet normal -3.88535046535119e-010 -2.66779656380346e-010 1.0
  outer loop
    vertex 95.6278490627408 7.88603506055892 -47.1000000411362
    vertex 96.9319998864442 28.5350350605596 -47.1000000500496
    vertex 96.6618382280278 28.1829535325424 -47.1000000500496
  endloop
endfacet
facet normal -3.88535046535119e-010 -2.66779656380346e-010 1.0
  outer loop
    vertex 95.6278490627408 7.88603506055892 -47.1000000411362
    vertex 96.6618382280278 28.1829535325424 -47.1000000500496
    vertex 96.3097567000107 27.9127918741261 -47.1000000500496
  endloop
endfacet
facet normal -3.88535046535119e-010 -2.66779656380346e-010 1.0
  outer loop
    vertex 95.6278490627408 7.88603506055892 -47.1000000411362
    vertex 96.3097567000107 27.9127918741261 -47.1000000500496
    vertex 95.8997490766849 27.7429611558682 -47.1000000500496
  endloop
endfacet
facet normal -3.88535046535119e-010 -2.66779656380346e-010 1.0
  outer loop
    vertex 95.6278490627408 7.88603506055892 -47.1000000411362
    vertex 95.8997490766849 27.7429611558682 -47.1000000500496
    vertex 95.4597567000106 27.6850350605596 -47.1000000500496
  endloop
endfacet
facet normal -3.88535046535119e-010 -2.66779656380346e-010 1.0
  outer loop
    vertex 95.6278490627408 7.88603506055892 -47.1000000411362
    vertex 95.4597567000106 27.6850350605596 -47.1000000500496
    vertex 94.1419500290193 5.49651504071604 -47.100000041136
  endloop
endfacet
facet normal -3.88535046535119e-010 -2.66779656380346e-010 1.0
  outer loop
    vertex 94.1419500290193 5.49651504071604 -47.100000041136
    vertex 95.4597567000106 27.6850350605596 -47.1000000500496
    vertex 95.0197643233364 27.7429611558682 -47.1000000500497
  endloop
endfacet
facet normal -3.88535046535119e-010 -2.66779656380346e-010 1.0
  outer loop
    vertex 94.1419500290193 5.49651504071604 -47.100000041136
    vertex 95.0197643233364 27.7429611558682 -47.1000000500497
    vertex 94.6097567000107 27.9127918741261 -47.1000000500497
  endloop
endfacet
facet normal -3.88535046535119e-010 -2.66779656380346e-010 1.0
  outer loop
    vertex 94.1419500290193 5.49651504071604 -47.100000041136
    vertex 94.6097567000107 27.9127918741261 -47.1000000500497
    vertex 94.2576751719935 28.1829535325425 -47.1000000500498
  endloop
endfacet
facet normal -3.88535046535119e-010 -2.66779656380346e-010 1.0
  outer loop
    vertex 94.1419500290193 5.49651504071604 -47.100000041136
    vertex 94.2576751719935 28.1829535325425 -47.1000000500498
    vertex 93.9875135135771 28.5350350605596 -47.1000000500499
  endloop
endfacet
facet normal -3.88535046535119e-010 -2.66779656380346e-010 1.0
  outer loop
    vertex 94.1419500290193 5.49651504071604 -47.100000041136
    vertex 93.9875135135771 28.5350350605596 -47.1000000500499
    vertex 92.5029503325328 3.20929361318398 -47.1000000411358
  endloop
endfacet
facet normal -3.88535046535119e-010 -2.66779656380346e-010 1.0
  outer loop
    vertex 92.5029503325328 3.20929361318398 -47.1000000411358
    vertex 93.9875135135771 28.5350350605596 -47.1000000500499
    vertex 93.8176827953192 28.9450426838853 -47.10000005005
  endloop
endfacet
facet normal -3.88535046535119e-010 -2.66779656380346e-010 1.0
  outer loop
    vertex 92.5029503325328 3.20929361318398 -47.1000000411358
    vertex 93.8176827953192 28.9450426838853 -47.10000005005
    vertex 93.7597567000107 29.3850350605596 -47.10000005005
  endloop
endfacet
facet normal -3.88535046535119e-010 -2.66779656380346e-010 1.0
  outer loop
    vertex 92.5029503325328 3.20929361318398 -47.1000000411358
    vertex 93.7597567000107 29.3850350605596 -47.10000005005
    vertex 92.502950332535 55.5627765079348 -47.1000000411436
  endloop
endfacet
facet normal -3.88535046535119e-010 -2.66779656380346e-010 1.0
  outer loop
    vertex 92.5029503325328 3.20929361318398 -47.1000000411358
    vertex 92.502950332535 55.5627765079348 -47.1000000411436
    vertex 90.717868421608 57.7379051098628 -47.1000000411441
  endloop
endfacet
facet normal -3.88535046535119e-010 -2.66779656380346e-010 1.0
  outer loop
    vertex 92.5029503325328 3.20929361318398 -47.1000000411358
    vertex 90.717868421608 57.7379051098628 -47.1000000411441
    vertex 90.7178684216056 1.03416501125605 -47.1000000411357
  endloop
endfacet
facet normal -3.88535046535119e-010 -2.66779656380346e-010 1.0
  outer loop
    vertex 90.7178684216056 1.03416501125605 -47.1000000411357
    vertex 90.717868421608 57.7379051098628 -47.1000000411441
    vertex 88.7943482910336 59.7916266515816 -47.1000000411445
  endloop
endfacet
facet normal -3.88535046535119e-010 -2.66779656380346e-010 1.0
  outer loop
    vertex 90.7178684216056 1.03416501125605 -47.1000000411357
    vertex 88.7943482910336 59.7916266515816 -47.1000000411445
    vertex 88.794348291031 -1.01955653046251 -47.1000000411355
  endloop
endfacet
facet normal -3.88535046535119e-010 -2.66779656380346e-010 1.0
  outer loop
    vertex 88.794348291031 -1.01955653046251 -47.1000000411355
    vertex 88.7943482910336 59.7916266515816 -47.1000000411445
    vertex 86.740626749315 61.7151467821562 -47.100000041145
  endloop
endfacet
facet normal -3.88535046535119e-010 -2.66779656380346e-010 1.0
  outer loop
    vertex 88.794348291031 -1.01955653046251 -47.1000000411355
    vertex 86.740626749315 61.7151467821562 -47.100000041145
    vertex 86.7406267493123 -2.94307666103691 -47.1000000411354
  endloop
endfacet
facet normal -3.88535046535119e-010 -2.66779656380346e-010 1.0
  outer loop
    vertex 86.7406267493123 -2.94307666103691 -47.1000000411354
    vertex 86.740626749315 61.7151467821562 -47.100000041145
    vertex 84.565498147387 63.5002286930834 -47.1000000411455
  endloop
endfacet
facet normal -3.88535046535119e-010 -2.66779656380346e-010 1.0
  outer loop
    vertex 86.7406267493123 -2.94307666103691 -47.1000000411354
    vertex 84.565498147387 63.5002286930834 -47.1000000411455
    vertex 84.5654981473843 -4.7281585719639 -47.1000000411353
  endloop
endfacet
facet normal -3.88535046535119e-010 -2.66779656380346e-010 1.0
  outer loop
    vertex 84.5654981473843 -4.7281585719639 -47.1000000411353
    vertex 84.565498147387 63.5002286930834 -47.1000000411455
    vertex 84.1387566999883 59.186035121262 -47.1000000293992
  endloop
endfacet
facet normal -3.88535046535119e-010 -2.66779656380346e-010 1.0
  outer loop
    vertex 84.1387566999883 59.186035121262 -47.1000000293992
    vertex 84.565498147387 63.5002286930834 -47.1000000411455
    vertex 82.278276719855 65.1392283895699 -47.1000000411459
  endloop
endfacet
facet normal -3.88535046535119e-010 -2.66779656380346e-010 1.0
  outer loop
    vertex 84.5654981473843 -4.7281585719639 -47.1000000411353
    vertex 84.1387566999883 59.186035121262 -47.1000000293992
    vertex 84.1387566999881 4.58603512126211 -47.1000000293991
  endloop
endfacet
facet normal -3.88535046535119e-010 -2.66779656380346e-010 1.0
  outer loop
    vertex 84.1387566999883 59.186035121262 -47.1000000293992
    vertex 82.278276719855 65.1392283895699 -47.1000000411459
    vertex 32.8887567000106 59.1860349999978 -47.1000000294052
  endloop
endfacet
facet normal -3.88535046535119e-010 -2.66779656380346e-010 1.0
  outer loop
    vertex 32.8887567000106 59.1860349999978 -47.1000000294052
    vertex 82.278276719855 65.1392283895699 -47.1000000411459
    vertex 79.8887567000121 66.6251274232914 -47.1000000411463
  endloop
endfacet
facet normal -3.88535046535119e-010 -2.66779656380346e-010 1.0
  outer loop
    vertex 32.8887567000106 59.1860349999978 -47.1000000294052
    vertex 79.8887567000121 66.6251274232914 -47.1000000411463
    vertex 77.4071703794292 67.9515629464663 -47.1000000411467
  endloop
endfacet
facet normal -3.88535046535119e-010 -2.66779656380346e-010 1.0
  outer loop
    vertex 32.8887567000106 59.1860349999978 -47.1000000294052
    vertex 77.4071703794292 67.9515629464663 -47.1000000411467
    vertex 58.8287490328767 64.8139611112971 -47.1000000457676
  endloop
endfacet
facet normal -3.88535046535119e-010 -2.66779656380346e-010 1.0
  outer loop
    vertex 58.8287490328767 64.8139611112971 -47.1000000457676
    vertex 77.4071703794292 67.9515629464663 -47.1000000411467
    vertex 74.844144291711 69.1128549585461 -47.1000000411471
  endloop
endfacet
facet normal -3.88535046535119e-010 -2.66779656380346e-010 1.0
  outer loop
    vertex 58.8287490328767 64.8139611112971 -47.1000000457676
    vertex 74.844144291711 69.1128549585461 -47.1000000411471
    vertex 72.2106537080481 70.1040306288505 -47.1000000411475
  endloop
endfacet
facet normal -3.88535046535119e-010 -2.66779656380346e-010 1.0
  outer loop
    vertex 58.8287490328767 64.8139611112971 -47.1000000457676
    vertex 72.2106537080481 70.1040306288505 -47.1000000411475
    vertex 59.2387566562024 64.9837918295549 -47.1000000457676
  endloop
endfacet
facet normal -3.88535046535119e-010 -2.66779656380346e-010 1.0
  outer loop
    vertex 59.2387566562024 64.9837918295549 -47.1000000457676
    vertex 72.2106537080481 70.1040306288505 -47.1000000411475
    vertex 69.5179756394205 70.920845590991 -47.1000000411479
  endloop
endfacet
facet normal -3.88535046535119e-010 -2.66779656380346e-010 1.0
  outer loop
    vertex 59.2387566562024 64.9837918295549 -47.1000000457676
    vertex 69.5179756394205 70.920845590991 -47.1000000411479
    vertex 59.5908381842196 65.2539534879713 -47.1000000457676
  endloop
endfacet
facet normal -3.88535046535119e-010 -2.66779656380346e-010 1.0
  outer loop
    vertex 59.5908381842196 65.2539534879713 -47.1000000457676
    vertex 69.5179756394205 70.920845590991 -47.1000000411479
    vertex 66.7776405467056 71.5598021179001 -47.1000000411482
  endloop
endfacet
facet normal -3.88535046535119e-010 -2.66779656380346e-010 1.0
  outer loop
    vertex 59.5908381842196 65.2539534879713 -47.1000000457676
    vertex 66.7776405467056 71.5598021179001 -47.1000000411482
    vertex 59.860999842636 65.6060350159885 -47.1000000457677
  endloop
endfacet
facet normal -3.88535046535119e-010 -2.66779656380346e-010 1.0
  outer loop
    vertex 59.860999842636 65.6060350159885 -47.1000000457677
    vertex 66.7776405467056 71.5598021179001 -47.1000000411482
    vertex 64.0013829654743 72.0181640996352 -47.1000000411485
  endloop
endfacet
facet normal -3.88535046535119e-010 -2.66779656380346e-010 1.0
  outer loop
    vertex 59.860999842636 65.6060350159885 -47.1000000457677
    vertex 64.0013829654743 72.0181640996352 -47.1000000411485
    vertex 60.0308305608938 66.0160426393142 -47.1000000457677
  endloop
endfacet
facet normal -3.88535046535119e-010 -2.66779656380346e-010 1.0
  outer loop
    vertex 60.0308305608938 66.0160426393142 -47.1000000457677
    vertex 64.0013829654743 72.0181640996352 -47.1000000411485
    vertex 61.2010912569082 72.2939687598214 -47.1000000411488
  endloop
endfacet
facet normal -3.88535046535119e-010 -2.66779656380346e-010 1.0
  outer loop
    vertex 60.0308305608938 66.0160426393142 -47.1000000457677
    vertex 61.2010912569082 72.2939687598214 -47.1000000411488
    vertex 60.0887566562024 66.4560350159885 -47.1000000457678
  endloop
endfacet
facet normal -3.88535046535119e-010 -2.66779656380346e-010 1.0
  outer loop
    vertex 32.8887567000106 59.1860349999978 -47.1000000294052
    vertex 58.8287490328767 64.8139611112971 -47.1000000457676
    vertex 58.3887566562024 64.7560350159885 -47.1000000457677
  endloop
endfacet
facet normal -3.88535046535119e-010 -2.66779656380346e-010 1.0
  outer loop
    vertex 32.8887567000106 59.1860349999978 -47.1000000294052
    vertex 58.3887566562024 64.7560350159885 -47.1000000457677
    vertex 57.9487642795281 64.8139611112971 -47.1000000457677
  endloop
endfacet
facet normal -3.88535046535119e-010 -2.66779656380346e-010 1.0
  outer loop
    vertex 32.8887567000106 59.1860349999978 -47.1000000294052
    vertex 57.9487642795281 64.8139611112971 -47.1000000457677
    vertex 57.5387566562024 64.9837918295549 -47.1000000457678
  endloop
endfacet
facet normal -3.88535046535119e-010 -2.66779656380346e-010 1.0
  outer loop
    vertex 32.8887567000106 59.1860349999978 -47.1000000294052
    vertex 57.5387566562024 64.9837918295549 -47.1000000457678
    vertex 57.1866751281853 65.2539534879714 -47.1000000457678
  endloop
endfacet
facet normal -3.88535046535119e-010 -2.66779656380346e-010 1.0
  outer loop
    vertex 32.8887567000106 59.1860349999978 -47.1000000294052
    vertex 57.1866751281853 65.2539534879714 -47.1000000457678
    vertex 56.9165134697689 65.6060350159885 -47.1000000457679
  endloop
endfacet
facet normal -3.88535046535119e-010 -2.66779656380346e-010 1.0
  outer loop
    vertex 32.8887567000106 59.1860349999978 -47.1000000294052
    vertex 56.9165134697689 65.6060350159885 -47.1000000457679
    vertex 56.746682751511 66.0160426393143 -47.100000045768
  endloop
endfacet
facet normal -3.88535046535119e-010 -2.66779656380346e-010 1.0
  outer loop
    vertex 32.8887567000106 59.1860349999978 -47.1000000294052
    vertex 56.746682751511 66.0160426393143 -47.100000045768
    vertex 56.6887566562024 66.4560350159886 -47.1000000457681
  endloop
endfacet
facet normal -3.88535046535119e-010 -2.66779656380346e-010 1.0
  outer loop
    vertex 32.8887567000106 59.1860349999978 -47.1000000294052
    vertex 56.6887566562024 66.4560350159886 -47.1000000457681
    vertex 55.5764221431162 72.2939687598217 -47.1000000411493
  endloop
endfacet
facet normal -3.88535046535119e-010 -2.66779656380346e-010 1.0
  outer loop
    vertex 32.8887567000106 59.1860349999978 -47.1000000294052
    vertex 55.5764221431162 72.2939687598217 -47.1000000411493
    vertex 52.77613043455 72.0181640996357 -47.1000000411495
  endloop
endfacet
facet normal -3.88535046535119e-010 -2.66779656380346e-010 1.0
  outer loop
    vertex 32.8887567000106 59.1860349999978 -47.1000000294052
    vertex 52.77613043455 72.0181640996357 -47.1000000411495
    vertex 49.9998728533186 71.5598021179009 -47.1000000411497
  endloop
endfacet
facet normal -3.88535046535119e-010 -2.66779656380346e-010 1.0
  outer loop
    vertex 32.8887567000106 59.1860349999978 -47.1000000294052
    vertex 49.9998728533186 71.5598021179009 -47.1000000411497
    vertex 47.2595377606037 70.920845590992 -47.1000000411498
  endloop
endfacet
facet normal -3.88535046535119e-010 -2.66779656380346e-010 1.0
  outer loop
    vertex 32.8887567000106 59.1860349999978 -47.1000000294052
    vertex 47.2595377606037 70.920845590992 -47.1000000411498
    vertex 44.566859691976 70.1040306288518 -47.1000000411499
  endloop
endfacet
facet normal -3.88535046535119e-010 -2.66779656380346e-010 1.0
  outer loop
    vertex 32.8887567000106 59.1860349999978 -47.1000000294052
    vertex 44.566859691976 70.1040306288518 -47.1000000411499
    vertex 41.933369108313 69.1128549585476 -47.10000004115
  endloop
endfacet
facet normal -3.88535046535119e-010 -2.66779656380346e-010 1.0
  outer loop
    vertex 32.8887567000106 59.1860349999978 -47.1000000294052
    vertex 41.933369108313 69.1128549585476 -47.10000004115
    vertex 39.3703430205947 67.951562946468 -47.10000004115
  endloop
endfacet
facet normal -3.88535046535119e-010 -2.66779656380346e-010 1.0
  outer loop
    vertex 32.8887567000106 59.1860349999978 -47.1000000294052
    vertex 39.3703430205947 67.951562946468 -47.10000004115
    vertex 36.8887567000116 66.6251274232933 -47.1000000411501
  endloop
endfacet
facet normal -3.88535046535119e-010 -2.66779656380346e-010 1.0
  outer loop
    vertex 32.8887567000106 59.1860349999978 -47.1000000294052
    vertex 36.8887567000116 66.6251274232933 -47.1000000411501
    vertex 34.4992366801686 65.139228389572 -47.10000004115
  endloop
endfacet
facet normal -3.88535046535119e-010 -2.66779656380346e-010 1.0
  outer loop
    vertex 32.8887567000106 59.1860349999978 -47.1000000294052
    vertex 34.4992366801686 65.139228389572 -47.10000004115
    vertex 32.2120152526364 63.5002286930857 -47.10000004115
  endloop
endfacet
facet normal -3.88535046535119e-010 -2.66779656380346e-010 1.0
  outer loop
    vertex 84.1387566999881 4.58603512126211 -47.1000000293991
    vertex 84.1387566999878 3.08603500000319 -47.1000000293991
    vertex 84.1387566999878 1.08603500000319 -47.1000000293991
  endloop
endfacet
facet normal -3.88535046535119e-010 -2.66779656380346e-010 1.0
  outer loop
    vertex 84.1387566999878 3.08603500000319 -47.1000000293991
    vertex 84.1387566999881 4.58603512126211 -47.1000000293991
    vertex 79.1387566999881 4.58603512126212 -47.1000000293991
  endloop
endfacet
facet normal -3.88535046535119e-010 -2.66779656380346e-010 1.0
  outer loop
    vertex 84.1387566999878 3.08603500000319 -47.1000000293991
    vertex 79.1387566999881 4.58603512126212 -47.1000000293991
    vertex 34.88875670001 3.08603499999779 -47.1000000294052
  endloop
endfacet
facet normal -3.88535046535119e-010 -2.66779656380346e-010 1.0
  outer loop
    vertex 34.88875670001 3.08603499999779 -47.1000000294052
    vertex 79.1387566999881 4.58603512126212 -47.1000000293991
    vertex 37.8887566639779 4.58557003746288 -47.1000018400534
  endloop
endfacet
facet normal -3.88535046535119e-010 -2.66779656380346e-010 1.0
  outer loop
    vertex 37.8887566639779 4.58557003746288 -47.1000018400534
    vertex 79.1387566999881 4.58603512126212 -47.1000000293991
    vertex 79.1387566999885 54.186035121262 -47.1000000293994
  endloop
endfacet
facet normal -3.88535046535119e-010 -2.66779656380346e-010 1.0
  outer loop
    vertex 37.8887566639779 4.58557003746288 -47.1000018400534
    vertex 79.1387566999885 54.186035121262 -47.1000000293994
    vertex 37.8887567000107 54.1860349999977 -47.1000000294054
  endloop
endfacet
facet normal -3.88535046535119e-010 -2.66779656380346e-010 1.0
  outer loop
    vertex 34.88875670001 3.08603499999779 -47.1000000294052
    vertex 37.8887566639779 4.58557003746288 -47.1000018400534
    vertex 34.8887567000101 4.58603499999778 -47.1000000294052
  endloop
endfacet
facet normal -3.88535046535119e-010 -2.66779656380346e-010 1.0
  outer loop
    vertex 34.88875670001 1.08603499999777 -47.1000000294052
    vertex 84.1387566999876 -0.413964878737955 -47.1000000293992
    vertex 84.1387566999878 1.08603500000319 -47.1000000293991
  endloop
endfacet
facet normal -3.88535046535119e-010 -2.66779656380346e-010 1.0
  outer loop
    vertex 84.1387566999876 -0.413964878737955 -47.1000000293992
    vertex 34.88875670001 1.08603499999777 -47.1000000294052
    vertex 34.88875670001 -0.413965000002204 -47.1000000294052
  endloop
endfacet
facet normal -3.88535046535119e-010 -2.66779656380346e-010 1.0
  outer loop
    vertex 59.8000196346331 -3.94313935542605 -47.1000000402557
    vertex 60.0889007000102 -7.68596493943995 -47.1000000479732
    vertex 60.2385754023013 -4.13931814342201 -47.1000000396771
  endloop
endfacet
facet normal -3.88535046535119e-010 -2.66779656380346e-010 1.0
  outer loop
    vertex 60.0889007000102 -7.68596493943995 -47.1000000479732
    vertex 59.8000196346331 -3.94313935542605 -47.1000000402557
    vertex 60.0309746047016 -7.24597256276566 -47.1000000479733
  endloop
endfacet
facet normal -3.88535046535119e-010 -2.66779656380346e-010 1.0
  outer loop
    vertex 60.0309746047016 -7.24597256276566 -47.1000000479733
    vertex 59.8000196346331 -3.94313935542605 -47.1000000402557
    vertex 59.8611438864437 -6.83596493943991 -47.1000000479734
  endloop
endfacet
facet normal -3.88535046535119e-010 -2.66779656380346e-010 1.0
  outer loop
    vertex 59.8611438864437 -6.83596493943991 -47.1000000479734
    vertex 59.8000196346331 -3.94313935542605 -47.1000000402557
    vertex 59.5909822280273 -6.48388341142278 -47.1000000479735
  endloop
endfacet
facet normal -3.88535046535119e-010 -2.66779656380346e-010 1.0
  outer loop
    vertex 59.5909822280273 -6.48388341142278 -47.1000000479735
    vertex 59.8000196346331 -3.94313935542605 -47.1000000402557
    vertex 59.341106952482 -3.80095486831351 -47.1000000409456
  endloop
endfacet
facet normal -3.88535046535119e-010 -2.66779656380346e-010 1.0
  outer loop
    vertex 59.5909822280273 -6.48388341142278 -47.1000000479735
    vertex 59.341106952482 -3.80095486831351 -47.1000000409456
    vertex 59.2389007000102 -6.21372175300641 -47.1000000479735
  endloop
endfacet
facet normal -3.88535046535119e-010 -2.66779656380346e-010 1.0
  outer loop
    vertex 59.2389007000102 -6.21372175300641 -47.1000000479735
    vertex 59.341106952482 -3.80095486831351 -47.1000000409456
    vertex 58.8684576668624 -3.71481584685429 -47.1000000417369
  endloop
endfacet
facet normal -3.88535046535119e-010 -2.66779656380346e-010 1.0
  outer loop
    vertex 59.2389007000102 -6.21372175300641 -47.1000000479735
    vertex 58.8684576668624 -3.71481584685429 -47.1000000417369
    vertex 58.8288930766845 -6.04389103474845 -47.1000000479736
  endloop
endfacet
facet normal -3.88535046535119e-010 -2.66779656380346e-010 1.0
  outer loop
    vertex 58.8288930766845 -6.04389103474845 -47.1000000479736
    vertex 58.8684576668624 -3.71481584685429 -47.1000000417369
    vertex 58.388890254128 -3.68596493945354 -47.1000000426182
  endloop
endfacet
facet normal -3.88535046535119e-010 -2.66779656380346e-010 1.0
  outer loop
    vertex 58.8288930766845 -6.04389103474845 -47.1000000479736
    vertex 58.388890254128 -3.68596493945354 -47.1000000426182
    vertex 58.3889007000102 -5.98596493943993 -47.1000000479736
  endloop
endfacet
facet normal -3.88535046535119e-010 -2.66779656380346e-010 1.0
  outer loop
    vertex 58.3889007000102 -5.98596493943993 -47.1000000479736
    vertex 58.388890254128 -3.68596493945354 -47.1000000426182
    vertex 57.9489083233359 -6.04389103474847 -47.1000000479737
  endloop
endfacet
facet normal -3.88535046535119e-010 -2.66779656380346e-010 1.0
  outer loop
    vertex 57.9489083233359 -6.04389103474847 -47.1000000479737
    vertex 58.388890254128 -3.68596493945354 -47.1000000426182
    vertex 57.9093229920868 -3.71481835160625 -47.1000000435767
  endloop
endfacet
facet normal -3.88535046535119e-010 -2.66779656380346e-010 1.0
  outer loop
    vertex 57.9489083233359 -6.04389103474847 -47.1000000479737
    vertex 57.9093229920868 -3.71481835160625 -47.1000000435767
    vertex 57.5389007000102 -6.21372175300638 -47.1000000479737
  endloop
endfacet
facet normal -3.88535046535119e-010 -2.66779656380346e-010 1.0
  outer loop
    vertex 57.5389007000102 -6.21372175300638 -47.1000000479737
    vertex 57.9093229920868 -3.71481835160625 -47.1000000435767
    vertex 57.4366741563727 -3.80095984168363 -47.1000000445987
  endloop
endfacet
facet normal -3.88535046535119e-010 -2.66779656380346e-010 1.0
  outer loop
    vertex 57.5389007000102 -6.21372175300638 -47.1000000479737
    vertex 57.4366741563727 -3.80095984168363 -47.1000000445987
    vertex 57.186819171993 -6.48388341142276 -47.1000000479737
  endloop
endfacet
facet normal -3.88535046535119e-010 -2.66779656380346e-010 1.0
  outer loop
    vertex 57.186819171993 -6.48388341142276 -47.1000000479737
    vertex 57.4366741563727 -3.80095984168363 -47.1000000445987
    vertex 56.977762216849 -3.94314672566815 -47.1000000456693
  endloop
endfacet
facet normal -3.88535046535119e-010 -2.66779656380346e-010 1.0
  outer loop
    vertex 57.186819171993 -6.48388341142276 -47.1000000479737
    vertex 56.977762216849 -3.94314672566815 -47.1000000456693
    vertex 56.9166575135766 -6.83596493943988 -47.1000000479736
  endloop
endfacet
facet normal -3.88535046535119e-010 -2.66779656380346e-010 1.0
  outer loop
    vertex 56.9166575135766 -6.83596493943988 -47.1000000479736
    vertex 56.977762216849 -3.94314672566815 -47.1000000456693
    vertex 56.539207473817 -4.13932780421234 -47.1000000467732
  endloop
endfacet
facet normal -3.88535046535119e-010 -2.66779656380346e-010 1.0
  outer loop
    vertex 56.9166575135766 -6.83596493943988 -47.1000000479736
    vertex 56.539207473817 -4.13932780421234 -47.1000000467732
    vertex 56.7468267953187 -7.24597256276558 -47.1000000479736
  endloop
endfacet
facet normal -3.88535046535119e-010 -2.66779656380346e-010 1.0
  outer loop
    vertex 56.7468267953187 -7.24597256276558 -47.1000000479736
    vertex 56.539207473817 -4.13932780421234 -47.1000000467732
    vertex 56.6889007000102 -7.6859649394399 -47.1000000479735
  endloop
endfacet
facet normal -3.88535046535119e-010 -2.66779656380346e-010 1.0
  outer loop
    vertex 79.1386152744553 -1.41399709704256 -47.1000000293991
    vertex 81.1387566999878 -3.41399709704265 -47.1000000293992
    vertex 81.1387566999881 -1.41399709704266 -47.1000000293991
  endloop
endfacet
facet normal -3.88535046535119e-010 -2.66779656380346e-010 1.0
  outer loop
    vertex 81.1387566999878 -3.41399709704265 -47.1000000293992
    vertex 79.1386152744553 -1.41399709704256 -47.1000000293991
    vertex 79.8887567000091 -7.85305730217158 -47.1000000411353
  endloop
endfacet
facet normal -3.88535046535119e-010 -2.66779656380346e-010 1.0
  outer loop
    vertex 79.8887567000091 -7.85305730217158 -47.1000000411353
    vertex 79.1386152744553 -1.41399709704256 -47.1000000293991
    vertex 77.407170379426 -9.17949282534619 -47.1000000411353
  endloop
endfacet
facet normal -3.88535046535119e-010 -2.66779656380346e-010 1.0
  outer loop
    vertex 77.407170379426 -9.17949282534619 -47.1000000411353
    vertex 79.1386152744553 -1.41399709704256 -47.1000000293991
    vertex 75.1386113795737 -5.41385814498641 -47.1000000293991
  endloop
endfacet
facet normal -3.88535046535119e-010 -2.66779656380346e-010 1.0
  outer loop
    vertex 77.407170379426 -9.17949282534619 -47.1000000411353
    vertex 75.1386113795737 -5.41385814498641 -47.1000000293991
    vertex 74.8441442917078 -10.3407848374259 -47.1000000411353
  endloop
endfacet
facet normal -3.88535046535119e-010 -2.66779656380346e-010 1.0
  outer loop
    vertex 74.8441442917078 -10.3407848374259 -47.1000000411353
    vertex 75.1386113795737 -5.41385814498641 -47.1000000293991
    vertex 61.6442336161934 -5.41389227390734 -47.1000000386872
  endloop
endfacet
facet normal -3.88535046535119e-010 -2.66779656380346e-010 1.0
  outer loop
    vertex 74.8441442917078 -10.3407848374259 -47.1000000411353
    vertex 61.6442336161934 -5.41389227390734 -47.1000000386872
    vertex 72.2106537080448 -11.33196050773 -47.1000000411354
  endloop
endfacet
facet normal -3.88535046535119e-010 -2.66779656380346e-010 1.0
  outer loop
    vertex 72.2106537080448 -11.33196050773 -47.1000000411354
    vertex 61.6442336161934 -5.41389227390734 -47.1000000386872
    vertex 69.5179756394171 -12.1487754698703 -47.1000000411355
  endloop
endfacet
facet normal -3.88535046535119e-010 -2.66779656380346e-010 1.0
  outer loop
    vertex 69.5179756394171 -12.1487754698703 -47.1000000411355
    vertex 61.6442336161934 -5.41389227390734 -47.1000000386872
    vertex 66.7776405467022 -12.7877319967791 -47.1000000411357
  endloop
endfacet
facet normal -3.88535046535119e-010 -2.66779656380346e-010 1.0
  outer loop
    vertex 66.7776405467022 -12.7877319967791 -47.1000000411357
    vertex 61.6442336161934 -5.41389227390734 -47.1000000386872
    vertex 64.0013829654708 -13.2460939785139 -47.1000000411359
  endloop
endfacet
facet normal -3.88535046535119e-010 -2.66779656380346e-010 1.0
  outer loop
    vertex 64.0013829654708 -13.2460939785139 -47.1000000411359
    vertex 61.6442336161934 -5.41389227390734 -47.1000000386872
    vertex 61.2010912569047 -13.5218986387 -47.100000041136
  endloop
endfacet
facet normal -3.88535046535119e-010 -2.66779656380346e-010 1.0
  outer loop
    vertex 61.2010912569047 -13.5218986387 -47.100000041136
    vertex 61.6442336161934 -5.41389227390734 -47.1000000386872
    vertex 61.3708452239514 -5.019880384116 -47.1000000386841
  endloop
endfacet
facet normal -3.88535046535119e-010 -2.66779656380346e-010 1.0
  outer loop
    vertex 61.2010912569047 -13.5218986387 -47.100000041136
    vertex 61.3708452239514 -5.019880384116 -47.1000000386841
    vertex 61.0296945711259 -4.68160015961076 -47.1000000388856
  endloop
endfacet
facet normal -3.88535046535119e-010 -2.66779656380346e-010 1.0
  outer loop
    vertex 61.2010912569047 -13.5218986387 -47.100000041136
    vertex 61.0296945711259 -4.68160015961076 -47.1000000388856
    vertex 60.0309746047016 -8.12595731611423 -47.1000000479732
  endloop
endfacet
facet normal -3.88535046535119e-010 -2.66779656380346e-010 1.0
  outer loop
    vertex 61.2010912569047 -13.5218986387 -47.100000041136
    vertex 60.0309746047016 -8.12595731611423 -47.1000000479732
    vertex 58.3887567000085 -13.61396493944 -47.1000000411363
  endloop
endfacet
facet normal -3.88535046535119e-010 -2.66779656380346e-010 1.0
  outer loop
    vertex 60.0309746047016 -8.12595731611423 -47.1000000479732
    vertex 61.0296945711259 -4.68160015961076 -47.1000000388856
    vertex 60.6504476149467 -4.38666114143329 -47.1000000392182
  endloop
endfacet
facet normal -3.88535046535119e-010 -2.66779656380346e-010 1.0
  outer loop
    vertex 60.0309746047016 -8.12595731611423 -47.1000000479732
    vertex 60.6504476149467 -4.38666114143329 -47.1000000392182
    vertex 60.0889007000102 -7.68596493943995 -47.1000000479732
  endloop
endfacet
facet normal -3.88535046535119e-010 -2.66779656380346e-010 1.0
  outer loop
    vertex 60.0889007000102 -7.68596493943995 -47.1000000479732
    vertex 60.6504476149467 -4.38666114143329 -47.1000000392182
    vertex 60.2385754023013 -4.13931814342201 -47.1000000396771
  endloop
endfacet
facet normal -3.88535046535119e-010 -2.66779656380346e-010 1.0
  outer loop
    vertex 58.3887567000085 -13.61396493944 -47.1000000411363
    vertex 60.0309746047016 -8.12595731611423 -47.1000000479732
    vertex 59.8611438864437 -8.53596493943991 -47.1000000479731
  endloop
endfacet
facet normal -3.88535046535119e-010 -2.66779656380346e-010 1.0
  outer loop
    vertex 58.3887567000085 -13.61396493944 -47.1000000411363
    vertex 59.8611438864437 -8.53596493943991 -47.1000000479731
    vertex 59.5909822280273 -8.88804646745704 -47.1000000479731
  endloop
endfacet
facet normal -3.88535046535119e-010 -2.66779656380346e-010 1.0
  outer loop
    vertex 58.3887567000085 -13.61396493944 -47.1000000411363
    vertex 59.5909822280273 -8.88804646745704 -47.1000000479731
    vertex 59.2389007000101 -9.15820812587349 -47.1000000479731
  endloop
endfacet
facet normal -3.88535046535119e-010 -2.66779656380346e-010 1.0
  outer loop
    vertex 58.3887567000085 -13.61396493944 -47.1000000411363
    vertex 59.2389007000101 -9.15820812587349 -47.1000000479731
    vertex 58.8288930766844 -9.3280388441313 -47.1000000479731
  endloop
endfacet
facet normal -3.88535046535119e-010 -2.66779656380346e-010 1.0
  outer loop
    vertex 58.3887567000085 -13.61396493944 -47.1000000411363
    vertex 58.8288930766844 -9.3280388441313 -47.1000000479731
    vertex 58.3889007000101 -9.38596493943992 -47.1000000479731
  endloop
endfacet
facet normal -3.88535046535119e-010 -2.66779656380346e-010 1.0
  outer loop
    vertex 58.3887567000085 -13.61396493944 -47.1000000411363
    vertex 58.3889007000101 -9.38596493943992 -47.1000000479731
    vertex 57.9489083233358 -9.3280388441313 -47.1000000479732
  endloop
endfacet
facet normal -3.88535046535119e-010 -2.66779656380346e-010 1.0
  outer loop
    vertex 58.3887567000085 -13.61396493944 -47.1000000411363
    vertex 57.9489083233358 -9.3280388441313 -47.1000000479732
    vertex 55.5764221431123 -13.5218986386998 -47.1000000411365
  endloop
endfacet
facet normal -3.88535046535119e-010 -2.66779656380346e-010 1.0
  outer loop
    vertex 55.5764221431123 -13.5218986386998 -47.1000000411365
    vertex 57.9489083233358 -9.3280388441313 -47.1000000479732
    vertex 57.5389007000101 -9.15820812587347 -47.1000000479732
  endloop
endfacet
facet normal -3.88535046535119e-010 -2.66779656380346e-010 1.0
  outer loop
    vertex 55.5764221431123 -13.5218986386998 -47.1000000411365
    vertex 57.5389007000101 -9.15820812587347 -47.1000000479732
    vertex 57.186819171993 -8.88804646745701 -47.1000000479733
  endloop
endfacet
facet normal -3.88535046535119e-010 -2.66779656380346e-010 1.0
  outer loop
    vertex 55.5764221431123 -13.5218986386998 -47.1000000411365
    vertex 57.186819171993 -8.88804646745701 -47.1000000479733
    vertex 56.9166575135766 -8.53596493943986 -47.1000000479734
  endloop
endfacet
facet normal -3.88535046535119e-010 -2.66779656380346e-010 1.0
  outer loop
    vertex 55.5764221431123 -13.5218986386998 -47.1000000411365
    vertex 56.9166575135766 -8.53596493943986 -47.1000000479734
    vertex 56.7468267953187 -8.12595731611415 -47.1000000479735
  endloop
endfacet
facet normal -3.88535046535119e-010 -2.66779656380346e-010 1.0
  outer loop
    vertex 55.5764221431123 -13.5218986386998 -47.1000000411365
    vertex 56.7468267953187 -8.12595731611415 -47.1000000479735
    vertex 56.6889007000102 -7.6859649394399 -47.1000000479735
  endloop
endfacet
facet normal -3.88535046535119e-010 -2.66779656380346e-010 1.0
  outer loop
    vertex 55.5764221431123 -13.5218986386998 -47.1000000411365
    vertex 56.6889007000102 -7.6859649394399 -47.1000000479735
    vertex 56.539207473817 -4.13932780421234 -47.1000000467732
  endloop
endfacet
facet normal -3.88535046535119e-010 -2.66779656380346e-010 1.0
  outer loop
    vertex 55.5764221431123 -13.5218986386998 -47.1000000411365
    vertex 56.539207473817 -4.13932780421234 -47.1000000467732
    vertex 56.1273365530351 -4.38667295340455 -47.1000000478944
  endloop
endfacet
facet normal -3.88535046535119e-010 -2.66779656380346e-010 1.0
  outer loop
    vertex 55.5764221431123 -13.5218986386998 -47.1000000411365
    vertex 56.1273365530351 -4.38667295340455 -47.1000000478944
    vertex 55.7480911373103 -4.68161395236252 -47.1000000490167
  endloop
endfacet
facet normal -3.88535046535119e-010 -2.66779656380346e-010 1.0
  outer loop
    vertex 55.5764221431123 -13.5218986386998 -47.1000000411365
    vertex 55.7480911373103 -4.68161395236252 -47.1000000490167
    vertex 55.406942251307 -5.01989595867283 -47.100000050124
  endloop
endfacet
facet normal -3.88535046535119e-010 -2.66779656380346e-010 1.0
  outer loop
    vertex 55.5764221431123 -13.5218986386998 -47.1000000411365
    vertex 55.406942251307 -5.01989595867283 -47.100000050124
    vertex 52.7761304345462 -13.2460939785135 -47.1000000411368
  endloop
endfacet
facet normal -3.88535046535119e-010 -2.66779656380346e-010 1.0
  outer loop
    vertex 52.7761304345462 -13.2460939785135 -47.1000000411368
    vertex 55.406942251307 -5.01989595867283 -47.100000050124
    vertex 55.1335551487929 -5.41390874020417 -47.1000000386877
  endloop
endfacet
facet normal -3.88535046535119e-010 -2.66779656380346e-010 1.0
  outer loop
    vertex 52.7761304345462 -13.2460939785135 -47.1000000411368
    vertex 55.1335551487929 -5.41390874020417 -47.1000000386877
    vertex 33.1690560252943 -5.4139642910911 -47.1000000353309
  endloop
endfacet
facet normal -3.88535046535119e-010 -2.66779656380346e-010 1.0
  outer loop
    vertex 52.7761304345462 -13.2460939785135 -47.1000000411368
    vertex 33.1690560252943 -5.4139642910911 -47.1000000353309
    vertex 49.9998728533148 -12.7877319967785 -47.1000000411371
  endloop
endfacet
facet normal -3.88535046535119e-010 -2.66779656380346e-010 1.0
  outer loop
    vertex 49.9998728533148 -12.7877319967785 -47.1000000411371
    vertex 33.1690560252943 -5.4139642910911 -47.1000000353309
    vertex 47.2595377606 -12.1487754698694 -47.1000000411375
  endloop
endfacet
facet normal -3.88535046535119e-010 -2.66779656380346e-010 1.0
  outer loop
    vertex 47.2595377606 -12.1487754698694 -47.1000000411375
    vertex 33.1690560252943 -5.4139642910911 -47.1000000353309
    vertex 44.5668596919724 -11.3319605077289 -47.1000000411378
  endloop
endfacet
facet normal -3.88535046535119e-010 -2.66779656380346e-010 1.0
  outer loop
    vertex 44.5668596919724 -11.3319605077289 -47.1000000411378
    vertex 33.1690560252943 -5.4139642910911 -47.1000000353309
    vertex 41.9333691083095 -10.3407848374246 -47.1000000411382
  endloop
endfacet
facet normal -3.88535046535119e-010 -2.66779656380346e-010 1.0
  outer loop
    vertex 41.9333691083095 -10.3407848374246 -47.1000000411382
    vertex 33.1690560252943 -5.4139642910911 -47.1000000353309
    vertex 39.3703430205913 -9.17949282534473 -47.1000000411386
  endloop
endfacet
facet normal -3.88535046535119e-010 -2.66779656380346e-010 1.0
  outer loop
    vertex 39.3703430205913 -9.17949282534473 -47.1000000411386
    vertex 33.1690560252943 -5.4139642910911 -47.1000000353309
    vertex 36.8887567000084 -7.85305730216989 -47.100000041139
  endloop
endfacet
facet normal -3.88535046535119e-010 -2.66779656380346e-010 1.0
  outer loop
    vertex 36.8887567000084 -7.85305730216989 -47.100000041139
    vertex 33.1690560252943 -5.4139642910911 -47.1000000353309
    vertex 34.4992366801655 -6.36715826844833 -47.1000000411394
  endloop
endfacet
facet normal -3.88535046535119e-010 -2.66779656380346e-010 1.0
  outer loop
    vertex 84.5654981473843 -4.7281585719639 -47.1000000411353
    vertex 84.1387566999876 -0.413964878737955 -47.1000000293992
    vertex 82.278276719852 -6.3671582684502 -47.1000000411353
  endloop
endfacet
facet normal -3.88535046535119e-010 -2.66779656380346e-010 1.0
  outer loop
    vertex 84.1387566999876 -0.413964878737955 -47.1000000293992
    vertex 84.5654981473843 -4.7281585719639 -47.1000000411353
    vertex 84.1387566999878 1.08603500000319 -47.1000000293991
  endloop
endfacet
facet normal -3.88535046535119e-010 -2.66779656380346e-010 1.0
  outer loop
    vertex 84.1387566999878 1.08603500000319 -47.1000000293991
    vertex 84.5654981473843 -4.7281585719639 -47.1000000411353
    vertex 84.1387566999881 4.58603512126211 -47.1000000293991
  endloop
endfacet
facet normal -3.88535046535119e-010 -2.66779656380346e-010 1.0
  outer loop
    vertex 82.278276719852 -6.3671582684502 -47.1000000411353
    vertex 84.1387566999876 -0.413964878737955 -47.1000000293992
    vertex 81.1387566999878 -3.41399709704265 -47.1000000293992
  endloop
endfacet
facet normal -3.88535046535119e-010 -2.66779656380346e-010 1.0
  outer loop
    vertex 82.278276719852 -6.3671582684502 -47.1000000411353
    vertex 81.1387566999878 -3.41399709704265 -47.1000000293992
    vertex 79.8887567000091 -7.85305730217158 -47.1000000411353
  endloop
endfacet
facet normal 8.67695023189198e-014 -1.4845740747111e-013 -1.0
  outer loop
    vertex 22.6355633709994 5.4965150407186 -49.1000000262586
    vertex 23.0177567000109 29.3850350605602 -49.1000000262345
    vertex 24.2745630674856 3.20929361318639 -49.1000000262581
  endloop
endfacet
facet normal 8.67695023189198e-014 -1.4845740747111e-013 -1.0
  outer loop
    vertex 23.0177567000109 29.3850350605602 -49.1000000262345
    vertex 22.6355633709994 5.4965150407186 -49.1000000262586
    vertex 22.9598306047022 28.9450426838859 -49.1000000262344
  endloop
endfacet
facet normal 8.67695023189198e-014 -1.4845740747111e-013 -1.0
  outer loop
    vertex 22.9598306047022 28.9450426838859 -49.1000000262344
    vertex 22.6355633709994 5.4965150407186 -49.1000000262586
    vertex 22.7899998864444 28.5350350605602 -49.1000000262343
  endloop
endfacet
facet normal 8.67695023189198e-014 -1.4845740747111e-013 -1.0
  outer loop
    vertex 22.7899998864444 28.5350350605602 -49.1000000262343
    vertex 22.6355633709994 5.4965150407186 -49.1000000262586
    vertex 22.519838228028 28.182953532543 -49.1000000262343
  endloop
endfacet
facet normal 8.67695023189198e-014 -1.4845740747111e-013 -1.0
  outer loop
    vertex 22.519838228028 28.182953532543 -49.1000000262343
    vertex 22.6355633709994 5.4965150407186 -49.1000000262586
    vertex 21.149664337278 7.88603506056162 -49.1000000262591
  endloop
endfacet
facet normal 8.67695023189198e-014 -1.4845740747111e-013 -1.0
  outer loop
    vertex 22.519838228028 28.182953532543 -49.1000000262343
    vertex 21.149664337278 7.88603506056162 -49.1000000262591
    vertex 22.1677567000109 27.9127918741266 -49.1000000262343
  endloop
endfacet
facet normal 8.67695023189198e-014 -1.4845740747111e-013 -1.0
  outer loop
    vertex 22.1677567000109 27.9127918741266 -49.1000000262343
    vertex 21.149664337278 7.88603506056162 -49.1000000262591
    vertex 21.7577490766851 27.7429611558688 -49.1000000262343
  endloop
endfacet
facet normal 8.67695023189198e-014 -1.4845740747111e-013 -1.0
  outer loop
    vertex 21.7577490766851 27.7429611558688 -49.1000000262343
    vertex 21.149664337278 7.88603506056162 -49.1000000262591
    vertex 21.3177567000108 27.6850350605602 -49.1000000262343
  endloop
endfacet
facet normal 8.67695023189198e-014 -1.4845740747111e-013 -1.0
  outer loop
    vertex 21.3177567000108 27.6850350605602 -49.1000000262343
    vertex 21.149664337278 7.88603506056162 -49.1000000262591
    vertex 20.8777643233366 27.7429611558688 -49.1000000262344
  endloop
endfacet
facet normal 8.67695023189198e-014 -1.4845740747111e-013 -1.0
  outer loop
    vertex 20.8777643233366 27.7429611558688 -49.1000000262344
    vertex 21.149664337278 7.88603506056162 -49.1000000262591
    vertex 19.8232288141033 10.3676213811447 -49.1000000262596
  endloop
endfacet
facet normal 8.67695023189198e-014 -1.4845740747111e-013 -1.0
  outer loop
    vertex 20.8777643233366 27.7429611558688 -49.1000000262344
    vertex 19.8232288141033 10.3676213811447 -49.1000000262596
    vertex 20.4677567000109 27.9127918741267 -49.1000000262345
  endloop
endfacet
facet normal 8.67695023189198e-014 -1.4845740747111e-013 -1.0
  outer loop
    vertex 20.4677567000109 27.9127918741267 -49.1000000262345
    vertex 19.8232288141033 10.3676213811447 -49.1000000262596
    vertex 20.1156751719938 28.1829535325431 -49.1000000262345
  endloop
endfacet
facet normal 8.67695023189198e-014 -1.4845740747111e-013 -1.0
  outer loop
    vertex 20.1156751719938 28.1829535325431 -49.1000000262345
    vertex 19.8232288141033 10.3676213811447 -49.1000000262596
    vertex 19.8455135135773 28.5350350605602 -49.1000000262346
  endloop
endfacet
facet normal 8.67695023189198e-014 -1.4845740747111e-013 -1.0
  outer loop
    vertex 19.8455135135773 28.5350350605602 -49.1000000262346
    vertex 19.8232288141033 10.3676213811447 -49.1000000262596
    vertex 19.6756827953194 28.945042683886 -49.1000000262347
  endloop
endfacet
facet normal 8.67695023189198e-014 -1.4845740747111e-013 -1.0
  outer loop
    vertex 19.6756827953194 28.945042683886 -49.1000000262347
    vertex 19.8232288141033 10.3676213811447 -49.1000000262596
    vertex 18.6619368020237 12.930647468863 -49.1000000262601
  endloop
endfacet
facet normal 8.67695023189198e-014 -1.4845740747111e-013 -1.0
  outer loop
    vertex 19.6756827953194 28.945042683886 -49.1000000262347
    vertex 18.6619368020237 12.930647468863 -49.1000000262601
    vertex 19.6177567000109 29.3850350605602 -49.1000000262347
  endloop
endfacet
facet normal 8.67695023189198e-014 -1.4845740747111e-013 -1.0
  outer loop
    vertex 19.6177567000109 29.3850350605602 -49.1000000262347
    vertex 18.6619368020237 12.930647468863 -49.1000000262601
    vertex 18.6619368020251 45.8414226522614 -49.1000000262649
  endloop
endfacet
facet normal 8.67695023189198e-014 -1.4845740747111e-013 -1.0
  outer loop
    vertex 18.6619368020251 45.8414226522614 -49.1000000262649
    vertex 18.6619368020237 12.930647468863 -49.1000000262601
    vertex 17.6707611317208 43.2079320685985 -49.1000000262646
  endloop
endfacet
facet normal 8.67695023189198e-014 -1.4845740747111e-013 -1.0
  outer loop
    vertex 17.6707611317208 43.2079320685985 -49.1000000262646
    vertex 18.6619368020237 12.930647468863 -49.1000000262601
    vertex 17.6707611317196 15.564138052526 -49.1000000262605
  endloop
endfacet
facet normal 8.67695023189198e-014 -1.4845740747111e-013 -1.0
  outer loop
    vertex 17.6707611317208 43.2079320685985 -49.1000000262646
    vertex 17.6707611317196 15.564138052526 -49.1000000262605
    vertex 16.8539461695802 40.5152539999709 -49.1000000262643
  endloop
endfacet
facet normal 8.67695023189198e-014 -1.4845740747111e-013 -1.0
  outer loop
    vertex 16.8539461695802 40.5152539999709 -49.1000000262643
    vertex 17.6707611317196 15.564138052526 -49.1000000262605
    vertex 16.8539461695792 18.2568161211536 -49.100000026261
  endloop
endfacet
facet normal 8.67695023189198e-014 -1.4845740747111e-013 -1.0
  outer loop
    vertex 16.8539461695802 40.5152539999709 -49.1000000262643
    vertex 16.8539461695792 18.2568161211536 -49.100000026261
    vertex 16.2149896426711 37.774918907256 -49.100000026264
  endloop
endfacet
facet normal 8.67695023189198e-014 -1.4845740747111e-013 -1.0
  outer loop
    vertex 16.2149896426711 37.774918907256 -49.100000026264
    vertex 16.8539461695792 18.2568161211536 -49.100000026261
    vertex 16.2149896426704 20.9971512138686 -49.1000000262615
  endloop
endfacet
facet normal 8.67695023189198e-014 -1.4845740747111e-013 -1.0
  outer loop
    vertex 16.2149896426711 37.774918907256 -49.100000026264
    vertex 16.2149896426704 20.9971512138686 -49.1000000262615
    vertex 15.756627660936 34.9986613260247 -49.1000000262636
  endloop
endfacet
facet normal 8.67695023189198e-014 -1.4845740747111e-013 -1.0
  outer loop
    vertex 15.756627660936 34.9986613260247 -49.1000000262636
    vertex 16.2149896426704 20.9971512138686 -49.1000000262615
    vertex 15.7566276609355 23.7734087951 -49.1000000262619
  endloop
endfacet
facet normal 8.67695023189198e-014 -1.4845740747111e-013 -1.0
  outer loop
    vertex 15.756627660936 34.9986613260247 -49.1000000262636
    vertex 15.7566276609355 23.7734087951 -49.1000000262619
    vertex 15.4808230007498 32.1983696174586 -49.1000000262632
  endloop
endfacet
facet normal 8.67695023189198e-014 -1.4845740747111e-013 -1.0
  outer loop
    vertex 15.4808230007498 32.1983696174586 -49.1000000262632
    vertex 15.7566276609355 23.7734087951 -49.1000000262619
    vertex 15.4808230007496 26.5737005036661 -49.1000000262624
  endloop
endfacet
facet normal 8.67695023189198e-014 -1.4845740747111e-013 -1.0
  outer loop
    vertex 15.4808230007498 32.1983696174586 -49.1000000262632
    vertex 15.4808230007496 26.5737005036661 -49.1000000262624
    vertex 15.3887567000096 29.3860350605624 -49.1000000262628
  endloop
endfacet
facet normal 8.67695023189198e-014 -1.4845740747111e-013 -1.0
  outer loop
    vertex 61.2010912569049 -13.5218986387003 -49.1000000262524
    vertex 60.0309746047017 -8.12595731611453 -49.1000000262447
    vertex 60.0889007000103 -7.68596493944024 -49.1000000262447
  endloop
endfacet
facet normal 8.67695023189198e-014 -1.4845740747111e-013 -1.0
  outer loop
    vertex 60.0309746047017 -8.12595731611453 -49.1000000262447
    vertex 61.2010912569049 -13.5218986387003 -49.1000000262524
    vertex 58.3887567000087 -13.6139649394403 -49.1000000262527
  endloop
endfacet
facet normal 8.67695023189198e-014 -1.4845740747111e-013 -1.0
  outer loop
    vertex 60.0309746047017 -8.12595731611453 -49.1000000262447
    vertex 58.3887567000087 -13.6139649394403 -49.1000000262527
    vertex 59.8611438864438 -8.53596493944022 -49.1000000262446
  endloop
endfacet
facet normal 8.67695023189198e-014 -1.4845740747111e-013 -1.0
  outer loop
    vertex 59.8611438864438 -8.53596493944022 -49.1000000262446
    vertex 58.3887567000087 -13.6139649394403 -49.1000000262527
    vertex 59.5909822280275 -8.88804646745735 -49.1000000262446
  endloop
endfacet
facet normal 8.67695023189198e-014 -1.4845740747111e-013 -1.0
  outer loop
    vertex 59.5909822280275 -8.88804646745735 -49.1000000262446
    vertex 58.3887567000087 -13.6139649394403 -49.1000000262527
    vertex 59.2389007000103 -9.15820812587378 -49.1000000262446
  endloop
endfacet
facet normal 8.67695023189198e-014 -1.4845740747111e-013 -1.0
  outer loop
    vertex 59.2389007000103 -9.15820812587378 -49.1000000262446
    vertex 58.3887567000087 -13.6139649394403 -49.1000000262527
    vertex 58.8288930766846 -9.32803884413159 -49.1000000262446
  endloop
endfacet
facet normal 8.67695023189198e-014 -1.4845740747111e-013 -1.0
  outer loop
    vertex 58.8288930766846 -9.32803884413159 -49.1000000262446
    vertex 58.3887567000087 -13.6139649394403 -49.1000000262527
    vertex 58.3889007000103 -9.38596493944022 -49.1000000262446
  endloop
endfacet
facet normal 8.67695023189198e-014 -1.4845740747111e-013 -1.0
  outer loop
    vertex 58.3889007000103 -9.38596493944022 -49.1000000262446
    vertex 58.3887567000087 -13.6139649394403 -49.1000000262527
    vertex 57.948908323336 -9.32803884413162 -49.1000000262447
  endloop
endfacet
facet normal 8.67695023189198e-014 -1.4845740747111e-013 -1.0
  outer loop
    vertex 57.948908323336 -9.32803884413162 -49.1000000262447
    vertex 58.3887567000087 -13.6139649394403 -49.1000000262527
    vertex 55.5764221431125 -13.5218986387001 -49.1000000262529
  endloop
endfacet
facet normal 8.67695023189198e-014 -1.4845740747111e-013 -1.0
  outer loop
    vertex 57.948908323336 -9.32803884413162 -49.1000000262447
    vertex 55.5764221431125 -13.5218986387001 -49.1000000262529
    vertex 57.5389007000103 -9.15820812587376 -49.1000000262447
  endloop
endfacet
facet normal 8.67695023189198e-014 -1.4845740747111e-013 -1.0
  outer loop
    vertex 57.5389007000103 -9.15820812587376 -49.1000000262447
    vertex 55.5764221431125 -13.5218986387001 -49.1000000262529
    vertex 57.1868191719932 -8.88804646745733 -49.1000000262448
  endloop
endfacet
facet normal 8.67695023189198e-014 -1.4845740747111e-013 -1.0
  outer loop
    vertex 57.1868191719932 -8.88804646745733 -49.1000000262448
    vertex 55.5764221431125 -13.5218986387001 -49.1000000262529
    vertex 56.9166575135768 -8.53596493944016 -49.1000000262449
  endloop
endfacet
facet normal 8.67695023189198e-014 -1.4845740747111e-013 -1.0
  outer loop
    vertex 56.9166575135768 -8.53596493944016 -49.1000000262449
    vertex 55.5764221431125 -13.5218986387001 -49.1000000262529
    vertex 56.7468267953189 -8.12595731611447 -49.100000026245
  endloop
endfacet
facet normal 8.67695023189198e-014 -1.4845740747111e-013 -1.0
  outer loop
    vertex 56.7468267953189 -8.12595731611447 -49.100000026245
    vertex 55.5764221431125 -13.5218986387001 -49.1000000262529
    vertex 56.6889007000103 -7.6859649394402 -49.100000026245
  endloop
endfacet
facet normal 8.67695023189198e-014 -1.4845740747111e-013 -1.0
  outer loop
    vertex 56.6889007000103 -7.6859649394402 -49.100000026245
    vertex 55.5764221431125 -13.5218986387001 -49.1000000262529
    vertex 56.6887566562026 66.4560350159882 -49.1000000262427
  endloop
endfacet
facet normal 8.67695023189198e-014 -1.4845740747111e-013 -1.0
  outer loop
    vertex 56.6887566562026 66.4560350159882 -49.1000000262427
    vertex 55.5764221431125 -13.5218986387001 -49.1000000262529
    vertex 55.5764221431164 72.2939687598213 -49.1000000262657
  endloop
endfacet
facet normal 8.67695023189198e-014 -1.4845740747111e-013 -1.0
  outer loop
    vertex 55.5764221431164 72.2939687598213 -49.1000000262657
    vertex 55.5764221431125 -13.5218986387001 -49.1000000262529
    vertex 52.7761304345502 72.0181640996354 -49.1000000262659
  endloop
endfacet
facet normal 8.67695023189198e-014 -1.4845740747111e-013 -1.0
  outer loop
    vertex 52.7761304345502 72.0181640996354 -49.1000000262659
    vertex 55.5764221431125 -13.5218986387001 -49.1000000262529
    vertex 52.7761304345464 -13.2460939785139 -49.1000000262532
  endloop
endfacet
facet normal 8.67695023189198e-014 -1.4845740747111e-013 -1.0
  outer loop
    vertex 52.7761304345502 72.0181640996354 -49.1000000262659
    vertex 52.7761304345464 -13.2460939785139 -49.1000000262532
    vertex 49.9998728533188 71.5598021179006 -49.100000026266
  endloop
endfacet
facet normal 8.67695023189198e-014 -1.4845740747111e-013 -1.0
  outer loop
    vertex 49.9998728533188 71.5598021179006 -49.100000026266
    vertex 52.7761304345464 -13.2460939785139 -49.1000000262532
    vertex 49.999872853315 -12.7877319967788 -49.1000000262535
  endloop
endfacet
facet normal 8.67695023189198e-014 -1.4845740747111e-013 -1.0
  outer loop
    vertex 49.9998728533188 71.5598021179006 -49.100000026266
    vertex 49.999872853315 -12.7877319967788 -49.1000000262535
    vertex 47.2595377606038 70.9208455909917 -49.1000000262662
  endloop
endfacet
facet normal 8.67695023189198e-014 -1.4845740747111e-013 -1.0
  outer loop
    vertex 47.2595377606038 70.9208455909917 -49.1000000262662
    vertex 49.999872853315 -12.7877319967788 -49.1000000262535
    vertex 47.2595377606001 -12.1487754698697 -49.1000000262539
  endloop
endfacet
facet normal 8.67695023189198e-014 -1.4845740747111e-013 -1.0
  outer loop
    vertex 47.2595377606038 70.9208455909917 -49.1000000262662
    vertex 47.2595377606001 -12.1487754698697 -49.1000000262539
    vertex 44.5668596919762 70.1040306288514 -49.1000000262663
  endloop
endfacet
facet normal 8.67695023189198e-014 -1.4845740747111e-013 -1.0
  outer loop
    vertex 44.5668596919762 70.1040306288514 -49.1000000262663
    vertex 47.2595377606001 -12.1487754698697 -49.1000000262539
    vertex 44.5668596919726 -11.3319605077292 -49.1000000262542
  endloop
endfacet
facet normal 8.67695023189198e-014 -1.4845740747111e-013 -1.0
  outer loop
    vertex 44.5668596919762 70.1040306288514 -49.1000000262663
    vertex 44.5668596919726 -11.3319605077292 -49.1000000262542
    vertex 41.9333691083132 69.1128549585473 -49.1000000262664
  endloop
endfacet
facet normal 8.67695023189198e-014 -1.4845740747111e-013 -1.0
  outer loop
    vertex 41.9333691083132 69.1128549585473 -49.1000000262664
    vertex 44.5668596919726 -11.3319605077292 -49.1000000262542
    vertex 41.9333691083097 -10.3407848374249 -49.1000000262546
  endloop
endfacet
facet normal 8.67695023189198e-014 -1.4845740747111e-013 -1.0
  outer loop
    vertex 41.9333691083132 69.1128549585473 -49.1000000262664
    vertex 41.9333691083097 -10.3407848374249 -49.1000000262546
    vertex 39.3703430205949 67.9515629464677 -49.1000000262664
  endloop
endfacet
facet normal 8.67695023189198e-014 -1.4845740747111e-013 -1.0
  outer loop
    vertex 39.3703430205949 67.9515629464677 -49.1000000262664
    vertex 41.9333691083097 -10.3407848374249 -49.1000000262546
    vertex 39.3703430205915 -9.17949282534503 -49.100000026255
  endloop
endfacet
facet normal 8.67695023189198e-014 -1.4845740747111e-013 -1.0
  outer loop
    vertex 39.3703430205949 67.9515629464677 -49.1000000262664
    vertex 39.3703430205915 -9.17949282534503 -49.100000026255
    vertex 36.8887567000118 66.625127423293 -49.1000000262664
  endloop
endfacet
facet normal 8.67695023189198e-014 -1.4845740747111e-013 -1.0
  outer loop
    vertex 36.8887567000118 66.625127423293 -49.1000000262664
    vertex 39.3703430205915 -9.17949282534503 -49.100000026255
    vertex 36.8887567000085 -7.85305730217018 -49.1000000262554
  endloop
endfacet
facet normal 8.67695023189198e-014 -1.4845740747111e-013 -1.0
  outer loop
    vertex 36.8887567000118 66.625127423293 -49.1000000262664
    vertex 36.8887567000085 -7.85305730217018 -49.1000000262554
    vertex 34.4992366801688 65.1392283895717 -49.1000000262664
  endloop
endfacet
facet normal 8.67695023189198e-014 -1.4845740747111e-013 -1.0
  outer loop
    vertex 34.4992366801688 65.1392283895717 -49.1000000262664
    vertex 36.8887567000085 -7.85305730217018 -49.1000000262554
    vertex 34.4992366801657 -6.36715826844863 -49.1000000262558
  endloop
endfacet
facet normal 8.67695023189198e-014 -1.4845740747111e-013 -1.0
  outer loop
    vertex 34.4992366801688 65.1392283895717 -49.1000000262664
    vertex 34.4992366801657 -6.36715826844863 -49.1000000262558
    vertex 32.2120152526365 63.5002286930855 -49.1000000262664
  endloop
endfacet
facet normal 8.67695023189198e-014 -1.4845740747111e-013 -1.0
  outer loop
    vertex 32.2120152526365 63.5002286930855 -49.1000000262664
    vertex 34.4992366801657 -6.36715826844863 -49.1000000262558
    vertex 32.2120152526336 -4.72815857196219 -49.1000000262563
  endloop
endfacet
facet normal 8.67695023189198e-014 -1.4845740747111e-013 -1.0
  outer loop
    vertex 32.2120152526365 63.5002286930855 -49.1000000262664
    vertex 32.2120152526336 -4.72815857196219 -49.1000000262563
    vertex 30.0368866507084 61.7151467821584 -49.1000000262663
  endloop
endfacet
facet normal 8.67695023189198e-014 -1.4845740747111e-013 -1.0
  outer loop
    vertex 30.0368866507084 61.7151467821584 -49.1000000262663
    vertex 32.2120152526336 -4.72815857196219 -49.1000000262563
    vertex 30.0368866507057 -2.94307666103496 -49.1000000262567
  endloop
endfacet
facet normal 8.67695023189198e-014 -1.4845740747111e-013 -1.0
  outer loop
    vertex 30.0368866507084 61.7151467821584 -49.1000000262663
    vertex 30.0368866507057 -2.94307666103496 -49.1000000262567
    vertex 27.9831651089897 59.791626651584 -49.1000000262662
  endloop
endfacet
facet normal 8.67695023189198e-014 -1.4845740747111e-013 -1.0
  outer loop
    vertex 27.9831651089897 59.791626651584 -49.1000000262662
    vertex 30.0368866507057 -2.94307666103496 -49.1000000262567
    vertex 27.9831651089871 -1.01955653046039 -49.1000000262572
  endloop
endfacet
facet normal 8.67695023189198e-014 -1.4845740747111e-013 -1.0
  outer loop
    vertex 27.9831651089897 59.791626651584 -49.1000000262662
    vertex 27.9831651089871 -1.01955653046039 -49.1000000262572
    vertex 26.0596449784151 57.7379051098654 -49.1000000262661
  endloop
endfacet
facet normal 8.67695023189198e-014 -1.4845740747111e-013 -1.0
  outer loop
    vertex 26.0596449784151 57.7379051098654 -49.1000000262661
    vertex 27.9831651089871 -1.01955653046039 -49.1000000262572
    vertex 26.0596449784126 1.0341650112583 -49.1000000262576
  endloop
endfacet
facet normal 8.67695023189198e-014 -1.4845740747111e-013 -1.0
  outer loop
    vertex 26.0596449784151 57.7379051098654 -49.1000000262661
    vertex 26.0596449784126 1.0341650112583 -49.1000000262576
    vertex 24.2745630674879 55.5627765079375 -49.1000000262659
  endloop
endfacet
facet normal 8.67695023189198e-014 -1.4845740747111e-013 -1.0
  outer loop
    vertex 24.2745630674879 55.5627765079375 -49.1000000262659
    vertex 26.0596449784126 1.0341650112583 -49.1000000262576
    vertex 24.2745630674856 3.20929361318639 -49.1000000262581
  endloop
endfacet
facet normal 8.67695023189198e-014 -1.4845740747111e-013 -1.0
  outer loop
    vertex 24.2745630674879 55.5627765079375 -49.1000000262659
    vertex 24.2745630674856 3.20929361318639 -49.1000000262581
    vertex 22.6355633710013 53.2755550804054 -49.1000000262657
  endloop
endfacet
facet normal 8.67695023189198e-014 -1.4845740747111e-013 -1.0
  outer loop
    vertex 22.6355633710013 53.2755550804054 -49.1000000262657
    vertex 24.2745630674856 3.20929361318639 -49.1000000262581
    vertex 23.0177567000109 29.3850350605602 -49.1000000262345
  endloop
endfacet
facet normal 8.67695023189198e-014 -1.4845740747111e-013 -1.0
  outer loop
    vertex 22.6355633710013 53.2755550804054 -49.1000000262657
    vertex 23.0177567000109 29.3850350605602 -49.1000000262345
    vertex 22.9598306047023 29.8250274372345 -49.1000000262345
  endloop
endfacet
facet normal 8.67695023189198e-014 -1.4845740747111e-013 -1.0
  outer loop
    vertex 22.6355633710013 53.2755550804054 -49.1000000262657
    vertex 22.9598306047023 29.8250274372345 -49.1000000262345
    vertex 22.7899998864444 30.2350350605602 -49.1000000262346
  endloop
endfacet
facet normal 8.67695023189198e-014 -1.4845740747111e-013 -1.0
  outer loop
    vertex 22.6355633710013 53.2755550804054 -49.1000000262657
    vertex 22.7899998864444 30.2350350605602 -49.1000000262346
    vertex 22.519838228028 30.5871165885773 -49.1000000262347
  endloop
endfacet
facet normal 8.67695023189198e-014 -1.4845740747111e-013 -1.0
  outer loop
    vertex 22.6355633710013 53.2755550804054 -49.1000000262657
    vertex 22.519838228028 30.5871165885773 -49.1000000262347
    vertex 21.1496643372798 50.8860350605625 -49.1000000262655
  endloop
endfacet
facet normal 8.67695023189198e-014 -1.4845740747111e-013 -1.0
  outer loop
    vertex 21.1496643372798 50.8860350605625 -49.1000000262655
    vertex 22.519838228028 30.5871165885773 -49.1000000262347
    vertex 22.1677567000109 30.8572782469937 -49.1000000262347
  endloop
endfacet
facet normal 8.67695023189198e-014 -1.4845740747111e-013 -1.0
  outer loop
    vertex 21.1496643372798 50.8860350605625 -49.1000000262655
    vertex 22.1677567000109 30.8572782469937 -49.1000000262347
    vertex 21.7577490766852 31.0271089652516 -49.1000000262348
  endloop
endfacet
facet normal 8.67695023189198e-014 -1.4845740747111e-013 -1.0
  outer loop
    vertex 21.1496643372798 50.8860350605625 -49.1000000262655
    vertex 21.7577490766852 31.0271089652516 -49.1000000262348
    vertex 21.3177567000109 31.0850350605602 -49.1000000262349
  endloop
endfacet
facet normal 8.67695023189198e-014 -1.4845740747111e-013 -1.0
  outer loop
    vertex 21.1496643372798 50.8860350605625 -49.1000000262655
    vertex 21.3177567000109 31.0850350605602 -49.1000000262349
    vertex 20.8777643233366 31.0271089652516 -49.1000000262349
  endloop
endfacet
facet normal 8.67695023189198e-014 -1.4845740747111e-013 -1.0
  outer loop
    vertex 21.1496643372798 50.8860350605625 -49.1000000262655
    vertex 20.8777643233366 31.0271089652516 -49.1000000262349
    vertex 19.823228814105 48.4044487399796 -49.1000000262652
  endloop
endfacet
facet normal 8.67695023189198e-014 -1.4845740747111e-013 -1.0
  outer loop
    vertex 19.823228814105 48.4044487399796 -49.1000000262652
    vertex 20.8777643233366 31.0271089652516 -49.1000000262349
    vertex 20.4677567000109 30.8572782469938 -49.1000000262349
  endloop
endfacet
facet normal 8.67695023189198e-014 -1.4845740747111e-013 -1.0
  outer loop
    vertex 19.823228814105 48.4044487399796 -49.1000000262652
    vertex 20.4677567000109 30.8572782469938 -49.1000000262349
    vertex 20.1156751719938 30.5871165885774 -49.1000000262349
  endloop
endfacet
facet normal 8.67695023189198e-014 -1.4845740747111e-013 -1.0
  outer loop
    vertex 19.823228814105 48.4044487399796 -49.1000000262652
    vertex 20.1156751719938 30.5871165885774 -49.1000000262349
    vertex 19.8455135135774 30.2350350605602 -49.1000000262349
  endloop
endfacet
facet normal 8.67695023189198e-014 -1.4845740747111e-013 -1.0
  outer loop
    vertex 19.823228814105 48.4044487399796 -49.1000000262652
    vertex 19.8455135135774 30.2350350605602 -49.1000000262349
    vertex 19.6756827953195 29.8250274372345 -49.1000000262348
  endloop
endfacet
facet normal 8.67695023189198e-014 -1.4845740747111e-013 -1.0
  outer loop
    vertex 19.823228814105 48.4044487399796 -49.1000000262652
    vertex 19.6756827953195 29.8250274372345 -49.1000000262348
    vertex 18.6619368020251 45.8414226522614 -49.1000000262649
  endloop
endfacet
facet normal 8.67695023189198e-014 -1.4845740747111e-013 -1.0
  outer loop
    vertex 18.6619368020251 45.8414226522614 -49.1000000262649
    vertex 19.6756827953195 29.8250274372345 -49.1000000262348
    vertex 19.6177567000109 29.3850350605602 -49.1000000262347
  endloop
endfacet
facet normal 8.67695023189198e-014 -1.4845740747111e-013 -1.0
  outer loop
    vertex 96.9542845859159 10.3676213811415 -49.1000000262529
    vertex 97.1597567000108 29.3850350605593 -49.1000000262504
    vertex 98.1155765979957 12.9306474688597 -49.1000000262532
  endloop
endfacet
facet normal 8.67695023189198e-014 -1.4845740747111e-013 -1.0
  outer loop
    vertex 97.1597567000108 29.3850350605593 -49.1000000262504
    vertex 96.9542845859159 10.3676213811415 -49.1000000262529
    vertex 97.1018306047022 28.945042683885 -49.1000000262504
  endloop
endfacet
facet normal 8.67695023189198e-014 -1.4845740747111e-013 -1.0
  outer loop
    vertex 97.1018306047022 28.945042683885 -49.1000000262504
    vertex 96.9542845859159 10.3676213811415 -49.1000000262529
    vertex 96.9319998864444 28.5350350605593 -49.1000000262503
  endloop
endfacet
facet normal 8.67695023189198e-014 -1.4845740747111e-013 -1.0
  outer loop
    vertex 96.9319998864444 28.5350350605593 -49.1000000262503
    vertex 96.9542845859159 10.3676213811415 -49.1000000262529
    vertex 95.627849062741 7.88603506055862 -49.1000000262526
  endloop
endfacet
facet normal 8.67695023189198e-014 -1.4845740747111e-013 -1.0
  outer loop
    vertex 96.9319998864444 28.5350350605593 -49.1000000262503
    vertex 95.627849062741 7.88603506055862 -49.1000000262526
    vertex 96.661838228028 28.1829535325422 -49.1000000262503
  endloop
endfacet
facet normal 8.67695023189198e-014 -1.4845740747111e-013 -1.0
  outer loop
    vertex 96.661838228028 28.1829535325422 -49.1000000262503
    vertex 95.627849062741 7.88603506055862 -49.1000000262526
    vertex 96.3097567000109 27.9127918741258 -49.1000000262503
  endloop
endfacet
facet normal 8.67695023189198e-014 -1.4845740747111e-013 -1.0
  outer loop
    vertex 96.3097567000109 27.9127918741258 -49.1000000262503
    vertex 95.627849062741 7.88603506055862 -49.1000000262526
    vertex 95.8997490766851 27.7429611558679 -49.1000000262503
  endloop
endfacet
facet normal 8.67695023189198e-014 -1.4845740747111e-013 -1.0
  outer loop
    vertex 95.8997490766851 27.7429611558679 -49.1000000262503
    vertex 95.627849062741 7.88603506055862 -49.1000000262526
    vertex 95.4597567000108 27.6850350605593 -49.1000000262503
  endloop
endfacet
facet normal 8.67695023189198e-014 -1.4845740747111e-013 -1.0
  outer loop
    vertex 95.4597567000108 27.6850350605593 -49.1000000262503
    vertex 95.627849062741 7.88603506055862 -49.1000000262526
    vertex 94.1419500290195 5.49651504071574 -49.1000000262524
  endloop
endfacet
facet normal 8.67695023189198e-014 -1.4845740747111e-013 -1.0
  outer loop
    vertex 95.4597567000108 27.6850350605593 -49.1000000262503
    vertex 94.1419500290195 5.49651504071574 -49.1000000262524
    vertex 95.0197643233365 27.7429611558679 -49.1000000262504
  endloop
endfacet
facet normal 8.67695023189198e-014 -1.4845740747111e-013 -1.0
  outer loop
    vertex 95.0197643233365 27.7429611558679 -49.1000000262504
    vertex 94.1419500290195 5.49651504071574 -49.1000000262524
    vertex 94.6097567000109 27.9127918741258 -49.1000000262504
  endloop
endfacet
facet normal 8.67695023189198e-014 -1.4845740747111e-013 -1.0
  outer loop
    vertex 94.6097567000109 27.9127918741258 -49.1000000262504
    vertex 94.1419500290195 5.49651504071574 -49.1000000262524
    vertex 94.2576751719937 28.1829535325422 -49.1000000262505
  endloop
endfacet
facet normal 8.67695023189198e-014 -1.4845740747111e-013 -1.0
  outer loop
    vertex 94.2576751719937 28.1829535325422 -49.1000000262505
    vertex 94.1419500290195 5.49651504071574 -49.1000000262524
    vertex 93.9875135135773 28.5350350605593 -49.1000000262506
  endloop
endfacet
facet normal 8.67695023189198e-014 -1.4845740747111e-013 -1.0
  outer loop
    vertex 93.9875135135773 28.5350350605593 -49.1000000262506
    vertex 94.1419500290195 5.49651504071574 -49.1000000262524
    vertex 92.502950332533 3.20929361318369 -49.1000000262522
  endloop
endfacet
facet normal 8.67695023189198e-014 -1.4845740747111e-013 -1.0
  outer loop
    vertex 93.9875135135773 28.5350350605593 -49.1000000262506
    vertex 92.502950332533 3.20929361318369 -49.1000000262522
    vertex 93.8176827953194 28.945042683885 -49.1000000262507
  endloop
endfacet
facet normal 8.67695023189198e-014 -1.4845740747111e-013 -1.0
  outer loop
    vertex 93.8176827953194 28.945042683885 -49.1000000262507
    vertex 92.502950332533 3.20929361318369 -49.1000000262522
    vertex 93.7597567000109 29.3850350605594 -49.1000000262507
  endloop
endfacet
facet normal 8.67695023189198e-014 -1.4845740747111e-013 -1.0
  outer loop
    vertex 93.7597567000109 29.3850350605594 -49.1000000262507
    vertex 92.502950332533 3.20929361318369 -49.1000000262522
    vertex 92.5029503325352 55.5627765079345 -49.10000002626
  endloop
endfacet
facet normal 8.67695023189198e-014 -1.4845740747111e-013 -1.0
  outer loop
    vertex 92.5029503325352 55.5627765079345 -49.10000002626
    vertex 92.502950332533 3.20929361318369 -49.1000000262522
    vertex 90.7178684216081 57.7379051098625 -49.1000000262605
  endloop
endfacet
facet normal 8.67695023189198e-014 -1.4845740747111e-013 -1.0
  outer loop
    vertex 90.7178684216081 57.7379051098625 -49.1000000262605
    vertex 92.502950332533 3.20929361318369 -49.1000000262522
    vertex 90.7178684216058 1.03416501125575 -49.100000026252
  endloop
endfacet
facet normal 8.67695023189198e-014 -1.4845740747111e-013 -1.0
  outer loop
    vertex 90.7178684216081 57.7379051098625 -49.1000000262605
    vertex 90.7178684216058 1.03416501125575 -49.100000026252
    vertex 88.7943482910338 59.7916266515813 -49.1000000262609
  endloop
endfacet
facet normal 8.67695023189198e-014 -1.4845740747111e-013 -1.0
  outer loop
    vertex 88.7943482910338 59.7916266515813 -49.1000000262609
    vertex 90.7178684216058 1.03416501125575 -49.100000026252
    vertex 88.7943482910312 -1.01955653046281 -49.1000000262519
  endloop
endfacet
facet normal 8.67695023189198e-014 -1.4845740747111e-013 -1.0
  outer loop
    vertex 88.7943482910338 59.7916266515813 -49.1000000262609
    vertex 88.7943482910312 -1.01955653046281 -49.1000000262519
    vertex 86.7406267493152 61.7151467821559 -49.1000000262614
  endloop
endfacet
facet normal 8.67695023189198e-014 -1.4845740747111e-013 -1.0
  outer loop
    vertex 86.7406267493152 61.7151467821559 -49.1000000262614
    vertex 88.7943482910312 -1.01955653046281 -49.1000000262519
    vertex 86.7406267493125 -2.94307666103722 -49.1000000262518
  endloop
endfacet
facet normal 8.67695023189198e-014 -1.4845740747111e-013 -1.0
  outer loop
    vertex 86.7406267493152 61.7151467821559 -49.1000000262614
    vertex 86.7406267493125 -2.94307666103722 -49.1000000262518
    vertex 84.5654981473872 63.5002286930831 -49.1000000262618
  endloop
endfacet
facet normal 8.67695023189198e-014 -1.4845740747111e-013 -1.0
  outer loop
    vertex 84.5654981473872 63.5002286930831 -49.1000000262618
    vertex 86.7406267493125 -2.94307666103722 -49.1000000262518
    vertex 84.5654981473844 -4.7281585719642 -49.1000000262517
  endloop
endfacet
facet normal 8.67695023189198e-014 -1.4845740747111e-013 -1.0
  outer loop
    vertex 84.5654981473872 63.5002286930831 -49.1000000262618
    vertex 84.5654981473844 -4.7281585719642 -49.1000000262517
    vertex 82.2782767198552 65.1392283895696 -49.1000000262623
  endloop
endfacet
facet normal 8.67695023189198e-014 -1.4845740747111e-013 -1.0
  outer loop
    vertex 82.2782767198552 65.1392283895696 -49.1000000262623
    vertex 84.5654981473844 -4.7281585719642 -49.1000000262517
    vertex 82.2782767198522 -6.36715826845051 -49.1000000262517
  endloop
endfacet
facet normal 8.67695023189198e-014 -1.4845740747111e-013 -1.0
  outer loop
    vertex 82.2782767198552 65.1392283895696 -49.1000000262623
    vertex 82.2782767198522 -6.36715826845051 -49.1000000262517
    vertex 79.8887567000123 66.6251274232911 -49.1000000262627
  endloop
endfacet
facet normal 8.67695023189198e-014 -1.4845740747111e-013 -1.0
  outer loop
    vertex 79.8887567000123 66.6251274232911 -49.1000000262627
    vertex 82.2782767198522 -6.36715826845051 -49.1000000262517
    vertex 79.8887567000092 -7.85305730217188 -49.1000000262517
  endloop
endfacet
facet normal 8.67695023189198e-014 -1.4845740747111e-013 -1.0
  outer loop
    vertex 79.8887567000123 66.6251274232911 -49.1000000262627
    vertex 79.8887567000092 -7.85305730217188 -49.1000000262517
    vertex 77.4071703794294 67.951562946466 -49.1000000262631
  endloop
endfacet
facet normal 8.67695023189198e-014 -1.4845740747111e-013 -1.0
  outer loop
    vertex 77.4071703794294 67.951562946466 -49.1000000262631
    vertex 79.8887567000092 -7.85305730217188 -49.1000000262517
    vertex 77.4071703794262 -9.1794928253465 -49.1000000262517
  endloop
endfacet
facet normal 8.67695023189198e-014 -1.4845740747111e-013 -1.0
  outer loop
    vertex 77.4071703794294 67.951562946466 -49.1000000262631
    vertex 77.4071703794262 -9.1794928253465 -49.1000000262517
    vertex 74.8441442917112 69.1128549585458 -49.1000000262635
  endloop
endfacet
facet normal 8.67695023189198e-014 -1.4845740747111e-013 -1.0
  outer loop
    vertex 74.8441442917112 69.1128549585458 -49.1000000262635
    vertex 77.4071703794262 -9.1794928253465 -49.1000000262517
    vertex 74.8441442917079 -10.3407848374262 -49.1000000262517
  endloop
endfacet
facet normal 8.67695023189198e-014 -1.4845740747111e-013 -1.0
  outer loop
    vertex 74.8441442917112 69.1128549585458 -49.1000000262635
    vertex 74.8441442917079 -10.3407848374262 -49.1000000262517
    vertex 72.2106537080483 70.1040306288502 -49.1000000262639
  endloop
endfacet
facet normal 8.67695023189198e-014 -1.4845740747111e-013 -1.0
  outer loop
    vertex 72.2106537080483 70.1040306288502 -49.1000000262639
    vertex 74.8441442917079 -10.3407848374262 -49.1000000262517
    vertex 72.2106537080449 -11.3319605077303 -49.1000000262518
  endloop
endfacet
facet normal 8.67695023189198e-014 -1.4845740747111e-013 -1.0
  outer loop
    vertex 72.2106537080483 70.1040306288502 -49.1000000262639
    vertex 72.2106537080449 -11.3319605077303 -49.1000000262518
    vertex 69.5179756394207 70.9208455909907 -49.1000000262643
  endloop
endfacet
facet normal 8.67695023189198e-014 -1.4845740747111e-013 -1.0
  outer loop
    vertex 69.5179756394207 70.9208455909907 -49.1000000262643
    vertex 72.2106537080449 -11.3319605077303 -49.1000000262518
    vertex 69.5179756394173 -12.1487754698706 -49.1000000262519
  endloop
endfacet
facet normal 8.67695023189198e-014 -1.4845740747111e-013 -1.0
  outer loop
    vertex 69.5179756394207 70.9208455909907 -49.1000000262643
    vertex 69.5179756394173 -12.1487754698706 -49.1000000262519
    vertex 66.7776405467058 71.5598021178998 -49.1000000262646
  endloop
endfacet
facet normal 8.67695023189198e-014 -1.4845740747111e-013 -1.0
  outer loop
    vertex 66.7776405467058 71.5598021178998 -49.1000000262646
    vertex 69.5179756394173 -12.1487754698706 -49.1000000262519
    vertex 66.7776405467023 -12.7877319967795 -49.1000000262521
  endloop
endfacet
facet normal 8.67695023189198e-014 -1.4845740747111e-013 -1.0
  outer loop
    vertex 66.7776405467058 71.5598021178998 -49.1000000262646
    vertex 66.7776405467023 -12.7877319967795 -49.1000000262521
    vertex 64.0013829654745 72.0181640996349 -49.1000000262649
  endloop
endfacet
facet normal 8.67695023189198e-014 -1.4845740747111e-013 -1.0
  outer loop
    vertex 64.0013829654745 72.0181640996349 -49.1000000262649
    vertex 66.7776405467023 -12.7877319967795 -49.1000000262521
    vertex 64.001382965471 -13.2460939785142 -49.1000000262522
  endloop
endfacet
facet normal 8.67695023189198e-014 -1.4845740747111e-013 -1.0
  outer loop
    vertex 64.0013829654745 72.0181640996349 -49.1000000262649
    vertex 64.001382965471 -13.2460939785142 -49.1000000262522
    vertex 61.2010912569084 72.2939687598211 -49.1000000262652
  endloop
endfacet
facet normal 8.67695023189198e-014 -1.4845740747111e-013 -1.0
  outer loop
    vertex 61.2010912569084 72.2939687598211 -49.1000000262652
    vertex 64.001382965471 -13.2460939785142 -49.1000000262522
    vertex 61.2010912569049 -13.5218986387003 -49.1000000262524
  endloop
endfacet
facet normal 8.67695023189198e-014 -1.4845740747111e-013 -1.0
  outer loop
    vertex 61.2010912569084 72.2939687598211 -49.1000000262652
    vertex 61.2010912569049 -13.5218986387003 -49.1000000262524
    vertex 60.0887566562026 66.4560350159882 -49.1000000262424
  endloop
endfacet
facet normal 8.67695023189198e-014 -1.4845740747111e-013 -1.0
  outer loop
    vertex 61.2010912569084 72.2939687598211 -49.1000000262652
    vertex 60.0887566562026 66.4560350159882 -49.1000000262424
    vertex 60.030830560894 66.8960273926625 -49.1000000262425
  endloop
endfacet
facet normal 8.67695023189198e-014 -1.4845740747111e-013 -1.0
  outer loop
    vertex 61.2010912569084 72.2939687598211 -49.1000000262652
    vertex 60.030830560894 66.8960273926625 -49.1000000262425
    vertex 58.3887567000122 72.3860350605613 -49.1000000262654
  endloop
endfacet
facet normal 8.67695023189198e-014 -1.4845740747111e-013 -1.0
  outer loop
    vertex 60.0887566562026 66.4560350159882 -49.1000000262424
    vertex 61.2010912569049 -13.5218986387003 -49.1000000262524
    vertex 60.0889007000103 -7.68596493944024 -49.1000000262447
  endloop
endfacet
facet normal 8.67695023189198e-014 -1.4845740747111e-013 -1.0
  outer loop
    vertex 58.3887567000122 72.3860350605613 -49.1000000262654
    vertex 60.030830560894 66.8960273926625 -49.1000000262425
    vertex 59.8609998426362 67.3060350159882 -49.1000000262426
  endloop
endfacet
facet normal 8.67695023189198e-014 -1.4845740747111e-013 -1.0
  outer loop
    vertex 58.3887567000122 72.3860350605613 -49.1000000262654
    vertex 59.8609998426362 67.3060350159882 -49.1000000262426
    vertex 59.5908381842198 67.6581165440053 -49.1000000262427
  endloop
endfacet
facet normal 8.67695023189198e-014 -1.4845740747111e-013 -1.0
  outer loop
    vertex 58.3887567000122 72.3860350605613 -49.1000000262654
    vertex 59.5908381842198 67.6581165440053 -49.1000000262427
    vertex 59.2387566562026 67.9282782024217 -49.1000000262427
  endloop
endfacet
facet normal 8.67695023189198e-014 -1.4845740747111e-013 -1.0
  outer loop
    vertex 58.3887567000122 72.3860350605613 -49.1000000262654
    vertex 59.2387566562026 67.9282782024217 -49.1000000262427
    vertex 58.8287490328769 68.0981089206796 -49.1000000262428
  endloop
endfacet
facet normal 8.67695023189198e-014 -1.4845740747111e-013 -1.0
  outer loop
    vertex 58.3887567000122 72.3860350605613 -49.1000000262654
    vertex 58.8287490328769 68.0981089206796 -49.1000000262428
    vertex 58.3887566562026 68.1560350159882 -49.1000000262428
  endloop
endfacet
facet normal 8.67695023189198e-014 -1.4845740747111e-013 -1.0
  outer loop
    vertex 58.3887567000122 72.3860350605613 -49.1000000262654
    vertex 58.3887566562026 68.1560350159882 -49.1000000262428
    vertex 55.5764221431164 72.2939687598213 -49.1000000262657
  endloop
endfacet
facet normal 8.67695023189198e-014 -1.4845740747111e-013 -1.0
  outer loop
    vertex 55.5764221431164 72.2939687598213 -49.1000000262657
    vertex 58.3887566562026 68.1560350159882 -49.1000000262428
    vertex 57.9487642795283 68.0981089206796 -49.1000000262429
  endloop
endfacet
facet normal 8.67695023189198e-014 -1.4845740747111e-013 -1.0
  outer loop
    vertex 55.5764221431164 72.2939687598213 -49.1000000262657
    vertex 57.9487642795283 68.0981089206796 -49.1000000262429
    vertex 57.5387566562026 67.9282782024217 -49.1000000262429
  endloop
endfacet
facet normal 8.67695023189198e-014 -1.4845740747111e-013 -1.0
  outer loop
    vertex 55.5764221431164 72.2939687598213 -49.1000000262657
    vertex 57.5387566562026 67.9282782024217 -49.1000000262429
    vertex 57.1866751281855 67.6581165440053 -49.1000000262429
  endloop
endfacet
facet normal 8.67695023189198e-014 -1.4845740747111e-013 -1.0
  outer loop
    vertex 55.5764221431164 72.2939687598213 -49.1000000262657
    vertex 57.1866751281855 67.6581165440053 -49.1000000262429
    vertex 56.9165134697691 67.3060350159882 -49.1000000262428
  endloop
endfacet
facet normal 8.67695023189198e-014 -1.4845740747111e-013 -1.0
  outer loop
    vertex 55.5764221431164 72.2939687598213 -49.1000000262657
    vertex 56.9165134697691 67.3060350159882 -49.1000000262428
    vertex 56.7466827515112 66.8960273926625 -49.1000000262428
  endloop
endfacet
facet normal 8.67695023189198e-014 -1.4845740747111e-013 -1.0
  outer loop
    vertex 55.5764221431164 72.2939687598213 -49.1000000262657
    vertex 56.7466827515112 66.8960273926625 -49.1000000262428
    vertex 56.6887566562026 66.4560350159882 -49.1000000262427
  endloop
endfacet
facet normal 8.67695023189198e-014 -1.4845740747111e-013 -1.0
  outer loop
    vertex 60.0309746047017 -7.24597256276596 -49.1000000262448
    vertex 60.0887566562026 66.4560350159882 -49.1000000262424
    vertex 60.0889007000103 -7.68596493944024 -49.1000000262447
  endloop
endfacet
facet normal 8.67695023189198e-014 -1.4845740747111e-013 -1.0
  outer loop
    vertex 60.0887566562026 66.4560350159882 -49.1000000262424
    vertex 60.0309746047017 -7.24597256276596 -49.1000000262448
    vertex 60.030830560894 66.0160426393139 -49.1000000262424
  endloop
endfacet
facet normal 8.67695023189198e-014 -1.4845740747111e-013 -1.0
  outer loop
    vertex 60.030830560894 66.0160426393139 -49.1000000262424
    vertex 60.0309746047017 -7.24597256276596 -49.1000000262448
    vertex 59.8611438864439 -6.83596493944023 -49.1000000262449
  endloop
endfacet
facet normal 8.67695023189198e-014 -1.4845740747111e-013 -1.0
  outer loop
    vertex 60.030830560894 66.0160426393139 -49.1000000262424
    vertex 59.8611438864439 -6.83596493944023 -49.1000000262449
    vertex 59.8609998426361 65.6060350159882 -49.1000000262423
  endloop
endfacet
facet normal 8.67695023189198e-014 -1.4845740747111e-013 -1.0
  outer loop
    vertex 59.8609998426361 65.6060350159882 -49.1000000262423
    vertex 59.8611438864439 -6.83596493944023 -49.1000000262449
    vertex 59.5909822280275 -6.4838834114231 -49.1000000262449
  endloop
endfacet
facet normal 8.67695023189198e-014 -1.4845740747111e-013 -1.0
  outer loop
    vertex 59.8609998426361 65.6060350159882 -49.1000000262423
    vertex 59.5909822280275 -6.4838834114231 -49.1000000262449
    vertex 59.5908381842197 65.253953487971 -49.1000000262423
  endloop
endfacet
facet normal 8.67695023189198e-014 -1.4845740747111e-013 -1.0
  outer loop
    vertex 59.5908381842197 65.253953487971 -49.1000000262423
    vertex 59.5909822280275 -6.4838834114231 -49.1000000262449
    vertex 59.2389007000103 -6.21372175300668 -49.100000026245
  endloop
endfacet
facet normal 8.67695023189198e-014 -1.4845740747111e-013 -1.0
  outer loop
    vertex 59.5908381842197 65.253953487971 -49.1000000262423
    vertex 59.2389007000103 -6.21372175300668 -49.100000026245
    vertex 59.2387566562026 64.9837918295546 -49.1000000262423
  endloop
endfacet
facet normal 8.67695023189198e-014 -1.4845740747111e-013 -1.0
  outer loop
    vertex 59.2387566562026 64.9837918295546 -49.1000000262423
    vertex 59.2389007000103 -6.21372175300668 -49.100000026245
    vertex 58.8288930766846 -6.04389103474877 -49.1000000262451
  endloop
endfacet
facet normal 8.67695023189198e-014 -1.4845740747111e-013 -1.0
  outer loop
    vertex 59.2387566562026 64.9837918295546 -49.1000000262423
    vertex 58.8288930766846 -6.04389103474877 -49.1000000262451
    vertex 58.8287490328769 64.8139611112968 -49.1000000262423
  endloop
endfacet
facet normal 8.67695023189198e-014 -1.4845740747111e-013 -1.0
  outer loop
    vertex 58.8287490328769 64.8139611112968 -49.1000000262423
    vertex 58.8288930766846 -6.04389103474877 -49.1000000262451
    vertex 58.3889007000103 -5.98596493944022 -49.1000000262451
  endloop
endfacet
facet normal 8.67695023189198e-014 -1.4845740747111e-013 -1.0
  outer loop
    vertex 58.8287490328769 64.8139611112968 -49.1000000262423
    vertex 58.3889007000103 -5.98596493944022 -49.1000000262451
    vertex 58.3887566562026 64.7560350159882 -49.1000000262423
  endloop
endfacet
facet normal 8.67695023189198e-014 -1.4845740747111e-013 -1.0
  outer loop
    vertex 58.3887566562026 64.7560350159882 -49.1000000262423
    vertex 58.3889007000103 -5.98596493944022 -49.1000000262451
    vertex 57.9489083233361 -6.04389103474879 -49.1000000262452
  endloop
endfacet
facet normal 8.67695023189198e-014 -1.4845740747111e-013 -1.0
  outer loop
    vertex 58.3887566562026 64.7560350159882 -49.1000000262423
    vertex 57.9489083233361 -6.04389103474879 -49.1000000262452
    vertex 57.9487642795283 64.8139611112968 -49.1000000262424
  endloop
endfacet
facet normal 8.67695023189198e-014 -1.4845740747111e-013 -1.0
  outer loop
    vertex 57.9487642795283 64.8139611112968 -49.1000000262424
    vertex 57.9489083233361 -6.04389103474879 -49.1000000262452
    vertex 57.5389007000103 -6.21372175300665 -49.1000000262452
  endloop
endfacet
facet normal 8.67695023189198e-014 -1.4845740747111e-013 -1.0
  outer loop
    vertex 57.9487642795283 64.8139611112968 -49.1000000262424
    vertex 57.5389007000103 -6.21372175300665 -49.1000000262452
    vertex 57.5387566562026 64.9837918295546 -49.1000000262424
  endloop
endfacet
facet normal 8.67695023189198e-014 -1.4845740747111e-013 -1.0
  outer loop
    vertex 57.5387566562026 64.9837918295546 -49.1000000262424
    vertex 57.5389007000103 -6.21372175300665 -49.1000000262452
    vertex 57.1868191719932 -6.48388341142308 -49.1000000262452
  endloop
endfacet
facet normal 8.67695023189198e-014 -1.4845740747111e-013 -1.0
  outer loop
    vertex 57.5387566562026 64.9837918295546 -49.1000000262424
    vertex 57.1868191719932 -6.48388341142308 -49.1000000262452
    vertex 57.1866751281855 65.2539534879711 -49.1000000262425
  endloop
endfacet
facet normal 8.67695023189198e-014 -1.4845740747111e-013 -1.0
  outer loop
    vertex 57.1866751281855 65.2539534879711 -49.1000000262425
    vertex 57.1868191719932 -6.48388341142308 -49.1000000262452
    vertex 56.9166575135768 -6.83596493944019 -49.1000000262451
  endloop
endfacet
facet normal 8.67695023189198e-014 -1.4845740747111e-013 -1.0
  outer loop
    vertex 57.1866751281855 65.2539534879711 -49.1000000262425
    vertex 56.9166575135768 -6.83596493944019 -49.1000000262451
    vertex 56.9165134697691 65.6060350159882 -49.1000000262426
  endloop
endfacet
facet normal 8.67695023189198e-014 -1.4845740747111e-013 -1.0
  outer loop
    vertex 56.9165134697691 65.6060350159882 -49.1000000262426
    vertex 56.9166575135768 -6.83596493944019 -49.1000000262451
    vertex 56.7468267953189 -7.2459725627659 -49.1000000262451
  endloop
endfacet
facet normal 8.67695023189198e-014 -1.4845740747111e-013 -1.0
  outer loop
    vertex 56.9165134697691 65.6060350159882 -49.1000000262426
    vertex 56.7468267953189 -7.2459725627659 -49.1000000262451
    vertex 56.7466827515112 66.0160426393139 -49.1000000262427
  endloop
endfacet
facet normal 8.67695023189198e-014 -1.4845740747111e-013 -1.0
  outer loop
    vertex 56.7466827515112 66.0160426393139 -49.1000000262427
    vertex 56.7468267953189 -7.2459725627659 -49.1000000262451
    vertex 56.6889007000103 -7.6859649394402 -49.100000026245
  endloop
endfacet
facet normal 8.67695023189198e-014 -1.4845740747111e-013 -1.0
  outer loop
    vertex 56.7466827515112 66.0160426393139 -49.1000000262427
    vertex 56.6889007000103 -7.6859649394402 -49.100000026245
    vertex 56.6887566562026 66.4560350159882 -49.1000000262427
  endloop
endfacet
facet normal 8.67695023189198e-014 -1.4845740747111e-013 -1.0
  outer loop
    vertex 101.296690399271 26.5737005036625 -49.1000000262549
    vertex 101.296690399271 32.1983696174549 -49.1000000262557
    vertex 101.388756700011 29.3860350605587 -49.1000000262553
  endloop
endfacet
facet normal 8.67695023189198e-014 -1.4845740747111e-013 -1.0
  outer loop
    vertex 101.296690399271 32.1983696174549 -49.1000000262557
    vertex 101.296690399271 26.5737005036625 -49.1000000262549
    vertex 101.020885739085 34.9986613260211 -49.1000000262562
  endloop
endfacet
facet normal 8.67695023189198e-014 -1.4845740747111e-013 -1.0
  outer loop
    vertex 101.020885739085 34.9986613260211 -49.1000000262562
    vertex 101.296690399271 26.5737005036625 -49.1000000262549
    vertex 101.020885739085 23.7734087950964 -49.1000000262545
  endloop
endfacet
facet normal 8.67695023189198e-014 -1.4845740747111e-013 -1.0
  outer loop
    vertex 101.020885739085 34.9986613260211 -49.1000000262562
    vertex 101.020885739085 23.7734087950964 -49.1000000262545
    vertex 100.56252375735 37.7749189072524 -49.1000000262566
  endloop
endfacet
facet normal 8.67695023189198e-014 -1.4845740747111e-013 -1.0
  outer loop
    vertex 100.56252375735 37.7749189072524 -49.1000000262566
    vertex 101.020885739085 23.7734087950964 -49.1000000262545
    vertex 100.56252375735 20.9971512138651 -49.1000000262542
  endloop
endfacet
facet normal 8.67695023189198e-014 -1.4845740747111e-013 -1.0
  outer loop
    vertex 100.56252375735 37.7749189072524 -49.1000000262566
    vertex 100.56252375735 20.9971512138651 -49.1000000262542
    vertex 99.9235672304415 40.5152539999674 -49.1000000262571
  endloop
endfacet
facet normal 8.67695023189198e-014 -1.4845740747111e-013 -1.0
  outer loop
    vertex 99.9235672304415 40.5152539999674 -49.1000000262571
    vertex 100.56252375735 20.9971512138651 -49.1000000262542
    vertex 99.9235672304406 18.2568161211502 -49.1000000262538
  endloop
endfacet
facet normal 8.67695023189198e-014 -1.4845740747111e-013 -1.0
  outer loop
    vertex 99.9235672304415 40.5152539999674 -49.1000000262571
    vertex 99.9235672304406 18.2568161211502 -49.1000000262538
    vertex 99.1067522683012 43.207932068595 -49.1000000262576
  endloop
endfacet
facet normal 8.67695023189198e-014 -1.4845740747111e-013 -1.0
  outer loop
    vertex 99.1067522683012 43.207932068595 -49.1000000262576
    vertex 99.9235672304406 18.2568161211502 -49.1000000262538
    vertex 99.1067522683001 15.5641380525226 -49.1000000262535
  endloop
endfacet
facet normal 8.67695023189198e-014 -1.4845740747111e-013 -1.0
  outer loop
    vertex 99.1067522683012 43.207932068595 -49.1000000262576
    vertex 99.1067522683001 15.5641380525226 -49.1000000262535
    vertex 98.1155765979971 45.841422652258 -49.1000000262581
  endloop
endfacet
facet normal 8.67695023189198e-014 -1.4845740747111e-013 -1.0
  outer loop
    vertex 98.1155765979971 45.841422652258 -49.1000000262581
    vertex 99.1067522683001 15.5641380525226 -49.1000000262535
    vertex 98.1155765979957 12.9306474688597 -49.1000000262532
  endloop
endfacet
facet normal 8.67695023189198e-014 -1.4845740747111e-013 -1.0
  outer loop
    vertex 98.1155765979971 45.841422652258 -49.1000000262581
    vertex 98.1155765979957 12.9306474688597 -49.1000000262532
    vertex 96.9542845859174 48.4044487399763 -49.1000000262585
  endloop
endfacet
facet normal 8.67695023189198e-014 -1.4845740747111e-013 -1.0
  outer loop
    vertex 96.9542845859174 48.4044487399763 -49.1000000262585
    vertex 98.1155765979957 12.9306474688597 -49.1000000262532
    vertex 97.1597567000108 29.3850350605593 -49.1000000262504
  endloop
endfacet
facet normal 8.67695023189198e-014 -1.4845740747111e-013 -1.0
  outer loop
    vertex 96.9542845859174 48.4044487399763 -49.1000000262585
    vertex 97.1597567000108 29.3850350605593 -49.1000000262504
    vertex 97.1018306047023 29.8250274372336 -49.1000000262505
  endloop
endfacet
facet normal 8.67695023189198e-014 -1.4845740747111e-013 -1.0
  outer loop
    vertex 96.9542845859174 48.4044487399763 -49.1000000262585
    vertex 97.1018306047023 29.8250274372336 -49.1000000262505
    vertex 96.9319998864444 30.2350350605593 -49.1000000262506
  endloop
endfacet
facet normal 8.67695023189198e-014 -1.4845740747111e-013 -1.0
  outer loop
    vertex 96.9542845859174 48.4044487399763 -49.1000000262585
    vertex 96.9319998864444 30.2350350605593 -49.1000000262506
    vertex 95.6278490627428 50.8860350605593 -49.100000026259
  endloop
endfacet
facet normal 8.67695023189198e-014 -1.4845740747111e-013 -1.0
  outer loop
    vertex 95.6278490627428 50.8860350605593 -49.100000026259
    vertex 96.9319998864444 30.2350350605593 -49.1000000262506
    vertex 96.661838228028 30.5871165885764 -49.1000000262506
  endloop
endfacet
facet normal 8.67695023189198e-014 -1.4845740747111e-013 -1.0
  outer loop
    vertex 95.6278490627428 50.8860350605593 -49.100000026259
    vertex 96.661838228028 30.5871165885764 -49.1000000262506
    vertex 96.3097567000109 30.8572782469929 -49.1000000262507
  endloop
endfacet
facet normal 8.67695023189198e-014 -1.4845740747111e-013 -1.0
  outer loop
    vertex 95.6278490627428 50.8860350605593 -49.100000026259
    vertex 96.3097567000109 30.8572782469929 -49.1000000262507
    vertex 95.8997490766852 31.0271089652507 -49.1000000262508
  endloop
endfacet
facet normal 8.67695023189198e-014 -1.4845740747111e-013 -1.0
  outer loop
    vertex 95.6278490627428 50.8860350605593 -49.100000026259
    vertex 95.8997490766852 31.0271089652507 -49.1000000262508
    vertex 95.4597567000109 31.0850350605593 -49.1000000262508
  endloop
endfacet
facet normal 8.67695023189198e-014 -1.4845740747111e-013 -1.0
  outer loop
    vertex 95.6278490627428 50.8860350605593 -49.100000026259
    vertex 95.4597567000109 31.0850350605593 -49.1000000262508
    vertex 94.1419500290214 53.2755550804022 -49.1000000262595
  endloop
endfacet
facet normal 8.67695023189198e-014 -1.4845740747111e-013 -1.0
  outer loop
    vertex 94.1419500290214 53.2755550804022 -49.1000000262595
    vertex 95.4597567000109 31.0850350605593 -49.1000000262508
    vertex 95.0197643233366 31.0271089652508 -49.1000000262509
  endloop
endfacet
facet normal 8.67695023189198e-014 -1.4845740747111e-013 -1.0
  outer loop
    vertex 94.1419500290214 53.2755550804022 -49.1000000262595
    vertex 95.0197643233366 31.0271089652508 -49.1000000262509
    vertex 94.6097567000108 30.8572782469929 -49.1000000262509
  endloop
endfacet
facet normal 8.67695023189198e-014 -1.4845740747111e-013 -1.0
  outer loop
    vertex 94.1419500290214 53.2755550804022 -49.1000000262595
    vertex 94.6097567000108 30.8572782469929 -49.1000000262509
    vertex 94.2576751719937 30.5871165885765 -49.1000000262509
  endloop
endfacet
facet normal 8.67695023189198e-014 -1.4845740747111e-013 -1.0
  outer loop
    vertex 94.1419500290214 53.2755550804022 -49.1000000262595
    vertex 94.2576751719937 30.5871165885765 -49.1000000262509
    vertex 93.9875135135773 30.2350350605593 -49.1000000262508
  endloop
endfacet
facet normal 8.67695023189198e-014 -1.4845740747111e-013 -1.0
  outer loop
    vertex 94.1419500290214 53.2755550804022 -49.1000000262595
    vertex 93.9875135135773 30.2350350605593 -49.1000000262508
    vertex 92.5029503325352 55.5627765079345 -49.10000002626
  endloop
endfacet
facet normal 8.67695023189198e-014 -1.4845740747111e-013 -1.0
  outer loop
    vertex 92.5029503325352 55.5627765079345 -49.10000002626
    vertex 93.9875135135773 30.2350350605593 -49.1000000262508
    vertex 93.8176827953194 29.8250274372336 -49.1000000262508
  endloop
endfacet
facet normal 8.67695023189198e-014 -1.4845740747111e-013 -1.0
  outer loop
    vertex 92.5029503325352 55.5627765079345 -49.10000002626
    vertex 93.8176827953194 29.8250274372336 -49.1000000262508
    vertex 93.7597567000109 29.3850350605594 -49.1000000262507
  endloop
endfacet
endsolid Remix of isaac879 Pan Tilt Camera Mount
