solid Remix of isaac879 Pan Tilt Camera Mount
facet normal -0.866024482002789 -0.500001596569252 -1.95365744564946e-013
  outer loop
    vertex 97.1724667000084 32.1370349999996 -37.1000000000066
    vertex 98.7601867000089 29.3870349999995 -39.5000000000062
    vertex 98.7601867000083 29.3870349999995 -37.1000000000062
  endloop
endfacet
facet normal -0.866024482002789 -0.500001596569252 -1.95365744564946e-013
  outer loop
    vertex 98.7601867000089 29.3870349999995 -39.5000000000062
    vertex 97.1724667000084 32.1370349999996 -37.1000000000066
    vertex 97.1724667000089 32.1370349999996 -39.5000000000066
  endloop
endfacet
facet normal 0.86602448200278 0.500001596569267 1.95393656495843e-013
  outer loop
    vertex 92.4093267000089 29.3870349999995 -39.5000000000076
    vertex 93.9970467000084 26.6370349999996 -37.1000000000072
    vertex 93.9970467000089 26.6370349999996 -39.5000000000072
  endloop
endfacet
facet normal 0.86602448200278 0.500001596569267 1.95393656495843e-013
  outer loop
    vertex 93.9970467000084 26.6370349999996 -37.1000000000072
    vertex 92.4093267000089 29.3870349999995 -39.5000000000076
    vertex 92.4093267000084 29.3870349999995 -37.1000000000076
  endloop
endfacet
facet normal 0.0 1.0 0.0
  outer loop
    vertex 93.9970467000084 26.6370349999996 -37.1000000000072
    vertex 97.1724667000089 26.6370349999996 -39.5000000000066
    vertex 93.9970467000089 26.6370349999996 -39.5000000000072
  endloop
endfacet
facet normal 0.0 1.0 0.0
  outer loop
    vertex 97.1724667000089 26.6370349999996 -39.5000000000066
    vertex 93.9970467000084 26.6370349999996 -37.1000000000072
    vertex 97.1724667000084 26.6370349999996 -37.1000000000066
  endloop
endfacet
facet normal -0.866024482002786 0.500001596569256 -1.95365744564946e-013
  outer loop
    vertex 98.7601867000083 29.3870349999995 -37.1000000000062
    vertex 97.1724667000089 26.6370349999996 -39.5000000000066
    vertex 97.1724667000084 26.6370349999996 -37.1000000000066
  endloop
endfacet
facet normal -0.866024482002786 0.500001596569256 -1.95365744564946e-013
  outer loop
    vertex 97.1724667000089 26.6370349999996 -39.5000000000066
    vertex 98.7601867000083 29.3870349999995 -37.1000000000062
    vertex 98.7601867000089 29.3870349999995 -39.5000000000062
  endloop
endfacet
facet normal 2.15502342834169e-013 0.0 -1.0
  outer loop
    vertex 93.9970467000084 32.1370349999996 -37.1000000000072
    vertex 93.9847567000084 29.3870349999995 -37.1000000000073
    vertex 92.4093267000084 29.3870349999995 -37.1000000000076
  endloop
endfacet
facet normal 2.15502342834169e-013 0.0 -1.0
  outer loop
    vertex 93.9847567000084 29.3870349999995 -37.1000000000073
    vertex 93.9970467000084 32.1370349999996 -37.1000000000072
    vertex 94.0090667000084 29.6648749999996 -37.1000000000072
  endloop
endfacet
facet normal 2.15502342834169e-013 0.0 -1.0
  outer loop
    vertex 94.0090667000084 29.6648749999996 -37.1000000000072
    vertex 93.9970467000084 32.1370349999996 -37.1000000000072
    vertex 94.0812467000084 29.9342649999996 -37.1000000000072
  endloop
endfacet
facet normal 2.15502342834169e-013 0.0 -1.0
  outer loop
    vertex 94.0812467000084 29.9342649999996 -37.1000000000072
    vertex 93.9970467000084 32.1370349999996 -37.1000000000072
    vertex 94.1991167000084 30.1870349999996 -37.1000000000072
  endloop
endfacet
facet normal 2.15502342834169e-013 0.0 -1.0
  outer loop
    vertex 94.1991167000084 30.1870349999996 -37.1000000000072
    vertex 93.9970467000084 32.1370349999996 -37.1000000000072
    vertex 94.3590867000084 30.4154949999996 -37.1000000000072
  endloop
endfacet
facet normal 2.15502342834169e-013 0.0 -1.0
  outer loop
    vertex 94.3590867000084 30.4154949999996 -37.1000000000072
    vertex 93.9970467000084 32.1370349999996 -37.1000000000072
    vertex 94.5562967000084 30.6127049999996 -37.1000000000071
  endloop
endfacet
facet normal 2.15502342834169e-013 0.0 -1.0
  outer loop
    vertex 94.5562967000084 30.6127049999996 -37.1000000000071
    vertex 93.9970467000084 32.1370349999996 -37.1000000000072
    vertex 94.7847567000084 30.7726749999995 -37.1000000000071
  endloop
endfacet
facet normal 2.15502342834169e-013 0.0 -1.0
  outer loop
    vertex 94.7847567000084 30.7726749999995 -37.1000000000071
    vertex 93.9970467000084 32.1370349999996 -37.1000000000072
    vertex 97.1724667000084 32.1370349999996 -37.1000000000066
  endloop
endfacet
facet normal 2.15502342834169e-013 0.0 -1.0
  outer loop
    vertex 94.7847567000084 30.7726749999995 -37.1000000000071
    vertex 97.1724667000084 32.1370349999996 -37.1000000000066
    vertex 95.0375267000084 30.8905449999996 -37.100000000007
  endloop
endfacet
facet normal 2.15502342834169e-013 0.0 -1.0
  outer loop
    vertex 95.0375267000084 30.8905449999996 -37.100000000007
    vertex 97.1724667000084 32.1370349999996 -37.1000000000066
    vertex 95.3069167000084 30.9627249999996 -37.100000000007
  endloop
endfacet
facet normal 2.15502342834169e-013 0.0 -1.0
  outer loop
    vertex 95.3069167000084 30.9627249999996 -37.100000000007
    vertex 97.1724667000084 32.1370349999996 -37.1000000000066
    vertex 95.5847567000084 30.9870349999996 -37.1000000000069
  endloop
endfacet
facet normal 2.15502342834169e-013 0.0 -1.0
  outer loop
    vertex 95.5847567000084 30.9870349999996 -37.1000000000069
    vertex 97.1724667000084 32.1370349999996 -37.1000000000066
    vertex 95.8625967000084 30.9627249999996 -37.1000000000069
  endloop
endfacet
facet normal 2.15502342834169e-013 0.0 -1.0
  outer loop
    vertex 95.8625967000084 30.9627249999996 -37.1000000000069
    vertex 97.1724667000084 32.1370349999996 -37.1000000000066
    vertex 96.1319867000084 30.8905449999996 -37.1000000000068
  endloop
endfacet
facet normal 2.15502342834169e-013 0.0 -1.0
  outer loop
    vertex 96.1319867000084 30.8905449999996 -37.1000000000068
    vertex 97.1724667000084 32.1370349999996 -37.1000000000066
    vertex 96.3847567000084 30.7726749999995 -37.1000000000067
  endloop
endfacet
facet normal 2.15502342834169e-013 0.0 -1.0
  outer loop
    vertex 96.3847567000084 30.7726749999995 -37.1000000000067
    vertex 97.1724667000084 32.1370349999996 -37.1000000000066
    vertex 96.6132167000084 30.6127049999996 -37.1000000000067
  endloop
endfacet
facet normal 2.15502342834169e-013 0.0 -1.0
  outer loop
    vertex 96.6132167000084 30.6127049999996 -37.1000000000067
    vertex 97.1724667000084 32.1370349999996 -37.1000000000066
    vertex 96.8104267000084 30.4154949999996 -37.1000000000067
  endloop
endfacet
facet normal 2.15502342834169e-013 0.0 -1.0
  outer loop
    vertex 96.8104267000084 30.4154949999996 -37.1000000000067
    vertex 97.1724667000084 32.1370349999996 -37.1000000000066
    vertex 96.9703967000084 30.1870349999996 -37.1000000000066
  endloop
endfacet
facet normal 2.15502342834169e-013 0.0 -1.0
  outer loop
    vertex 96.9703967000084 30.1870349999996 -37.1000000000066
    vertex 97.1724667000084 32.1370349999996 -37.1000000000066
    vertex 97.0882667000084 29.9342649999996 -37.1000000000066
  endloop
endfacet
facet normal 2.15502342834169e-013 0.0 -1.0
  outer loop
    vertex 97.0882667000084 29.9342649999996 -37.1000000000066
    vertex 97.1724667000084 32.1370349999996 -37.1000000000066
    vertex 97.1604467000084 29.6648749999996 -37.1000000000066
  endloop
endfacet
facet normal 2.15502342834169e-013 0.0 -1.0
  outer loop
    vertex 97.1604467000084 29.6648749999996 -37.1000000000066
    vertex 97.1724667000084 32.1370349999996 -37.1000000000066
    vertex 97.1847567000084 29.3870349999995 -37.1000000000066
  endloop
endfacet
facet normal 2.15502342834169e-013 0.0 -1.0
  outer loop
    vertex 97.1847567000084 29.3870349999995 -37.1000000000066
    vertex 97.1724667000084 32.1370349999996 -37.1000000000066
    vertex 98.7601867000083 29.3870349999995 -37.1000000000062
  endloop
endfacet
facet normal 2.15502342834169e-013 0.0 -1.0
  outer loop
    vertex 93.9847567000084 29.3870349999995 -37.1000000000073
    vertex 93.9970467000084 26.6370349999996 -37.1000000000072
    vertex 92.4093267000084 29.3870349999995 -37.1000000000076
  endloop
endfacet
facet normal 2.15502342834169e-013 0.0 -1.0
  outer loop
    vertex 93.9970467000084 26.6370349999996 -37.1000000000072
    vertex 93.9847567000084 29.3870349999995 -37.1000000000073
    vertex 94.0090667000084 29.1091949999996 -37.1000000000072
  endloop
endfacet
facet normal 2.15502342834169e-013 0.0 -1.0
  outer loop
    vertex 93.9970467000084 26.6370349999996 -37.1000000000072
    vertex 94.0090667000084 29.1091949999996 -37.1000000000072
    vertex 94.0812467000084 28.8398049999995 -37.1000000000072
  endloop
endfacet
facet normal 2.15502342834169e-013 0.0 -1.0
  outer loop
    vertex 93.9970467000084 26.6370349999996 -37.1000000000072
    vertex 94.0812467000084 28.8398049999995 -37.1000000000072
    vertex 94.1991167000084 28.5870349999995 -37.1000000000072
  endloop
endfacet
facet normal 2.15502342834169e-013 0.0 -1.0
  outer loop
    vertex 93.9970467000084 26.6370349999996 -37.1000000000072
    vertex 94.1991167000084 28.5870349999995 -37.1000000000072
    vertex 94.3590867000084 28.3585749999996 -37.1000000000072
  endloop
endfacet
facet normal 2.15502342834169e-013 0.0 -1.0
  outer loop
    vertex 93.9970467000084 26.6370349999996 -37.1000000000072
    vertex 94.3590867000084 28.3585749999996 -37.1000000000072
    vertex 94.5562967000084 28.1613649999996 -37.1000000000071
  endloop
endfacet
facet normal 2.15502342834169e-013 0.0 -1.0
  outer loop
    vertex 93.9970467000084 26.6370349999996 -37.1000000000072
    vertex 94.5562967000084 28.1613649999996 -37.1000000000071
    vertex 94.7847567000084 28.0013949999996 -37.1000000000071
  endloop
endfacet
facet normal 2.15502342834169e-013 0.0 -1.0
  outer loop
    vertex 93.9970467000084 26.6370349999996 -37.1000000000072
    vertex 94.7847567000084 28.0013949999996 -37.1000000000071
    vertex 97.1724667000084 26.6370349999996 -37.1000000000066
  endloop
endfacet
facet normal 2.15502342834169e-013 0.0 -1.0
  outer loop
    vertex 97.1724667000084 26.6370349999996 -37.1000000000066
    vertex 94.7847567000084 28.0013949999996 -37.1000000000071
    vertex 95.0375267000084 27.8835249999996 -37.100000000007
  endloop
endfacet
facet normal 2.15502342834169e-013 0.0 -1.0
  outer loop
    vertex 97.1724667000084 26.6370349999996 -37.1000000000066
    vertex 95.0375267000084 27.8835249999996 -37.100000000007
    vertex 95.3069167000084 27.8113449999996 -37.100000000007
  endloop
endfacet
facet normal 2.15502342834169e-013 0.0 -1.0
  outer loop
    vertex 97.1724667000084 26.6370349999996 -37.1000000000066
    vertex 95.3069167000084 27.8113449999996 -37.100000000007
    vertex 95.5847567000084 27.7870349999996 -37.1000000000069
  endloop
endfacet
facet normal 2.15502342834169e-013 0.0 -1.0
  outer loop
    vertex 97.1724667000084 26.6370349999996 -37.1000000000066
    vertex 95.5847567000084 27.7870349999996 -37.1000000000069
    vertex 95.8625967000084 27.8113449999996 -37.1000000000069
  endloop
endfacet
facet normal 2.15502342834169e-013 0.0 -1.0
  outer loop
    vertex 97.1724667000084 26.6370349999996 -37.1000000000066
    vertex 95.8625967000084 27.8113449999996 -37.1000000000069
    vertex 96.1319867000084 27.8835249999996 -37.1000000000068
  endloop
endfacet
facet normal 2.15502342834169e-013 0.0 -1.0
  outer loop
    vertex 97.1724667000084 26.6370349999996 -37.1000000000066
    vertex 96.1319867000084 27.8835249999996 -37.1000000000068
    vertex 96.3847567000084 28.0013949999996 -37.1000000000067
  endloop
endfacet
facet normal 2.15502342834169e-013 0.0 -1.0
  outer loop
    vertex 97.1724667000084 26.6370349999996 -37.1000000000066
    vertex 96.3847567000084 28.0013949999996 -37.1000000000067
    vertex 96.6132167000084 28.1613649999996 -37.1000000000067
  endloop
endfacet
facet normal 2.15502342834169e-013 0.0 -1.0
  outer loop
    vertex 97.1724667000084 26.6370349999996 -37.1000000000066
    vertex 96.6132167000084 28.1613649999996 -37.1000000000067
    vertex 96.8104267000084 28.3585749999996 -37.1000000000067
  endloop
endfacet
facet normal 2.15502342834169e-013 0.0 -1.0
  outer loop
    vertex 97.1724667000084 26.6370349999996 -37.1000000000066
    vertex 96.8104267000084 28.3585749999996 -37.1000000000067
    vertex 96.9703967000084 28.5870349999995 -37.1000000000066
  endloop
endfacet
facet normal 2.15502342834169e-013 0.0 -1.0
  outer loop
    vertex 97.1724667000084 26.6370349999996 -37.1000000000066
    vertex 96.9703967000084 28.5870349999995 -37.1000000000066
    vertex 97.0882667000084 28.8398049999995 -37.1000000000066
  endloop
endfacet
facet normal 2.15502342834169e-013 0.0 -1.0
  outer loop
    vertex 97.1724667000084 26.6370349999996 -37.1000000000066
    vertex 97.0882667000084 28.8398049999995 -37.1000000000066
    vertex 97.1604467000084 29.1091949999996 -37.1000000000066
  endloop
endfacet
facet normal 2.15502342834169e-013 0.0 -1.0
  outer loop
    vertex 97.1724667000084 26.6370349999996 -37.1000000000066
    vertex 97.1604467000084 29.1091949999996 -37.1000000000066
    vertex 97.1847567000084 29.3870349999995 -37.1000000000066
  endloop
endfacet
facet normal 2.15502342834169e-013 0.0 -1.0
  outer loop
    vertex 97.1724667000084 26.6370349999996 -37.1000000000066
    vertex 97.1847567000084 29.3870349999995 -37.1000000000066
    vertex 98.7601867000083 29.3870349999995 -37.1000000000062
  endloop
endfacet
facet normal 0.0 -1.0 0.0
  outer loop
    vertex 23.0304667000089 32.1370349999996 -39.5000000000226
    vertex 19.8550467000084 32.1370349999996 -37.1000000000232
    vertex 19.8550467000089 32.1370349999996 -39.5000000000232
  endloop
endfacet
facet normal 0.0 -1.0 0.0
  outer loop
    vertex 19.8550467000084 32.1370349999996 -37.1000000000232
    vertex 23.0304667000089 32.1370349999996 -39.5000000000226
    vertex 23.0304667000084 32.1370349999996 -37.1000000000226
  endloop
endfacet
facet normal 0.866024482002783 0.500001596569262 1.87222083830452e-013
  outer loop
    vertex 18.2673267000089 29.3870349999995 -39.5000000000236
    vertex 19.8550467000084 26.6370349999996 -37.1000000000232
    vertex 19.8550467000089 26.6370349999996 -39.5000000000232
  endloop
endfacet
facet normal 0.866024482002783 0.500001596569262 1.87222083830452e-013
  outer loop
    vertex 19.8550467000084 26.6370349999996 -37.1000000000232
    vertex 18.2673267000089 29.3870349999995 -39.5000000000236
    vertex 18.2673267000084 29.3870349999995 -37.1000000000236
  endloop
endfacet
facet normal 0.866024482002786 -0.500001596569257 1.87246371542505e-013
  outer loop
    vertex 19.8550467000089 32.1370349999996 -39.5000000000232
    vertex 18.2673267000084 29.3870349999995 -37.1000000000236
    vertex 18.2673267000089 29.3870349999995 -39.5000000000236
  endloop
endfacet
facet normal 0.866024482002786 -0.500001596569257 1.87246371542505e-013
  outer loop
    vertex 18.2673267000084 29.3870349999995 -37.1000000000236
    vertex 19.8550467000089 32.1370349999996 -39.5000000000232
    vertex 19.8550467000084 32.1370349999996 -37.1000000000232
  endloop
endfacet
facet normal 0.0 -1.0 0.0
  outer loop
    vertex 97.1724667000089 32.1370349999996 -39.5000000000066
    vertex 93.9970467000084 32.1370349999996 -37.1000000000072
    vertex 93.9970467000089 32.1370349999996 -39.5000000000072
  endloop
endfacet
facet normal 0.0 -1.0 0.0
  outer loop
    vertex 93.9970467000084 32.1370349999996 -37.1000000000072
    vertex 97.1724667000089 32.1370349999996 -39.5000000000066
    vertex 97.1724667000084 32.1370349999996 -37.1000000000066
  endloop
endfacet
facet normal 2.15502335376407e-013 0.0 -1.0
  outer loop
    vertex 19.8550467000084 32.1370349999996 -37.1000000000232
    vertex 19.8427567000084 29.3870349999995 -37.1000000000232
    vertex 18.2673267000084 29.3870349999995 -37.1000000000236
  endloop
endfacet
facet normal 2.15502335376407e-013 0.0 -1.0
  outer loop
    vertex 19.8427567000084 29.3870349999995 -37.1000000000232
    vertex 19.8550467000084 32.1370349999996 -37.1000000000232
    vertex 19.8670667000084 29.6648749999996 -37.1000000000232
  endloop
endfacet
facet normal 2.15502335376407e-013 0.0 -1.0
  outer loop
    vertex 19.8670667000084 29.6648749999996 -37.1000000000232
    vertex 19.8550467000084 32.1370349999996 -37.1000000000232
    vertex 19.9392467000084 29.9342649999996 -37.1000000000232
  endloop
endfacet
facet normal 2.15502335376407e-013 0.0 -1.0
  outer loop
    vertex 19.9392467000084 29.9342649999996 -37.1000000000232
    vertex 19.8550467000084 32.1370349999996 -37.1000000000232
    vertex 20.0571167000084 30.1870349999996 -37.1000000000232
  endloop
endfacet
facet normal 2.15502335376407e-013 0.0 -1.0
  outer loop
    vertex 20.0571167000084 30.1870349999996 -37.1000000000232
    vertex 19.8550467000084 32.1370349999996 -37.1000000000232
    vertex 20.2170867000084 30.4154949999996 -37.1000000000232
  endloop
endfacet
facet normal 2.15502335376407e-013 0.0 -1.0
  outer loop
    vertex 20.2170867000084 30.4154949999996 -37.1000000000232
    vertex 19.8550467000084 32.1370349999996 -37.1000000000232
    vertex 20.4142967000084 30.6127049999996 -37.1000000000231
  endloop
endfacet
facet normal 2.15502335376407e-013 0.0 -1.0
  outer loop
    vertex 20.4142967000084 30.6127049999996 -37.1000000000231
    vertex 19.8550467000084 32.1370349999996 -37.1000000000232
    vertex 20.6427567000084 30.7726749999995 -37.1000000000231
  endloop
endfacet
facet normal 2.15502335376407e-013 0.0 -1.0
  outer loop
    vertex 20.6427567000084 30.7726749999995 -37.1000000000231
    vertex 19.8550467000084 32.1370349999996 -37.1000000000232
    vertex 23.0304667000084 32.1370349999996 -37.1000000000226
  endloop
endfacet
facet normal 2.15502335376407e-013 0.0 -1.0
  outer loop
    vertex 20.6427567000084 30.7726749999995 -37.1000000000231
    vertex 23.0304667000084 32.1370349999996 -37.1000000000226
    vertex 20.8955267000084 30.8905449999996 -37.100000000023
  endloop
endfacet
facet normal 2.15502335376407e-013 0.0 -1.0
  outer loop
    vertex 20.8955267000084 30.8905449999996 -37.100000000023
    vertex 23.0304667000084 32.1370349999996 -37.1000000000226
    vertex 21.1649167000084 30.9627249999996 -37.100000000023
  endloop
endfacet
facet normal 2.15502335376407e-013 0.0 -1.0
  outer loop
    vertex 21.1649167000084 30.9627249999996 -37.100000000023
    vertex 23.0304667000084 32.1370349999996 -37.1000000000226
    vertex 21.4427567000084 30.9870349999996 -37.1000000000229
  endloop
endfacet
facet normal 2.15502335376407e-013 0.0 -1.0
  outer loop
    vertex 21.4427567000084 30.9870349999996 -37.1000000000229
    vertex 23.0304667000084 32.1370349999996 -37.1000000000226
    vertex 21.7205967000084 30.9627249999996 -37.1000000000228
  endloop
endfacet
facet normal 2.15502335376407e-013 0.0 -1.0
  outer loop
    vertex 21.7205967000084 30.9627249999996 -37.1000000000228
    vertex 23.0304667000084 32.1370349999996 -37.1000000000226
    vertex 21.9899867000084 30.8905449999996 -37.1000000000228
  endloop
endfacet
facet normal 2.15502335376407e-013 0.0 -1.0
  outer loop
    vertex 21.9899867000084 30.8905449999996 -37.1000000000228
    vertex 23.0304667000084 32.1370349999996 -37.1000000000226
    vertex 22.2427567000084 30.7726749999995 -37.1000000000227
  endloop
endfacet
facet normal 2.15502335376407e-013 0.0 -1.0
  outer loop
    vertex 22.2427567000084 30.7726749999995 -37.1000000000227
    vertex 23.0304667000084 32.1370349999996 -37.1000000000226
    vertex 22.4712167000084 30.6127049999996 -37.1000000000227
  endloop
endfacet
facet normal 2.15502335376407e-013 0.0 -1.0
  outer loop
    vertex 22.4712167000084 30.6127049999996 -37.1000000000227
    vertex 23.0304667000084 32.1370349999996 -37.1000000000226
    vertex 22.6684267000084 30.4154949999996 -37.1000000000226
  endloop
endfacet
facet normal 2.15502335376407e-013 0.0 -1.0
  outer loop
    vertex 22.6684267000084 30.4154949999996 -37.1000000000226
    vertex 23.0304667000084 32.1370349999996 -37.1000000000226
    vertex 22.8283967000083 30.1870349999996 -37.1000000000226
  endloop
endfacet
facet normal 2.15502335376407e-013 0.0 -1.0
  outer loop
    vertex 22.8283967000083 30.1870349999996 -37.1000000000226
    vertex 23.0304667000084 32.1370349999996 -37.1000000000226
    vertex 22.9462667000084 29.9342649999996 -37.1000000000226
  endloop
endfacet
facet normal 2.15502335376407e-013 0.0 -1.0
  outer loop
    vertex 22.9462667000084 29.9342649999996 -37.1000000000226
    vertex 23.0304667000084 32.1370349999996 -37.1000000000226
    vertex 23.0184467000084 29.6648749999996 -37.1000000000226
  endloop
endfacet
facet normal 2.15502335376407e-013 0.0 -1.0
  outer loop
    vertex 23.0184467000084 29.6648749999996 -37.1000000000226
    vertex 23.0304667000084 32.1370349999996 -37.1000000000226
    vertex 23.0427567000084 29.3870349999995 -37.1000000000226
  endloop
endfacet
facet normal 2.15502335376407e-013 0.0 -1.0
  outer loop
    vertex 23.0427567000084 29.3870349999995 -37.1000000000226
    vertex 23.0304667000084 32.1370349999996 -37.1000000000226
    vertex 24.6181867000084 29.3870349999995 -37.1000000000222
  endloop
endfacet
facet normal 2.15502335376407e-013 0.0 -1.0
  outer loop
    vertex 19.8427567000084 29.3870349999995 -37.1000000000232
    vertex 19.8550467000084 26.6370349999996 -37.1000000000232
    vertex 18.2673267000084 29.3870349999995 -37.1000000000236
  endloop
endfacet
facet normal 2.15502335376407e-013 0.0 -1.0
  outer loop
    vertex 19.8550467000084 26.6370349999996 -37.1000000000232
    vertex 19.8427567000084 29.3870349999995 -37.1000000000232
    vertex 19.8670667000084 29.1091949999996 -37.1000000000232
  endloop
endfacet
facet normal 2.15502335376407e-013 0.0 -1.0
  outer loop
    vertex 19.8550467000084 26.6370349999996 -37.1000000000232
    vertex 19.8670667000084 29.1091949999996 -37.1000000000232
    vertex 19.9392467000084 28.8398049999995 -37.1000000000232
  endloop
endfacet
facet normal 2.15502335376407e-013 0.0 -1.0
  outer loop
    vertex 19.8550467000084 26.6370349999996 -37.1000000000232
    vertex 19.9392467000084 28.8398049999995 -37.1000000000232
    vertex 20.0571167000084 28.5870349999995 -37.1000000000232
  endloop
endfacet
facet normal 2.15502335376407e-013 0.0 -1.0
  outer loop
    vertex 19.8550467000084 26.6370349999996 -37.1000000000232
    vertex 20.0571167000084 28.5870349999995 -37.1000000000232
    vertex 20.2170867000084 28.3585749999996 -37.1000000000232
  endloop
endfacet
facet normal 2.15502335376407e-013 0.0 -1.0
  outer loop
    vertex 19.8550467000084 26.6370349999996 -37.1000000000232
    vertex 20.2170867000084 28.3585749999996 -37.1000000000232
    vertex 20.4142967000084 28.1613649999996 -37.1000000000231
  endloop
endfacet
facet normal 2.15502335376407e-013 0.0 -1.0
  outer loop
    vertex 19.8550467000084 26.6370349999996 -37.1000000000232
    vertex 20.4142967000084 28.1613649999996 -37.1000000000231
    vertex 20.6427567000084 28.0013949999996 -37.1000000000231
  endloop
endfacet
facet normal 2.15502335376407e-013 0.0 -1.0
  outer loop
    vertex 19.8550467000084 26.6370349999996 -37.1000000000232
    vertex 20.6427567000084 28.0013949999996 -37.1000000000231
    vertex 23.0304667000084 26.6370349999996 -37.1000000000226
  endloop
endfacet
facet normal 2.15502335376407e-013 0.0 -1.0
  outer loop
    vertex 23.0304667000084 26.6370349999996 -37.1000000000226
    vertex 20.6427567000084 28.0013949999996 -37.1000000000231
    vertex 20.8955267000084 27.8835249999996 -37.100000000023
  endloop
endfacet
facet normal 2.15502335376407e-013 0.0 -1.0
  outer loop
    vertex 23.0304667000084 26.6370349999996 -37.1000000000226
    vertex 20.8955267000084 27.8835249999996 -37.100000000023
    vertex 21.1649167000084 27.8113449999996 -37.100000000023
  endloop
endfacet
facet normal 2.15502335376407e-013 0.0 -1.0
  outer loop
    vertex 23.0304667000084 26.6370349999996 -37.1000000000226
    vertex 21.1649167000084 27.8113449999996 -37.100000000023
    vertex 21.4427567000084 27.7870349999996 -37.1000000000229
  endloop
endfacet
facet normal 2.15502335376407e-013 0.0 -1.0
  outer loop
    vertex 23.0304667000084 26.6370349999996 -37.1000000000226
    vertex 21.4427567000084 27.7870349999996 -37.1000000000229
    vertex 21.7205967000084 27.8113449999996 -37.1000000000228
  endloop
endfacet
facet normal 2.15502335376407e-013 0.0 -1.0
  outer loop
    vertex 23.0304667000084 26.6370349999996 -37.1000000000226
    vertex 21.7205967000084 27.8113449999996 -37.1000000000228
    vertex 21.9899867000084 27.8835249999996 -37.1000000000228
  endloop
endfacet
facet normal 2.15502335376407e-013 0.0 -1.0
  outer loop
    vertex 23.0304667000084 26.6370349999996 -37.1000000000226
    vertex 21.9899867000084 27.8835249999996 -37.1000000000228
    vertex 22.2427567000084 28.0013949999996 -37.1000000000227
  endloop
endfacet
facet normal 2.15502335376407e-013 0.0 -1.0
  outer loop
    vertex 23.0304667000084 26.6370349999996 -37.1000000000226
    vertex 22.2427567000084 28.0013949999996 -37.1000000000227
    vertex 22.4712167000084 28.1613649999996 -37.1000000000227
  endloop
endfacet
facet normal 2.15502335376407e-013 0.0 -1.0
  outer loop
    vertex 23.0304667000084 26.6370349999996 -37.1000000000226
    vertex 22.4712167000084 28.1613649999996 -37.1000000000227
    vertex 22.6684267000084 28.3585749999996 -37.1000000000226
  endloop
endfacet
facet normal 2.15502335376407e-013 0.0 -1.0
  outer loop
    vertex 23.0304667000084 26.6370349999996 -37.1000000000226
    vertex 22.6684267000084 28.3585749999996 -37.1000000000226
    vertex 22.8283967000083 28.5870349999995 -37.1000000000226
  endloop
endfacet
facet normal 2.15502335376407e-013 0.0 -1.0
  outer loop
    vertex 23.0304667000084 26.6370349999996 -37.1000000000226
    vertex 22.8283967000083 28.5870349999995 -37.1000000000226
    vertex 22.9462667000084 28.8398049999995 -37.1000000000226
  endloop
endfacet
facet normal 2.15502335376407e-013 0.0 -1.0
  outer loop
    vertex 23.0304667000084 26.6370349999996 -37.1000000000226
    vertex 22.9462667000084 28.8398049999995 -37.1000000000226
    vertex 23.0184467000084 29.1091949999996 -37.1000000000226
  endloop
endfacet
facet normal 2.15502335376407e-013 0.0 -1.0
  outer loop
    vertex 23.0304667000084 26.6370349999996 -37.1000000000226
    vertex 23.0184467000084 29.1091949999996 -37.1000000000226
    vertex 23.0427567000084 29.3870349999995 -37.1000000000226
  endloop
endfacet
facet normal 2.15502335376407e-013 0.0 -1.0
  outer loop
    vertex 23.0304667000084 26.6370349999996 -37.1000000000226
    vertex 23.0427567000084 29.3870349999995 -37.1000000000226
    vertex 24.6181867000084 29.3870349999995 -37.1000000000222
  endloop
endfacet
facet normal -0.866024482002783 0.500001596569262 -1.87232415577057e-013
  outer loop
    vertex 24.6181867000084 29.3870349999995 -37.1000000000222
    vertex 23.0304667000089 26.6370349999996 -39.5000000000226
    vertex 23.0304667000084 26.6370349999996 -37.1000000000226
  endloop
endfacet
facet normal -0.866024482002783 0.500001596569262 -1.87232415577057e-013
  outer loop
    vertex 23.0304667000089 26.6370349999996 -39.5000000000226
    vertex 24.6181867000084 29.3870349999995 -37.1000000000222
    vertex 24.6181867000089 29.3870349999995 -39.5000000000222
  endloop
endfacet
facet normal -0.866024482002786 -0.500001596569257 -1.87232415577057e-013
  outer loop
    vertex 23.0304667000084 32.1370349999996 -37.1000000000226
    vertex 24.6181867000089 29.3870349999995 -39.5000000000222
    vertex 24.6181867000084 29.3870349999995 -37.1000000000222
  endloop
endfacet
facet normal -0.866024482002786 -0.500001596569257 -1.87232415577057e-013
  outer loop
    vertex 24.6181867000089 29.3870349999995 -39.5000000000222
    vertex 23.0304667000084 32.1370349999996 -37.1000000000226
    vertex 23.0304667000089 32.1370349999996 -39.5000000000226
  endloop
endfacet
facet normal 0.0 1.0 0.0
  outer loop
    vertex 19.8550467000084 26.6370349999996 -37.1000000000232
    vertex 23.0304667000089 26.6370349999996 -39.5000000000226
    vertex 19.8550467000089 26.6370349999996 -39.5000000000232
  endloop
endfacet
facet normal 0.0 1.0 0.0
  outer loop
    vertex 23.0304667000089 26.6370349999996 -39.5000000000226
    vertex 19.8550467000084 26.6370349999996 -37.1000000000232
    vertex 23.0304667000084 26.6370349999996 -37.1000000000226
  endloop
endfacet
facet normal 0.866024482002783 -0.500001596569262 1.95345081071735e-013
  outer loop
    vertex 93.9970467000089 32.1370349999996 -39.5000000000072
    vertex 92.4093267000084 29.3870349999995 -37.1000000000076
    vertex 92.4093267000089 29.3870349999995 -39.5000000000076
  endloop
endfacet
facet normal 0.866024482002783 -0.500001596569262 1.95345081071735e-013
  outer loop
    vertex 92.4093267000084 29.3870349999995 -37.1000000000076
    vertex 93.9970467000089 32.1370349999996 -39.5000000000072
    vertex 93.9970467000084 32.1370349999996 -37.1000000000072
  endloop
endfacet
facet normal -0.819148855060434 -0.573576303703184 0.00231885389209377
  outer loop
    vertex 59.7394277000084 -6.65550500000044 -37.1000000000146
    vertex 59.8993977000084 -6.88396500000044 -37.1000000000146
    vertex 59.8164307000078 -6.75496500000044 -34.5000000000146
  endloop
endfacet
facet normal -0.760465068560178 -0.649374701507996 -0.00231873697618061
  outer loop
    vertex 59.6353207000078 -6.54287200000044 -34.5000000000147
    vertex 59.7394277000084 -6.65550500000044 -37.1000000000146
    vertex 59.8164307000078 -6.75496500000044 -34.5000000000146
  endloop
endfacet
facet normal -0.707104880251803 -0.707104880251702 0.00231876008023848
  outer loop
    vertex 59.5422167000084 -6.45829400000044 -37.1000000000147
    vertex 59.7394277000084 -6.65550500000044 -37.1000000000146
    vertex 59.6353207000078 -6.54287200000044 -34.5000000000147
  endloop
endfacet
facet normal -0.636150941946523 -0.771561146111628 -0.00231880819892843
  outer loop
    vertex 59.6353207000078 -6.54287200000044 -34.5000000000147
    vertex 59.4201329000078 -6.36545000000044 -34.5000000000147
    vertex 59.5422167000084 -6.45829400000044 -37.1000000000147
  endloop
endfacet
facet normal -0.86602543654873 -0.499999943250579 -1.87235878134065e-013
  outer loop
    vertex 60.1014697000084 -4.93396500000043 -37.1000000000146
    vertex 61.6891827000089 -7.68396500000043 -39.5000000000142
    vertex 61.6891827000084 -7.68396500000043 -37.1000000000142
  endloop
endfacet
facet normal -0.86602543654873 -0.499999943250579 -1.87235878134065e-013
  outer loop
    vertex 61.6891827000089 -7.68396500000043 -39.5000000000142
    vertex 60.1014697000084 -4.93396500000043 -37.1000000000146
    vertex 60.1014697000089 -4.93396500000043 -39.5000000000146
  endloop
endfacet
facet normal -0.573576303876325 -0.819148855307809 0.00231872367487288
  outer loop
    vertex 59.4201329000078 -6.36545000000044 -34.5000000000147
    vertex 59.3137567000084 -6.29832400000044 -37.1000000000147
    vertex 59.5422167000084 -6.45829400000044 -37.1000000000147
  endloop
endfacet
facet normal -0.492504617125628 -0.870306741486228 -0.00231901564500895
  outer loop
    vertex 59.4201329000078 -6.36545000000044 -34.5000000000147
    vertex 59.1774053000078 -6.22809100000044 -34.5000000000148
    vertex 59.3137567000084 -6.29832400000044 -37.1000000000147
  endloop
endfacet
facet normal -0.861676838382221 -0.50745211439095 -0.00231900749773752
  outer loop
    vertex 59.8164307000078 -6.75496500000044 -34.5000000000146
    vertex 59.8993977000084 -6.88396500000044 -37.1000000000146
    vertex 59.9579587000078 -6.99528600000044 -34.5000000000146
  endloop
endfacet
facet normal -0.422615473900347 -0.906306121168314 0.00231861010761387
  outer loop
    vertex 59.1774053000078 -6.22809100000044 -34.5000000000148
    vertex 59.0609889000084 -6.18045700000043 -37.1000000000148
    vertex 59.3137567000084 -6.29832400000044 -37.1000000000147
  endloop
endfacet
facet normal 0.86602543654873 -0.499999943250579 1.87235878134065e-013
  outer loop
    vertex 56.9260437000089 -4.93396500000043 -39.5000000000152
    vertex 55.3383307000084 -7.68396500000043 -37.1000000000156
    vertex 55.3383307000089 -7.68396500000043 -39.5000000000156
  endloop
endfacet
facet normal 0.86602543654873 -0.499999943250579 1.87235878134065e-013
  outer loop
    vertex 55.3383307000084 -7.68396500000043 -37.1000000000156
    vertex 56.9260437000089 -4.93396500000043 -39.5000000000152
    vertex 56.9260437000084 -4.93396500000043 -37.1000000000152
  endloop
endfacet
facet normal 0.0 1.0 0.0
  outer loop
    vertex 56.9260437000084 -10.4339650000004 -37.1000000000152
    vertex 60.1014697000089 -10.4339650000004 -39.5000000000146
    vertex 56.9260437000089 -10.4339650000004 -39.5000000000152
  endloop
endfacet
facet normal 0.0 1.0 0.0
  outer loop
    vertex 60.1014697000089 -10.4339650000004 -39.5000000000146
    vertex 56.9260437000084 -10.4339650000004 -37.1000000000152
    vertex 60.1014697000084 -10.4339650000004 -37.1000000000146
  endloop
endfacet
facet normal 0.0 -1.0 0.0
  outer loop
    vertex 60.1014697000089 -4.93396500000043 -39.5000000000146
    vertex 56.9260437000084 -4.93396500000043 -37.1000000000152
    vertex 56.9260437000089 -4.93396500000043 -39.5000000000152
  endloop
endfacet
facet normal 0.0 -1.0 0.0
  outer loop
    vertex 56.9260437000084 -4.93396500000043 -37.1000000000152
    vertex 60.1014697000089 -4.93396500000043 -39.5000000000146
    vertex 60.1014697000084 -4.93396500000043 -37.1000000000146
  endloop
endfacet
facet normal -0.996191891184801 0.087156975100221 0.00231897154570373
  outer loop
    vertex 60.1137567000084 -7.68396500000043 -37.1000000000146
    vertex 60.0894487000084 -7.96180200000044 -37.1000000000146
    vertex 60.1088127000078 -7.80965200000044 -34.5000000000146
  endloop
endfacet
facet normal -0.999960069542831 -0.00863036017105986 -0.0023186641012371
  outer loop
    vertex 60.1064057000078 -7.53076400000043 -34.5000000000146
    vertex 60.1137567000084 -7.68396500000043 -37.1000000000146
    vertex 60.1088127000078 -7.80965200000044 -34.5000000000146
  endloop
endfacet
facet normal -0.936702015322039 -0.350119919585856 -0.00231870671368677
  outer loop
    vertex 59.9579587000078 -6.99528600000044 -34.5000000000146
    vertex 60.0172647000084 -7.13673300000044 -37.1000000000146
    vertex 60.0556067000079 -7.25653100000044 -34.5000000000146
  endloop
endfacet
facet normal -0.965923383669315 -0.258817771401765 0.00231907038374112
  outer loop
    vertex 60.0172647000084 -7.13673300000044 -37.1000000000146
    vertex 60.0894487000084 -7.40612800000044 -37.1000000000146
    vertex 60.0556067000079 -7.25653100000044 -34.5000000000146
  endloop
endfacet
facet normal -0.906306249353873 -0.422615199283934 0.00231855910322877
  outer loop
    vertex 59.8993977000084 -6.88396500000044 -37.1000000000146
    vertex 60.0172647000084 -7.13673300000044 -37.1000000000146
    vertex 59.9579587000078 -6.99528600000044 -34.5000000000146
  endloop
endfacet
facet normal 2.15502381863606e-013 -1.05153202812235e-030 -1.0
  outer loop
    vertex 56.9260437000084 -4.93396500000043 -37.1000000000152
    vertex 56.9137567000084 -7.68396500000043 -37.1000000000153
    vertex 55.3383307000084 -7.68396500000043 -37.1000000000156
  endloop
endfacet
facet normal 2.15502381863606e-013 -1.05153202812235e-030 -1.0
  outer loop
    vertex 56.9137567000084 -7.68396500000043 -37.1000000000153
    vertex 56.9260437000084 -4.93396500000043 -37.1000000000152
    vertex 56.9380647000084 -7.40612800000044 -37.1000000000152
  endloop
endfacet
facet normal 2.15502381863606e-013 -1.05153202812235e-030 -1.0
  outer loop
    vertex 56.9380647000084 -7.40612800000044 -37.1000000000152
    vertex 56.9260437000084 -4.93396500000043 -37.1000000000152
    vertex 57.0102487000084 -7.13673300000044 -37.1000000000152
  endloop
endfacet
facet normal 2.15502381863606e-013 -1.05153202812235e-030 -1.0
  outer loop
    vertex 57.0102487000084 -7.13673300000044 -37.1000000000152
    vertex 56.9260437000084 -4.93396500000043 -37.1000000000152
    vertex 57.1281157000084 -6.88396500000044 -37.1000000000152
  endloop
endfacet
facet normal 2.15502381863606e-013 -1.05153202812235e-030 -1.0
  outer loop
    vertex 57.1281157000084 -6.88396500000044 -37.1000000000152
    vertex 56.9260437000084 -4.93396500000043 -37.1000000000152
    vertex 57.2880857000084 -6.65550500000044 -37.1000000000152
  endloop
endfacet
facet normal 2.15502381863606e-013 -1.05153202812235e-030 -1.0
  outer loop
    vertex 57.2880857000084 -6.65550500000044 -37.1000000000152
    vertex 56.9260437000084 -4.93396500000043 -37.1000000000152
    vertex 57.4852967000084 -6.45829400000044 -37.1000000000151
  endloop
endfacet
facet normal 2.15502381863606e-013 -1.05153202812235e-030 -1.0
  outer loop
    vertex 57.4852967000084 -6.45829400000044 -37.1000000000151
    vertex 56.9260437000084 -4.93396500000043 -37.1000000000152
    vertex 57.7137567000084 -6.29832400000044 -37.1000000000151
  endloop
endfacet
facet normal 2.15502381863606e-013 -1.05153202812235e-030 -1.0
  outer loop
    vertex 57.7137567000084 -6.29832400000044 -37.1000000000151
    vertex 56.9260437000084 -4.93396500000043 -37.1000000000152
    vertex 60.1014697000084 -4.93396500000043 -37.1000000000146
  endloop
endfacet
facet normal 2.15502381863606e-013 -1.05153202812235e-030 -1.0
  outer loop
    vertex 57.7137567000084 -6.29832400000044 -37.1000000000151
    vertex 60.1014697000084 -4.93396500000043 -37.1000000000146
    vertex 57.9665245000084 -6.18045700000043 -37.100000000015
  endloop
endfacet
facet normal 2.15502381863606e-013 -1.05153202812235e-030 -1.0
  outer loop
    vertex 57.9665245000084 -6.18045700000043 -37.100000000015
    vertex 60.1014697000084 -4.93396500000043 -37.1000000000146
    vertex 58.2359196000084 -6.10827500000044 -37.100000000015
  endloop
endfacet
facet normal 2.15502381863606e-013 -1.05153202812235e-030 -1.0
  outer loop
    vertex 58.2359196000084 -6.10827500000044 -37.100000000015
    vertex 60.1014697000084 -4.93396500000043 -37.1000000000146
    vertex 58.5137567000084 -6.08396500000044 -37.1000000000149
  endloop
endfacet
facet normal 2.15502381863606e-013 -1.05153202812235e-030 -1.0
  outer loop
    vertex 58.5137567000084 -6.08396500000044 -37.1000000000149
    vertex 60.1014697000084 -4.93396500000043 -37.1000000000146
    vertex 58.7915938000084 -6.10827500000044 -37.1000000000149
  endloop
endfacet
facet normal 2.15502381863606e-013 -1.05153202812235e-030 -1.0
  outer loop
    vertex 58.7915938000084 -6.10827500000044 -37.1000000000149
    vertex 60.1014697000084 -4.93396500000043 -37.1000000000146
    vertex 59.0609889000084 -6.18045700000043 -37.1000000000148
  endloop
endfacet
facet normal 2.15502381863606e-013 -1.05153202812235e-030 -1.0
  outer loop
    vertex 59.0609889000084 -6.18045700000043 -37.1000000000148
    vertex 60.1014697000084 -4.93396500000043 -37.1000000000146
    vertex 59.3137567000084 -6.29832400000044 -37.1000000000147
  endloop
endfacet
facet normal 2.15502381863606e-013 -1.05153202812235e-030 -1.0
  outer loop
    vertex 59.3137567000084 -6.29832400000044 -37.1000000000147
    vertex 60.1014697000084 -4.93396500000043 -37.1000000000146
    vertex 59.5422167000084 -6.45829400000044 -37.1000000000147
  endloop
endfacet
facet normal 2.15502381863606e-013 -1.05153202812235e-030 -1.0
  outer loop
    vertex 59.5422167000084 -6.45829400000044 -37.1000000000147
    vertex 60.1014697000084 -4.93396500000043 -37.1000000000146
    vertex 59.7394277000084 -6.65550500000044 -37.1000000000146
  endloop
endfacet
facet normal 2.15502381863606e-013 -1.05153202812235e-030 -1.0
  outer loop
    vertex 59.7394277000084 -6.65550500000044 -37.1000000000146
    vertex 60.1014697000084 -4.93396500000043 -37.1000000000146
    vertex 59.8993977000084 -6.88396500000044 -37.1000000000146
  endloop
endfacet
facet normal 2.15502381863606e-013 -1.05153202812235e-030 -1.0
  outer loop
    vertex 59.8993977000084 -6.88396500000044 -37.1000000000146
    vertex 60.1014697000084 -4.93396500000043 -37.1000000000146
    vertex 60.0172647000084 -7.13673300000044 -37.1000000000146
  endloop
endfacet
facet normal 2.15502381863606e-013 -1.05153202812235e-030 -1.0
  outer loop
    vertex 60.0172647000084 -7.13673300000044 -37.1000000000146
    vertex 60.1014697000084 -4.93396500000043 -37.1000000000146
    vertex 60.0894487000084 -7.40612800000044 -37.1000000000146
  endloop
endfacet
facet normal 2.15502381863606e-013 -1.05153202812235e-030 -1.0
  outer loop
    vertex 60.0894487000084 -7.40612800000044 -37.1000000000146
    vertex 60.1014697000084 -4.93396500000043 -37.1000000000146
    vertex 60.1137567000084 -7.68396500000043 -37.1000000000146
  endloop
endfacet
facet normal 2.15502381863606e-013 -1.05153202812235e-030 -1.0
  outer loop
    vertex 60.1137567000084 -7.68396500000043 -37.1000000000146
    vertex 60.1014697000084 -4.93396500000043 -37.1000000000146
    vertex 61.6891827000084 -7.68396500000043 -37.1000000000142
  endloop
endfacet
facet normal 2.15502381863606e-013 -1.05153202812235e-030 -1.0
  outer loop
    vertex 56.9137567000084 -7.68396500000043 -37.1000000000153
    vertex 56.9260437000084 -10.4339650000004 -37.1000000000152
    vertex 55.3383307000084 -7.68396500000043 -37.1000000000156
  endloop
endfacet
facet normal 2.15502381863606e-013 -1.05153202812235e-030 -1.0
  outer loop
    vertex 56.9260437000084 -10.4339650000004 -37.1000000000152
    vertex 56.9137567000084 -7.68396500000043 -37.1000000000153
    vertex 56.9380647000084 -7.96180200000044 -37.1000000000152
  endloop
endfacet
facet normal 2.15502381863606e-013 -1.05153202812235e-030 -1.0
  outer loop
    vertex 56.9260437000084 -10.4339650000004 -37.1000000000152
    vertex 56.9380647000084 -7.96180200000044 -37.1000000000152
    vertex 57.0102487000084 -8.23119700000044 -37.1000000000152
  endloop
endfacet
facet normal 2.15502381863606e-013 -1.05153202812235e-030 -1.0
  outer loop
    vertex 56.9260437000084 -10.4339650000004 -37.1000000000152
    vertex 57.0102487000084 -8.23119700000044 -37.1000000000152
    vertex 57.1281157000084 -8.48396500000044 -37.1000000000152
  endloop
endfacet
facet normal 2.15502381863606e-013 -1.05153202812235e-030 -1.0
  outer loop
    vertex 56.9260437000084 -10.4339650000004 -37.1000000000152
    vertex 57.1281157000084 -8.48396500000044 -37.1000000000152
    vertex 57.2880857000084 -8.71242500000043 -37.1000000000152
  endloop
endfacet
facet normal 2.15502381863606e-013 -1.05153202812235e-030 -1.0
  outer loop
    vertex 56.9260437000084 -10.4339650000004 -37.1000000000152
    vertex 57.2880857000084 -8.71242500000043 -37.1000000000152
    vertex 57.4852967000084 -8.90963600000043 -37.1000000000151
  endloop
endfacet
facet normal 2.15502381863606e-013 -1.05153202812235e-030 -1.0
  outer loop
    vertex 56.9260437000084 -10.4339650000004 -37.1000000000152
    vertex 57.4852967000084 -8.90963600000043 -37.1000000000151
    vertex 57.7137567000084 -9.06960600000043 -37.1000000000151
  endloop
endfacet
facet normal 2.15502381863606e-013 -1.05153202812235e-030 -1.0
  outer loop
    vertex 56.9260437000084 -10.4339650000004 -37.1000000000152
    vertex 57.7137567000084 -9.06960600000043 -37.1000000000151
    vertex 60.1014697000084 -10.4339650000004 -37.1000000000146
  endloop
endfacet
facet normal 2.15502381863606e-013 -1.05153202812235e-030 -1.0
  outer loop
    vertex 60.1014697000084 -10.4339650000004 -37.1000000000146
    vertex 57.7137567000084 -9.06960600000043 -37.1000000000151
    vertex 57.9665245000084 -9.18747300000043 -37.100000000015
  endloop
endfacet
facet normal 2.15502381863606e-013 -1.05153202812235e-030 -1.0
  outer loop
    vertex 60.1014697000084 -10.4339650000004 -37.1000000000146
    vertex 57.9665245000084 -9.18747300000043 -37.100000000015
    vertex 58.2359196000084 -9.25965700000043 -37.100000000015
  endloop
endfacet
facet normal 2.15502381863606e-013 -1.05153202812235e-030 -1.0
  outer loop
    vertex 60.1014697000084 -10.4339650000004 -37.1000000000146
    vertex 58.2359196000084 -9.25965700000043 -37.100000000015
    vertex 58.5137567000084 -9.28396500000043 -37.1000000000149
  endloop
endfacet
facet normal 2.15502381863606e-013 -1.05153202812235e-030 -1.0
  outer loop
    vertex 60.1014697000084 -10.4339650000004 -37.1000000000146
    vertex 58.5137567000084 -9.28396500000043 -37.1000000000149
    vertex 58.7915938000084 -9.25965700000043 -37.1000000000149
  endloop
endfacet
facet normal 2.15502381863606e-013 -1.05153202812235e-030 -1.0
  outer loop
    vertex 60.1014697000084 -10.4339650000004 -37.1000000000146
    vertex 58.7915938000084 -9.25965700000043 -37.1000000000149
    vertex 59.0609889000084 -9.18747300000043 -37.1000000000148
  endloop
endfacet
facet normal 2.15502381863606e-013 -1.05153202812235e-030 -1.0
  outer loop
    vertex 60.1014697000084 -10.4339650000004 -37.1000000000146
    vertex 59.0609889000084 -9.18747300000043 -37.1000000000148
    vertex 59.3137567000084 -9.06960600000043 -37.1000000000147
  endloop
endfacet
facet normal 2.15502381863606e-013 -1.05153202812235e-030 -1.0
  outer loop
    vertex 60.1014697000084 -10.4339650000004 -37.1000000000146
    vertex 59.3137567000084 -9.06960600000043 -37.1000000000147
    vertex 59.5422167000084 -8.90963600000043 -37.1000000000147
  endloop
endfacet
facet normal 2.15502381863606e-013 -1.05153202812235e-030 -1.0
  outer loop
    vertex 60.1014697000084 -10.4339650000004 -37.1000000000146
    vertex 59.5422167000084 -8.90963600000043 -37.1000000000147
    vertex 59.7394277000084 -8.71242500000043 -37.1000000000146
  endloop
endfacet
facet normal 2.15502381863606e-013 -1.05153202812235e-030 -1.0
  outer loop
    vertex 60.1014697000084 -10.4339650000004 -37.1000000000146
    vertex 59.7394277000084 -8.71242500000043 -37.1000000000146
    vertex 59.8993977000084 -8.48396500000044 -37.1000000000146
  endloop
endfacet
facet normal 2.15502381863606e-013 -1.05153202812235e-030 -1.0
  outer loop
    vertex 60.1014697000084 -10.4339650000004 -37.1000000000146
    vertex 59.8993977000084 -8.48396500000044 -37.1000000000146
    vertex 60.0172647000084 -8.23119700000044 -37.1000000000146
  endloop
endfacet
facet normal 2.15502381863606e-013 -1.05153202812235e-030 -1.0
  outer loop
    vertex 60.1014697000084 -10.4339650000004 -37.1000000000146
    vertex 60.0172647000084 -8.23119700000044 -37.1000000000146
    vertex 60.0894487000084 -7.96180200000044 -37.1000000000146
  endloop
endfacet
facet normal 2.15502381863606e-013 -1.05153202812235e-030 -1.0
  outer loop
    vertex 60.1014697000084 -10.4339650000004 -37.1000000000146
    vertex 60.0894487000084 -7.96180200000044 -37.1000000000146
    vertex 60.1137567000084 -7.68396500000043 -37.1000000000146
  endloop
endfacet
facet normal 2.15502381863606e-013 -1.05153202812235e-030 -1.0
  outer loop
    vertex 60.1014697000084 -10.4339650000004 -37.1000000000146
    vertex 60.1137567000084 -7.68396500000043 -37.1000000000146
    vertex 61.6891827000084 -7.68396500000043 -37.1000000000142
  endloop
endfacet
facet normal -0.866025436548729 0.49999994325058 -1.87211590502322e-013
  outer loop
    vertex 61.6891827000084 -7.68396500000043 -37.1000000000142
    vertex 60.1014697000089 -10.4339650000004 -39.5000000000146
    vertex 60.1014697000084 -10.4339650000004 -37.1000000000146
  endloop
endfacet
facet normal -0.866025436548729 0.49999994325058 -1.87211590502322e-013
  outer loop
    vertex 60.1014697000089 -10.4339650000004 -39.5000000000146
    vertex 61.6891827000084 -7.68396500000043 -37.1000000000142
    vertex 61.6891827000089 -7.68396500000043 -39.5000000000142
  endloop
endfacet
facet normal 0.866025436548729 0.49999994325058 1.87211590502322e-013
  outer loop
    vertex 55.3383307000089 -7.68396500000043 -39.5000000000156
    vertex 56.9260437000084 -10.4339650000004 -37.1000000000152
    vertex 56.9260437000089 -10.4339650000004 -39.5000000000152
  endloop
endfacet
facet normal 0.866025436548729 0.49999994325058 1.87211590502322e-013
  outer loop
    vertex 56.9260437000084 -10.4339650000004 -37.1000000000152
    vertex 55.3383307000089 -7.68396500000043 -39.5000000000156
    vertex 55.3383307000084 -7.68396500000043 -37.1000000000156
  endloop
endfacet
facet normal -0.983269659955366 -0.182141155353458 -0.00231847746743606
  outer loop
    vertex 60.0556067000079 -7.25653100000044 -34.5000000000146
    vertex 60.0894487000084 -7.40612800000044 -37.1000000000146
    vertex 60.1064057000078 -7.53076400000043 -34.5000000000146
  endloop
endfacet
facet normal -0.996191891004313 -0.0871569750844318 0.00231904967252537
  outer loop
    vertex 60.0894487000084 -7.40612800000044 -37.1000000000146
    vertex 60.1137567000084 -7.68396500000043 -37.1000000000146
    vertex 60.1064057000078 -7.53076400000043 -34.5000000000146
  endloop
endfacet
facet normal 0.936702015322096 0.350119919585708 -0.00231870671327347
  outer loop
    vertex 56.9719067000078 -8.11139900000043 -34.5000000000152
    vertex 57.0695547000078 -8.37264400000044 -34.5000000000152
    vertex 57.0102487000084 -8.23119700000044 -37.1000000000152
  endloop
endfacet
facet normal 0.906306249353938 0.422615199283793 0.00231855910362855
  outer loop
    vertex 57.0102487000084 -8.23119700000044 -37.1000000000152
    vertex 57.0695547000078 -8.37264400000044 -34.5000000000152
    vertex 57.1281157000084 -8.48396500000044 -37.1000000000152
  endloop
endfacet
facet normal 0.861676838382227 0.507452114390941 -0.0023190074973643
  outer loop
    vertex 57.0695547000078 -8.37264400000044 -34.5000000000152
    vertex 57.2110827000078 -8.61296500000044 -34.5000000000152
    vertex 57.1281157000084 -8.48396500000044 -37.1000000000152
  endloop
endfacet
facet normal 0.819148855060423 0.573576303703199 0.00231885389245019
  outer loop
    vertex 57.1281157000084 -8.48396500000044 -37.1000000000152
    vertex 57.2110827000078 -8.61296500000044 -34.5000000000152
    vertex 57.2880857000084 -8.71242500000043 -37.1000000000152
  endloop
endfacet
facet normal 0.942606565749889 -0.333897417690462 -0.0023187636450428
  outer loop
    vertex 57.0578827000078 -7.02031600000044 -34.5000000000152
    vertex 56.9647587000078 -7.28320900000044 -34.5000000000152
    vertex 57.0102487000084 -7.13673300000044 -37.1000000000152
  endloop
endfacet
facet normal 0.760465068560166 0.649374701508011 -0.00231873697584954
  outer loop
    vertex 57.2110827000078 -8.61296500000044 -34.5000000000152
    vertex 57.3921927000078 -8.82505800000043 -34.5000000000151
    vertex 57.2880857000084 -8.71242500000043 -37.1000000000152
  endloop
endfacet
facet normal 0.707104880251721 0.707104880251782 0.00231876008055198
  outer loop
    vertex 57.3921927000078 -8.82505800000043 -34.5000000000151
    vertex 57.4852967000084 -8.90963600000043 -37.1000000000151
    vertex 57.2880857000084 -8.71242500000043 -37.1000000000152
  endloop
endfacet
facet normal -0.0871640601568127 -0.996191266893875 0.00232085789216937
  outer loop
    vertex 58.6394440000078 -6.08890500000044 -34.5000000000149
    vertex 58.5137567000084 -6.08396500000044 -37.1000000000149
    vertex 58.7915938000084 -6.10827500000044 -37.1000000000149
  endloop
endfacet
facet normal 0.819148855391575 -0.573576303935054 0.00231867955416078
  outer loop
    vertex 57.2880857000084 -6.65550500000044 -37.1000000000152
    vertex 57.1952417000078 -6.77758900000044 -34.5000000000152
    vertex 57.1281157000084 -6.88396500000044 -37.1000000000152
  endloop
endfacet
facet normal -0.333898207606129 -0.942606285849526 -0.00231880020168942
  outer loop
    vertex 59.1774053000078 -6.22809100000044 -34.5000000000148
    vertex 58.9145130000078 -6.13496700000043 -34.5000000000148
    vertex 59.0609889000084 -6.18045700000043 -37.1000000000148
  endloop
endfacet
facet normal 0.573576303703134 -0.819148855060469 0.00231885389239406
  outer loop
    vertex 57.5847567000078 -6.38129100000044 -34.5000000000151
    vertex 57.4852967000084 -6.45829400000044 -37.1000000000151
    vertex 57.7137567000084 -6.29832400000044 -37.1000000000151
  endloop
endfacet
facet normal 0.0871640603622615 -0.996191269242107 0.00231984201286869
  outer loop
    vertex 58.3605560000078 -6.09131500000044 -34.5000000000149
    vertex 58.2359196000084 -6.10827500000044 -37.100000000015
    vertex 58.5137567000084 -6.08396500000044 -37.1000000000149
  endloop
endfacet
facet normal 0.350119096441286 -0.936702322967893 -0.00231871811372109
  outer loop
    vertex 58.0863229000078 -6.14211500000044 -34.500000000015
    vertex 57.8250772000078 -6.23976300000044 -34.500000000015
    vertex 57.9665245000084 -6.18045700000043 -37.100000000015
  endloop
endfacet
facet normal 0.870306219683639 -0.492505539266483 -0.00231900232961848
  outer loop
    vertex 57.1952417000078 -6.77758900000044 -34.5000000000152
    vertex 57.0578827000078 -7.02031600000044 -34.5000000000152
    vertex 57.1281157000084 -6.88396500000044 -37.1000000000152
  endloop
endfacet
facet normal 0.9961918911848 -0.0871569751002228 0.0023189715461185
  outer loop
    vertex 56.9380647000084 -7.40612800000044 -37.1000000000152
    vertex 56.9187007000078 -7.55827800000044 -34.5000000000152
    vertex 56.9137567000084 -7.68396500000043 -37.1000000000153
  endloop
endfacet
facet normal -0.25881099087774 -0.965925199753683 0.00231937096843734
  outer loop
    vertex 58.9145130000078 -6.13496700000043 -34.5000000000148
    vertex 58.7915938000084 -6.10827500000044 -37.1000000000149
    vertex 59.0609889000084 -6.18045700000043 -37.1000000000148
  endloop
endfacet
facet normal -0.165156107639316 -0.986264716517812 -0.00231712353355398
  outer loop
    vertex 58.9145130000078 -6.13496700000043 -34.5000000000148
    vertex 58.6394440000078 -6.08890500000044 -34.5000000000149
    vertex 58.7915938000084 -6.10827500000044 -37.1000000000149
  endloop
endfacet
facet normal 0.649374701507985 -0.760465068560188 -0.00231873697587876
  outer loop
    vertex 57.5847567000078 -6.38129100000044 -34.5000000000151
    vertex 57.3726637000078 -6.56240100000044 -34.5000000000152
    vertex 57.4852967000084 -6.45829400000044 -37.1000000000151
  endloop
endfacet
facet normal 0.707104880251721 -0.707104880251783 0.00231876008054387
  outer loop
    vertex 57.3726637000078 -6.56240100000044 -34.5000000000152
    vertex 57.2880857000084 -6.65550500000044 -37.1000000000152
    vertex 57.4852967000084 -6.45829400000044 -37.1000000000151
  endloop
endfacet
facet normal 0.983269659955338 0.182141155353615 -0.00231847746701754
  outer loop
    vertex 56.9211077000078 -7.83716600000044 -34.5000000000152
    vertex 56.9719067000078 -8.11139900000043 -34.5000000000152
    vertex 56.9380647000084 -7.96180200000044 -37.1000000000152
  endloop
endfacet
facet normal 0.2588109908785 -0.96592519975636 0.0023193697690571
  outer loop
    vertex 58.0863229000078 -6.14211500000044 -34.500000000015
    vertex 57.9665245000084 -6.18045700000043 -37.100000000015
    vertex 58.2359196000084 -6.10827500000044 -37.100000000015
  endloop
endfacet
facet normal 0.507452898362084 -0.861676376835793 -0.00231895387228532
  outer loop
    vertex 57.8250772000078 -6.23976300000044 -34.500000000015
    vertex 57.5847567000078 -6.38129100000044 -34.5000000000151
    vertex 57.7137567000084 -6.29832400000044 -37.1000000000151
  endloop
endfacet
facet normal 0.965923383669274 0.258817771401915 0.00231907038415204
  outer loop
    vertex 56.9380647000084 -7.96180200000044 -37.1000000000152
    vertex 56.9719067000078 -8.11139900000043 -34.5000000000152
    vertex 57.0102487000084 -8.23119700000044 -37.1000000000152
  endloop
endfacet
facet normal 0.00864111596564732 -0.999959979014007 -0.00231764647347435
  outer loop
    vertex 58.6394440000078 -6.08890500000044 -34.5000000000149
    vertex 58.3605560000078 -6.09131500000044 -34.5000000000149
    vertex 58.5137567000084 -6.08396500000044 -37.1000000000149
  endloop
endfacet
facet normal 0.182144558105175 -0.983269031836932 -0.00231753816221656
  outer loop
    vertex 58.3605560000078 -6.09131500000044 -34.5000000000149
    vertex 58.0863229000078 -6.14211500000044 -34.500000000015
    vertex 58.2359196000084 -6.10827500000044 -37.100000000015
  endloop
endfacet
facet normal 0.986267049257269 -0.165142156166808 -0.0023185784301779
  outer loop
    vertex 56.9647587000078 -7.28320900000044 -34.5000000000152
    vertex 56.9187007000078 -7.55827800000044 -34.5000000000152
    vertex 56.9380647000084 -7.40612800000044 -37.1000000000152
  endloop
endfacet
facet normal 0.906306249072588 -0.422615199152608 0.00231869298921254
  outer loop
    vertex 57.1281157000084 -6.88396500000044 -37.1000000000152
    vertex 57.0578827000078 -7.02031600000044 -34.5000000000152
    vertex 57.0102487000084 -7.13673300000044 -37.1000000000152
  endloop
endfacet
facet normal 0.999960069542833 0.00863036017089828 -0.00231866410081278
  outer loop
    vertex 56.9187007000078 -7.55827800000044 -34.5000000000152
    vertex 56.9211077000078 -7.83716600000044 -34.5000000000152
    vertex 56.9137567000084 -7.68396500000043 -37.1000000000153
  endloop
endfacet
facet normal 0.422615473885038 -0.906306121135484 0.00231862573055383
  outer loop
    vertex 57.8250772000078 -6.23976300000044 -34.500000000015
    vertex 57.7137567000084 -6.29832400000044 -37.1000000000151
    vertex 57.9665245000084 -6.18045700000043 -37.100000000015
  endloop
endfacet
facet normal 0.771561436277223 -0.636150589936167 -0.00231883024293112
  outer loop
    vertex 57.3726637000078 -6.56240100000044 -34.5000000000152
    vertex 57.1952417000078 -6.77758900000044 -34.5000000000152
    vertex 57.2880857000084 -6.65550500000044 -37.1000000000152
  endloop
endfacet
facet normal 0.965923383945101 -0.258817771475823 0.00231894724674539
  outer loop
    vertex 57.0102487000084 -7.13673300000044 -37.1000000000152
    vertex 56.9647587000078 -7.28320900000044 -34.5000000000152
    vertex 56.9380647000084 -7.40612800000044 -37.1000000000152
  endloop
endfacet
facet normal 0.996191891004312 0.0871569750844301 0.00231904967295743
  outer loop
    vertex 56.9137567000084 -7.68396500000043 -37.1000000000153
    vertex 56.9211077000078 -7.83716600000044 -34.5000000000152
    vertex 56.9380647000084 -7.96180200000044 -37.1000000000152
  endloop
endfacet
facet normal -0.649374701507984 0.760465068560188 -0.00231873697617175
  outer loop
    vertex 59.6548497000078 -8.80552900000043 -34.5000000000147
    vertex 59.5422167000084 -8.90963600000043 -37.1000000000147
    vertex 59.4427567000078 -8.98663900000043 -34.5000000000147
  endloop
endfacet
facet normal 0.333898207606112 0.942606285849533 -0.00231880020153766
  outer loop
    vertex 58.1130004000078 -9.23296300000043 -34.500000000015
    vertex 57.9665245000084 -9.18747300000043 -37.100000000015
    vertex 57.8501081000078 -9.13983900000043 -34.500000000015
  endloop
endfacet
facet normal -0.258817681784967 0.965923407766833 0.00231903505034356
  outer loop
    vertex 58.9411905000078 -9.22581500000043 -34.5000000000148
    vertex 59.0609889000084 -9.18747300000043 -37.1000000000148
    vertex 58.7915938000084 -9.25965700000043 -37.1000000000149
  endloop
endfacet
facet normal -0.965923383945143 0.258817771475672 0.00231894724631877
  outer loop
    vertex 60.0894487000084 -7.96180200000044 -37.1000000000146
    vertex 60.0172647000084 -8.23119700000044 -37.1000000000146
    vertex 60.0627547000078 -8.08472100000044 -34.5000000000146
  endloop
endfacet
facet normal -0.986267049257242 0.165142156166965 -0.00231857843059807
  outer loop
    vertex 60.1088127000078 -7.80965200000044 -34.5000000000146
    vertex 60.0894487000084 -7.96180200000044 -37.1000000000146
    vertex 60.0627547000078 -8.08472100000044 -34.5000000000146
  endloop
endfacet
facet normal -0.707104880251803 0.707104880251702 0.00231876008023155
  outer loop
    vertex 59.7394277000084 -8.71242500000043 -37.1000000000146
    vertex 59.5422167000084 -8.90963600000043 -37.1000000000147
    vertex 59.6548497000078 -8.80552900000043 -34.5000000000147
  endloop
endfacet
facet normal -0.0871569439553534 0.996191893755498 0.00231903777414404
  outer loop
    vertex 58.6669574000078 -9.27661400000044 -34.5000000000149
    vertex 58.7915938000084 -9.25965700000043 -37.1000000000149
    vertex 58.5137567000084 -9.28396500000043 -37.1000000000149
  endloop
endfacet
facet normal -0.350119096441214 0.936702322967919 -0.00231871811387541
  outer loop
    vertex 59.2024362000078 -9.12816700000043 -34.5000000000148
    vertex 59.0609889000084 -9.18747300000043 -37.1000000000148
    vertex 58.9411905000078 -9.22581500000043 -34.5000000000148
  endloop
endfacet
facet normal -0.771561436277222 0.636150589936167 -0.00231883024326584
  outer loop
    vertex 59.8322717000078 -8.59034100000044 -34.5000000000146
    vertex 59.7394277000084 -8.71242500000043 -37.1000000000146
    vertex 59.6548497000078 -8.80552900000043 -34.5000000000147
  endloop
endfacet
facet normal 0.087156943966997 0.996191893888755 0.00231898009235651
  outer loop
    vertex 58.3880694000078 -9.27902100000043 -34.5000000000149
    vertex 58.5137567000084 -9.28396500000043 -37.1000000000149
    vertex 58.2359196000084 -9.25965700000043 -37.100000000015
  endloop
endfacet
facet normal -0.182141091128175 0.983269671793842 -0.00231850233298944
  outer loop
    vertex 58.9411905000078 -9.22581500000043 -34.5000000000148
    vertex 58.7915938000084 -9.25965700000043 -37.1000000000149
    vertex 58.6669574000078 -9.27661400000044 -34.5000000000149
  endloop
endfacet
facet normal 0.636150941946524 0.771561146111628 -0.00231880819864138
  outer loop
    vertex 57.6073805000078 -9.00248000000044 -34.5000000000151
    vertex 57.4852967000084 -8.90963600000043 -37.1000000000151
    vertex 57.3921927000078 -8.82505800000043 -34.5000000000151
  endloop
endfacet
facet normal 0.573576303876324 0.819148855307809 0.00231872367513166
  outer loop
    vertex 57.6073805000078 -9.00248000000044 -34.5000000000151
    vertex 57.7137567000084 -9.06960600000043 -37.1000000000151
    vertex 57.4852967000084 -8.90963600000043 -37.1000000000151
  endloop
endfacet
facet normal -0.90630624907253 0.422615199152733 0.00231869298881029
  outer loop
    vertex 60.0172647000084 -8.23119700000044 -37.1000000000146
    vertex 59.8993977000084 -8.48396500000044 -37.1000000000146
    vertex 59.9696307000078 -8.34761400000043 -34.5000000000146
  endloop
endfacet
facet normal 0.42261547390033 0.906306121168321 0.00231861010780565
  outer loop
    vertex 57.8501081000078 -9.13983900000043 -34.500000000015
    vertex 57.9665245000084 -9.18747300000043 -37.100000000015
    vertex 57.7137567000084 -9.06960600000043 -37.1000000000151
  endloop
endfacet
facet normal 0.258817681828448 0.96592340792895 0.00231896267119489
  outer loop
    vertex 58.1130004000078 -9.23296300000043 -34.500000000015
    vertex 58.2359196000084 -9.25965700000043 -37.100000000015
    vertex 57.9665245000084 -9.18747300000043 -37.100000000015
  endloop
endfacet
facet normal -0.870306219683635 0.492505539266487 -0.00231900232999742
  outer loop
    vertex 59.9696307000078 -8.34761400000043 -34.5000000000146
    vertex 59.8993977000084 -8.48396500000044 -37.1000000000146
    vertex 59.8322717000078 -8.59034100000044 -34.5000000000146
  endloop
endfacet
facet normal -0.00863036017103974 0.999960069540523 -0.00231866509682322
  outer loop
    vertex 58.6669574000078 -9.27661400000044 -34.5000000000149
    vertex 58.5137567000084 -9.28396500000043 -37.1000000000149
    vertex 58.3880694000078 -9.27902100000043 -34.5000000000149
  endloop
endfacet
facet normal -0.942606565749888 0.333897417690462 -0.0023187636454681
  outer loop
    vertex 60.0627547000078 -8.08472100000044 -34.5000000000146
    vertex 60.0172647000084 -8.23119700000044 -37.1000000000146
    vertex 59.9696307000078 -8.34761400000043 -34.5000000000146
  endloop
endfacet
facet normal 0.492504617125629 0.870306741486228 -0.00231901564478673
  outer loop
    vertex 57.8501081000078 -9.13983900000043 -34.500000000015
    vertex 57.7137567000084 -9.06960600000043 -37.1000000000151
    vertex 57.6073805000078 -9.00248000000044 -34.5000000000151
  endloop
endfacet
facet normal 0.165142156171827 0.986267049286292 -0.00231856572716626
  outer loop
    vertex 58.3880694000078 -9.27902100000043 -34.5000000000149
    vertex 58.2359196000084 -9.25965700000043 -37.100000000015
    vertex 58.1130004000078 -9.23296300000043 -34.500000000015
  endloop
endfacet
facet normal -0.422615473885022 0.906306121135492 0.00231862573037137
  outer loop
    vertex 59.2024362000078 -9.12816700000043 -34.5000000000148
    vertex 59.3137567000084 -9.06960600000043 -37.1000000000147
    vertex 59.0609889000084 -9.18747300000043 -37.1000000000148
  endloop
endfacet
facet normal -0.573576303703135 0.819148855060469 0.00231885389213525
  outer loop
    vertex 59.4427567000078 -8.98663900000043 -34.5000000000147
    vertex 59.5422167000084 -8.90963600000043 -37.1000000000147
    vertex 59.3137567000084 -9.06960600000043 -37.1000000000147
  endloop
endfacet
facet normal -0.819148855391566 0.573576303935068 0.00231867955380438
  outer loop
    vertex 59.8993977000084 -8.48396500000044 -37.1000000000146
    vertex 59.7394277000084 -8.71242500000043 -37.1000000000146
    vertex 59.8322717000078 -8.59034100000044 -34.5000000000146
  endloop
endfacet
facet normal -0.507452898362153 0.861676376835751 -0.00231895387250944
  outer loop
    vertex 59.4427567000078 -8.98663900000043 -34.5000000000147
    vertex 59.3137567000084 -9.06960600000043 -37.1000000000147
    vertex 59.2024362000078 -9.12816700000043 -34.5000000000148
  endloop
endfacet
facet normal -0.819151057385177 -0.573577845793181 -1.77689330937374e-013
  outer loop
    vertex 96.8104267000078 30.4154949999996 -34.5000000000067
    vertex 96.9703967000084 30.1870349999996 -37.1000000000066
    vertex 96.9703967000078 30.1870349999996 -34.5000000000066
  endloop
endfacet
facet normal -0.819151057385177 -0.573577845793181 -1.77689330937374e-013
  outer loop
    vertex 96.9703967000084 30.1870349999996 -37.1000000000066
    vertex 96.8104267000078 30.4154949999996 -34.5000000000067
    vertex 96.8104267000084 30.4154949999996 -37.1000000000067
  endloop
endfacet
facet normal -0.573577845793219 -0.819151057385151 -1.19441316597065e-013
  outer loop
    vertex 96.6132167000084 30.6127049999996 -37.1000000000067
    vertex 96.3847567000079 30.7726749999995 -34.5000000000067
    vertex 96.3847567000084 30.7726749999995 -37.1000000000067
  endloop
endfacet
facet normal -0.573577845793219 -0.819151057385151 -1.19441316597065e-013
  outer loop
    vertex 96.3847567000079 30.7726749999995 -34.5000000000067
    vertex 96.6132167000084 30.6127049999996 -37.1000000000067
    vertex 96.6132167000078 30.6127049999996 -34.5000000000067
  endloop
endfacet
facet normal -0.965928365707461 -0.258809567678076 -2.0114815641069e-013
  outer loop
    vertex 97.0882667000078 29.9342649999996 -34.5000000000066
    vertex 97.1604467000084 29.6648749999996 -37.1000000000066
    vertex 97.1604467000079 29.6648749999996 -34.5000000000066
  endloop
endfacet
facet normal -0.965928365707461 -0.258809567678076 -2.0114815641069e-013
  outer loop
    vertex 97.1604467000084 29.6648749999996 -37.1000000000066
    vertex 97.0882667000078 29.9342649999996 -34.5000000000066
    vertex 97.0882667000084 29.9342649999996 -37.1000000000066
  endloop
endfacet
facet normal 0.0871633920278734 -0.99619402883685 1.89076717002781e-014
  outer loop
    vertex 95.5847567000084 30.9870349999996 -37.1000000000069
    vertex 95.3069167000078 30.9627249999996 -34.500000000007
    vertex 95.3069167000084 30.9627249999996 -37.100000000007
  endloop
endfacet
facet normal 0.0871633920278734 -0.99619402883685 1.89076717002781e-014
  outer loop
    vertex 95.3069167000078 30.9627249999996 -34.500000000007
    vertex 95.5847567000084 30.9870349999996 -37.1000000000069
    vertex 95.5847567000078 30.9870349999996 -34.5000000000069
  endloop
endfacet
facet normal 0.819151057385215 0.573577845793126 1.70580410357236e-013
  outer loop
    vertex 94.1991167000084 28.5870349999995 -37.1000000000072
    vertex 94.3590867000078 28.3585749999996 -34.5000000000072
    vertex 94.3590867000084 28.3585749999996 -37.1000000000072
  endloop
endfacet
facet normal 0.819151057385215 0.573577845793126 1.70580410357236e-013
  outer loop
    vertex 94.3590867000078 28.3585749999996 -34.5000000000072
    vertex 94.1991167000084 28.5870349999995 -37.1000000000072
    vertex 94.1991167000079 28.5870349999995 -34.5000000000072
  endloop
endfacet
facet normal 0.573577845793208 0.819151057385158 1.24420110004235e-013
  outer loop
    vertex 94.5562967000078 28.1613649999996 -34.5000000000071
    vertex 94.7847567000084 28.0013949999996 -37.1000000000071
    vertex 94.5562967000084 28.1613649999996 -37.1000000000071
  endloop
endfacet
facet normal 0.573577845793208 0.819151057385158 1.24420110004235e-013
  outer loop
    vertex 94.7847567000084 28.0013949999996 -37.1000000000071
    vertex 94.5562967000078 28.1613649999996 -34.5000000000071
    vertex 94.7847567000078 28.0013949999996 -34.5000000000071
  endloop
endfacet
facet normal -0.422622423899456 -0.906305846178512 -8.80129677467466e-014
  outer loop
    vertex 96.3847567000084 30.7726749999995 -37.1000000000067
    vertex 96.1319867000078 30.8905449999996 -34.5000000000068
    vertex 96.1319867000084 30.8905449999996 -37.1000000000068
  endloop
endfacet
facet normal -0.422622423899456 -0.906305846178512 -8.80129677467466e-014
  outer loop
    vertex 96.1319867000078 30.8905449999996 -34.5000000000068
    vertex 96.3847567000084 30.7726749999995 -37.1000000000067
    vertex 96.3847567000079 30.7726749999995 -34.5000000000067
  endloop
endfacet
facet normal 0.422622423899456 -0.906305846178512 9.53449281971845e-014
  outer loop
    vertex 95.0375267000084 30.8905449999996 -37.100000000007
    vertex 94.7847567000078 30.7726749999995 -34.5000000000071
    vertex 94.7847567000084 30.7726749999995 -37.1000000000071
  endloop
endfacet
facet normal 0.422622423899456 -0.906305846178512 9.53449281971845e-014
  outer loop
    vertex 94.7847567000078 30.7726749999995 -34.5000000000071
    vertex 95.0375267000084 30.8905449999996 -37.100000000007
    vertex 95.0375267000078 30.8905449999996 -34.500000000007
  endloop
endfacet
facet normal 0.996194028836858 -0.0871633920277897 2.16094470623358e-013
  outer loop
    vertex 94.0090667000084 29.6648749999996 -37.1000000000072
    vertex 93.9847567000078 29.3870349999995 -34.5000000000073
    vertex 93.9847567000084 29.3870349999995 -37.1000000000073
  endloop
endfacet
facet normal 0.996194028836858 -0.0871633920277897 2.16094470623358e-013
  outer loop
    vertex 93.9847567000078 29.3870349999995 -34.5000000000073
    vertex 94.0090667000084 29.6648749999996 -37.1000000000072
    vertex 94.0090667000078 29.6648749999996 -34.5000000000072
  endloop
endfacet
facet normal 0.422622423899423 0.906305846178528 9.5343755959152e-014
  outer loop
    vertex 94.7847567000078 28.0013949999996 -34.5000000000071
    vertex 95.0375267000084 27.8835249999996 -37.100000000007
    vertex 94.7847567000084 28.0013949999996 -37.1000000000071
  endloop
endfacet
facet normal 0.422622423899423 0.906305846178528 9.5343755959152e-014
  outer loop
    vertex 95.0375267000084 27.8835249999996 -37.100000000007
    vertex 94.7847567000078 28.0013949999996 -34.5000000000071
    vertex 95.0375267000078 27.8835249999996 -34.500000000007
  endloop
endfacet
facet normal -0.707106781186507 -0.707106781186588 -1.47252504966912e-013
  outer loop
    vertex 96.8104267000084 30.4154949999996 -37.1000000000067
    vertex 96.6132167000078 30.6127049999996 -34.5000000000067
    vertex 96.6132167000084 30.6127049999996 -37.1000000000067
  endloop
endfacet
facet normal -0.707106781186507 -0.707106781186588 -1.47252504966912e-013
  outer loop
    vertex 96.6132167000078 30.6127049999996 -34.5000000000067
    vertex 96.8104267000084 30.4154949999996 -37.1000000000067
    vertex 96.8104267000078 30.4154949999996 -34.5000000000067
  endloop
endfacet
facet normal -0.258809567678001 -0.965928365707482 -5.38959174650405e-014
  outer loop
    vertex 96.1319867000084 30.8905449999996 -37.1000000000068
    vertex 95.8625967000078 30.9627249999996 -34.5000000000068
    vertex 95.8625967000084 30.9627249999996 -37.1000000000069
  endloop
endfacet
facet normal -0.258809567678001 -0.965928365707482 -5.38959174650405e-014
  outer loop
    vertex 95.8625967000078 30.9627249999996 -34.5000000000068
    vertex 96.1319867000084 30.8905449999996 -37.1000000000068
    vertex 96.1319867000078 30.8905449999996 -34.5000000000068
  endloop
endfacet
facet normal 0.258809567678021 -0.965928365707476 5.61413176606319e-014
  outer loop
    vertex 95.3069167000084 30.9627249999996 -37.100000000007
    vertex 95.0375267000078 30.8905449999996 -34.500000000007
    vertex 95.0375267000084 30.8905449999996 -37.100000000007
  endloop
endfacet
facet normal 0.258809567678021 -0.965928365707476 5.61413176606319e-014
  outer loop
    vertex 95.0375267000078 30.8905449999996 -34.500000000007
    vertex 95.3069167000084 30.9627249999996 -37.100000000007
    vertex 95.3069167000078 30.9627249999996 -34.500000000007
  endloop
endfacet
facet normal 0.819151057385215 -0.573577845793126 1.70580410357236e-013
  outer loop
    vertex 94.3590867000084 30.4154949999996 -37.1000000000072
    vertex 94.1991167000079 30.1870349999996 -34.5000000000072
    vertex 94.1991167000084 30.1870349999996 -37.1000000000072
  endloop
endfacet
facet normal 0.819151057385215 -0.573577845793126 1.70580410357236e-013
  outer loop
    vertex 94.1991167000079 30.1870349999996 -34.5000000000072
    vertex 94.3590867000084 30.4154949999996 -37.1000000000072
    vertex 94.3590867000078 30.4154949999996 -34.5000000000072
  endloop
endfacet
facet normal 0.707106781186507 0.707106781186588 1.47252504966912e-013
  outer loop
    vertex 94.3590867000078 28.3585749999996 -34.5000000000072
    vertex 94.5562967000084 28.1613649999996 -37.1000000000071
    vertex 94.3590867000084 28.3585749999996 -37.1000000000072
  endloop
endfacet
facet normal 0.707106781186507 0.707106781186588 1.47252504966912e-013
  outer loop
    vertex 94.5562967000084 28.1613649999996 -37.1000000000071
    vertex 94.3590867000078 28.3585749999996 -34.5000000000072
    vertex 94.5562967000078 28.1613649999996 -34.5000000000071
  endloop
endfacet
facet normal 0.573577845793181 -0.819151057385177 1.24420110004229e-013
  outer loop
    vertex 94.7847567000084 30.7726749999995 -37.1000000000071
    vertex 94.5562967000078 30.6127049999996 -34.5000000000071
    vertex 94.5562967000084 30.6127049999996 -37.1000000000071
  endloop
endfacet
facet normal 0.573577845793181 -0.819151057385177 1.24420110004229e-013
  outer loop
    vertex 94.5562967000078 30.6127049999996 -34.5000000000071
    vertex 94.7847567000084 30.7726749999995 -37.1000000000071
    vertex 94.7847567000078 30.7726749999995 -34.5000000000071
  endloop
endfacet
facet normal 0.906305846178481 -0.422622423899522 1.96599440421286e-013
  outer loop
    vertex 94.1991167000084 30.1870349999996 -37.1000000000072
    vertex 94.0812467000078 29.9342649999996 -34.5000000000072
    vertex 94.0812467000084 29.9342649999996 -37.1000000000072
  endloop
endfacet
facet normal 0.906305846178481 -0.422622423899522 1.96599440421286e-013
  outer loop
    vertex 94.0812467000078 29.9342649999996 -34.5000000000072
    vertex 94.1991167000084 30.1870349999996 -37.1000000000072
    vertex 94.1991167000079 30.1870349999996 -34.5000000000072
  endloop
endfacet
facet normal 0.996194028836857 0.0871633920278002 2.16094921580363e-013
  outer loop
    vertex 93.9847567000084 29.3870349999995 -37.1000000000073
    vertex 94.0090667000078 29.1091949999996 -34.5000000000072
    vertex 94.0090667000084 29.1091949999996 -37.1000000000072
  endloop
endfacet
facet normal 0.996194028836857 0.0871633920278002 2.16094921580363e-013
  outer loop
    vertex 94.0090667000078 29.1091949999996 -34.5000000000072
    vertex 93.9847567000084 29.3870349999995 -37.1000000000073
    vertex 93.9847567000078 29.3870349999995 -34.5000000000073
  endloop
endfacet
facet normal -0.996194028836851 -0.0871633920278699 -2.0745114085588e-013
  outer loop
    vertex 97.1604467000079 29.6648749999996 -34.5000000000066
    vertex 97.1847567000084 29.3870349999995 -37.1000000000066
    vertex 97.1847567000079 29.3870349999995 -34.5000000000066
  endloop
endfacet
facet normal -0.996194028836851 -0.0871633920278699 -2.0745114085588e-013
  outer loop
    vertex 97.1847567000084 29.3870349999995 -37.1000000000066
    vertex 97.1604467000079 29.6648749999996 -34.5000000000066
    vertex 97.1604467000084 29.6648749999996 -37.1000000000066
  endloop
endfacet
facet normal 0.707106781186507 -0.707106781186588 1.47252504966912e-013
  outer loop
    vertex 94.5562967000084 30.6127049999996 -37.1000000000071
    vertex 94.3590867000078 30.4154949999996 -34.5000000000072
    vertex 94.3590867000084 30.4154949999996 -37.1000000000072
  endloop
endfacet
facet normal 0.707106781186507 -0.707106781186588 1.47252504966912e-013
  outer loop
    vertex 94.3590867000078 30.4154949999996 -34.5000000000072
    vertex 94.5562967000084 30.6127049999996 -37.1000000000071
    vertex 94.5562967000078 30.6127049999996 -34.5000000000071
  endloop
endfacet
facet normal 0.906305846178474 0.422622423899538 1.96598268183259e-013
  outer loop
    vertex 94.0812467000084 28.8398049999995 -37.1000000000072
    vertex 94.1991167000079 28.5870349999995 -34.5000000000072
    vertex 94.1991167000084 28.5870349999995 -37.1000000000072
  endloop
endfacet
facet normal 0.906305846178474 0.422622423899538 1.96598268183259e-013
  outer loop
    vertex 94.1991167000079 28.5870349999995 -34.5000000000072
    vertex 94.0812467000084 28.8398049999995 -37.1000000000072
    vertex 94.0812467000078 28.8398049999995 -34.5000000000072
  endloop
endfacet
facet normal -0.99619402883685 0.0871633920278805 -2.07450689898875e-013
  outer loop
    vertex 97.1847567000079 29.3870349999995 -34.5000000000066
    vertex 97.1604467000084 29.1091949999996 -37.1000000000066
    vertex 97.1604467000079 29.1091949999996 -34.5000000000066
  endloop
endfacet
facet normal -0.99619402883685 0.0871633920278805 -2.07450689898875e-013
  outer loop
    vertex 97.1604467000084 29.1091949999996 -37.1000000000066
    vertex 97.1847567000079 29.3870349999995 -34.5000000000066
    vertex 97.1847567000084 29.3870349999995 -37.1000000000066
  endloop
endfacet
facet normal -0.906305846178543 -0.42262242389939 -1.96596638912939e-013
  outer loop
    vertex 96.9703967000078 30.1870349999996 -34.5000000000066
    vertex 97.0882667000084 29.9342649999996 -37.1000000000066
    vertex 97.0882667000078 29.9342649999996 -34.5000000000066
  endloop
endfacet
facet normal -0.906305846178543 -0.42262242389939 -1.96596638912939e-013
  outer loop
    vertex 97.0882667000084 29.9342649999996 -37.1000000000066
    vertex 96.9703967000078 30.1870349999996 -34.5000000000066
    vertex 96.9703967000084 30.1870349999996 -37.1000000000066
  endloop
endfacet
facet normal -0.0871633920278734 -0.99619402883685 -1.89084422783938e-014
  outer loop
    vertex 95.8625967000084 30.9627249999996 -37.1000000000069
    vertex 95.5847567000078 30.9870349999996 -34.5000000000069
    vertex 95.5847567000084 30.9870349999996 -37.1000000000069
  endloop
endfacet
facet normal -0.0871633920278734 -0.99619402883685 -1.89084422783938e-014
  outer loop
    vertex 95.5847567000078 30.9870349999996 -34.5000000000069
    vertex 95.8625967000084 30.9627249999996 -37.1000000000069
    vertex 95.8625967000078 30.9627249999996 -34.5000000000068
  endloop
endfacet
facet normal 0.965928365707482 -0.258809567678001 2.09532259158755e-013
  outer loop
    vertex 94.0812467000084 29.9342649999996 -37.1000000000072
    vertex 94.0090667000078 29.6648749999996 -34.5000000000072
    vertex 94.0090667000084 29.6648749999996 -37.1000000000072
  endloop
endfacet
facet normal 0.965928365707482 -0.258809567678001 2.09532259158755e-013
  outer loop
    vertex 94.0090667000078 29.6648749999996 -34.5000000000072
    vertex 94.0812467000084 29.9342649999996 -37.1000000000072
    vertex 94.0812467000078 29.9342649999996 -34.5000000000072
  endloop
endfacet
facet normal 0.965928365707484 0.258809567677991 2.09529670801155e-013
  outer loop
    vertex 94.0090667000084 29.1091949999996 -37.1000000000072
    vertex 94.0812467000078 28.8398049999995 -34.5000000000072
    vertex 94.0812467000084 28.8398049999995 -37.1000000000072
  endloop
endfacet
facet normal 0.965928365707484 0.258809567677991 2.09529670801155e-013
  outer loop
    vertex 94.0812467000078 28.8398049999995 -34.5000000000072
    vertex 94.0090667000084 29.1091949999996 -37.1000000000072
    vertex 94.0090667000078 29.1091949999996 -34.5000000000072
  endloop
endfacet
facet normal 0.0871633920278805 -0.99619402883685 1.81514151331741e-014
  outer loop
    vertex 21.4427567000084 30.9870349999996 -37.1000000000229
    vertex 21.1649167000078 30.9627249999996 -34.500000000023
    vertex 21.1649167000084 30.9627249999996 -37.100000000023
  endloop
endfacet
facet normal 0.0871633920278805 -0.99619402883685 1.81514151331741e-014
  outer loop
    vertex 21.1649167000078 30.9627249999996 -34.500000000023
    vertex 21.4427567000084 30.9870349999996 -37.1000000000229
    vertex 21.4427567000078 30.9870349999996 -34.5000000000229
  endloop
endfacet
facet normal 0.258809567678001 -0.965928365707482 5.38959174650405e-014
  outer loop
    vertex 21.1649167000084 30.9627249999996 -37.100000000023
    vertex 20.8955267000078 30.8905449999996 -34.500000000023
    vertex 20.8955267000084 30.8905449999996 -37.100000000023
  endloop
endfacet
facet normal 0.258809567678001 -0.965928365707482 5.38959174650405e-014
  outer loop
    vertex 20.8955267000078 30.8905449999996 -34.500000000023
    vertex 21.1649167000084 30.9627249999996 -37.100000000023
    vertex 21.1649167000078 30.9627249999996 -34.500000000023
  endloop
endfacet
facet normal -0.996194028836843 0.0871633920279607 -2.16094922415123e-013
  outer loop
    vertex 23.0427567000079 29.3870349999995 -34.5000000000226
    vertex 23.0184467000084 29.1091949999996 -37.1000000000226
    vertex 23.0184467000078 29.1091949999996 -34.5000000000226
  endloop
endfacet
facet normal -0.996194028836843 0.0871633920279607 -2.16094922415123e-013
  outer loop
    vertex 23.0184467000084 29.1091949999996 -37.1000000000226
    vertex 23.0427567000079 29.3870349999995 -34.5000000000226
    vertex 23.0427567000084 29.3870349999995 -37.1000000000226
  endloop
endfacet
facet normal -0.906305846178512 -0.422622423899456 -1.88729407969888e-013
  outer loop
    vertex 22.8283967000078 30.1870349999996 -34.5000000000226
    vertex 22.9462667000084 29.9342649999996 -37.1000000000226
    vertex 22.9462667000078 29.9342649999996 -34.5000000000226
  endloop
endfacet
facet normal -0.906305846178512 -0.422622423899456 -1.88729407969888e-013
  outer loop
    vertex 22.9462667000084 29.9342649999996 -37.1000000000226
    vertex 22.8283967000078 30.1870349999996 -34.5000000000226
    vertex 22.8283967000083 30.1870349999996 -37.1000000000226
  endloop
endfacet
facet normal -0.996194028836844 -0.0871633920279502 -2.16095373372129e-013
  outer loop
    vertex 23.0184467000078 29.6648749999996 -34.5000000000226
    vertex 23.0427567000084 29.3870349999995 -37.1000000000226
    vertex 23.0427567000079 29.3870349999995 -34.5000000000226
  endloop
endfacet
facet normal -0.996194028836844 -0.0871633920279502 -2.16095373372129e-013
  outer loop
    vertex 23.0427567000084 29.3870349999995 -37.1000000000226
    vertex 23.0184467000078 29.6648749999996 -34.5000000000226
    vertex 23.0184467000084 29.6648749999996 -37.1000000000226
  endloop
endfacet
facet normal -0.819151057385177 -0.573577845793181 -1.77689330937374e-013
  outer loop
    vertex 22.6684267000078 30.4154949999996 -34.5000000000226
    vertex 22.8283967000083 30.1870349999996 -37.1000000000226
    vertex 22.8283967000078 30.1870349999996 -34.5000000000226
  endloop
endfacet
facet normal -0.819151057385177 -0.573577845793181 -1.77689330937374e-013
  outer loop
    vertex 22.8283967000083 30.1870349999996 -37.1000000000226
    vertex 22.6684267000078 30.4154949999996 -34.5000000000226
    vertex 22.6684267000084 30.4154949999996 -37.1000000000226
  endloop
endfacet
facet normal -0.422622423899456 -0.906305846178512 -9.53465574675206e-014
  outer loop
    vertex 22.2427567000084 30.7726749999995 -37.1000000000227
    vertex 21.9899867000078 30.8905449999996 -34.5000000000228
    vertex 21.9899867000084 30.8905449999996 -37.1000000000228
  endloop
endfacet
facet normal -0.422622423899456 -0.906305846178512 -9.53465574675206e-014
  outer loop
    vertex 21.9899867000078 30.8905449999996 -34.5000000000228
    vertex 22.2427567000084 30.7726749999995 -37.1000000000227
    vertex 22.2427567000078 30.7726749999995 -34.5000000000227
  endloop
endfacet
facet normal 0.422622423899456 -0.906305846178512 8.80097092060736e-014
  outer loop
    vertex 20.8955267000084 30.8905449999996 -37.100000000023
    vertex 20.6427567000078 30.7726749999995 -34.5000000000231
    vertex 20.6427567000084 30.7726749999995 -37.1000000000231
  endloop
endfacet
facet normal 0.422622423899456 -0.906305846178512 8.80097092060736e-014
  outer loop
    vertex 20.6427567000078 30.7726749999995 -34.5000000000231
    vertex 20.8955267000084 30.8905449999996 -37.100000000023
    vertex 20.8955267000078 30.8905449999996 -34.500000000023
  endloop
endfacet
facet normal -0.258809567677963 0.965928365707492 -5.38959174650328e-014
  outer loop
    vertex 95.8625967000078 27.8113449999996 -34.5000000000068
    vertex 96.1319867000084 27.8835249999996 -37.1000000000068
    vertex 95.8625967000084 27.8113449999996 -37.1000000000069
  endloop
endfacet
facet normal -0.258809567677963 0.965928365707492 -5.38959174650328e-014
  outer loop
    vertex 96.1319867000084 27.8835249999996 -37.1000000000068
    vertex 95.8625967000078 27.8113449999996 -34.5000000000068
    vertex 96.1319867000078 27.8835249999996 -34.5000000000068
  endloop
endfacet
facet normal -0.707106781186507 0.707106781186588 -1.47252504966912e-013
  outer loop
    vertex 96.6132167000078 28.1613649999996 -34.5000000000067
    vertex 96.8104267000084 28.3585749999996 -37.1000000000067
    vertex 96.6132167000084 28.1613649999996 -37.1000000000067
  endloop
endfacet
facet normal -0.707106781186507 0.707106781186588 -1.47252504966912e-013
  outer loop
    vertex 96.8104267000084 28.3585749999996 -37.1000000000067
    vertex 96.6132167000078 28.1613649999996 -34.5000000000067
    vertex 96.8104267000078 28.3585749999996 -34.5000000000067
  endloop
endfacet
facet normal 0.707106781186548 -0.707106781186548 1.53387568712654e-013
  outer loop
    vertex 20.4142967000084 30.6127049999996 -37.1000000000231
    vertex 20.2170867000078 30.4154949999996 -34.5000000000232
    vertex 20.2170867000084 30.4154949999996 -37.1000000000232
  endloop
endfacet
facet normal 0.707106781186548 -0.707106781186548 1.53387568712654e-013
  outer loop
    vertex 20.2170867000078 30.4154949999996 -34.5000000000232
    vertex 20.4142967000084 30.6127049999996 -37.1000000000231
    vertex 20.4142967000078 30.6127049999996 -34.5000000000231
  endloop
endfacet
facet normal 0.573577845793181 -0.819151057385177 1.24419719145897e-013
  outer loop
    vertex 20.6427567000084 30.7726749999995 -37.1000000000231
    vertex 20.4142967000078 30.6127049999996 -34.5000000000231
    vertex 20.4142967000084 30.6127049999996 -37.1000000000231
  endloop
endfacet
facet normal 0.573577845793181 -0.819151057385177 1.24419719145897e-013
  outer loop
    vertex 20.4142967000078 30.6127049999996 -34.5000000000231
    vertex 20.6427567000084 30.7726749999995 -37.1000000000231
    vertex 20.6427567000078 30.7726749999995 -34.5000000000231
  endloop
endfacet
facet normal 0.906305846178543 -0.42262242389939 1.96598268183274e-013
  outer loop
    vertex 20.0571167000084 30.1870349999996 -37.1000000000232
    vertex 19.9392467000078 29.9342649999996 -34.5000000000232
    vertex 19.9392467000084 29.9342649999996 -37.1000000000232
  endloop
endfacet
facet normal 0.906305846178543 -0.42262242389939 1.96598268183274e-013
  outer loop
    vertex 19.9392467000078 29.9342649999996 -34.5000000000232
    vertex 20.0571167000084 30.1870349999996 -37.1000000000232
    vertex 20.0571167000078 30.1870349999996 -34.5000000000232
  endloop
endfacet
facet normal 0.965928365707482 -0.258809567678001 2.09528724613633e-013
  outer loop
    vertex 19.9392467000084 29.9342649999996 -37.1000000000232
    vertex 19.8670667000078 29.6648749999996 -34.5000000000232
    vertex 19.8670667000084 29.6648749999996 -37.1000000000232
  endloop
endfacet
facet normal 0.965928365707482 -0.258809567678001 2.09528724613633e-013
  outer loop
    vertex 19.8670667000078 29.6648749999996 -34.5000000000232
    vertex 19.9392467000084 29.9342649999996 -37.1000000000232
    vertex 19.9392467000078 29.9342649999996 -34.5000000000232
  endloop
endfacet
facet normal 0.99619402883685 0.0871633920278805 2.07451332480144e-013
  outer loop
    vertex 19.8427567000084 29.3870349999995 -37.1000000000232
    vertex 19.8670667000078 29.1091949999996 -34.5000000000232
    vertex 19.8670667000084 29.1091949999996 -37.1000000000232
  endloop
endfacet
facet normal 0.99619402883685 0.0871633920278805 2.07451332480144e-013
  outer loop
    vertex 19.8670667000078 29.1091949999996 -34.5000000000232
    vertex 19.8427567000084 29.3870349999995 -37.1000000000232
    vertex 19.8427567000078 29.3870349999995 -34.5000000000232
  endloop
endfacet
facet normal 0.819151057385139 -0.573577845793235 1.70580019498888e-013
  outer loop
    vertex 20.2170867000084 30.4154949999996 -37.1000000000232
    vertex 20.0571167000078 30.1870349999996 -34.5000000000232
    vertex 20.0571167000084 30.1870349999996 -37.1000000000232
  endloop
endfacet
facet normal 0.819151057385139 -0.573577845793235 1.70580019498888e-013
  outer loop
    vertex 20.0571167000078 30.1870349999996 -34.5000000000232
    vertex 20.2170867000084 30.4154949999996 -37.1000000000232
    vertex 20.2170867000078 30.4154949999996 -34.5000000000232
  endloop
endfacet
facet normal 0.965928365707484 0.258809567677991 2.09528724613633e-013
  outer loop
    vertex 19.8670667000084 29.1091949999996 -37.1000000000232
    vertex 19.9392467000078 28.8398049999995 -34.5000000000232
    vertex 19.9392467000084 28.8398049999995 -37.1000000000232
  endloop
endfacet
facet normal 0.965928365707484 0.258809567677991 2.09528724613633e-013
  outer loop
    vertex 19.9392467000078 28.8398049999995 -34.5000000000232
    vertex 19.8670667000084 29.1091949999996 -37.1000000000232
    vertex 19.8670667000078 29.1091949999996 -34.5000000000232
  endloop
endfacet
facet normal 0.906305846178536 0.422622423899405 1.96598268183273e-013
  outer loop
    vertex 19.9392467000084 28.8398049999995 -37.1000000000232
    vertex 20.0571167000078 28.5870349999995 -34.5000000000232
    vertex 20.0571167000084 28.5870349999995 -37.1000000000232
  endloop
endfacet
facet normal 0.906305846178536 0.422622423899405 1.96598268183273e-013
  outer loop
    vertex 20.0571167000078 28.5870349999995 -34.5000000000232
    vertex 19.9392467000084 28.8398049999995 -37.1000000000232
    vertex 19.9392467000078 28.8398049999995 -34.5000000000232
  endloop
endfacet
facet normal -0.422622423899423 0.906305846178528 -8.80129677467398e-014
  outer loop
    vertex 96.1319867000078 27.8835249999996 -34.5000000000068
    vertex 96.3847567000084 28.0013949999996 -37.1000000000067
    vertex 96.1319867000084 27.8835249999996 -37.1000000000068
  endloop
endfacet
facet normal -0.422622423899423 0.906305846178528 -8.80129677467398e-014
  outer loop
    vertex 96.3847567000084 28.0013949999996 -37.1000000000067
    vertex 96.1319867000078 27.8835249999996 -34.5000000000068
    vertex 96.3847567000079 28.0013949999996 -34.5000000000067
  endloop
endfacet
facet normal -0.573577845793181 -0.819151057385177 -1.24419719145897e-013
  outer loop
    vertex 22.4712167000084 30.6127049999996 -37.1000000000227
    vertex 22.2427567000078 30.7726749999995 -34.5000000000227
    vertex 22.2427567000084 30.7726749999995 -37.1000000000227
  endloop
endfacet
facet normal -0.573577845793181 -0.819151057385177 -1.24419719145897e-013
  outer loop
    vertex 22.2427567000078 30.7726749999995 -34.5000000000227
    vertex 22.4712167000084 30.6127049999996 -37.1000000000227
    vertex 22.4712167000078 30.6127049999996 -34.5000000000227
  endloop
endfacet
facet normal 0.996194028836851 -0.0871633920278699 2.07451332480145e-013
  outer loop
    vertex 19.8670667000084 29.6648749999996 -37.1000000000232
    vertex 19.8427567000078 29.3870349999995 -34.5000000000232
    vertex 19.8427567000084 29.3870349999995 -37.1000000000232
  endloop
endfacet
facet normal 0.996194028836851 -0.0871633920278699 2.07451332480145e-013
  outer loop
    vertex 19.8427567000078 29.3870349999995 -34.5000000000232
    vertex 19.8670667000084 29.6648749999996 -37.1000000000232
    vertex 19.8670667000078 29.6648749999996 -34.5000000000232
  endloop
endfacet
facet normal -0.819151057385177 0.573577845793181 -1.77687211917571e-013
  outer loop
    vertex 96.9703967000078 28.5870349999995 -34.5000000000066
    vertex 96.8104267000084 28.3585749999996 -37.1000000000067
    vertex 96.8104267000078 28.3585749999996 -34.5000000000067
  endloop
endfacet
facet normal -0.819151057385177 0.573577845793181 -1.77687211917571e-013
  outer loop
    vertex 96.8104267000084 28.3585749999996 -37.1000000000067
    vertex 96.9703967000078 28.5870349999995 -34.5000000000066
    vertex 96.9703967000084 28.5870349999995 -37.1000000000066
  endloop
endfacet
facet normal -0.707106781186548 -0.707106781186548 -1.53387568712654e-013
  outer loop
    vertex 22.4712167000078 30.6127049999996 -34.5000000000227
    vertex 22.6684267000084 30.4154949999996 -37.1000000000226
    vertex 22.6684267000078 30.4154949999996 -34.5000000000226
  endloop
endfacet
facet normal -0.707106781186548 -0.707106781186548 -1.53387568712654e-013
  outer loop
    vertex 22.6684267000084 30.4154949999996 -37.1000000000226
    vertex 22.4712167000078 30.6127049999996 -34.5000000000227
    vertex 22.4712167000084 30.6127049999996 -37.1000000000227
  endloop
endfacet
facet normal -0.258809567678001 -0.965928365707482 -5.83869313768175e-014
  outer loop
    vertex 21.9899867000084 30.8905449999996 -37.1000000000228
    vertex 21.7205967000078 30.9627249999996 -34.5000000000228
    vertex 21.7205967000084 30.9627249999996 -37.1000000000228
  endloop
endfacet
facet normal -0.258809567678001 -0.965928365707482 -5.83869313768175e-014
  outer loop
    vertex 21.7205967000078 30.9627249999996 -34.5000000000228
    vertex 21.9899867000084 30.8905449999996 -37.1000000000228
    vertex 21.9899867000078 30.8905449999996 -34.5000000000228
  endloop
endfacet
facet normal 0.258809567677983 0.965928365707486 5.61413176606238e-014
  outer loop
    vertex 95.0375267000078 27.8835249999996 -34.500000000007
    vertex 95.3069167000084 27.8113449999996 -37.100000000007
    vertex 95.0375267000084 27.8835249999996 -37.100000000007
  endloop
endfacet
facet normal 0.258809567677983 0.965928365707486 5.61413176606238e-014
  outer loop
    vertex 95.3069167000084 27.8113449999996 -37.100000000007
    vertex 95.0375267000078 27.8835249999996 -34.500000000007
    vertex 95.3069167000078 27.8113449999996 -34.500000000007
  endloop
endfacet
facet normal -0.0871633920278734 0.99619402883685 -1.89079913213886e-014
  outer loop
    vertex 95.5847567000078 27.7870349999996 -34.5000000000069
    vertex 95.8625967000084 27.8113449999996 -37.1000000000069
    vertex 95.5847567000084 27.7870349999996 -37.1000000000069
  endloop
endfacet
facet normal -0.0871633920278734 0.99619402883685 -1.89079913213886e-014
  outer loop
    vertex 95.8625967000084 27.8113449999996 -37.1000000000069
    vertex 95.5847567000078 27.7870349999996 -34.5000000000069
    vertex 95.8625967000078 27.8113449999996 -34.5000000000068
  endloop
endfacet
facet normal 0.0871633920278734 0.99619402883685 1.89076717002781e-014
  outer loop
    vertex 95.3069167000078 27.8113449999996 -34.500000000007
    vertex 95.5847567000084 27.7870349999996 -37.1000000000069
    vertex 95.3069167000084 27.8113449999996 -37.100000000007
  endloop
endfacet
facet normal 0.0871633920278734 0.99619402883685 1.89076717002781e-014
  outer loop
    vertex 95.5847567000084 27.7870349999996 -37.1000000000069
    vertex 95.3069167000078 27.8113449999996 -34.500000000007
    vertex 95.5847567000078 27.7870349999996 -34.5000000000069
  endloop
endfacet
facet normal -0.573577845793246 0.819151057385132 -1.19443435616874e-013
  outer loop
    vertex 96.3847567000079 28.0013949999996 -34.5000000000067
    vertex 96.6132167000084 28.1613649999996 -37.1000000000067
    vertex 96.3847567000084 28.0013949999996 -37.1000000000067
  endloop
endfacet
facet normal -0.573577845793246 0.819151057385132 -1.19443435616874e-013
  outer loop
    vertex 96.6132167000084 28.1613649999996 -37.1000000000067
    vertex 96.3847567000079 28.0013949999996 -34.5000000000067
    vertex 96.6132167000078 28.1613649999996 -34.5000000000067
  endloop
endfacet
facet normal -0.965928365707464 0.258809567678066 -2.0114949541305e-013
  outer loop
    vertex 97.1604467000079 29.1091949999996 -34.5000000000066
    vertex 97.0882667000084 28.8398049999995 -37.1000000000066
    vertex 97.0882667000078 28.8398049999995 -34.5000000000066
  endloop
endfacet
facet normal -0.965928365707464 0.258809567678066 -2.0114949541305e-013
  outer loop
    vertex 97.0882667000084 28.8398049999995 -37.1000000000066
    vertex 97.1604467000079 29.1091949999996 -34.5000000000066
    vertex 97.1604467000084 29.1091949999996 -37.1000000000066
  endloop
endfacet
facet normal -0.965928365707482 -0.258809567678001 -2.09528528206215e-013
  outer loop
    vertex 22.9462667000078 29.9342649999996 -34.5000000000226
    vertex 23.0184467000084 29.6648749999996 -37.1000000000226
    vertex 23.0184467000078 29.6648749999996 -34.5000000000226
  endloop
endfacet
facet normal -0.965928365707482 -0.258809567678001 -2.09528528206215e-013
  outer loop
    vertex 23.0184467000084 29.6648749999996 -37.1000000000226
    vertex 22.9462667000078 29.9342649999996 -34.5000000000226
    vertex 22.9462667000084 29.9342649999996 -37.1000000000226
  endloop
endfacet
facet normal -0.906305846178536 0.422622423899405 -1.96596638912937e-013
  outer loop
    vertex 97.0882667000078 28.8398049999995 -34.5000000000066
    vertex 96.9703967000084 28.5870349999995 -37.1000000000066
    vertex 96.9703967000078 28.5870349999995 -34.5000000000066
  endloop
endfacet
facet normal -0.906305846178536 0.422622423899405 -1.96596638912937e-013
  outer loop
    vertex 96.9703967000084 28.5870349999995 -37.1000000000066
    vertex 97.0882667000078 28.8398049999995 -34.5000000000066
    vertex 97.0882667000084 28.8398049999995 -37.1000000000066
  endloop
endfacet
facet normal -0.0871633920278734 -0.99619402883685 -1.89076717002781e-014
  outer loop
    vertex 21.7205967000084 30.9627249999996 -37.1000000000228
    vertex 21.4427567000078 30.9870349999996 -34.5000000000229
    vertex 21.4427567000084 30.9870349999996 -37.1000000000229
  endloop
endfacet
facet normal -0.0871633920278734 -0.99619402883685 -1.89076717002781e-014
  outer loop
    vertex 21.4427567000078 30.9870349999996 -34.5000000000229
    vertex 21.7205967000084 30.9627249999996 -37.1000000000228
    vertex 21.7205967000078 30.9627249999996 -34.5000000000228
  endloop
endfacet
facet normal 0.573577845793208 0.819151057385158 1.24421838165705e-013
  outer loop
    vertex 20.4142967000078 28.1613649999996 -34.5000000000231
    vertex 20.6427567000084 28.0013949999996 -37.1000000000231
    vertex 20.4142967000084 28.1613649999996 -37.1000000000231
  endloop
endfacet
facet normal 0.573577845793208 0.819151057385158 1.24421838165705e-013
  outer loop
    vertex 20.6427567000084 28.0013949999996 -37.1000000000231
    vertex 20.4142967000078 28.1613649999996 -34.5000000000231
    vertex 20.6427567000078 28.0013949999996 -34.5000000000231
  endloop
endfacet
facet normal 0.819151057385139 0.573577845793235 1.70580019498888e-013
  outer loop
    vertex 20.0571167000084 28.5870349999995 -37.1000000000232
    vertex 20.2170867000078 28.3585749999996 -34.5000000000232
    vertex 20.2170867000084 28.3585749999996 -37.1000000000232
  endloop
endfacet
facet normal 0.819151057385139 0.573577845793235 1.70580019498888e-013
  outer loop
    vertex 20.2170867000078 28.3585749999996 -34.5000000000232
    vertex 20.0571167000084 28.5870349999995 -37.1000000000232
    vertex 20.0571167000078 28.5870349999995 -34.5000000000232
  endloop
endfacet
facet normal 0.707106781186548 0.707106781186548 1.53387568712654e-013
  outer loop
    vertex 20.2170867000084 28.3585749999996 -37.1000000000232
    vertex 20.4142967000078 28.1613649999996 -34.5000000000231
    vertex 20.4142967000084 28.1613649999996 -37.1000000000231
  endloop
endfacet
facet normal 0.707106781186548 0.707106781186548 1.53387568712654e-013
  outer loop
    vertex 20.4142967000078 28.1613649999996 -34.5000000000231
    vertex 20.2170867000084 28.3585749999996 -37.1000000000232
    vertex 20.2170867000078 28.3585749999996 -34.5000000000232
  endloop
endfacet
facet normal 0.258809567677963 0.965928365707492 5.38959174650328e-014
  outer loop
    vertex 20.8955267000078 27.8835249999996 -34.500000000023
    vertex 21.1649167000084 27.8113449999996 -37.100000000023
    vertex 20.8955267000084 27.8835249999996 -37.100000000023
  endloop
endfacet
facet normal 0.258809567677963 0.965928365707492 5.38959174650328e-014
  outer loop
    vertex 21.1649167000084 27.8113449999996 -37.100000000023
    vertex 20.8955267000078 27.8835249999996 -34.500000000023
    vertex 21.1649167000078 27.8113449999996 -34.500000000023
  endloop
endfacet
facet normal 0.0871633920278805 0.99619402883685 1.81509641761689e-014
  outer loop
    vertex 21.1649167000078 27.8113449999996 -34.500000000023
    vertex 21.4427567000084 27.7870349999996 -37.1000000000229
    vertex 21.1649167000084 27.8113449999996 -37.100000000023
  endloop
endfacet
facet normal 0.0871633920278805 0.99619402883685 1.81509641761689e-014
  outer loop
    vertex 21.4427567000084 27.7870349999996 -37.1000000000229
    vertex 21.1649167000078 27.8113449999996 -34.500000000023
    vertex 21.4427567000078 27.7870349999996 -34.5000000000229
  endloop
endfacet
facet normal -0.819151057385177 0.573577845793181 -1.77687211917571e-013
  outer loop
    vertex 22.8283967000078 28.5870349999995 -34.5000000000226
    vertex 22.6684267000084 28.3585749999996 -37.1000000000226
    vertex 22.6684267000078 28.3585749999996 -34.5000000000226
  endloop
endfacet
facet normal -0.819151057385177 0.573577845793181 -1.77687211917571e-013
  outer loop
    vertex 22.6684267000084 28.3585749999996 -37.1000000000226
    vertex 22.8283967000078 28.5870349999995 -34.5000000000226
    vertex 22.8283967000083 28.5870349999995 -37.1000000000226
  endloop
endfacet
facet normal 0.422622423899423 0.906305846178528 8.80097092060667e-014
  outer loop
    vertex 20.6427567000078 28.0013949999996 -34.5000000000231
    vertex 20.8955267000084 27.8835249999996 -37.100000000023
    vertex 20.6427567000084 28.0013949999996 -37.1000000000231
  endloop
endfacet
facet normal 0.422622423899423 0.906305846178528 8.80097092060667e-014
  outer loop
    vertex 20.8955267000084 27.8835249999996 -37.100000000023
    vertex 20.6427567000078 28.0013949999996 -34.5000000000231
    vertex 20.8955267000078 27.8835249999996 -34.500000000023
  endloop
endfacet
facet normal -0.258809567677963 0.965928365707492 -5.8388270379168e-014
  outer loop
    vertex 21.7205967000078 27.8113449999996 -34.5000000000228
    vertex 21.9899867000084 27.8835249999996 -37.1000000000228
    vertex 21.7205967000084 27.8113449999996 -37.1000000000228
  endloop
endfacet
facet normal -0.258809567677963 0.965928365707492 -5.8388270379168e-014
  outer loop
    vertex 21.9899867000084 27.8835249999996 -37.1000000000228
    vertex 21.7205967000078 27.8113449999996 -34.5000000000228
    vertex 21.9899867000078 27.8835249999996 -34.5000000000228
  endloop
endfacet
facet normal -0.0871633920278734 0.99619402883685 -1.89076717002781e-014
  outer loop
    vertex 21.4427567000078 27.7870349999996 -34.5000000000229
    vertex 21.7205967000084 27.8113449999996 -37.1000000000228
    vertex 21.4427567000084 27.7870349999996 -37.1000000000229
  endloop
endfacet
facet normal -0.0871633920278734 0.99619402883685 -1.89076717002781e-014
  outer loop
    vertex 21.7205967000084 27.8113449999996 -37.1000000000228
    vertex 21.4427567000078 27.7870349999996 -34.5000000000229
    vertex 21.7205967000078 27.8113449999996 -34.5000000000228
  endloop
endfacet
facet normal -0.422622423899423 0.906305846178528 -9.53465574675132e-014
  outer loop
    vertex 21.9899867000078 27.8835249999996 -34.5000000000228
    vertex 22.2427567000084 28.0013949999996 -37.1000000000227
    vertex 21.9899867000084 27.8835249999996 -37.1000000000228
  endloop
endfacet
facet normal -0.422622423899423 0.906305846178528 -9.53465574675132e-014
  outer loop
    vertex 22.2427567000084 28.0013949999996 -37.1000000000227
    vertex 21.9899867000078 27.8835249999996 -34.5000000000228
    vertex 22.2427567000078 28.0013949999996 -34.5000000000227
  endloop
endfacet
facet normal -0.573577845793208 0.819151057385158 -1.24421838165705e-013
  outer loop
    vertex 22.2427567000078 28.0013949999996 -34.5000000000227
    vertex 22.4712167000084 28.1613649999996 -37.1000000000227
    vertex 22.2427567000084 28.0013949999996 -37.1000000000227
  endloop
endfacet
facet normal -0.573577845793208 0.819151057385158 -1.24421838165705e-013
  outer loop
    vertex 22.4712167000084 28.1613649999996 -37.1000000000227
    vertex 22.2427567000078 28.0013949999996 -34.5000000000227
    vertex 22.4712167000078 28.1613649999996 -34.5000000000227
  endloop
endfacet
facet normal -0.965928365707484 0.258809567677991 -2.09528528206215e-013
  outer loop
    vertex 23.0184467000078 29.1091949999996 -34.5000000000226
    vertex 22.9462667000084 28.8398049999995 -37.1000000000226
    vertex 22.9462667000078 28.8398049999995 -34.5000000000226
  endloop
endfacet
facet normal -0.965928365707484 0.258809567677991 -2.09528528206215e-013
  outer loop
    vertex 22.9462667000084 28.8398049999995 -37.1000000000226
    vertex 23.0184467000078 29.1091949999996 -34.5000000000226
    vertex 23.0184467000084 29.1091949999996 -37.1000000000226
  endloop
endfacet
facet normal -0.906305846178505 0.422622423899472 -1.88731594490375e-013
  outer loop
    vertex 22.9462667000078 28.8398049999995 -34.5000000000226
    vertex 22.8283967000083 28.5870349999995 -37.1000000000226
    vertex 22.8283967000078 28.5870349999995 -34.5000000000226
  endloop
endfacet
facet normal -0.906305846178505 0.422622423899472 -1.88731594490375e-013
  outer loop
    vertex 22.8283967000083 28.5870349999995 -37.1000000000226
    vertex 22.9462667000078 28.8398049999995 -34.5000000000226
    vertex 22.9462667000084 28.8398049999995 -37.1000000000226
  endloop
endfacet
facet normal -0.707106781186548 0.707106781186548 -1.53387568712654e-013
  outer loop
    vertex 22.6684267000078 28.3585749999996 -34.5000000000226
    vertex 22.4712167000084 28.1613649999996 -37.1000000000227
    vertex 22.4712167000078 28.1613649999996 -34.5000000000227
  endloop
endfacet
facet normal -0.707106781186548 0.707106781186548 -1.53387568712654e-013
  outer loop
    vertex 22.4712167000084 28.1613649999996 -37.1000000000227
    vertex 22.6684267000078 28.3585749999996 -34.5000000000226
    vertex 22.6684267000084 28.3585749999996 -37.1000000000226
  endloop
endfacet
facet normal -0.760465068560258 0.649374701507903 -0.00231873697617607
  outer loop
    vertex 59.8162867000078 65.5290349999996 -34.5000000000169
    vertex 59.7392837000084 65.4295749999996 -37.1000000000169
    vertex 59.6351767000079 65.3169419999996 -34.500000000017
  endloop
endfacet
facet normal -0.86602543654873 0.499999943250578 -1.87260165765808e-013
  outer loop
    vertex 61.6890387000084 66.4580349999996 -37.1000000000165
    vertex 60.1013257000089 63.7080349999996 -39.5000000000169
    vertex 60.1013257000084 63.7080349999996 -37.1000000000169
  endloop
endfacet
facet normal -0.86602543654873 0.499999943250578 -1.87260165765808e-013
  outer loop
    vertex 60.1013257000089 63.7080349999996 -39.5000000000169
    vertex 61.6890387000084 66.4580349999996 -37.1000000000165
    vertex 61.6890387000089 66.4580349999996 -39.5000000000165
  endloop
endfacet
facet normal -0.573576303876311 0.819148855307818 0.00231872367488559
  outer loop
    vertex 59.4199889000078 65.1395199999996 -34.500000000017
    vertex 59.5420727000084 65.2323639999996 -37.100000000017
    vertex 59.3136127000084 65.0723939999996 -37.100000000017
  endloop
endfacet
facet normal -0.707104880251793 0.707104880251712 0.00231876008025007
  outer loop
    vertex 59.7392837000084 65.4295749999996 -37.1000000000169
    vertex 59.5420727000084 65.2323639999996 -37.100000000017
    vertex 59.6351767000079 65.3169419999996 -34.500000000017
  endloop
endfacet
facet normal -0.636150941946535 0.771561146111618 -0.00231880819891664
  outer loop
    vertex 59.6351767000079 65.3169419999996 -34.500000000017
    vertex 59.5420727000084 65.2323639999996 -37.100000000017
    vertex 59.4199889000078 65.1395199999996 -34.500000000017
  endloop
endfacet
facet normal -0.492504617125544 0.870306741486276 -0.00231901564500132
  outer loop
    vertex 59.4199889000078 65.1395199999996 -34.500000000017
    vertex 59.3136127000084 65.0723939999996 -37.100000000017
    vertex 59.1772613000078 65.0021609999996 -34.500000000017
  endloop
endfacet
facet normal -0.86167683838214 0.507452114391088 -0.00231900749772809
  outer loop
    vertex 59.9578147000079 65.7693559999996 -34.5000000000169
    vertex 59.8992537000084 65.6580349999996 -37.1000000000169
    vertex 59.8162867000078 65.5290349999996 -34.5000000000169
  endloop
endfacet
facet normal -0.422615473900364 0.906306121168306 0.00231861010761475
  outer loop
    vertex 59.1772613000078 65.0021609999996 -34.500000000017
    vertex 59.3136127000084 65.0723939999996 -37.100000000017
    vertex 59.0608449000084 64.9545269999996 -37.1000000000171
  endloop
endfacet
facet normal 0.86602543654873 0.499999943250578 1.87260165765808e-013
  outer loop
    vertex 55.3381867000089 66.4580349999996 -39.5000000000179
    vertex 56.9258997000084 63.7080349999996 -37.1000000000175
    vertex 56.9258997000089 63.7080349999996 -39.5000000000175
  endloop
endfacet
facet normal 0.86602543654873 0.499999943250578 1.87260165765808e-013
  outer loop
    vertex 56.9258997000084 63.7080349999996 -37.1000000000175
    vertex 55.3381867000089 66.4580349999996 -39.5000000000179
    vertex 55.3381867000084 66.4580349999996 -37.1000000000179
  endloop
endfacet
facet normal 0.0 -1.0 0.0
  outer loop
    vertex 60.1013257000089 69.2080349999996 -39.5000000000169
    vertex 56.9258997000084 69.2080349999996 -37.1000000000175
    vertex 56.9258997000089 69.2080349999996 -39.5000000000175
  endloop
endfacet
facet normal 0.0 -1.0 0.0
  outer loop
    vertex 56.9258997000084 69.2080349999996 -37.1000000000175
    vertex 60.1013257000089 69.2080349999996 -39.5000000000169
    vertex 60.1013257000084 69.2080349999996 -37.1000000000169
  endloop
endfacet
facet normal 0.0 1.0 0.0
  outer loop
    vertex 56.9258997000084 63.7080349999996 -37.1000000000175
    vertex 60.1013257000089 63.7080349999996 -39.5000000000169
    vertex 56.9258997000089 63.7080349999996 -39.5000000000175
  endloop
endfacet
facet normal 0.0 1.0 0.0
  outer loop
    vertex 60.1013257000089 63.7080349999996 -39.5000000000169
    vertex 56.9258997000084 63.7080349999996 -37.1000000000175
    vertex 60.1013257000084 63.7080349999996 -37.1000000000169
  endloop
endfacet
facet normal -0.81914885506044 0.573576303703175 0.00231885389209309
  outer loop
    vertex 59.8992537000084 65.6580349999996 -37.1000000000169
    vertex 59.7392837000084 65.4295749999996 -37.1000000000169
    vertex 59.8162867000078 65.5290349999996 -34.5000000000169
  endloop
endfacet
facet normal 0.866025436548727 -0.499999943250585 1.87260165765809e-013
  outer loop
    vertex 56.9258997000089 69.2080349999996 -39.5000000000175
    vertex 55.3381867000084 66.4580349999996 -37.1000000000179
    vertex 55.3381867000089 66.4580349999996 -39.5000000000179
  endloop
endfacet
facet normal 0.866025436548727 -0.499999943250585 1.87260165765809e-013
  outer loop
    vertex 55.3381867000084 66.4580349999996 -37.1000000000179
    vertex 56.9258997000089 69.2080349999996 -39.5000000000175
    vertex 56.9258997000084 69.2080349999996 -37.1000000000175
  endloop
endfacet
facet normal 0.760465068560179 -0.649374701507996 -0.00231873697585967
  outer loop
    vertex 57.3920487000078 67.5991279999996 -34.5000000000174
    vertex 57.2109387000078 67.3870349999996 -34.5000000000175
    vertex 57.2879417000084 67.4864949999996 -37.1000000000175
  endloop
endfacet
facet normal 0.707104880251711 -0.707104880251793 0.00231876008054515
  outer loop
    vertex 57.3920487000078 67.5991279999996 -34.5000000000174
    vertex 57.2879417000084 67.4864949999996 -37.1000000000175
    vertex 57.4851527000084 67.6837059999996 -37.1000000000174
  endloop
endfacet
facet normal 0.93670201532209 -0.350119919585721 -0.00231870671327263
  outer loop
    vertex 57.0694107000078 67.1467139999996 -34.5000000000175
    vertex 56.9717627000078 66.8854689999996 -34.5000000000175
    vertex 57.0101047000084 67.0052669999996 -37.1000000000175
  endloop
endfacet
facet normal -0.0871640601568127 0.996191266893875 0.00232085789217369
  outer loop
    vertex 58.6393000000078 64.8629749999996 -34.5000000000172
    vertex 58.7914498000084 64.8823449999996 -37.1000000000171
    vertex 58.5136127000084 64.8580349999996 -37.1000000000172
  endloop
endfacet
facet normal 0.942606565749889 0.333897417690462 -0.0023187636450428
  outer loop
    vertex 56.9646147000078 66.0572789999996 -34.5000000000175
    vertex 57.0577387000078 65.7943859999996 -34.5000000000175
    vertex 57.0101047000084 65.9108029999996 -37.1000000000175
  endloop
endfacet
facet normal -0.258810990877722 0.965925199753688 0.00231937096843849
  outer loop
    vertex 58.9143690000078 64.9090369999996 -34.5000000000171
    vertex 59.0608449000084 64.9545269999996 -37.1000000000171
    vertex 58.7914498000084 64.8823449999996 -37.1000000000171
  endloop
endfacet
facet normal 0.90630624935388 -0.422615199283919 0.00231855910363669
  outer loop
    vertex 57.1279717000084 67.2580349999996 -37.1000000000175
    vertex 57.0694107000078 67.1467139999996 -34.5000000000175
    vertex 57.0101047000084 67.0052669999996 -37.1000000000175
  endloop
endfacet
facet normal 0.861676838382161 -0.507452114391052 -0.00231900749735668
  outer loop
    vertex 57.2109387000078 67.3870349999996 -34.5000000000175
    vertex 57.0694107000078 67.1467139999996 -34.5000000000175
    vertex 57.1279717000084 67.2580349999996 -37.1000000000175
  endloop
endfacet
facet normal 0.350119096441339 0.936702322967873 -0.00231871811371977
  outer loop
    vertex 58.0861789000078 64.9161849999996 -34.5000000000173
    vertex 57.9663805000084 64.9545269999996 -37.1000000000173
    vertex 57.8249332000078 65.0138329999996 -34.5000000000173
  endloop
endfacet
facet normal -0.165156107639336 0.986264716517809 -0.00231712353355088
  outer loop
    vertex 58.9143690000078 64.9090369999996 -34.5000000000171
    vertex 58.7914498000084 64.8823449999996 -37.1000000000171
    vertex 58.6393000000078 64.8629749999996 -34.5000000000172
  endloop
endfacet
facet normal -0.866025436548727 -0.499999943250585 -1.87260165765809e-013
  outer loop
    vertex 60.1013257000084 69.2080349999996 -37.1000000000169
    vertex 61.6890387000089 66.4580349999996 -39.5000000000165
    vertex 61.6890387000084 66.4580349999996 -37.1000000000165
  endloop
endfacet
facet normal -0.866025436548727 -0.499999943250585 -1.87260165765809e-013
  outer loop
    vertex 61.6890387000089 66.4580349999996 -39.5000000000165
    vertex 60.1013257000084 69.2080349999996 -37.1000000000169
    vertex 60.1013257000089 69.2080349999996 -39.5000000000169
  endloop
endfacet
facet normal 0.649374701507997 0.760465068560178 -0.0023187369758762
  outer loop
    vertex 57.5846127000078 65.1553609999996 -34.5000000000174
    vertex 57.4851527000084 65.2323639999996 -37.1000000000174
    vertex 57.3725197000078 65.3364709999996 -34.5000000000175
  endloop
endfacet
facet normal 0.707104880251711 0.707104880251793 0.00231876008054456
  outer loop
    vertex 57.3725197000078 65.3364709999996 -34.5000000000175
    vertex 57.4851527000084 65.2323639999996 -37.1000000000174
    vertex 57.2879417000084 65.4295749999996 -37.1000000000175
  endloop
endfacet
facet normal 0.258810990878481 0.965925199756365 0.00231936976906223
  outer loop
    vertex 58.0861789000078 64.9161849999996 -34.5000000000173
    vertex 58.2357756000084 64.8823449999996 -37.1000000000173
    vertex 57.9663805000084 64.9545269999996 -37.1000000000173
  endloop
endfacet
facet normal -0.9961918911848 -0.087156975100228 0.0023189715457035
  outer loop
    vertex 60.0893047000084 66.7358719999996 -37.1000000000169
    vertex 60.1136127000084 66.4580349999996 -37.1000000000168
    vertex 60.1086687000078 66.5837219999996 -34.5000000000169
  endloop
endfacet
facet normal -0.965923383669318 0.258817771401755 0.00231907038372318
  outer loop
    vertex 60.0893047000084 66.1801979999996 -37.1000000000169
    vertex 60.0171207000084 65.9108029999996 -37.1000000000169
    vertex 60.0554627000078 66.0306009999996 -34.5000000000169
  endloop
endfacet
facet normal 0.819148855060489 -0.573576303703104 0.0023188538924434
  outer loop
    vertex 57.2879417000084 67.4864949999996 -37.1000000000175
    vertex 57.2109387000078 67.3870349999996 -34.5000000000175
    vertex 57.1279717000084 67.2580349999996 -37.1000000000175
  endloop
endfacet
facet normal 0.57357630370312 0.819148855060478 0.00231885389239841
  outer loop
    vertex 57.5846127000078 65.1553609999996 -34.5000000000174
    vertex 57.7136127000084 65.0723939999996 -37.1000000000174
    vertex 57.4851527000084 65.2323639999996 -37.1000000000174
  endloop
endfacet
facet normal 0.9961918911848 0.0871569751002211 0.00231897154615337
  outer loop
    vertex 56.9136127000084 66.4580349999996 -37.1000000000175
    vertex 56.9185567000078 66.3323479999996 -34.5000000000175
    vertex 56.9379207000084 66.1801979999996 -37.1000000000175
  endloop
endfacet
facet normal 0.0871640603622615 0.996191269242107 0.00231984201287517
  outer loop
    vertex 58.3604120000078 64.8653849999996 -34.5000000000172
    vertex 58.5136127000084 64.8580349999996 -37.1000000000172
    vertex 58.2357756000084 64.8823449999996 -37.1000000000173
  endloop
endfacet
facet normal 0.983269659955368 -0.182141155353451 -0.00231847746700871
  outer loop
    vertex 56.9717627000078 66.8854689999996 -34.5000000000175
    vertex 56.9209637000078 66.6112359999996 -34.5000000000175
    vertex 56.9379207000084 66.7358719999996 -37.1000000000175
  endloop
endfacet
facet normal -0.983269659955335 0.182141155353622 -0.0023184774674437
  outer loop
    vertex 60.1062617000078 66.3048339999996 -34.5000000000169
    vertex 60.0893047000084 66.1801979999996 -37.1000000000169
    vertex 60.0554627000078 66.0306009999996 -34.5000000000169
  endloop
endfacet
facet normal 0.507452898362038 0.861676376835819 -0.0023189538722828
  outer loop
    vertex 57.8249332000078 65.0138329999996 -34.5000000000173
    vertex 57.7136127000084 65.0723939999996 -37.1000000000174
    vertex 57.5846127000078 65.1553609999996 -34.5000000000174
  endloop
endfacet
facet normal -0.333898207606129 0.942606285849526 -0.00231880020168942
  outer loop
    vertex 59.1772613000078 65.0021609999996 -34.500000000017
    vertex 59.0608449000084 64.9545269999996 -37.1000000000171
    vertex 58.9143690000078 64.9090369999996 -34.5000000000171
  endloop
endfacet
facet normal 0.870306219683639 0.492505539266483 -0.00231900232960123
  outer loop
    vertex 57.0577387000078 65.7943859999996 -34.5000000000175
    vertex 57.1950977000078 65.5516589999996 -34.5000000000175
    vertex 57.1279717000084 65.6580349999996 -37.1000000000175
  endloop
endfacet
facet normal 0.819148855391658 0.573576303934936 0.00231867955417052
  outer loop
    vertex 57.1279717000084 65.6580349999996 -37.1000000000175
    vertex 57.1950977000078 65.5516589999996 -34.5000000000175
    vertex 57.2879417000084 65.4295749999996 -37.1000000000175
  endloop
endfacet
facet normal 2.15502381863606e-013 2.10306405624473e-030 -1.0
  outer loop
    vertex 56.9258997000084 69.2080349999996 -37.1000000000175
    vertex 56.9136127000084 66.4580349999996 -37.1000000000175
    vertex 55.3381867000084 66.4580349999996 -37.1000000000179
  endloop
endfacet
facet normal 2.15502381863606e-013 2.10306405624473e-030 -1.0
  outer loop
    vertex 56.9136127000084 66.4580349999996 -37.1000000000175
    vertex 56.9258997000084 69.2080349999996 -37.1000000000175
    vertex 56.9379207000084 66.7358719999996 -37.1000000000175
  endloop
endfacet
facet normal 2.15502381863606e-013 2.10306405624473e-030 -1.0
  outer loop
    vertex 56.9379207000084 66.7358719999996 -37.1000000000175
    vertex 56.9258997000084 69.2080349999996 -37.1000000000175
    vertex 57.0101047000084 67.0052669999996 -37.1000000000175
  endloop
endfacet
facet normal 2.15502381863606e-013 2.10306405624473e-030 -1.0
  outer loop
    vertex 57.0101047000084 67.0052669999996 -37.1000000000175
    vertex 56.9258997000084 69.2080349999996 -37.1000000000175
    vertex 57.1279717000084 67.2580349999996 -37.1000000000175
  endloop
endfacet
facet normal 2.15502381863606e-013 2.10306405624473e-030 -1.0
  outer loop
    vertex 57.1279717000084 67.2580349999996 -37.1000000000175
    vertex 56.9258997000084 69.2080349999996 -37.1000000000175
    vertex 57.2879417000084 67.4864949999996 -37.1000000000175
  endloop
endfacet
facet normal 2.15502381863606e-013 2.10306405624473e-030 -1.0
  outer loop
    vertex 57.2879417000084 67.4864949999996 -37.1000000000175
    vertex 56.9258997000084 69.2080349999996 -37.1000000000175
    vertex 57.4851527000084 67.6837059999996 -37.1000000000174
  endloop
endfacet
facet normal 2.15502381863606e-013 2.10306405624473e-030 -1.0
  outer loop
    vertex 57.4851527000084 67.6837059999996 -37.1000000000174
    vertex 56.9258997000084 69.2080349999996 -37.1000000000175
    vertex 57.7136127000084 67.8436759999996 -37.1000000000174
  endloop
endfacet
facet normal 2.15502381863606e-013 2.10306405624473e-030 -1.0
  outer loop
    vertex 57.7136127000084 67.8436759999996 -37.1000000000174
    vertex 56.9258997000084 69.2080349999996 -37.1000000000175
    vertex 60.1013257000084 69.2080349999996 -37.1000000000169
  endloop
endfacet
facet normal 2.15502381863606e-013 2.10306405624473e-030 -1.0
  outer loop
    vertex 57.7136127000084 67.8436759999996 -37.1000000000174
    vertex 60.1013257000084 69.2080349999996 -37.1000000000169
    vertex 57.9663805000084 67.9615429999996 -37.1000000000173
  endloop
endfacet
facet normal 2.15502381863606e-013 2.10306405624473e-030 -1.0
  outer loop
    vertex 57.9663805000084 67.9615429999996 -37.1000000000173
    vertex 60.1013257000084 69.2080349999996 -37.1000000000169
    vertex 58.2357756000084 68.0337269999996 -37.1000000000173
  endloop
endfacet
facet normal 2.15502381863606e-013 2.10306405624473e-030 -1.0
  outer loop
    vertex 58.2357756000084 68.0337269999996 -37.1000000000173
    vertex 60.1013257000084 69.2080349999996 -37.1000000000169
    vertex 58.5136127000084 68.0580349999996 -37.1000000000172
  endloop
endfacet
facet normal 2.15502381863606e-013 2.10306405624473e-030 -1.0
  outer loop
    vertex 58.5136127000084 68.0580349999996 -37.1000000000172
    vertex 60.1013257000084 69.2080349999996 -37.1000000000169
    vertex 58.7914498000084 68.0337269999996 -37.1000000000171
  endloop
endfacet
facet normal 2.15502381863606e-013 2.10306405624473e-030 -1.0
  outer loop
    vertex 58.7914498000084 68.0337269999996 -37.1000000000171
    vertex 60.1013257000084 69.2080349999996 -37.1000000000169
    vertex 59.0608449000084 67.9615429999996 -37.1000000000171
  endloop
endfacet
facet normal 2.15502381863606e-013 2.10306405624473e-030 -1.0
  outer loop
    vertex 59.0608449000084 67.9615429999996 -37.1000000000171
    vertex 60.1013257000084 69.2080349999996 -37.1000000000169
    vertex 59.3136127000084 67.8436759999996 -37.100000000017
  endloop
endfacet
facet normal 2.15502381863606e-013 2.10306405624473e-030 -1.0
  outer loop
    vertex 59.3136127000084 67.8436759999996 -37.100000000017
    vertex 60.1013257000084 69.2080349999996 -37.1000000000169
    vertex 59.5420727000084 67.6837059999996 -37.100000000017
  endloop
endfacet
facet normal 2.15502381863606e-013 2.10306405624473e-030 -1.0
  outer loop
    vertex 59.5420727000084 67.6837059999996 -37.100000000017
    vertex 60.1013257000084 69.2080349999996 -37.1000000000169
    vertex 59.7392837000084 67.4864949999996 -37.1000000000169
  endloop
endfacet
facet normal 2.15502381863606e-013 2.10306405624473e-030 -1.0
  outer loop
    vertex 59.7392837000084 67.4864949999996 -37.1000000000169
    vertex 60.1013257000084 69.2080349999996 -37.1000000000169
    vertex 59.8992537000084 67.2580349999996 -37.1000000000169
  endloop
endfacet
facet normal 2.15502381863606e-013 2.10306405624473e-030 -1.0
  outer loop
    vertex 59.8992537000084 67.2580349999996 -37.1000000000169
    vertex 60.1013257000084 69.2080349999996 -37.1000000000169
    vertex 60.0171207000084 67.0052669999996 -37.1000000000169
  endloop
endfacet
facet normal 2.15502381863606e-013 2.10306405624473e-030 -1.0
  outer loop
    vertex 60.0171207000084 67.0052669999996 -37.1000000000169
    vertex 60.1013257000084 69.2080349999996 -37.1000000000169
    vertex 60.0893047000084 66.7358719999996 -37.1000000000169
  endloop
endfacet
facet normal 2.15502381863606e-013 2.10306405624473e-030 -1.0
  outer loop
    vertex 60.0893047000084 66.7358719999996 -37.1000000000169
    vertex 60.1013257000084 69.2080349999996 -37.1000000000169
    vertex 60.1136127000084 66.4580349999996 -37.1000000000168
  endloop
endfacet
facet normal 2.15502381863606e-013 2.10306405624473e-030 -1.0
  outer loop
    vertex 60.1136127000084 66.4580349999996 -37.1000000000168
    vertex 60.1013257000084 69.2080349999996 -37.1000000000169
    vertex 61.6890387000084 66.4580349999996 -37.1000000000165
  endloop
endfacet
facet normal 2.15502381863606e-013 2.10306405624473e-030 -1.0
  outer loop
    vertex 56.9136127000084 66.4580349999996 -37.1000000000175
    vertex 56.9258997000084 63.7080349999996 -37.1000000000175
    vertex 55.3381867000084 66.4580349999996 -37.1000000000179
  endloop
endfacet
facet normal 2.15502381863606e-013 2.10306405624473e-030 -1.0
  outer loop
    vertex 56.9258997000084 63.7080349999996 -37.1000000000175
    vertex 56.9136127000084 66.4580349999996 -37.1000000000175
    vertex 56.9379207000084 66.1801979999996 -37.1000000000175
  endloop
endfacet
facet normal 2.15502381863606e-013 2.10306405624473e-030 -1.0
  outer loop
    vertex 56.9258997000084 63.7080349999996 -37.1000000000175
    vertex 56.9379207000084 66.1801979999996 -37.1000000000175
    vertex 57.0101047000084 65.9108029999996 -37.1000000000175
  endloop
endfacet
facet normal 2.15502381863606e-013 2.10306405624473e-030 -1.0
  outer loop
    vertex 56.9258997000084 63.7080349999996 -37.1000000000175
    vertex 57.0101047000084 65.9108029999996 -37.1000000000175
    vertex 57.1279717000084 65.6580349999996 -37.1000000000175
  endloop
endfacet
facet normal 2.15502381863606e-013 2.10306405624473e-030 -1.0
  outer loop
    vertex 56.9258997000084 63.7080349999996 -37.1000000000175
    vertex 57.1279717000084 65.6580349999996 -37.1000000000175
    vertex 57.2879417000084 65.4295749999996 -37.1000000000175
  endloop
endfacet
facet normal 2.15502381863606e-013 2.10306405624473e-030 -1.0
  outer loop
    vertex 56.9258997000084 63.7080349999996 -37.1000000000175
    vertex 57.2879417000084 65.4295749999996 -37.1000000000175
    vertex 57.4851527000084 65.2323639999996 -37.1000000000174
  endloop
endfacet
facet normal 2.15502381863606e-013 2.10306405624473e-030 -1.0
  outer loop
    vertex 56.9258997000084 63.7080349999996 -37.1000000000175
    vertex 57.4851527000084 65.2323639999996 -37.1000000000174
    vertex 57.7136127000084 65.0723939999996 -37.1000000000174
  endloop
endfacet
facet normal 2.15502381863606e-013 2.10306405624473e-030 -1.0
  outer loop
    vertex 56.9258997000084 63.7080349999996 -37.1000000000175
    vertex 57.7136127000084 65.0723939999996 -37.1000000000174
    vertex 60.1013257000084 63.7080349999996 -37.1000000000169
  endloop
endfacet
facet normal 2.15502381863606e-013 2.10306405624473e-030 -1.0
  outer loop
    vertex 60.1013257000084 63.7080349999996 -37.1000000000169
    vertex 57.7136127000084 65.0723939999996 -37.1000000000174
    vertex 57.9663805000084 64.9545269999996 -37.1000000000173
  endloop
endfacet
facet normal 2.15502381863606e-013 2.10306405624473e-030 -1.0
  outer loop
    vertex 60.1013257000084 63.7080349999996 -37.1000000000169
    vertex 57.9663805000084 64.9545269999996 -37.1000000000173
    vertex 58.2357756000084 64.8823449999996 -37.1000000000173
  endloop
endfacet
facet normal 2.15502381863606e-013 2.10306405624473e-030 -1.0
  outer loop
    vertex 60.1013257000084 63.7080349999996 -37.1000000000169
    vertex 58.2357756000084 64.8823449999996 -37.1000000000173
    vertex 58.5136127000084 64.8580349999996 -37.1000000000172
  endloop
endfacet
facet normal 2.15502381863606e-013 2.10306405624473e-030 -1.0
  outer loop
    vertex 60.1013257000084 63.7080349999996 -37.1000000000169
    vertex 58.5136127000084 64.8580349999996 -37.1000000000172
    vertex 58.7914498000084 64.8823449999996 -37.1000000000171
  endloop
endfacet
facet normal 2.15502381863606e-013 2.10306405624473e-030 -1.0
  outer loop
    vertex 60.1013257000084 63.7080349999996 -37.1000000000169
    vertex 58.7914498000084 64.8823449999996 -37.1000000000171
    vertex 59.0608449000084 64.9545269999996 -37.1000000000171
  endloop
endfacet
facet normal 2.15502381863606e-013 2.10306405624473e-030 -1.0
  outer loop
    vertex 60.1013257000084 63.7080349999996 -37.1000000000169
    vertex 59.0608449000084 64.9545269999996 -37.1000000000171
    vertex 59.3136127000084 65.0723939999996 -37.100000000017
  endloop
endfacet
facet normal 2.15502381863606e-013 2.10306405624473e-030 -1.0
  outer loop
    vertex 60.1013257000084 63.7080349999996 -37.1000000000169
    vertex 59.3136127000084 65.0723939999996 -37.100000000017
    vertex 59.5420727000084 65.2323639999996 -37.100000000017
  endloop
endfacet
facet normal 2.15502381863606e-013 2.10306405624473e-030 -1.0
  outer loop
    vertex 60.1013257000084 63.7080349999996 -37.1000000000169
    vertex 59.5420727000084 65.2323639999996 -37.100000000017
    vertex 59.7392837000084 65.4295749999996 -37.1000000000169
  endloop
endfacet
facet normal 2.15502381863606e-013 2.10306405624473e-030 -1.0
  outer loop
    vertex 60.1013257000084 63.7080349999996 -37.1000000000169
    vertex 59.7392837000084 65.4295749999996 -37.1000000000169
    vertex 59.8992537000084 65.6580349999996 -37.1000000000169
  endloop
endfacet
facet normal 2.15502381863606e-013 2.10306405624473e-030 -1.0
  outer loop
    vertex 60.1013257000084 63.7080349999996 -37.1000000000169
    vertex 59.8992537000084 65.6580349999996 -37.1000000000169
    vertex 60.0171207000084 65.9108029999996 -37.1000000000169
  endloop
endfacet
facet normal 2.15502381863606e-013 2.10306405624473e-030 -1.0
  outer loop
    vertex 60.1013257000084 63.7080349999996 -37.1000000000169
    vertex 60.0171207000084 65.9108029999996 -37.1000000000169
    vertex 60.0893047000084 66.1801979999996 -37.1000000000169
  endloop
endfacet
facet normal 2.15502381863606e-013 2.10306405624473e-030 -1.0
  outer loop
    vertex 60.1013257000084 63.7080349999996 -37.1000000000169
    vertex 60.0893047000084 66.1801979999996 -37.1000000000169
    vertex 60.1136127000084 66.4580349999996 -37.1000000000168
  endloop
endfacet
facet normal 2.15502381863606e-013 2.10306405624473e-030 -1.0
  outer loop
    vertex 60.1013257000084 63.7080349999996 -37.1000000000169
    vertex 60.1136127000084 66.4580349999996 -37.1000000000168
    vertex 61.6890387000084 66.4580349999996 -37.1000000000165
  endloop
endfacet
facet normal -0.999960069542831 0.00863036017106004 -0.00231866410123706
  outer loop
    vertex 60.1086687000078 66.5837219999996 -34.5000000000169
    vertex 60.1136127000084 66.4580349999996 -37.1000000000168
    vertex 60.1062617000078 66.3048339999996 -34.5000000000169
  endloop
endfacet
facet normal -0.936702015322153 0.350119919585553 -0.00231870671368963
  outer loop
    vertex 60.0554627000078 66.0306009999996 -34.5000000000169
    vertex 60.0171207000084 65.9108029999996 -37.1000000000169
    vertex 59.9578147000079 65.7693559999996 -34.5000000000169
  endloop
endfacet
facet normal -0.906306249353866 0.42261519928395 0.00231855910324551
  outer loop
    vertex 60.0171207000084 65.9108029999996 -37.1000000000169
    vertex 59.8992537000084 65.6580349999996 -37.1000000000169
    vertex 59.9578147000079 65.7693559999996 -34.5000000000169
  endloop
endfacet
facet normal -0.996191891004313 0.08715697508443 0.00231904967252564
  outer loop
    vertex 60.1136127000084 66.4580349999996 -37.1000000000168
    vertex 60.0893047000084 66.1801979999996 -37.1000000000169
    vertex 60.1062617000078 66.3048339999996 -34.5000000000169
  endloop
endfacet
facet normal 0.906306249072519 0.422615199152756 0.00231869298922045
  outer loop
    vertex 57.0101047000084 65.9108029999996 -37.1000000000175
    vertex 57.0577387000078 65.7943859999996 -34.5000000000175
    vertex 57.1279717000084 65.6580349999996 -37.1000000000175
  endloop
endfacet
facet normal 0.258817681828505 -0.965923407928935 0.00231896267118695
  outer loop
    vertex 58.1128564000079 68.0070329999996 -34.5000000000173
    vertex 57.9663805000084 67.9615429999996 -37.1000000000173
    vertex 58.2357756000084 68.0337269999996 -37.1000000000173
  endloop
endfacet
facet normal 0.333898207606058 -0.942606285849552 -0.00231880020154008
  outer loop
    vertex 58.1128564000079 68.0070329999996 -34.5000000000173
    vertex 57.8499641000078 67.9139089999996 -34.5000000000173
    vertex 57.9663805000084 67.9615429999996 -37.1000000000173
  endloop
endfacet
facet normal -0.965923383945146 -0.258817771475662 0.00231894724631939
  outer loop
    vertex 60.0171207000084 67.0052669999996 -37.1000000000169
    vertex 60.0893047000084 66.7358719999996 -37.1000000000169
    vertex 60.0626107000078 66.8587909999996 -34.5000000000169
  endloop
endfacet
facet normal -0.906306249072534 -0.422615199152725 0.00231869298882561
  outer loop
    vertex 59.8992537000084 67.2580349999996 -37.1000000000169
    vertex 60.0171207000084 67.0052669999996 -37.1000000000169
    vertex 59.9694867000079 67.1216839999996 -34.5000000000169
  endloop
endfacet
facet normal 0.965923383945144 0.258817771475662 0.00231894724675522
  outer loop
    vertex 56.9379207000084 66.1801979999996 -37.1000000000175
    vertex 56.9646147000078 66.0572789999996 -34.5000000000175
    vertex 57.0101047000084 65.9108029999996 -37.1000000000175
  endloop
endfacet
facet normal -0.870306219683638 -0.492505539266483 -0.00231900232998309
  outer loop
    vertex 59.8321277000078 67.3644109999996 -34.5000000000169
    vertex 59.8992537000084 67.2580349999996 -37.1000000000169
    vertex 59.9694867000079 67.1216839999996 -34.5000000000169
  endloop
endfacet
facet normal 0.771561436277215 0.636150589936177 -0.0023188302429305
  outer loop
    vertex 57.1950977000078 65.5516589999996 -34.5000000000175
    vertex 57.3725197000078 65.3364709999996 -34.5000000000175
    vertex 57.2879417000084 65.4295749999996 -37.1000000000175
  endloop
endfacet
facet normal 0.165142156171853 -0.986267049286288 -0.00231856572717425
  outer loop
    vertex 58.3879254000078 68.0530909999996 -34.5000000000172
    vertex 58.1128564000079 68.0070329999996 -34.5000000000173
    vertex 58.2357756000084 68.0337269999996 -37.1000000000173
  endloop
endfacet
facet normal 0.996191891004311 -0.0871569750844371 0.00231904967295747
  outer loop
    vertex 56.9379207000084 66.7358719999996 -37.1000000000175
    vertex 56.9209637000078 66.6112359999996 -34.5000000000175
    vertex 56.9136127000084 66.4580349999996 -37.1000000000175
  endloop
endfacet
facet normal 0.0086411159656271 0.999959979014007 -0.00231764647346904
  outer loop
    vertex 58.6393000000078 64.8629749999996 -34.5000000000172
    vertex 58.5136127000084 64.8580349999996 -37.1000000000172
    vertex 58.3604120000078 64.8653849999996 -34.5000000000172
  endloop
endfacet
facet normal 0.986267049257244 0.165142156166962 -0.00231857843015251
  outer loop
    vertex 56.9185567000078 66.3323479999996 -34.5000000000175
    vertex 56.9646147000078 66.0572789999996 -34.5000000000175
    vertex 56.9379207000084 66.1801979999996 -37.1000000000175
  endloop
endfacet
facet normal -0.771561436277214 -0.636150589936177 -0.00231883024325183
  outer loop
    vertex 59.6547057000078 67.5795989999996 -34.5000000000169
    vertex 59.7392837000084 67.4864949999996 -37.1000000000169
    vertex 59.8321277000078 67.3644109999996 -34.5000000000169
  endloop
endfacet
facet normal 0.422615473900296 -0.906306121168337 0.00231861010780244
  outer loop
    vertex 57.8499641000078 67.9139089999996 -34.5000000000173
    vertex 57.7136127000084 67.8436759999996 -37.1000000000174
    vertex 57.9663805000084 67.9615429999996 -37.1000000000173
  endloop
endfacet
facet normal 0.999960069542831 -0.00863036017122181 -0.00231866410079374
  outer loop
    vertex 56.9209637000078 66.6112359999996 -34.5000000000175
    vertex 56.9185567000078 66.3323479999996 -34.5000000000175
    vertex 56.9136127000084 66.4580349999996 -37.1000000000175
  endloop
endfacet
facet normal 0.182144558105175 0.983269031836932 -0.00231753816221016
  outer loop
    vertex 58.3604120000078 64.8653849999996 -34.5000000000172
    vertex 58.2357756000084 64.8823449999996 -37.1000000000173
    vertex 58.0861789000078 64.9161849999996 -34.5000000000173
  endloop
endfacet
facet normal 0.422615473885054 0.906306121135476 0.00231862573055294
  outer loop
    vertex 57.8249332000078 65.0138329999996 -34.5000000000173
    vertex 57.9663805000084 64.9545269999996 -37.1000000000173
    vertex 57.7136127000084 65.0723939999996 -37.1000000000174
  endloop
endfacet
facet normal -0.707104880251793 -0.707104880251712 0.00231876008024452
  outer loop
    vertex 59.5420727000084 67.6837059999996 -37.100000000017
    vertex 59.7392837000084 67.4864949999996 -37.1000000000169
    vertex 59.6547057000078 67.5795989999996 -34.5000000000169
  endloop
endfacet
facet normal -0.182141091128107 -0.983269671793855 -0.0023185023329925
  outer loop
    vertex 58.9410465000078 67.9998849999996 -34.5000000000171
    vertex 58.6668134000078 68.0506839999996 -34.5000000000172
    vertex 58.7914498000084 68.0337269999996 -37.1000000000171
  endloop
endfacet
facet normal -0.942606565749939 -0.333897417690319 -0.00231876364545911
  outer loop
    vertex 59.9694867000079 67.1216839999996 -34.5000000000169
    vertex 60.0171207000084 67.0052669999996 -37.1000000000169
    vertex 60.0626107000078 66.8587909999996 -34.5000000000169
  endloop
endfacet
facet normal -0.258817681785023 -0.965923407766818 0.00231903505034941
  outer loop
    vertex 58.9410465000078 67.9998849999996 -34.5000000000171
    vertex 58.7914498000084 68.0337269999996 -37.1000000000171
    vertex 59.0608449000084 67.9615429999996 -37.1000000000171
  endloop
endfacet
facet normal -0.0871569439553333 -0.9961918937555 0.00231903777413853
  outer loop
    vertex 58.6668134000078 68.0506839999996 -34.5000000000172
    vertex 58.5136127000084 68.0580349999996 -37.1000000000172
    vertex 58.7914498000084 68.0337269999996 -37.1000000000171
  endloop
endfacet
facet normal 0.965923383669317 -0.258817771401754 0.00231907038416122
  outer loop
    vertex 57.0101047000084 67.0052669999996 -37.1000000000175
    vertex 56.9717627000078 66.8854689999996 -34.5000000000175
    vertex 56.9379207000084 66.7358719999996 -37.1000000000175
  endloop
endfacet
facet normal -0.986267049257243 -0.165142156166962 -0.00231857843059751
  outer loop
    vertex 60.0626107000078 66.8587909999996 -34.5000000000169
    vertex 60.0893047000084 66.7358719999996 -37.1000000000169
    vertex 60.1086687000078 66.5837219999996 -34.5000000000169
  endloop
endfacet
facet normal 0.636150941946567 -0.771561146111592 -0.00231880819864301
  outer loop
    vertex 57.6072365000078 67.7765499999996 -34.5000000000174
    vertex 57.3920487000078 67.5991279999996 -34.5000000000174
    vertex 57.4851527000084 67.6837059999996 -37.1000000000174
  endloop
endfacet
facet normal 0.573576303876365 -0.81914885530778 0.0023187236751305
  outer loop
    vertex 57.6072365000078 67.7765499999996 -34.5000000000174
    vertex 57.4851527000084 67.6837059999996 -37.1000000000174
    vertex 57.7136127000084 67.8436759999996 -37.1000000000174
  endloop
endfacet
facet normal -0.00863036017103974 -0.999960069540523 -0.00231866509682755
  outer loop
    vertex 58.6668134000078 68.0506839999996 -34.5000000000172
    vertex 58.3879254000078 68.0530909999996 -34.5000000000172
    vertex 58.5136127000084 68.0580349999996 -37.1000000000172
  endloop
endfacet
facet normal 0.0871569439669769 -0.996191893888757 0.00231898009235121
  outer loop
    vertex 58.3879254000078 68.0530909999996 -34.5000000000172
    vertex 58.2357756000084 68.0337269999996 -37.1000000000173
    vertex 58.5136127000084 68.0580349999996 -37.1000000000172
  endloop
endfacet
facet normal -0.35011909644132 -0.93670232296788 -0.00231871811387075
  outer loop
    vertex 59.2022922000078 67.9022369999996 -34.5000000000171
    vertex 58.9410465000078 67.9998849999996 -34.5000000000171
    vertex 59.0608449000084 67.9615429999996 -37.1000000000171
  endloop
endfacet
facet normal -0.649374701507996 -0.760465068560179 -0.00231873697615792
  outer loop
    vertex 59.6547057000078 67.5795989999996 -34.5000000000169
    vertex 59.4426127000078 67.7607089999996 -34.500000000017
    vertex 59.5420727000084 67.6837059999996 -37.100000000017
  endloop
endfacet
facet normal 0.492504617125606 -0.870306741486242 -0.0023190156447918
  outer loop
    vertex 57.8499641000078 67.9139089999996 -34.5000000000173
    vertex 57.6072365000078 67.7765499999996 -34.5000000000174
    vertex 57.7136127000084 67.8436759999996 -37.1000000000174
  endloop
endfacet
facet normal -0.422615473884989 -0.906306121135507 0.00231862573036581
  outer loop
    vertex 59.2022922000078 67.9022369999996 -34.5000000000171
    vertex 59.0608449000084 67.9615429999996 -37.1000000000171
    vertex 59.3136127000084 67.8436759999996 -37.100000000017
  endloop
endfacet
facet normal -0.819148855391556 -0.573576303935082 0.00231867955381881
  outer loop
    vertex 59.7392837000084 67.4864949999996 -37.1000000000169
    vertex 59.8992537000084 67.2580349999996 -37.1000000000169
    vertex 59.8321277000078 67.3644109999996 -34.5000000000169
  endloop
endfacet
facet normal -0.573576303703176 -0.81914885506044 0.00231885389214636
  outer loop
    vertex 59.4426127000078 67.7607089999996 -34.500000000017
    vertex 59.3136127000084 67.8436759999996 -37.100000000017
    vertex 59.5420727000084 67.6837059999996 -37.100000000017
  endloop
endfacet
facet normal -0.507452898362027 -0.861676376835826 -0.00231895387251115
  outer loop
    vertex 59.4426127000078 67.7607089999996 -34.500000000017
    vertex 59.2022922000078 67.9022369999996 -34.5000000000171
    vertex 59.3136127000084 67.8436759999996 -37.100000000017
  endloop
endfacet
facet normal -1.0 0.0 0.0
  outer loop
    vertex 38.0137567000089 50.0110349999995 -39.5000000000186
    vertex 38.0137567000089 8.76103499999962 -42.5000000000189
    vertex 38.0137567000089 8.76103499999958 -39.5000000000189
  endloop
endfacet
facet normal -1.0 0.0 0.0
  outer loop
    vertex 38.0137567000089 8.76103499999962 -42.5000000000189
    vertex 38.0137567000089 50.0110349999995 -39.5000000000186
    vertex 38.0137567000089 50.0110349999996 -42.5000000000186
  endloop
endfacet
facet normal 1.0 5.46902590554799e-016 -7.51991062012774e-015
  outer loop
    vertex 79.0137567000089 8.76103499999961 -42.5000000000191
    vertex 79.0137567000089 50.0110349999995 -39.5000000000188
    vertex 79.013756700009 8.76103499999958 -39.5000000000191
  endloop
endfacet
facet normal 1.0 5.46902590554799e-016 -7.51991062012774e-015
  outer loop
    vertex 79.0137567000089 50.0110349999995 -39.5000000000188
    vertex 79.0137567000089 8.76103499999961 -42.5000000000191
    vertex 79.0137567000089 50.0110349999995 -42.5000000000188
  endloop
endfacet
facet normal 0.914686604094773 -1.93917443366005e-015 0.404163848320917
  outer loop
    vertex 82.0054290033669 8.76103499999962 -49.2706267918296
    vertex 79.0137567000089 50.0110349999995 -42.5000000000188
    vertex 79.0137567000089 8.76103499999961 -42.5000000000191
  endloop
endfacet
facet normal 0.914686604094773 -1.93917443366005e-015 0.404163848320917
  outer loop
    vertex 79.0137567000089 50.0110349999995 -42.5000000000188
    vertex 82.0054290033669 8.76103499999962 -49.2706267918296
    vertex 82.0054290033669 50.0110349999996 -49.2706267918296
  endloop
endfacet
facet normal -0.91468660409476 -2.0988974880228e-015 0.404163848320944
  outer loop
    vertex 38.0137567000089 50.0110349999996 -42.5000000000186
    vertex 35.0220843966507 8.76103499999969 -49.2706267918294
    vertex 38.0137567000089 8.76103499999962 -42.5000000000189
  endloop
endfacet
facet normal -0.91468660409476 -2.0988974880228e-015 0.404163848320944
  outer loop
    vertex 35.0220843966507 8.76103499999969 -49.2706267918294
    vertex 38.0137567000089 50.0110349999996 -42.5000000000186
    vertex 35.0220843966507 50.0110349999996 -49.2706267918293
  endloop
endfacet
facet normal 3.49253331336554e-016 1.0 5.18125596553129e-015
  outer loop
    vertex 36.2137567000088 50.0110349999996 -51.1000000000188
    vertex 82.0054290033669 50.0110349999996 -49.2706267918296
    vertex 80.8137567000088 50.0110349999996 -51.1000000000191
  endloop
endfacet
facet normal 3.49253331336554e-016 1.0 5.18125596553129e-015
  outer loop
    vertex 82.0054290033669 50.0110349999996 -49.2706267918296
    vertex 36.2137567000088 50.0110349999996 -51.1000000000188
    vertex 35.0220843966507 50.0110349999996 -49.2706267918293
  endloop
endfacet
facet normal 3.49253331336554e-016 1.0 5.18125596553129e-015
  outer loop
    vertex 82.0054290033669 50.0110349999996 -49.2706267918296
    vertex 35.0220843966507 50.0110349999996 -49.2706267918293
    vertex 79.0137567000089 50.0110349999995 -42.5000000000188
  endloop
endfacet
facet normal 3.49253331336554e-016 1.0 5.18125596553129e-015
  outer loop
    vertex 79.0137567000089 50.0110349999995 -42.5000000000188
    vertex 35.0220843966507 50.0110349999996 -49.2706267918293
    vertex 38.0137567000089 50.0110349999996 -42.5000000000186
  endloop
endfacet
facet normal 3.49253331336554e-016 1.0 5.18125596553129e-015
  outer loop
    vertex 79.0137567000089 50.0110349999995 -42.5000000000188
    vertex 38.0137567000089 50.0110349999996 -42.5000000000186
    vertex 79.0137567000089 50.0110349999995 -39.5000000000188
  endloop
endfacet
facet normal 3.49253331336554e-016 1.0 5.18125596553129e-015
  outer loop
    vertex 79.0137567000089 50.0110349999995 -39.5000000000188
    vertex 38.0137567000089 50.0110349999996 -42.5000000000186
    vertex 38.0137567000089 50.0110349999995 -39.5000000000186
  endloop
endfacet
facet normal -6.57570659607582e-015 1.0938051811095e-015 -1.0
  outer loop
    vertex 36.2137567000088 50.0110349999996 -51.1000000000188
    vertex 80.8137567000087 8.76103499999967 -51.1000000000191
    vertex 36.2137567000087 8.76103499999971 -51.1000000000189
  endloop
endfacet
facet normal -6.57570659607582e-015 1.0938051811095e-015 -1.0
  outer loop
    vertex 80.8137567000087 8.76103499999967 -51.1000000000191
    vertex 36.2137567000088 50.0110349999996 -51.1000000000188
    vertex 80.8137567000088 50.0110349999996 -51.1000000000191
  endloop
endfacet
facet normal -6.81544090919865e-016 -1.0 -8.30398483857802e-015
  outer loop
    vertex 82.0054290033669 8.76103499999962 -49.2706267918296
    vertex 36.2137567000087 8.76103499999971 -51.1000000000189
    vertex 80.8137567000087 8.76103499999967 -51.1000000000191
  endloop
endfacet
facet normal -6.81544090919865e-016 -1.0 -8.30398483857802e-015
  outer loop
    vertex 36.2137567000087 8.76103499999971 -51.1000000000189
    vertex 82.0054290033669 8.76103499999962 -49.2706267918296
    vertex 35.0220843966507 8.76103499999969 -49.2706267918294
  endloop
endfacet
facet normal -6.81544090919865e-016 -1.0 -8.30398483857802e-015
  outer loop
    vertex 35.0220843966507 8.76103499999969 -49.2706267918294
    vertex 82.0054290033669 8.76103499999962 -49.2706267918296
    vertex 79.0137567000089 8.76103499999961 -42.5000000000191
  endloop
endfacet
facet normal -6.81544090919865e-016 -1.0 -8.30398483857802e-015
  outer loop
    vertex 35.0220843966507 8.76103499999969 -49.2706267918294
    vertex 79.0137567000089 8.76103499999961 -42.5000000000191
    vertex 38.0137567000089 8.76103499999962 -42.5000000000189
  endloop
endfacet
facet normal -6.81544090919865e-016 -1.0 -8.30398483857802e-015
  outer loop
    vertex 38.0137567000089 8.76103499999962 -42.5000000000189
    vertex 79.0137567000089 8.76103499999961 -42.5000000000191
    vertex 79.013756700009 8.76103499999958 -39.5000000000191
  endloop
endfacet
facet normal -6.81544090919865e-016 -1.0 -8.30398483857802e-015
  outer loop
    vertex 38.0137567000089 8.76103499999962 -42.5000000000189
    vertex 79.013756700009 8.76103499999958 -39.5000000000191
    vertex 38.0137567000089 8.76103499999958 -39.5000000000189
  endloop
endfacet
facet normal -0.837903290458074 2.26044805317759e-015 -0.545818720675219
  outer loop
    vertex 35.0220843966507 50.0110349999996 -49.2706267918293
    vertex 36.2137567000087 8.76103499999971 -51.1000000000189
    vertex 35.0220843966507 8.76103499999969 -49.2706267918294
  endloop
endfacet
facet normal -0.837903290458074 2.26044805317759e-015 -0.545818720675219
  outer loop
    vertex 36.2137567000087 8.76103499999971 -51.1000000000189
    vertex 35.0220843966507 50.0110349999996 -49.2706267918293
    vertex 36.2137567000088 50.0110349999996 -51.1000000000188
  endloop
endfacet
facet normal 0.837903290458063 -9.16623740567077e-016 -0.545818720675235
  outer loop
    vertex 80.8137567000087 8.76103499999967 -51.1000000000191
    vertex 82.0054290033669 50.0110349999996 -49.2706267918296
    vertex 82.0054290033669 8.76103499999962 -49.2706267918296
  endloop
endfacet
facet normal 0.837903290458063 -9.16623740567077e-016 -0.545818720675235
  outer loop
    vertex 82.0054290033669 50.0110349999996 -49.2706267918296
    vertex 80.8137567000087 8.76103499999967 -51.1000000000191
    vertex 80.8137567000088 50.0110349999996 -51.1000000000191
  endloop
endfacet
facet normal -8.67648920311465e-014 1.48477336184166e-013 1.0
  outer loop
    vertex 55.7014221431134 72.2939686992596 -34.500000000025
    vertex 56.9717627000078 66.8854689999996 -34.5000000000175
    vertex 58.5137567000095 72.3860349999996 -34.5000000000247
  endloop
endfacet
facet normal -8.67648920311465e-014 1.48477336184166e-013 1.0
  outer loop
    vertex 56.9717627000078 66.8854689999996 -34.5000000000175
    vertex 55.7014221431134 72.2939686992596 -34.500000000025
    vertex 56.9209637000078 66.6112359999996 -34.5000000000175
  endloop
endfacet
facet normal -8.67648920311465e-014 1.48477336184166e-013 1.0
  outer loop
    vertex 56.9209637000078 66.6112359999996 -34.5000000000175
    vertex 55.7014221431134 72.2939686992596 -34.500000000025
    vertex 56.9185567000078 66.3323479999996 -34.5000000000175
  endloop
endfacet
facet normal -8.67648920311465e-014 1.48477336184166e-013 1.0
  outer loop
    vertex 58.5137567000095 72.3860349999996 -34.5000000000247
    vertex 56.9717627000078 66.8854689999996 -34.5000000000175
    vertex 57.0694107000078 67.1467139999996 -34.5000000000175
  endloop
endfacet
facet normal -8.67648920311465e-014 1.48477336184166e-013 1.0
  outer loop
    vertex 58.5137567000095 72.3860349999996 -34.5000000000247
    vertex 57.0694107000078 67.1467139999996 -34.5000000000175
    vertex 57.2109387000078 67.3870349999996 -34.5000000000175
  endloop
endfacet
facet normal -8.67648920311465e-014 1.48477336184166e-013 1.0
  outer loop
    vertex 58.5137567000095 72.3860349999996 -34.5000000000247
    vertex 57.2109387000078 67.3870349999996 -34.5000000000175
    vertex 57.3920487000078 67.5991279999996 -34.5000000000174
  endloop
endfacet
facet normal -8.67648920311465e-014 1.48477336184166e-013 1.0
  outer loop
    vertex 58.5137567000095 72.3860349999996 -34.5000000000247
    vertex 57.3920487000078 67.5991279999996 -34.5000000000174
    vertex 57.6072365000078 67.7765499999996 -34.5000000000174
  endloop
endfacet
facet normal -8.67648920311465e-014 1.48477336184166e-013 1.0
  outer loop
    vertex 58.5137567000095 72.3860349999996 -34.5000000000247
    vertex 57.6072365000078 67.7765499999996 -34.5000000000174
    vertex 57.8499641000078 67.9139089999996 -34.5000000000173
  endloop
endfacet
facet normal -8.67648920311465e-014 1.48477336184166e-013 1.0
  outer loop
    vertex 58.5137567000095 72.3860349999996 -34.5000000000247
    vertex 57.8499641000078 67.9139089999996 -34.5000000000173
    vertex 58.1128564000079 68.0070329999996 -34.5000000000173
  endloop
endfacet
facet normal -8.67648920311465e-014 1.48477336184166e-013 1.0
  outer loop
    vertex 58.5137567000095 72.3860349999996 -34.5000000000247
    vertex 58.1128564000079 68.0070329999996 -34.5000000000173
    vertex 58.3879254000078 68.0530909999996 -34.5000000000172
  endloop
endfacet
facet normal -8.67648920311465e-014 1.48477336184166e-013 1.0
  outer loop
    vertex 58.5137567000095 72.3860349999996 -34.5000000000247
    vertex 58.3879254000078 68.0530909999996 -34.5000000000172
    vertex 58.6668134000078 68.0506839999996 -34.5000000000172
  endloop
endfacet
facet normal -8.67648920311465e-014 1.48477336184166e-013 1.0
  outer loop
    vertex 58.5137567000095 72.3860349999996 -34.5000000000247
    vertex 58.6668134000078 68.0506839999996 -34.5000000000172
    vertex 61.3260912569056 72.2939686992595 -34.5000000000245
  endloop
endfacet
facet normal -8.67648920311465e-014 1.48477336184166e-013 1.0
  outer loop
    vertex 61.3260912569056 72.2939686992595 -34.5000000000245
    vertex 58.6668134000078 68.0506839999996 -34.5000000000172
    vertex 58.9410465000078 67.9998849999996 -34.5000000000171
  endloop
endfacet
facet normal -8.67648920311465e-014 1.48477336184166e-013 1.0
  outer loop
    vertex 61.3260912569056 72.2939686992595 -34.5000000000245
    vertex 58.9410465000078 67.9998849999996 -34.5000000000171
    vertex 59.2022922000078 67.9022369999996 -34.5000000000171
  endloop
endfacet
facet normal -8.67648920311465e-014 1.48477336184166e-013 1.0
  outer loop
    vertex 61.3260912569056 72.2939686992595 -34.5000000000245
    vertex 59.2022922000078 67.9022369999996 -34.5000000000171
    vertex 59.4426127000078 67.7607089999996 -34.500000000017
  endloop
endfacet
facet normal -8.67648920311465e-014 1.48477336184166e-013 1.0
  outer loop
    vertex 61.3260912569056 72.2939686992595 -34.5000000000245
    vertex 59.4426127000078 67.7607089999996 -34.500000000017
    vertex 59.6547057000078 67.5795989999996 -34.5000000000169
  endloop
endfacet
facet normal -8.67648920311465e-014 1.48477336184166e-013 1.0
  outer loop
    vertex 61.3260912569056 72.2939686992595 -34.5000000000245
    vertex 59.6547057000078 67.5795989999996 -34.5000000000169
    vertex 59.8321277000078 67.3644109999996 -34.5000000000169
  endloop
endfacet
facet normal -8.67648920311465e-014 1.48477336184166e-013 1.0
  outer loop
    vertex 61.3260912569056 72.2939686992595 -34.5000000000245
    vertex 59.8321277000078 67.3644109999996 -34.5000000000169
    vertex 59.9694867000079 67.1216839999996 -34.5000000000169
  endloop
endfacet
facet normal -8.67648920311465e-014 1.48477336184166e-013 1.0
  outer loop
    vertex 61.3260912569056 72.2939686992595 -34.5000000000245
    vertex 59.9694867000079 67.1216839999996 -34.5000000000169
    vertex 60.0626107000078 66.8587909999996 -34.5000000000169
  endloop
endfacet
facet normal -8.67648920311465e-014 1.48477336184166e-013 1.0
  outer loop
    vertex 61.3260912569056 72.2939686992595 -34.5000000000245
    vertex 60.0626107000078 66.8587909999996 -34.5000000000169
    vertex 60.1086687000078 66.5837219999996 -34.5000000000169
  endloop
endfacet
facet normal -8.67648920311465e-014 1.48477336184166e-013 1.0
  outer loop
    vertex 61.3260912569056 72.2939686992595 -34.5000000000245
    vertex 60.1086687000078 66.5837219999996 -34.5000000000169
    vertex 60.1088127000078 -7.80965200000044 -34.5000000000146
  endloop
endfacet
facet normal -8.67648920311465e-014 1.48477336184166e-013 1.0
  outer loop
    vertex 61.3260912569056 72.2939686992595 -34.5000000000245
    vertex 60.1088127000078 -7.80965200000044 -34.5000000000146
    vertex 61.3260912569036 -13.5218986992605 -34.5000000000117
  endloop
endfacet
facet normal -8.67648920311465e-014 1.48477336184166e-013 1.0
  outer loop
    vertex 61.3260912569056 72.2939686992595 -34.5000000000245
    vertex 61.3260912569036 -13.5218986992605 -34.5000000000117
    vertex 64.1263829654696 -13.2460940390744 -34.5000000000115
  endloop
endfacet
facet normal -8.67648920311465e-014 1.48477336184166e-013 1.0
  outer loop
    vertex 61.3260912569056 72.2939686992595 -34.5000000000245
    vertex 64.1263829654696 -13.2460940390744 -34.5000000000115
    vertex 64.1263829654717 72.0181640390733 -34.5000000000242
  endloop
endfacet
facet normal -8.67648920311465e-014 1.48477336184166e-013 1.0
  outer loop
    vertex 64.1263829654717 72.0181640390733 -34.5000000000242
    vertex 64.1263829654696 -13.2460940390744 -34.5000000000115
    vertex 66.902640546701 -12.7877320573396 -34.5000000000114
  endloop
endfacet
facet normal -8.67648920311465e-014 1.48477336184166e-013 1.0
  outer loop
    vertex 64.1263829654717 72.0181640390733 -34.5000000000242
    vertex 66.902640546701 -12.7877320573396 -34.5000000000114
    vertex 66.902640546703 71.5598020573383 -34.5000000000239
  endloop
endfacet
facet normal -8.67648920311465e-014 1.48477336184166e-013 1.0
  outer loop
    vertex 66.902640546703 71.5598020573383 -34.5000000000239
    vertex 66.902640546701 -12.7877320573396 -34.5000000000114
    vertex 69.6429756394159 -12.1487755304307 -34.5000000000112
  endloop
endfacet
facet normal -8.67648920311465e-014 1.48477336184166e-013 1.0
  outer loop
    vertex 66.902640546703 71.5598020573383 -34.5000000000239
    vertex 69.6429756394159 -12.1487755304307 -34.5000000000112
    vertex 69.6429756394179 70.9208455304293 -34.5000000000236
  endloop
endfacet
facet normal -8.67648920311465e-014 1.48477336184166e-013 1.0
  outer loop
    vertex 69.6429756394179 70.9208455304293 -34.5000000000236
    vertex 69.6429756394159 -12.1487755304307 -34.5000000000112
    vertex 72.3356537080435 -11.3319605682904 -34.5000000000111
  endloop
endfacet
facet normal -8.67648920311465e-014 1.48477336184166e-013 1.0
  outer loop
    vertex 69.6429756394179 70.9208455304293 -34.5000000000236
    vertex 72.3356537080435 -11.3319605682904 -34.5000000000111
    vertex 72.3356537080454 70.1040305682889 -34.5000000000232
  endloop
endfacet
facet normal -8.67648920311465e-014 1.48477336184166e-013 1.0
  outer loop
    vertex 72.3356537080454 70.1040305682889 -34.5000000000232
    vertex 72.3356537080435 -11.3319605682904 -34.5000000000111
    vertex 74.9691442917065 -10.3407848979862 -34.500000000011
  endloop
endfacet
facet normal -8.67648920311465e-014 1.48477336184166e-013 1.0
  outer loop
    vertex 72.3356537080454 70.1040305682889 -34.5000000000232
    vertex 74.9691442917065 -10.3407848979862 -34.500000000011
    vertex 74.9691442917083 69.1128548979846 -34.5000000000228
  endloop
endfacet
facet normal -8.67648920311465e-014 1.48477336184166e-013 1.0
  outer loop
    vertex 74.9691442917083 69.1128548979846 -34.5000000000228
    vertex 74.9691442917065 -10.3407848979862 -34.500000000011
    vertex 77.5321703794247 -9.17949288590655 -34.500000000011
  endloop
endfacet
facet normal -8.67648920311465e-014 1.48477336184166e-013 1.0
  outer loop
    vertex 74.9691442917083 69.1128548979846 -34.5000000000228
    vertex 77.5321703794247 -9.17949288590655 -34.500000000011
    vertex 77.5321703794265 67.9515628859048 -34.5000000000224
  endloop
endfacet
facet normal -8.67648920311465e-014 1.48477336184166e-013 1.0
  outer loop
    vertex 77.5321703794265 67.9515628859048 -34.5000000000224
    vertex 77.5321703794247 -9.17949288590655 -34.500000000011
    vertex 80.0137567000077 -7.85305736273188 -34.500000000011
  endloop
endfacet
facet normal -8.67648920311465e-014 1.48477336184166e-013 1.0
  outer loop
    vertex 77.5321703794265 67.9515628859048 -34.5000000000224
    vertex 80.0137567000077 -7.85305736273188 -34.500000000011
    vertex 80.0137567000094 66.6251273627301 -34.500000000022
  endloop
endfacet
facet normal -8.67648920311465e-014 1.48477336184166e-013 1.0
  outer loop
    vertex 80.0137567000094 66.6251273627301 -34.500000000022
    vertex 80.0137567000077 -7.85305736273188 -34.500000000011
    vertex 82.4032767198506 -6.36715832901052 -34.500000000011
  endloop
endfacet
facet normal -8.67648920311465e-014 1.48477336184166e-013 1.0
  outer loop
    vertex 80.0137567000094 66.6251273627301 -34.500000000022
    vertex 82.4032767198506 -6.36715832901052 -34.500000000011
    vertex 82.4032767198523 65.1392283290086 -34.5000000000216
  endloop
endfacet
facet normal -8.67648920311465e-014 1.48477336184166e-013 1.0
  outer loop
    vertex 82.4032767198523 65.1392283290086 -34.5000000000216
    vertex 82.4032767198506 -6.36715832901052 -34.500000000011
    vertex 84.6904981473828 -4.72815863252424 -34.500000000011
  endloop
endfacet
facet normal -8.67648920311465e-014 1.48477336184166e-013 1.0
  outer loop
    vertex 82.4032767198523 65.1392283290086 -34.5000000000216
    vertex 84.6904981473828 -4.72815863252424 -34.500000000011
    vertex 84.6904981473843 63.5002286325222 -34.5000000000211
  endloop
endfacet
facet normal -8.67648920311465e-014 1.48477336184166e-013 1.0
  outer loop
    vertex 84.6904981473843 63.5002286325222 -34.5000000000211
    vertex 84.6904981473828 -4.72815863252424 -34.500000000011
    vertex 86.8656267493108 -2.9430767215972 -34.5000000000111
  endloop
endfacet
facet normal -8.67648920311465e-014 1.48477336184166e-013 1.0
  outer loop
    vertex 84.6904981473843 63.5002286325222 -34.5000000000211
    vertex 86.8656267493108 -2.9430767215972 -34.5000000000111
    vertex 86.8656267493123 61.7151467215951 -34.5000000000207
  endloop
endfacet
facet normal -8.67648920311465e-014 1.48477336184166e-013 1.0
  outer loop
    vertex 86.8656267493123 61.7151467215951 -34.5000000000207
    vertex 86.8656267493108 -2.9430767215972 -34.5000000000111
    vertex 88.9193482910295 -1.01955659102276 -34.5000000000112
  endloop
endfacet
facet normal -8.67648920311465e-014 1.48477336184166e-013 1.0
  outer loop
    vertex 86.8656267493123 61.7151467215951 -34.5000000000207
    vertex 88.9193482910295 -1.01955659102276 -34.5000000000112
    vertex 88.9193482910308 59.7916265910206 -34.5000000000202
  endloop
endfacet
facet normal -8.67648920311465e-014 1.48477336184166e-013 1.0
  outer loop
    vertex 88.9193482910308 59.7916265910206 -34.5000000000202
    vertex 88.9193482910295 -1.01955659102276 -34.5000000000112
    vertex 90.842868421604 1.03416495069578 -34.5000000000113
  endloop
endfacet
facet normal -8.67648920311465e-014 1.48477336184166e-013 1.0
  outer loop
    vertex 88.9193482910308 59.7916265910206 -34.5000000000202
    vertex 90.842868421604 1.03416495069578 -34.5000000000113
    vertex 90.8428684216052 57.737905049302 -34.5000000000198
  endloop
endfacet
facet normal -8.67648920311465e-014 1.48477336184166e-013 1.0
  outer loop
    vertex 90.8428684216052 57.737905049302 -34.5000000000198
    vertex 90.842868421604 1.03416495069578 -34.5000000000113
    vertex 92.6279503325312 3.20929355262372 -34.5000000000115
  endloop
endfacet
facet normal -8.67648920311465e-014 1.48477336184166e-013 1.0
  outer loop
    vertex 90.8428684216052 57.737905049302 -34.5000000000198
    vertex 92.6279503325312 3.20929355262372 -34.5000000000115
    vertex 92.6279503325323 55.5627764473739 -34.5000000000193
  endloop
endfacet
facet normal -8.67648920311465e-014 1.48477336184166e-013 1.0
  outer loop
    vertex 92.6279503325323 55.5627764473739 -34.5000000000193
    vertex 92.6279503325312 3.20929355262372 -34.5000000000115
    vertex 94.2669500290176 5.49651498015579 -34.5000000000117
  endloop
endfacet
facet normal -8.67648920311465e-014 1.48477336184166e-013 1.0
  outer loop
    vertex 92.6279503325323 55.5627764473739 -34.5000000000193
    vertex 94.2669500290176 5.49651498015579 -34.5000000000117
    vertex 93.9847567000078 29.3870349999995 -34.5000000000073
  endloop
endfacet
facet normal -8.67648920311465e-014 1.48477336184166e-013 1.0
  outer loop
    vertex 93.9847567000078 29.3870349999995 -34.5000000000073
    vertex 94.2669500290176 5.49651498015579 -34.5000000000117
    vertex 94.0090667000078 29.1091949999996 -34.5000000000072
  endloop
endfacet
facet normal -8.67648920311465e-014 1.48477336184166e-013 1.0
  outer loop
    vertex 94.0090667000078 29.1091949999996 -34.5000000000072
    vertex 94.2669500290176 5.49651498015579 -34.5000000000117
    vertex 94.0812467000078 28.8398049999995 -34.5000000000072
  endloop
endfacet
facet normal -8.67648920311465e-014 1.48477336184166e-013 1.0
  outer loop
    vertex 94.0812467000078 28.8398049999995 -34.5000000000072
    vertex 94.2669500290176 5.49651498015579 -34.5000000000117
    vertex 94.1991167000079 28.5870349999995 -34.5000000000072
  endloop
endfacet
facet normal -8.67648920311465e-014 1.48477336184166e-013 1.0
  outer loop
    vertex 94.1991167000079 28.5870349999995 -34.5000000000072
    vertex 94.2669500290176 5.49651498015579 -34.5000000000117
    vertex 94.3590867000078 28.3585749999996 -34.5000000000072
  endloop
endfacet
facet normal -8.67648920311465e-014 1.48477336184166e-013 1.0
  outer loop
    vertex 94.3590867000078 28.3585749999996 -34.5000000000072
    vertex 94.2669500290176 5.49651498015579 -34.5000000000117
    vertex 95.752849062739 7.88603499999866 -34.5000000000119
  endloop
endfacet
facet normal -8.67648920311465e-014 1.48477336184166e-013 1.0
  outer loop
    vertex 94.3590867000078 28.3585749999996 -34.5000000000072
    vertex 95.752849062739 7.88603499999866 -34.5000000000119
    vertex 94.5562967000078 28.1613649999996 -34.5000000000071
  endloop
endfacet
facet normal -8.67648920311465e-014 1.48477336184166e-013 1.0
  outer loop
    vertex 94.5562967000078 28.1613649999996 -34.5000000000071
    vertex 95.752849062739 7.88603499999866 -34.5000000000119
    vertex 94.7847567000078 28.0013949999996 -34.5000000000071
  endloop
endfacet
facet normal -8.67648920311465e-014 1.48477336184166e-013 1.0
  outer loop
    vertex 94.7847567000078 28.0013949999996 -34.5000000000071
    vertex 95.752849062739 7.88603499999866 -34.5000000000119
    vertex 95.0375267000078 27.8835249999996 -34.500000000007
  endloop
endfacet
facet normal -8.67648920311465e-014 1.48477336184166e-013 1.0
  outer loop
    vertex 95.0375267000078 27.8835249999996 -34.500000000007
    vertex 95.752849062739 7.88603499999866 -34.5000000000119
    vertex 95.3069167000078 27.8113449999996 -34.500000000007
  endloop
endfacet
facet normal -8.67648920311465e-014 1.48477336184166e-013 1.0
  outer loop
    vertex 95.3069167000078 27.8113449999996 -34.500000000007
    vertex 95.752849062739 7.88603499999866 -34.5000000000119
    vertex 95.5847567000078 27.7870349999996 -34.5000000000069
  endloop
endfacet
facet normal -8.67648920311465e-014 1.48477336184166e-013 1.0
  outer loop
    vertex 95.5847567000078 27.7870349999996 -34.5000000000069
    vertex 95.752849062739 7.88603499999866 -34.5000000000119
    vertex 95.8625967000078 27.8113449999996 -34.5000000000068
  endloop
endfacet
facet normal -8.67648920311465e-014 1.48477336184166e-013 1.0
  outer loop
    vertex 95.8625967000078 27.8113449999996 -34.5000000000068
    vertex 95.752849062739 7.88603499999866 -34.5000000000119
    vertex 97.0792845859139 10.3676213205816 -34.5000000000122
  endloop
endfacet
facet normal -8.67648920311465e-014 1.48477336184166e-013 1.0
  outer loop
    vertex 95.8625967000078 27.8113449999996 -34.5000000000068
    vertex 97.0792845859139 10.3676213205816 -34.5000000000122
    vertex 96.1319867000078 27.8835249999996 -34.5000000000068
  endloop
endfacet
facet normal -8.67648920311465e-014 1.48477336184166e-013 1.0
  outer loop
    vertex 96.1319867000078 27.8835249999996 -34.5000000000068
    vertex 97.0792845859139 10.3676213205816 -34.5000000000122
    vertex 96.3847567000079 28.0013949999996 -34.5000000000067
  endloop
endfacet
facet normal -8.67648920311465e-014 1.48477336184166e-013 1.0
  outer loop
    vertex 96.3847567000079 28.0013949999996 -34.5000000000067
    vertex 97.0792845859139 10.3676213205816 -34.5000000000122
    vertex 96.6132167000078 28.1613649999996 -34.5000000000067
  endloop
endfacet
facet normal -8.67648920311465e-014 1.48477336184166e-013 1.0
  outer loop
    vertex 96.6132167000078 28.1613649999996 -34.5000000000067
    vertex 97.0792845859139 10.3676213205816 -34.5000000000122
    vertex 96.8104267000078 28.3585749999996 -34.5000000000067
  endloop
endfacet
facet normal -8.67648920311465e-014 1.48477336184166e-013 1.0
  outer loop
    vertex 96.8104267000078 28.3585749999996 -34.5000000000067
    vertex 97.0792845859139 10.3676213205816 -34.5000000000122
    vertex 96.9703967000078 28.5870349999995 -34.5000000000066
  endloop
endfacet
facet normal -8.67648920311465e-014 1.48477336184166e-013 1.0
  outer loop
    vertex 96.9703967000078 28.5870349999995 -34.5000000000066
    vertex 97.0792845859139 10.3676213205816 -34.5000000000122
    vertex 97.0882667000078 28.8398049999995 -34.5000000000066
  endloop
endfacet
facet normal -8.67648920311465e-014 1.48477336184166e-013 1.0
  outer loop
    vertex 97.0882667000078 28.8398049999995 -34.5000000000066
    vertex 97.0792845859139 10.3676213205816 -34.5000000000122
    vertex 98.2405765979936 12.9306474082998 -34.5000000000125
  endloop
endfacet
facet normal -8.67648920311465e-014 1.48477336184166e-013 1.0
  outer loop
    vertex 97.0882667000078 28.8398049999995 -34.5000000000066
    vertex 98.2405765979936 12.9306474082998 -34.5000000000125
    vertex 97.1604467000079 29.1091949999996 -34.5000000000066
  endloop
endfacet
facet normal -8.67648920311465e-014 1.48477336184166e-013 1.0
  outer loop
    vertex 97.1604467000079 29.1091949999996 -34.5000000000066
    vertex 98.2405765979936 12.9306474082998 -34.5000000000125
    vertex 97.1847567000079 29.3870349999995 -34.5000000000066
  endloop
endfacet
facet normal -8.67648920311465e-014 1.48477336184166e-013 1.0
  outer loop
    vertex 93.9847567000078 29.3870349999995 -34.5000000000073
    vertex 94.2669500290186 53.2755550198418 -34.5000000000188
    vertex 92.6279503325323 55.5627764473739 -34.5000000000193
  endloop
endfacet
facet normal -8.67648920311465e-014 1.48477336184166e-013 1.0
  outer loop
    vertex 94.2669500290186 53.2755550198418 -34.5000000000188
    vertex 93.9847567000078 29.3870349999995 -34.5000000000073
    vertex 94.0090667000078 29.6648749999996 -34.5000000000072
  endloop
endfacet
facet normal -8.67648920311465e-014 1.48477336184166e-013 1.0
  outer loop
    vertex 94.2669500290186 53.2755550198418 -34.5000000000188
    vertex 94.0090667000078 29.6648749999996 -34.5000000000072
    vertex 94.0812467000078 29.9342649999996 -34.5000000000072
  endloop
endfacet
facet normal -8.67648920311465e-014 1.48477336184166e-013 1.0
  outer loop
    vertex 94.2669500290186 53.2755550198418 -34.5000000000188
    vertex 94.0812467000078 29.9342649999996 -34.5000000000072
    vertex 94.1991167000079 30.1870349999996 -34.5000000000072
  endloop
endfacet
facet normal -8.67648920311465e-014 1.48477336184166e-013 1.0
  outer loop
    vertex 94.2669500290186 53.2755550198418 -34.5000000000188
    vertex 94.1991167000079 30.1870349999996 -34.5000000000072
    vertex 94.3590867000078 30.4154949999996 -34.5000000000072
  endloop
endfacet
facet normal -8.67648920311465e-014 1.48477336184166e-013 1.0
  outer loop
    vertex 94.2669500290186 53.2755550198418 -34.5000000000188
    vertex 94.3590867000078 30.4154949999996 -34.5000000000072
    vertex 95.75284906274 50.8860349999989 -34.5000000000183
  endloop
endfacet
facet normal -8.67648920311465e-014 1.48477336184166e-013 1.0
  outer loop
    vertex 95.75284906274 50.8860349999989 -34.5000000000183
    vertex 94.3590867000078 30.4154949999996 -34.5000000000072
    vertex 94.5562967000078 30.6127049999996 -34.5000000000071
  endloop
endfacet
facet normal -8.67648920311465e-014 1.48477336184166e-013 1.0
  outer loop
    vertex 95.75284906274 50.8860349999989 -34.5000000000183
    vertex 94.5562967000078 30.6127049999996 -34.5000000000071
    vertex 94.7847567000078 30.7726749999995 -34.5000000000071
  endloop
endfacet
facet normal -8.67648920311465e-014 1.48477336184166e-013 1.0
  outer loop
    vertex 95.75284906274 50.8860349999989 -34.5000000000183
    vertex 94.7847567000078 30.7726749999995 -34.5000000000071
    vertex 95.0375267000078 30.8905449999996 -34.500000000007
  endloop
endfacet
facet normal -8.67648920311465e-014 1.48477336184166e-013 1.0
  outer loop
    vertex 95.75284906274 50.8860349999989 -34.5000000000183
    vertex 95.0375267000078 30.8905449999996 -34.500000000007
    vertex 95.3069167000078 30.9627249999996 -34.500000000007
  endloop
endfacet
facet normal -8.67648920311465e-014 1.48477336184166e-013 1.0
  outer loop
    vertex 95.75284906274 50.8860349999989 -34.5000000000183
    vertex 95.3069167000078 30.9627249999996 -34.500000000007
    vertex 95.5847567000078 30.9870349999996 -34.5000000000069
  endloop
endfacet
facet normal -8.67648920311465e-014 1.48477336184166e-013 1.0
  outer loop
    vertex 95.75284906274 50.8860349999989 -34.5000000000183
    vertex 95.5847567000078 30.9870349999996 -34.5000000000069
    vertex 95.8625967000078 30.9627249999996 -34.5000000000068
  endloop
endfacet
facet normal -8.67648920311465e-014 1.48477336184166e-013 1.0
  outer loop
    vertex 95.75284906274 50.8860349999989 -34.5000000000183
    vertex 95.8625967000078 30.9627249999996 -34.5000000000068
    vertex 97.0792845859147 48.4044486794159 -34.5000000000178
  endloop
endfacet
facet normal -8.67648920311465e-014 1.48477336184166e-013 1.0
  outer loop
    vertex 97.0792845859147 48.4044486794159 -34.5000000000178
    vertex 95.8625967000078 30.9627249999996 -34.5000000000068
    vertex 96.1319867000078 30.8905449999996 -34.5000000000068
  endloop
endfacet
facet normal -8.67648920311465e-014 1.48477336184166e-013 1.0
  outer loop
    vertex 97.0792845859147 48.4044486794159 -34.5000000000178
    vertex 96.1319867000078 30.8905449999996 -34.5000000000068
    vertex 96.3847567000079 30.7726749999995 -34.5000000000067
  endloop
endfacet
facet normal -8.67648920311465e-014 1.48477336184166e-013 1.0
  outer loop
    vertex 97.0792845859147 48.4044486794159 -34.5000000000178
    vertex 96.3847567000079 30.7726749999995 -34.5000000000067
    vertex 96.6132167000078 30.6127049999996 -34.5000000000067
  endloop
endfacet
facet normal -8.67648920311465e-014 1.48477336184166e-013 1.0
  outer loop
    vertex 97.0792845859147 48.4044486794159 -34.5000000000178
    vertex 96.6132167000078 30.6127049999996 -34.5000000000067
    vertex 96.8104267000078 30.4154949999996 -34.5000000000067
  endloop
endfacet
facet normal -8.67648920311465e-014 1.48477336184166e-013 1.0
  outer loop
    vertex 97.0792845859147 48.4044486794159 -34.5000000000178
    vertex 96.8104267000078 30.4154949999996 -34.5000000000067
    vertex 96.9703967000078 30.1870349999996 -34.5000000000066
  endloop
endfacet
facet normal -8.67648920311465e-014 1.48477336184166e-013 1.0
  outer loop
    vertex 97.0792845859147 48.4044486794159 -34.5000000000178
    vertex 96.9703967000078 30.1870349999996 -34.5000000000066
    vertex 97.0882667000078 29.9342649999996 -34.5000000000066
  endloop
endfacet
facet normal -8.67648920311465e-014 1.48477336184166e-013 1.0
  outer loop
    vertex 97.0792845859147 48.4044486794159 -34.5000000000178
    vertex 97.0882667000078 29.9342649999996 -34.5000000000066
    vertex 98.2405765979944 45.8414225916977 -34.5000000000173
  endloop
endfacet
facet normal -8.67648920311465e-014 1.48477336184166e-013 1.0
  outer loop
    vertex 98.2405765979944 45.8414225916977 -34.5000000000173
    vertex 97.0882667000078 29.9342649999996 -34.5000000000066
    vertex 97.1604467000079 29.6648749999996 -34.5000000000066
  endloop
endfacet
facet normal -8.67648920311465e-014 1.48477336184166e-013 1.0
  outer loop
    vertex 98.2405765979944 45.8414225916977 -34.5000000000173
    vertex 97.1604467000079 29.6648749999996 -34.5000000000066
    vertex 97.1847567000079 29.3870349999995 -34.5000000000066
  endloop
endfacet
facet normal -8.67648920311465e-014 1.48477336184166e-013 1.0
  outer loop
    vertex 98.2405765979944 45.8414225916977 -34.5000000000173
    vertex 97.1847567000079 29.3870349999995 -34.5000000000066
    vertex 98.2405765979936 12.9306474082998 -34.5000000000125
  endloop
endfacet
facet normal -8.67648920311465e-014 1.48477336184166e-013 1.0
  outer loop
    vertex 98.2405765979944 45.8414225916977 -34.5000000000173
    vertex 98.2405765979936 12.9306474082998 -34.5000000000125
    vertex 99.2317522682979 15.5641379919627 -34.5000000000128
  endloop
endfacet
facet normal -8.67648920311465e-014 1.48477336184166e-013 1.0
  outer loop
    vertex 98.2405765979944 45.8414225916977 -34.5000000000173
    vertex 99.2317522682979 15.5641379919627 -34.5000000000128
    vertex 99.2317522682985 43.2079320080347 -34.5000000000169
  endloop
endfacet
facet normal -8.67648920311465e-014 1.48477336184166e-013 1.0
  outer loop
    vertex 99.2317522682985 43.2079320080347 -34.5000000000169
    vertex 99.2317522682979 15.5641379919627 -34.5000000000128
    vertex 100.048567230438 18.2568160605902 -34.5000000000131
  endloop
endfacet
facet normal -8.67648920311465e-014 1.48477336184166e-013 1.0
  outer loop
    vertex 99.2317522682985 43.2079320080347 -34.5000000000169
    vertex 100.048567230438 18.2568160605902 -34.5000000000131
    vertex 100.048567230439 40.5152539394071 -34.5000000000164
  endloop
endfacet
facet normal -8.67648920311465e-014 1.48477336184166e-013 1.0
  outer loop
    vertex 100.048567230439 40.5152539394071 -34.5000000000164
    vertex 100.048567230438 18.2568160605902 -34.5000000000131
    vertex 100.687523757347 20.9971511533051 -34.5000000000134
  endloop
endfacet
facet normal -8.67648920311465e-014 1.48477336184166e-013 1.0
  outer loop
    vertex 100.048567230439 40.5152539394071 -34.5000000000164
    vertex 100.687523757347 20.9971511533051 -34.5000000000134
    vertex 100.687523757348 37.7749188466922 -34.5000000000159
  endloop
endfacet
facet normal -8.67648920311465e-014 1.48477336184166e-013 1.0
  outer loop
    vertex 100.687523757348 37.7749188466922 -34.5000000000159
    vertex 100.687523757347 20.9971511533051 -34.5000000000134
    vertex 101.145885739082 23.7734087345364 -34.5000000000138
  endloop
endfacet
facet normal -8.67648920311465e-014 1.48477336184166e-013 1.0
  outer loop
    vertex 100.687523757348 37.7749188466922 -34.5000000000159
    vertex 101.145885739082 23.7734087345364 -34.5000000000138
    vertex 101.145885739083 34.9986612654609 -34.5000000000155
  endloop
endfacet
facet normal -8.67648920311465e-014 1.48477336184166e-013 1.0
  outer loop
    vertex 101.145885739083 34.9986612654609 -34.5000000000155
    vertex 101.145885739082 23.7734087345364 -34.5000000000138
    vertex 101.421690399269 26.5737004431025 -34.5000000000142
  endloop
endfacet
facet normal -8.67648920311465e-014 1.48477336184166e-013 1.0
  outer loop
    vertex 101.145885739083 34.9986612654609 -34.5000000000155
    vertex 101.421690399269 26.5737004431025 -34.5000000000142
    vertex 101.421690399269 32.1983695568948 -34.500000000015
  endloop
endfacet
facet normal -8.67648920311465e-014 1.48477336184166e-013 1.0
  outer loop
    vertex 101.421690399269 32.1983695568948 -34.500000000015
    vertex 101.421690399269 26.5737004431025 -34.5000000000142
    vertex 101.513756700009 29.3860349999986 -34.5000000000146
  endloop
endfacet
facet normal -8.67648920311465e-014 1.48477336184166e-013 1.0
  outer loop
    vertex 56.9187007000078 -7.55827800000044 -34.5000000000152
    vertex 56.9646147000078 66.0572789999996 -34.5000000000175
    vertex 56.9185567000078 66.3323479999996 -34.5000000000175
  endloop
endfacet
facet normal -8.67648920311465e-014 1.48477336184166e-013 1.0
  outer loop
    vertex 56.9646147000078 66.0572789999996 -34.5000000000175
    vertex 56.9187007000078 -7.55827800000044 -34.5000000000152
    vertex 56.9647587000078 -7.28320900000044 -34.5000000000152
  endloop
endfacet
facet normal -8.67648920311465e-014 1.48477336184166e-013 1.0
  outer loop
    vertex 56.9646147000078 66.0572789999996 -34.5000000000175
    vertex 56.9647587000078 -7.28320900000044 -34.5000000000152
    vertex 57.0577387000078 65.7943859999996 -34.5000000000175
  endloop
endfacet
facet normal -8.67648920311465e-014 1.48477336184166e-013 1.0
  outer loop
    vertex 57.0577387000078 65.7943859999996 -34.5000000000175
    vertex 56.9647587000078 -7.28320900000044 -34.5000000000152
    vertex 57.0578827000078 -7.02031600000044 -34.5000000000152
  endloop
endfacet
facet normal -8.67648920311465e-014 1.48477336184166e-013 1.0
  outer loop
    vertex 57.0577387000078 65.7943859999996 -34.5000000000175
    vertex 57.0578827000078 -7.02031600000044 -34.5000000000152
    vertex 57.1950977000078 65.5516589999996 -34.5000000000175
  endloop
endfacet
facet normal -8.67648920311465e-014 1.48477336184166e-013 1.0
  outer loop
    vertex 57.1950977000078 65.5516589999996 -34.5000000000175
    vertex 57.0578827000078 -7.02031600000044 -34.5000000000152
    vertex 57.1952417000078 -6.77758900000044 -34.5000000000152
  endloop
endfacet
facet normal -8.67648920311465e-014 1.48477336184166e-013 1.0
  outer loop
    vertex 57.1950977000078 65.5516589999996 -34.5000000000175
    vertex 57.1952417000078 -6.77758900000044 -34.5000000000152
    vertex 57.3725197000078 65.3364709999996 -34.5000000000175
  endloop
endfacet
facet normal -8.67648920311465e-014 1.48477336184166e-013 1.0
  outer loop
    vertex 57.3725197000078 65.3364709999996 -34.5000000000175
    vertex 57.1952417000078 -6.77758900000044 -34.5000000000152
    vertex 57.3726637000078 -6.56240100000044 -34.5000000000152
  endloop
endfacet
facet normal -8.67648920311465e-014 1.48477336184166e-013 1.0
  outer loop
    vertex 57.3725197000078 65.3364709999996 -34.5000000000175
    vertex 57.3726637000078 -6.56240100000044 -34.5000000000152
    vertex 57.5846127000078 65.1553609999996 -34.5000000000174
  endloop
endfacet
facet normal -8.67648920311465e-014 1.48477336184166e-013 1.0
  outer loop
    vertex 57.5846127000078 65.1553609999996 -34.5000000000174
    vertex 57.3726637000078 -6.56240100000044 -34.5000000000152
    vertex 57.5847567000078 -6.38129100000044 -34.5000000000151
  endloop
endfacet
facet normal -8.67648920311465e-014 1.48477336184166e-013 1.0
  outer loop
    vertex 57.5846127000078 65.1553609999996 -34.5000000000174
    vertex 57.5847567000078 -6.38129100000044 -34.5000000000151
    vertex 57.8249332000078 65.0138329999996 -34.5000000000173
  endloop
endfacet
facet normal -8.67648920311465e-014 1.48477336184166e-013 1.0
  outer loop
    vertex 57.8249332000078 65.0138329999996 -34.5000000000173
    vertex 57.5847567000078 -6.38129100000044 -34.5000000000151
    vertex 57.8250772000078 -6.23976300000044 -34.500000000015
  endloop
endfacet
facet normal -8.67648920311465e-014 1.48477336184166e-013 1.0
  outer loop
    vertex 57.8249332000078 65.0138329999996 -34.5000000000173
    vertex 57.8250772000078 -6.23976300000044 -34.500000000015
    vertex 58.0861789000078 64.9161849999996 -34.5000000000173
  endloop
endfacet
facet normal -8.67648920311465e-014 1.48477336184166e-013 1.0
  outer loop
    vertex 58.0861789000078 64.9161849999996 -34.5000000000173
    vertex 57.8250772000078 -6.23976300000044 -34.500000000015
    vertex 58.0863229000078 -6.14211500000044 -34.500000000015
  endloop
endfacet
facet normal -8.67648920311465e-014 1.48477336184166e-013 1.0
  outer loop
    vertex 58.0861789000078 64.9161849999996 -34.5000000000173
    vertex 58.0863229000078 -6.14211500000044 -34.500000000015
    vertex 58.3604120000078 64.8653849999996 -34.5000000000172
  endloop
endfacet
facet normal -8.67648920311465e-014 1.48477336184166e-013 1.0
  outer loop
    vertex 58.3604120000078 64.8653849999996 -34.5000000000172
    vertex 58.0863229000078 -6.14211500000044 -34.500000000015
    vertex 58.3605560000078 -6.09131500000044 -34.5000000000149
  endloop
endfacet
facet normal -8.67648920311465e-014 1.48477336184166e-013 1.0
  outer loop
    vertex 58.3604120000078 64.8653849999996 -34.5000000000172
    vertex 58.3605560000078 -6.09131500000044 -34.5000000000149
    vertex 58.6393000000078 64.8629749999996 -34.5000000000172
  endloop
endfacet
facet normal -8.67648920311465e-014 1.48477336184166e-013 1.0
  outer loop
    vertex 58.6393000000078 64.8629749999996 -34.5000000000172
    vertex 58.3605560000078 -6.09131500000044 -34.5000000000149
    vertex 58.6394440000078 -6.08890500000044 -34.5000000000149
  endloop
endfacet
facet normal -8.67648920311465e-014 1.48477336184166e-013 1.0
  outer loop
    vertex 58.6393000000078 64.8629749999996 -34.5000000000172
    vertex 58.6394440000078 -6.08890500000044 -34.5000000000149
    vertex 58.9143690000078 64.9090369999996 -34.5000000000171
  endloop
endfacet
facet normal -8.67648920311465e-014 1.48477336184166e-013 1.0
  outer loop
    vertex 58.9143690000078 64.9090369999996 -34.5000000000171
    vertex 58.6394440000078 -6.08890500000044 -34.5000000000149
    vertex 58.9145130000078 -6.13496700000043 -34.5000000000148
  endloop
endfacet
facet normal -8.67648920311465e-014 1.48477336184166e-013 1.0
  outer loop
    vertex 58.9143690000078 64.9090369999996 -34.5000000000171
    vertex 58.9145130000078 -6.13496700000043 -34.5000000000148
    vertex 59.1772613000078 65.0021609999996 -34.500000000017
  endloop
endfacet
facet normal -8.67648920311465e-014 1.48477336184166e-013 1.0
  outer loop
    vertex 59.1772613000078 65.0021609999996 -34.500000000017
    vertex 58.9145130000078 -6.13496700000043 -34.5000000000148
    vertex 59.1774053000078 -6.22809100000044 -34.5000000000148
  endloop
endfacet
facet normal -8.67648920311465e-014 1.48477336184166e-013 1.0
  outer loop
    vertex 59.1772613000078 65.0021609999996 -34.500000000017
    vertex 59.1774053000078 -6.22809100000044 -34.5000000000148
    vertex 59.4199889000078 65.1395199999996 -34.500000000017
  endloop
endfacet
facet normal -8.67648920311465e-014 1.48477336184166e-013 1.0
  outer loop
    vertex 59.4199889000078 65.1395199999996 -34.500000000017
    vertex 59.1774053000078 -6.22809100000044 -34.5000000000148
    vertex 59.4201329000078 -6.36545000000044 -34.5000000000147
  endloop
endfacet
facet normal -8.67648920311465e-014 1.48477336184166e-013 1.0
  outer loop
    vertex 59.4199889000078 65.1395199999996 -34.500000000017
    vertex 59.4201329000078 -6.36545000000044 -34.5000000000147
    vertex 59.6351767000079 65.3169419999996 -34.500000000017
  endloop
endfacet
facet normal -8.67648920311465e-014 1.48477336184166e-013 1.0
  outer loop
    vertex 59.6351767000079 65.3169419999996 -34.500000000017
    vertex 59.4201329000078 -6.36545000000044 -34.5000000000147
    vertex 59.6353207000078 -6.54287200000044 -34.5000000000147
  endloop
endfacet
facet normal -8.67648920311465e-014 1.48477336184166e-013 1.0
  outer loop
    vertex 59.6351767000079 65.3169419999996 -34.500000000017
    vertex 59.6353207000078 -6.54287200000044 -34.5000000000147
    vertex 59.8162867000078 65.5290349999996 -34.5000000000169
  endloop
endfacet
facet normal -8.67648920311465e-014 1.48477336184166e-013 1.0
  outer loop
    vertex 59.8162867000078 65.5290349999996 -34.5000000000169
    vertex 59.6353207000078 -6.54287200000044 -34.5000000000147
    vertex 59.8164307000078 -6.75496500000044 -34.5000000000146
  endloop
endfacet
facet normal -8.67648920311465e-014 1.48477336184166e-013 1.0
  outer loop
    vertex 59.8162867000078 65.5290349999996 -34.5000000000169
    vertex 59.8164307000078 -6.75496500000044 -34.5000000000146
    vertex 59.9578147000079 65.7693559999996 -34.5000000000169
  endloop
endfacet
facet normal -8.67648920311465e-014 1.48477336184166e-013 1.0
  outer loop
    vertex 59.9578147000079 65.7693559999996 -34.5000000000169
    vertex 59.8164307000078 -6.75496500000044 -34.5000000000146
    vertex 59.9579587000078 -6.99528600000044 -34.5000000000146
  endloop
endfacet
facet normal -8.67648920311465e-014 1.48477336184166e-013 1.0
  outer loop
    vertex 59.9578147000079 65.7693559999996 -34.5000000000169
    vertex 59.9579587000078 -6.99528600000044 -34.5000000000146
    vertex 60.0554627000078 66.0306009999996 -34.5000000000169
  endloop
endfacet
facet normal -8.67648920311465e-014 1.48477336184166e-013 1.0
  outer loop
    vertex 60.0554627000078 66.0306009999996 -34.5000000000169
    vertex 59.9579587000078 -6.99528600000044 -34.5000000000146
    vertex 60.0556067000079 -7.25653100000044 -34.5000000000146
  endloop
endfacet
facet normal -8.67648920311465e-014 1.48477336184166e-013 1.0
  outer loop
    vertex 60.0554627000078 66.0306009999996 -34.5000000000169
    vertex 60.0556067000079 -7.25653100000044 -34.5000000000146
    vertex 60.1062617000078 66.3048339999996 -34.5000000000169
  endloop
endfacet
facet normal -8.67648920311465e-014 1.48477336184166e-013 1.0
  outer loop
    vertex 60.1062617000078 66.3048339999996 -34.5000000000169
    vertex 60.0556067000079 -7.25653100000044 -34.5000000000146
    vertex 60.1064057000078 -7.53076400000043 -34.5000000000146
  endloop
endfacet
facet normal -8.67648920311465e-014 1.48477336184166e-013 1.0
  outer loop
    vertex 60.1062617000078 66.3048339999996 -34.5000000000169
    vertex 60.1064057000078 -7.53076400000043 -34.5000000000146
    vertex 60.1086687000078 66.5837219999996 -34.5000000000169
  endloop
endfacet
facet normal -8.67648920311465e-014 1.48477336184166e-013 1.0
  outer loop
    vertex 60.1086687000078 66.5837219999996 -34.5000000000169
    vertex 60.1064057000078 -7.53076400000043 -34.5000000000146
    vertex 60.1088127000078 -7.80965200000044 -34.5000000000146
  endloop
endfacet
facet normal -8.67648920311465e-014 1.48477336184166e-013 1.0
  outer loop
    vertex 19.8427567000078 29.3870349999995 -34.5000000000232
    vertex 19.9482288141035 48.4044486794174 -34.5000000000245
    vertex 18.7869368020237 45.8414225916992 -34.5000000000242
  endloop
endfacet
facet normal -8.67648920311465e-014 1.48477336184166e-013 1.0
  outer loop
    vertex 19.9482288141035 48.4044486794174 -34.5000000000245
    vertex 19.8427567000078 29.3870349999995 -34.5000000000232
    vertex 19.8670667000078 29.6648749999996 -34.5000000000232
  endloop
endfacet
facet normal -8.67648920311465e-014 1.48477336184166e-013 1.0
  outer loop
    vertex 19.9482288141035 48.4044486794174 -34.5000000000245
    vertex 19.8670667000078 29.6648749999996 -34.5000000000232
    vertex 19.9392467000078 29.9342649999996 -34.5000000000232
  endloop
endfacet
facet normal -8.67648920311465e-014 1.48477336184166e-013 1.0
  outer loop
    vertex 19.9482288141035 48.4044486794174 -34.5000000000245
    vertex 19.9392467000078 29.9342649999996 -34.5000000000232
    vertex 20.0571167000078 30.1870349999996 -34.5000000000232
  endloop
endfacet
facet normal -8.67648920311465e-014 1.48477336184166e-013 1.0
  outer loop
    vertex 19.9482288141035 48.4044486794174 -34.5000000000245
    vertex 20.0571167000078 30.1870349999996 -34.5000000000232
    vertex 21.2746643372783 50.8860350000003 -34.5000000000248
  endloop
endfacet
facet normal -8.67648920311465e-014 1.48477336184166e-013 1.0
  outer loop
    vertex 21.2746643372783 50.8860350000003 -34.5000000000248
    vertex 20.0571167000078 30.1870349999996 -34.5000000000232
    vertex 20.2170867000078 30.4154949999996 -34.5000000000232
  endloop
endfacet
facet normal -8.67648920311465e-014 1.48477336184166e-013 1.0
  outer loop
    vertex 21.2746643372783 50.8860350000003 -34.5000000000248
    vertex 20.2170867000078 30.4154949999996 -34.5000000000232
    vertex 20.4142967000078 30.6127049999996 -34.5000000000231
  endloop
endfacet
facet normal -8.67648920311465e-014 1.48477336184166e-013 1.0
  outer loop
    vertex 21.2746643372783 50.8860350000003 -34.5000000000248
    vertex 20.4142967000078 30.6127049999996 -34.5000000000231
    vertex 20.6427567000078 30.7726749999995 -34.5000000000231
  endloop
endfacet
facet normal -8.67648920311465e-014 1.48477336184166e-013 1.0
  outer loop
    vertex 21.2746643372783 50.8860350000003 -34.5000000000248
    vertex 20.6427567000078 30.7726749999995 -34.5000000000231
    vertex 20.8955267000078 30.8905449999996 -34.500000000023
  endloop
endfacet
facet normal -8.67648920311465e-014 1.48477336184166e-013 1.0
  outer loop
    vertex 21.2746643372783 50.8860350000003 -34.5000000000248
    vertex 20.8955267000078 30.8905449999996 -34.500000000023
    vertex 21.1649167000078 30.9627249999996 -34.500000000023
  endloop
endfacet
facet normal -8.67648920311465e-014 1.48477336184166e-013 1.0
  outer loop
    vertex 21.2746643372783 50.8860350000003 -34.5000000000248
    vertex 21.1649167000078 30.9627249999996 -34.500000000023
    vertex 21.4427567000078 30.9870349999996 -34.5000000000229
  endloop
endfacet
facet normal -8.67648920311465e-014 1.48477336184166e-013 1.0
  outer loop
    vertex 21.2746643372783 50.8860350000003 -34.5000000000248
    vertex 21.4427567000078 30.9870349999996 -34.5000000000229
    vertex 22.7605633709997 53.2755550198432 -34.500000000025
  endloop
endfacet
facet normal -8.67648920311465e-014 1.48477336184166e-013 1.0
  outer loop
    vertex 22.7605633709997 53.2755550198432 -34.500000000025
    vertex 21.4427567000078 30.9870349999996 -34.5000000000229
    vertex 21.7205967000078 30.9627249999996 -34.5000000000228
  endloop
endfacet
facet normal -8.67648920311465e-014 1.48477336184166e-013 1.0
  outer loop
    vertex 22.7605633709997 53.2755550198432 -34.500000000025
    vertex 21.7205967000078 30.9627249999996 -34.5000000000228
    vertex 21.9899867000078 30.8905449999996 -34.5000000000228
  endloop
endfacet
facet normal -8.67648920311465e-014 1.48477336184166e-013 1.0
  outer loop
    vertex 22.7605633709997 53.2755550198432 -34.500000000025
    vertex 21.9899867000078 30.8905449999996 -34.5000000000228
    vertex 22.2427567000078 30.7726749999995 -34.5000000000227
  endloop
endfacet
facet normal -8.67648920311465e-014 1.48477336184166e-013 1.0
  outer loop
    vertex 22.7605633709997 53.2755550198432 -34.500000000025
    vertex 22.2427567000078 30.7726749999995 -34.5000000000227
    vertex 22.4712167000078 30.6127049999996 -34.5000000000227
  endloop
endfacet
facet normal -8.67648920311465e-014 1.48477336184166e-013 1.0
  outer loop
    vertex 22.7605633709997 53.2755550198432 -34.500000000025
    vertex 22.4712167000078 30.6127049999996 -34.5000000000227
    vertex 22.6684267000078 30.4154949999996 -34.5000000000226
  endloop
endfacet
facet normal -8.67648920311465e-014 1.48477336184166e-013 1.0
  outer loop
    vertex 22.7605633709997 53.2755550198432 -34.500000000025
    vertex 22.6684267000078 30.4154949999996 -34.5000000000226
    vertex 22.8283967000078 30.1870349999996 -34.5000000000226
  endloop
endfacet
facet normal -8.67648920311465e-014 1.48477336184166e-013 1.0
  outer loop
    vertex 22.7605633709997 53.2755550198432 -34.500000000025
    vertex 22.8283967000078 30.1870349999996 -34.5000000000226
    vertex 24.3995630674861 55.5627764473752 -34.5000000000252
  endloop
endfacet
facet normal -8.67648920311465e-014 1.48477336184166e-013 1.0
  outer loop
    vertex 24.3995630674861 55.5627764473752 -34.5000000000252
    vertex 22.8283967000078 30.1870349999996 -34.5000000000226
    vertex 22.9462667000078 29.9342649999996 -34.5000000000226
  endloop
endfacet
facet normal -8.67648920311465e-014 1.48477336184166e-013 1.0
  outer loop
    vertex 24.3995630674861 55.5627764473752 -34.5000000000252
    vertex 22.9462667000078 29.9342649999996 -34.5000000000226
    vertex 23.0184467000078 29.6648749999996 -34.5000000000226
  endloop
endfacet
facet normal -8.67648920311465e-014 1.48477336184166e-013 1.0
  outer loop
    vertex 24.3995630674861 55.5627764473752 -34.5000000000252
    vertex 23.0184467000078 29.6648749999996 -34.5000000000226
    vertex 23.0427567000079 29.3870349999995 -34.5000000000226
  endloop
endfacet
facet normal -8.67648920311465e-014 1.48477336184166e-013 1.0
  outer loop
    vertex 24.3995630674861 55.5627764473752 -34.5000000000252
    vertex 23.0427567000079 29.3870349999995 -34.5000000000226
    vertex 24.399563067485 3.20929355262531 -34.5000000000174
  endloop
endfacet
facet normal -8.67648920311465e-014 1.48477336184166e-013 1.0
  outer loop
    vertex 24.3995630674861 55.5627764473752 -34.5000000000252
    vertex 24.399563067485 3.20929355262531 -34.5000000000174
    vertex 26.1846449784121 1.03416495069729 -34.5000000000169
  endloop
endfacet
facet normal -8.67648920311465e-014 1.48477336184166e-013 1.0
  outer loop
    vertex 24.3995630674861 55.5627764473752 -34.5000000000252
    vertex 26.1846449784121 1.03416495069729 -34.5000000000169
    vertex 26.1846449784132 57.7379050493032 -34.5000000000254
  endloop
endfacet
facet normal -8.67648920311465e-014 1.48477336184166e-013 1.0
  outer loop
    vertex 26.1846449784132 57.7379050493032 -34.5000000000254
    vertex 26.1846449784121 1.03416495069729 -34.5000000000169
    vertex 28.1081651089866 -1.01955659102133 -34.5000000000165
  endloop
endfacet
facet normal -8.67648920311465e-014 1.48477336184166e-013 1.0
  outer loop
    vertex 26.1846449784132 57.7379050493032 -34.5000000000254
    vertex 28.1081651089866 -1.01955659102133 -34.5000000000165
    vertex 28.1081651089878 59.7916265910217 -34.5000000000255
  endloop
endfacet
facet normal -8.67648920311465e-014 1.48477336184166e-013 1.0
  outer loop
    vertex 28.1081651089878 59.7916265910217 -34.5000000000255
    vertex 28.1081651089866 -1.01955659102133 -34.5000000000165
    vertex 30.1618866507051 -2.94307672159586 -34.500000000016
  endloop
endfacet
facet normal -8.67648920311465e-014 1.48477336184166e-013 1.0
  outer loop
    vertex 28.1081651089878 59.7916265910217 -34.5000000000255
    vertex 30.1618866507051 -2.94307672159586 -34.500000000016
    vertex 30.1618866507064 61.7151467215962 -34.5000000000256
  endloop
endfacet
facet normal -8.67648920311465e-014 1.48477336184166e-013 1.0
  outer loop
    vertex 30.1618866507064 61.7151467215962 -34.5000000000256
    vertex 30.1618866507051 -2.94307672159586 -34.500000000016
    vertex 32.337015252633 -4.72815863252299 -34.5000000000156
  endloop
endfacet
facet normal -8.67648920311465e-014 1.48477336184166e-013 1.0
  outer loop
    vertex 30.1618866507064 61.7151467215962 -34.5000000000256
    vertex 32.337015252633 -4.72815863252299 -34.5000000000156
    vertex 32.3370152526344 63.5002286325232 -34.5000000000257
  endloop
endfacet
facet normal -8.67648920311465e-014 1.48477336184166e-013 1.0
  outer loop
    vertex 32.3370152526344 63.5002286325232 -34.5000000000257
    vertex 32.337015252633 -4.72815863252299 -34.5000000000156
    vertex 34.624236680165 -6.36715832900937 -34.5000000000151
  endloop
endfacet
facet normal -8.67648920311465e-014 1.48477336184166e-013 1.0
  outer loop
    vertex 32.3370152526344 63.5002286325232 -34.5000000000257
    vertex 34.624236680165 -6.36715832900937 -34.5000000000151
    vertex 34.6242366801665 65.1392283290095 -34.5000000000257
  endloop
endfacet
facet normal -8.67648920311465e-014 1.48477336184166e-013 1.0
  outer loop
    vertex 34.6242366801665 65.1392283290095 -34.5000000000257
    vertex 34.624236680165 -6.36715832900937 -34.5000000000151
    vertex 37.013756700008 -7.85305736273084 -34.5000000000147
  endloop
endfacet
facet normal -8.67648920311465e-014 1.48477336184166e-013 1.0
  outer loop
    vertex 34.6242366801665 65.1392283290095 -34.5000000000257
    vertex 37.013756700008 -7.85305736273084 -34.5000000000147
    vertex 37.0137567000094 66.6251273627309 -34.5000000000257
  endloop
endfacet
facet normal -8.67648920311465e-014 1.48477336184166e-013 1.0
  outer loop
    vertex 37.0137567000094 66.6251273627309 -34.5000000000257
    vertex 37.013756700008 -7.85305736273084 -34.5000000000147
    vertex 39.4953430205909 -9.17949288590563 -34.5000000000143
  endloop
endfacet
facet normal -8.67648920311465e-014 1.48477336184166e-013 1.0
  outer loop
    vertex 37.0137567000094 66.6251273627309 -34.5000000000257
    vertex 39.4953430205909 -9.17949288590563 -34.5000000000143
    vertex 39.4953430205924 67.9515628859055 -34.5000000000257
  endloop
endfacet
facet normal -8.67648920311465e-014 1.48477336184166e-013 1.0
  outer loop
    vertex 39.4953430205924 67.9515628859055 -34.5000000000257
    vertex 39.4953430205909 -9.17949288590563 -34.5000000000143
    vertex 42.058369108309 -10.3407848979854 -34.5000000000139
  endloop
endfacet
facet normal -8.67648920311465e-014 1.48477336184166e-013 1.0
  outer loop
    vertex 39.4953430205924 67.9515628859055 -34.5000000000257
    vertex 42.058369108309 -10.3407848979854 -34.5000000000139
    vertex 42.0583691083106 69.1128548979852 -34.5000000000257
  endloop
endfacet
facet normal -8.67648920311465e-014 1.48477336184166e-013 1.0
  outer loop
    vertex 42.0583691083106 69.1128548979852 -34.5000000000257
    vertex 42.058369108309 -10.3407848979854 -34.5000000000139
    vertex 44.6918596919719 -11.3319605682897 -34.5000000000135
  endloop
endfacet
facet normal -8.67648920311465e-014 1.48477336184166e-013 1.0
  outer loop
    vertex 42.0583691083106 69.1128548979852 -34.5000000000257
    vertex 44.6918596919719 -11.3319605682897 -34.5000000000135
    vertex 44.6918596919735 70.1040305682894 -34.5000000000256
  endloop
endfacet
facet normal -8.67648920311465e-014 1.48477336184166e-013 1.0
  outer loop
    vertex 44.6918596919735 70.1040305682894 -34.5000000000256
    vertex 44.6918596919719 -11.3319605682897 -34.5000000000135
    vertex 47.3845377605995 -12.1487755304301 -34.5000000000131
  endloop
endfacet
facet normal -8.67648920311465e-014 1.48477336184166e-013 1.0
  outer loop
    vertex 44.6918596919735 70.1040305682894 -34.5000000000256
    vertex 47.3845377605995 -12.1487755304301 -34.5000000000131
    vertex 47.3845377606011 70.9208455304297 -34.5000000000255
  endloop
endfacet
facet normal -8.67648920311465e-014 1.48477336184166e-013 1.0
  outer loop
    vertex 47.3845377606011 70.9208455304297 -34.5000000000255
    vertex 47.3845377605995 -12.1487755304301 -34.5000000000131
    vertex 50.1248728533143 -12.7877320573392 -34.5000000000128
  endloop
endfacet
facet normal -8.67648920311465e-014 1.48477336184166e-013 1.0
  outer loop
    vertex 47.3845377606011 70.9208455304297 -34.5000000000255
    vertex 50.1248728533143 -12.7877320573392 -34.5000000000128
    vertex 50.124872853316 71.5598020573386 -34.5000000000253
  endloop
endfacet
facet normal -8.67648920311465e-014 1.48477336184166e-013 1.0
  outer loop
    vertex 50.124872853316 71.5598020573386 -34.5000000000253
    vertex 50.1248728533143 -12.7877320573392 -34.5000000000128
    vertex 52.9011304345456 -13.2460940390742 -34.5000000000125
  endloop
endfacet
facet normal -8.67648920311465e-014 1.48477336184166e-013 1.0
  outer loop
    vertex 50.124872853316 71.5598020573386 -34.5000000000253
    vertex 52.9011304345456 -13.2460940390742 -34.5000000000125
    vertex 52.9011304345473 72.0181640390735 -34.5000000000252
  endloop
endfacet
facet normal -8.67648920311465e-014 1.48477336184166e-013 1.0
  outer loop
    vertex 52.9011304345473 72.0181640390735 -34.5000000000252
    vertex 52.9011304345456 -13.2460940390742 -34.5000000000125
    vertex 55.7014221431116 -13.5218986992603 -34.5000000000122
  endloop
endfacet
facet normal -8.67648920311465e-014 1.48477336184166e-013 1.0
  outer loop
    vertex 52.9011304345473 72.0181640390735 -34.5000000000252
    vertex 55.7014221431116 -13.5218986992603 -34.5000000000122
    vertex 55.7014221431134 72.2939686992596 -34.500000000025
  endloop
endfacet
facet normal -8.67648920311465e-014 1.48477336184166e-013 1.0
  outer loop
    vertex 55.7014221431134 72.2939686992596 -34.500000000025
    vertex 55.7014221431116 -13.5218986992603 -34.5000000000122
    vertex 56.9211077000078 -7.83716600000044 -34.5000000000152
  endloop
endfacet
facet normal -8.67648920311465e-014 1.48477336184166e-013 1.0
  outer loop
    vertex 56.9211077000078 -7.83716600000044 -34.5000000000152
    vertex 55.7014221431116 -13.5218986992603 -34.5000000000122
    vertex 56.9719067000078 -8.11139900000043 -34.5000000000152
  endloop
endfacet
facet normal -8.67648920311465e-014 1.48477336184166e-013 1.0
  outer loop
    vertex 56.9719067000078 -8.11139900000043 -34.5000000000152
    vertex 55.7014221431116 -13.5218986992603 -34.5000000000122
    vertex 58.5137567000078 -13.6139650000004 -34.500000000012
  endloop
endfacet
facet normal -8.67648920311465e-014 1.48477336184166e-013 1.0
  outer loop
    vertex 55.7014221431134 72.2939686992596 -34.500000000025
    vertex 56.9211077000078 -7.83716600000044 -34.5000000000152
    vertex 56.9187007000078 -7.55827800000044 -34.5000000000152
  endloop
endfacet
facet normal -8.67648920311465e-014 1.48477336184166e-013 1.0
  outer loop
    vertex 55.7014221431134 72.2939686992596 -34.500000000025
    vertex 56.9187007000078 -7.55827800000044 -34.5000000000152
    vertex 56.9185567000078 66.3323479999996 -34.5000000000175
  endloop
endfacet
facet normal -8.67648920311465e-014 1.48477336184166e-013 1.0
  outer loop
    vertex 56.9719067000078 -8.11139900000043 -34.5000000000152
    vertex 58.5137567000078 -13.6139650000004 -34.500000000012
    vertex 57.0695547000078 -8.37264400000044 -34.5000000000152
  endloop
endfacet
facet normal -8.67648920311465e-014 1.48477336184166e-013 1.0
  outer loop
    vertex 57.0695547000078 -8.37264400000044 -34.5000000000152
    vertex 58.5137567000078 -13.6139650000004 -34.500000000012
    vertex 57.2110827000078 -8.61296500000044 -34.5000000000152
  endloop
endfacet
facet normal -8.67648920311465e-014 1.48477336184166e-013 1.0
  outer loop
    vertex 57.2110827000078 -8.61296500000044 -34.5000000000152
    vertex 58.5137567000078 -13.6139650000004 -34.500000000012
    vertex 57.3921927000078 -8.82505800000043 -34.5000000000151
  endloop
endfacet
facet normal -8.67648920311465e-014 1.48477336184166e-013 1.0
  outer loop
    vertex 57.3921927000078 -8.82505800000043 -34.5000000000151
    vertex 58.5137567000078 -13.6139650000004 -34.500000000012
    vertex 57.6073805000078 -9.00248000000044 -34.5000000000151
  endloop
endfacet
facet normal -8.67648920311465e-014 1.48477336184166e-013 1.0
  outer loop
    vertex 57.6073805000078 -9.00248000000044 -34.5000000000151
    vertex 58.5137567000078 -13.6139650000004 -34.500000000012
    vertex 57.8501081000078 -9.13983900000043 -34.500000000015
  endloop
endfacet
facet normal -8.67648920311465e-014 1.48477336184166e-013 1.0
  outer loop
    vertex 57.8501081000078 -9.13983900000043 -34.500000000015
    vertex 58.5137567000078 -13.6139650000004 -34.500000000012
    vertex 58.1130004000078 -9.23296300000043 -34.500000000015
  endloop
endfacet
facet normal -8.67648920311465e-014 1.48477336184166e-013 1.0
  outer loop
    vertex 58.1130004000078 -9.23296300000043 -34.500000000015
    vertex 58.5137567000078 -13.6139650000004 -34.500000000012
    vertex 58.3880694000078 -9.27902100000043 -34.5000000000149
  endloop
endfacet
facet normal -8.67648920311465e-014 1.48477336184166e-013 1.0
  outer loop
    vertex 58.3880694000078 -9.27902100000043 -34.5000000000149
    vertex 58.5137567000078 -13.6139650000004 -34.500000000012
    vertex 58.6669574000078 -9.27661400000044 -34.5000000000149
  endloop
endfacet
facet normal -8.67648920311465e-014 1.48477336184166e-013 1.0
  outer loop
    vertex 58.6669574000078 -9.27661400000044 -34.5000000000149
    vertex 58.5137567000078 -13.6139650000004 -34.500000000012
    vertex 61.3260912569036 -13.5218986992605 -34.5000000000117
  endloop
endfacet
facet normal -8.67648920311465e-014 1.48477336184166e-013 1.0
  outer loop
    vertex 58.6669574000078 -9.27661400000044 -34.5000000000149
    vertex 61.3260912569036 -13.5218986992605 -34.5000000000117
    vertex 58.9411905000078 -9.22581500000043 -34.5000000000148
  endloop
endfacet
facet normal -8.67648920311465e-014 1.48477336184166e-013 1.0
  outer loop
    vertex 58.9411905000078 -9.22581500000043 -34.5000000000148
    vertex 61.3260912569036 -13.5218986992605 -34.5000000000117
    vertex 59.2024362000078 -9.12816700000043 -34.5000000000148
  endloop
endfacet
facet normal -8.67648920311465e-014 1.48477336184166e-013 1.0
  outer loop
    vertex 59.2024362000078 -9.12816700000043 -34.5000000000148
    vertex 61.3260912569036 -13.5218986992605 -34.5000000000117
    vertex 59.4427567000078 -8.98663900000043 -34.5000000000147
  endloop
endfacet
facet normal -8.67648920311465e-014 1.48477336184166e-013 1.0
  outer loop
    vertex 59.4427567000078 -8.98663900000043 -34.5000000000147
    vertex 61.3260912569036 -13.5218986992605 -34.5000000000117
    vertex 59.6548497000078 -8.80552900000043 -34.5000000000147
  endloop
endfacet
facet normal -8.67648920311465e-014 1.48477336184166e-013 1.0
  outer loop
    vertex 59.6548497000078 -8.80552900000043 -34.5000000000147
    vertex 61.3260912569036 -13.5218986992605 -34.5000000000117
    vertex 59.8322717000078 -8.59034100000044 -34.5000000000146
  endloop
endfacet
facet normal -8.67648920311465e-014 1.48477336184166e-013 1.0
  outer loop
    vertex 59.8322717000078 -8.59034100000044 -34.5000000000146
    vertex 61.3260912569036 -13.5218986992605 -34.5000000000117
    vertex 59.9696307000078 -8.34761400000043 -34.5000000000146
  endloop
endfacet
facet normal -8.67648920311465e-014 1.48477336184166e-013 1.0
  outer loop
    vertex 59.9696307000078 -8.34761400000043 -34.5000000000146
    vertex 61.3260912569036 -13.5218986992605 -34.5000000000117
    vertex 60.0627547000078 -8.08472100000044 -34.5000000000146
  endloop
endfacet
facet normal -8.67648920311465e-014 1.48477336184166e-013 1.0
  outer loop
    vertex 60.0627547000078 -8.08472100000044 -34.5000000000146
    vertex 61.3260912569036 -13.5218986992605 -34.5000000000117
    vertex 60.1088127000078 -7.80965200000044 -34.5000000000146
  endloop
endfacet
facet normal -8.67648920311465e-014 1.48477336184166e-013 1.0
  outer loop
    vertex 15.6058230007487 26.5737004431043 -34.5000000000217
    vertex 15.6058230007488 32.1983695568966 -34.5000000000225
    vertex 15.5137567000087 29.3860350000005 -34.5000000000221
  endloop
endfacet
facet normal -8.67648920311465e-014 1.48477336184166e-013 1.0
  outer loop
    vertex 15.6058230007488 32.1983695568966 -34.5000000000225
    vertex 15.6058230007487 26.5737004431043 -34.5000000000217
    vertex 15.8816276609347 23.7734087345382 -34.5000000000212
  endloop
endfacet
facet normal -8.67648920311465e-014 1.48477336184166e-013 1.0
  outer loop
    vertex 15.6058230007488 32.1983695568966 -34.5000000000225
    vertex 15.8816276609347 23.7734087345382 -34.5000000000212
    vertex 15.881627660935 34.9986612654627 -34.5000000000229
  endloop
endfacet
facet normal -8.67648920311465e-014 1.48477336184166e-013 1.0
  outer loop
    vertex 15.881627660935 34.9986612654627 -34.5000000000229
    vertex 15.8816276609347 23.7734087345382 -34.5000000000212
    vertex 16.3399896426696 20.9971511533069 -34.5000000000208
  endloop
endfacet
facet normal -8.67648920311465e-014 1.48477336184166e-013 1.0
  outer loop
    vertex 15.881627660935 34.9986612654627 -34.5000000000229
    vertex 16.3399896426696 20.9971511533069 -34.5000000000208
    vertex 16.33998964267 37.7749188466939 -34.5000000000232
  endloop
endfacet
facet normal -8.67648920311465e-014 1.48477336184166e-013 1.0
  outer loop
    vertex 16.33998964267 37.7749188466939 -34.5000000000232
    vertex 16.3399896426696 20.9971511533069 -34.5000000000208
    vertex 16.9789461695785 18.256816060592 -34.5000000000203
  endloop
endfacet
facet normal -8.67648920311465e-014 1.48477336184166e-013 1.0
  outer loop
    vertex 16.33998964267 37.7749188466939 -34.5000000000232
    vertex 16.9789461695785 18.256816060592 -34.5000000000203
    vertex 16.978946169579 40.5152539394088 -34.5000000000236
  endloop
endfacet
facet normal -8.67648920311465e-014 1.48477336184166e-013 1.0
  outer loop
    vertex 16.978946169579 40.5152539394088 -34.5000000000236
    vertex 16.9789461695785 18.256816060592 -34.5000000000203
    vertex 17.7957611317189 15.5641379919645 -34.5000000000198
  endloop
endfacet
facet normal -8.67648920311465e-014 1.48477336184166e-013 1.0
  outer loop
    vertex 16.978946169579 40.5152539394088 -34.5000000000236
    vertex 17.7957611317189 15.5641379919645 -34.5000000000198
    vertex 17.7957611317194 43.2079320080363 -34.5000000000239
  endloop
endfacet
facet normal -8.67648920311465e-014 1.48477336184166e-013 1.0
  outer loop
    vertex 17.7957611317194 43.2079320080363 -34.5000000000239
    vertex 17.7957611317189 15.5641379919645 -34.5000000000198
    vertex 18.786936802023 12.9306474083015 -34.5000000000193
  endloop
endfacet
facet normal -8.67648920311465e-014 1.48477336184166e-013 1.0
  outer loop
    vertex 17.7957611317194 43.2079320080363 -34.5000000000239
    vertex 18.786936802023 12.9306474083015 -34.5000000000193
    vertex 18.7869368020237 45.8414225916992 -34.5000000000242
  endloop
endfacet
facet normal -8.67648920311465e-014 1.48477336184166e-013 1.0
  outer loop
    vertex 18.7869368020237 45.8414225916992 -34.5000000000242
    vertex 18.786936802023 12.9306474083015 -34.5000000000193
    vertex 19.9482288141027 10.3676213205833 -34.5000000000189
  endloop
endfacet
facet normal -8.67648920311465e-014 1.48477336184166e-013 1.0
  outer loop
    vertex 18.7869368020237 45.8414225916992 -34.5000000000242
    vertex 19.9482288141027 10.3676213205833 -34.5000000000189
    vertex 19.8427567000078 29.3870349999995 -34.5000000000232
  endloop
endfacet
facet normal -8.67648920311465e-014 1.48477336184166e-013 1.0
  outer loop
    vertex 19.8427567000078 29.3870349999995 -34.5000000000232
    vertex 19.9482288141027 10.3676213205833 -34.5000000000189
    vertex 19.8670667000078 29.1091949999996 -34.5000000000232
  endloop
endfacet
facet normal -8.67648920311465e-014 1.48477336184166e-013 1.0
  outer loop
    vertex 19.8670667000078 29.1091949999996 -34.5000000000232
    vertex 19.9482288141027 10.3676213205833 -34.5000000000189
    vertex 19.9392467000078 28.8398049999995 -34.5000000000232
  endloop
endfacet
facet normal -8.67648920311465e-014 1.48477336184166e-013 1.0
  outer loop
    vertex 19.9392467000078 28.8398049999995 -34.5000000000232
    vertex 19.9482288141027 10.3676213205833 -34.5000000000189
    vertex 20.0571167000078 28.5870349999995 -34.5000000000232
  endloop
endfacet
facet normal -8.67648920311465e-014 1.48477336184166e-013 1.0
  outer loop
    vertex 20.0571167000078 28.5870349999995 -34.5000000000232
    vertex 19.9482288141027 10.3676213205833 -34.5000000000189
    vertex 21.2746643372774 7.88603500000036 -34.5000000000184
  endloop
endfacet
facet normal -8.67648920311465e-014 1.48477336184166e-013 1.0
  outer loop
    vertex 20.0571167000078 28.5870349999995 -34.5000000000232
    vertex 21.2746643372774 7.88603500000036 -34.5000000000184
    vertex 20.2170867000078 28.3585749999996 -34.5000000000232
  endloop
endfacet
facet normal -8.67648920311465e-014 1.48477336184166e-013 1.0
  outer loop
    vertex 20.2170867000078 28.3585749999996 -34.5000000000232
    vertex 21.2746643372774 7.88603500000036 -34.5000000000184
    vertex 20.4142967000078 28.1613649999996 -34.5000000000231
  endloop
endfacet
facet normal -8.67648920311465e-014 1.48477336184166e-013 1.0
  outer loop
    vertex 20.4142967000078 28.1613649999996 -34.5000000000231
    vertex 21.2746643372774 7.88603500000036 -34.5000000000184
    vertex 20.6427567000078 28.0013949999996 -34.5000000000231
  endloop
endfacet
facet normal -8.67648920311465e-014 1.48477336184166e-013 1.0
  outer loop
    vertex 20.6427567000078 28.0013949999996 -34.5000000000231
    vertex 21.2746643372774 7.88603500000036 -34.5000000000184
    vertex 20.8955267000078 27.8835249999996 -34.500000000023
  endloop
endfacet
facet normal -8.67648920311465e-014 1.48477336184166e-013 1.0
  outer loop
    vertex 20.8955267000078 27.8835249999996 -34.500000000023
    vertex 21.2746643372774 7.88603500000036 -34.5000000000184
    vertex 21.1649167000078 27.8113449999996 -34.500000000023
  endloop
endfacet
facet normal -8.67648920311465e-014 1.48477336184166e-013 1.0
  outer loop
    vertex 21.1649167000078 27.8113449999996 -34.500000000023
    vertex 21.2746643372774 7.88603500000036 -34.5000000000184
    vertex 21.4427567000078 27.7870349999996 -34.5000000000229
  endloop
endfacet
facet normal -8.67648920311465e-014 1.48477336184166e-013 1.0
  outer loop
    vertex 21.4427567000078 27.7870349999996 -34.5000000000229
    vertex 21.2746643372774 7.88603500000036 -34.5000000000184
    vertex 22.7605633709987 5.49651498015744 -34.5000000000179
  endloop
endfacet
facet normal -8.67648920311465e-014 1.48477336184166e-013 1.0
  outer loop
    vertex 21.4427567000078 27.7870349999996 -34.5000000000229
    vertex 22.7605633709987 5.49651498015744 -34.5000000000179
    vertex 21.7205967000078 27.8113449999996 -34.5000000000228
  endloop
endfacet
facet normal -8.67648920311465e-014 1.48477336184166e-013 1.0
  outer loop
    vertex 21.7205967000078 27.8113449999996 -34.5000000000228
    vertex 22.7605633709987 5.49651498015744 -34.5000000000179
    vertex 21.9899867000078 27.8835249999996 -34.5000000000228
  endloop
endfacet
facet normal -8.67648920311465e-014 1.48477336184166e-013 1.0
  outer loop
    vertex 21.9899867000078 27.8835249999996 -34.5000000000228
    vertex 22.7605633709987 5.49651498015744 -34.5000000000179
    vertex 22.2427567000078 28.0013949999996 -34.5000000000227
  endloop
endfacet
facet normal -8.67648920311465e-014 1.48477336184166e-013 1.0
  outer loop
    vertex 22.2427567000078 28.0013949999996 -34.5000000000227
    vertex 22.7605633709987 5.49651498015744 -34.5000000000179
    vertex 22.4712167000078 28.1613649999996 -34.5000000000227
  endloop
endfacet
facet normal -8.67648920311465e-014 1.48477336184166e-013 1.0
  outer loop
    vertex 22.4712167000078 28.1613649999996 -34.5000000000227
    vertex 22.7605633709987 5.49651498015744 -34.5000000000179
    vertex 22.6684267000078 28.3585749999996 -34.5000000000226
  endloop
endfacet
facet normal -8.67648920311465e-014 1.48477336184166e-013 1.0
  outer loop
    vertex 22.6684267000078 28.3585749999996 -34.5000000000226
    vertex 22.7605633709987 5.49651498015744 -34.5000000000179
    vertex 22.8283967000078 28.5870349999995 -34.5000000000226
  endloop
endfacet
facet normal -8.67648920311465e-014 1.48477336184166e-013 1.0
  outer loop
    vertex 22.8283967000078 28.5870349999995 -34.5000000000226
    vertex 22.7605633709987 5.49651498015744 -34.5000000000179
    vertex 24.399563067485 3.20929355262531 -34.5000000000174
  endloop
endfacet
facet normal -8.67648920311465e-014 1.48477336184166e-013 1.0
  outer loop
    vertex 22.8283967000078 28.5870349999995 -34.5000000000226
    vertex 24.399563067485 3.20929355262531 -34.5000000000174
    vertex 22.9462667000078 28.8398049999995 -34.5000000000226
  endloop
endfacet
facet normal -8.67648920311465e-014 1.48477336184166e-013 1.0
  outer loop
    vertex 22.9462667000078 28.8398049999995 -34.5000000000226
    vertex 24.399563067485 3.20929355262531 -34.5000000000174
    vertex 23.0184467000078 29.1091949999996 -34.5000000000226
  endloop
endfacet
facet normal -8.67648920311465e-014 1.48477336184166e-013 1.0
  outer loop
    vertex 23.0184467000078 29.1091949999996 -34.5000000000226
    vertex 24.399563067485 3.20929355262531 -34.5000000000174
    vertex 23.0427567000079 29.3870349999995 -34.5000000000226
  endloop
endfacet
facet normal 0.22707626303434 -0.973876979277342 1.50599655895357e-013
  outer loop
    vertex 69.6429756394161 -12.1487755304314 -39.5000000000127
    vertex 66.902640546701 -12.7877320573396 -34.5000000000114
    vertex 66.9026405467011 -12.7877320573403 -39.5000000000128
  endloop
endfacet
facet normal 0.22707626303434 -0.973876979277342 1.50599655895357e-013
  outer loop
    vertex 66.902640546701 -12.7877320573396 -34.5000000000114
    vertex 69.6429756394161 -12.1487755304314 -39.5000000000127
    vertex 69.6429756394159 -12.1487755304307 -34.5000000000112
  endloop
endfacet
facet normal 0.910863824921179 0.412707029804388 -3.49530694979051e-014
  outer loop
    vertex 97.0792845859148 48.4044486794152 -39.5000000000193
    vertex 98.2405765979944 45.8414225916977 -34.5000000000173
    vertex 98.2405765979945 45.8414225916969 -39.5000000000188
  endloop
endfacet
facet normal 0.910863824921179 0.412707029804388 -3.49530694979051e-014
  outer loop
    vertex 98.2405765979944 45.8414225916977 -34.5000000000173
    vertex 97.0792845859148 48.4044486794152 -39.5000000000193
    vertex 97.0792845859147 48.4044486794159 -34.5000000000178
  endloop
endfacet
facet normal 0.729864072697818 -0.683592302022891 1.27740032021181e-013
  outer loop
    vertex 90.8428684216042 1.03416495069499 -39.5000000000128
    vertex 88.9193482910295 -1.01955659102276 -34.5000000000112
    vertex 88.9193482910296 -1.01955659102355 -39.5000000000127
  endloop
endfacet
facet normal 0.729864072697818 -0.683592302022891 1.27740032021181e-013
  outer loop
    vertex 88.9193482910295 -1.01955659102276 -34.5000000000112
    vertex 90.8428684216042 1.03416495069499 -39.5000000000128
    vertex 90.842868421604 1.03416495069578 -34.5000000000113
  endloop
endfacet
facet normal 0.956940335732204 -0.290284677254478 6.97780121966054e-014
  outer loop
    vertex 100.048567230439 18.2568160605895 -39.5000000000146
    vertex 99.2317522682979 15.5641379919627 -34.5000000000128
    vertex 99.2317522682981 15.5641379919619 -39.5000000000142
  endloop
endfacet
facet normal 0.956940335732204 -0.290284677254478 6.97780121966054e-014
  outer loop
    vertex 99.2317522682979 15.5641379919627 -34.5000000000128
    vertex 100.048567230439 18.2568160605895 -39.5000000000146
    vertex 100.048567230438 18.2568160605902 -34.5000000000131
  endloop
endfacet
facet normal 0.0980171403295322 -0.9951847266722 1.50268703363469e-013
  outer loop
    vertex 64.1263829654698 -13.2460940390752 -39.500000000013
    vertex 61.3260912569036 -13.5218986992605 -34.5000000000117
    vertex 61.3260912569037 -13.5218986992612 -39.5000000000132
  endloop
endfacet
facet normal 0.0980171403295322 -0.9951847266722 1.50268703363469e-013
  outer loop
    vertex 61.3260912569036 -13.5218986992605 -34.5000000000117
    vertex 64.1263829654698 -13.2460940390752 -39.500000000013
    vertex 64.1263829654696 -13.2460940390744 -34.5000000000115
  endloop
endfacet
facet normal 0.634393284163626 -0.773010453362753 1.39229803312506e-013
  outer loop
    vertex 86.8656267493108 -2.9430767215972 -34.5000000000111
    vertex 84.6904981473829 -4.72815863252503 -39.5000000000125
    vertex 86.8656267493109 -2.94307672159799 -39.5000000000126
  endloop
endfacet
facet normal 0.634393284163626 -0.773010453362753 1.39229803312506e-013
  outer loop
    vertex 84.6904981473829 -4.72815863252503 -39.5000000000125
    vertex 86.8656267493108 -2.9430767215972 -34.5000000000111
    vertex 84.6904981473828 -4.72815863252424 -34.500000000011
  endloop
endfacet
facet normal 0.849202181526565 -0.52806785065039 1.06374080370018e-013
  outer loop
    vertex 95.7528490627392 7.88603499999787 -39.5000000000134
    vertex 94.2669500290176 5.49651498015579 -34.5000000000117
    vertex 94.2669500290177 5.496514980155 -39.5000000000132
  endloop
endfacet
facet normal 0.849202181526565 -0.52806785065039 1.06374080370018e-013
  outer loop
    vertex 94.2669500290176 5.49651498015579 -34.5000000000117
    vertex 95.7528490627392 7.88603499999787 -39.5000000000134
    vertex 95.752849062739 7.88603499999866 -34.5000000000119
  endloop
endfacet
facet normal 0.995184726672194 -0.0980171403295947 4.10980569082854e-014
  outer loop
    vertex 101.421690399269 26.5737004431018 -39.5000000000157
    vertex 101.145885739082 23.7734087345364 -34.5000000000138
    vertex 101.145885739083 23.7734087345357 -39.5000000000153
  endloop
endfacet
facet normal 0.995184726672194 -0.0980171403295947 4.10980569082854e-014
  outer loop
    vertex 101.145885739082 23.7734087345364 -34.5000000000138
    vertex 101.421690399269 26.5737004431018 -39.5000000000157
    vertex 101.421690399269 26.5737004431025 -34.5000000000142
  endloop
endfacet
facet normal 0.999464587476366 0.0327190828217677 2.23332580605997e-014
  outer loop
    vertex 101.421690399269 32.1983695568941 -39.5000000000165
    vertex 101.513756700009 29.3860349999986 -34.5000000000146
    vertex 101.513756700009 29.3860349999979 -39.5000000000161
  endloop
endfacet
facet normal 0.999464587476366 0.0327190828217677 2.23332580605997e-014
  outer loop
    vertex 101.513756700009 29.3860349999986 -34.5000000000146
    vertex 101.421690399269 32.1983695568941 -39.5000000000165
    vertex 101.421690399269 32.1983695568948 -34.500000000015
  endloop
endfacet
facet normal 0.935905926757314 -0.352250047921266 8.09751002051019e-014
  outer loop
    vertex 99.2317522682981 15.5641379919619 -39.5000000000142
    vertex 98.2405765979936 12.9306474082998 -34.5000000000125
    vertex 98.2405765979938 12.930647408299 -39.5000000000139
  endloop
endfacet
facet normal 0.935905926757314 -0.352250047921266 8.09751002051019e-014
  outer loop
    vertex 98.2405765979936 12.9306474082998 -34.5000000000125
    vertex 99.2317522682981 15.5641379919619 -39.5000000000142
    vertex 99.2317522682979 15.5641379919627 -34.5000000000128
  endloop
endfacet
facet normal 0.528067850650343 -0.849202181526595 1.44338141732605e-013
  outer loop
    vertex 82.4032767198506 -6.36715832901052 -34.500000000011
    vertex 80.0137567000078 -7.85305736273262 -39.5000000000124
    vertex 82.4032767198508 -6.36715832901131 -39.5000000000124
  endloop
endfacet
facet normal 0.528067850650343 -0.849202181526595 1.44338141732605e-013
  outer loop
    vertex 80.0137567000078 -7.85305736273262 -39.5000000000124
    vertex 82.4032767198506 -6.36715832901052 -34.500000000011
    vertex 80.0137567000077 -7.85305736273188 -34.500000000011
  endloop
endfacet
facet normal 0.986643332084876 -0.162895473394606 5.02247894254865e-014
  outer loop
    vertex 101.145885739083 23.7734087345357 -39.5000000000153
    vertex 100.687523757347 20.9971511533051 -34.5000000000134
    vertex 100.687523757348 20.9971511533044 -39.5000000000149
  endloop
endfacet
facet normal 0.986643332084876 -0.162895473394606 5.02247894254865e-014
  outer loop
    vertex 100.687523757347 20.9971511533051 -34.5000000000134
    vertex 101.145885739083 23.7734087345357 -39.5000000000153
    vertex 101.145885739082 23.7734087345364 -34.5000000000138
  endloop
endfacet
facet normal 0.999464587476365 -0.0327190828217999 3.17811322647163e-014
  outer loop
    vertex 101.513756700009 29.3860349999979 -39.5000000000161
    vertex 101.421690399269 26.5737004431025 -34.5000000000142
    vertex 101.421690399269 26.5737004431018 -39.5000000000157
  endloop
endfacet
facet normal 0.999464587476365 -0.0327190828217999 3.17811322647163e-014
  outer loop
    vertex 101.421690399269 26.5737004431025 -34.5000000000142
    vertex 101.513756700009 29.3860349999979 -39.5000000000161
    vertex 101.513756700009 29.3860349999986 -34.5000000000146
  endloop
endfacet
facet normal 0.986643332084882 0.162895473394574 3.19145727971879e-015
  outer loop
    vertex 100.687523757348 37.7749188466915 -39.5000000000174
    vertex 101.145885739083 34.9986612654609 -34.5000000000155
    vertex 101.145885739083 34.9986612654602 -39.500000000017
  endloop
endfacet
facet normal 0.986643332084882 0.162895473394574 3.19145727971879e-015
  outer loop
    vertex 101.145885739083 34.9986612654609 -34.5000000000155
    vertex 100.687523757348 37.7749188466915 -39.5000000000174
    vertex 100.687523757348 37.7749188466922 -34.5000000000159
  endloop
endfacet
facet normal 0.956940335732213 0.290284677254449 -1.60139643538006e-014
  outer loop
    vertex 99.2317522682987 43.207932008034 -39.5000000000183
    vertex 100.048567230439 40.5152539394071 -34.5000000000164
    vertex 100.048567230439 40.5152539394064 -39.5000000000179
  endloop
endfacet
facet normal 0.956940335732213 0.290284677254449 -1.60139643538006e-014
  outer loop
    vertex 100.048567230439 40.5152539394071 -34.5000000000164
    vertex 99.2317522682987 43.207932008034 -39.5000000000183
    vertex 99.2317522682985 43.2079320080347 -34.5000000000169
  endloop
endfacet
facet normal 0.973876979277341 0.227076263034343 -6.43146914559574e-015
  outer loop
    vertex 100.048567230439 40.5152539394064 -39.5000000000179
    vertex 100.687523757348 37.7749188466922 -34.5000000000159
    vertex 100.687523757348 37.7749188466915 -39.5000000000174
  endloop
endfacet
facet normal 0.973876979277341 0.227076263034343 -6.43146914559574e-015
  outer loop
    vertex 100.687523757348 37.7749188466922 -34.5000000000159
    vertex 100.048567230439 40.5152539394064 -39.5000000000179
    vertex 100.048567230439 40.5152539394071 -34.5000000000164
  endloop
endfacet
facet normal 0.812846684591603 -0.582477696867819 1.1399215658983e-013
  outer loop
    vertex 94.2669500290177 5.496514980155 -39.5000000000132
    vertex 92.6279503325312 3.20929355262372 -34.5000000000115
    vertex 92.6279503325313 3.20929355262293 -39.500000000013
  endloop
endfacet
facet normal 0.812846684591603 -0.582477696867819 1.1399215658983e-013
  outer loop
    vertex 92.6279503325312 3.20929355262372 -34.5000000000115
    vertex 94.2669500290177 5.496514980155 -39.5000000000132
    vertex 94.2669500290176 5.49651498015579 -34.5000000000117
  endloop
endfacet
facet normal 0.471396736825967 -0.881921264348371 1.43575119094347e-013
  outer loop
    vertex 80.0137567000078 -7.85305736273262 -39.5000000000124
    vertex 77.5321703794247 -9.17949288590655 -34.500000000011
    vertex 77.5321703794248 -9.17949288590729 -39.5000000000124
  endloop
endfacet
facet normal 0.471396736825967 -0.881921264348371 1.43575119094347e-013
  outer loop
    vertex 77.5321703794247 -9.17949288590655 -34.500000000011
    vertex 80.0137567000078 -7.85305736273262 -39.5000000000124
    vertex 80.0137567000077 -7.85305736273188 -34.500000000011
  endloop
endfacet
facet normal 0.0327190828217494 -0.999464587476366 1.49137003514232e-013
  outer loop
    vertex 61.3260912569037 -13.5218986992612 -39.5000000000132
    vertex 58.5137567000078 -13.6139650000004 -34.500000000012
    vertex 58.5137567000079 -13.6139650000012 -39.5000000000134
  endloop
endfacet
facet normal 0.0327190828217494 -0.999464587476366 1.49137003514232e-013
  outer loop
    vertex 58.5137567000078 -13.6139650000004 -34.500000000012
    vertex 61.3260912569037 -13.5218986992612 -39.5000000000132
    vertex 61.3260912569036 -13.5218986992605 -34.5000000000117
  endloop
endfacet
facet normal 0.412707029804376 -0.910863824921184 1.46270188187834e-013
  outer loop
    vertex 77.5321703794248 -9.17949288590729 -39.5000000000124
    vertex 74.9691442917065 -10.3407848979862 -34.500000000011
    vertex 74.9691442917066 -10.340784897987 -39.5000000000125
  endloop
endfacet
facet normal 0.412707029804376 -0.910863824921184 1.46270188187834e-013
  outer loop
    vertex 74.9691442917065 -10.3407848979862 -34.500000000011
    vertex 77.5321703794248 -9.17949288590729 -39.5000000000124
    vertex 77.5321703794247 -9.17949288590655 -34.500000000011
  endloop
endfacet
facet normal 0.881921264348341 -0.471396736826024 9.8320394702748e-014
  outer loop
    vertex 97.079284585914 10.3676213205808 -39.5000000000137
    vertex 95.752849062739 7.88603499999866 -34.5000000000119
    vertex 95.7528490627392 7.88603499999787 -39.5000000000134
  endloop
endfacet
facet normal 0.881921264348341 -0.471396736826024 9.8320394702748e-014
  outer loop
    vertex 95.752849062739 7.88603499999866 -34.5000000000119
    vertex 97.079284585914 10.3676213205808 -39.5000000000137
    vertex 97.0792845859139 10.3676213205816 -34.5000000000122
  endloop
endfacet
facet normal 0.91086382492117 -0.412707029804408 8.98234219045839e-014
  outer loop
    vertex 98.2405765979938 12.930647408299 -39.5000000000139
    vertex 97.0792845859139 10.3676213205816 -34.5000000000122
    vertex 97.079284585914 10.3676213205808 -39.5000000000137
  endloop
endfacet
facet normal 0.91086382492117 -0.412707029804408 8.98234219045839e-014
  outer loop
    vertex 97.0792845859139 10.3676213205816 -34.5000000000122
    vertex 98.2405765979938 12.930647408299 -39.5000000000139
    vertex 98.2405765979936 12.9306474082998 -34.5000000000125
  endloop
endfacet
facet normal 0.16289547339456 -0.986643332084884 1.5075634865064e-013
  outer loop
    vertex 66.9026405467011 -12.7877320573403 -39.5000000000128
    vertex 64.1263829654696 -13.2460940390744 -34.5000000000115
    vertex 64.1263829654698 -13.2460940390752 -39.500000000013
  endloop
endfacet
facet normal 0.16289547339456 -0.986643332084884 1.5075634865064e-013
  outer loop
    vertex 64.1263829654696 -13.2460940390744 -34.5000000000115
    vertex 66.9026405467011 -12.7877320573403 -39.5000000000128
    vertex 66.902640546701 -12.7877320573396 -34.5000000000114
  endloop
endfacet
facet normal 0.290284677254441 -0.956940335732215 1.49805499199286e-013
  outer loop
    vertex 72.3356537080436 -11.3319605682911 -39.5000000000126
    vertex 69.6429756394159 -12.1487755304307 -34.5000000000112
    vertex 69.6429756394161 -12.1487755304314 -39.5000000000127
  endloop
endfacet
facet normal 0.290284677254441 -0.956940335732215 1.49805499199286e-013
  outer loop
    vertex 69.6429756394159 -12.1487755304307 -34.5000000000112
    vertex 72.3356537080436 -11.3319605682911 -39.5000000000126
    vertex 72.3356537080435 -11.3319605682904 -34.5000000000111
  endloop
endfacet
facet normal 0.683592302022848 -0.729864072697857 1.33749173009959e-013
  outer loop
    vertex 88.9193482910295 -1.01955659102276 -34.5000000000112
    vertex 86.8656267493109 -2.94307672159799 -39.5000000000126
    vertex 88.9193482910296 -1.01955659102355 -39.5000000000127
  endloop
endfacet
facet normal 0.683592302022848 -0.729864072697857 1.33749173009959e-013
  outer loop
    vertex 86.8656267493109 -2.94307672159799 -39.5000000000126
    vertex 88.9193482910295 -1.01955659102276 -34.5000000000112
    vertex 86.8656267493108 -2.9430767215972 -34.5000000000111
  endloop
endfacet
facet normal 0.773010453362723 -0.634393284163663 1.21113529002394e-013
  outer loop
    vertex 92.6279503325313 3.20929355262293 -39.500000000013
    vertex 90.842868421604 1.03416495069578 -34.5000000000113
    vertex 90.8428684216042 1.03416495069499 -39.5000000000128
  endloop
endfacet
facet normal 0.773010453362723 -0.634393284163663 1.21113529002394e-013
  outer loop
    vertex 90.842868421604 1.03416495069578 -34.5000000000113
    vertex 92.6279503325313 3.20929355262293 -39.500000000013
    vertex 92.6279503325312 3.20929355262372 -34.5000000000115
  endloop
endfacet
facet normal 0.352250047921201 -0.935905926757338 1.48362639415096e-013
  outer loop
    vertex 74.9691442917066 -10.340784897987 -39.5000000000125
    vertex 72.3356537080435 -11.3319605682904 -34.5000000000111
    vertex 72.3356537080436 -11.3319605682911 -39.5000000000126
  endloop
endfacet
facet normal 0.352250047921201 -0.935905926757338 1.48362639415096e-013
  outer loop
    vertex 72.3356537080435 -11.3319605682904 -34.5000000000111
    vertex 74.9691442917066 -10.340784897987 -39.5000000000125
    vertex 74.9691442917065 -10.3407848979862 -34.500000000011
  endloop
endfacet
facet normal 0.97387697927733 -0.227076263034391 5.914541192575e-014
  outer loop
    vertex 100.687523757348 20.9971511533044 -39.5000000000149
    vertex 100.048567230438 18.2568160605902 -34.5000000000131
    vertex 100.048567230439 18.2568160605895 -39.5000000000146
  endloop
endfacet
facet normal 0.97387697927733 -0.227076263034391 5.914541192575e-014
  outer loop
    vertex 100.048567230438 18.2568160605902 -34.5000000000131
    vertex 100.687523757348 20.9971511533044 -39.5000000000149
    vertex 100.687523757347 20.9971511533051 -34.5000000000134
  endloop
endfacet
facet normal 0.58247769686778 -0.812846684591631 1.4413422579644e-013
  outer loop
    vertex 84.6904981473828 -4.72815863252424 -34.500000000011
    vertex 82.4032767198508 -6.36715832901131 -39.5000000000124
    vertex 84.6904981473829 -4.72815863252503 -39.5000000000125
  endloop
endfacet
facet normal 0.58247769686778 -0.812846684591631 1.4413422579644e-013
  outer loop
    vertex 82.4032767198508 -6.36715832901131 -39.5000000000124
    vertex 84.6904981473828 -4.72815863252424 -34.500000000011
    vertex 82.4032767198506 -6.36715832901052 -34.500000000011
  endloop
endfacet
facet normal 0.9951847266722 0.0980171403295304 1.27870664408115e-014
  outer loop
    vertex 101.145885739083 34.9986612654602 -39.500000000017
    vertex 101.421690399269 32.1983695568948 -34.500000000015
    vertex 101.421690399269 32.1983695568941 -39.5000000000165
  endloop
endfacet
facet normal 0.9951847266722 0.0980171403295304 1.27870664408115e-014
  outer loop
    vertex 101.421690399269 32.1983695568948 -34.500000000015
    vertex 101.145885739083 34.9986612654602 -39.500000000017
    vertex 101.145885739083 34.9986612654609 -34.5000000000155
  endloop
endfacet
facet normal 0.935905926757337 0.352250047921203 -2.55187072137922e-014
  outer loop
    vertex 98.2405765979945 45.8414225916969 -39.5000000000188
    vertex 99.2317522682985 43.2079320080347 -34.5000000000169
    vertex 99.2317522682987 43.207932008034 -39.5000000000183
  endloop
endfacet
facet normal 0.935905926757337 0.352250047921203 -2.55187072137922e-014
  outer loop
    vertex 99.2317522682985 43.2079320080347 -34.5000000000169
    vertex 98.2405765979945 45.8414225916969 -39.5000000000188
    vertex 98.2405765979944 45.8414225916977 -34.5000000000173
  endloop
endfacet
facet normal 0.0980171403295709 0.995184726672196 -1.67975946428221e-013
  outer loop
    vertex 61.3260912569056 72.2939686992595 -34.5000000000245
    vertex 64.1263829654719 72.0181640390725 -39.5000000000257
    vertex 61.3260912569058 72.2939686992586 -39.5000000000259
  endloop
endfacet
facet normal 0.0980171403295709 0.995184726672196 -1.67975946428221e-013
  outer loop
    vertex 64.1263829654719 72.0181640390725 -39.5000000000257
    vertex 61.3260912569056 72.2939686992595 -34.5000000000245
    vertex 64.1263829654717 72.0181640390733 -34.5000000000242
  endloop
endfacet
facet normal -0.227076263034357 0.973876979277337 -1.73123170105979e-013
  outer loop
    vertex 47.3845377606011 70.9208455304297 -34.5000000000255
    vertex 50.1248728533161 71.5598020573378 -39.5000000000268
    vertex 47.3845377606012 70.9208455304288 -39.500000000027
  endloop
endfacet
facet normal -0.227076263034357 0.973876979277337 -1.73123170105979e-013
  outer loop
    vertex 50.1248728533161 71.5598020573378 -39.5000000000268
    vertex 47.3845377606011 70.9208455304297 -34.5000000000255
    vertex 50.124872853316 71.5598020573386 -34.5000000000253
  endloop
endfacet
facet normal 0.773010453362749 0.634393284163631 -7.06719410788543e-014
  outer loop
    vertex 90.8428684216054 57.7379050493012 -39.5000000000212
    vertex 92.6279503325323 55.5627764473739 -34.5000000000193
    vertex 92.6279503325324 55.5627764473732 -39.5000000000207
  endloop
endfacet
facet normal 0.773010453362749 0.634393284163631 -7.06719410788543e-014
  outer loop
    vertex 92.6279503325323 55.5627764473739 -34.5000000000193
    vertex 90.8428684216054 57.7379050493012 -39.5000000000212
    vertex 90.8428684216052 57.737905049302 -34.5000000000198
  endloop
endfacet
facet normal -0.290284677254437 0.956940335732217 -1.71932006585723e-013
  outer loop
    vertex 44.6918596919735 70.1040305682894 -34.5000000000256
    vertex 47.3845377606012 70.9208455304288 -39.500000000027
    vertex 44.6918596919737 70.1040305682885 -39.5000000000271
  endloop
endfacet
facet normal -0.290284677254437 0.956940335732217 -1.71932006585723e-013
  outer loop
    vertex 47.3845377606012 70.9208455304288 -39.500000000027
    vertex 44.6918596919735 70.1040305682894 -34.5000000000256
    vertex 47.3845377606011 70.9208455304297 -34.5000000000255
  endloop
endfacet
facet normal -0.0327190828217597 0.999464587476366 -1.72248859885294e-013
  outer loop
    vertex 55.7014221431134 72.2939686992596 -34.500000000025
    vertex 58.5137567000097 72.3860349999987 -39.5000000000262
    vertex 55.7014221431135 72.2939686992587 -39.5000000000264
  endloop
endfacet
facet normal -0.0327190828217597 0.999464587476366 -1.72248859885294e-013
  outer loop
    vertex 58.5137567000097 72.3860349999987 -39.5000000000262
    vertex 55.7014221431134 72.2939686992596 -34.500000000025
    vertex 58.5137567000095 72.3860349999996 -34.5000000000247
  endloop
endfacet
facet normal -0.352250047921216 0.935905926757332 -1.69997146285329e-013
  outer loop
    vertex 42.0583691083106 69.1128548979852 -34.5000000000257
    vertex 44.6918596919737 70.1040305682885 -39.5000000000271
    vertex 42.0583691083107 69.1128548979844 -39.5000000000271
  endloop
endfacet
facet normal -0.352250047921216 0.935905926757332 -1.69997146285329e-013
  outer loop
    vertex 44.6918596919737 70.1040305682885 -39.5000000000271
    vertex 42.0583691083106 69.1128548979852 -34.5000000000257
    vertex 44.6918596919735 70.1040305682894 -34.5000000000256
  endloop
endfacet
facet normal 0.729864072697845 0.683592302022861 -7.89443089705325e-014
  outer loop
    vertex 88.9193482910309 59.7916265910198 -39.5000000000217
    vertex 90.8428684216052 57.737905049302 -34.5000000000198
    vertex 90.8428684216054 57.7379050493012 -39.5000000000212
  endloop
endfacet
facet normal 0.729864072697845 0.683592302022861 -7.89443089705325e-014
  outer loop
    vertex 90.8428684216052 57.737905049302 -34.5000000000198
    vertex 88.9193482910309 59.7916265910198 -39.5000000000217
    vertex 88.9193482910308 59.7916265910206 -34.5000000000202
  endloop
endfacet
facet normal -0.162895473394569 0.986643332084882 -1.73572413409653e-013
  outer loop
    vertex 50.124872853316 71.5598020573386 -34.5000000000253
    vertex 52.9011304345474 72.0181640390727 -39.5000000000266
    vertex 50.1248728533161 71.5598020573378 -39.5000000000268
  endloop
endfacet
facet normal -0.162895473394569 0.986643332084882 -1.73572413409653e-013
  outer loop
    vertex 52.9011304345474 72.0181640390727 -39.5000000000266
    vertex 50.124872853316 71.5598020573386 -34.5000000000253
    vertex 52.9011304345473 72.0181640390735 -34.5000000000252
  endloop
endfacet
facet normal 0.881921264348366 0.471396736825977 -4.41870273414987e-014
  outer loop
    vertex 95.7528490627401 50.8860349999982 -39.5000000000198
    vertex 97.0792845859147 48.4044486794159 -34.5000000000178
    vertex 97.0792845859148 48.4044486794152 -39.5000000000193
  endloop
endfacet
facet normal 0.881921264348366 0.471396736825977 -4.41870273414987e-014
  outer loop
    vertex 97.0792845859147 48.4044486794159 -34.5000000000178
    vertex 95.7528490627401 50.8860349999982 -39.5000000000198
    vertex 95.75284906274 50.8860349999989 -34.5000000000183
  endloop
endfacet
facet normal 0.0327190828218003 0.999464587476365 -1.70475351071665e-013
  outer loop
    vertex 58.5137567000095 72.3860349999996 -34.5000000000247
    vertex 61.3260912569058 72.2939686992586 -39.5000000000259
    vertex 58.5137567000097 72.3860349999987 -39.5000000000262
  endloop
endfacet
facet normal 0.0327190828218003 0.999464587476365 -1.70475351071665e-013
  outer loop
    vertex 61.3260912569058 72.2939686992586 -39.5000000000259
    vertex 58.5137567000095 72.3860349999996 -34.5000000000247
    vertex 61.3260912569056 72.2939686992595 -34.5000000000245
  endloop
endfacet
facet normal -0.0980171403295471 0.995184726672198 -1.73279502870351e-013
  outer loop
    vertex 52.9011304345473 72.0181640390735 -34.5000000000252
    vertex 55.7014221431135 72.2939686992587 -39.5000000000264
    vertex 52.9011304345474 72.0181640390727 -39.5000000000266
  endloop
endfacet
facet normal -0.0980171403295471 0.995184726672198 -1.73279502870351e-013
  outer loop
    vertex 55.7014221431135 72.2939686992587 -39.5000000000264
    vertex 52.9011304345473 72.0181640390735 -34.5000000000252
    vertex 55.7014221431134 72.2939686992596 -34.500000000025
  endloop
endfacet
facet normal -0.528067850650361 0.849202181526583 -1.36905252504886e-013
  outer loop
    vertex 34.6242366801667 65.1392283290088 -39.5000000000272
    vertex 37.0137567000094 66.6251273627309 -34.5000000000257
    vertex 37.0137567000095 66.6251273627301 -39.5000000000272
  endloop
endfacet
facet normal -0.528067850650361 0.849202181526583 -1.36905252504886e-013
  outer loop
    vertex 37.0137567000094 66.6251273627309 -34.5000000000257
    vertex 34.6242366801667 65.1392283290088 -39.5000000000272
    vertex 34.6242366801665 65.1392283290095 -34.5000000000257
  endloop
endfacet
facet normal -0.582477696867785 0.812846684591628 -1.33126649659264e-013
  outer loop
    vertex 32.3370152526346 63.5002286325225 -39.5000000000272
    vertex 34.6242366801665 65.1392283290095 -34.5000000000257
    vertex 34.6242366801667 65.1392283290088 -39.5000000000272
  endloop
endfacet
facet normal -0.582477696867785 0.812846684591628 -1.33126649659264e-013
  outer loop
    vertex 34.6242366801665 65.1392283290095 -34.5000000000257
    vertex 32.3370152526346 63.5002286325225 -39.5000000000272
    vertex 32.3370152526344 63.5002286325232 -34.5000000000257
  endloop
endfacet
facet normal -0.634393284163627 0.773010453362752 -1.28798265679256e-013
  outer loop
    vertex 30.1618866507065 61.7151467215954 -39.5000000000271
    vertex 32.3370152526344 63.5002286325232 -34.5000000000257
    vertex 32.3370152526346 63.5002286325225 -39.5000000000272
  endloop
endfacet
facet normal -0.634393284163627 0.773010453362752 -1.28798265679256e-013
  outer loop
    vertex 32.3370152526344 63.5002286325232 -34.5000000000257
    vertex 30.1618866507065 61.7151467215954 -39.5000000000271
    vertex 30.1618866507064 61.7151467215962 -34.5000000000256
  endloop
endfacet
facet normal -0.683592302022857 0.729864072697849 -1.23873516500105e-013
  outer loop
    vertex 28.1081651089879 59.791626591021 -39.500000000027
    vertex 30.1618866507064 61.7151467215962 -34.5000000000256
    vertex 30.1618866507065 61.7151467215954 -39.5000000000271
  endloop
endfacet
facet normal -0.683592302022857 0.729864072697849 -1.23873516500105e-013
  outer loop
    vertex 30.1618866507064 61.7151467215962 -34.5000000000256
    vertex 28.1081651089879 59.791626591021 -39.500000000027
    vertex 28.1081651089878 59.7916265910217 -34.5000000000255
  endloop
endfacet
facet normal -0.412707029804361 0.910863824921191 -1.55014858717091e-013
  outer loop
    vertex 39.4953430205924 67.9515628859055 -34.5000000000257
    vertex 42.0583691083107 69.1128548979844 -39.5000000000271
    vertex 39.4953430205925 67.9515628859048 -39.5000000000272
  endloop
endfacet
facet normal -0.412707029804361 0.910863824921191 -1.55014858717091e-013
  outer loop
    vertex 42.0583691083107 69.1128548979844 -39.5000000000271
    vertex 39.4953430205924 67.9515628859055 -34.5000000000257
    vertex 42.0583691083106 69.1128548979852 -34.5000000000257
  endloop
endfacet
facet normal -0.729864072697818 0.683592302022891 -1.18467518562695e-013
  outer loop
    vertex 26.1846449784132 57.7379050493032 -34.5000000000254
    vertex 28.1081651089879 59.791626591021 -39.500000000027
    vertex 26.1846449784134 57.7379050493024 -39.5000000000268
  endloop
endfacet
facet normal -0.729864072697818 0.683592302022891 -1.18467518562695e-013
  outer loop
    vertex 28.1081651089879 59.791626591021 -39.500000000027
    vertex 26.1846449784132 57.7379050493032 -34.5000000000254
    vertex 28.1081651089878 59.7916265910217 -34.5000000000255
  endloop
endfacet
facet normal 0.849202181526586 0.528067850650358 -5.32519085078765e-014
  outer loop
    vertex 94.2669500290187 53.2755550198411 -39.5000000000203
    vertex 95.75284906274 50.8860349999989 -34.5000000000183
    vertex 95.7528490627401 50.8860349999982 -39.5000000000198
  endloop
endfacet
facet normal 0.849202181526586 0.528067850650358 -5.32519085078765e-014
  outer loop
    vertex 95.75284906274 50.8860349999989 -34.5000000000183
    vertex 94.2669500290187 53.2755550198411 -39.5000000000203
    vertex 94.2669500290186 53.2755550198418 -34.5000000000188
  endloop
endfacet
facet normal -0.471396736825977 0.881921264348366 -1.40100796291574e-013
  outer loop
    vertex 37.0137567000094 66.6251273627309 -34.5000000000257
    vertex 39.4953430205925 67.9515628859048 -39.5000000000272
    vertex 37.0137567000095 66.6251273627301 -39.5000000000272
  endloop
endfacet
facet normal -0.471396736825977 0.881921264348366 -1.40100796291574e-013
  outer loop
    vertex 39.4953430205925 67.9515628859048 -39.5000000000272
    vertex 37.0137567000094 66.6251273627309 -34.5000000000257
    vertex 39.4953430205924 67.9515628859055 -34.5000000000257
  endloop
endfacet
facet normal -0.773010453362729 0.634393284163655 -1.12508370272587e-013
  outer loop
    vertex 24.3995630674861 55.5627764473752 -34.5000000000252
    vertex 26.1846449784134 57.7379050493024 -39.5000000000268
    vertex 24.3995630674863 55.5627764473745 -39.5000000000267
  endloop
endfacet
facet normal -0.773010453362729 0.634393284163655 -1.12508370272587e-013
  outer loop
    vertex 26.1846449784134 57.7379050493024 -39.5000000000268
    vertex 24.3995630674861 55.5627764473752 -34.5000000000252
    vertex 26.1846449784132 57.7379050493032 -34.5000000000254
  endloop
endfacet
facet normal -0.812846684591601 0.582477696867822 -1.06117276959836e-013
  outer loop
    vertex 22.7605633709997 53.2755550198432 -34.500000000025
    vertex 24.3995630674863 55.5627764473745 -39.5000000000267
    vertex 22.7605633709999 53.2755550198425 -39.5000000000265
  endloop
endfacet
facet normal -0.812846684591601 0.582477696867822 -1.06117276959836e-013
  outer loop
    vertex 24.3995630674863 55.5627764473745 -39.5000000000267
    vertex 22.7605633709997 53.2755550198432 -34.500000000025
    vertex 24.3995630674861 55.5627764473752 -34.5000000000252
  endloop
endfacet
facet normal 0.412707029804388 0.910863824921179 -1.32684167742207e-013
  outer loop
    vertex 74.9691442917083 69.1128548979846 -34.5000000000228
    vertex 77.5321703794266 67.9515628859041 -39.5000000000239
    vertex 74.9691442917084 69.1128548979838 -39.5000000000243
  endloop
endfacet
facet normal 0.412707029804388 0.910863824921179 -1.32684167742207e-013
  outer loop
    vertex 77.5321703794266 67.9515628859041 -39.5000000000239
    vertex 74.9691442917083 69.1128548979846 -34.5000000000228
    vertex 77.5321703794265 67.9515628859048 -34.5000000000224
  endloop
endfacet
facet normal 0.528067850650377 0.849202181526574 -1.08324439090843e-013
  outer loop
    vertex 80.0137567000094 66.6251273627301 -34.500000000022
    vertex 82.4032767198524 65.1392283290079 -39.5000000000231
    vertex 80.0137567000095 66.6251273627293 -39.5000000000235
  endloop
endfacet
facet normal 0.528067850650377 0.849202181526574 -1.08324439090843e-013
  outer loop
    vertex 82.4032767198524 65.1392283290079 -39.5000000000231
    vertex 80.0137567000094 66.6251273627301 -34.500000000022
    vertex 82.4032767198523 65.1392283290086 -34.5000000000216
  endloop
endfacet
facet normal 0.290284677254481 0.956940335732203 -1.5620657363436e-013
  outer loop
    vertex 69.6429756394179 70.9208455304293 -34.5000000000236
    vertex 72.3356537080456 70.104030568288 -39.5000000000247
    vertex 69.642975639418 70.9208455304285 -39.500000000025
  endloop
endfacet
facet normal 0.290284677254481 0.956940335732203 -1.5620657363436e-013
  outer loop
    vertex 72.3356537080456 70.104030568288 -39.5000000000247
    vertex 69.6429756394179 70.9208455304293 -34.5000000000236
    vertex 72.3356537080454 70.1040305682889 -34.5000000000232
  endloop
endfacet
facet normal 0.582477696867823 0.8128466845916 -1.01585460357153e-013
  outer loop
    vertex 82.4032767198523 65.1392283290086 -34.5000000000216
    vertex 84.6904981473844 63.5002286325215 -39.5000000000226
    vertex 82.4032767198524 65.1392283290079 -39.5000000000231
  endloop
endfacet
facet normal 0.582477696867823 0.8128466845916 -1.01585460357153e-013
  outer loop
    vertex 84.6904981473844 63.5002286325215 -39.5000000000226
    vertex 82.4032767198523 65.1392283290086 -34.5000000000216
    vertex 84.6904981473843 63.5002286325222 -34.5000000000211
  endloop
endfacet
facet normal 0.812846684591627 0.582477696867786 -6.20697841178508e-014
  outer loop
    vertex 92.6279503325324 55.5627764473732 -39.5000000000207
    vertex 94.2669500290186 53.2755550198418 -34.5000000000188
    vertex 94.2669500290187 53.2755550198411 -39.5000000000203
  endloop
endfacet
facet normal 0.812846684591627 0.582477696867786 -6.20697841178508e-014
  outer loop
    vertex 94.2669500290186 53.2755550198418 -34.5000000000188
    vertex 92.6279503325324 55.5627764473732 -39.5000000000207
    vertex 92.6279503325323 55.5627764473739 -34.5000000000193
  endloop
endfacet
facet normal 0.352250047921254 0.935905926757318 -1.50936470208251e-013
  outer loop
    vertex 72.3356537080454 70.1040305682889 -34.5000000000232
    vertex 74.9691442917084 69.1128548979838 -39.5000000000243
    vertex 72.3356537080456 70.104030568288 -39.5000000000247
  endloop
endfacet
facet normal 0.352250047921254 0.935905926757318 -1.50936470208251e-013
  outer loop
    vertex 74.9691442917084 69.1128548979838 -39.5000000000243
    vertex 72.3356537080454 70.1040305682889 -34.5000000000232
    vertex 74.9691442917083 69.1128548979846 -34.5000000000228
  endloop
endfacet
facet normal 0.634393284163659 0.773010453362726 -9.44215653479508e-014
  outer loop
    vertex 84.6904981473843 63.5002286325222 -34.5000000000211
    vertex 86.8656267493124 61.7151467215944 -39.5000000000222
    vertex 84.6904981473844 63.5002286325215 -39.5000000000226
  endloop
endfacet
facet normal 0.634393284163659 0.773010453362726 -9.44215653479508e-014
  outer loop
    vertex 86.8656267493124 61.7151467215944 -39.5000000000222
    vertex 84.6904981473843 63.5002286325222 -34.5000000000211
    vertex 86.8656267493123 61.7151467215951 -34.5000000000207
  endloop
endfacet
facet normal 0.471396736826015 0.881921264348346 -1.14578800622789e-013
  outer loop
    vertex 77.5321703794265 67.9515628859048 -34.5000000000224
    vertex 80.0137567000095 66.6251273627293 -39.5000000000235
    vertex 77.5321703794266 67.9515628859041 -39.5000000000239
  endloop
endfacet
facet normal 0.471396736826015 0.881921264348346 -1.14578800622789e-013
  outer loop
    vertex 80.0137567000095 66.6251273627293 -39.5000000000235
    vertex 77.5321703794265 67.9515628859048 -34.5000000000224
    vertex 80.0137567000094 66.6251273627301 -34.500000000022
  endloop
endfacet
facet normal 0.683592302022888 0.72986407269782 -8.68643122313085e-014
  outer loop
    vertex 86.8656267493123 61.7151467215951 -34.5000000000207
    vertex 88.9193482910309 59.7916265910198 -39.5000000000217
    vertex 86.8656267493124 61.7151467215944 -39.5000000000222
  endloop
endfacet
facet normal 0.683592302022888 0.72986407269782 -8.68643122313085e-014
  outer loop
    vertex 88.9193482910309 59.7916265910198 -39.5000000000217
    vertex 86.8656267493123 61.7151467215951 -34.5000000000207
    vertex 88.9193482910308 59.7916265910206 -34.5000000000202
  endloop
endfacet
facet normal 0.227076263034387 0.97387697927733 -1.60821398365568e-013
  outer loop
    vertex 66.902640546703 71.5598020573383 -34.5000000000239
    vertex 69.642975639418 70.9208455304285 -39.500000000025
    vertex 66.9026405467032 71.5598020573375 -39.5000000000254
  endloop
endfacet
facet normal 0.227076263034387 0.97387697927733 -1.60821398365568e-013
  outer loop
    vertex 69.642975639418 70.9208455304285 -39.500000000025
    vertex 66.902640546703 71.5598020573383 -34.5000000000239
    vertex 69.6429756394179 70.9208455304293 -34.5000000000236
  endloop
endfacet
facet normal 0.162895473394613 0.986643332084875 -1.64758394467702e-013
  outer loop
    vertex 64.1263829654717 72.0181640390733 -34.5000000000242
    vertex 66.9026405467032 71.5598020573375 -39.5000000000254
    vertex 64.1263829654719 72.0181640390725 -39.5000000000257
  endloop
endfacet
facet normal 0.162895473394613 0.986643332084875 -1.64758394467702e-013
  outer loop
    vertex 66.9026405467032 71.5598020573375 -39.5000000000254
    vertex 64.1263829654717 72.0181640390733 -34.5000000000242
    vertex 66.902640546703 71.5598020573383 -34.5000000000239
  endloop
endfacet
facet normal -0.973876979277337 -0.227076263034359 6.4260194556623e-015
  outer loop
    vertex 16.9789461695785 18.256816060592 -34.5000000000203
    vertex 16.3399896426697 20.9971511533062 -39.5000000000222
    vertex 16.9789461695787 18.2568160605913 -39.5000000000218
  endloop
endfacet
facet normal -0.973876979277337 -0.227076263034359 6.4260194556623e-015
  outer loop
    vertex 16.3399896426697 20.9971511533062 -39.5000000000222
    vertex 16.9789461695785 18.256816060592 -34.5000000000203
    vertex 16.3399896426696 20.9971511533069 -34.5000000000208
  endloop
endfacet
facet normal -0.910863824921163 0.412707029804423 -8.42447342436937e-014
  outer loop
    vertex 18.7869368020237 45.8414225916992 -34.5000000000242
    vertex 19.9482288141037 48.4044486794167 -39.500000000026
    vertex 18.7869368020238 45.8414225916985 -39.5000000000257
  endloop
endfacet
facet normal -0.910863824921163 0.412707029804423 -8.42447342436937e-014
  outer loop
    vertex 19.9482288141037 48.4044486794167 -39.500000000026
    vertex 18.7869368020237 45.8414225916992 -34.5000000000242
    vertex 19.9482288141035 48.4044486794174 -34.5000000000245
  endloop
endfacet
facet normal -0.849202181526573 0.528067850650378 -9.92348014195904e-014
  outer loop
    vertex 21.2746643372783 50.8860350000003 -34.5000000000248
    vertex 22.7605633709999 53.2755550198425 -39.5000000000265
    vertex 21.2746643372784 50.8860349999996 -39.5000000000262
  endloop
endfacet
facet normal -0.849202181526573 0.528067850650378 -9.92348014195904e-014
  outer loop
    vertex 22.7605633709999 53.2755550198425 -39.5000000000265
    vertex 21.2746643372783 50.8860350000003 -34.5000000000248
    vertex 22.7605633709997 53.2755550198432 -34.500000000025
  endloop
endfacet
facet normal -0.227076263034398 -0.973876979277328 1.38308049670726e-013
  outer loop
    vertex 50.1248728533144 -12.7877320573399 -39.5000000000143
    vertex 47.3845377605995 -12.1487755304301 -34.5000000000131
    vertex 47.3845377605996 -12.1487755304309 -39.5000000000146
  endloop
endfacet
facet normal -0.227076263034398 -0.973876979277328 1.38308049670726e-013
  outer loop
    vertex 47.3845377605995 -12.1487755304301 -34.5000000000131
    vertex 50.1248728533144 -12.7877320573399 -39.5000000000143
    vertex 50.1248728533143 -12.7877320573392 -34.5000000000128
  endloop
endfacet
facet normal -0.162895473394607 -0.986643332084876 1.41942329708689e-013
  outer loop
    vertex 52.9011304345457 -13.2460940390749 -39.500000000014
    vertex 50.1248728533143 -12.7877320573392 -34.5000000000128
    vertex 50.1248728533144 -12.7877320573399 -39.5000000000143
  endloop
endfacet
facet normal -0.162895473394607 -0.986643332084876 1.41942329708689e-013
  outer loop
    vertex 50.1248728533143 -12.7877320573392 -34.5000000000128
    vertex 52.9011304345457 -13.2460940390749 -39.500000000014
    vertex 52.9011304345456 -13.2460940390742 -34.5000000000125
  endloop
endfacet
facet normal -0.849202181526593 -0.528067850650346 6.04030074565636e-014
  outer loop
    vertex 22.7605633709987 5.49651498015744 -34.5000000000179
    vertex 21.2746643372775 7.88603499999957 -39.5000000000199
    vertex 22.7605633709989 5.49651498015665 -39.5000000000194
  endloop
endfacet
facet normal -0.849202181526593 -0.528067850650346 6.04030074565636e-014
  outer loop
    vertex 21.2746643372775 7.88603499999957 -39.5000000000199
    vertex 22.7605633709987 5.49651498015744 -34.5000000000179
    vertex 21.2746643372774 7.88603500000036 -34.5000000000184
  endloop
endfacet
facet normal -0.973876979277329 0.227076263034392 -5.91454119257501e-014
  outer loop
    vertex 16.33998964267 37.7749188466939 -34.5000000000232
    vertex 16.9789461695791 40.5152539394081 -39.5000000000251
    vertex 16.3399896426701 37.7749188466932 -39.5000000000247
  endloop
endfacet
facet normal -0.973876979277329 0.227076263034392 -5.91454119257501e-014
  outer loop
    vertex 16.9789461695791 40.5152539394081 -39.5000000000251
    vertex 16.33998964267 37.7749188466939 -34.5000000000232
    vertex 16.978946169579 40.5152539394088 -34.5000000000236
  endloop
endfacet
facet normal -0.956940335732203 0.290284677254482 -6.78198871585075e-014
  outer loop
    vertex 16.978946169579 40.5152539394088 -34.5000000000236
    vertex 17.7957611317196 43.2079320080356 -39.5000000000254
    vertex 16.9789461695791 40.5152539394081 -39.5000000000251
  endloop
endfacet
facet normal -0.956940335732203 0.290284677254482 -6.78198871585075e-014
  outer loop
    vertex 17.7957611317196 43.2079320080356 -39.5000000000254
    vertex 16.978946169579 40.5152539394088 -34.5000000000236
    vertex 17.7957611317194 43.2079320080363 -34.5000000000239
  endloop
endfacet
facet normal -0.986643332084884 -0.162895473394559 -3.19421784411934e-015
  outer loop
    vertex 16.3399896426696 20.9971511533069 -34.5000000000208
    vertex 15.8816276609349 23.7734087345375 -39.5000000000227
    vertex 16.3399896426697 20.9971511533062 -39.5000000000222
  endloop
endfacet
facet normal -0.986643332084884 -0.162895473394559 -3.19421784411934e-015
  outer loop
    vertex 15.8816276609349 23.7734087345375 -39.5000000000227
    vertex 16.3399896426696 20.9971511533069 -34.5000000000208
    vertex 15.8816276609347 23.7734087345382 -34.5000000000212
  endloop
endfacet
facet normal -0.935905926757318 0.352250047921253 -7.61940501126104e-014
  outer loop
    vertex 17.7957611317194 43.2079320080363 -34.5000000000239
    vertex 18.7869368020238 45.8414225916985 -39.5000000000257
    vertex 17.7957611317196 43.2079320080356 -39.5000000000254
  endloop
endfacet
facet normal -0.935905926757318 0.352250047921253 -7.61940501126104e-014
  outer loop
    vertex 18.7869368020238 45.8414225916985 -39.5000000000257
    vertex 17.7957611317194 43.2079320080363 -34.5000000000239
    vertex 18.7869368020237 45.8414225916992 -34.5000000000242
  endloop
endfacet
facet normal -0.683592302022889 -0.729864072697819 9.67563056419222e-014
  outer loop
    vertex 30.1618866507052 -2.94307672159665 -39.5000000000175
    vertex 28.1081651089866 -1.01955659102133 -34.5000000000165
    vertex 28.1081651089867 -1.01955659102212 -39.5000000000179
  endloop
endfacet
facet normal -0.683592302022889 -0.729864072697819 9.67563056419222e-014
  outer loop
    vertex 28.1081651089866 -1.01955659102133 -34.5000000000165
    vertex 30.1618866507052 -2.94307672159665 -39.5000000000175
    vertex 30.1618866507051 -2.94307672159586 -34.500000000016
  endloop
endfacet
facet normal -0.999464587476366 -0.032719082821768 -2.23327924527409e-014
  outer loop
    vertex 15.6058230007487 26.5737004431043 -34.5000000000217
    vertex 15.5137567000088 29.3860349999997 -39.5000000000235
    vertex 15.6058230007489 26.5737004431036 -39.5000000000231
  endloop
endfacet
facet normal -0.999464587476366 -0.032719082821768 -2.23327924527409e-014
  outer loop
    vertex 15.5137567000088 29.3860349999997 -39.5000000000235
    vertex 15.6058230007487 26.5737004431043 -34.5000000000217
    vertex 15.5137567000087 29.3860350000005 -34.5000000000221
  endloop
endfacet
facet normal -0.582477696867823 -0.8128466845916 1.12593036494328e-013
  outer loop
    vertex 34.6242366801652 -6.36715832901016 -39.5000000000166
    vertex 32.337015252633 -4.72815863252299 -34.5000000000156
    vertex 32.3370152526332 -4.72815863252378 -39.500000000017
  endloop
endfacet
facet normal -0.582477696867823 -0.8128466845916 1.12593036494328e-013
  outer loop
    vertex 32.337015252633 -4.72815863252299 -34.5000000000156
    vertex 34.6242366801652 -6.36715832901016 -39.5000000000166
    vertex 34.624236680165 -6.36715832900937 -34.5000000000151
  endloop
endfacet
facet normal -0.881921264348346 0.471396736826014 -9.19367364191002e-014
  outer loop
    vertex 19.9482288141035 48.4044486794174 -34.5000000000245
    vertex 21.2746643372784 50.8860349999996 -39.5000000000262
    vertex 19.9482288141037 48.4044486794167 -39.500000000026
  endloop
endfacet
facet normal -0.881921264348346 0.471396736826014 -9.19367364191002e-014
  outer loop
    vertex 21.2746643372784 50.8860349999996 -39.5000000000262
    vertex 19.9482288141035 48.4044486794174 -34.5000000000245
    vertex 21.2746643372783 50.8860350000003 -34.5000000000248
  endloop
endfacet
facet normal -0.986643332084879 0.162895473394591 -5.02275499898842e-014
  outer loop
    vertex 15.881627660935 34.9986612654627 -34.5000000000229
    vertex 16.3399896426701 37.7749188466932 -39.5000000000247
    vertex 15.8816276609352 34.9986612654619 -39.5000000000244
  endloop
endfacet
facet normal -0.986643332084879 0.162895473394591 -5.02275499898842e-014
  outer loop
    vertex 16.3399896426701 37.7749188466932 -39.5000000000247
    vertex 15.881627660935 34.9986612654627 -34.5000000000229
    vertex 16.33998964267 37.7749188466939 -34.5000000000232
  endloop
endfacet
facet normal -0.995184726672194 0.0980171403295955 -4.10936689781096e-014
  outer loop
    vertex 15.6058230007488 32.1983695568966 -34.5000000000225
    vertex 15.8816276609352 34.9986612654619 -39.5000000000244
    vertex 15.605823000749 32.1983695568959 -39.500000000024
  endloop
endfacet
facet normal -0.995184726672194 0.0980171403295955 -4.10936689781096e-014
  outer loop
    vertex 15.8816276609352 34.9986612654619 -39.5000000000244
    vertex 15.6058230007488 32.1983695568966 -34.5000000000225
    vertex 15.881627660935 34.9986612654627 -34.5000000000229
  endloop
endfacet
facet normal -0.999464587476365 0.0327190828218 -3.17820648755799e-014
  outer loop
    vertex 15.5137567000087 29.3860350000005 -34.5000000000221
    vertex 15.605823000749 32.1983695568959 -39.500000000024
    vertex 15.5137567000088 29.3860349999997 -39.5000000000235
  endloop
endfacet
facet normal -0.999464587476365 0.0327190828218 -3.17820648755799e-014
  outer loop
    vertex 15.605823000749 32.1983695568959 -39.500000000024
    vertex 15.5137567000087 29.3860350000005 -34.5000000000221
    vertex 15.6058230007488 32.1983695568966 -34.5000000000225
  endloop
endfacet
facet normal -0.910863824921184 -0.412707029804376 4.05327134905205e-014
  outer loop
    vertex 19.9482288141027 10.3676213205833 -34.5000000000189
    vertex 18.7869368020232 12.9306474083008 -39.5000000000208
    vertex 19.9482288141028 10.3676213205825 -39.5000000000203
  endloop
endfacet
facet normal -0.910863824921184 -0.412707029804376 4.05327134905205e-014
  outer loop
    vertex 18.7869368020232 12.9306474083008 -39.5000000000208
    vertex 19.9482288141027 10.3676213205833 -34.5000000000189
    vertex 18.786936802023 12.9306474083015 -34.5000000000193
  endloop
endfacet
facet normal -0.881921264348364 -0.471396736825981 5.056013412385e-014
  outer loop
    vertex 21.2746643372774 7.88603500000036 -34.5000000000184
    vertex 19.9482288141028 10.3676213205825 -39.5000000000203
    vertex 21.2746643372775 7.88603499999957 -39.5000000000199
  endloop
endfacet
facet normal -0.881921264348364 -0.471396736825981 5.056013412385e-014
  outer loop
    vertex 19.9482288141028 10.3676213205825 -39.5000000000203
    vertex 21.2746643372774 7.88603500000036 -34.5000000000184
    vertex 19.9482288141027 10.3676213205833 -34.5000000000189
  endloop
endfacet
facet normal -0.9951847266722 -0.0980171403295312 -1.27914543709873e-014
  outer loop
    vertex 15.8816276609347 23.7734087345382 -34.5000000000212
    vertex 15.6058230007489 26.5737004431036 -39.5000000000231
    vertex 15.8816276609349 23.7734087345375 -39.5000000000227
  endloop
endfacet
facet normal -0.9951847266722 -0.0980171403295312 -1.27914543709873e-014
  outer loop
    vertex 15.6058230007489 26.5737004431036 -39.5000000000231
    vertex 15.8816276609347 23.7734087345382 -34.5000000000212
    vertex 15.6058230007487 26.5737004431043 -34.5000000000217
  endloop
endfacet
facet normal -0.773010453362749 -0.634393284163631 7.92345000129685e-014
  outer loop
    vertex 26.1846449784121 1.03416495069729 -34.5000000000169
    vertex 24.3995630674852 3.20929355262452 -39.5000000000189
    vertex 26.1846449784122 1.0341649506965 -39.5000000000184
  endloop
endfacet
facet normal -0.773010453362749 -0.634393284163631 7.92345000129685e-014
  outer loop
    vertex 24.3995630674852 3.20929355262452 -39.5000000000189
    vertex 26.1846449784121 1.03416495069729 -34.5000000000169
    vertex 24.399563067485 3.20929355262531 -34.5000000000174
  endloop
endfacet
facet normal -0.729864072697847 -0.683592302022859 8.82168224290182e-014
  outer loop
    vertex 28.1081651089866 -1.01955659102133 -34.5000000000165
    vertex 26.1846449784122 1.0341649506965 -39.5000000000184
    vertex 28.1081651089867 -1.01955659102212 -39.5000000000179
  endloop
endfacet
facet normal -0.729864072697847 -0.683592302022859 8.82168224290182e-014
  outer loop
    vertex 26.1846449784122 1.0341649506965 -39.5000000000184
    vertex 28.1081651089866 -1.01955659102133 -34.5000000000165
    vertex 26.1846449784121 1.03416495069729 -34.5000000000169
  endloop
endfacet
facet normal -0.471396736826019 -0.881921264348344 1.18053123425562e-013
  outer loop
    vertex 39.495343020591 -9.17949288590637 -39.5000000000157
    vertex 37.013756700008 -7.85305736273084 -34.5000000000147
    vertex 37.0137567000081 -7.85305736273158 -39.5000000000162
  endloop
endfacet
facet normal -0.471396736826019 -0.881921264348344 1.18053123425562e-013
  outer loop
    vertex 37.013756700008 -7.85305736273084 -34.5000000000147
    vertex 39.495343020591 -9.17949288590637 -39.5000000000157
    vertex 39.4953430205909 -9.17949288590563 -34.5000000000143
  endloop
endfacet
facet normal -0.412707029804411 -0.910863824921168 1.2395797285531e-013
  outer loop
    vertex 42.0583691083092 -10.3407848979862 -39.5000000000153
    vertex 39.4953430205909 -9.17949288590563 -34.5000000000143
    vertex 39.495343020591 -9.17949288590637 -39.5000000000157
  endloop
endfacet
facet normal -0.412707029804411 -0.910863824921168 1.2395797285531e-013
  outer loop
    vertex 39.4953430205909 -9.17949288590563 -34.5000000000143
    vertex 42.0583691083092 -10.3407848979862 -39.5000000000153
    vertex 42.058369108309 -10.3407848979854 -34.5000000000139
  endloop
endfacet
facet normal -0.352250047921255 -0.935905926757318 1.29286194171426e-013
  outer loop
    vertex 44.6918596919721 -11.3319605682904 -39.500000000015
    vertex 42.058369108309 -10.3407848979854 -34.5000000000139
    vertex 42.0583691083092 -10.3407848979862 -39.5000000000153
  endloop
endfacet
facet normal -0.352250047921255 -0.935905926757318 1.29286194171426e-013
  outer loop
    vertex 42.058369108309 -10.3407848979854 -34.5000000000139
    vertex 44.6918596919721 -11.3319605682904 -39.500000000015
    vertex 44.6918596919719 -11.3319605682897 -34.5000000000135
  endloop
endfacet
facet normal -0.956940335732214 -0.290284677254447 1.79709467241456e-014
  outer loop
    vertex 17.7957611317189 15.5641379919645 -34.5000000000198
    vertex 16.9789461695787 18.2568160605913 -39.5000000000218
    vertex 17.795761131719 15.5641379919637 -39.5000000000213
  endloop
endfacet
facet normal -0.956940335732214 -0.290284677254447 1.79709467241456e-014
  outer loop
    vertex 16.9789461695787 18.2568160605913 -39.5000000000218
    vertex 17.7957611317189 15.5641379919645 -34.5000000000198
    vertex 16.9789461695785 18.256816060592 -34.5000000000203
  endloop
endfacet
facet normal -0.935905926757336 -0.352250047921207 3.02866355141623e-014
  outer loop
    vertex 18.786936802023 12.9306474083015 -34.5000000000193
    vertex 17.795761131719 15.5641379919637 -39.5000000000213
    vertex 18.7869368020232 12.9306474083008 -39.5000000000208
  endloop
endfacet
facet normal -0.935905926757336 -0.352250047921207 3.02866355141623e-014
  outer loop
    vertex 17.795761131719 15.5641379919637 -39.5000000000213
    vertex 18.786936802023 12.9306474083015 -34.5000000000193
    vertex 17.7957611317189 15.5641379919645 -34.5000000000198
  endloop
endfacet
facet normal -0.812846684591625 -0.582477696867788 6.99707395082086e-014
  outer loop
    vertex 24.399563067485 3.20929355262531 -34.5000000000174
    vertex 22.7605633709989 5.49651498015665 -39.5000000000194
    vertex 24.3995630674852 3.20929355262452 -39.5000000000189
  endloop
endfacet
facet normal -0.812846684591625 -0.582477696867788 6.99707395082086e-014
  outer loop
    vertex 22.7605633709989 5.49651498015665 -39.5000000000194
    vertex 24.399563067485 3.20929355262531 -34.5000000000174
    vertex 22.7605633709987 5.49651498015744 -34.5000000000179
  endloop
endfacet
facet normal -0.290284677254479 -0.956940335732204 1.34085421162585e-013
  outer loop
    vertex 47.3845377605996 -12.1487755304309 -39.5000000000146
    vertex 44.6918596919719 -11.3319605682897 -34.5000000000135
    vertex 44.6918596919721 -11.3319605682904 -39.500000000015
  endloop
endfacet
facet normal -0.290284677254479 -0.956940335732204 1.34085421162585e-013
  outer loop
    vertex 44.6918596919719 -11.3319605682897 -34.5000000000135
    vertex 47.3845377605996 -12.1487755304309 -39.5000000000146
    vertex 47.3845377605995 -12.1487755304301 -34.5000000000131
  endloop
endfacet
facet normal -0.634393284163662 -0.773010453362724 1.04887051443352e-013
  outer loop
    vertex 32.3370152526332 -4.72815863252378 -39.500000000017
    vertex 30.1618866507051 -2.94307672159586 -34.500000000016
    vertex 30.1618866507052 -2.94307672159665 -39.5000000000175
  endloop
endfacet
facet normal -0.634393284163662 -0.773010453362724 1.04887051443352e-013
  outer loop
    vertex 30.1618866507051 -2.94307672159586 -34.500000000016
    vertex 32.3370152526332 -4.72815863252378 -39.500000000017
    vertex 32.337015252633 -4.72815863252299 -34.5000000000156
  endloop
endfacet
facet normal -0.528067850650373 -0.849202181526576 1.15738320215156e-013
  outer loop
    vertex 37.0137567000081 -7.85305736273158 -39.5000000000162
    vertex 34.624236680165 -6.36715832900937 -34.5000000000151
    vertex 34.6242366801652 -6.36715832901016 -39.5000000000166
  endloop
endfacet
facet normal -0.528067850650373 -0.849202181526576 1.15738320215156e-013
  outer loop
    vertex 34.624236680165 -6.36715832900937 -34.5000000000151
    vertex 37.0137567000081 -7.85305736273158 -39.5000000000162
    vertex 37.013756700008 -7.85305736273084 -34.5000000000147
  endloop
endfacet
facet normal -0.0980171403295834 -0.995184726672195 1.44962362458669e-013
  outer loop
    vertex 55.7014221431118 -13.5218986992611 -39.5000000000137
    vertex 52.9011304345456 -13.2460940390742 -34.5000000000125
    vertex 52.9011304345457 -13.2460940390749 -39.500000000014
  endloop
endfacet
facet normal -0.0980171403295834 -0.995184726672195 1.44962362458669e-013
  outer loop
    vertex 52.9011304345456 -13.2460940390742 -34.5000000000125
    vertex 55.7014221431118 -13.5218986992611 -39.5000000000137
    vertex 55.7014221431116 -13.5218986992603 -34.5000000000122
  endloop
endfacet
facet normal -0.0327190828217968 -0.999464587476365 1.47365592028687e-013
  outer loop
    vertex 58.5137567000079 -13.6139650000012 -39.5000000000134
    vertex 55.7014221431116 -13.5218986992603 -34.5000000000122
    vertex 55.7014221431118 -13.5218986992611 -39.5000000000137
  endloop
endfacet
facet normal -0.0327190828217968 -0.999464587476365 1.47365592028687e-013
  outer loop
    vertex 55.7014221431116 -13.5218986992603 -34.5000000000122
    vertex 58.5137567000079 -13.6139650000012 -39.5000000000134
    vertex 58.5137567000078 -13.6139650000004 -34.500000000012
  endloop
endfacet
facet normal 8.67648920311465e-014 -1.48477336184166e-013 -1.0
  outer loop
    vertex 55.7014221431135 72.2939686992587 -39.5000000000264
    vertex 55.3381867000089 66.4580349999996 -39.5000000000179
    vertex 52.9011304345474 72.0181640390727 -39.5000000000266
  endloop
endfacet
facet normal 8.67648920311465e-014 -1.48477336184166e-013 -1.0
  outer loop
    vertex 55.3381867000089 66.4580349999996 -39.5000000000179
    vertex 55.7014221431135 72.2939686992587 -39.5000000000264
    vertex 56.9258997000089 69.2080349999996 -39.5000000000175
  endloop
endfacet
facet normal 8.67648920311465e-014 -1.48477336184166e-013 -1.0
  outer loop
    vertex 56.9258997000089 69.2080349999996 -39.5000000000175
    vertex 55.7014221431135 72.2939686992587 -39.5000000000264
    vertex 58.5137567000097 72.3860349999987 -39.5000000000262
  endloop
endfacet
facet normal 8.67648920311465e-014 -1.48477336184166e-013 -1.0
  outer loop
    vertex 56.9258997000089 69.2080349999996 -39.5000000000175
    vertex 58.5137567000097 72.3860349999987 -39.5000000000262
    vertex 60.1013257000089 69.2080349999996 -39.5000000000169
  endloop
endfacet
facet normal 8.67648920311465e-014 -1.48477336184166e-013 -1.0
  outer loop
    vertex 60.1013257000089 69.2080349999996 -39.5000000000169
    vertex 58.5137567000097 72.3860349999987 -39.5000000000262
    vertex 61.3260912569058 72.2939686992586 -39.5000000000259
  endloop
endfacet
facet normal 8.67648920311465e-014 -1.48477336184166e-013 -1.0
  outer loop
    vertex 60.1013257000089 69.2080349999996 -39.5000000000169
    vertex 61.3260912569058 72.2939686992586 -39.5000000000259
    vertex 61.6890387000089 66.4580349999996 -39.5000000000165
  endloop
endfacet
facet normal 8.67648920311465e-014 -1.48477336184166e-013 -1.0
  outer loop
    vertex 61.6890387000089 66.4580349999996 -39.5000000000165
    vertex 61.3260912569058 72.2939686992586 -39.5000000000259
    vertex 64.1263829654719 72.0181640390725 -39.5000000000257
  endloop
endfacet
facet normal 8.67648920311465e-014 -1.48477336184166e-013 -1.0
  outer loop
    vertex 92.6279503325324 55.5627764473732 -39.5000000000207
    vertex 92.4093267000089 29.3870349999995 -39.5000000000076
    vertex 90.8428684216054 57.7379050493012 -39.5000000000212
  endloop
endfacet
facet normal 8.67648920311465e-014 -1.48477336184166e-013 -1.0
  outer loop
    vertex 92.4093267000089 29.3870349999995 -39.5000000000076
    vertex 92.6279503325324 55.5627764473732 -39.5000000000207
    vertex 93.9970467000089 32.1370349999996 -39.5000000000072
  endloop
endfacet
facet normal 8.67648920311465e-014 -1.48477336184166e-013 -1.0
  outer loop
    vertex 93.9970467000089 32.1370349999996 -39.5000000000072
    vertex 92.6279503325324 55.5627764473732 -39.5000000000207
    vertex 94.2669500290187 53.2755550198411 -39.5000000000203
  endloop
endfacet
facet normal 8.67648920311465e-014 -1.48477336184166e-013 -1.0
  outer loop
    vertex 93.9970467000089 32.1370349999996 -39.5000000000072
    vertex 94.2669500290187 53.2755550198411 -39.5000000000203
    vertex 97.1724667000089 32.1370349999996 -39.5000000000066
  endloop
endfacet
facet normal 8.67648920311465e-014 -1.48477336184166e-013 -1.0
  outer loop
    vertex 97.1724667000089 32.1370349999996 -39.5000000000066
    vertex 94.2669500290187 53.2755550198411 -39.5000000000203
    vertex 95.7528490627401 50.8860349999982 -39.5000000000198
  endloop
endfacet
facet normal 8.67648920311465e-014 -1.48477336184166e-013 -1.0
  outer loop
    vertex 97.1724667000089 32.1370349999996 -39.5000000000066
    vertex 95.7528490627401 50.8860349999982 -39.5000000000198
    vertex 97.0792845859148 48.4044486794152 -39.5000000000193
  endloop
endfacet
facet normal 8.67648920311465e-014 -1.48477336184166e-013 -1.0
  outer loop
    vertex 97.1724667000089 32.1370349999996 -39.5000000000066
    vertex 97.0792845859148 48.4044486794152 -39.5000000000193
    vertex 98.2405765979945 45.8414225916969 -39.5000000000188
  endloop
endfacet
facet normal 8.67648920311465e-014 -1.48477336184166e-013 -1.0
  outer loop
    vertex 97.1724667000089 32.1370349999996 -39.5000000000066
    vertex 98.2405765979945 45.8414225916969 -39.5000000000188
    vertex 98.7601867000089 29.3870349999995 -39.5000000000062
  endloop
endfacet
facet normal 8.67648920311465e-014 -1.48477336184166e-013 -1.0
  outer loop
    vertex 98.7601867000089 29.3870349999995 -39.5000000000062
    vertex 98.2405765979945 45.8414225916969 -39.5000000000188
    vertex 99.2317522682987 43.207932008034 -39.5000000000183
  endloop
endfacet
facet normal 8.67648920311465e-014 -1.48477336184166e-013 -1.0
  outer loop
    vertex 98.7601867000089 29.3870349999995 -39.5000000000062
    vertex 99.2317522682987 43.207932008034 -39.5000000000183
    vertex 99.2317522682981 15.5641379919619 -39.5000000000142
  endloop
endfacet
facet normal 8.67648920311465e-014 -1.48477336184166e-013 -1.0
  outer loop
    vertex 99.2317522682981 15.5641379919619 -39.5000000000142
    vertex 99.2317522682987 43.207932008034 -39.5000000000183
    vertex 100.048567230439 18.2568160605895 -39.5000000000146
  endloop
endfacet
facet normal 8.67648920311465e-014 -1.48477336184166e-013 -1.0
  outer loop
    vertex 100.048567230439 18.2568160605895 -39.5000000000146
    vertex 99.2317522682987 43.207932008034 -39.5000000000183
    vertex 100.048567230439 40.5152539394064 -39.5000000000179
  endloop
endfacet
facet normal 8.67648920311465e-014 -1.48477336184166e-013 -1.0
  outer loop
    vertex 100.048567230439 18.2568160605895 -39.5000000000146
    vertex 100.048567230439 40.5152539394064 -39.5000000000179
    vertex 100.687523757348 20.9971511533044 -39.5000000000149
  endloop
endfacet
facet normal 8.67648920311465e-014 -1.48477336184166e-013 -1.0
  outer loop
    vertex 100.687523757348 20.9971511533044 -39.5000000000149
    vertex 100.048567230439 40.5152539394064 -39.5000000000179
    vertex 100.687523757348 37.7749188466915 -39.5000000000174
  endloop
endfacet
facet normal 8.67648920311465e-014 -1.48477336184166e-013 -1.0
  outer loop
    vertex 100.687523757348 20.9971511533044 -39.5000000000149
    vertex 100.687523757348 37.7749188466915 -39.5000000000174
    vertex 101.145885739083 23.7734087345357 -39.5000000000153
  endloop
endfacet
facet normal 8.67648920311465e-014 -1.48477336184166e-013 -1.0
  outer loop
    vertex 101.145885739083 23.7734087345357 -39.5000000000153
    vertex 100.687523757348 37.7749188466915 -39.5000000000174
    vertex 101.145885739083 34.9986612654602 -39.500000000017
  endloop
endfacet
facet normal 8.67648920311465e-014 -1.48477336184166e-013 -1.0
  outer loop
    vertex 101.145885739083 23.7734087345357 -39.5000000000153
    vertex 101.145885739083 34.9986612654602 -39.500000000017
    vertex 101.421690399269 26.5737004431018 -39.5000000000157
  endloop
endfacet
facet normal 8.67648920311465e-014 -1.48477336184166e-013 -1.0
  outer loop
    vertex 101.421690399269 26.5737004431018 -39.5000000000157
    vertex 101.145885739083 34.9986612654602 -39.500000000017
    vertex 101.421690399269 32.1983695568941 -39.5000000000165
  endloop
endfacet
facet normal 8.67648920311465e-014 -1.48477336184166e-013 -1.0
  outer loop
    vertex 101.421690399269 26.5737004431018 -39.5000000000157
    vertex 101.421690399269 32.1983695568941 -39.5000000000165
    vertex 101.513756700009 29.3860349999979 -39.5000000000161
  endloop
endfacet
facet normal 8.67648920311465e-014 -1.48477336184166e-013 -1.0
  outer loop
    vertex 39.4953430205925 67.9515628859048 -39.5000000000272
    vertex 38.0137567000089 50.0110349999995 -39.5000000000186
    vertex 37.0137567000095 66.6251273627301 -39.5000000000272
  endloop
endfacet
facet normal 8.67648920311465e-014 -1.48477336184166e-013 -1.0
  outer loop
    vertex 38.0137567000089 50.0110349999995 -39.5000000000186
    vertex 39.4953430205925 67.9515628859048 -39.5000000000272
    vertex 79.0137567000089 50.0110349999995 -39.5000000000188
  endloop
endfacet
facet normal 8.67648920311465e-014 -1.48477336184166e-013 -1.0
  outer loop
    vertex 79.0137567000089 50.0110349999995 -39.5000000000188
    vertex 39.4953430205925 67.9515628859048 -39.5000000000272
    vertex 42.0583691083107 69.1128548979844 -39.5000000000271
  endloop
endfacet
facet normal 8.67648920311465e-014 -1.48477336184166e-013 -1.0
  outer loop
    vertex 79.0137567000089 50.0110349999995 -39.5000000000188
    vertex 42.0583691083107 69.1128548979844 -39.5000000000271
    vertex 44.6918596919737 70.1040305682885 -39.5000000000271
  endloop
endfacet
facet normal 8.67648920311465e-014 -1.48477336184166e-013 -1.0
  outer loop
    vertex 79.0137567000089 50.0110349999995 -39.5000000000188
    vertex 44.6918596919737 70.1040305682885 -39.5000000000271
    vertex 56.9258997000089 63.7080349999996 -39.5000000000175
  endloop
endfacet
facet normal 8.67648920311465e-014 -1.48477336184166e-013 -1.0
  outer loop
    vertex 56.9258997000089 63.7080349999996 -39.5000000000175
    vertex 44.6918596919737 70.1040305682885 -39.5000000000271
    vertex 47.3845377606012 70.9208455304288 -39.500000000027
  endloop
endfacet
facet normal 8.67648920311465e-014 -1.48477336184166e-013 -1.0
  outer loop
    vertex 56.9258997000089 63.7080349999996 -39.5000000000175
    vertex 47.3845377606012 70.9208455304288 -39.500000000027
    vertex 50.1248728533161 71.5598020573378 -39.5000000000268
  endloop
endfacet
facet normal 8.67648920311465e-014 -1.48477336184166e-013 -1.0
  outer loop
    vertex 56.9258997000089 63.7080349999996 -39.5000000000175
    vertex 50.1248728533161 71.5598020573378 -39.5000000000268
    vertex 55.3381867000089 66.4580349999996 -39.5000000000179
  endloop
endfacet
facet normal 8.67648920311465e-014 -1.48477336184166e-013 -1.0
  outer loop
    vertex 55.3381867000089 66.4580349999996 -39.5000000000179
    vertex 50.1248728533161 71.5598020573378 -39.5000000000268
    vertex 52.9011304345474 72.0181640390727 -39.5000000000266
  endloop
endfacet
facet normal 8.67648920311465e-014 -1.48477336184166e-013 -1.0
  outer loop
    vertex 79.0137567000089 50.0110349999995 -39.5000000000188
    vertex 56.9258997000089 63.7080349999996 -39.5000000000175
    vertex 60.1013257000089 63.7080349999996 -39.5000000000169
  endloop
endfacet
facet normal 8.67648920311465e-014 -1.48477336184166e-013 -1.0
  outer loop
    vertex 79.0137567000089 50.0110349999995 -39.5000000000188
    vertex 60.1013257000089 63.7080349999996 -39.5000000000169
    vertex 61.6890387000089 66.4580349999996 -39.5000000000165
  endloop
endfacet
facet normal 8.67648920311465e-014 -1.48477336184166e-013 -1.0
  outer loop
    vertex 79.0137567000089 50.0110349999995 -39.5000000000188
    vertex 61.6890387000089 66.4580349999996 -39.5000000000165
    vertex 64.1263829654719 72.0181640390725 -39.5000000000257
  endloop
endfacet
facet normal 8.67648920311465e-014 -1.48477336184166e-013 -1.0
  outer loop
    vertex 79.0137567000089 50.0110349999995 -39.5000000000188
    vertex 64.1263829654719 72.0181640390725 -39.5000000000257
    vertex 66.9026405467032 71.5598020573375 -39.5000000000254
  endloop
endfacet
facet normal 8.67648920311465e-014 -1.48477336184166e-013 -1.0
  outer loop
    vertex 79.0137567000089 50.0110349999995 -39.5000000000188
    vertex 66.9026405467032 71.5598020573375 -39.5000000000254
    vertex 69.642975639418 70.9208455304285 -39.500000000025
  endloop
endfacet
facet normal 8.67648920311465e-014 -1.48477336184166e-013 -1.0
  outer loop
    vertex 79.0137567000089 50.0110349999995 -39.5000000000188
    vertex 69.642975639418 70.9208455304285 -39.500000000025
    vertex 72.3356537080456 70.104030568288 -39.5000000000247
  endloop
endfacet
facet normal 8.67648920311465e-014 -1.48477336184166e-013 -1.0
  outer loop
    vertex 79.0137567000089 50.0110349999995 -39.5000000000188
    vertex 72.3356537080456 70.104030568288 -39.5000000000247
    vertex 74.9691442917084 69.1128548979838 -39.5000000000243
  endloop
endfacet
facet normal 8.67648920311465e-014 -1.48477336184166e-013 -1.0
  outer loop
    vertex 79.0137567000089 50.0110349999995 -39.5000000000188
    vertex 74.9691442917084 69.1128548979838 -39.5000000000243
    vertex 77.5321703794266 67.9515628859041 -39.5000000000239
  endloop
endfacet
facet normal 8.67648920311465e-014 -1.48477336184166e-013 -1.0
  outer loop
    vertex 79.0137567000089 50.0110349999995 -39.5000000000188
    vertex 77.5321703794266 67.9515628859041 -39.5000000000239
    vertex 80.0137567000095 66.6251273627293 -39.5000000000235
  endloop
endfacet
facet normal 8.67648920311465e-014 -1.48477336184166e-013 -1.0
  outer loop
    vertex 79.0137567000089 50.0110349999995 -39.5000000000188
    vertex 80.0137567000095 66.6251273627293 -39.5000000000235
    vertex 79.013756700009 8.76103499999958 -39.5000000000191
  endloop
endfacet
facet normal 8.67648920311465e-014 -1.48477336184166e-013 -1.0
  outer loop
    vertex 79.013756700009 8.76103499999958 -39.5000000000191
    vertex 80.0137567000095 66.6251273627293 -39.5000000000235
    vertex 80.0137567000078 -7.85305736273262 -39.5000000000124
  endloop
endfacet
facet normal 8.67648920311465e-014 -1.48477336184166e-013 -1.0
  outer loop
    vertex 80.0137567000078 -7.85305736273262 -39.5000000000124
    vertex 80.0137567000095 66.6251273627293 -39.5000000000235
    vertex 82.4032767198508 -6.36715832901131 -39.5000000000124
  endloop
endfacet
facet normal 8.67648920311465e-014 -1.48477336184166e-013 -1.0
  outer loop
    vertex 82.4032767198508 -6.36715832901131 -39.5000000000124
    vertex 80.0137567000095 66.6251273627293 -39.5000000000235
    vertex 82.4032767198524 65.1392283290079 -39.5000000000231
  endloop
endfacet
facet normal 8.67648920311465e-014 -1.48477336184166e-013 -1.0
  outer loop
    vertex 82.4032767198508 -6.36715832901131 -39.5000000000124
    vertex 82.4032767198524 65.1392283290079 -39.5000000000231
    vertex 84.6904981473829 -4.72815863252503 -39.5000000000125
  endloop
endfacet
facet normal 8.67648920311465e-014 -1.48477336184166e-013 -1.0
  outer loop
    vertex 84.6904981473829 -4.72815863252503 -39.5000000000125
    vertex 82.4032767198524 65.1392283290079 -39.5000000000231
    vertex 84.6904981473844 63.5002286325215 -39.5000000000226
  endloop
endfacet
facet normal 8.67648920311465e-014 -1.48477336184166e-013 -1.0
  outer loop
    vertex 84.6904981473829 -4.72815863252503 -39.5000000000125
    vertex 84.6904981473844 63.5002286325215 -39.5000000000226
    vertex 86.8656267493109 -2.94307672159799 -39.5000000000126
  endloop
endfacet
facet normal 8.67648920311465e-014 -1.48477336184166e-013 -1.0
  outer loop
    vertex 86.8656267493109 -2.94307672159799 -39.5000000000126
    vertex 84.6904981473844 63.5002286325215 -39.5000000000226
    vertex 86.8656267493124 61.7151467215944 -39.5000000000222
  endloop
endfacet
facet normal 8.67648920311465e-014 -1.48477336184166e-013 -1.0
  outer loop
    vertex 86.8656267493109 -2.94307672159799 -39.5000000000126
    vertex 86.8656267493124 61.7151467215944 -39.5000000000222
    vertex 88.9193482910296 -1.01955659102355 -39.5000000000127
  endloop
endfacet
facet normal 8.67648920311465e-014 -1.48477336184166e-013 -1.0
  outer loop
    vertex 88.9193482910296 -1.01955659102355 -39.5000000000127
    vertex 86.8656267493124 61.7151467215944 -39.5000000000222
    vertex 88.9193482910309 59.7916265910198 -39.5000000000217
  endloop
endfacet
facet normal 8.67648920311465e-014 -1.48477336184166e-013 -1.0
  outer loop
    vertex 88.9193482910296 -1.01955659102355 -39.5000000000127
    vertex 88.9193482910309 59.7916265910198 -39.5000000000217
    vertex 90.8428684216042 1.03416495069499 -39.5000000000128
  endloop
endfacet
facet normal 8.67648920311465e-014 -1.48477336184166e-013 -1.0
  outer loop
    vertex 90.8428684216042 1.03416495069499 -39.5000000000128
    vertex 88.9193482910309 59.7916265910198 -39.5000000000217
    vertex 90.8428684216054 57.7379050493012 -39.5000000000212
  endloop
endfacet
facet normal 8.67648920311465e-014 -1.48477336184166e-013 -1.0
  outer loop
    vertex 90.8428684216042 1.03416495069499 -39.5000000000128
    vertex 90.8428684216054 57.7379050493012 -39.5000000000212
    vertex 92.6279503325313 3.20929355262293 -39.500000000013
  endloop
endfacet
facet normal 8.67648920311465e-014 -1.48477336184166e-013 -1.0
  outer loop
    vertex 92.6279503325313 3.20929355262293 -39.500000000013
    vertex 90.8428684216054 57.7379050493012 -39.5000000000212
    vertex 92.4093267000089 29.3870349999995 -39.5000000000076
  endloop
endfacet
facet normal 8.67648920311465e-014 -1.48477336184166e-013 -1.0
  outer loop
    vertex 92.6279503325313 3.20929355262293 -39.500000000013
    vertex 92.4093267000089 29.3870349999995 -39.5000000000076
    vertex 93.9970467000089 26.6370349999996 -39.5000000000072
  endloop
endfacet
facet normal 8.67648920311465e-014 -1.48477336184166e-013 -1.0
  outer loop
    vertex 92.6279503325313 3.20929355262293 -39.500000000013
    vertex 93.9970467000089 26.6370349999996 -39.5000000000072
    vertex 94.2669500290177 5.496514980155 -39.5000000000132
  endloop
endfacet
facet normal 8.67648920311465e-014 -1.48477336184166e-013 -1.0
  outer loop
    vertex 94.2669500290177 5.496514980155 -39.5000000000132
    vertex 93.9970467000089 26.6370349999996 -39.5000000000072
    vertex 97.1724667000089 26.6370349999996 -39.5000000000066
  endloop
endfacet
facet normal 8.67648920311465e-014 -1.48477336184166e-013 -1.0
  outer loop
    vertex 94.2669500290177 5.496514980155 -39.5000000000132
    vertex 97.1724667000089 26.6370349999996 -39.5000000000066
    vertex 95.7528490627392 7.88603499999787 -39.5000000000134
  endloop
endfacet
facet normal 8.67648920311465e-014 -1.48477336184166e-013 -1.0
  outer loop
    vertex 95.7528490627392 7.88603499999787 -39.5000000000134
    vertex 97.1724667000089 26.6370349999996 -39.5000000000066
    vertex 97.079284585914 10.3676213205808 -39.5000000000137
  endloop
endfacet
facet normal 8.67648920311465e-014 -1.48477336184166e-013 -1.0
  outer loop
    vertex 97.079284585914 10.3676213205808 -39.5000000000137
    vertex 97.1724667000089 26.6370349999996 -39.5000000000066
    vertex 98.2405765979938 12.930647408299 -39.5000000000139
  endloop
endfacet
facet normal 8.67648920311465e-014 -1.48477336184166e-013 -1.0
  outer loop
    vertex 98.2405765979938 12.930647408299 -39.5000000000139
    vertex 97.1724667000089 26.6370349999996 -39.5000000000066
    vertex 98.7601867000089 29.3870349999995 -39.5000000000062
  endloop
endfacet
facet normal 8.67648920311465e-014 -1.48477336184166e-013 -1.0
  outer loop
    vertex 98.2405765979938 12.930647408299 -39.5000000000139
    vertex 98.7601867000089 29.3870349999995 -39.5000000000062
    vertex 99.2317522682981 15.5641379919619 -39.5000000000142
  endloop
endfacet
facet normal 8.67648920311465e-014 -1.48477336184166e-013 -1.0
  outer loop
    vertex 18.7869368020238 45.8414225916985 -39.5000000000257
    vertex 18.2673267000089 29.3870349999995 -39.5000000000236
    vertex 17.7957611317196 43.2079320080356 -39.5000000000254
  endloop
endfacet
facet normal 8.67648920311465e-014 -1.48477336184166e-013 -1.0
  outer loop
    vertex 18.2673267000089 29.3870349999995 -39.5000000000236
    vertex 18.7869368020238 45.8414225916985 -39.5000000000257
    vertex 19.8550467000089 32.1370349999996 -39.5000000000232
  endloop
endfacet
facet normal 8.67648920311465e-014 -1.48477336184166e-013 -1.0
  outer loop
    vertex 19.8550467000089 32.1370349999996 -39.5000000000232
    vertex 18.7869368020238 45.8414225916985 -39.5000000000257
    vertex 19.9482288141037 48.4044486794167 -39.500000000026
  endloop
endfacet
facet normal 8.67648920311465e-014 -1.48477336184166e-013 -1.0
  outer loop
    vertex 19.8550467000089 32.1370349999996 -39.5000000000232
    vertex 19.9482288141037 48.4044486794167 -39.500000000026
    vertex 23.0304667000089 32.1370349999996 -39.5000000000226
  endloop
endfacet
facet normal 8.67648920311465e-014 -1.48477336184166e-013 -1.0
  outer loop
    vertex 23.0304667000089 32.1370349999996 -39.5000000000226
    vertex 19.9482288141037 48.4044486794167 -39.500000000026
    vertex 21.2746643372784 50.8860349999996 -39.5000000000262
  endloop
endfacet
facet normal 8.67648920311465e-014 -1.48477336184166e-013 -1.0
  outer loop
    vertex 23.0304667000089 32.1370349999996 -39.5000000000226
    vertex 21.2746643372784 50.8860349999996 -39.5000000000262
    vertex 22.7605633709999 53.2755550198425 -39.5000000000265
  endloop
endfacet
facet normal 8.67648920311465e-014 -1.48477336184166e-013 -1.0
  outer loop
    vertex 23.0304667000089 32.1370349999996 -39.5000000000226
    vertex 22.7605633709999 53.2755550198425 -39.5000000000265
    vertex 24.3995630674863 55.5627764473745 -39.5000000000267
  endloop
endfacet
facet normal 8.67648920311465e-014 -1.48477336184166e-013 -1.0
  outer loop
    vertex 23.0304667000089 32.1370349999996 -39.5000000000226
    vertex 24.3995630674863 55.5627764473745 -39.5000000000267
    vertex 24.6181867000089 29.3870349999995 -39.5000000000222
  endloop
endfacet
facet normal 8.67648920311465e-014 -1.48477336184166e-013 -1.0
  outer loop
    vertex 24.6181867000089 29.3870349999995 -39.5000000000222
    vertex 24.3995630674863 55.5627764473745 -39.5000000000267
    vertex 26.1846449784134 57.7379050493024 -39.5000000000268
  endloop
endfacet
facet normal 8.67648920311465e-014 -1.48477336184166e-013 -1.0
  outer loop
    vertex 24.6181867000089 29.3870349999995 -39.5000000000222
    vertex 26.1846449784134 57.7379050493024 -39.5000000000268
    vertex 26.1846449784122 1.0341649506965 -39.5000000000184
  endloop
endfacet
facet normal 8.67648920311465e-014 -1.48477336184166e-013 -1.0
  outer loop
    vertex 26.1846449784122 1.0341649506965 -39.5000000000184
    vertex 26.1846449784134 57.7379050493024 -39.5000000000268
    vertex 28.1081651089867 -1.01955659102212 -39.5000000000179
  endloop
endfacet
facet normal 8.67648920311465e-014 -1.48477336184166e-013 -1.0
  outer loop
    vertex 28.1081651089867 -1.01955659102212 -39.5000000000179
    vertex 26.1846449784134 57.7379050493024 -39.5000000000268
    vertex 28.1081651089879 59.791626591021 -39.500000000027
  endloop
endfacet
facet normal 8.67648920311465e-014 -1.48477336184166e-013 -1.0
  outer loop
    vertex 28.1081651089867 -1.01955659102212 -39.5000000000179
    vertex 28.1081651089879 59.791626591021 -39.500000000027
    vertex 30.1618866507052 -2.94307672159665 -39.5000000000175
  endloop
endfacet
facet normal 8.67648920311465e-014 -1.48477336184166e-013 -1.0
  outer loop
    vertex 30.1618866507052 -2.94307672159665 -39.5000000000175
    vertex 28.1081651089879 59.791626591021 -39.500000000027
    vertex 30.1618866507065 61.7151467215954 -39.5000000000271
  endloop
endfacet
facet normal 8.67648920311465e-014 -1.48477336184166e-013 -1.0
  outer loop
    vertex 30.1618866507052 -2.94307672159665 -39.5000000000175
    vertex 30.1618866507065 61.7151467215954 -39.5000000000271
    vertex 32.3370152526332 -4.72815863252378 -39.500000000017
  endloop
endfacet
facet normal 8.67648920311465e-014 -1.48477336184166e-013 -1.0
  outer loop
    vertex 32.3370152526332 -4.72815863252378 -39.500000000017
    vertex 30.1618866507065 61.7151467215954 -39.5000000000271
    vertex 32.3370152526346 63.5002286325225 -39.5000000000272
  endloop
endfacet
facet normal 8.67648920311465e-014 -1.48477336184166e-013 -1.0
  outer loop
    vertex 32.3370152526332 -4.72815863252378 -39.500000000017
    vertex 32.3370152526346 63.5002286325225 -39.5000000000272
    vertex 34.6242366801652 -6.36715832901016 -39.5000000000166
  endloop
endfacet
facet normal 8.67648920311465e-014 -1.48477336184166e-013 -1.0
  outer loop
    vertex 34.6242366801652 -6.36715832901016 -39.5000000000166
    vertex 32.3370152526346 63.5002286325225 -39.5000000000272
    vertex 34.6242366801667 65.1392283290088 -39.5000000000272
  endloop
endfacet
facet normal 8.67648920311465e-014 -1.48477336184166e-013 -1.0
  outer loop
    vertex 34.6242366801652 -6.36715832901016 -39.5000000000166
    vertex 34.6242366801667 65.1392283290088 -39.5000000000272
    vertex 37.0137567000081 -7.85305736273158 -39.5000000000162
  endloop
endfacet
facet normal 8.67648920311465e-014 -1.48477336184166e-013 -1.0
  outer loop
    vertex 37.0137567000081 -7.85305736273158 -39.5000000000162
    vertex 34.6242366801667 65.1392283290088 -39.5000000000272
    vertex 37.0137567000095 66.6251273627301 -39.5000000000272
  endloop
endfacet
facet normal 8.67648920311465e-014 -1.48477336184166e-013 -1.0
  outer loop
    vertex 37.0137567000081 -7.85305736273158 -39.5000000000162
    vertex 37.0137567000095 66.6251273627301 -39.5000000000272
    vertex 38.0137567000089 8.76103499999958 -39.5000000000189
  endloop
endfacet
facet normal 8.67648920311465e-014 -1.48477336184166e-013 -1.0
  outer loop
    vertex 37.0137567000081 -7.85305736273158 -39.5000000000162
    vertex 38.0137567000089 8.76103499999958 -39.5000000000189
    vertex 39.495343020591 -9.17949288590637 -39.5000000000157
  endloop
endfacet
facet normal 8.67648920311465e-014 -1.48477336184166e-013 -1.0
  outer loop
    vertex 38.0137567000089 8.76103499999958 -39.5000000000189
    vertex 37.0137567000095 66.6251273627301 -39.5000000000272
    vertex 38.0137567000089 50.0110349999995 -39.5000000000186
  endloop
endfacet
facet normal 8.67648920311465e-014 -1.48477336184166e-013 -1.0
  outer loop
    vertex 39.495343020591 -9.17949288590637 -39.5000000000157
    vertex 38.0137567000089 8.76103499999958 -39.5000000000189
    vertex 79.013756700009 8.76103499999958 -39.5000000000191
  endloop
endfacet
facet normal 8.67648920311465e-014 -1.48477336184166e-013 -1.0
  outer loop
    vertex 39.495343020591 -9.17949288590637 -39.5000000000157
    vertex 79.013756700009 8.76103499999958 -39.5000000000191
    vertex 42.0583691083092 -10.3407848979862 -39.5000000000153
  endloop
endfacet
facet normal 8.67648920311465e-014 -1.48477336184166e-013 -1.0
  outer loop
    vertex 42.0583691083092 -10.3407848979862 -39.5000000000153
    vertex 79.013756700009 8.76103499999958 -39.5000000000191
    vertex 44.6918596919721 -11.3319605682904 -39.500000000015
  endloop
endfacet
facet normal 8.67648920311465e-014 -1.48477336184166e-013 -1.0
  outer loop
    vertex 44.6918596919721 -11.3319605682904 -39.500000000015
    vertex 79.013756700009 8.76103499999958 -39.5000000000191
    vertex 56.9260437000089 -4.93396500000043 -39.5000000000152
  endloop
endfacet
facet normal 8.67648920311465e-014 -1.48477336184166e-013 -1.0
  outer loop
    vertex 44.6918596919721 -11.3319605682904 -39.500000000015
    vertex 56.9260437000089 -4.93396500000043 -39.5000000000152
    vertex 47.3845377605996 -12.1487755304309 -39.5000000000146
  endloop
endfacet
facet normal 8.67648920311465e-014 -1.48477336184166e-013 -1.0
  outer loop
    vertex 47.3845377605996 -12.1487755304309 -39.5000000000146
    vertex 56.9260437000089 -4.93396500000043 -39.5000000000152
    vertex 50.1248728533144 -12.7877320573399 -39.5000000000143
  endloop
endfacet
facet normal 8.67648920311465e-014 -1.48477336184166e-013 -1.0
  outer loop
    vertex 50.1248728533144 -12.7877320573399 -39.5000000000143
    vertex 56.9260437000089 -4.93396500000043 -39.5000000000152
    vertex 55.3383307000089 -7.68396500000043 -39.5000000000156
  endloop
endfacet
facet normal 8.67648920311465e-014 -1.48477336184166e-013 -1.0
  outer loop
    vertex 50.1248728533144 -12.7877320573399 -39.5000000000143
    vertex 55.3383307000089 -7.68396500000043 -39.5000000000156
    vertex 52.9011304345457 -13.2460940390749 -39.500000000014
  endloop
endfacet
facet normal 8.67648920311465e-014 -1.48477336184166e-013 -1.0
  outer loop
    vertex 56.9260437000089 -4.93396500000043 -39.5000000000152
    vertex 79.013756700009 8.76103499999958 -39.5000000000191
    vertex 60.1014697000089 -4.93396500000043 -39.5000000000146
  endloop
endfacet
facet normal 8.67648920311465e-014 -1.48477336184166e-013 -1.0
  outer loop
    vertex 60.1014697000089 -4.93396500000043 -39.5000000000146
    vertex 79.013756700009 8.76103499999958 -39.5000000000191
    vertex 61.6891827000089 -7.68396500000043 -39.5000000000142
  endloop
endfacet
facet normal 8.67648920311465e-014 -1.48477336184166e-013 -1.0
  outer loop
    vertex 61.6891827000089 -7.68396500000043 -39.5000000000142
    vertex 79.013756700009 8.76103499999958 -39.5000000000191
    vertex 64.1263829654698 -13.2460940390752 -39.500000000013
  endloop
endfacet
facet normal 8.67648920311465e-014 -1.48477336184166e-013 -1.0
  outer loop
    vertex 64.1263829654698 -13.2460940390752 -39.500000000013
    vertex 79.013756700009 8.76103499999958 -39.5000000000191
    vertex 66.9026405467011 -12.7877320573403 -39.5000000000128
  endloop
endfacet
facet normal 8.67648920311465e-014 -1.48477336184166e-013 -1.0
  outer loop
    vertex 66.9026405467011 -12.7877320573403 -39.5000000000128
    vertex 79.013756700009 8.76103499999958 -39.5000000000191
    vertex 69.6429756394161 -12.1487755304314 -39.5000000000127
  endloop
endfacet
facet normal 8.67648920311465e-014 -1.48477336184166e-013 -1.0
  outer loop
    vertex 69.6429756394161 -12.1487755304314 -39.5000000000127
    vertex 79.013756700009 8.76103499999958 -39.5000000000191
    vertex 72.3356537080436 -11.3319605682911 -39.5000000000126
  endloop
endfacet
facet normal 8.67648920311465e-014 -1.48477336184166e-013 -1.0
  outer loop
    vertex 72.3356537080436 -11.3319605682911 -39.5000000000126
    vertex 79.013756700009 8.76103499999958 -39.5000000000191
    vertex 74.9691442917066 -10.340784897987 -39.5000000000125
  endloop
endfacet
facet normal 8.67648920311465e-014 -1.48477336184166e-013 -1.0
  outer loop
    vertex 74.9691442917066 -10.340784897987 -39.5000000000125
    vertex 79.013756700009 8.76103499999958 -39.5000000000191
    vertex 77.5321703794248 -9.17949288590729 -39.5000000000124
  endloop
endfacet
facet normal 8.67648920311465e-014 -1.48477336184166e-013 -1.0
  outer loop
    vertex 77.5321703794248 -9.17949288590729 -39.5000000000124
    vertex 79.013756700009 8.76103499999958 -39.5000000000191
    vertex 80.0137567000078 -7.85305736273262 -39.5000000000124
  endloop
endfacet
facet normal 8.67648920311465e-014 -1.48477336184166e-013 -1.0
  outer loop
    vertex 55.3383307000089 -7.68396500000043 -39.5000000000156
    vertex 55.7014221431118 -13.5218986992611 -39.5000000000137
    vertex 52.9011304345457 -13.2460940390749 -39.500000000014
  endloop
endfacet
facet normal 8.67648920311465e-014 -1.48477336184166e-013 -1.0
  outer loop
    vertex 55.7014221431118 -13.5218986992611 -39.5000000000137
    vertex 55.3383307000089 -7.68396500000043 -39.5000000000156
    vertex 56.9260437000089 -10.4339650000004 -39.5000000000152
  endloop
endfacet
facet normal 8.67648920311465e-014 -1.48477336184166e-013 -1.0
  outer loop
    vertex 55.7014221431118 -13.5218986992611 -39.5000000000137
    vertex 56.9260437000089 -10.4339650000004 -39.5000000000152
    vertex 58.5137567000079 -13.6139650000012 -39.5000000000134
  endloop
endfacet
facet normal 8.67648920311465e-014 -1.48477336184166e-013 -1.0
  outer loop
    vertex 58.5137567000079 -13.6139650000012 -39.5000000000134
    vertex 56.9260437000089 -10.4339650000004 -39.5000000000152
    vertex 60.1014697000089 -10.4339650000004 -39.5000000000146
  endloop
endfacet
facet normal 8.67648920311465e-014 -1.48477336184166e-013 -1.0
  outer loop
    vertex 58.5137567000079 -13.6139650000012 -39.5000000000134
    vertex 60.1014697000089 -10.4339650000004 -39.5000000000146
    vertex 61.3260912569037 -13.5218986992612 -39.5000000000132
  endloop
endfacet
facet normal 8.67648920311465e-014 -1.48477336184166e-013 -1.0
  outer loop
    vertex 61.3260912569037 -13.5218986992612 -39.5000000000132
    vertex 60.1014697000089 -10.4339650000004 -39.5000000000146
    vertex 61.6891827000089 -7.68396500000043 -39.5000000000142
  endloop
endfacet
facet normal 8.67648920311465e-014 -1.48477336184166e-013 -1.0
  outer loop
    vertex 61.3260912569037 -13.5218986992612 -39.5000000000132
    vertex 61.6891827000089 -7.68396500000043 -39.5000000000142
    vertex 64.1263829654698 -13.2460940390752 -39.500000000013
  endloop
endfacet
facet normal 8.67648920311465e-014 -1.48477336184166e-013 -1.0
  outer loop
    vertex 15.605823000749 32.1983695568959 -39.500000000024
    vertex 15.6058230007489 26.5737004431036 -39.5000000000231
    vertex 15.5137567000088 29.3860349999997 -39.5000000000235
  endloop
endfacet
facet normal 8.67648920311465e-014 -1.48477336184166e-013 -1.0
  outer loop
    vertex 15.6058230007489 26.5737004431036 -39.5000000000231
    vertex 15.605823000749 32.1983695568959 -39.500000000024
    vertex 15.8816276609349 23.7734087345375 -39.5000000000227
  endloop
endfacet
facet normal 8.67648920311465e-014 -1.48477336184166e-013 -1.0
  outer loop
    vertex 15.8816276609349 23.7734087345375 -39.5000000000227
    vertex 15.605823000749 32.1983695568959 -39.500000000024
    vertex 15.8816276609352 34.9986612654619 -39.5000000000244
  endloop
endfacet
facet normal 8.67648920311465e-014 -1.48477336184166e-013 -1.0
  outer loop
    vertex 15.8816276609349 23.7734087345375 -39.5000000000227
    vertex 15.8816276609352 34.9986612654619 -39.5000000000244
    vertex 16.3399896426697 20.9971511533062 -39.5000000000222
  endloop
endfacet
facet normal 8.67648920311465e-014 -1.48477336184166e-013 -1.0
  outer loop
    vertex 16.3399896426697 20.9971511533062 -39.5000000000222
    vertex 15.8816276609352 34.9986612654619 -39.5000000000244
    vertex 16.3399896426701 37.7749188466932 -39.5000000000247
  endloop
endfacet
facet normal 8.67648920311465e-014 -1.48477336184166e-013 -1.0
  outer loop
    vertex 16.3399896426697 20.9971511533062 -39.5000000000222
    vertex 16.3399896426701 37.7749188466932 -39.5000000000247
    vertex 16.9789461695787 18.2568160605913 -39.5000000000218
  endloop
endfacet
facet normal 8.67648920311465e-014 -1.48477336184166e-013 -1.0
  outer loop
    vertex 16.9789461695787 18.2568160605913 -39.5000000000218
    vertex 16.3399896426701 37.7749188466932 -39.5000000000247
    vertex 16.9789461695791 40.5152539394081 -39.5000000000251
  endloop
endfacet
facet normal 8.67648920311465e-014 -1.48477336184166e-013 -1.0
  outer loop
    vertex 16.9789461695787 18.2568160605913 -39.5000000000218
    vertex 16.9789461695791 40.5152539394081 -39.5000000000251
    vertex 17.795761131719 15.5641379919637 -39.5000000000213
  endloop
endfacet
facet normal 8.67648920311465e-014 -1.48477336184166e-013 -1.0
  outer loop
    vertex 17.795761131719 15.5641379919637 -39.5000000000213
    vertex 16.9789461695791 40.5152539394081 -39.5000000000251
    vertex 17.7957611317196 43.2079320080356 -39.5000000000254
  endloop
endfacet
facet normal 8.67648920311465e-014 -1.48477336184166e-013 -1.0
  outer loop
    vertex 17.795761131719 15.5641379919637 -39.5000000000213
    vertex 17.7957611317196 43.2079320080356 -39.5000000000254
    vertex 18.7869368020232 12.9306474083008 -39.5000000000208
  endloop
endfacet
facet normal 8.67648920311465e-014 -1.48477336184166e-013 -1.0
  outer loop
    vertex 18.7869368020232 12.9306474083008 -39.5000000000208
    vertex 17.7957611317196 43.2079320080356 -39.5000000000254
    vertex 18.2673267000089 29.3870349999995 -39.5000000000236
  endloop
endfacet
facet normal 8.67648920311465e-014 -1.48477336184166e-013 -1.0
  outer loop
    vertex 18.7869368020232 12.9306474083008 -39.5000000000208
    vertex 18.2673267000089 29.3870349999995 -39.5000000000236
    vertex 19.8550467000089 26.6370349999996 -39.5000000000232
  endloop
endfacet
facet normal 8.67648920311465e-014 -1.48477336184166e-013 -1.0
  outer loop
    vertex 18.7869368020232 12.9306474083008 -39.5000000000208
    vertex 19.8550467000089 26.6370349999996 -39.5000000000232
    vertex 19.9482288141028 10.3676213205825 -39.5000000000203
  endloop
endfacet
facet normal 8.67648920311465e-014 -1.48477336184166e-013 -1.0
  outer loop
    vertex 19.9482288141028 10.3676213205825 -39.5000000000203
    vertex 19.8550467000089 26.6370349999996 -39.5000000000232
    vertex 23.0304667000089 26.6370349999996 -39.5000000000226
  endloop
endfacet
facet normal 8.67648920311465e-014 -1.48477336184166e-013 -1.0
  outer loop
    vertex 19.9482288141028 10.3676213205825 -39.5000000000203
    vertex 23.0304667000089 26.6370349999996 -39.5000000000226
    vertex 21.2746643372775 7.88603499999957 -39.5000000000199
  endloop
endfacet
facet normal 8.67648920311465e-014 -1.48477336184166e-013 -1.0
  outer loop
    vertex 21.2746643372775 7.88603499999957 -39.5000000000199
    vertex 23.0304667000089 26.6370349999996 -39.5000000000226
    vertex 22.7605633709989 5.49651498015665 -39.5000000000194
  endloop
endfacet
facet normal 8.67648920311465e-014 -1.48477336184166e-013 -1.0
  outer loop
    vertex 22.7605633709989 5.49651498015665 -39.5000000000194
    vertex 23.0304667000089 26.6370349999996 -39.5000000000226
    vertex 24.3995630674852 3.20929355262452 -39.5000000000189
  endloop
endfacet
facet normal 8.67648920311465e-014 -1.48477336184166e-013 -1.0
  outer loop
    vertex 24.3995630674852 3.20929355262452 -39.5000000000189
    vertex 23.0304667000089 26.6370349999996 -39.5000000000226
    vertex 24.6181867000089 29.3870349999995 -39.5000000000222
  endloop
endfacet
facet normal 8.67648920311465e-014 -1.48477336184166e-013 -1.0
  outer loop
    vertex 24.3995630674852 3.20929355262452 -39.5000000000189
    vertex 24.6181867000089 29.3870349999995 -39.5000000000222
    vertex 26.1846449784122 1.0341649506965 -39.5000000000184
  endloop
endfacet
endsolid Remix of isaac879 Pan Tilt Camera Mount
