solid Remix of isaac879 Pan Tilt Camera Mount
facet normal 2.0817463931628e-006 0.751917028587054 0.659257750896023
  outer loop
    vertex 3.00000000000156 45.0714299999946 132.730378132606
    vertex 8.00000000019318 45.4362661570686 132.314248132606
    vertex 3.00000000000156 45.4362799999949 132.314248132606
  endloop
endfacet
facet normal 2.0817463931628e-006 0.751917028587054 0.659257750896023
  outer loop
    vertex 8.00000000019318 45.4362661570686 132.314248132606
    vertex 3.00000000000156 45.0714299999946 132.730378132606
    vertex 8.00000000019318 45.0714161570683 132.730378132606
  endloop
endfacet
facet normal 2.66315506916877e-006 0.961919108739687 0.273334279288849
  outer loop
    vertex 3.00000000000156 46.2265899999959 130.861848132607
    vertex 8.00000000019318 46.3778461570698 130.329498132607
    vertex 3.00000000000156 46.3778599999962 130.329498132607
  endloop
endfacet
facet normal 2.66315506916877e-006 0.961919108739687 0.273334279288849
  outer loop
    vertex 8.00000000019318 46.3778461570698 130.329498132607
    vertex 3.00000000000156 46.2265899999959 130.861848132607
    vertex 8.00000000019318 46.2265761570695 130.861848132607
  endloop
endfacet
facet normal -2.5632192141962e-006 -0.92582274059305 0.377958004273231
  outer loop
    vertex 8.00000000019318 11.7733961570695 130.861848132584
    vertex 3.00000000000156 11.9825799999955 131.374218132584
    vertex 3.00000000000156 11.7734099999959 130.861848132584
  endloop
endfacet
facet normal -2.5632192141962e-006 -0.92582274059305 0.377958004273231
  outer loop
    vertex 3.00000000000156 11.9825799999955 131.374218132584
    vertex 8.00000000019318 11.7733961570695 130.861848132584
    vertex 8.00000000019318 11.9825661570692 131.374218132584
  endloop
endfacet
facet normal -2.4318658041825e-006 -0.878378504702603 0.477965691729548
  outer loop
    vertex 8.00000000019318 11.9825661570692 131.374218132584
    vertex 3.00000000000156 12.2470999999952 131.860338132585
    vertex 3.00000000000156 11.9825799999955 131.374218132584
  endloop
endfacet
facet normal -2.4318658041825e-006 -0.878378504702603 0.477965691729548
  outer loop
    vertex 3.00000000000156 12.2470999999952 131.860338132585
    vertex 8.00000000019318 11.9825661570692 131.374218132584
    vertex 8.00000000019318 12.2470861570689 131.860338132585
  endloop
endfacet
facet normal 2.2707355094749e-006 0.820179009127517 0.572106976868354
  outer loop
    vertex 3.00000000000156 45.4362799999949 132.314248132606
    vertex 8.00000000019318 45.7528861570688 131.860338132607
    vertex 3.00000000000156 45.7528999999952 131.860338132606
  endloop
endfacet
facet normal 2.2707355094749e-006 0.820179009127517 0.572106976868354
  outer loop
    vertex 8.00000000019318 45.7528861570688 131.860338132607
    vertex 3.00000000000156 45.4362799999949 132.314248132606
    vertex 8.00000000019318 45.4362661570686 132.314248132606
  endloop
endfacet
facet normal -2.73047500304588e-006 -0.986234748236033 0.165351206117018
  outer loop
    vertex 8.00000000019318 11.5306161570702 129.783688132584
    vertex 3.00000000000156 11.6221399999962 130.329498132584
    vertex 3.00000000000156 11.5306299999966 129.783688132584
  endloop
endfacet
facet normal -2.73047500304588e-006 -0.986234748236033 0.165351206117018
  outer loop
    vertex 3.00000000000156 11.6221399999962 130.329498132584
    vertex 8.00000000019318 11.5306161570702 129.783688132584
    vertex 8.00000000019318 11.6221261570699 130.329498132584
  endloop
endfacet
facet normal -2.76434169544309e-006 -0.998467239580676 0.0553459255637082
  outer loop
    vertex 8.00000000019318 11.4999861570706 129.231108132584
    vertex 3.00000000000156 11.5306299999966 129.783688132584
    vertex 3.00000000000156 11.499999999997 129.231108132584
  endloop
endfacet
facet normal -2.76434169544309e-006 -0.998467239580676 0.0553459255637082
  outer loop
    vertex 3.00000000000156 11.5306299999966 129.783688132584
    vertex 8.00000000019318 11.4999861570706 129.231108132584
    vertex 8.00000000019318 11.5306161570702 129.783688132584
  endloop
endfacet
facet normal 2.43186577722447e-006 0.878378504701979 0.477965691730694
  outer loop
    vertex 3.00000000000156 45.7528999999952 131.860338132606
    vertex 8.00000000019318 46.0174061570692 131.374218132607
    vertex 3.00000000000156 46.0174199999955 131.374218132607
  endloop
endfacet
facet normal 2.43186577722447e-006 0.878378504701979 0.477965691730694
  outer loop
    vertex 8.00000000019318 46.0174061570692 131.374218132607
    vertex 3.00000000000156 45.7528999999952 131.860338132606
    vertex 8.00000000019318 45.7528861570688 131.860338132607
  endloop
endfacet
facet normal 2.76434169232099e-006 0.998467239580604 0.0553459255650098
  outer loop
    vertex 3.00000000000156 46.4693699999966 129.783688132607
    vertex 8.00000000019318 46.4999861570706 129.231108132607
    vertex 3.00000000000156 46.4999999999969 129.231108132607
  endloop
endfacet
facet normal 2.76434169232099e-006 0.998467239580604 0.0553459255650098
  outer loop
    vertex 8.00000000019318 46.4999861570706 129.231108132607
    vertex 3.00000000000156 46.4693699999966 129.783688132607
    vertex 8.00000000019318 46.4693561570702 129.783688132607
  endloop
endfacet
facet normal -2.27073554045084e-006 -0.820179009128255 0.572106976867297
  outer loop
    vertex 8.00000000019318 12.2470861570689 131.860338132585
    vertex 3.00000000000156 12.5637199999949 132.314248132585
    vertex 3.00000000000156 12.2470999999952 131.860338132585
  endloop
endfacet
facet normal -2.27073554045084e-006 -0.820179009128255 0.572106976867297
  outer loop
    vertex 3.00000000000156 12.5637199999949 132.314248132585
    vertex 8.00000000019318 12.2470861570689 131.860338132585
    vertex 8.00000000019318 12.5637061570686 132.314248132585
  endloop
endfacet
facet normal 2.56321919287769e-006 0.925822740592549 0.377958004274458
  outer loop
    vertex 3.00000000000156 46.0174199999955 131.374218132607
    vertex 8.00000000019318 46.2265761570695 130.861848132607
    vertex 3.00000000000156 46.2265899999959 130.861848132607
  endloop
endfacet
facet normal 2.56321919287769e-006 0.925822740592549 0.377958004274458
  outer loop
    vertex 8.00000000019318 46.2265761570695 130.861848132607
    vertex 3.00000000000156 46.0174199999955 131.374218132607
    vertex 8.00000000019318 46.0174061570692 131.374218132607
  endloop
endfacet
facet normal 2.73047499334646e-006 0.986234748235816 0.165351206118314
  outer loop
    vertex 3.00000000000156 46.3778599999962 130.329498132607
    vertex 8.00000000019318 46.4693561570702 129.783688132607
    vertex 3.00000000000156 46.4693699999966 129.783688132607
  endloop
endfacet
facet normal 2.73047499334646e-006 0.986234748235816 0.165351206118314
  outer loop
    vertex 8.00000000019318 46.4693561570702 129.783688132607
    vertex 3.00000000000156 46.3778599999962 130.329498132607
    vertex 8.00000000019318 46.3778461570698 130.329498132607
  endloop
endfacet
facet normal -2.08174642885747e-006 -0.751917028587928 0.659257750895025
  outer loop
    vertex 8.00000000019318 12.5637061570686 132.314248132585
    vertex 3.00000000000156 12.9285699999947 132.730378132585
    vertex 3.00000000000156 12.5637199999949 132.314248132585
  endloop
endfacet
facet normal -2.08174642885747e-006 -0.751917028587928 0.659257750895025
  outer loop
    vertex 3.00000000000156 12.9285699999947 132.730378132585
    vertex 8.00000000019318 12.5637061570686 132.314248132585
    vertex 8.00000000019318 12.9285561570683 132.730378132585
  endloop
endfacet
facet normal -2.66315508458603e-006 -0.961919108740048 0.273334279287578
  outer loop
    vertex 8.00000000019318 11.6221261570699 130.329498132584
    vertex 3.00000000000156 11.7734099999959 130.861848132584
    vertex 3.00000000000156 11.6221399999962 130.329498132584
  endloop
endfacet
facet normal -2.66315508458603e-006 -0.961919108740048 0.273334279287578
  outer loop
    vertex 3.00000000000156 11.7734099999959 130.861848132584
    vertex 8.00000000019318 11.6221261570699 130.329498132584
    vertex 8.00000000019318 11.7733961570695 130.861848132584
  endloop
endfacet
facet normal -1.0 0.0 0.0
  outer loop
    vertex 141.000000000002 23.0339910000046 117.621419032592
    vertex 141.000000000002 23.0339910000054 116.345897232592
    vertex 141.000000000002 23.000000000005 116.983658132592
  endloop
endfacet
facet normal -1.0 0.0 0.0
  outer loop
    vertex 141.000000000002 23.0339910000054 116.345897232592
    vertex 141.000000000002 23.0339910000046 117.621419032592
    vertex 141.000000000002 23.1355800000042 118.251954132592
  endloop
endfacet
facet normal -1.0 0.0 0.0
  outer loop
    vertex 141.000000000002 23.0339910000054 116.345897232592
    vertex 141.000000000002 23.1355800000042 118.251954132592
    vertex 141.000000000002 23.1355800000058 115.715362132592
  endloop
endfacet
facet normal -1.0 0.0 0.0
  outer loop
    vertex 141.000000000002 23.1355800000058 115.715362132592
    vertex 141.000000000002 23.1355800000042 118.251954132592
    vertex 141.000000000002 23.3036140000038 118.868118132592
  endloop
endfacet
facet normal -1.0 0.0 0.0
  outer loop
    vertex 141.000000000002 23.1355800000058 115.715362132592
    vertex 141.000000000002 23.3036140000038 118.868118132592
    vertex 141.000000000002 23.3036140000062 115.099198132592
  endloop
endfacet
facet normal -1.0 0.0 0.0
  outer loop
    vertex 141.000000000002 23.3036140000062 115.099198132592
    vertex 141.000000000002 23.3036140000038 118.868118132592
    vertex 141.000000000002 23.5361910000034 119.462931132592
  endloop
endfacet
facet normal -1.0 0.0 0.0
  outer loop
    vertex 141.000000000002 23.3036140000062 115.099198132592
    vertex 141.000000000002 23.5361910000034 119.462931132592
    vertex 141.000000000002 23.5361910000066 114.504385132592
  endloop
endfacet
facet normal -1.0 0.0 0.0
  outer loop
    vertex 141.000000000002 23.5361910000066 114.504385132592
    vertex 141.000000000002 23.5361910000034 119.462931132592
    vertex 141.000000000002 23.830676000003 120.029653132592
  endloop
endfacet
facet normal -1.0 0.0 0.0
  outer loop
    vertex 141.000000000002 23.5361910000066 114.504385132592
    vertex 141.000000000002 23.830676000003 120.029653132592
    vertex 141.000000000002 23.830676000007 113.937663132592
  endloop
endfacet
facet normal -1.0 0.0 0.0
  outer loop
    vertex 141.000000000002 23.830676000007 113.937663132592
    vertex 141.000000000002 23.830676000003 120.029653132592
    vertex 141.000000000002 24.1837300000026 120.561862132592
  endloop
endfacet
facet normal -1.0 0.0 0.0
  outer loop
    vertex 141.000000000002 23.830676000007 113.937663132592
    vertex 141.000000000002 24.1837300000026 120.561862132592
    vertex 141.000000000002 24.000000000005 116.983658132592
  endloop
endfacet
facet normal -1.0 0.0 0.0
  outer loop
    vertex 141.000000000002 24.000000000005 116.983658132592
    vertex 141.000000000002 24.1837300000026 120.561862132592
    vertex 141.000000000002 24.0338080000046 117.564122732592
  endloop
endfacet
facet normal -1.0 0.0 0.0
  outer loop
    vertex 141.000000000002 24.0338080000046 117.564122732592
    vertex 141.000000000002 24.1837300000026 120.561862132592
    vertex 141.000000000002 24.1347760000042 118.136737132592
  endloop
endfacet
facet normal -1.0 0.0 0.0
  outer loop
    vertex 141.000000000002 24.1347760000042 118.136737132592
    vertex 141.000000000002 24.1837300000026 120.561862132592
    vertex 141.000000000002 24.3015370000039 118.693759132592
  endloop
endfacet
facet normal -1.0 0.0 0.0
  outer loop
    vertex 141.000000000002 24.3015370000039 118.693759132592
    vertex 141.000000000002 24.1837300000026 120.561862132592
    vertex 141.000000000002 24.5913550000023 121.053529132593
  endloop
endfacet
facet normal -1.0 0.0 0.0
  outer loop
    vertex 141.000000000002 24.3015370000039 118.693759132592
    vertex 141.000000000002 24.5913550000023 121.053529132593
    vertex 141.000000000002 24.5318370000035 119.227654132593
  endloop
endfacet
facet normal -1.0 0.0 0.0
  outer loop
    vertex 141.000000000002 24.5318370000035 119.227654132593
    vertex 141.000000000002 24.5913550000023 121.053529132593
    vertex 141.000000000002 24.8225610000032 119.731203132593
  endloop
endfacet
facet normal -1.0 0.0 0.0
  outer loop
    vertex 141.000000000002 24.8225610000032 119.731203132593
    vertex 141.000000000002 24.5913550000023 121.053529132593
    vertex 141.000000000002 25.048932000002 121.499083132593
  endloop
endfacet
facet normal -1.0 0.0 0.0
  outer loop
    vertex 141.000000000002 24.8225610000032 119.731203132593
    vertex 141.000000000002 25.048932000002 121.499083132593
    vertex 141.000000000002 25.1697780000029 120.197596132593
  endloop
endfacet
facet normal -1.0 0.0 0.0
  outer loop
    vertex 141.000000000002 25.1697780000029 120.197596132593
    vertex 141.000000000002 25.048932000002 121.499083132593
    vertex 141.000000000002 25.5512760000018 121.893475132593
  endloop
endfacet
facet normal -1.0 0.0 0.0
  outer loop
    vertex 141.000000000002 25.1697780000029 120.197596132593
    vertex 141.000000000002 25.5512760000018 121.893475132593
    vertex 141.000000000002 25.5687920000026 120.620526132593
  endloop
endfacet
facet normal -1.0 0.0 0.0
  outer loop
    vertex 141.000000000002 25.5687920000026 120.620526132593
    vertex 141.000000000002 25.5512760000018 121.893475132593
    vertex 141.000000000002 26.0926950000016 122.232237132594
  endloop
endfacet
facet normal -1.0 0.0 0.0
  outer loop
    vertex 141.000000000002 25.5687920000026 120.620526132593
    vertex 141.000000000002 26.0926950000016 122.232237132594
    vertex 141.000000000002 26.0142070000024 120.994274132593
  endloop
endfacet
facet normal -1.0 0.0 0.0
  outer loop
    vertex 141.000000000002 26.0142070000024 120.994274132593
    vertex 141.000000000002 26.0926950000016 122.232237132594
    vertex 141.000000000002 26.5000000000021 121.313785132594
  endloop
endfacet
facet normal -1.0 0.0 0.0
  outer loop
    vertex 141.000000000002 26.5000000000021 121.313785132594
    vertex 141.000000000002 26.0926950000016 122.232237132594
    vertex 141.000000000002 26.6670550000014 122.511530132594
  endloop
endfacet
facet normal -1.0 0.0 0.0
  outer loop
    vertex 141.000000000002 26.5000000000021 121.313785132594
    vertex 141.000000000002 26.6670550000014 122.511530132594
    vertex 141.000000000002 27.019601000002 121.574739132594
  endloop
endfacet
facet normal -1.0 0.0 0.0
  outer loop
    vertex 141.000000000002 27.019601000002 121.574739132594
    vertex 141.000000000002 26.6670550000014 122.511530132594
    vertex 141.000000000002 27.2678480000012 122.728190132594
  endloop
endfacet
facet normal -1.0 0.0 0.0
  outer loop
    vertex 141.000000000002 27.019601000002 121.574739132594
    vertex 141.000000000002 27.2678480000012 122.728190132594
    vertex 141.000000000002 27.5659840000018 121.773606132595
  endloop
endfacet
facet normal -1.0 0.0 0.0
  outer loop
    vertex 141.000000000002 27.5659840000018 121.773606132595
    vertex 141.000000000002 27.2678480000012 122.728190132594
    vertex 141.000000000002 27.8882680000011 122.879763132595
  endloop
endfacet
facet normal -1.0 0.0 0.0
  outer loop
    vertex 141.000000000002 27.5659840000018 121.773606132595
    vertex 141.000000000002 27.8882680000011 122.879763132595
    vertex 141.000000000002 28.1317591000017 121.907697132595
  endloop
endfacet
facet normal -1.0 0.0 0.0
  outer loop
    vertex 141.000000000002 28.1317591000017 121.907697132595
    vertex 141.000000000002 27.8882680000011 122.879763132595
    vertex 141.000000000002 28.5212834000011 122.964530132595
  endloop
endfacet
facet normal -1.0 0.0 0.0
  outer loop
    vertex 141.000000000002 28.1317591000017 121.907697132595
    vertex 141.000000000002 28.5212834000011 122.964530132595
    vertex 141.000000000002 28.7092759000017 121.975199132595
  endloop
endfacet
facet normal -1.0 0.0 0.0
  outer loop
    vertex 141.000000000002 28.7092759000017 121.975199132595
    vertex 141.000000000002 28.5212834000011 122.964530132595
    vertex 141.000000000002 29.159723100001 122.981532132596
  endloop
endfacet
facet normal -1.0 0.0 0.0
  outer loop
    vertex 141.000000000002 28.7092759000017 121.975199132595
    vertex 141.000000000002 29.159723100001 122.981532132596
    vertex 141.000000000002 29.2907241000017 121.975199132596
  endloop
endfacet
facet normal -1.0 0.0 0.0
  outer loop
    vertex 141.000000000002 29.2907241000017 121.975199132596
    vertex 141.000000000002 29.159723100001 122.981532132596
    vertex 141.000000000002 29.7963532000011 122.930575132596
  endloop
endfacet
facet normal -1.0 0.0 0.0
  outer loop
    vertex 141.000000000002 29.2907241000017 121.975199132596
    vertex 141.000000000002 29.7963532000011 122.930575132596
    vertex 141.000000000002 29.8682409000017 121.907697132596
  endloop
endfacet
facet normal -1.0 0.0 0.0
  outer loop
    vertex 141.000000000002 29.8682409000017 121.907697132596
    vertex 141.000000000002 29.7963532000011 122.930575132596
    vertex 141.000000000002 30.4239600000012 122.812237132596
  endloop
endfacet
facet normal -1.0 0.0 0.0
  outer loop
    vertex 141.000000000002 29.8682409000017 121.907697132596
    vertex 141.000000000002 30.4239600000012 122.812237132596
    vertex 141.000000000002 30.4340160000018 121.773606132596
  endloop
endfacet
facet normal -1.0 0.0 0.0
  outer loop
    vertex 141.000000000002 30.4340160000018 121.773606132596
    vertex 141.000000000002 30.4239600000012 122.812237132596
    vertex 141.000000000002 31.0354330000013 122.627860132597
  endloop
endfacet
facet normal -1.0 0.0 0.0
  outer loop
    vertex 141.000000000002 30.4340160000018 121.773606132596
    vertex 141.000000000002 31.0354330000013 122.627860132597
    vertex 141.000000000002 30.980399000002 121.574739132597
  endloop
endfacet
facet normal -1.0 0.0 0.0
  outer loop
    vertex 141.000000000002 30.980399000002 121.574739132597
    vertex 141.000000000002 31.0354330000013 122.627860132597
    vertex 141.000000000002 31.5000000000021 121.313785132597
  endloop
endfacet
facet normal -1.0 0.0 0.0
  outer loop
    vertex 141.000000000002 31.5000000000021 121.313785132597
    vertex 141.000000000002 31.0354330000013 122.627860132597
    vertex 141.000000000002 31.6238440000014 122.379531132597
  endloop
endfacet
facet normal -1.0 0.0 0.0
  outer loop
    vertex 141.000000000002 31.5000000000021 121.313785132597
    vertex 141.000000000002 31.6238440000014 122.379531132597
    vertex 141.000000000002 31.9857930000024 120.994274132597
  endloop
endfacet
facet normal -1.0 0.0 0.0
  outer loop
    vertex 141.000000000002 31.9857930000024 120.994274132597
    vertex 141.000000000002 31.6238440000014 122.379531132597
    vertex 141.000000000002 32.1825250000016 122.070065132598
  endloop
endfacet
facet normal -1.0 0.0 0.0
  outer loop
    vertex 141.000000000002 31.9857930000024 120.994274132597
    vertex 141.000000000002 32.1825250000016 122.070065132598
    vertex 141.000000000002 32.4312080000026 120.620526132598
  endloop
endfacet
facet normal -1.0 0.0 0.0
  outer loop
    vertex 141.000000000002 32.4312080000026 120.620526132598
    vertex 141.000000000002 32.1825250000016 122.070065132598
    vertex 141.000000000002 32.7051480000019 121.702967132598
  endloop
endfacet
facet normal -1.0 0.0 0.0
  outer loop
    vertex 141.000000000002 32.4312080000026 120.620526132598
    vertex 141.000000000002 32.7051480000019 121.702967132598
    vertex 141.000000000002 32.8302220000029 120.197596132598
  endloop
endfacet
facet normal -1.0 0.0 0.0
  outer loop
    vertex 141.000000000002 32.8302220000029 120.197596132598
    vertex 141.000000000002 32.7051480000019 121.702967132598
    vertex 141.000000000002 33.1857890000021 121.282398132598
  endloop
endfacet
facet normal -1.0 0.0 0.0
  outer loop
    vertex 141.000000000002 32.8302220000029 120.197596132598
    vertex 141.000000000002 33.1857890000021 121.282398132598
    vertex 141.000000000002 33.1774390000032 119.731203132598
  endloop
endfacet
facet normal -1.0 0.0 0.0
  outer loop
    vertex 141.000000000002 33.1774390000032 119.731203132598
    vertex 141.000000000002 33.1857890000021 121.282398132598
    vertex 141.000000000002 33.4681630000035 119.227654132598
  endloop
endfacet
facet normal -1.0 0.0 0.0
  outer loop
    vertex 141.000000000002 33.4681630000035 119.227654132598
    vertex 141.000000000002 33.1857890000021 121.282398132598
    vertex 141.000000000002 33.6190040000025 120.813123132598
  endloop
endfacet
facet normal -1.0 0.0 0.0
  outer loop
    vertex 141.000000000002 33.4681630000035 119.227654132598
    vertex 141.000000000002 33.6190040000025 120.813123132598
    vertex 141.000000000002 33.6984630000038 118.693759132599
  endloop
endfacet
facet normal -1.0 0.0 0.0
  outer loop
    vertex 141.000000000002 33.6984630000038 118.693759132599
    vertex 141.000000000002 33.6190040000025 120.813123132598
    vertex 141.000000000002 33.9998840000028 120.300458132599
  endloop
endfacet
facet normal -1.0 0.0 0.0
  outer loop
    vertex 141.000000000002 33.6984630000038 118.693759132599
    vertex 141.000000000002 33.9998840000028 120.300458132599
    vertex 141.000000000002 33.8652240000042 118.136737132599
  endloop
endfacet
facet normal -1.0 0.0 0.0
  outer loop
    vertex 141.000000000002 33.8652240000042 118.136737132599
    vertex 141.000000000002 33.9998840000028 120.300458132599
    vertex 141.000000000002 33.9661920000046 117.564122732599
  endloop
endfacet
facet normal -1.0 0.0 0.0
  outer loop
    vertex 141.000000000002 33.9661920000046 117.564122732599
    vertex 141.000000000002 33.9998840000028 120.300458132599
    vertex 141.000000000002 34.000000000005 116.983658132599
  endloop
endfacet
facet normal -1.0 0.0 0.0
  outer loop
    vertex 141.000000000002 34.000000000005 116.983658132599
    vertex 141.000000000002 33.9998840000028 120.300458132599
    vertex 141.000000000002 34.3241120000032 119.750213132599
  endloop
endfacet
facet normal -1.0 0.0 0.0
  outer loop
    vertex 141.000000000002 24.000000000005 116.983658132592
    vertex 141.000000000002 24.1837300000074 113.405454132592
    vertex 141.000000000002 23.830676000007 113.937663132592
  endloop
endfacet
facet normal -1.0 0.0 0.0
  outer loop
    vertex 141.000000000002 24.1837300000074 113.405454132592
    vertex 141.000000000002 24.000000000005 116.983658132592
    vertex 141.000000000002 24.0338080000054 116.403193532592
  endloop
endfacet
facet normal -1.0 0.0 0.0
  outer loop
    vertex 141.000000000002 24.1837300000074 113.405454132592
    vertex 141.000000000002 24.0338080000054 116.403193532592
    vertex 141.000000000002 24.1347760000058 115.830579132592
  endloop
endfacet
facet normal -1.0 0.0 0.0
  outer loop
    vertex 141.000000000002 24.1837300000074 113.405454132592
    vertex 141.000000000002 24.1347760000058 115.830579132592
    vertex 141.000000000002 24.3015370000061 115.273557132592
  endloop
endfacet
facet normal -1.0 0.0 0.0
  outer loop
    vertex 141.000000000002 24.1837300000074 113.405454132592
    vertex 141.000000000002 24.3015370000061 115.273557132592
    vertex 141.000000000002 24.5913550000077 112.913787132593
  endloop
endfacet
facet normal -1.0 0.0 0.0
  outer loop
    vertex 141.000000000002 24.5913550000077 112.913787132593
    vertex 141.000000000002 24.3015370000061 115.273557132592
    vertex 141.000000000002 24.5318370000065 114.739662132593
  endloop
endfacet
facet normal -1.0 0.0 0.0
  outer loop
    vertex 141.000000000002 24.5913550000077 112.913787132593
    vertex 141.000000000002 24.5318370000065 114.739662132593
    vertex 141.000000000002 24.8225610000068 114.236113132593
  endloop
endfacet
facet normal -1.0 0.0 0.0
  outer loop
    vertex 141.000000000002 24.5913550000077 112.913787132593
    vertex 141.000000000002 24.8225610000068 114.236113132593
    vertex 141.000000000002 25.0489320000079 112.468233132593
  endloop
endfacet
facet normal -1.0 0.0 0.0
  outer loop
    vertex 141.000000000002 25.0489320000079 112.468233132593
    vertex 141.000000000002 24.8225610000068 114.236113132593
    vertex 141.000000000002 25.1697780000071 113.769720132593
  endloop
endfacet
facet normal -1.0 0.0 0.0
  outer loop
    vertex 141.000000000002 25.0489320000079 112.468233132593
    vertex 141.000000000002 25.1697780000071 113.769720132593
    vertex 141.000000000002 25.5512760000082 112.073841132593
  endloop
endfacet
facet normal -1.0 0.0 0.0
  outer loop
    vertex 141.000000000002 25.5512760000082 112.073841132593
    vertex 141.000000000002 25.1697780000071 113.769720132593
    vertex 141.000000000002 25.5687920000074 113.346790132593
  endloop
endfacet
facet normal -1.0 0.0 0.0
  outer loop
    vertex 141.000000000002 25.5512760000082 112.073841132593
    vertex 141.000000000002 25.5687920000074 113.346790132593
    vertex 141.000000000002 26.0926950000084 111.735079132594
  endloop
endfacet
facet normal -1.0 0.0 0.0
  outer loop
    vertex 141.000000000002 26.0926950000084 111.735079132594
    vertex 141.000000000002 25.5687920000074 113.346790132593
    vertex 141.000000000002 26.0142070000076 112.973042132594
  endloop
endfacet
facet normal -1.0 0.0 0.0
  outer loop
    vertex 141.000000000002 26.0926950000084 111.735079132594
    vertex 141.000000000002 26.0142070000076 112.973042132594
    vertex 141.000000000002 26.5000000000078 112.653531132594
  endloop
endfacet
facet normal -1.0 0.0 0.0
  outer loop
    vertex 141.000000000002 26.0926950000084 111.735079132594
    vertex 141.000000000002 26.5000000000078 112.653531132594
    vertex 141.000000000002 26.6670550000086 111.455786132594
  endloop
endfacet
facet normal -1.0 0.0 0.0
  outer loop
    vertex 141.000000000002 26.6670550000086 111.455786132594
    vertex 141.000000000002 26.5000000000078 112.653531132594
    vertex 141.000000000002 27.019601000008 112.392577132594
  endloop
endfacet
facet normal -1.0 0.0 0.0
  outer loop
    vertex 141.000000000002 26.6670550000086 111.455786132594
    vertex 141.000000000002 27.019601000008 112.392577132594
    vertex 141.000000000002 27.2678480000088 111.239126132594
  endloop
endfacet
facet normal -1.0 0.0 0.0
  outer loop
    vertex 141.000000000002 27.2678480000088 111.239126132594
    vertex 141.000000000002 27.019601000008 112.392577132594
    vertex 141.000000000002 27.5659840000081 112.193710132595
  endloop
endfacet
facet normal -1.0 0.0 0.0
  outer loop
    vertex 141.000000000002 27.2678480000088 111.239126132594
    vertex 141.000000000002 27.5659840000081 112.193710132595
    vertex 141.000000000002 27.8882680000089 111.087553132595
  endloop
endfacet
facet normal -1.0 0.0 0.0
  outer loop
    vertex 141.000000000002 27.8882680000089 111.087553132595
    vertex 141.000000000002 27.5659840000081 112.193710132595
    vertex 141.000000000002 28.1317591000082 112.059619132595
  endloop
endfacet
facet normal -1.0 0.0 0.0
  outer loop
    vertex 141.000000000002 27.8882680000089 111.087553132595
    vertex 141.000000000002 28.1317591000082 112.059619132595
    vertex 141.000000000002 28.5212834000089 111.002786132595
  endloop
endfacet
facet normal -1.0 0.0 0.0
  outer loop
    vertex 141.000000000002 28.5212834000089 111.002786132595
    vertex 141.000000000002 28.1317591000082 112.059619132595
    vertex 141.000000000002 28.7092759000083 111.992117132595
  endloop
endfacet
facet normal -1.0 0.0 0.0
  outer loop
    vertex 141.000000000002 28.5212834000089 111.002786132595
    vertex 141.000000000002 28.7092759000083 111.992117132595
    vertex 141.000000000002 29.1597231000089 110.985784132596
  endloop
endfacet
facet normal -1.0 0.0 0.0
  outer loop
    vertex 141.000000000002 29.1597231000089 110.985784132596
    vertex 141.000000000002 28.7092759000083 111.992117132595
    vertex 141.000000000002 29.2907241000083 111.992117132596
  endloop
endfacet
facet normal -1.0 0.0 0.0
  outer loop
    vertex 141.000000000002 29.1597231000089 110.985784132596
    vertex 141.000000000002 29.2907241000083 111.992117132596
    vertex 141.000000000002 29.7963532000089 111.036741132596
  endloop
endfacet
facet normal -1.0 0.0 0.0
  outer loop
    vertex 141.000000000002 29.7963532000089 111.036741132596
    vertex 141.000000000002 29.2907241000083 111.992117132596
    vertex 141.000000000002 29.8682409000082 112.059619132596
  endloop
endfacet
facet normal -1.0 0.0 0.0
  outer loop
    vertex 141.000000000002 29.7963532000089 111.036741132596
    vertex 141.000000000002 29.8682409000082 112.059619132596
    vertex 141.000000000002 30.4239600000088 111.155079132596
  endloop
endfacet
facet normal -1.0 0.0 0.0
  outer loop
    vertex 141.000000000002 30.4239600000088 111.155079132596
    vertex 141.000000000002 29.8682409000082 112.059619132596
    vertex 141.000000000002 30.4340160000081 112.193710132596
  endloop
endfacet
facet normal -1.0 0.0 0.0
  outer loop
    vertex 141.000000000002 30.4239600000088 111.155079132596
    vertex 141.000000000002 30.4340160000081 112.193710132596
    vertex 141.000000000002 31.0354330000087 111.339456132597
  endloop
endfacet
facet normal -1.0 0.0 0.0
  outer loop
    vertex 141.000000000002 31.0354330000087 111.339456132597
    vertex 141.000000000002 30.4340160000081 112.193710132596
    vertex 141.000000000002 30.980399000008 112.392577132597
  endloop
endfacet
facet normal -1.0 0.0 0.0
  outer loop
    vertex 141.000000000002 31.0354330000087 111.339456132597
    vertex 141.000000000002 30.980399000008 112.392577132597
    vertex 141.000000000002 31.5000000000078 112.653531132597
  endloop
endfacet
facet normal -1.0 0.0 0.0
  outer loop
    vertex 141.000000000002 31.0354330000087 111.339456132597
    vertex 141.000000000002 31.5000000000078 112.653531132597
    vertex 141.000000000002 31.6238440000085 111.587785132597
  endloop
endfacet
facet normal -1.0 0.0 0.0
  outer loop
    vertex 141.000000000002 31.6238440000085 111.587785132597
    vertex 141.000000000002 31.5000000000078 112.653531132597
    vertex 141.000000000002 31.9857930000076 112.973042132597
  endloop
endfacet
facet normal -1.0 0.0 0.0
  outer loop
    vertex 141.000000000002 31.6238440000085 111.587785132597
    vertex 141.000000000002 31.9857930000076 112.973042132597
    vertex 141.000000000002 32.1825250000083 111.897251132598
  endloop
endfacet
facet normal -1.0 0.0 0.0
  outer loop
    vertex 141.000000000002 32.1825250000083 111.897251132598
    vertex 141.000000000002 31.9857930000076 112.973042132597
    vertex 141.000000000002 32.4312080000074 113.346790132598
  endloop
endfacet
facet normal -1.0 0.0 0.0
  outer loop
    vertex 141.000000000002 32.1825250000083 111.897251132598
    vertex 141.000000000002 32.4312080000074 113.346790132598
    vertex 141.000000000002 32.7051480000081 112.264349132598
  endloop
endfacet
facet normal -1.0 0.0 0.0
  outer loop
    vertex 141.000000000002 32.7051480000081 112.264349132598
    vertex 141.000000000002 32.4312080000074 113.346790132598
    vertex 141.000000000002 32.8302220000071 113.769720132598
  endloop
endfacet
facet normal -1.0 0.0 0.0
  outer loop
    vertex 141.000000000002 32.7051480000081 112.264349132598
    vertex 141.000000000002 32.8302220000071 113.769720132598
    vertex 141.000000000002 33.1857890000078 112.684918132598
  endloop
endfacet
facet normal -1.0 0.0 0.0
  outer loop
    vertex 141.000000000002 33.1857890000078 112.684918132598
    vertex 141.000000000002 32.8302220000071 113.769720132598
    vertex 141.000000000002 33.1774390000068 114.236113132598
  endloop
endfacet
facet normal -1.0 0.0 0.0
  outer loop
    vertex 141.000000000002 33.1857890000078 112.684918132598
    vertex 141.000000000002 33.1774390000068 114.236113132598
    vertex 141.000000000002 33.4681630000065 114.739662132598
  endloop
endfacet
facet normal -1.0 0.0 0.0
  outer loop
    vertex 141.000000000002 33.1857890000078 112.684918132598
    vertex 141.000000000002 33.4681630000065 114.739662132598
    vertex 141.000000000002 33.6190040000075 113.154193132599
  endloop
endfacet
facet normal -1.0 0.0 0.0
  outer loop
    vertex 141.000000000002 33.6190040000075 113.154193132599
    vertex 141.000000000002 33.4681630000065 114.739662132598
    vertex 141.000000000002 33.6984630000061 115.273557132599
  endloop
endfacet
facet normal -1.0 0.0 0.0
  outer loop
    vertex 141.000000000002 33.6190040000075 113.154193132599
    vertex 141.000000000002 33.6984630000061 115.273557132599
    vertex 141.000000000002 33.9998840000072 113.666858132599
  endloop
endfacet
facet normal -1.0 0.0 0.0
  outer loop
    vertex 141.000000000002 33.9998840000072 113.666858132599
    vertex 141.000000000002 33.6984630000061 115.273557132599
    vertex 141.000000000002 33.8652240000057 115.830579132599
  endloop
endfacet
facet normal -1.0 0.0 0.0
  outer loop
    vertex 141.000000000002 33.9998840000072 113.666858132599
    vertex 141.000000000002 33.8652240000057 115.830579132599
    vertex 141.000000000002 33.9661920000054 116.403193532599
  endloop
endfacet
facet normal -1.0 0.0 0.0
  outer loop
    vertex 141.000000000002 33.9998840000072 113.666858132599
    vertex 141.000000000002 33.9661920000054 116.403193532599
    vertex 141.000000000002 34.000000000005 116.983658132599
  endloop
endfacet
facet normal -1.0 0.0 0.0
  outer loop
    vertex 141.000000000002 33.9998840000072 113.666858132599
    vertex 141.000000000002 34.000000000005 116.983658132599
    vertex 141.000000000002 34.3241120000068 114.217103132599
  endloop
endfacet
facet normal -1.0 0.0 0.0
  outer loop
    vertex 141.000000000002 34.3241120000068 114.217103132599
    vertex 141.000000000002 34.000000000005 116.983658132599
    vertex 141.000000000002 34.3241120000032 119.750213132599
  endloop
endfacet
facet normal -1.0 0.0 0.0
  outer loop
    vertex 141.000000000002 34.3241120000068 114.217103132599
    vertex 141.000000000002 34.3241120000032 119.750213132599
    vertex 141.000000000002 34.5880170000035 119.168621132599
  endloop
endfacet
facet normal -1.0 0.0 0.0
  outer loop
    vertex 141.000000000002 34.3241120000068 114.217103132599
    vertex 141.000000000002 34.5880170000035 119.168621132599
    vertex 141.000000000002 34.5880170000064 114.798695132599
  endloop
endfacet
facet normal -1.0 0.0 0.0
  outer loop
    vertex 141.000000000002 34.5880170000064 114.798695132599
    vertex 141.000000000002 34.5880170000035 119.168621132599
    vertex 141.000000000002 34.7886070000039 118.562273132599
  endloop
endfacet
facet normal -1.0 0.0 0.0
  outer loop
    vertex 141.000000000002 34.5880170000064 114.798695132599
    vertex 141.000000000002 34.7886070000039 118.562273132599
    vertex 141.000000000002 34.788607000006 115.405043132599
  endloop
endfacet
facet normal -1.0 0.0 0.0
  outer loop
    vertex 141.000000000002 34.788607000006 115.405043132599
    vertex 141.000000000002 34.7886070000039 118.562273132599
    vertex 141.000000000002 34.9236100000044 117.938039132599
  endloop
endfacet
facet normal -1.0 0.0 0.0
  outer loop
    vertex 141.000000000002 34.788607000006 115.405043132599
    vertex 141.000000000002 34.9236100000044 117.938039132599
    vertex 141.000000000002 34.9236100000056 116.029277132599
  endloop
endfacet
facet normal -1.0 0.0 0.0
  outer loop
    vertex 141.000000000002 34.9236100000056 116.029277132599
    vertex 141.000000000002 34.9236100000044 117.938039132599
    vertex 141.000000000002 34.9914960000048 117.302991132599
  endloop
endfacet
facet normal -1.0 0.0 0.0
  outer loop
    vertex 141.000000000002 34.9236100000056 116.029277132599
    vertex 141.000000000002 34.9914960000048 117.302991132599
    vertex 141.000000000002 34.9914960000052 116.664325132599
  endloop
endfacet
facet normal 1.92367363741426e-006 0.694821892629124 0.719181852885334
  outer loop
    vertex 8.00000000019318 44.1836561570677 133.588068132606
    vertex 3.00000000000156 45.0714299999946 132.730378132606
    vertex 3.00000000000156 44.1836699999941 133.588068132605
  endloop
endfacet
facet normal 1.92367363741426e-006 0.694821892629124 0.719181852885334
  outer loop
    vertex 3.00000000000156 45.0714299999946 132.730378132606
    vertex 8.00000000019318 44.1836561570677 133.588068132606
    vertex 8.00000000019318 45.0714161570683 132.730378132606
  endloop
endfacet
facet normal 1.81155597994202e-006 0.654325522219312 0.756213006347513
  outer loop
    vertex 8.00000000019318 43.2501861570672 134.395768132605
    vertex 3.00000000000156 44.1836699999941 133.588068132605
    vertex 3.00000000000156 43.2501999999935 134.395768132605
  endloop
endfacet
facet normal 1.81155597994202e-006 0.654325522219312 0.756213006347513
  outer loop
    vertex 3.00000000000156 44.1836699999941 133.588068132605
    vertex 8.00000000019318 43.2501861570672 134.395768132605
    vertex 8.00000000019318 44.1836561570677 133.588068132606
  endloop
endfacet
facet normal 7.50056190562846e-007 0.270916785041271 0.962602771439153
  outer loop
    vertex 8.00000000019318 34.4992131570643 138.801278132599
    vertex 3.00000000000156 35.6874649999909 138.4668581326
    vertex 3.00000000000156 34.4992269999907 138.801278132599
  endloop
endfacet
facet normal 7.50056190562846e-007 0.270916785041271 0.962602771439153
  outer loop
    vertex 3.00000000000156 35.6874649999909 138.4668581326
    vertex 8.00000000019318 34.4992131570643 138.801278132599
    vertex 8.00000000019318 35.6874511570645 138.4668581326
  endloop
endfacet
facet normal -4.53685020452047e-007 -0.163868889411807 0.986482127097463
  outer loop
    vertex 8.00000000019318 24.7055501570641 139.070028132593
    vertex 3.00000000000156 25.9232789999903 139.272308132593
    vertex 3.00000000000156 24.7055639999905 139.070028132593
  endloop
endfacet
facet normal -4.53685020452047e-007 -0.163868889411807 0.986482127097463
  outer loop
    vertex 3.00000000000156 25.9232789999903 139.272308132593
    vertex 8.00000000019318 24.7055501570641 139.070028132593
    vertex 8.00000000019318 25.923265157064 139.272308132594
  endloop
endfacet
facet normal 1.44401807564568e-006 0.521572558111122 0.853206930716889
  outer loop
    vertex 8.00000000019318 40.2043261570658 136.495518132603
    vertex 3.00000000000156 41.2575399999926 135.851688132603
    vertex 3.00000000000156 40.2043399999922 136.495518132603
  endloop
endfacet
facet normal 1.44401807564568e-006 0.521572558111122 0.853206930716889
  outer loop
    vertex 3.00000000000156 41.2575399999926 135.851688132603
    vertex 8.00000000019318 40.2043261570658 136.495518132603
    vertex 8.00000000019318 41.2575261570662 135.851688132604
  endloop
endfacet
facet normal 1.1766222847619e-006 0.424990454623248 0.905197831127395
  outer loop
    vertex 8.00000000019318 38.0000261570651 137.605228132601
    vertex 3.00000000000156 39.1174199999918 137.080618132602
    vertex 3.00000000000156 38.0000399999914 137.605228132601
  endloop
endfacet
facet normal 1.1766222847619e-006 0.424990454623248 0.905197831127395
  outer loop
    vertex 3.00000000000156 39.1174199999918 137.080618132602
    vertex 8.00000000019318 38.0000261570651 137.605228132601
    vertex 8.00000000019318 39.1174061570654 137.080618132602
  endloop
endfacet
facet normal -3.03211597840485e-007 -0.109518595656925 0.993984746968103
  outer loop
    vertex 8.00000000019318 25.923265157064 139.272308132594
    vertex 3.00000000000156 27.1502559999903 139.407498132594
    vertex 3.00000000000156 25.9232789999903 139.272308132593
  endloop
endfacet
facet normal -3.03211597840485e-007 -0.109518595656925 0.993984746968103
  outer loop
    vertex 3.00000000000156 27.1502559999903 139.407498132594
    vertex 8.00000000019318 25.923265157064 139.272308132594
    vertex 8.00000000019318 27.1502421570639 139.407498132594
  endloop
endfacet
facet normal 1.69403476040906e-006 0.611877409309983 0.790952612975793
  outer loop
    vertex 8.00000000019318 42.2738361570667 135.151068132604
    vertex 3.00000000000156 43.2501999999935 134.395768132605
    vertex 3.00000000000156 42.273849999993 135.151068132604
  endloop
endfacet
facet normal 1.69403476040906e-006 0.611877409309983 0.790952612975793
  outer loop
    vertex 3.00000000000156 43.2501999999935 134.395768132605
    vertex 8.00000000019318 42.2738361570667 135.151068132604
    vertex 8.00000000019318 43.2501861570672 134.395768132605
  endloop
endfacet
facet normal 1.51819023037869e-007 0.0548363296289116 0.998495356500373
  outer loop
    vertex 8.00000000019318 29.6171868570639 139.475188132596
    vertex 3.00000000000156 30.8497439999903 139.407498132597
    vertex 3.00000000000156 29.6172006999902 139.475188132596
  endloop
endfacet
facet normal 1.51819023037869e-007 0.0548363296289116 0.998495356500373
  outer loop
    vertex 3.00000000000156 30.8497439999903 139.407498132597
    vertex 8.00000000019318 29.6171868570639 139.475188132596
    vertex 8.00000000019318 30.8497301570639 139.407498132597
  endloop
endfacet
facet normal -6.0276750811913e-007 -0.217716784027699 0.976011988631427
  outer loop
    vertex 8.00000000019318 23.5007591570643 138.801278132592
    vertex 3.00000000000156 24.7055639999905 139.070028132593
    vertex 3.00000000000156 23.5007729999907 138.801278132592
  endloop
endfacet
facet normal -6.0276750811913e-007 -0.217716784027699 0.976011988631427
  outer loop
    vertex 3.00000000000156 24.7055639999905 139.070028132593
    vertex 8.00000000019318 23.5007591570643 138.801278132592
    vertex 8.00000000019318 24.7055501570641 139.070028132593
  endloop
endfacet
facet normal -7.500562470347e-007 -0.270916785042513 0.962602771438804
  outer loop
    vertex 8.00000000019318 22.3125211570645 138.466858132591
    vertex 3.00000000000156 23.5007729999907 138.801278132592
    vertex 3.00000000000156 22.3125349999909 138.466858132591
  endloop
endfacet
facet normal -7.500562470347e-007 -0.270916785042513 0.962602771438804
  outer loop
    vertex 3.00000000000156 23.5007729999907 138.801278132592
    vertex 8.00000000019318 22.3125211570645 138.466858132591
    vertex 8.00000000019318 23.5007591570643 138.801278132592
  endloop
endfacet
facet normal -3.15854461400557e-014 -6.57930513505399e-013 1.0
  outer loop
    vertex 8.00000000019318 28.3827854570639 139.475188132595
    vertex 3.00000000000156 29.6172006999902 139.475188132596
    vertex 3.00000000000156 28.3827992999902 139.475188132595
  endloop
endfacet
facet normal -3.15854461400557e-014 -6.57930513505399e-013 1.0
  outer loop
    vertex 3.00000000000156 29.6172006999902 139.475188132596
    vertex 8.00000000019318 28.3827854570639 139.475188132595
    vertex 8.00000000019318 29.6171868570639 139.475188132596
  endloop
endfacet
facet normal 1.03743051119594e-006 0.37471503909657 0.927140032289503
  outer loop
    vertex 8.00000000019318 36.8555601570648 138.067778132601
    vertex 3.00000000000156 38.0000399999914 137.605228132601
    vertex 3.00000000000156 36.8555739999911 138.067778132601
  endloop
endfacet
facet normal 1.03743051119594e-006 0.37471503909657 0.927140032289503
  outer loop
    vertex 3.00000000000156 38.0000399999914 137.605228132601
    vertex 8.00000000019318 36.8555601570648 138.067778132601
    vertex 8.00000000019318 38.0000261570651 137.605228132601
  endloop
endfacet
facet normal -8.9508019895146e-007 -0.323298755660618 0.946296948419203
  outer loop
    vertex 8.00000000019318 21.1444121570648 138.06777813259
    vertex 3.00000000000156 22.3125349999909 138.466858132591
    vertex 3.00000000000156 21.1444259999912 138.06777813259
  endloop
endfacet
facet normal -8.9508019895146e-007 -0.323298755660618 0.946296948419203
  outer loop
    vertex 3.00000000000156 22.3125349999909 138.466858132591
    vertex 8.00000000019318 21.1444121570648 138.06777813259
    vertex 8.00000000019318 22.3125211570645 138.466858132591
  endloop
endfacet
facet normal -1.03743056349077e-006 -0.374715039097802 0.927140032289005
  outer loop
    vertex 8.00000000019318 19.9999461570651 137.60522813259
    vertex 3.00000000000156 21.1444259999912 138.06777813259
    vertex 3.00000000000156 19.9999599999915 137.60522813259
  endloop
endfacet
facet normal -1.03743056349077e-006 -0.374715039097802 0.927140032289005
  outer loop
    vertex 3.00000000000156 21.1444259999912 138.06777813259
    vertex 8.00000000019318 19.9999461570651 137.60522813259
    vertex 8.00000000019318 21.1444121570648 138.06777813259
  endloop
endfacet
facet normal -1.51819083860195e-007 -0.0548363296302184 0.998495356500301
  outer loop
    vertex 8.00000000019318 27.1502421570639 139.407498132594
    vertex 3.00000000000156 28.3827992999902 139.475188132595
    vertex 3.00000000000156 27.1502559999903 139.407498132594
  endloop
endfacet
facet normal -1.51819083860195e-007 -0.0548363296302184 0.998495356500301
  outer loop
    vertex 3.00000000000156 28.3827992999902 139.475188132595
    vertex 8.00000000019318 27.1502421570639 139.407498132594
    vertex 8.00000000019318 28.3827854570639 139.475188132595
  endloop
endfacet
facet normal 4.53684962583562e-007 0.163868889410494 0.986482127097681
  outer loop
    vertex 8.00000000019318 32.076707157064 139.272308132598
    vertex 3.00000000000156 33.2944359999905 139.070028132598
    vertex 3.00000000000156 32.0767209999904 139.272308132597
  endloop
endfacet
facet normal 4.53684962583562e-007 0.163868889410494 0.986482127097681
  outer loop
    vertex 3.00000000000156 33.2944359999905 139.070028132598
    vertex 8.00000000019318 32.076707157064 139.272308132598
    vertex 8.00000000019318 33.2944221570641 139.070028132598
  endloop
endfacet
facet normal 1.57138622498097e-006 0.567577334568347 0.823320089200927
  outer loop
    vertex 8.00000000019318 41.2575261570662 135.851688132604
    vertex 3.00000000000156 42.273849999993 135.151068132604
    vertex 3.00000000000156 41.2575399999926 135.851688132603
  endloop
endfacet
facet normal 1.57138622498097e-006 0.567577334568347 0.823320089200927
  outer loop
    vertex 3.00000000000156 42.273849999993 135.151068132604
    vertex 8.00000000019318 41.2575261570662 135.851688132604
    vertex 8.00000000019318 42.2738361570667 135.151068132604
  endloop
endfacet
facet normal 3.03211539536403e-007 0.109518595655681 0.99398474696824
  outer loop
    vertex 8.00000000019318 30.8497301570639 139.407498132597
    vertex 3.00000000000156 32.0767209999904 139.272308132597
    vertex 3.00000000000156 30.8497439999903 139.407498132597
  endloop
endfacet
facet normal 3.03211539536403e-007 0.109518595655681 0.99398474696824
  outer loop
    vertex 3.00000000000156 32.0767209999904 139.272308132597
    vertex 8.00000000019318 30.8497301570639 139.407498132597
    vertex 8.00000000019318 32.076707157064 139.272308132598
  endloop
endfacet
facet normal -1.3122995799047e-006 -0.473996437604718 0.880526761169877
  outer loop
    vertex 8.00000000019318 17.7956461570658 136.495518132588
    vertex 3.00000000000156 18.8825799999918 137.080618132589
    vertex 3.00000000000156 17.7956599999922 136.495518132588
  endloop
endfacet
facet normal -1.3122995799047e-006 -0.473996437604718 0.880526761169877
  outer loop
    vertex 3.00000000000156 18.8825799999918 137.080618132589
    vertex 8.00000000019318 17.7956461570658 136.495518132588
    vertex 8.00000000019318 18.8825661570654 137.080618132589
  endloop
endfacet
facet normal 1.31229952825336e-006 0.473996437603552 0.880526761170505
  outer loop
    vertex 8.00000000019318 39.1174061570654 137.080618132602
    vertex 3.00000000000156 40.2043399999922 136.495518132603
    vertex 3.00000000000156 39.1174199999918 137.080618132602
  endloop
endfacet
facet normal 1.31229952825336e-006 0.473996437603552 0.880526761170505
  outer loop
    vertex 3.00000000000156 40.2043399999922 136.495518132603
    vertex 8.00000000019318 39.1174061570654 137.080618132602
    vertex 8.00000000019318 40.2043261570658 136.495518132603
  endloop
endfacet
facet normal 8.95080145573463e-007 0.323298755659369 0.946296948419629
  outer loop
    vertex 8.00000000019318 35.6874511570645 138.4668581326
    vertex 3.00000000000156 36.8555739999911 138.067778132601
    vertex 3.00000000000156 35.6874649999909 138.4668581326
  endloop
endfacet
facet normal 8.95080145573463e-007 0.323298755659369 0.946296948419629
  outer loop
    vertex 3.00000000000156 36.8555739999911 138.067778132601
    vertex 8.00000000019318 35.6874511570645 138.4668581326
    vertex 8.00000000019318 36.8555601570648 138.067778132601
  endloop
endfacet
facet normal -1.17662233786035e-006 -0.424990454624418 0.905197831126846
  outer loop
    vertex 8.00000000019318 18.8825661570654 137.080618132589
    vertex 3.00000000000156 19.9999599999915 137.60522813259
    vertex 3.00000000000156 18.8825799999918 137.080618132589
  endloop
endfacet
facet normal -1.17662233786035e-006 -0.424990454624418 0.905197831126846
  outer loop
    vertex 3.00000000000156 19.9999599999915 137.60522813259
    vertex 8.00000000019318 18.8825661570654 137.080618132589
    vertex 8.00000000019318 19.9999461570651 137.60522813259
  endloop
endfacet
facet normal 6.02767450866693e-007 0.217716784026415 0.976011988631714
  outer loop
    vertex 8.00000000019318 33.2944221570641 139.070028132598
    vertex 3.00000000000156 34.4992269999907 138.801278132599
    vertex 3.00000000000156 33.2944359999905 139.070028132598
  endloop
endfacet
facet normal 6.02767450866693e-007 0.217716784026415 0.976011988631714
  outer loop
    vertex 3.00000000000156 34.4992269999907 138.801278132599
    vertex 8.00000000019318 33.2944221570641 139.070028132598
    vertex 8.00000000019318 34.4992131570643 138.801278132599
  endloop
endfacet
facet normal -1.44401812570613e-006 -0.521572558112256 0.853206930716196
  outer loop
    vertex 8.00000000019318 16.7424461570663 135.851688132588
    vertex 3.00000000000156 17.7956599999922 136.495518132588
    vertex 3.00000000000156 16.7424599999926 135.851688132587
  endloop
endfacet
facet normal -1.44401812570613e-006 -0.521572558112256 0.853206930716196
  outer loop
    vertex 3.00000000000156 17.7956599999922 136.495518132588
    vertex 8.00000000019318 16.7424461570663 135.851688132588
    vertex 8.00000000019318 17.7956461570658 136.495518132588
  endloop
endfacet
facet normal -1.57138627143252e-006 -0.567577334569413 0.823320089200192
  outer loop
    vertex 8.00000000019318 15.7261361570667 135.151068132587
    vertex 3.00000000000156 16.7424599999926 135.851688132587
    vertex 3.00000000000156 15.7261499999931 135.151068132587
  endloop
endfacet
facet normal -1.57138627143252e-006 -0.567577334569413 0.823320089200192
  outer loop
    vertex 3.00000000000156 16.7424599999926 135.851688132587
    vertex 8.00000000019318 15.7261361570667 135.151068132587
    vertex 8.00000000019318 16.7424461570663 135.851688132588
  endloop
endfacet
facet normal -1.69403480502227e-006 -0.611877409311015 0.790952612974994
  outer loop
    vertex 8.00000000019318 14.7497861570672 134.395768132586
    vertex 3.00000000000156 15.7261499999931 135.151068132587
    vertex 3.00000000000156 14.7497999999936 134.395768132586
  endloop
endfacet
facet normal -1.69403480502227e-006 -0.611877409311015 0.790952612974994
  outer loop
    vertex 3.00000000000156 15.7261499999931 135.151068132587
    vertex 8.00000000019318 14.7497861570672 134.395768132586
    vertex 8.00000000019318 15.7261361570667 135.151068132587
  endloop
endfacet
facet normal -1.81155602429272e-006 -0.654325522220322 0.756213006346638
  outer loop
    vertex 8.00000000019318 13.8163161570677 133.588068132586
    vertex 3.00000000000156 14.7497999999936 134.395768132586
    vertex 3.00000000000156 13.8163299999941 133.588068132586
  endloop
endfacet
facet normal -1.81155602429272e-006 -0.654325522220322 0.756213006346638
  outer loop
    vertex 3.00000000000156 14.7497999999936 134.395768132586
    vertex 8.00000000019318 13.8163161570677 133.588068132586
    vertex 8.00000000019318 14.7497861570672 134.395768132586
  endloop
endfacet
facet normal -2.22374826445362e-006 -0.803207424954889 0.595699448121611
  outer loop
    vertex 8.00000000019308 34.4110591570815 112.542905132599
    vertex 3.00000000000156 34.8202870000075 113.094666132599
    vertex 3.00000000000156 34.4110730000079 112.542905132599
  endloop
endfacet
facet normal -2.22374826445362e-006 -0.803207424954889 0.595699448121611
  outer loop
    vertex 3.00000000000156 34.8202870000075 113.094666132599
    vertex 8.00000000019308 34.4110591570815 112.542905132599
    vertex 8.00000000019308 34.8202731570812 113.094666132599
  endloop
endfacet
facet normal -1.18372337014996e-006 -0.427555313418351 0.903989189076028
  outer loop
    vertex 8.00000000019308 31.6787701570829 110.516501132597
    vertex 3.00000000000156 32.299777000009 110.810209132598
    vertex 3.00000000000156 31.6787840000092 110.516501132597
  endloop
endfacet
facet normal -1.18372337014996e-006 -0.427555313418351 0.903989189076028
  outer loop
    vertex 3.00000000000156 32.299777000009 110.810209132598
    vertex 8.00000000019308 31.6787701570829 110.516501132597
    vertex 8.00000000019308 32.2997631570827 110.810209132598
  endloop
endfacet
facet normal -2.73861956994026e-006 -0.9891765276171 0.146730355427487
  outer loop
    vertex 8.00000000019308 35.8654831570795 115.6180261326
    vertex 3.00000000000156 35.9662930000054 116.2975381326
    vertex 3.00000000000156 35.8654970000059 115.6180261326
  endloop
endfacet
facet normal -2.73861956994026e-006 -0.9891765276171 0.146730355427487
  outer loop
    vertex 3.00000000000156 35.9662930000054 116.2975381326
    vertex 8.00000000019308 35.8654831570795 115.6180261326
    vertex 8.00000000019308 35.9662791570791 116.2975381326
  endloop
endfacet
facet normal 1.85926982298e-006 0.671559537504048 0.74095059726266
  outer loop
    vertex 8.00000000019318 24.0502391570819 112.033911132592
    vertex 3.00000000000156 24.5592470000085 111.572585132593
    vertex 3.00000000000156 24.0502530000082 112.033911132592
  endloop
endfacet
facet normal 1.85926982298e-006 0.671559537504048 0.74095059726266
  outer loop
    vertex 3.00000000000156 24.5592470000085 111.572585132593
    vertex 8.00000000019318 24.0502391570819 112.033911132592
    vertex 8.00000000019318 24.5592331570822 111.572585132593
  endloop
endfacet
facet normal 2.22374822951449e-006 0.803207424954079 0.595699448122703
  outer loop
    vertex 3.00000000000156 23.1797130000075 113.094666132592
    vertex 8.00000000019318 23.5889131570816 112.542905132592
    vertex 3.00000000000156 23.5889270000079 112.542905132592
  endloop
endfacet
facet normal 2.22374822951449e-006 0.803207424954079 0.595699448122703
  outer loop
    vertex 8.00000000019318 23.5889131570816 112.542905132592
    vertex 3.00000000000156 23.1797130000075 113.094666132592
    vertex 8.00000000019318 23.1796991570812 113.094666132592
  endloop
endfacet
facet normal -1.42333766681764e-006 -0.514102872731286 0.857728532956328
  outer loop
    vertex 8.00000000019308 32.2997631570827 110.810209132598
    vertex 3.00000000000156 32.8889920000088 111.163371132598
    vertex 3.00000000000156 32.299777000009 110.810209132598
  endloop
endfacet
facet normal -1.42333766681764e-006 -0.514102872731286 0.857728532956328
  outer loop
    vertex 3.00000000000156 32.8889920000088 111.163371132598
    vertex 8.00000000019308 32.2997631570827 110.810209132598
    vertex 8.00000000019308 32.8889781570824 111.163371132598
  endloop
endfacet
facet normal 4.06235471963884e-007 0.146730355428025 0.989176527620728
  outer loop
    vertex 8.00000000019308 27.6343541570831 110.118161132595
    vertex 3.00000000000156 28.3138800000096 110.017365132595
    vertex 3.00000000000156 27.6343680000095 110.118161132595
  endloop
endfacet
facet normal 4.06235471963884e-007 0.146730355428025 0.989176527620728
  outer loop
    vertex 3.00000000000156 28.3138800000096 110.017365132595
    vertex 8.00000000019308 27.6343541570831 110.118161132595
    vertex 8.00000000019308 28.3138661570832 110.017365132595
  endloop
endfacet
facet normal -6.72712357033272e-007 -0.242980534290612 0.970031164424832
  outer loop
    vertex 8.00000000019308 30.3656181570831 110.118161132597
    vertex 3.00000000000156 31.0319930000094 110.285076132597
    vertex 3.00000000000156 30.3656320000095 110.118161132596
  endloop
endfacet
facet normal -6.72712357033272e-007 -0.242980534290612 0.970031164424832
  outer loop
    vertex 3.00000000000156 31.0319930000094 110.285076132597
    vertex 8.00000000019308 30.3656181570831 110.118161132597
    vertex 8.00000000019308 31.031979157083 110.285076132597
  endloop
endfacet
facet normal 2.50277114225586e-006 0.90398918907383 0.427555313417311
  outer loop
    vertex 3.00000000000156 22.5328430000067 114.304874132591
    vertex 8.00000000019318 22.8265371570808 113.683881132592
    vertex 3.00000000000156 22.8265510000072 113.683881132591
  endloop
endfacet
facet normal 2.50277114225586e-006 0.90398918907383 0.427555313417311
  outer loop
    vertex 8.00000000019318 22.8265371570808 113.683881132592
    vertex 3.00000000000156 22.5328430000067 114.304874132591
    vertex 8.00000000019318 22.5328291570804 114.304874132591
  endloop
endfacet
facet normal 1.42333761651186e-006 0.514102872730174 0.857728532956993
  outer loop
    vertex 8.00000000019308 25.1109941570825 111.163371132593
    vertex 3.00000000000156 25.700223000009 110.810209132593
    vertex 3.00000000000156 25.1110080000088 111.163371132593
  endloop
endfacet
facet normal 1.42333761651186e-006 0.514102872730174 0.857728532956993
  outer loop
    vertex 3.00000000000156 25.700223000009 110.810209132593
    vertex 8.00000000019308 25.1109941570825 111.163371132593
    vertex 8.00000000019308 25.7002091570827 110.810209132593
  endloop
endfacet
facet normal 2.60674568692689e-006 0.94154430542462 0.336889181951092
  outer loop
    vertex 3.00000000000156 22.3014180000063 114.951665132591
    vertex 8.00000000019318 22.5328291570804 114.304874132591
    vertex 3.00000000000156 22.5328430000067 114.304874132591
  endloop
endfacet
facet normal 2.60674568692689e-006 0.94154430542462 0.336889181951092
  outer loop
    vertex 8.00000000019318 22.5328291570804 114.304874132591
    vertex 3.00000000000156 22.3014180000063 114.951665132591
    vertex 8.00000000019318 22.30140415708 114.951665132591
  endloop
endfacet
facet normal -1.92367367797926e-006 -0.694821892630058 0.719181852884431
  outer loop
    vertex 8.00000000019318 12.9285561570683 132.730378132585
    vertex 3.00000000000156 13.8163299999941 133.588068132586
    vertex 3.00000000000156 12.9285699999947 132.730378132585
  endloop
endfacet
facet normal -1.92367367797926e-006 -0.694821892630058 0.719181852884431
  outer loop
    vertex 3.00000000000156 13.8163299999941 133.588068132586
    vertex 8.00000000019318 12.9285561570683 132.730378132585
    vertex 8.00000000019318 13.8163161570677 133.588068132586
  endloop
endfacet
facet normal -9.32706455015567e-007 -0.33688918195209 0.941544305427409
  outer loop
    vertex 8.00000000019308 31.031979157083 110.285076132597
    vertex 3.00000000000156 31.6787840000092 110.516501132597
    vertex 3.00000000000156 31.0319930000094 110.285076132597
  endloop
endfacet
facet normal -9.32706455015567e-007 -0.33688918195209 0.941544305427409
  outer loop
    vertex 3.00000000000156 31.6787840000092 110.516501132597
    vertex 8.00000000019308 31.031979157083 110.285076132597
    vertex 8.00000000019308 31.6787701570829 110.516501132597
  endloop
endfacet
facet normal -4.06235529988567e-007 -0.146730355429334 0.989176527620534
  outer loop
    vertex 8.00000000019308 29.6861061570832 110.017365132596
    vertex 3.00000000000156 30.3656320000095 110.118161132596
    vertex 3.00000000000156 29.6861200000095 110.017365132596
  endloop
endfacet
facet normal -4.06235529988567e-007 -0.146730355429334 0.989176527620534
  outer loop
    vertex 3.00000000000156 30.3656320000095 110.118161132596
    vertex 8.00000000019308 29.6861061570832 110.017365132596
    vertex 8.00000000019308 30.3656181570831 110.118161132597
  endloop
endfacet
facet normal -2.76525037413141e-006 -0.998795450077608 0.0490677989787797
  outer loop
    vertex 8.00000000019308 35.9662791570791 116.2975381326
    vertex 3.00000000000156 36.000000000005 116.9836581326
    vertex 3.00000000000156 35.9662930000054 116.2975381326
  endloop
endfacet
facet normal -2.76525037413141e-006 -0.998795450077608 0.0490677989787797
  outer loop
    vertex 3.00000000000156 36.000000000005 116.9836581326
    vertex 8.00000000019308 35.9662791570791 116.2975381326
    vertex 8.00000000019308 35.9999861570786 116.9836581326
  endloop
endfacet
facet normal -2.50277116733868e-006 -0.903989189074389 0.427555313416129
  outer loop
    vertex 8.00000000019308 35.1734351570808 113.6838811326
    vertex 3.00000000000156 35.4671570000067 114.3048741326
    vertex 3.00000000000156 35.1734490000071 113.6838811326
  endloop
endfacet
facet normal -2.50277116733868e-006 -0.903989189074389 0.427555313416129
  outer loop
    vertex 3.00000000000156 35.4671570000067 114.3048741326
    vertex 8.00000000019308 35.1734351570808 113.6838811326
    vertex 8.00000000019308 35.4671431570804 114.3048741326
  endloop
endfacet
facet normal -1.35848414872469e-007 -0.0490677989802477 0.998795450081355
  outer loop
    vertex 8.00000000019308 28.9999861570832 109.983658132596
    vertex 3.00000000000156 29.6861200000095 110.017365132596
    vertex 3.00000000000156 29.0000000000096 109.983658132595
  endloop
endfacet
facet normal -1.35848414872469e-007 -0.0490677989802477 0.998795450081355
  outer loop
    vertex 3.00000000000156 29.6861200000095 110.017365132596
    vertex 8.00000000019308 28.9999861570832 109.983658132596
    vertex 8.00000000019308 29.6861061570832 110.017365132596
  endloop
endfacet
facet normal 6.72712300135706e-007 0.242980534289322 0.970031164425156
  outer loop
    vertex 8.00000000019308 26.967993157083 110.285076132594
    vertex 3.00000000000156 27.6343680000095 110.118161132595
    vertex 3.00000000000156 26.9680070000094 110.285076132594
  endloop
endfacet
facet normal 6.72712300135706e-007 0.242980534289322 0.970031164425156
  outer loop
    vertex 3.00000000000156 27.6343680000095 110.118161132595
    vertex 8.00000000019308 26.967993157083 110.285076132594
    vertex 8.00000000019308 27.6343541570831 110.118161132595
  endloop
endfacet
facet normal -1.0 9.51179460904609e-030 -5.87753680449183e-030
  outer loop
    vertex 3.00000000000156 14.7497999999936 134.395768132586
    vertex 3.00000000000156 15.0991799999966 129.627178132586
    vertex 3.00000000000156 15.0756299999969 129.358028132586
  endloop
endfacet
facet normal -1.0 9.51179460904609e-030 -5.87753680449183e-030
  outer loop
    vertex 3.00000000000156 15.0991799999966 129.627178132586
    vertex 3.00000000000156 14.7497999999936 134.395768132586
    vertex 3.00000000000156 15.7261499999931 135.151068132587
  endloop
endfacet
facet normal -1.0 9.51179460904609e-030 -5.87753680449183e-030
  outer loop
    vertex 3.00000000000156 15.0991799999966 129.627178132586
    vertex 3.00000000000156 15.7261499999931 135.151068132587
    vertex 3.00000000000156 15.1691099999965 129.888158132586
  endloop
endfacet
facet normal -1.0 9.51179460904609e-030 -5.87753680449183e-030
  outer loop
    vertex 3.00000000000156 15.1691099999965 129.888158132586
    vertex 3.00000000000156 15.7261499999931 135.151068132587
    vertex 3.00000000000156 15.2832899999963 130.133028132587
  endloop
endfacet
facet normal -1.0 9.51179460904609e-030 -5.87753680449183e-030
  outer loop
    vertex 3.00000000000156 15.2832899999963 130.133028132587
    vertex 3.00000000000156 15.7261499999931 135.151068132587
    vertex 3.00000000000156 15.4382599999961 130.354348132587
  endloop
endfacet
facet normal -1.0 9.51179460904609e-030 -5.87753680449183e-030
  outer loop
    vertex 3.00000000000156 15.4382599999961 130.354348132587
    vertex 3.00000000000156 15.7261499999931 135.151068132587
    vertex 3.00000000000156 15.6293099999961 130.545398132587
  endloop
endfacet
facet normal -1.0 9.51179460904609e-030 -5.87753680449183e-030
  outer loop
    vertex 3.00000000000156 15.6293099999961 130.545398132587
    vertex 3.00000000000156 15.7261499999931 135.151068132587
    vertex 3.00000000000156 15.850629999996 130.700368132587
  endloop
endfacet
facet normal -1.0 9.51179460904609e-030 -5.87753680449183e-030
  outer loop
    vertex 3.00000000000156 15.850629999996 130.700368132587
    vertex 3.00000000000156 15.7261499999931 135.151068132587
    vertex 3.00000000000156 16.7424599999926 135.851688132587
  endloop
endfacet
facet normal -1.0 9.51179460904609e-030 -5.87753680449183e-030
  outer loop
    vertex 3.00000000000156 15.850629999996 130.700368132587
    vertex 3.00000000000156 16.7424599999926 135.851688132587
    vertex 3.00000000000156 16.0954999999959 130.814548132587
  endloop
endfacet
facet normal -1.0 9.51179460904609e-030 -5.87753680449183e-030
  outer loop
    vertex 3.00000000000156 16.0954999999959 130.814548132587
    vertex 3.00000000000156 16.7424599999926 135.851688132587
    vertex 3.00000000000156 16.3564699999958 130.884478132587
  endloop
endfacet
facet normal -1.0 9.51179460904609e-030 -5.87753680449183e-030
  outer loop
    vertex 3.00000000000156 16.3564699999958 130.884478132587
    vertex 3.00000000000156 16.7424599999926 135.851688132587
    vertex 3.00000000000156 16.6256299999959 130.908028132587
  endloop
endfacet
facet normal -1.0 9.51179460904609e-030 -5.87753680449183e-030
  outer loop
    vertex 3.00000000000156 16.6256299999959 130.908028132587
    vertex 3.00000000000156 16.7424599999926 135.851688132587
    vertex 3.00000000000156 16.8947799999959 130.884478132588
  endloop
endfacet
facet normal -1.0 9.51179460904609e-030 -5.87753680449183e-030
  outer loop
    vertex 3.00000000000156 16.8947799999959 130.884478132588
    vertex 3.00000000000156 16.7424599999926 135.851688132587
    vertex 3.00000000000156 17.7956599999922 136.495518132588
  endloop
endfacet
facet normal -1.0 9.51179460904609e-030 -5.87753680449183e-030
  outer loop
    vertex 3.00000000000156 16.8947799999959 130.884478132588
    vertex 3.00000000000156 17.7956599999922 136.495518132588
    vertex 3.00000000000156 17.1557599999959 130.814548132588
  endloop
endfacet
facet normal -1.0 9.51179460904609e-030 -5.87753680449183e-030
  outer loop
    vertex 3.00000000000156 17.1557599999959 130.814548132588
    vertex 3.00000000000156 17.7956599999922 136.495518132588
    vertex 3.00000000000156 17.400629999996 130.700368132588
  endloop
endfacet
facet normal -1.0 9.51179460904609e-030 -5.87753680449183e-030
  outer loop
    vertex 3.00000000000156 17.400629999996 130.700368132588
    vertex 3.00000000000156 17.7956599999922 136.495518132588
    vertex 3.00000000000156 17.6219499999961 130.545398132588
  endloop
endfacet
facet normal -1.0 9.51179460904609e-030 -5.87753680449183e-030
  outer loop
    vertex 3.00000000000156 17.6219499999961 130.545398132588
    vertex 3.00000000000156 17.7956599999922 136.495518132588
    vertex 3.00000000000156 17.8129999999962 130.354348132588
  endloop
endfacet
facet normal -1.0 9.51179460904609e-030 -5.87753680449183e-030
  outer loop
    vertex 3.00000000000156 17.8129999999962 130.354348132588
    vertex 3.00000000000156 17.7956599999922 136.495518132588
    vertex 3.00000000000156 18.8825799999918 137.080618132589
  endloop
endfacet
facet normal -1.0 9.51179460904609e-030 -5.87753680449183e-030
  outer loop
    vertex 3.00000000000156 17.8129999999962 130.354348132588
    vertex 3.00000000000156 18.8825799999918 137.080618132589
    vertex 3.00000000000156 17.9679699999964 130.133028132588
  endloop
endfacet
facet normal -1.0 9.51179460904609e-030 -5.87753680449183e-030
  outer loop
    vertex 3.00000000000156 17.9679699999964 130.133028132588
    vertex 3.00000000000156 18.8825799999918 137.080618132589
    vertex 3.00000000000156 18.0821499999965 129.888158132588
  endloop
endfacet
facet normal -1.0 9.51179460904609e-030 -5.87753680449183e-030
  outer loop
    vertex 3.00000000000156 18.0821499999965 129.888158132588
    vertex 3.00000000000156 18.8825799999918 137.080618132589
    vertex 3.00000000000156 18.1520799999967 129.627178132588
  endloop
endfacet
facet normal -1.0 9.51179460904609e-030 -5.87753680449183e-030
  outer loop
    vertex 3.00000000000156 18.1520799999967 129.627178132588
    vertex 3.00000000000156 18.8825799999918 137.080618132589
    vertex 3.00000000000156 18.1756299999969 129.358028132588
  endloop
endfacet
facet normal -1.0 9.51179460904609e-030 -5.87753680449183e-030
  outer loop
    vertex 3.00000000000156 18.1756299999969 129.358028132588
    vertex 3.00000000000156 18.8825799999918 137.080618132589
    vertex 3.00000000000156 18.1756300000131 104.609288132587
  endloop
endfacet
facet normal -1.0 9.51179460904609e-030 -5.87753680449183e-030
  outer loop
    vertex 3.00000000000156 22.3125349999909 138.466858132591
    vertex 3.00000000000156 22.000000000005 116.983658132591
    vertex 3.00000000000156 21.1444259999912 138.06777813259
  endloop
endfacet
facet normal -1.0 9.51179460904609e-030 -5.87753680449183e-030
  outer loop
    vertex 3.00000000000156 22.000000000005 116.983658132591
    vertex 3.00000000000156 22.3125349999909 138.466858132591
    vertex 3.00000000000156 22.0337070000045 117.669778132591
  endloop
endfacet
facet normal -1.0 9.51179460904609e-030 -5.87753680449183e-030
  outer loop
    vertex 3.00000000000156 22.0337070000045 117.669778132591
    vertex 3.00000000000156 22.3125349999909 138.466858132591
    vertex 3.00000000000156 22.1345030000041 118.349290132591
  endloop
endfacet
facet normal -1.0 9.51179460904609e-030 -5.87753680449183e-030
  outer loop
    vertex 3.00000000000156 22.1345030000041 118.349290132591
    vertex 3.00000000000156 22.3125349999909 138.466858132591
    vertex 3.00000000000156 22.3014180000037 119.015651132591
  endloop
endfacet
facet normal -1.0 9.51179460904609e-030 -5.87753680449183e-030
  outer loop
    vertex 3.00000000000156 22.3014180000037 119.015651132591
    vertex 3.00000000000156 22.3125349999909 138.466858132591
    vertex 3.00000000000156 22.5328430000032 119.662442132591
  endloop
endfacet
facet normal -1.0 9.51179460904609e-030 -5.87753680449183e-030
  outer loop
    vertex 3.00000000000156 22.5328430000032 119.662442132591
    vertex 3.00000000000156 22.3125349999909 138.466858132591
    vertex 3.00000000000156 23.5007729999907 138.801278132592
  endloop
endfacet
facet normal -1.0 9.51179460904609e-030 -5.87753680449183e-030
  outer loop
    vertex 3.00000000000156 22.5328430000032 119.662442132591
    vertex 3.00000000000156 23.5007729999907 138.801278132592
    vertex 3.00000000000156 22.8265510000028 120.283435132591
  endloop
endfacet
facet normal -1.0 9.51179460904609e-030 -5.87753680449183e-030
  outer loop
    vertex 3.00000000000156 22.8265510000028 120.283435132591
    vertex 3.00000000000156 23.5007729999907 138.801278132592
    vertex 3.00000000000156 23.1797130000024 120.872650132592
  endloop
endfacet
facet normal -1.0 9.51179460904609e-030 -5.87753680449183e-030
  outer loop
    vertex 3.00000000000156 23.1797130000024 120.872650132592
    vertex 3.00000000000156 23.5007729999907 138.801278132592
    vertex 3.00000000000156 23.5889270000021 121.424411132592
  endloop
endfacet
facet normal -1.0 9.51179460904609e-030 -5.87753680449183e-030
  outer loop
    vertex 3.00000000000156 23.5889270000021 121.424411132592
    vertex 3.00000000000156 23.5007729999907 138.801278132592
    vertex 3.00000000000156 24.7055639999905 139.070028132593
  endloop
endfacet
facet normal -1.0 9.51179460904609e-030 -5.87753680449183e-030
  outer loop
    vertex 3.00000000000156 23.5889270000021 121.424411132592
    vertex 3.00000000000156 24.7055639999905 139.070028132593
    vertex 3.00000000000156 24.0502530000017 121.933405132592
  endloop
endfacet
facet normal -1.0 9.51179460904609e-030 -5.87753680449183e-030
  outer loop
    vertex 3.00000000000156 24.0502530000017 121.933405132592
    vertex 3.00000000000156 24.7055639999905 139.070028132593
    vertex 3.00000000000156 24.5592470000014 122.394731132593
  endloop
endfacet
facet normal -1.0 9.51179460904609e-030 -5.87753680449183e-030
  outer loop
    vertex 3.00000000000156 24.5592470000014 122.394731132593
    vertex 3.00000000000156 24.7055639999905 139.070028132593
    vertex 3.00000000000156 25.1110080000012 122.803945132593
  endloop
endfacet
facet normal -1.0 9.51179460904609e-030 -5.87753680449183e-030
  outer loop
    vertex 3.00000000000156 25.1110080000012 122.803945132593
    vertex 3.00000000000156 24.7055639999905 139.070028132593
    vertex 3.00000000000156 25.9232789999903 139.272308132593
  endloop
endfacet
facet normal -1.0 9.51179460904609e-030 -5.87753680449183e-030
  outer loop
    vertex 3.00000000000156 25.1110080000012 122.803945132593
    vertex 3.00000000000156 25.9232789999903 139.272308132593
    vertex 3.00000000000156 25.7002230000009 123.157107132593
  endloop
endfacet
facet normal -1.0 9.51179460904609e-030 -5.87753680449183e-030
  outer loop
    vertex 3.00000000000156 25.7002230000009 123.157107132593
    vertex 3.00000000000156 25.9232789999903 139.272308132593
    vertex 3.00000000000156 26.3212160000007 123.450815132594
  endloop
endfacet
facet normal -1.0 9.51179460904609e-030 -5.87753680449183e-030
  outer loop
    vertex 3.00000000000156 26.3212160000007 123.450815132594
    vertex 3.00000000000156 25.9232789999903 139.272308132593
    vertex 3.00000000000156 27.1502559999903 139.407498132594
  endloop
endfacet
facet normal -1.0 9.51179460904609e-030 -5.87753680449183e-030
  outer loop
    vertex 3.00000000000156 26.3212160000007 123.450815132594
    vertex 3.00000000000156 27.1502559999903 139.407498132594
    vertex 3.00000000000156 26.9680070000006 123.682240132594
  endloop
endfacet
facet normal -1.0 9.51179460904609e-030 -5.87753680449183e-030
  outer loop
    vertex 3.00000000000156 26.9680070000006 123.682240132594
    vertex 3.00000000000156 27.1502559999903 139.407498132594
    vertex 3.00000000000156 27.6343680000005 123.849155132595
  endloop
endfacet
facet normal -1.0 9.51179460904609e-030 -5.87753680449183e-030
  outer loop
    vertex 3.00000000000156 27.6343680000005 123.849155132595
    vertex 3.00000000000156 27.1502559999903 139.407498132594
    vertex 3.00000000000156 28.3827992999902 139.475188132595
  endloop
endfacet
facet normal -1.0 9.51179460904609e-030 -5.87753680449183e-030
  outer loop
    vertex 3.00000000000156 27.6343680000005 123.849155132595
    vertex 3.00000000000156 28.3827992999902 139.475188132595
    vertex 3.00000000000156 28.3138800000004 123.949951132595
  endloop
endfacet
facet normal -1.0 9.51179460904609e-030 -5.87753680449183e-030
  outer loop
    vertex 3.00000000000156 28.3138800000004 123.949951132595
    vertex 3.00000000000156 28.3827992999902 139.475188132595
    vertex 3.00000000000156 29.0000000000004 123.983658132595
  endloop
endfacet
facet normal -1.0 9.51179460904609e-030 -5.87753680449183e-030
  outer loop
    vertex 3.00000000000156 29.0000000000004 123.983658132595
    vertex 3.00000000000156 28.3827992999902 139.475188132595
    vertex 3.00000000000156 29.6172006999902 139.475188132596
  endloop
endfacet
facet normal -1.0 9.51179460904609e-030 -5.87753680449183e-030
  outer loop
    vertex 3.00000000000156 29.0000000000004 123.983658132595
    vertex 3.00000000000156 29.6172006999902 139.475188132596
    vertex 3.00000000000156 29.6861200000004 123.949951132596
  endloop
endfacet
facet normal -1.0 9.51179460904609e-030 -5.87753680449183e-030
  outer loop
    vertex 3.00000000000156 29.6861200000004 123.949951132596
    vertex 3.00000000000156 29.6172006999902 139.475188132596
    vertex 3.00000000000156 30.8497439999903 139.407498132597
  endloop
endfacet
facet normal -1.0 9.51179460904609e-030 -5.87753680449183e-030
  outer loop
    vertex 3.00000000000156 29.6861200000004 123.949951132596
    vertex 3.00000000000156 30.8497439999903 139.407498132597
    vertex 3.00000000000156 30.3656320000005 123.849155132596
  endloop
endfacet
facet normal -1.0 9.51179460904609e-030 -5.87753680449183e-030
  outer loop
    vertex 3.00000000000156 30.3656320000005 123.849155132596
    vertex 3.00000000000156 30.8497439999903 139.407498132597
    vertex 3.00000000000156 31.0319930000006 123.682240132597
  endloop
endfacet
facet normal -1.0 9.51179460904609e-030 -5.87753680449183e-030
  outer loop
    vertex 3.00000000000156 31.0319930000006 123.682240132597
    vertex 3.00000000000156 30.8497439999903 139.407498132597
    vertex 3.00000000000156 32.0767209999904 139.272308132597
  endloop
endfacet
facet normal -1.0 9.51179460904609e-030 -5.87753680449183e-030
  outer loop
    vertex 3.00000000000156 31.0319930000006 123.682240132597
    vertex 3.00000000000156 32.0767209999904 139.272308132597
    vertex 3.00000000000156 31.6787840000007 123.450815132597
  endloop
endfacet
facet normal -1.0 9.51179460904609e-030 -5.87753680449183e-030
  outer loop
    vertex 3.00000000000156 31.6787840000007 123.450815132597
    vertex 3.00000000000156 32.0767209999904 139.272308132597
    vertex 3.00000000000156 32.2997770000009 123.157107132598
  endloop
endfacet
facet normal -1.0 9.51179460904609e-030 -5.87753680449183e-030
  outer loop
    vertex 3.00000000000156 32.2997770000009 123.157107132598
    vertex 3.00000000000156 32.0767209999904 139.272308132597
    vertex 3.00000000000156 33.2944359999905 139.070028132598
  endloop
endfacet
facet normal -1.0 9.51179460904609e-030 -5.87753680449183e-030
  outer loop
    vertex 3.00000000000156 32.2997770000009 123.157107132598
    vertex 3.00000000000156 33.2944359999905 139.070028132598
    vertex 3.00000000000156 32.8889920000012 122.803945132598
  endloop
endfacet
facet normal -1.0 9.51179460904609e-030 -5.87753680449183e-030
  outer loop
    vertex 3.00000000000156 32.8889920000012 122.803945132598
    vertex 3.00000000000156 33.2944359999905 139.070028132598
    vertex 3.00000000000156 33.4407530000014 122.394731132598
  endloop
endfacet
facet normal -1.0 9.51179460904609e-030 -5.87753680449183e-030
  outer loop
    vertex 3.00000000000156 33.4407530000014 122.394731132598
    vertex 3.00000000000156 33.2944359999905 139.070028132598
    vertex 3.00000000000156 34.4992269999907 138.801278132599
  endloop
endfacet
facet normal -1.0 9.51179460904609e-030 -5.87753680449183e-030
  outer loop
    vertex 3.00000000000156 33.4407530000014 122.394731132598
    vertex 3.00000000000156 34.4992269999907 138.801278132599
    vertex 3.00000000000156 33.9497470000017 121.933405132599
  endloop
endfacet
facet normal -1.0 9.51179460904609e-030 -5.87753680449183e-030
  outer loop
    vertex 3.00000000000156 33.9497470000017 121.933405132599
    vertex 3.00000000000156 34.4992269999907 138.801278132599
    vertex 3.00000000000156 34.4110730000021 121.424411132599
  endloop
endfacet
facet normal -1.0 9.51179460904609e-030 -5.87753680449183e-030
  outer loop
    vertex 3.00000000000156 34.4110730000021 121.424411132599
    vertex 3.00000000000156 34.4992269999907 138.801278132599
    vertex 3.00000000000156 34.8202870000024 120.872650132599
  endloop
endfacet
facet normal -1.0 9.51179460904609e-030 -5.87753680449183e-030
  outer loop
    vertex 3.00000000000156 34.8202870000024 120.872650132599
    vertex 3.00000000000156 34.4992269999907 138.801278132599
    vertex 3.00000000000156 35.6874649999909 138.4668581326
  endloop
endfacet
facet normal -1.0 9.51179460904609e-030 -5.87753680449183e-030
  outer loop
    vertex 3.00000000000156 34.8202870000024 120.872650132599
    vertex 3.00000000000156 35.6874649999909 138.4668581326
    vertex 3.00000000000156 35.1734490000028 120.2834351326
  endloop
endfacet
facet normal -1.0 9.51179460904609e-030 -5.87753680449183e-030
  outer loop
    vertex 3.00000000000156 35.1734490000028 120.2834351326
    vertex 3.00000000000156 35.6874649999909 138.4668581326
    vertex 3.00000000000156 35.4671570000032 119.6624421326
  endloop
endfacet
facet normal -1.0 9.51179460904609e-030 -5.87753680449183e-030
  outer loop
    vertex 3.00000000000156 35.4671570000032 119.6624421326
    vertex 3.00000000000156 35.6874649999909 138.4668581326
    vertex 3.00000000000156 35.6985820000037 119.0156511326
  endloop
endfacet
facet normal -1.0 9.51179460904609e-030 -5.87753680449183e-030
  outer loop
    vertex 3.00000000000156 35.6985820000037 119.0156511326
    vertex 3.00000000000156 35.6874649999909 138.4668581326
    vertex 3.00000000000156 36.8555739999911 138.067778132601
  endloop
endfacet
facet normal -1.0 9.51179460904609e-030 -5.87753680449183e-030
  outer loop
    vertex 3.00000000000156 35.6985820000037 119.0156511326
    vertex 3.00000000000156 36.8555739999911 138.067778132601
    vertex 3.00000000000156 35.8654970000041 118.3492901326
  endloop
endfacet
facet normal -1.0 9.51179460904609e-030 -5.87753680449183e-030
  outer loop
    vertex 3.00000000000156 35.8654970000041 118.3492901326
    vertex 3.00000000000156 36.8555739999911 138.067778132601
    vertex 3.00000000000156 35.9662930000045 117.6697781326
  endloop
endfacet
facet normal -1.0 9.51179460904609e-030 -5.87753680449183e-030
  outer loop
    vertex 3.00000000000156 35.9662930000045 117.6697781326
    vertex 3.00000000000156 36.8555739999911 138.067778132601
    vertex 3.00000000000156 36.000000000005 116.9836581326
  endloop
endfacet
facet normal -1.0 9.51179460904609e-030 -5.87753680449183e-030
  outer loop
    vertex 3.00000000000156 40.2043399999922 136.495518132603
    vertex 3.00000000000156 39.8243699999968 129.358028132604
    vertex 3.00000000000156 39.1174199999918 137.080618132602
  endloop
endfacet
facet normal -1.0 9.51179460904609e-030 -5.87753680449183e-030
  outer loop
    vertex 3.00000000000156 39.8243699999968 129.358028132604
    vertex 3.00000000000156 40.2043399999922 136.495518132603
    vertex 3.00000000000156 39.8479199999968 129.627188132604
  endloop
endfacet
facet normal -1.0 9.51179460904609e-030 -5.87753680449183e-030
  outer loop
    vertex 3.00000000000156 39.8479199999968 129.627188132604
    vertex 3.00000000000156 40.2043399999922 136.495518132603
    vertex 3.00000000000156 39.9178499999968 129.888158132604
  endloop
endfacet
facet normal -1.0 9.51179460904609e-030 -5.87753680449183e-030
  outer loop
    vertex 3.00000000000156 39.9178499999968 129.888158132604
    vertex 3.00000000000156 40.2043399999922 136.495518132603
    vertex 3.00000000000156 40.0320299999968 130.133028132604
  endloop
endfacet
facet normal -1.0 9.51179460904609e-030 -5.87753680449183e-030
  outer loop
    vertex 3.00000000000156 40.0320299999968 130.133028132604
    vertex 3.00000000000156 40.2043399999922 136.495518132603
    vertex 3.00000000000156 40.1869999999968 130.354348132604
  endloop
endfacet
facet normal -1.0 9.51179460904609e-030 -5.87753680449183e-030
  outer loop
    vertex 3.00000000000156 40.1869999999968 130.354348132604
    vertex 3.00000000000156 40.2043399999922 136.495518132603
    vertex 3.00000000000156 40.3780499999969 130.545398132604
  endloop
endfacet
facet normal -1.0 9.51179460904609e-030 -5.87753680449183e-030
  outer loop
    vertex 3.00000000000156 40.3780499999969 130.545398132604
    vertex 3.00000000000156 40.2043399999922 136.495518132603
    vertex 3.00000000000156 41.2575399999926 135.851688132603
  endloop
endfacet
facet normal -1.0 9.51179460904609e-030 -5.87753680449183e-030
  outer loop
    vertex 3.00000000000156 40.3780499999969 130.545398132604
    vertex 3.00000000000156 41.2575399999926 135.851688132603
    vertex 3.00000000000156 40.5993699999969 130.700368132604
  endloop
endfacet
facet normal -1.0 9.51179460904609e-030 -5.87753680449183e-030
  outer loop
    vertex 3.00000000000156 40.5993699999969 130.700368132604
    vertex 3.00000000000156 41.2575399999926 135.851688132603
    vertex 3.00000000000156 40.8442399999969 130.814548132604
  endloop
endfacet
facet normal -1.0 9.51179460904609e-030 -5.87753680449183e-030
  outer loop
    vertex 3.00000000000156 40.8442399999969 130.814548132604
    vertex 3.00000000000156 41.2575399999926 135.851688132603
    vertex 3.00000000000156 41.1052099999969 130.884478132604
  endloop
endfacet
facet normal -1.0 9.51179460904609e-030 -5.87753680449183e-030
  outer loop
    vertex 3.00000000000156 41.1052099999969 130.884478132604
    vertex 3.00000000000156 41.2575399999926 135.851688132603
    vertex 3.00000000000156 41.3743699999969 130.908028132604
  endloop
endfacet
facet normal -1.0 9.51179460904609e-030 -5.87753680449183e-030
  outer loop
    vertex 3.00000000000156 41.3743699999969 130.908028132604
    vertex 3.00000000000156 41.2575399999926 135.851688132603
    vertex 3.00000000000156 42.273849999993 135.151068132604
  endloop
endfacet
facet normal -1.0 9.51179460904609e-030 -5.87753680449183e-030
  outer loop
    vertex 3.00000000000156 41.3743699999969 130.908028132604
    vertex 3.00000000000156 42.273849999993 135.151068132604
    vertex 3.00000000000156 41.6435199999969 130.884478132604
  endloop
endfacet
facet normal -1.0 9.51179460904609e-030 -5.87753680449183e-030
  outer loop
    vertex 3.00000000000156 41.6435199999969 130.884478132604
    vertex 3.00000000000156 42.273849999993 135.151068132604
    vertex 3.00000000000156 41.9044999999969 130.814548132604
  endloop
endfacet
facet normal -1.0 9.51179460904609e-030 -5.87753680449183e-030
  outer loop
    vertex 3.00000000000156 41.9044999999969 130.814548132604
    vertex 3.00000000000156 42.273849999993 135.151068132604
    vertex 3.00000000000156 42.1493699999968 130.700368132604
  endloop
endfacet
facet normal -1.0 9.51179460904609e-030 -5.87753680449183e-030
  outer loop
    vertex 3.00000000000156 42.1493699999968 130.700368132604
    vertex 3.00000000000156 42.273849999993 135.151068132604
    vertex 3.00000000000156 42.3706899999969 130.545398132603
  endloop
endfacet
facet normal -1.0 9.51179460904609e-030 -5.87753680449183e-030
  outer loop
    vertex 3.00000000000156 42.3706899999969 130.545398132603
    vertex 3.00000000000156 42.273849999993 135.151068132604
    vertex 3.00000000000156 43.2501999999935 134.395768132605
  endloop
endfacet
facet normal -1.0 9.51179460904609e-030 -5.87753680449183e-030
  outer loop
    vertex 3.00000000000156 42.3706899999969 130.545398132603
    vertex 3.00000000000156 43.2501999999935 134.395768132605
    vertex 3.00000000000156 42.5617399999969 130.354348132603
  endloop
endfacet
facet normal -1.0 9.51179460904609e-030 -5.87753680449183e-030
  outer loop
    vertex 3.00000000000156 42.5617399999969 130.354348132603
    vertex 3.00000000000156 43.2501999999935 134.395768132605
    vertex 3.00000000000156 42.7167099999968 130.133028132603
  endloop
endfacet
facet normal -1.0 9.51179460904609e-030 -5.87753680449183e-030
  outer loop
    vertex 3.00000000000156 42.7167099999968 130.133028132603
    vertex 3.00000000000156 43.2501999999935 134.395768132605
    vertex 3.00000000000156 42.8308899999969 129.888158132604
  endloop
endfacet
facet normal -1.0 9.51179460904609e-030 -5.87753680449183e-030
  outer loop
    vertex 3.00000000000156 42.8308899999969 129.888158132604
    vertex 3.00000000000156 43.2501999999935 134.395768132605
    vertex 3.00000000000156 42.9008199999968 129.627188132603
  endloop
endfacet
facet normal -1.0 9.51179460904609e-030 -5.87753680449183e-030
  outer loop
    vertex 3.00000000000156 42.9008199999968 129.627188132603
    vertex 3.00000000000156 43.2501999999935 134.395768132605
    vertex 3.00000000000156 42.9243699999968 129.358028132603
  endloop
endfacet
facet normal -1.0 9.51179460904609e-030 -5.87753680449183e-030
  outer loop
    vertex 3.00000000000156 42.9243699999968 129.358028132603
    vertex 3.00000000000156 43.2501999999935 134.395768132605
    vertex 3.00000000000156 42.9243700000131 104.609288132605
  endloop
endfacet
facet normal -1.0 9.51179460904609e-030 -5.87753680449183e-030
  outer loop
    vertex 3.00000000000156 11.5306299999966 129.783688132584
    vertex 3.00000000000156 11.5000000000247 61.9836581325847
    vertex 3.00000000000156 11.499999999997 129.231108132584
  endloop
endfacet
facet normal -1.0 9.51179460904609e-030 -5.87753680449183e-030
  outer loop
    vertex 3.00000000000156 11.5000000000247 61.9836581325847
    vertex 3.00000000000156 11.5306299999966 129.783688132584
    vertex 3.00000000000156 15.0991800000131 104.340128132587
  endloop
endfacet
facet normal -1.0 9.51179460904609e-030 -5.87753680449183e-030
  outer loop
    vertex 3.00000000000156 11.5000000000247 61.9836581325847
    vertex 3.00000000000156 15.0991800000131 104.340128132587
    vertex 3.00000000000156 15.1691100000131 104.079158132587
  endloop
endfacet
facet normal -1.0 9.51179460904609e-030 -5.87753680449183e-030
  outer loop
    vertex 3.00000000000156 11.5000000000247 61.9836581325847
    vertex 3.00000000000156 15.1691100000131 104.079158132587
    vertex 3.00000000000156 15.2832900000131 103.834288132587
  endloop
endfacet
facet normal -1.0 9.51179460904609e-030 -5.87753680449183e-030
  outer loop
    vertex 3.00000000000156 11.5000000000247 61.9836581325847
    vertex 3.00000000000156 15.2832900000131 103.834288132587
    vertex 3.00000000000156 15.4382600000131 103.612968132587
  endloop
endfacet
facet normal -1.0 9.51179460904609e-030 -5.87753680449183e-030
  outer loop
    vertex 3.00000000000156 11.5000000000247 61.9836581325847
    vertex 3.00000000000156 15.4382600000131 103.612968132587
    vertex 3.00000000000156 46.5000000000246 61.9836581326069
  endloop
endfacet
facet normal -1.0 9.51179460904609e-030 -5.87753680449183e-030
  outer loop
    vertex 3.00000000000156 15.0991800000131 104.340128132587
    vertex 3.00000000000156 11.5306299999966 129.783688132584
    vertex 3.00000000000156 11.6221399999962 130.329498132584
  endloop
endfacet
facet normal -1.0 9.51179460904609e-030 -5.87753680449183e-030
  outer loop
    vertex 3.00000000000156 15.0991800000131 104.340128132587
    vertex 3.00000000000156 11.6221399999962 130.329498132584
    vertex 3.00000000000156 11.7734099999959 130.861848132584
  endloop
endfacet
facet normal -1.0 9.51179460904609e-030 -5.87753680449183e-030
  outer loop
    vertex 3.00000000000156 15.0991800000131 104.340128132587
    vertex 3.00000000000156 11.7734099999959 130.861848132584
    vertex 3.00000000000156 11.9825799999955 131.374218132584
  endloop
endfacet
facet normal -1.0 9.51179460904609e-030 -5.87753680449183e-030
  outer loop
    vertex 3.00000000000156 15.0991800000131 104.340128132587
    vertex 3.00000000000156 11.9825799999955 131.374218132584
    vertex 3.00000000000156 12.2470999999952 131.860338132585
  endloop
endfacet
facet normal -1.0 9.51179460904609e-030 -5.87753680449183e-030
  outer loop
    vertex 3.00000000000156 15.0991800000131 104.340128132587
    vertex 3.00000000000156 12.2470999999952 131.860338132585
    vertex 3.00000000000156 12.5637199999949 132.314248132585
  endloop
endfacet
facet normal -1.0 9.51179460904609e-030 -5.87753680449183e-030
  outer loop
    vertex 3.00000000000156 15.0991800000131 104.340128132587
    vertex 3.00000000000156 12.5637199999949 132.314248132585
    vertex 3.00000000000156 15.0756300000131 104.609288132587
  endloop
endfacet
facet normal -1.0 9.51179460904609e-030 -5.87753680449183e-030
  outer loop
    vertex 3.00000000000156 15.0756300000131 104.609288132587
    vertex 3.00000000000156 12.5637199999949 132.314248132585
    vertex 3.00000000000156 12.9285699999947 132.730378132585
  endloop
endfacet
facet normal -1.0 9.51179460904609e-030 -5.87753680449183e-030
  outer loop
    vertex 3.00000000000156 15.0756300000131 104.609288132587
    vertex 3.00000000000156 12.9285699999947 132.730378132585
    vertex 3.00000000000156 13.8163299999941 133.588068132586
  endloop
endfacet
facet normal -1.0 9.51179460904609e-030 -5.87753680449183e-030
  outer loop
    vertex 3.00000000000156 15.0756300000131 104.609288132587
    vertex 3.00000000000156 13.8163299999941 133.588068132586
    vertex 3.00000000000156 14.7497999999936 134.395768132586
  endloop
endfacet
facet normal -1.0 9.51179460904609e-030 -5.87753680449183e-030
  outer loop
    vertex 3.00000000000156 15.0756300000131 104.609288132587
    vertex 3.00000000000156 14.7497999999936 134.395768132586
    vertex 3.00000000000156 15.0756299999969 129.358028132586
  endloop
endfacet
facet normal -1.0 9.51179460904609e-030 -5.87753680449183e-030
  outer loop
    vertex 3.00000000000156 46.5000000000246 61.9836581326069
    vertex 3.00000000000156 15.4382600000131 103.612968132587
    vertex 3.00000000000156 15.6293100000131 103.421918132587
  endloop
endfacet
facet normal -1.0 9.51179460904609e-030 -5.87753680449183e-030
  outer loop
    vertex 3.00000000000156 46.5000000000246 61.9836581326069
    vertex 3.00000000000156 15.6293100000131 103.421918132587
    vertex 3.00000000000156 15.8506300000131 103.266948132587
  endloop
endfacet
facet normal -1.0 9.51179460904609e-030 -5.87753680449183e-030
  outer loop
    vertex 3.00000000000156 46.5000000000246 61.9836581326069
    vertex 3.00000000000156 15.8506300000131 103.266948132587
    vertex 3.00000000000156 16.0955000000131 103.152768132587
  endloop
endfacet
facet normal -1.0 9.51179460904609e-030 -5.87753680449183e-030
  outer loop
    vertex 3.00000000000156 46.5000000000246 61.9836581326069
    vertex 3.00000000000156 16.0955000000131 103.152768132587
    vertex 3.00000000000156 16.356480000013 103.082838132587
  endloop
endfacet
facet normal -1.0 9.51179460904609e-030 -5.87753680449183e-030
  outer loop
    vertex 3.00000000000156 46.5000000000246 61.9836581326069
    vertex 3.00000000000156 16.356480000013 103.082838132587
    vertex 3.00000000000156 16.6256300000131 103.059288132587
  endloop
endfacet
facet normal -1.0 9.51179460904609e-030 -5.87753680449183e-030
  outer loop
    vertex 3.00000000000156 46.5000000000246 61.9836581326069
    vertex 3.00000000000156 16.6256300000131 103.059288132587
    vertex 3.00000000000156 16.8947900000131 103.082838132587
  endloop
endfacet
facet normal -1.0 9.51179460904609e-030 -5.87753680449183e-030
  outer loop
    vertex 3.00000000000156 46.5000000000246 61.9836581326069
    vertex 3.00000000000156 16.8947900000131 103.082838132587
    vertex 3.00000000000156 17.1557600000131 103.152768132587
  endloop
endfacet
facet normal -1.0 9.51179460904609e-030 -5.87753680449183e-030
  outer loop
    vertex 3.00000000000156 46.5000000000246 61.9836581326069
    vertex 3.00000000000156 17.1557600000131 103.152768132587
    vertex 3.00000000000156 17.4006300000131 103.266948132587
  endloop
endfacet
facet normal -1.0 9.51179460904609e-030 -5.87753680449183e-030
  outer loop
    vertex 3.00000000000156 46.5000000000246 61.9836581326069
    vertex 3.00000000000156 17.4006300000131 103.266948132587
    vertex 3.00000000000156 17.6219500000131 103.421918132587
  endloop
endfacet
facet normal -1.0 9.51179460904609e-030 -5.87753680449183e-030
  outer loop
    vertex 3.00000000000156 46.5000000000246 61.9836581326069
    vertex 3.00000000000156 17.6219500000131 103.421918132587
    vertex 3.00000000000156 17.8130000000131 103.612968132587
  endloop
endfacet
facet normal -1.0 9.51179460904609e-030 -5.87753680449183e-030
  outer loop
    vertex 3.00000000000156 46.5000000000246 61.9836581326069
    vertex 3.00000000000156 17.8130000000131 103.612968132587
    vertex 3.00000000000156 17.9679700000131 103.834288132587
  endloop
endfacet
facet normal -1.0 9.51179460904609e-030 -5.87753680449183e-030
  outer loop
    vertex 3.00000000000156 46.5000000000246 61.9836581326069
    vertex 3.00000000000156 17.9679700000131 103.834288132587
    vertex 3.00000000000156 18.0821500000131 104.079158132587
  endloop
endfacet
facet normal -1.0 9.51179460904609e-030 -5.87753680449183e-030
  outer loop
    vertex 3.00000000000156 46.5000000000246 61.9836581326069
    vertex 3.00000000000156 18.0821500000131 104.079158132587
    vertex 3.00000000000156 18.1520800000131 104.340128132587
  endloop
endfacet
facet normal -1.0 9.51179460904609e-030 -5.87753680449183e-030
  outer loop
    vertex 3.00000000000156 46.5000000000246 61.9836581326069
    vertex 3.00000000000156 18.1520800000131 104.340128132587
    vertex 3.00000000000156 18.1756300000131 104.609288132587
  endloop
endfacet
facet normal -1.0 9.51179460904609e-030 -5.87753680449183e-030
  outer loop
    vertex 3.00000000000156 46.5000000000246 61.9836581326069
    vertex 3.00000000000156 18.1756300000131 104.609288132587
    vertex 3.00000000000156 22.5328430000067 114.304874132591
  endloop
endfacet
facet normal -1.0 9.51179460904609e-030 -5.87753680449183e-030
  outer loop
    vertex 3.00000000000156 22.5328430000067 114.304874132591
    vertex 3.00000000000156 18.1756300000131 104.609288132587
    vertex 3.00000000000156 22.3014180000063 114.951665132591
  endloop
endfacet
facet normal -1.0 9.51179460904609e-030 -5.87753680449183e-030
  outer loop
    vertex 3.00000000000156 22.3014180000063 114.951665132591
    vertex 3.00000000000156 18.1756300000131 104.609288132587
    vertex 3.00000000000156 22.1345030000059 115.618026132591
  endloop
endfacet
facet normal -1.0 9.51179460904609e-030 -5.87753680449183e-030
  outer loop
    vertex 3.00000000000156 22.1345030000059 115.618026132591
    vertex 3.00000000000156 18.1756300000131 104.609288132587
    vertex 3.00000000000156 18.8825799999918 137.080618132589
  endloop
endfacet
facet normal -1.0 9.51179460904609e-030 -5.87753680449183e-030
  outer loop
    vertex 3.00000000000156 22.1345030000059 115.618026132591
    vertex 3.00000000000156 18.8825799999918 137.080618132589
    vertex 3.00000000000156 22.0337070000054 116.297538132591
  endloop
endfacet
facet normal -1.0 9.51179460904609e-030 -5.87753680449183e-030
  outer loop
    vertex 3.00000000000156 22.0337070000054 116.297538132591
    vertex 3.00000000000156 18.8825799999918 137.080618132589
    vertex 3.00000000000156 19.9999599999915 137.60522813259
  endloop
endfacet
facet normal -1.0 9.51179460904609e-030 -5.87753680449183e-030
  outer loop
    vertex 3.00000000000156 22.0337070000054 116.297538132591
    vertex 3.00000000000156 19.9999599999915 137.60522813259
    vertex 3.00000000000156 22.000000000005 116.983658132591
  endloop
endfacet
facet normal -1.0 9.51179460904609e-030 -5.87753680449183e-030
  outer loop
    vertex 3.00000000000156 22.000000000005 116.983658132591
    vertex 3.00000000000156 19.9999599999915 137.60522813259
    vertex 3.00000000000156 21.1444259999912 138.06777813259
  endloop
endfacet
facet normal -1.0 9.51179460904609e-030 -5.87753680449183e-030
  outer loop
    vertex 3.00000000000156 46.5000000000246 61.9836581326069
    vertex 3.00000000000156 22.5328430000067 114.304874132591
    vertex 3.00000000000156 22.8265510000072 113.683881132591
  endloop
endfacet
facet normal -1.0 9.51179460904609e-030 -5.87753680449183e-030
  outer loop
    vertex 3.00000000000156 46.5000000000246 61.9836581326069
    vertex 3.00000000000156 22.8265510000072 113.683881132591
    vertex 3.00000000000156 23.1797130000075 113.094666132592
  endloop
endfacet
facet normal -1.0 9.51179460904609e-030 -5.87753680449183e-030
  outer loop
    vertex 3.00000000000156 46.5000000000246 61.9836581326069
    vertex 3.00000000000156 23.1797130000075 113.094666132592
    vertex 3.00000000000156 23.5889270000079 112.542905132592
  endloop
endfacet
facet normal -1.0 9.51179460904609e-030 -5.87753680449183e-030
  outer loop
    vertex 3.00000000000156 46.5000000000246 61.9836581326069
    vertex 3.00000000000156 23.5889270000079 112.542905132592
    vertex 3.00000000000156 24.0502530000082 112.033911132592
  endloop
endfacet
facet normal -1.0 9.51179460904609e-030 -5.87753680449183e-030
  outer loop
    vertex 3.00000000000156 46.5000000000246 61.9836581326069
    vertex 3.00000000000156 24.0502530000082 112.033911132592
    vertex 3.00000000000156 24.5592470000085 111.572585132593
  endloop
endfacet
facet normal -1.0 9.51179460904609e-030 -5.87753680449183e-030
  outer loop
    vertex 3.00000000000156 46.5000000000246 61.9836581326069
    vertex 3.00000000000156 24.5592470000085 111.572585132593
    vertex 3.00000000000156 25.1110080000088 111.163371132593
  endloop
endfacet
facet normal -1.0 9.51179460904609e-030 -5.87753680449183e-030
  outer loop
    vertex 3.00000000000156 46.5000000000246 61.9836581326069
    vertex 3.00000000000156 25.1110080000088 111.163371132593
    vertex 3.00000000000156 25.700223000009 110.810209132593
  endloop
endfacet
facet normal -1.0 9.51179460904609e-030 -5.87753680449183e-030
  outer loop
    vertex 3.00000000000156 46.5000000000246 61.9836581326069
    vertex 3.00000000000156 25.700223000009 110.810209132593
    vertex 3.00000000000156 26.3212160000092 110.516501132594
  endloop
endfacet
facet normal -1.0 9.51179460904609e-030 -5.87753680449183e-030
  outer loop
    vertex 3.00000000000156 46.5000000000246 61.9836581326069
    vertex 3.00000000000156 26.3212160000092 110.516501132594
    vertex 3.00000000000156 26.9680070000094 110.285076132594
  endloop
endfacet
facet normal -1.0 9.51179460904609e-030 -5.87753680449183e-030
  outer loop
    vertex 3.00000000000156 46.5000000000246 61.9836581326069
    vertex 3.00000000000156 26.9680070000094 110.285076132594
    vertex 3.00000000000156 27.6343680000095 110.118161132595
  endloop
endfacet
facet normal -1.0 9.51179460904609e-030 -5.87753680449183e-030
  outer loop
    vertex 3.00000000000156 46.5000000000246 61.9836581326069
    vertex 3.00000000000156 27.6343680000095 110.118161132595
    vertex 3.00000000000156 28.3138800000096 110.017365132595
  endloop
endfacet
facet normal -1.0 9.51179460904609e-030 -5.87753680449183e-030
  outer loop
    vertex 3.00000000000156 46.5000000000246 61.9836581326069
    vertex 3.00000000000156 28.3138800000096 110.017365132595
    vertex 3.00000000000156 29.0000000000096 109.983658132595
  endloop
endfacet
facet normal -1.0 9.51179460904609e-030 -5.87753680449183e-030
  outer loop
    vertex 3.00000000000156 46.5000000000246 61.9836581326069
    vertex 3.00000000000156 29.0000000000096 109.983658132595
    vertex 3.00000000000156 29.6861200000095 110.017365132596
  endloop
endfacet
facet normal -1.0 9.51179460904609e-030 -5.87753680449183e-030
  outer loop
    vertex 3.00000000000156 46.5000000000246 61.9836581326069
    vertex 3.00000000000156 29.6861200000095 110.017365132596
    vertex 3.00000000000156 30.3656320000095 110.118161132596
  endloop
endfacet
facet normal -1.0 9.51179460904609e-030 -5.87753680449183e-030
  outer loop
    vertex 3.00000000000156 46.5000000000246 61.9836581326069
    vertex 3.00000000000156 30.3656320000095 110.118161132596
    vertex 3.00000000000156 31.0319930000094 110.285076132597
  endloop
endfacet
facet normal -1.0 9.51179460904609e-030 -5.87753680449183e-030
  outer loop
    vertex 3.00000000000156 46.5000000000246 61.9836581326069
    vertex 3.00000000000156 31.0319930000094 110.285076132597
    vertex 3.00000000000156 31.6787840000092 110.516501132597
  endloop
endfacet
facet normal -1.0 9.51179460904609e-030 -5.87753680449183e-030
  outer loop
    vertex 3.00000000000156 46.5000000000246 61.9836581326069
    vertex 3.00000000000156 31.6787840000092 110.516501132597
    vertex 3.00000000000156 32.299777000009 110.810209132598
  endloop
endfacet
facet normal -1.0 9.51179460904609e-030 -5.87753680449183e-030
  outer loop
    vertex 3.00000000000156 46.5000000000246 61.9836581326069
    vertex 3.00000000000156 32.299777000009 110.810209132598
    vertex 3.00000000000156 32.8889920000088 111.163371132598
  endloop
endfacet
facet normal -1.0 9.51179460904609e-030 -5.87753680449183e-030
  outer loop
    vertex 3.00000000000156 46.5000000000246 61.9836581326069
    vertex 3.00000000000156 32.8889920000088 111.163371132598
    vertex 3.00000000000156 33.4407530000085 111.572585132598
  endloop
endfacet
facet normal -1.0 9.51179460904609e-030 -5.87753680449183e-030
  outer loop
    vertex 3.00000000000156 46.5000000000246 61.9836581326069
    vertex 3.00000000000156 33.4407530000085 111.572585132598
    vertex 3.00000000000156 33.9497470000082 112.033911132599
  endloop
endfacet
facet normal -1.0 9.51179460904609e-030 -5.87753680449183e-030
  outer loop
    vertex 3.00000000000156 46.5000000000246 61.9836581326069
    vertex 3.00000000000156 33.9497470000082 112.033911132599
    vertex 3.00000000000156 34.4110730000079 112.542905132599
  endloop
endfacet
facet normal -1.0 9.51179460904609e-030 -5.87753680449183e-030
  outer loop
    vertex 3.00000000000156 46.5000000000246 61.9836581326069
    vertex 3.00000000000156 34.4110730000079 112.542905132599
    vertex 3.00000000000156 34.8202870000075 113.094666132599
  endloop
endfacet
facet normal -1.0 9.51179460904609e-030 -5.87753680449183e-030
  outer loop
    vertex 3.00000000000156 46.5000000000246 61.9836581326069
    vertex 3.00000000000156 34.8202870000075 113.094666132599
    vertex 3.00000000000156 35.1734490000071 113.6838811326
  endloop
endfacet
facet normal -1.0 9.51179460904609e-030 -5.87753680449183e-030
  outer loop
    vertex 3.00000000000156 46.5000000000246 61.9836581326069
    vertex 3.00000000000156 35.1734490000071 113.6838811326
    vertex 3.00000000000156 35.4671570000067 114.3048741326
  endloop
endfacet
facet normal -1.0 9.51179460904609e-030 -5.87753680449183e-030
  outer loop
    vertex 3.00000000000156 46.5000000000246 61.9836581326069
    vertex 3.00000000000156 35.4671570000067 114.3048741326
    vertex 3.00000000000156 35.6985820000063 114.9516651326
  endloop
endfacet
facet normal -1.0 9.51179460904609e-030 -5.87753680449183e-030
  outer loop
    vertex 3.00000000000156 46.5000000000246 61.9836581326069
    vertex 3.00000000000156 35.6985820000063 114.9516651326
    vertex 3.00000000000156 35.8654970000059 115.6180261326
  endloop
endfacet
facet normal -1.0 9.51179460904609e-030 -5.87753680449183e-030
  outer loop
    vertex 3.00000000000156 46.5000000000246 61.9836581326069
    vertex 3.00000000000156 35.8654970000059 115.6180261326
    vertex 3.00000000000156 35.9662930000054 116.2975381326
  endloop
endfacet
facet normal -1.0 9.51179460904609e-030 -5.87753680449183e-030
  outer loop
    vertex 3.00000000000156 46.5000000000246 61.9836581326069
    vertex 3.00000000000156 35.9662930000054 116.2975381326
    vertex 3.00000000000156 36.000000000005 116.9836581326
  endloop
endfacet
facet normal -1.0 9.51179460904609e-030 -5.87753680449183e-030
  outer loop
    vertex 3.00000000000156 46.5000000000246 61.9836581326069
    vertex 3.00000000000156 36.000000000005 116.9836581326
    vertex 3.00000000000156 39.8479200000133 104.340138132603
  endloop
endfacet
facet normal -1.0 9.51179460904609e-030 -5.87753680449183e-030
  outer loop
    vertex 3.00000000000156 39.8479200000133 104.340138132603
    vertex 3.00000000000156 36.000000000005 116.9836581326
    vertex 3.00000000000156 36.8555739999911 138.067778132601
  endloop
endfacet
facet normal -1.0 9.51179460904609e-030 -5.87753680449183e-030
  outer loop
    vertex 3.00000000000156 39.8479200000133 104.340138132603
    vertex 3.00000000000156 36.8555739999911 138.067778132601
    vertex 3.00000000000156 39.8243700000131 104.609288132603
  endloop
endfacet
facet normal -1.0 9.51179460904609e-030 -5.87753680449183e-030
  outer loop
    vertex 3.00000000000156 39.8243700000131 104.609288132603
    vertex 3.00000000000156 36.8555739999911 138.067778132601
    vertex 3.00000000000156 38.0000399999914 137.605228132601
  endloop
endfacet
facet normal -1.0 9.51179460904609e-030 -5.87753680449183e-030
  outer loop
    vertex 3.00000000000156 39.8243700000131 104.609288132603
    vertex 3.00000000000156 38.0000399999914 137.605228132601
    vertex 3.00000000000156 39.1174199999918 137.080618132602
  endloop
endfacet
facet normal -1.0 9.51179460904609e-030 -5.87753680449183e-030
  outer loop
    vertex 3.00000000000156 39.8243700000131 104.609288132603
    vertex 3.00000000000156 39.1174199999918 137.080618132602
    vertex 3.00000000000156 39.8243699999968 129.358028132604
  endloop
endfacet
facet normal -1.0 9.51179460904609e-030 -5.87753680449183e-030
  outer loop
    vertex 3.00000000000156 46.5000000000246 61.9836581326069
    vertex 3.00000000000156 39.8479200000133 104.340138132603
    vertex 3.00000000000156 39.9178500000135 104.079158132603
  endloop
endfacet
facet normal -1.0 9.51179460904609e-030 -5.87753680449183e-030
  outer loop
    vertex 3.00000000000156 46.5000000000246 61.9836581326069
    vertex 3.00000000000156 39.9178500000135 104.079158132603
    vertex 3.00000000000156 40.0320300000136 103.834288132603
  endloop
endfacet
facet normal -1.0 9.51179460904609e-030 -5.87753680449183e-030
  outer loop
    vertex 3.00000000000156 46.5000000000246 61.9836581326069
    vertex 3.00000000000156 40.0320300000136 103.834288132603
    vertex 3.00000000000156 40.1870000000138 103.612968132603
  endloop
endfacet
facet normal -1.0 9.51179460904609e-030 -5.87753680449183e-030
  outer loop
    vertex 3.00000000000156 46.5000000000246 61.9836581326069
    vertex 3.00000000000156 40.1870000000138 103.612968132603
    vertex 3.00000000000156 40.3780500000139 103.421918132603
  endloop
endfacet
facet normal -1.0 9.51179460904609e-030 -5.87753680449183e-030
  outer loop
    vertex 3.00000000000156 46.5000000000246 61.9836581326069
    vertex 3.00000000000156 40.3780500000139 103.421918132603
    vertex 3.00000000000156 40.599370000014 103.266948132603
  endloop
endfacet
facet normal -1.0 9.51179460904609e-030 -5.87753680449183e-030
  outer loop
    vertex 3.00000000000156 46.5000000000246 61.9836581326069
    vertex 3.00000000000156 40.599370000014 103.266948132603
    vertex 3.00000000000156 40.8442400000141 103.152768132603
  endloop
endfacet
facet normal -1.0 9.51179460904609e-030 -5.87753680449183e-030
  outer loop
    vertex 3.00000000000156 46.5000000000246 61.9836581326069
    vertex 3.00000000000156 40.8442400000141 103.152768132603
    vertex 3.00000000000156 41.1052200000141 103.082838132603
  endloop
endfacet
facet normal -1.0 9.51179460904609e-030 -5.87753680449183e-030
  outer loop
    vertex 3.00000000000156 46.5000000000246 61.9836581326069
    vertex 3.00000000000156 41.1052200000141 103.082838132603
    vertex 3.00000000000156 41.3743700000141 103.059288132604
  endloop
endfacet
facet normal -1.0 9.51179460904609e-030 -5.87753680449183e-030
  outer loop
    vertex 3.00000000000156 46.5000000000246 61.9836581326069
    vertex 3.00000000000156 41.3743700000141 103.059288132604
    vertex 3.00000000000156 41.6435300000141 103.082838132604
  endloop
endfacet
facet normal -1.0 9.51179460904609e-030 -5.87753680449183e-030
  outer loop
    vertex 3.00000000000156 46.5000000000246 61.9836581326069
    vertex 3.00000000000156 41.6435300000141 103.082838132604
    vertex 3.00000000000156 41.9045000000141 103.152768132604
  endloop
endfacet
facet normal -1.0 9.51179460904609e-030 -5.87753680449183e-030
  outer loop
    vertex 3.00000000000156 46.5000000000246 61.9836581326069
    vertex 3.00000000000156 41.9045000000141 103.152768132604
    vertex 3.00000000000156 42.149370000014 103.266948132604
  endloop
endfacet
facet normal -1.0 9.51179460904609e-030 -5.87753680449183e-030
  outer loop
    vertex 3.00000000000156 46.5000000000246 61.9836581326069
    vertex 3.00000000000156 42.149370000014 103.266948132604
    vertex 3.00000000000156 42.3706900000139 103.421918132604
  endloop
endfacet
facet normal -1.0 9.51179460904609e-030 -5.87753680449183e-030
  outer loop
    vertex 3.00000000000156 46.5000000000246 61.9836581326069
    vertex 3.00000000000156 42.3706900000139 103.421918132604
    vertex 3.00000000000156 42.5617400000138 103.612968132604
  endloop
endfacet
facet normal -1.0 9.51179460904609e-030 -5.87753680449183e-030
  outer loop
    vertex 3.00000000000156 46.5000000000246 61.9836581326069
    vertex 3.00000000000156 42.5617400000138 103.612968132604
    vertex 3.00000000000156 42.7167100000136 103.834288132604
  endloop
endfacet
facet normal -1.0 9.51179460904609e-030 -5.87753680449183e-030
  outer loop
    vertex 3.00000000000156 46.5000000000246 61.9836581326069
    vertex 3.00000000000156 42.7167100000136 103.834288132604
    vertex 3.00000000000156 42.8308900000134 104.079158132605
  endloop
endfacet
facet normal -1.0 9.51179460904609e-030 -5.87753680449183e-030
  outer loop
    vertex 3.00000000000156 46.5000000000246 61.9836581326069
    vertex 3.00000000000156 42.8308900000134 104.079158132605
    vertex 3.00000000000156 42.9008200000133 104.340138132605
  endloop
endfacet
facet normal -1.0 9.51179460904609e-030 -5.87753680449183e-030
  outer loop
    vertex 3.00000000000156 46.5000000000246 61.9836581326069
    vertex 3.00000000000156 42.9008200000133 104.340138132605
    vertex 3.00000000000156 42.9243700000131 104.609288132605
  endloop
endfacet
facet normal -1.0 9.51179460904609e-030 -5.87753680449183e-030
  outer loop
    vertex 3.00000000000156 46.5000000000246 61.9836581326069
    vertex 3.00000000000156 42.9243700000131 104.609288132605
    vertex 3.00000000000156 43.2501999999935 134.395768132605
  endloop
endfacet
facet normal -1.0 9.51179460904609e-030 -5.87753680449183e-030
  outer loop
    vertex 3.00000000000156 46.5000000000246 61.9836581326069
    vertex 3.00000000000156 43.2501999999935 134.395768132605
    vertex 3.00000000000156 44.1836699999941 133.588068132605
  endloop
endfacet
facet normal -1.0 9.51179460904609e-030 -5.87753680449183e-030
  outer loop
    vertex 3.00000000000156 46.5000000000246 61.9836581326069
    vertex 3.00000000000156 44.1836699999941 133.588068132605
    vertex 3.00000000000156 45.0714299999946 132.730378132606
  endloop
endfacet
facet normal -1.0 9.51179460904609e-030 -5.87753680449183e-030
  outer loop
    vertex 3.00000000000156 46.5000000000246 61.9836581326069
    vertex 3.00000000000156 45.0714299999946 132.730378132606
    vertex 3.00000000000156 45.4362799999949 132.314248132606
  endloop
endfacet
facet normal -1.0 9.51179460904609e-030 -5.87753680449183e-030
  outer loop
    vertex 3.00000000000156 46.5000000000246 61.9836581326069
    vertex 3.00000000000156 45.4362799999949 132.314248132606
    vertex 3.00000000000156 45.7528999999952 131.860338132606
  endloop
endfacet
facet normal -1.0 9.51179460904609e-030 -5.87753680449183e-030
  outer loop
    vertex 3.00000000000156 46.5000000000246 61.9836581326069
    vertex 3.00000000000156 45.7528999999952 131.860338132606
    vertex 3.00000000000156 46.0174199999955 131.374218132607
  endloop
endfacet
facet normal -1.0 9.51179460904609e-030 -5.87753680449183e-030
  outer loop
    vertex 3.00000000000156 46.5000000000246 61.9836581326069
    vertex 3.00000000000156 46.0174199999955 131.374218132607
    vertex 3.00000000000156 46.2265899999959 130.861848132607
  endloop
endfacet
facet normal -1.0 9.51179460904609e-030 -5.87753680449183e-030
  outer loop
    vertex 3.00000000000156 46.5000000000246 61.9836581326069
    vertex 3.00000000000156 46.2265899999959 130.861848132607
    vertex 3.00000000000156 46.3778599999962 130.329498132607
  endloop
endfacet
facet normal -1.0 9.51179460904609e-030 -5.87753680449183e-030
  outer loop
    vertex 3.00000000000156 46.5000000000246 61.9836581326069
    vertex 3.00000000000156 46.3778599999962 130.329498132607
    vertex 3.00000000000156 46.4693699999966 129.783688132607
  endloop
endfacet
facet normal -1.0 9.51179460904609e-030 -5.87753680449183e-030
  outer loop
    vertex 3.00000000000156 46.5000000000246 61.9836581326069
    vertex 3.00000000000156 46.4693699999966 129.783688132607
    vertex 3.00000000000156 46.4999999999969 129.231108132607
  endloop
endfacet
facet normal -1.0 9.51179460904609e-030 -5.87753680449183e-030
  outer loop
    vertex 3.00000000000156 39.8479199999968 129.088878132604
    vertex 3.00000000000156 39.8243700000131 104.609288132603
    vertex 3.00000000000156 39.8243699999968 129.358028132604
  endloop
endfacet
facet normal -1.0 9.51179460904609e-030 -5.87753680449183e-030
  outer loop
    vertex 3.00000000000156 39.8243700000131 104.609288132603
    vertex 3.00000000000156 39.8479199999968 129.088878132604
    vertex 3.00000000000156 39.8479200000129 104.878448132603
  endloop
endfacet
facet normal -1.0 9.51179460904609e-030 -5.87753680449183e-030
  outer loop
    vertex 3.00000000000156 39.8479200000129 104.878448132603
    vertex 3.00000000000156 39.8479199999968 129.088878132604
    vertex 3.00000000000156 39.9178499999967 128.827898132604
  endloop
endfacet
facet normal -1.0 9.51179460904609e-030 -5.87753680449183e-030
  outer loop
    vertex 3.00000000000156 39.8479200000129 104.878448132603
    vertex 3.00000000000156 39.9178499999967 128.827898132604
    vertex 3.00000000000156 39.9178500000128 105.139418132603
  endloop
endfacet
facet normal -1.0 9.51179460904609e-030 -5.87753680449183e-030
  outer loop
    vertex 3.00000000000156 39.9178500000128 105.139418132603
    vertex 3.00000000000156 39.9178499999967 128.827898132604
    vertex 3.00000000000156 40.0320299999968 128.583028132604
  endloop
endfacet
facet normal -1.0 9.51179460904609e-030 -5.87753680449183e-030
  outer loop
    vertex 3.00000000000156 39.9178500000128 105.139418132603
    vertex 3.00000000000156 40.0320299999968 128.583028132604
    vertex 3.00000000000156 40.0320300000126 105.384288132603
  endloop
endfacet
facet normal -1.0 9.51179460904609e-030 -5.87753680449183e-030
  outer loop
    vertex 3.00000000000156 40.0320300000126 105.384288132603
    vertex 3.00000000000156 40.0320299999968 128.583028132604
    vertex 3.00000000000156 40.1869999999968 128.361708132604
  endloop
endfacet
facet normal -1.0 9.51179460904609e-030 -5.87753680449183e-030
  outer loop
    vertex 3.00000000000156 40.0320300000126 105.384288132603
    vertex 3.00000000000156 40.1869999999968 128.361708132604
    vertex 3.00000000000156 40.1870000000125 105.605608132603
  endloop
endfacet
facet normal -1.0 9.51179460904609e-030 -5.87753680449183e-030
  outer loop
    vertex 3.00000000000156 40.1870000000125 105.605608132603
    vertex 3.00000000000156 40.1869999999968 128.361708132604
    vertex 3.00000000000156 40.3780499999968 128.170658132604
  endloop
endfacet
facet normal -1.0 9.51179460904609e-030 -5.87753680449183e-030
  outer loop
    vertex 3.00000000000156 40.1870000000125 105.605608132603
    vertex 3.00000000000156 40.3780499999968 128.170658132604
    vertex 3.00000000000156 40.3780500000123 105.796658132603
  endloop
endfacet
facet normal -1.0 9.51179460904609e-030 -5.87753680449183e-030
  outer loop
    vertex 3.00000000000156 40.3780500000123 105.796658132603
    vertex 3.00000000000156 40.3780499999968 128.170658132604
    vertex 3.00000000000156 40.5993699999967 128.015688132604
  endloop
endfacet
facet normal -1.0 9.51179460904609e-030 -5.87753680449183e-030
  outer loop
    vertex 3.00000000000156 40.3780500000123 105.796658132603
    vertex 3.00000000000156 40.5993699999967 128.015688132604
    vertex 3.00000000000156 40.5993700000122 105.951628132603
  endloop
endfacet
facet normal -1.0 9.51179460904609e-030 -5.87753680449183e-030
  outer loop
    vertex 3.00000000000156 40.5993700000122 105.951628132603
    vertex 3.00000000000156 40.5993699999967 128.015688132604
    vertex 3.00000000000156 40.8442399999967 127.901508132604
  endloop
endfacet
facet normal -1.0 9.51179460904609e-030 -5.87753680449183e-030
  outer loop
    vertex 3.00000000000156 40.5993700000122 105.951628132603
    vertex 3.00000000000156 40.8442399999967 127.901508132604
    vertex 3.00000000000156 40.8442400000121 106.065808132603
  endloop
endfacet
facet normal -1.0 9.51179460904609e-030 -5.87753680449183e-030
  outer loop
    vertex 3.00000000000156 40.8442400000121 106.065808132603
    vertex 3.00000000000156 40.8442399999967 127.901508132604
    vertex 3.00000000000156 41.1052099999967 127.831578132604
  endloop
endfacet
facet normal -1.0 9.51179460904609e-030 -5.87753680449183e-030
  outer loop
    vertex 3.00000000000156 40.8442400000121 106.065808132603
    vertex 3.00000000000156 41.1052099999967 127.831578132604
    vertex 3.00000000000156 41.1052200000121 106.135738132603
  endloop
endfacet
facet normal -1.0 9.51179460904609e-030 -5.87753680449183e-030
  outer loop
    vertex 3.00000000000156 41.1052200000121 106.135738132603
    vertex 3.00000000000156 41.1052099999967 127.831578132604
    vertex 3.00000000000156 41.3743699999967 127.808028132604
  endloop
endfacet
facet normal -1.0 9.51179460904609e-030 -5.87753680449183e-030
  outer loop
    vertex 3.00000000000156 41.1052200000121 106.135738132603
    vertex 3.00000000000156 41.3743699999967 127.808028132604
    vertex 3.00000000000156 41.3743700000121 106.159288132604
  endloop
endfacet
facet normal -1.0 9.51179460904609e-030 -5.87753680449183e-030
  outer loop
    vertex 3.00000000000156 41.3743700000121 106.159288132604
    vertex 3.00000000000156 41.3743699999967 127.808028132604
    vertex 3.00000000000156 41.6435199999967 127.831578132604
  endloop
endfacet
facet normal -1.0 9.51179460904609e-030 -5.87753680449183e-030
  outer loop
    vertex 3.00000000000156 41.3743700000121 106.159288132604
    vertex 3.00000000000156 41.6435199999967 127.831578132604
    vertex 3.00000000000156 41.6435300000121 106.135738132604
  endloop
endfacet
facet normal -1.0 9.51179460904609e-030 -5.87753680449183e-030
  outer loop
    vertex 3.00000000000156 41.6435300000121 106.135738132604
    vertex 3.00000000000156 41.6435199999967 127.831578132604
    vertex 3.00000000000156 41.9044999999967 127.901508132604
  endloop
endfacet
facet normal -1.0 9.51179460904609e-030 -5.87753680449183e-030
  outer loop
    vertex 3.00000000000156 41.6435300000121 106.135738132604
    vertex 3.00000000000156 41.9044999999967 127.901508132604
    vertex 3.00000000000156 41.9045000000121 106.065808132604
  endloop
endfacet
facet normal -1.0 9.51179460904609e-030 -5.87753680449183e-030
  outer loop
    vertex 3.00000000000156 41.9045000000121 106.065808132604
    vertex 3.00000000000156 41.9044999999967 127.901508132604
    vertex 3.00000000000156 42.1493699999968 128.015688132604
  endloop
endfacet
facet normal -1.0 9.51179460904609e-030 -5.87753680449183e-030
  outer loop
    vertex 3.00000000000156 41.9045000000121 106.065808132604
    vertex 3.00000000000156 42.1493699999968 128.015688132604
    vertex 3.00000000000156 42.1493700000122 105.951628132604
  endloop
endfacet
facet normal -1.0 9.51179460904609e-030 -5.87753680449183e-030
  outer loop
    vertex 3.00000000000156 42.1493700000122 105.951628132604
    vertex 3.00000000000156 42.1493699999968 128.015688132604
    vertex 3.00000000000156 42.3706899999968 128.170658132604
  endloop
endfacet
facet normal -1.0 9.51179460904609e-030 -5.87753680449183e-030
  outer loop
    vertex 3.00000000000156 42.1493700000122 105.951628132604
    vertex 3.00000000000156 42.3706899999968 128.170658132604
    vertex 3.00000000000156 42.3706900000123 105.796658132604
  endloop
endfacet
facet normal -1.0 9.51179460904609e-030 -5.87753680449183e-030
  outer loop
    vertex 3.00000000000156 42.3706900000123 105.796658132604
    vertex 3.00000000000156 42.3706899999968 128.170658132604
    vertex 3.00000000000156 42.5617399999968 128.361708132604
  endloop
endfacet
facet normal -1.0 9.51179460904609e-030 -5.87753680449183e-030
  outer loop
    vertex 3.00000000000156 42.3706900000123 105.796658132604
    vertex 3.00000000000156 42.5617399999968 128.361708132604
    vertex 3.00000000000156 42.5617400000124 105.605608132604
  endloop
endfacet
facet normal -1.0 9.51179460904609e-030 -5.87753680449183e-030
  outer loop
    vertex 3.00000000000156 42.5617400000124 105.605608132604
    vertex 3.00000000000156 42.5617399999968 128.361708132604
    vertex 3.00000000000156 42.7167099999968 128.583028132604
  endloop
endfacet
facet normal -1.0 9.51179460904609e-030 -5.87753680449183e-030
  outer loop
    vertex 3.00000000000156 42.5617400000124 105.605608132604
    vertex 3.00000000000156 42.7167099999968 128.583028132604
    vertex 3.00000000000156 42.7167100000126 105.384288132604
  endloop
endfacet
facet normal -1.0 9.51179460904609e-030 -5.87753680449183e-030
  outer loop
    vertex 3.00000000000156 42.7167100000126 105.384288132604
    vertex 3.00000000000156 42.7167099999968 128.583028132604
    vertex 3.00000000000156 42.8308899999968 128.827898132603
  endloop
endfacet
facet normal -1.0 9.51179460904609e-030 -5.87753680449183e-030
  outer loop
    vertex 3.00000000000156 42.7167100000126 105.384288132604
    vertex 3.00000000000156 42.8308899999968 128.827898132603
    vertex 3.00000000000156 42.8308900000127 105.139418132605
  endloop
endfacet
facet normal -1.0 9.51179460904609e-030 -5.87753680449183e-030
  outer loop
    vertex 3.00000000000156 42.8308900000127 105.139418132605
    vertex 3.00000000000156 42.8308899999968 128.827898132603
    vertex 3.00000000000156 42.9008199999968 129.088878132603
  endloop
endfacet
facet normal -1.0 9.51179460904609e-030 -5.87753680449183e-030
  outer loop
    vertex 3.00000000000156 42.8308900000127 105.139418132605
    vertex 3.00000000000156 42.9008199999968 129.088878132603
    vertex 3.00000000000156 42.9008200000129 104.878448132605
  endloop
endfacet
facet normal -1.0 9.51179460904609e-030 -5.87753680449183e-030
  outer loop
    vertex 3.00000000000156 42.9008200000129 104.878448132605
    vertex 3.00000000000156 42.9008199999968 129.088878132603
    vertex 3.00000000000156 42.9243699999968 129.358028132603
  endloop
endfacet
facet normal -1.0 9.51179460904609e-030 -5.87753680449183e-030
  outer loop
    vertex 3.00000000000156 42.9008200000129 104.878448132605
    vertex 3.00000000000156 42.9243699999968 129.358028132603
    vertex 3.00000000000156 42.9243700000131 104.609288132605
  endloop
endfacet
facet normal -1.0 9.51179460904609e-030 -5.87753680449183e-030
  outer loop
    vertex 3.00000000000156 15.0991799999971 129.088868132586
    vertex 3.00000000000156 15.0756300000131 104.609288132587
    vertex 3.00000000000156 15.0756299999969 129.358028132586
  endloop
endfacet
facet normal -1.0 9.51179460904609e-030 -5.87753680449183e-030
  outer loop
    vertex 3.00000000000156 15.0756300000131 104.609288132587
    vertex 3.00000000000156 15.0991799999971 129.088868132586
    vertex 3.00000000000156 15.0991800000131 104.878438132587
  endloop
endfacet
facet normal -1.0 9.51179460904609e-030 -5.87753680449183e-030
  outer loop
    vertex 3.00000000000156 15.0991800000131 104.878438132587
    vertex 3.00000000000156 15.0991799999971 129.088868132586
    vertex 3.00000000000156 15.1691099999972 128.827898132586
  endloop
endfacet
facet normal -1.0 9.51179460904609e-030 -5.87753680449183e-030
  outer loop
    vertex 3.00000000000156 15.0991800000131 104.878438132587
    vertex 3.00000000000156 15.1691099999972 128.827898132586
    vertex 3.00000000000156 15.1691100000131 105.139418132587
  endloop
endfacet
facet normal -1.0 9.51179460904609e-030 -5.87753680449183e-030
  outer loop
    vertex 3.00000000000156 15.1691100000131 105.139418132587
    vertex 3.00000000000156 15.1691099999972 128.827898132586
    vertex 3.00000000000156 15.2832899999973 128.583028132587
  endloop
endfacet
facet normal -1.0 9.51179460904609e-030 -5.87753680449183e-030
  outer loop
    vertex 3.00000000000156 15.1691100000131 105.139418132587
    vertex 3.00000000000156 15.2832899999973 128.583028132587
    vertex 3.00000000000156 15.2832900000131 105.384288132587
  endloop
endfacet
facet normal -1.0 9.51179460904609e-030 -5.87753680449183e-030
  outer loop
    vertex 3.00000000000156 15.2832900000131 105.384288132587
    vertex 3.00000000000156 15.2832899999973 128.583028132587
    vertex 3.00000000000156 15.4382599999975 128.361708132587
  endloop
endfacet
facet normal -1.0 9.51179460904609e-030 -5.87753680449183e-030
  outer loop
    vertex 3.00000000000156 15.2832900000131 105.384288132587
    vertex 3.00000000000156 15.4382599999975 128.361708132587
    vertex 3.00000000000156 15.4382600000131 105.605608132587
  endloop
endfacet
facet normal -1.0 9.51179460904609e-030 -5.87753680449183e-030
  outer loop
    vertex 3.00000000000156 15.4382600000131 105.605608132587
    vertex 3.00000000000156 15.4382599999975 128.361708132587
    vertex 3.00000000000156 15.6293099999977 128.170658132587
  endloop
endfacet
facet normal -1.0 9.51179460904609e-030 -5.87753680449183e-030
  outer loop
    vertex 3.00000000000156 15.4382600000131 105.605608132587
    vertex 3.00000000000156 15.6293099999977 128.170658132587
    vertex 3.00000000000156 15.6293100000132 105.796658132587
  endloop
endfacet
facet normal -1.0 9.51179460904609e-030 -5.87753680449183e-030
  outer loop
    vertex 3.00000000000156 15.6293100000132 105.796658132587
    vertex 3.00000000000156 15.6293099999977 128.170658132587
    vertex 3.00000000000156 15.8506299999977 128.015688132587
  endloop
endfacet
facet normal -1.0 9.51179460904609e-030 -5.87753680449183e-030
  outer loop
    vertex 3.00000000000156 15.6293100000132 105.796658132587
    vertex 3.00000000000156 15.8506299999977 128.015688132587
    vertex 3.00000000000156 15.8506300000131 105.951628132587
  endloop
endfacet
facet normal -1.0 9.51179460904609e-030 -5.87753680449183e-030
  outer loop
    vertex 3.00000000000156 15.8506300000131 105.951628132587
    vertex 3.00000000000156 15.8506299999977 128.015688132587
    vertex 3.00000000000156 16.0954999999978 127.901508132587
  endloop
endfacet
facet normal -1.0 9.51179460904609e-030 -5.87753680449183e-030
  outer loop
    vertex 3.00000000000156 15.8506300000131 105.951628132587
    vertex 3.00000000000156 16.0954999999978 127.901508132587
    vertex 3.00000000000156 16.0955000000131 106.065808132587
  endloop
endfacet
facet normal -1.0 9.51179460904609e-030 -5.87753680449183e-030
  outer loop
    vertex 3.00000000000156 16.0955000000131 106.065808132587
    vertex 3.00000000000156 16.0954999999978 127.901508132587
    vertex 3.00000000000156 16.3564699999978 127.831578132587
  endloop
endfacet
facet normal -1.0 9.51179460904609e-030 -5.87753680449183e-030
  outer loop
    vertex 3.00000000000156 16.0955000000131 106.065808132587
    vertex 3.00000000000156 16.3564699999978 127.831578132587
    vertex 3.00000000000156 16.3564800000131 106.135738132587
  endloop
endfacet
facet normal -1.0 9.51179460904609e-030 -5.87753680449183e-030
  outer loop
    vertex 3.00000000000156 16.3564800000131 106.135738132587
    vertex 3.00000000000156 16.3564699999978 127.831578132587
    vertex 3.00000000000156 16.6256299999979 127.808028132587
  endloop
endfacet
facet normal -1.0 9.51179460904609e-030 -5.87753680449183e-030
  outer loop
    vertex 3.00000000000156 16.3564800000131 106.135738132587
    vertex 3.00000000000156 16.6256299999979 127.808028132587
    vertex 3.00000000000156 16.6256300000131 106.159288132587
  endloop
endfacet
facet normal -1.0 9.51179460904609e-030 -5.87753680449183e-030
  outer loop
    vertex 3.00000000000156 16.6256300000131 106.159288132587
    vertex 3.00000000000156 16.6256299999979 127.808028132587
    vertex 3.00000000000156 16.8947799999979 127.831578132588
  endloop
endfacet
facet normal -1.0 9.51179460904609e-030 -5.87753680449183e-030
  outer loop
    vertex 3.00000000000156 16.6256300000131 106.159288132587
    vertex 3.00000000000156 16.8947799999979 127.831578132588
    vertex 3.00000000000156 16.8947900000131 106.135738132587
  endloop
endfacet
facet normal -1.0 9.51179460904609e-030 -5.87753680449183e-030
  outer loop
    vertex 3.00000000000156 16.8947900000131 106.135738132587
    vertex 3.00000000000156 16.8947799999979 127.831578132588
    vertex 3.00000000000156 17.1557599999978 127.901508132588
  endloop
endfacet
facet normal -1.0 9.51179460904609e-030 -5.87753680449183e-030
  outer loop
    vertex 3.00000000000156 16.8947900000131 106.135738132587
    vertex 3.00000000000156 17.1557599999978 127.901508132588
    vertex 3.00000000000156 17.1557600000131 106.065808132587
  endloop
endfacet
facet normal -1.0 9.51179460904609e-030 -5.87753680449183e-030
  outer loop
    vertex 3.00000000000156 17.1557600000131 106.065808132587
    vertex 3.00000000000156 17.1557599999978 127.901508132588
    vertex 3.00000000000156 17.4006299999977 128.015688132588
  endloop
endfacet
facet normal -1.0 9.51179460904609e-030 -5.87753680449183e-030
  outer loop
    vertex 3.00000000000156 17.1557600000131 106.065808132587
    vertex 3.00000000000156 17.4006299999977 128.015688132588
    vertex 3.00000000000156 17.4006300000132 105.951628132587
  endloop
endfacet
facet normal -1.0 9.51179460904609e-030 -5.87753680449183e-030
  outer loop
    vertex 3.00000000000156 17.4006300000132 105.951628132587
    vertex 3.00000000000156 17.4006299999977 128.015688132588
    vertex 3.00000000000156 17.6219499999977 128.170658132588
  endloop
endfacet
facet normal -1.0 9.51179460904609e-030 -5.87753680449183e-030
  outer loop
    vertex 3.00000000000156 17.4006300000132 105.951628132587
    vertex 3.00000000000156 17.6219499999977 128.170658132588
    vertex 3.00000000000156 17.6219500000131 105.796658132587
  endloop
endfacet
facet normal -1.0 9.51179460904609e-030 -5.87753680449183e-030
  outer loop
    vertex 3.00000000000156 17.6219500000131 105.796658132587
    vertex 3.00000000000156 17.6219499999977 128.170658132588
    vertex 3.00000000000156 17.8129999999975 128.361708132588
  endloop
endfacet
facet normal -1.0 9.51179460904609e-030 -5.87753680449183e-030
  outer loop
    vertex 3.00000000000156 17.6219500000131 105.796658132587
    vertex 3.00000000000156 17.8129999999975 128.361708132588
    vertex 3.00000000000156 17.8130000000131 105.605608132587
  endloop
endfacet
facet normal -1.0 9.51179460904609e-030 -5.87753680449183e-030
  outer loop
    vertex 3.00000000000156 17.8130000000131 105.605608132587
    vertex 3.00000000000156 17.8129999999975 128.361708132588
    vertex 3.00000000000156 17.9679699999973 128.583028132588
  endloop
endfacet
facet normal -1.0 9.51179460904609e-030 -5.87753680449183e-030
  outer loop
    vertex 3.00000000000156 17.8130000000131 105.605608132587
    vertex 3.00000000000156 17.9679699999973 128.583028132588
    vertex 3.00000000000156 17.9679700000131 105.384288132587
  endloop
endfacet
facet normal -1.0 9.51179460904609e-030 -5.87753680449183e-030
  outer loop
    vertex 3.00000000000156 17.9679700000131 105.384288132587
    vertex 3.00000000000156 17.9679699999973 128.583028132588
    vertex 3.00000000000156 18.0821499999972 128.827898132588
  endloop
endfacet
facet normal -1.0 9.51179460904609e-030 -5.87753680449183e-030
  outer loop
    vertex 3.00000000000156 17.9679700000131 105.384288132587
    vertex 3.00000000000156 18.0821499999972 128.827898132588
    vertex 3.00000000000156 18.0821500000131 105.139418132587
  endloop
endfacet
facet normal -1.0 9.51179460904609e-030 -5.87753680449183e-030
  outer loop
    vertex 3.00000000000156 18.0821500000131 105.139418132587
    vertex 3.00000000000156 18.0821499999972 128.827898132588
    vertex 3.00000000000156 18.152079999997 129.088868132588
  endloop
endfacet
facet normal -1.0 9.51179460904609e-030 -5.87753680449183e-030
  outer loop
    vertex 3.00000000000156 18.0821500000131 105.139418132587
    vertex 3.00000000000156 18.152079999997 129.088868132588
    vertex 3.00000000000156 18.1520800000131 104.878438132587
  endloop
endfacet
facet normal -1.0 9.51179460904609e-030 -5.87753680449183e-030
  outer loop
    vertex 3.00000000000156 18.1520800000131 104.878438132587
    vertex 3.00000000000156 18.152079999997 129.088868132588
    vertex 3.00000000000156 18.1756299999969 129.358028132588
  endloop
endfacet
facet normal -1.0 9.51179460904609e-030 -5.87753680449183e-030
  outer loop
    vertex 3.00000000000156 18.1520800000131 104.878438132587
    vertex 3.00000000000156 18.1756299999969 129.358028132588
    vertex 3.00000000000156 18.1756300000131 104.609288132587
  endloop
endfacet
facet normal -1.85926986644975e-006 -0.67155953750503 0.74095059726177
  outer loop
    vertex 8.00000000019308 33.4407391570822 111.572585132599
    vertex 3.00000000000156 33.9497470000082 112.033911132599
    vertex 3.00000000000156 33.4407530000085 111.572585132598
  endloop
endfacet
facet normal -1.85926986644975e-006 -0.67155953750503 0.74095059726177
  outer loop
    vertex 3.00000000000156 33.9497470000082 112.033911132599
    vertex 8.00000000019308 33.4407391570822 111.572585132599
    vertex 8.00000000019308 33.9497331570819 112.033911132599
  endloop
endfacet
facet normal 1.1837233171249e-006 0.427555313417169 0.903989189076587
  outer loop
    vertex 8.00000000019308 25.7002091570827 110.810209132593
    vertex 3.00000000000156 26.3212160000092 110.516501132594
    vertex 3.00000000000156 25.700223000009 110.810209132593
  endloop
endfacet
facet normal 1.1837233171249e-006 0.427555313417169 0.903989189076587
  outer loop
    vertex 3.00000000000156 26.3212160000092 110.516501132594
    vertex 8.00000000019308 25.7002091570827 110.810209132593
    vertex 8.00000000019308 26.3212021570829 110.516501132594
  endloop
endfacet
facet normal 9.32706399787697e-007 0.336889181950877 0.941544305427843
  outer loop
    vertex 8.00000000019308 26.3212021570829 110.516501132594
    vertex 3.00000000000156 26.9680070000094 110.285076132594
    vertex 3.00000000000156 26.3212160000092 110.516501132594
  endloop
endfacet
facet normal 9.32706399787697e-007 0.336889181950877 0.941544305427843
  outer loop
    vertex 3.00000000000156 26.9680070000094 110.285076132594
    vertex 8.00000000019308 26.3212021570829 110.516501132594
    vertex 8.00000000019308 26.967993157083 110.285076132594
  endloop
endfacet
facet normal 1.64924469496989e-006 0.595699448122274 0.803207424955782
  outer loop
    vertex 8.00000000019318 24.5592331570822 111.572585132593
    vertex 3.00000000000156 25.1110080000088 111.163371132593
    vertex 3.00000000000156 24.5592470000085 111.572585132593
  endloop
endfacet
facet normal 1.64924469496989e-006 0.595699448122274 0.803207424955782
  outer loop
    vertex 3.00000000000156 25.1110080000088 111.163371132593
    vertex 8.00000000019318 24.5592331570822 111.572585132593
    vertex 8.00000000019308 25.1109941570825 111.163371132593
  endloop
endfacet
facet normal -2.05138493045794e-006 -0.740950597262367 0.671559537503812
  outer loop
    vertex 8.00000000019308 33.9497331570819 112.033911132599
    vertex 3.00000000000156 34.4110730000079 112.542905132599
    vertex 3.00000000000156 33.9497470000082 112.033911132599
  endloop
endfacet
facet normal -2.05138493045794e-006 -0.740950597262367 0.671559537503812
  outer loop
    vertex 3.00000000000156 34.4110730000079 112.542905132599
    vertex 8.00000000019308 33.9497331570819 112.033911132599
    vertex 8.00000000019308 34.4110591570815 112.542905132599
  endloop
endfacet
facet normal -2.76525037125339e-006 -0.998795450077544 -0.0490677989800917
  outer loop
    vertex 8.00000000019308 35.9999861570786 116.9836581326
    vertex 3.00000000000156 35.9662930000045 117.6697781326
    vertex 3.00000000000156 36.000000000005 116.9836581326
  endloop
endfacet
facet normal -2.76525037125339e-006 -0.998795450077544 -0.0490677989800917
  outer loop
    vertex 3.00000000000156 35.9662930000045 117.6697781326
    vertex 8.00000000019308 35.9999861570786 116.9836581326
    vertex 8.00000000019308 35.9662791570782 117.6697781326
  endloop
endfacet
facet normal -2.68561400219625e-006 -0.970031164421875 0.242980534288508
  outer loop
    vertex 8.00000000019308 35.69856815708 114.9516651326
    vertex 3.00000000000156 35.8654970000059 115.6180261326
    vertex 3.00000000000156 35.6985820000063 114.9516651326
  endloop
endfacet
facet normal -2.68561400219625e-006 -0.970031164421875 0.242980534288508
  outer loop
    vertex 3.00000000000156 35.8654970000059 115.6180261326
    vertex 8.00000000019308 35.69856815708 114.9516651326
    vertex 8.00000000019308 35.8654831570795 115.6180261326
  endloop
endfacet
facet normal 1.35848356283292e-007 0.049067798978934 0.998795450081419
  outer loop
    vertex 8.00000000019308 28.3138661570832 110.017365132595
    vertex 3.00000000000156 29.0000000000096 109.983658132595
    vertex 3.00000000000156 28.3138800000096 110.017365132595
  endloop
endfacet
facet normal 1.35848356283292e-007 0.049067798978934 0.998795450081419
  outer loop
    vertex 3.00000000000156 29.0000000000096 109.983658132595
    vertex 8.00000000019308 28.3138661570832 110.017365132595
    vertex 8.00000000019308 28.9999861570832 109.983658132596
  endloop
endfacet
facet normal -2.37469459867955e-006 -0.857728532955444 0.514102872729245
  outer loop
    vertex 8.00000000019308 34.8202731570812 113.094666132599
    vertex 3.00000000000156 35.1734490000071 113.6838811326
    vertex 3.00000000000156 34.8202870000075 113.094666132599
  endloop
endfacet
facet normal -2.37469459867955e-006 -0.857728532955444 0.514102872729245
  outer loop
    vertex 3.00000000000156 35.1734490000071 113.6838811326
    vertex 8.00000000019308 34.8202731570812 113.094666132599
    vertex 8.00000000019308 35.1734351570808 113.6838811326
  endloop
endfacet
facet normal -1.64924474209237e-006 -0.59569944812335 0.803207424954984
  outer loop
    vertex 8.00000000019308 32.8889781570824 111.163371132598
    vertex 3.00000000000156 33.4407530000085 111.572585132598
    vertex 3.00000000000156 32.8889920000088 111.163371132598
  endloop
endfacet
facet normal -1.64924474209237e-006 -0.59569944812335 0.803207424954984
  outer loop
    vertex 3.00000000000156 33.4407530000085 111.572585132598
    vertex 8.00000000019308 32.8889781570824 111.163371132598
    vertex 8.00000000019308 33.4407391570822 111.572585132599
  endloop
endfacet
facet normal 2.05138489106247e-006 0.740950597261508 0.67155953750476
  outer loop
    vertex 3.00000000000156 23.5889270000079 112.542905132592
    vertex 8.00000000019318 24.0502391570819 112.033911132592
    vertex 3.00000000000156 24.0502530000082 112.033911132592
  endloop
endfacet
facet normal 2.05138489106247e-006 0.740950597261508 0.67155953750476
  outer loop
    vertex 8.00000000019318 24.0502391570819 112.033911132592
    vertex 3.00000000000156 23.5889270000079 112.542905132592
    vertex 8.00000000019318 23.5889131570816 112.542905132592
  endloop
endfacet
facet normal 2.37469456851954e-006 0.857728532954769 0.514102872730371
  outer loop
    vertex 3.00000000000156 22.8265510000072 113.683881132591
    vertex 8.00000000019318 23.1796991570812 113.094666132592
    vertex 3.00000000000156 23.1797130000075 113.094666132592
  endloop
endfacet
facet normal 2.37469456851954e-006 0.857728532954769 0.514102872730371
  outer loop
    vertex 8.00000000019318 23.1796991570812 113.094666132592
    vertex 3.00000000000156 22.8265510000072 113.683881132591
    vertex 8.00000000019318 22.8265371570808 113.683881132592
  endloop
endfacet
facet normal -2.60674570669006e-006 -0.941544305425057 0.336889181949869
  outer loop
    vertex 8.00000000019308 35.4671431570804 114.3048741326
    vertex 3.00000000000156 35.6985820000063 114.9516651326
    vertex 3.00000000000156 35.4671570000067 114.3048741326
  endloop
endfacet
facet normal -2.60674570669006e-006 -0.941544305425057 0.336889181949869
  outer loop
    vertex 3.00000000000156 35.6985820000063 114.9516651326
    vertex 8.00000000019308 35.4671431570804 114.3048741326
    vertex 8.00000000019308 35.69856815708 114.9516651326
  endloop
endfacet
facet normal 4.06235529987671e-007 0.146730355429307 -0.989176527620538
  outer loop
    vertex 8.00000000019308 28.313866157074 123.949951132595
    vertex 3.00000000000156 27.6343680000005 123.849155132595
    vertex 3.00000000000156 28.3138800000004 123.949951132595
  endloop
endfacet
facet normal 4.06235529987671e-007 0.146730355429307 -0.989176527620538
  outer loop
    vertex 3.00000000000156 27.6343680000005 123.849155132595
    vertex 8.00000000019308 28.313866157074 123.949951132595
    vertex 8.00000000019308 27.6343541570741 123.849155132595
  endloop
endfacet
facet normal -1.1837233171223e-006 -0.427555313417142 -0.9039891890766
  outer loop
    vertex 8.00000000019308 32.2997631570746 123.157107132598
    vertex 3.00000000000156 31.6787840000007 123.450815132597
    vertex 3.00000000000156 32.2997770000009 123.157107132598
  endloop
endfacet
facet normal -1.1837233171223e-006 -0.427555313417142 -0.9039891890766
  outer loop
    vertex 3.00000000000156 31.6787840000007 123.450815132597
    vertex 8.00000000019308 32.2997631570746 123.157107132598
    vertex 8.00000000019308 31.6787701570744 123.450815132597
  endloop
endfacet
facet normal -1.4233376165061e-006 -0.514102872730174 -0.857728532956993
  outer loop
    vertex 8.00000000019308 32.8889781570748 122.803945132598
    vertex 3.00000000000156 32.2997770000009 123.157107132598
    vertex 3.00000000000156 32.8889920000012 122.803945132598
  endloop
endfacet
facet normal -1.4233376165061e-006 -0.514102872730174 -0.857728532956993
  outer loop
    vertex 3.00000000000156 32.2997770000009 123.157107132598
    vertex 8.00000000019308 32.8889781570748 122.803945132598
    vertex 8.00000000019308 32.2997631570746 123.157107132598
  endloop
endfacet
facet normal -1.85926982298589e-006 -0.671559537504048 -0.74095059726266
  outer loop
    vertex 8.00000000019308 33.9497331570754 121.933405132599
    vertex 3.00000000000156 33.4407530000014 122.394731132598
    vertex 3.00000000000156 33.9497470000017 121.933405132599
  endloop
endfacet
facet normal -1.85926982298589e-006 -0.671559537504048 -0.74095059726266
  outer loop
    vertex 3.00000000000156 33.4407530000014 122.394731132598
    vertex 8.00000000019308 33.9497331570754 121.933405132599
    vertex 8.00000000019308 33.4407391570751 122.394731132598
  endloop
endfacet
facet normal -2.05138489106458e-006 -0.740950597261491 -0.671559537504778
  outer loop
    vertex 8.00000000019308 34.4110591570757 121.424411132599
    vertex 3.00000000000156 33.9497470000017 121.933405132599
    vertex 3.00000000000156 34.4110730000021 121.424411132599
  endloop
endfacet
facet normal -2.05138489106458e-006 -0.740950597261491 -0.671559537504778
  outer loop
    vertex 3.00000000000156 33.9497470000017 121.933405132599
    vertex 8.00000000019308 34.4110591570757 121.424411132599
    vertex 8.00000000019308 33.9497331570754 121.933405132599
  endloop
endfacet
facet normal 2.0513849304562e-006 0.740950597262374 -0.671559537503804
  outer loop
    vertex 3.00000000000156 24.0502530000017 121.933405132592
    vertex 8.00000000019318 23.5889131570757 121.424411132592
    vertex 3.00000000000156 23.5889270000021 121.424411132592
  endloop
endfacet
facet normal 2.0513849304562e-006 0.740950597262374 -0.671559537503804
  outer loop
    vertex 8.00000000019318 23.5889131570757 121.424411132592
    vertex 3.00000000000156 24.0502530000017 121.933405132592
    vertex 8.00000000019318 24.0502391570754 121.933405132592
  endloop
endfacet
facet normal -2.22374822951465e-006 -0.803207424954106 -0.595699448122666
  outer loop
    vertex 8.00000000019308 34.8202731570761 120.872650132599
    vertex 3.00000000000156 34.4110730000021 121.424411132599
    vertex 3.00000000000156 34.8202870000024 120.872650132599
  endloop
endfacet
facet normal -2.22374822951465e-006 -0.803207424954106 -0.595699448122666
  outer loop
    vertex 3.00000000000156 34.4110730000021 121.424411132599
    vertex 8.00000000019308 34.8202731570761 120.872650132599
    vertex 8.00000000019308 34.4110591570757 121.424411132599
  endloop
endfacet
facet normal 2.68561400219479e-006 0.970031164421875 -0.242980534288508
  outer loop
    vertex 3.00000000000156 22.3014180000037 119.015651132591
    vertex 8.00000000019318 22.1344891570777 118.349290132591
    vertex 3.00000000000156 22.1345030000041 118.349290132591
  endloop
endfacet
facet normal 2.68561400219479e-006 0.970031164421875 -0.242980534288508
  outer loop
    vertex 8.00000000019318 22.1344891570777 118.349290132591
    vertex 3.00000000000156 22.3014180000037 119.015651132591
    vertex 8.00000000019318 22.3014041570773 119.015651132591
  endloop
endfacet
facet normal 1.64924474209238e-006 0.59569944812334 -0.803207424954992
  outer loop
    vertex 8.00000000019308 25.1109941570748 122.803945132593
    vertex 3.00000000000156 24.5592470000014 122.394731132593
    vertex 3.00000000000156 25.1110080000012 122.803945132593
  endloop
endfacet
facet normal 1.64924474209238e-006 0.59569944812334 -0.803207424954992
  outer loop
    vertex 3.00000000000156 24.5592470000014 122.394731132593
    vertex 8.00000000019308 25.1109941570748 122.803945132593
    vertex 8.00000000019318 24.5592331570751 122.394731132593
  endloop
endfacet
facet normal 1.85926986645137e-006 0.67155953750503 -0.74095059726177
  outer loop
    vertex 8.00000000019318 24.5592331570751 122.394731132593
    vertex 3.00000000000156 24.0502530000017 121.933405132592
    vertex 3.00000000000156 24.5592470000014 122.394731132593
  endloop
endfacet
facet normal 1.85926986645137e-006 0.67155953750503 -0.74095059726177
  outer loop
    vertex 3.00000000000156 24.0502530000017 121.933405132592
    vertex 8.00000000019318 24.5592331570751 122.394731132593
    vertex 8.00000000019318 24.0502391570754 121.933405132592
  endloop
endfacet
facet normal 6.72712357033251e-007 0.242980534290604 -0.970031164424834
  outer loop
    vertex 8.00000000019308 27.6343541570741 123.849155132595
    vertex 3.00000000000156 26.9680070000006 123.682240132594
    vertex 3.00000000000156 27.6343680000005 123.849155132595
  endloop
endfacet
facet normal 6.72712357033251e-007 0.242980534290604 -0.970031164424834
  outer loop
    vertex 3.00000000000156 26.9680070000006 123.682240132594
    vertex 8.00000000019308 27.6343541570741 123.849155132595
    vertex 8.00000000019308 26.9679931570742 123.682240132594
  endloop
endfacet
facet normal -9.32706399787668e-007 -0.336889181950867 -0.941544305427846
  outer loop
    vertex 8.00000000019308 31.6787701570744 123.450815132597
    vertex 3.00000000000156 31.0319930000006 123.682240132597
    vertex 3.00000000000156 31.6787840000007 123.450815132597
  endloop
endfacet
facet normal -9.32706399787668e-007 -0.336889181950867 -0.941544305427846
  outer loop
    vertex 3.00000000000156 31.0319930000006 123.682240132597
    vertex 8.00000000019308 31.6787701570744 123.450815132597
    vertex 8.00000000019308 31.0319791570742 123.682240132597
  endloop
endfacet
facet normal -2.50277114225848e-006 -0.90398918907383 -0.427555313417311
  outer loop
    vertex 8.00000000019308 35.4671431570769 119.6624421326
    vertex 3.00000000000156 35.1734490000028 120.2834351326
    vertex 3.00000000000156 35.4671570000032 119.6624421326
  endloop
endfacet
facet normal -2.50277114225848e-006 -0.90398918907383 -0.427555313417311
  outer loop
    vertex 3.00000000000156 35.1734490000028 120.2834351326
    vertex 8.00000000019308 35.4671431570769 119.6624421326
    vertex 8.00000000019308 35.1734351570764 120.2834351326
  endloop
endfacet
facet normal -1.35848356283732e-007 -0.0490677989789668 -0.998795450081417
  outer loop
    vertex 8.00000000019308 29.686106157074 123.949951132596
    vertex 3.00000000000156 29.0000000000004 123.983658132595
    vertex 3.00000000000156 29.6861200000004 123.949951132596
  endloop
endfacet
facet normal -1.35848356283732e-007 -0.0490677989789668 -0.998795450081417
  outer loop
    vertex 3.00000000000156 29.0000000000004 123.983658132595
    vertex 8.00000000019308 29.686106157074 123.949951132596
    vertex 8.00000000019308 28.999986157074 123.983658132596
  endloop
endfacet
facet normal 2.76525037413131e-006 0.998795450077608 -0.0490677989787797
  outer loop
    vertex 3.00000000000156 22.0337070000045 117.669778132591
    vertex 8.00000000019318 21.9999861570786 116.983658132591
    vertex 3.00000000000156 22.000000000005 116.983658132591
  endloop
endfacet
facet normal 2.76525037413131e-006 0.998795450077608 -0.0490677989787797
  outer loop
    vertex 8.00000000019318 21.9999861570786 116.983658132591
    vertex 3.00000000000156 22.0337070000045 117.669778132591
    vertex 8.00000000019318 22.0336931570782 117.669778132591
  endloop
endfacet
facet normal 9.32706455015676e-007 0.336889181952129 -0.941544305427395
  outer loop
    vertex 8.00000000019308 26.9679931570742 123.682240132594
    vertex 3.00000000000156 26.3212160000007 123.450815132594
    vertex 3.00000000000156 26.9680070000006 123.682240132594
  endloop
endfacet
facet normal 9.32706455015676e-007 0.336889181952129 -0.941544305427395
  outer loop
    vertex 3.00000000000156 26.3212160000007 123.450815132594
    vertex 8.00000000019308 26.9679931570742 123.682240132594
    vertex 8.00000000019308 26.3212021570744 123.450815132594
  endloop
endfacet
facet normal -1.64924469496991e-006 -0.595699448122295 -0.803207424955766
  outer loop
    vertex 8.00000000019308 33.4407391570751 122.394731132598
    vertex 3.00000000000156 32.8889920000012 122.803945132598
    vertex 3.00000000000156 33.4407530000014 122.394731132598
  endloop
endfacet
facet normal -1.64924469496991e-006 -0.595699448122295 -0.803207424955766
  outer loop
    vertex 3.00000000000156 32.8889920000012 122.803945132598
    vertex 8.00000000019308 33.4407391570751 122.394731132598
    vertex 8.00000000019308 32.8889781570748 122.803945132598
  endloop
endfacet
facet normal -2.37469456851961e-006 -0.857728532954761 -0.514102872730386
  outer loop
    vertex 8.00000000019308 35.1734351570764 120.2834351326
    vertex 3.00000000000156 34.8202870000024 120.872650132599
    vertex 3.00000000000156 35.1734490000028 120.2834351326
  endloop
endfacet
facet normal -2.37469456851961e-006 -0.857728532954761 -0.514102872730386
  outer loop
    vertex 3.00000000000156 34.8202870000024 120.872650132599
    vertex 8.00000000019308 35.1734351570764 120.2834351326
    vertex 8.00000000019308 34.8202731570761 120.872650132599
  endloop
endfacet
facet normal 1.18372337015232e-006 0.427555313418337 -0.903989189076034
  outer loop
    vertex 8.00000000019308 26.3212021570744 123.450815132594
    vertex 3.00000000000156 25.7002230000009 123.157107132593
    vertex 3.00000000000156 26.3212160000007 123.450815132594
  endloop
endfacet
facet normal 1.18372337015232e-006 0.427555313418337 -0.903989189076034
  outer loop
    vertex 3.00000000000156 25.7002230000009 123.157107132593
    vertex 8.00000000019308 26.3212021570744 123.450815132594
    vertex 8.00000000019308 25.7002091570746 123.157107132593
  endloop
endfacet
facet normal 1.35848414872281e-007 0.0490677989802789 -0.998795450081353
  outer loop
    vertex 8.00000000019308 28.999986157074 123.983658132596
    vertex 3.00000000000156 28.3138800000004 123.949951132595
    vertex 3.00000000000156 29.0000000000004 123.983658132595
  endloop
endfacet
facet normal 1.35848414872281e-007 0.0490677989802789 -0.998795450081353
  outer loop
    vertex 3.00000000000156 28.3138800000004 123.949951132595
    vertex 8.00000000019308 28.999986157074 123.983658132596
    vertex 8.00000000019308 28.313866157074 123.949951132595
  endloop
endfacet
facet normal -2.60674568692828e-006 -0.941544305424609 -0.336889181951121
  outer loop
    vertex 8.00000000019308 35.6985681570773 119.0156511326
    vertex 3.00000000000156 35.4671570000032 119.6624421326
    vertex 3.00000000000156 35.6985820000037 119.0156511326
  endloop
endfacet
facet normal -2.60674568692828e-006 -0.941544305424609 -0.336889181951121
  outer loop
    vertex 3.00000000000156 35.4671570000032 119.6624421326
    vertex 8.00000000019308 35.6985681570773 119.0156511326
    vertex 8.00000000019308 35.4671431570769 119.6624421326
  endloop
endfacet
facet normal 2.68561398794166e-006 0.970031164421556 0.242980534289783
  outer loop
    vertex 3.00000000000156 22.1345030000059 115.618026132591
    vertex 8.00000000019318 22.30140415708 114.951665132591
    vertex 3.00000000000156 22.3014180000063 114.951665132591
  endloop
endfacet
facet normal 2.68561398794166e-006 0.970031164421556 0.242980534289783
  outer loop
    vertex 8.00000000019318 22.30140415708 114.951665132591
    vertex 3.00000000000156 22.1345030000059 115.618026132591
    vertex 8.00000000019318 22.1344891570795 115.618026132591
  endloop
endfacet
facet normal 2.50277116734112e-006 0.903989189074389 -0.427555313416129
  outer loop
    vertex 3.00000000000156 22.8265510000028 120.283435132591
    vertex 8.00000000019318 22.5328291570769 119.662442132591
    vertex 3.00000000000156 22.5328430000032 119.662442132591
  endloop
endfacet
facet normal 2.50277116734112e-006 0.903989189074389 -0.427555313416129
  outer loop
    vertex 8.00000000019318 22.5328291570769 119.662442132591
    vertex 3.00000000000156 22.8265510000028 120.283435132591
    vertex 8.00000000019318 22.8265371570765 120.283435132592
  endloop
endfacet
facet normal 2.73861956994016e-006 0.9891765276171 -0.146730355427487
  outer loop
    vertex 3.00000000000156 22.1345030000041 118.349290132591
    vertex 8.00000000019318 22.0336931570782 117.669778132591
    vertex 3.00000000000156 22.0337070000045 117.669778132591
  endloop
endfacet
facet normal 2.73861956994016e-006 0.9891765276171 -0.146730355427487
  outer loop
    vertex 8.00000000019318 22.0336931570782 117.669778132591
    vertex 3.00000000000156 22.1345030000041 118.349290132591
    vertex 8.00000000019318 22.1344891570777 118.349290132591
  endloop
endfacet
facet normal 2.73861956133302e-006 0.989176527616905 0.146730355428801
  outer loop
    vertex 3.00000000000156 22.0337070000054 116.297538132591
    vertex 8.00000000019318 22.1344891570795 115.618026132591
    vertex 3.00000000000156 22.1345030000059 115.618026132591
  endloop
endfacet
facet normal 2.73861956133302e-006 0.989176527616905 0.146730355428801
  outer loop
    vertex 8.00000000019318 22.1344891570795 115.618026132591
    vertex 3.00000000000156 22.0337070000054 116.297538132591
    vertex 8.00000000019318 22.0336931570791 116.297538132591
  endloop
endfacet
facet normal 2.76525037125302e-006 0.998795450077544 0.0490677989800917
  outer loop
    vertex 3.00000000000156 22.000000000005 116.983658132591
    vertex 8.00000000019318 22.0336931570791 116.297538132591
    vertex 3.00000000000156 22.0337070000054 116.297538132591
  endloop
endfacet
facet normal 2.76525037125302e-006 0.998795450077544 0.0490677989800917
  outer loop
    vertex 8.00000000019318 22.0336931570791 116.297538132591
    vertex 3.00000000000156 22.000000000005 116.983658132591
    vertex 8.00000000019318 21.9999861570786 116.983658132591
  endloop
endfacet
facet normal 1.42333766682342e-006 0.514102872731298 -0.85772853295632
  outer loop
    vertex 8.00000000019308 25.7002091570746 123.157107132593
    vertex 3.00000000000156 25.1110080000012 122.803945132593
    vertex 3.00000000000156 25.7002230000009 123.157107132593
  endloop
endfacet
facet normal 1.42333766682342e-006 0.514102872731298 -0.85772853295632
  outer loop
    vertex 3.00000000000156 25.1110080000012 122.803945132593
    vertex 8.00000000019308 25.7002091570746 123.157107132593
    vertex 8.00000000019308 25.1109941570748 122.803945132593
  endloop
endfacet
facet normal -4.06235471963755e-007 -0.146730355428025 -0.989176527620728
  outer loop
    vertex 8.00000000019308 30.3656181570741 123.849155132596
    vertex 3.00000000000156 29.6861200000004 123.949951132596
    vertex 3.00000000000156 30.3656320000005 123.849155132596
  endloop
endfacet
facet normal -4.06235471963755e-007 -0.146730355428025 -0.989176527620728
  outer loop
    vertex 3.00000000000156 29.6861200000004 123.949951132596
    vertex 8.00000000019308 30.3656181570741 123.849155132596
    vertex 8.00000000019308 29.686106157074 123.949951132596
  endloop
endfacet
facet normal 2.60674570668865e-006 0.941544305425057 -0.336889181949869
  outer loop
    vertex 3.00000000000156 22.5328430000032 119.662442132591
    vertex 8.00000000019318 22.3014041570773 119.015651132591
    vertex 3.00000000000156 22.3014180000037 119.015651132591
  endloop
endfacet
facet normal 2.60674570668865e-006 0.941544305425057 -0.336889181949869
  outer loop
    vertex 8.00000000019318 22.3014041570773 119.015651132591
    vertex 3.00000000000156 22.5328430000032 119.662442132591
    vertex 8.00000000019318 22.5328291570769 119.662442132591
  endloop
endfacet
facet normal 2.37469459867947e-006 0.857728532955444 -0.514102872729245
  outer loop
    vertex 3.00000000000156 23.1797130000024 120.872650132592
    vertex 8.00000000019318 22.8265371570765 120.283435132592
    vertex 3.00000000000156 22.8265510000028 120.283435132591
  endloop
endfacet
facet normal 2.37469459867947e-006 0.857728532955444 -0.514102872729245
  outer loop
    vertex 8.00000000019318 22.8265371570765 120.283435132592
    vertex 3.00000000000156 23.1797130000024 120.872650132592
    vertex 8.00000000019318 23.1796991570761 120.872650132592
  endloop
endfacet
facet normal 2.22374826445021e-006 0.803207424954889 -0.595699448121611
  outer loop
    vertex 3.00000000000156 23.5889270000021 121.424411132592
    vertex 8.00000000019318 23.1796991570761 120.872650132592
    vertex 3.00000000000156 23.1797130000024 120.872650132592
  endloop
endfacet
facet normal 2.22374826445021e-006 0.803207424954889 -0.595699448121611
  outer loop
    vertex 8.00000000019318 23.1796991570761 120.872650132592
    vertex 3.00000000000156 23.5889270000021 121.424411132592
    vertex 8.00000000019318 23.5889131570757 121.424411132592
  endloop
endfacet
facet normal -6.72712300135727e-007 -0.24298053428933 -0.970031164425154
  outer loop
    vertex 8.00000000019308 31.0319791570742 123.682240132597
    vertex 3.00000000000156 30.3656320000005 123.849155132596
    vertex 3.00000000000156 31.0319930000006 123.682240132597
  endloop
endfacet
facet normal -6.72712300135727e-007 -0.24298053428933 -0.970031164425154
  outer loop
    vertex 3.00000000000156 30.3656320000005 123.849155132596
    vertex 8.00000000019308 31.0319791570742 123.682240132597
    vertex 8.00000000019308 30.3656181570741 123.849155132596
  endloop
endfacet
facet normal -2.73861956133312e-006 -0.989176527616905 -0.146730355428801
  outer loop
    vertex 8.00000000019308 35.9662791570782 117.6697781326
    vertex 3.00000000000156 35.8654970000041 118.3492901326
    vertex 3.00000000000156 35.9662930000045 117.6697781326
  endloop
endfacet
facet normal -2.73861956133312e-006 -0.989176527616905 -0.146730355428801
  outer loop
    vertex 3.00000000000156 35.8654970000041 118.3492901326
    vertex 8.00000000019308 35.9662791570782 117.6697781326
    vertex 8.00000000019308 35.8654831570777 118.3492901326
  endloop
endfacet
facet normal -2.68561398794178e-006 -0.970031164421563 -0.242980534289752
  outer loop
    vertex 8.00000000019308 35.8654831570777 118.3492901326
    vertex 3.00000000000156 35.6985820000037 119.0156511326
    vertex 3.00000000000156 35.8654970000041 118.3492901326
  endloop
endfacet
facet normal -2.68561398794178e-006 -0.970031164421563 -0.242980534289752
  outer loop
    vertex 3.00000000000156 35.6985820000037 119.0156511326
    vertex 8.00000000019308 35.8654831570777 118.3492901326
    vertex 8.00000000019308 35.6985681570773 119.0156511326
  endloop
endfacet
facet normal 3.4607417626636e-006 -0.866024560727594 -0.500001460202468
  outer loop
    vertex 8.00000000019318 44.5497999999969 129.35804197553
    vertex 6.00000000000151 42.9620799999969 132.108029132603
    vertex 6.00000000000151 44.5497999999968 129.358028132603
  endloop
endfacet
facet normal 3.4607417626636e-006 -0.866024560727594 -0.500001460202468
  outer loop
    vertex 6.00000000000151 42.9620799999969 132.108029132603
    vertex 8.00000000019318 44.5497999999969 129.35804197553
    vertex 8.00000000019318 42.9620799999971 132.10804297553
  endloop
endfacet
facet normal -3.46073943827596e-006 0.86602475472514 0.50000112419002
  outer loop
    vertex 6.00000000000151 38.1989419999968 129.358028132604
    vertex 8.00000000019308 39.7866599999969 126.60804197553
    vertex 6.00000000000151 39.7866599999967 126.608028132604
  endloop
endfacet
facet normal -3.46073943827596e-006 0.86602475472514 0.50000112419002
  outer loop
    vertex 8.00000000019308 39.7866599999969 126.60804197553
    vertex 6.00000000000151 38.1989419999968 129.358028132604
    vertex 8.00000000019318 38.1989419999969 129.35804197553
  endloop
endfacet
facet normal 3.46074257533902e-006 0.866024481997592 -0.500001596566277
  outer loop
    vertex 6.00000000000151 15.0379200000132 107.359288132587
    vertex 8.00000000019318 13.4502000000132 104.609301975514
    vertex 6.00000000000151 13.4502000000131 104.609288132587
  endloop
endfacet
facet normal 3.46074257533902e-006 0.866024481997592 -0.500001596566277
  outer loop
    vertex 8.00000000019318 13.4502000000132 104.609301975514
    vertex 6.00000000000151 15.0379200000132 107.359288132587
    vertex 8.00000000019318 15.0379200000133 107.359301975514
  endloop
endfacet
facet normal 1.0 0.0 0.0
  outer loop
    vertex 6.00000000000151 15.0379200000131 101.859287132587
    vertex 6.00000000000151 15.0379200000132 107.359288132587
    vertex 6.00000000000151 13.4502000000131 104.609288132587
  endloop
endfacet
facet normal 1.0 0.0 0.0
  outer loop
    vertex 6.00000000000151 15.0379200000132 107.359288132587
    vertex 6.00000000000151 15.0379200000131 101.859287132587
    vertex 6.00000000000151 15.0756300000131 104.609288132587
  endloop
endfacet
facet normal 1.0 0.0 0.0
  outer loop
    vertex 6.00000000000151 15.0756300000131 104.609288132587
    vertex 6.00000000000151 15.0379200000131 101.859287132587
    vertex 6.00000000000151 15.0991800000131 104.340128132587
  endloop
endfacet
facet normal 1.0 0.0 0.0
  outer loop
    vertex 6.00000000000151 15.0991800000131 104.340128132587
    vertex 6.00000000000151 15.0379200000131 101.859287132587
    vertex 6.00000000000151 15.1691100000131 104.079158132587
  endloop
endfacet
facet normal 1.0 0.0 0.0
  outer loop
    vertex 6.00000000000151 15.1691100000131 104.079158132587
    vertex 6.00000000000151 15.0379200000131 101.859287132587
    vertex 6.00000000000151 15.2832900000131 103.834288132587
  endloop
endfacet
facet normal 1.0 0.0 0.0
  outer loop
    vertex 6.00000000000151 15.2832900000131 103.834288132587
    vertex 6.00000000000151 15.0379200000131 101.859287132587
    vertex 6.00000000000151 15.4382600000131 103.612968132587
  endloop
endfacet
facet normal 1.0 0.0 0.0
  outer loop
    vertex 6.00000000000151 15.4382600000131 103.612968132587
    vertex 6.00000000000151 15.0379200000131 101.859287132587
    vertex 6.00000000000151 15.6293100000131 103.421918132587
  endloop
endfacet
facet normal 1.0 0.0 0.0
  outer loop
    vertex 6.00000000000151 15.6293100000131 103.421918132587
    vertex 6.00000000000151 15.0379200000131 101.859287132587
    vertex 6.00000000000151 15.8506300000131 103.266948132587
  endloop
endfacet
facet normal 1.0 0.0 0.0
  outer loop
    vertex 6.00000000000151 15.8506300000131 103.266948132587
    vertex 6.00000000000151 15.0379200000131 101.859287132587
    vertex 6.00000000000151 18.2133400000131 101.859287132587
  endloop
endfacet
facet normal 1.0 0.0 0.0
  outer loop
    vertex 6.00000000000151 15.8506300000131 103.266948132587
    vertex 6.00000000000151 18.2133400000131 101.859287132587
    vertex 6.00000000000151 16.0955000000131 103.152768132587
  endloop
endfacet
facet normal 1.0 0.0 0.0
  outer loop
    vertex 6.00000000000151 16.0955000000131 103.152768132587
    vertex 6.00000000000151 18.2133400000131 101.859287132587
    vertex 6.00000000000151 16.356480000013 103.082838132587
  endloop
endfacet
facet normal 1.0 0.0 0.0
  outer loop
    vertex 6.00000000000151 16.356480000013 103.082838132587
    vertex 6.00000000000151 18.2133400000131 101.859287132587
    vertex 6.00000000000151 16.6256300000131 103.059288132587
  endloop
endfacet
facet normal 1.0 0.0 0.0
  outer loop
    vertex 6.00000000000151 16.6256300000131 103.059288132587
    vertex 6.00000000000151 18.2133400000131 101.859287132587
    vertex 6.00000000000151 16.8947900000131 103.082838132587
  endloop
endfacet
facet normal 1.0 0.0 0.0
  outer loop
    vertex 6.00000000000151 16.8947900000131 103.082838132587
    vertex 6.00000000000151 18.2133400000131 101.859287132587
    vertex 6.00000000000151 17.1557600000131 103.152768132587
  endloop
endfacet
facet normal 1.0 0.0 0.0
  outer loop
    vertex 6.00000000000151 17.1557600000131 103.152768132587
    vertex 6.00000000000151 18.2133400000131 101.859287132587
    vertex 6.00000000000151 17.4006300000131 103.266948132587
  endloop
endfacet
facet normal 1.0 0.0 0.0
  outer loop
    vertex 6.00000000000151 17.4006300000131 103.266948132587
    vertex 6.00000000000151 18.2133400000131 101.859287132587
    vertex 6.00000000000151 17.6219500000131 103.421918132587
  endloop
endfacet
facet normal 1.0 0.0 0.0
  outer loop
    vertex 6.00000000000151 17.6219500000131 103.421918132587
    vertex 6.00000000000151 18.2133400000131 101.859287132587
    vertex 6.00000000000151 17.8130000000131 103.612968132587
  endloop
endfacet
facet normal 1.0 0.0 0.0
  outer loop
    vertex 6.00000000000151 17.8130000000131 103.612968132587
    vertex 6.00000000000151 18.2133400000131 101.859287132587
    vertex 6.00000000000151 17.9679700000131 103.834288132587
  endloop
endfacet
facet normal 1.0 0.0 0.0
  outer loop
    vertex 6.00000000000151 17.9679700000131 103.834288132587
    vertex 6.00000000000151 18.2133400000131 101.859287132587
    vertex 6.00000000000151 18.0821500000131 104.079158132587
  endloop
endfacet
facet normal 1.0 0.0 0.0
  outer loop
    vertex 6.00000000000151 18.0821500000131 104.079158132587
    vertex 6.00000000000151 18.2133400000131 101.859287132587
    vertex 6.00000000000151 18.1520800000131 104.340128132587
  endloop
endfacet
facet normal 1.0 0.0 0.0
  outer loop
    vertex 6.00000000000151 18.1520800000131 104.340128132587
    vertex 6.00000000000151 18.2133400000131 101.859287132587
    vertex 6.00000000000151 18.1756300000131 104.609288132587
  endloop
endfacet
facet normal 1.0 0.0 0.0
  outer loop
    vertex 6.00000000000151 15.0379200000132 107.359288132587
    vertex 6.00000000000151 15.8506300000131 105.951628132587
    vertex 6.00000000000151 18.2133400000132 107.359288132587
  endloop
endfacet
facet normal 1.0 0.0 0.0
  outer loop
    vertex 6.00000000000151 15.8506300000131 105.951628132587
    vertex 6.00000000000151 15.0379200000132 107.359288132587
    vertex 6.00000000000151 15.6293100000132 105.796658132587
  endloop
endfacet
facet normal 1.0 0.0 0.0
  outer loop
    vertex 6.00000000000151 15.6293100000132 105.796658132587
    vertex 6.00000000000151 15.0379200000132 107.359288132587
    vertex 6.00000000000151 15.4382600000131 105.605608132587
  endloop
endfacet
facet normal 1.0 0.0 0.0
  outer loop
    vertex 6.00000000000151 15.4382600000131 105.605608132587
    vertex 6.00000000000151 15.0379200000132 107.359288132587
    vertex 6.00000000000151 15.2832900000131 105.384288132587
  endloop
endfacet
facet normal 1.0 0.0 0.0
  outer loop
    vertex 6.00000000000151 15.2832900000131 105.384288132587
    vertex 6.00000000000151 15.0379200000132 107.359288132587
    vertex 6.00000000000151 15.1691100000131 105.139418132587
  endloop
endfacet
facet normal 1.0 0.0 0.0
  outer loop
    vertex 6.00000000000151 15.1691100000131 105.139418132587
    vertex 6.00000000000151 15.0379200000132 107.359288132587
    vertex 6.00000000000151 15.0991800000131 104.878438132587
  endloop
endfacet
facet normal 1.0 0.0 0.0
  outer loop
    vertex 6.00000000000151 15.0991800000131 104.878438132587
    vertex 6.00000000000151 15.0379200000132 107.359288132587
    vertex 6.00000000000151 15.0756300000131 104.609288132587
  endloop
endfacet
facet normal 1.0 0.0 0.0
  outer loop
    vertex 6.00000000000151 18.2133400000132 107.359288132587
    vertex 6.00000000000151 15.8506300000131 105.951628132587
    vertex 6.00000000000151 16.0955000000131 106.065808132587
  endloop
endfacet
facet normal 1.0 0.0 0.0
  outer loop
    vertex 6.00000000000151 18.2133400000132 107.359288132587
    vertex 6.00000000000151 16.0955000000131 106.065808132587
    vertex 6.00000000000151 16.3564800000131 106.135738132587
  endloop
endfacet
facet normal 1.0 0.0 0.0
  outer loop
    vertex 6.00000000000151 18.2133400000132 107.359288132587
    vertex 6.00000000000151 16.3564800000131 106.135738132587
    vertex 6.00000000000151 16.6256300000131 106.159288132587
  endloop
endfacet
facet normal 1.0 0.0 0.0
  outer loop
    vertex 6.00000000000151 18.2133400000132 107.359288132587
    vertex 6.00000000000151 16.6256300000131 106.159288132587
    vertex 6.00000000000151 16.8947900000131 106.135738132587
  endloop
endfacet
facet normal 1.0 0.0 0.0
  outer loop
    vertex 6.00000000000151 18.2133400000132 107.359288132587
    vertex 6.00000000000151 16.8947900000131 106.135738132587
    vertex 6.00000000000151 17.1557600000131 106.065808132587
  endloop
endfacet
facet normal 1.0 0.0 0.0
  outer loop
    vertex 6.00000000000151 18.2133400000132 107.359288132587
    vertex 6.00000000000151 17.1557600000131 106.065808132587
    vertex 6.00000000000151 17.4006300000132 105.951628132587
  endloop
endfacet
facet normal 1.0 0.0 0.0
  outer loop
    vertex 6.00000000000151 18.2133400000132 107.359288132587
    vertex 6.00000000000151 17.4006300000132 105.951628132587
    vertex 6.00000000000151 17.6219500000131 105.796658132587
  endloop
endfacet
facet normal 1.0 0.0 0.0
  outer loop
    vertex 6.00000000000151 18.2133400000132 107.359288132587
    vertex 6.00000000000151 17.6219500000131 105.796658132587
    vertex 6.00000000000151 17.8130000000131 105.605608132587
  endloop
endfacet
facet normal 1.0 0.0 0.0
  outer loop
    vertex 6.00000000000151 18.2133400000132 107.359288132587
    vertex 6.00000000000151 17.8130000000131 105.605608132587
    vertex 6.00000000000151 17.9679700000131 105.384288132587
  endloop
endfacet
facet normal 1.0 0.0 0.0
  outer loop
    vertex 6.00000000000151 18.2133400000132 107.359288132587
    vertex 6.00000000000151 17.9679700000131 105.384288132587
    vertex 6.00000000000151 18.0821500000131 105.139418132587
  endloop
endfacet
facet normal 1.0 0.0 0.0
  outer loop
    vertex 6.00000000000151 18.2133400000132 107.359288132587
    vertex 6.00000000000151 18.0821500000131 105.139418132587
    vertex 6.00000000000151 18.1520800000131 104.878438132587
  endloop
endfacet
facet normal 1.0 0.0 0.0
  outer loop
    vertex 6.00000000000151 18.2133400000132 107.359288132587
    vertex 6.00000000000151 18.1520800000131 104.878438132587
    vertex 6.00000000000151 18.1756300000131 104.609288132587
  endloop
endfacet
facet normal 1.0 0.0 0.0
  outer loop
    vertex 6.00000000000151 18.2133400000132 107.359288132587
    vertex 6.00000000000151 18.1756300000131 104.609288132587
    vertex 6.00000000000151 18.2133400000131 101.859287132587
  endloop
endfacet
facet normal 1.0 0.0 0.0
  outer loop
    vertex 6.00000000000151 18.2133400000132 107.359288132587
    vertex 6.00000000000151 18.2133400000131 101.859287132587
    vertex 6.00000000000151 19.8010580000131 104.609288132587
  endloop
endfacet
facet normal 6.92146317910283e-006 -4.26269254293747e-014 -0.999999999976047
  outer loop
    vertex 8.00000000019318 42.9620799999971 132.10804297553
    vertex 6.00000000000151 39.7866599999969 132.108029132604
    vertex 6.00000000000151 42.9620799999969 132.108029132603
  endloop
endfacet
facet normal 6.92146317910283e-006 -4.26269254293747e-014 -0.999999999976047
  outer loop
    vertex 6.00000000000151 39.7866599999969 132.108029132604
    vertex 8.00000000019318 42.9620799999971 132.10804297553
    vertex 8.00000000019318 39.7866599999971 132.10804297553
  endloop
endfacet
facet normal 1.0 0.0 0.0
  outer loop
    vertex 6.00000000000151 39.7866599999967 126.608028132604
    vertex 6.00000000000151 39.7866599999969 132.108029132604
    vertex 6.00000000000151 38.1989419999968 129.358028132604
  endloop
endfacet
facet normal 1.0 0.0 0.0
  outer loop
    vertex 6.00000000000151 39.7866599999969 132.108029132604
    vertex 6.00000000000151 39.7866599999967 126.608028132604
    vertex 6.00000000000151 39.8243699999968 129.358028132604
  endloop
endfacet
facet normal 1.0 0.0 0.0
  outer loop
    vertex 6.00000000000151 39.8243699999968 129.358028132604
    vertex 6.00000000000151 39.7866599999967 126.608028132604
    vertex 6.00000000000151 39.8479199999968 129.088878132604
  endloop
endfacet
facet normal 1.0 0.0 0.0
  outer loop
    vertex 6.00000000000151 39.8479199999968 129.088878132604
    vertex 6.00000000000151 39.7866599999967 126.608028132604
    vertex 6.00000000000151 39.9178499999967 128.827898132604
  endloop
endfacet
facet normal 1.0 0.0 0.0
  outer loop
    vertex 6.00000000000151 39.9178499999967 128.827898132604
    vertex 6.00000000000151 39.7866599999967 126.608028132604
    vertex 6.00000000000151 40.0320299999968 128.583028132604
  endloop
endfacet
facet normal 1.0 0.0 0.0
  outer loop
    vertex 6.00000000000151 40.0320299999968 128.583028132604
    vertex 6.00000000000151 39.7866599999967 126.608028132604
    vertex 6.00000000000151 40.1869999999968 128.361708132604
  endloop
endfacet
facet normal 1.0 0.0 0.0
  outer loop
    vertex 6.00000000000151 40.1869999999968 128.361708132604
    vertex 6.00000000000151 39.7866599999967 126.608028132604
    vertex 6.00000000000151 40.3780499999968 128.170658132604
  endloop
endfacet
facet normal 1.0 0.0 0.0
  outer loop
    vertex 6.00000000000151 40.3780499999968 128.170658132604
    vertex 6.00000000000151 39.7866599999967 126.608028132604
    vertex 6.00000000000151 40.5993699999967 128.015688132604
  endloop
endfacet
facet normal 1.0 0.0 0.0
  outer loop
    vertex 6.00000000000151 40.5993699999967 128.015688132604
    vertex 6.00000000000151 39.7866599999967 126.608028132604
    vertex 6.00000000000151 42.9620799999967 126.608028132604
  endloop
endfacet
facet normal 1.0 0.0 0.0
  outer loop
    vertex 6.00000000000151 40.5993699999967 128.015688132604
    vertex 6.00000000000151 42.9620799999967 126.608028132604
    vertex 6.00000000000151 40.8442399999967 127.901508132604
  endloop
endfacet
facet normal 1.0 0.0 0.0
  outer loop
    vertex 6.00000000000151 40.8442399999967 127.901508132604
    vertex 6.00000000000151 42.9620799999967 126.608028132604
    vertex 6.00000000000151 41.1052099999967 127.831578132604
  endloop
endfacet
facet normal 1.0 0.0 0.0
  outer loop
    vertex 6.00000000000151 41.1052099999967 127.831578132604
    vertex 6.00000000000151 42.9620799999967 126.608028132604
    vertex 6.00000000000151 41.3743699999967 127.808028132604
  endloop
endfacet
facet normal 1.0 0.0 0.0
  outer loop
    vertex 6.00000000000151 41.3743699999967 127.808028132604
    vertex 6.00000000000151 42.9620799999967 126.608028132604
    vertex 6.00000000000151 41.6435199999967 127.831578132604
  endloop
endfacet
facet normal 1.0 0.0 0.0
  outer loop
    vertex 6.00000000000151 41.6435199999967 127.831578132604
    vertex 6.00000000000151 42.9620799999967 126.608028132604
    vertex 6.00000000000151 41.9044999999967 127.901508132604
  endloop
endfacet
facet normal 1.0 0.0 0.0
  outer loop
    vertex 6.00000000000151 41.9044999999967 127.901508132604
    vertex 6.00000000000151 42.9620799999967 126.608028132604
    vertex 6.00000000000151 42.1493699999968 128.015688132604
  endloop
endfacet
facet normal 1.0 0.0 0.0
  outer loop
    vertex 6.00000000000151 42.1493699999968 128.015688132604
    vertex 6.00000000000151 42.9620799999967 126.608028132604
    vertex 6.00000000000151 42.3706899999968 128.170658132604
  endloop
endfacet
facet normal 1.0 0.0 0.0
  outer loop
    vertex 6.00000000000151 42.3706899999968 128.170658132604
    vertex 6.00000000000151 42.9620799999967 126.608028132604
    vertex 6.00000000000151 42.5617399999968 128.361708132604
  endloop
endfacet
facet normal 1.0 0.0 0.0
  outer loop
    vertex 6.00000000000151 42.5617399999968 128.361708132604
    vertex 6.00000000000151 42.9620799999967 126.608028132604
    vertex 6.00000000000151 42.7167099999968 128.583028132604
  endloop
endfacet
facet normal 1.0 0.0 0.0
  outer loop
    vertex 6.00000000000151 42.7167099999968 128.583028132604
    vertex 6.00000000000151 42.9620799999967 126.608028132604
    vertex 6.00000000000151 42.8308899999968 128.827898132603
  endloop
endfacet
facet normal 1.0 0.0 0.0
  outer loop
    vertex 6.00000000000151 42.8308899999968 128.827898132603
    vertex 6.00000000000151 42.9620799999967 126.608028132604
    vertex 6.00000000000151 42.9008199999968 129.088878132603
  endloop
endfacet
facet normal 1.0 0.0 0.0
  outer loop
    vertex 6.00000000000151 42.9008199999968 129.088878132603
    vertex 6.00000000000151 42.9620799999967 126.608028132604
    vertex 6.00000000000151 42.9243699999968 129.358028132603
  endloop
endfacet
facet normal 1.0 0.0 0.0
  outer loop
    vertex 6.00000000000151 39.7866599999969 132.108029132604
    vertex 6.00000000000151 40.5993699999969 130.700368132604
    vertex 6.00000000000151 42.9620799999969 132.108029132603
  endloop
endfacet
facet normal 1.0 0.0 0.0
  outer loop
    vertex 6.00000000000151 40.5993699999969 130.700368132604
    vertex 6.00000000000151 39.7866599999969 132.108029132604
    vertex 6.00000000000151 40.3780499999969 130.545398132604
  endloop
endfacet
facet normal 1.0 0.0 0.0
  outer loop
    vertex 6.00000000000151 40.3780499999969 130.545398132604
    vertex 6.00000000000151 39.7866599999969 132.108029132604
    vertex 6.00000000000151 40.1869999999968 130.354348132604
  endloop
endfacet
facet normal 1.0 0.0 0.0
  outer loop
    vertex 6.00000000000151 40.1869999999968 130.354348132604
    vertex 6.00000000000151 39.7866599999969 132.108029132604
    vertex 6.00000000000151 40.0320299999968 130.133028132604
  endloop
endfacet
facet normal 1.0 0.0 0.0
  outer loop
    vertex 6.00000000000151 40.0320299999968 130.133028132604
    vertex 6.00000000000151 39.7866599999969 132.108029132604
    vertex 6.00000000000151 39.9178499999968 129.888158132604
  endloop
endfacet
facet normal 1.0 0.0 0.0
  outer loop
    vertex 6.00000000000151 39.9178499999968 129.888158132604
    vertex 6.00000000000151 39.7866599999969 132.108029132604
    vertex 6.00000000000151 39.8479199999968 129.627188132604
  endloop
endfacet
facet normal 1.0 0.0 0.0
  outer loop
    vertex 6.00000000000151 39.8479199999968 129.627188132604
    vertex 6.00000000000151 39.7866599999969 132.108029132604
    vertex 6.00000000000151 39.8243699999968 129.358028132604
  endloop
endfacet
facet normal 1.0 0.0 0.0
  outer loop
    vertex 6.00000000000151 42.9620799999969 132.108029132603
    vertex 6.00000000000151 40.5993699999969 130.700368132604
    vertex 6.00000000000151 40.8442399999969 130.814548132604
  endloop
endfacet
facet normal 1.0 0.0 0.0
  outer loop
    vertex 6.00000000000151 42.9620799999969 132.108029132603
    vertex 6.00000000000151 40.8442399999969 130.814548132604
    vertex 6.00000000000151 41.1052099999969 130.884478132604
  endloop
endfacet
facet normal 1.0 0.0 0.0
  outer loop
    vertex 6.00000000000151 42.9620799999969 132.108029132603
    vertex 6.00000000000151 41.1052099999969 130.884478132604
    vertex 6.00000000000151 41.3743699999969 130.908028132604
  endloop
endfacet
facet normal 1.0 0.0 0.0
  outer loop
    vertex 6.00000000000151 42.9620799999969 132.108029132603
    vertex 6.00000000000151 41.3743699999969 130.908028132604
    vertex 6.00000000000151 41.6435199999969 130.884478132604
  endloop
endfacet
facet normal 1.0 0.0 0.0
  outer loop
    vertex 6.00000000000151 42.9620799999969 132.108029132603
    vertex 6.00000000000151 41.6435199999969 130.884478132604
    vertex 6.00000000000151 41.9044999999969 130.814548132604
  endloop
endfacet
facet normal 1.0 0.0 0.0
  outer loop
    vertex 6.00000000000151 42.9620799999969 132.108029132603
    vertex 6.00000000000151 41.9044999999969 130.814548132604
    vertex 6.00000000000151 42.1493699999968 130.700368132604
  endloop
endfacet
facet normal 1.0 0.0 0.0
  outer loop
    vertex 6.00000000000151 42.9620799999969 132.108029132603
    vertex 6.00000000000151 42.1493699999968 130.700368132604
    vertex 6.00000000000151 42.3706899999969 130.545398132603
  endloop
endfacet
facet normal 1.0 0.0 0.0
  outer loop
    vertex 6.00000000000151 42.9620799999969 132.108029132603
    vertex 6.00000000000151 42.3706899999969 130.545398132603
    vertex 6.00000000000151 42.5617399999969 130.354348132603
  endloop
endfacet
facet normal 1.0 0.0 0.0
  outer loop
    vertex 6.00000000000151 42.9620799999969 132.108029132603
    vertex 6.00000000000151 42.5617399999969 130.354348132603
    vertex 6.00000000000151 42.7167099999968 130.133028132603
  endloop
endfacet
facet normal 1.0 0.0 0.0
  outer loop
    vertex 6.00000000000151 42.9620799999969 132.108029132603
    vertex 6.00000000000151 42.7167099999968 130.133028132603
    vertex 6.00000000000151 42.8308899999969 129.888158132604
  endloop
endfacet
facet normal 1.0 0.0 0.0
  outer loop
    vertex 6.00000000000151 42.9620799999969 132.108029132603
    vertex 6.00000000000151 42.8308899999969 129.888158132604
    vertex 6.00000000000151 42.9008199999968 129.627188132603
  endloop
endfacet
facet normal 1.0 0.0 0.0
  outer loop
    vertex 6.00000000000151 42.9620799999969 132.108029132603
    vertex 6.00000000000151 42.9008199999968 129.627188132603
    vertex 6.00000000000151 42.9243699999968 129.358028132603
  endloop
endfacet
facet normal 1.0 0.0 0.0
  outer loop
    vertex 6.00000000000151 42.9620799999969 132.108029132603
    vertex 6.00000000000151 42.9243699999968 129.358028132603
    vertex 6.00000000000151 42.9620799999967 126.608028132604
  endloop
endfacet
facet normal 1.0 0.0 0.0
  outer loop
    vertex 6.00000000000151 42.9620799999969 132.108029132603
    vertex 6.00000000000151 42.9620799999967 126.608028132604
    vertex 6.00000000000151 44.5497999999968 129.358028132603
  endloop
endfacet
facet normal 3.46074163084465e-006 0.8660245607279 -0.500001460201939
  outer loop
    vertex 6.00000000000151 39.7866600000113 107.359289132603
    vertex 8.00000000019308 38.1989400000133 104.609301975528
    vertex 6.00000000000151 38.1989400000131 104.609288132601
  endloop
endfacet
facet normal 3.46074163084465e-006 0.8660245607279 -0.500001460201939
  outer loop
    vertex 8.00000000019308 38.1989400000133 104.609301975528
    vertex 6.00000000000151 39.7866600000113 107.359289132603
    vertex 8.00000000019308 39.7866600000115 107.359302975529
  endloop
endfacet
facet normal -3.46074269252002e-006 0.866024481997273 0.50000159656683
  outer loop
    vertex 6.00000000000151 38.1989400000131 104.609288132601
    vertex 8.00000000019308 39.786660000015 101.859301975529
    vertex 6.00000000000151 39.786660000015 101.859288132603
  endloop
endfacet
facet normal -3.46074269252002e-006 0.866024481997273 0.50000159656683
  outer loop
    vertex 8.00000000019308 39.786660000015 101.859301975529
    vertex 6.00000000000151 38.1989400000131 104.609288132601
    vertex 8.00000000019308 38.1989400000133 104.609301975528
  endloop
endfacet
facet normal -3.46073836046413e-006 -0.866024833454962 0.500000987826353
  outer loop
    vertex 8.00000000019318 18.2133400000132 101.859300975514
    vertex 6.00000000000151 19.8010580000131 104.609288132587
    vertex 6.00000000000151 18.2133400000131 101.859287132587
  endloop
endfacet
facet normal -3.46073836046413e-006 -0.866024833454962 0.500000987826353
  outer loop
    vertex 6.00000000000151 19.8010580000131 104.609288132587
    vertex 8.00000000019318 18.2133400000132 101.859300975514
    vertex 8.00000000019318 19.8010580000132 104.609301975514
  endloop
endfacet
facet normal -6.92146316782296e-006 -7.10448796837984e-015 0.999999999976047
  outer loop
    vertex 8.00000000019318 15.0379200000132 101.859300975514
    vertex 6.00000000000151 18.2133400000131 101.859287132587
    vertex 6.00000000000151 15.0379200000131 101.859287132587
  endloop
endfacet
facet normal -6.92146316782296e-006 -7.10448796837984e-015 0.999999999976047
  outer loop
    vertex 6.00000000000151 18.2133400000131 101.859287132587
    vertex 8.00000000019318 15.0379200000132 101.859300975514
    vertex 8.00000000019318 18.2133400000132 101.859300975514
  endloop
endfacet
facet normal 6.9214631734629e-006 -3.55224356064898e-015 -0.999999999976047
  outer loop
    vertex 8.00000000019318 18.2133400000133 107.359301975514
    vertex 6.00000000000151 15.0379200000132 107.359288132587
    vertex 6.00000000000151 18.2133400000132 107.359288132587
  endloop
endfacet
facet normal 6.9214631734629e-006 -3.55224356064898e-015 -0.999999999976047
  outer loop
    vertex 6.00000000000151 15.0379200000132 107.359288132587
    vertex 8.00000000019318 18.2133400000133 107.359301975514
    vertex 8.00000000019318 15.0379200000133 107.359301975514
  endloop
endfacet
facet normal -3.4607425620949e-006 -0.866024481997575 0.500001596566306
  outer loop
    vertex 8.00000000019308 42.9620799999968 126.60804197553
    vertex 6.00000000000151 44.5497999999968 129.358028132603
    vertex 6.00000000000151 42.9620799999967 126.608028132604
  endloop
endfacet
facet normal -3.4607425620949e-006 -0.866024481997575 0.500001596566306
  outer loop
    vertex 6.00000000000151 44.5497999999968 129.358028132603
    vertex 8.00000000019308 42.9620799999968 126.60804197553
    vertex 8.00000000019318 44.5497999999969 129.35804197553
  endloop
endfacet
facet normal -3.46074175840172e-006 0.866024560727569 0.500001460202512
  outer loop
    vertex 6.00000000000151 13.4502000000131 104.609288132587
    vertex 8.00000000019318 15.0379200000132 101.859300975514
    vertex 6.00000000000151 15.0379200000131 101.859287132587
  endloop
endfacet
facet normal -3.46074175840172e-006 0.866024560727569 0.500001460202512
  outer loop
    vertex 8.00000000019318 15.0379200000132 101.859300975514
    vertex 6.00000000000151 13.4502000000131 104.609288132587
    vertex 8.00000000019318 13.4502000000132 104.609301975514
  endloop
endfacet
facet normal 3.46073943413777e-006 -0.866024754725125 -0.500001124190046
  outer loop
    vertex 8.00000000019318 19.8010580000132 104.609301975514
    vertex 6.00000000000151 18.2133400000132 107.359288132587
    vertex 6.00000000000151 19.8010580000131 104.609288132587
  endloop
endfacet
facet normal 3.46073943413777e-006 -0.866024754725125 -0.500001124190046
  outer loop
    vertex 6.00000000000151 18.2133400000132 107.359288132587
    vertex 8.00000000019318 19.8010580000132 104.609301975514
    vertex 8.00000000019318 18.2133400000133 107.359301975514
  endloop
endfacet
facet normal -6.92146317910314e-006 4.26269253330135e-014 0.999999999976047
  outer loop
    vertex 8.00000000019308 39.7866599999969 126.60804197553
    vertex 6.00000000000151 42.9620799999967 126.608028132604
    vertex 6.00000000000151 39.7866599999967 126.608028132604
  endloop
endfacet
facet normal -6.92146317910314e-006 4.26269253330135e-014 0.999999999976047
  outer loop
    vertex 6.00000000000151 42.9620799999967 126.608028132604
    vertex 8.00000000019308 39.7866599999969 126.60804197553
    vertex 8.00000000019308 42.9620799999968 126.60804197553
  endloop
endfacet
facet normal 3.46073834515065e-006 0.866024833454935 -0.5000009878264
  outer loop
    vertex 6.00000000000151 39.7866599999969 132.108029132604
    vertex 8.00000000019318 38.1989419999969 129.35804197553
    vertex 6.00000000000151 38.1989419999968 129.358028132604
  endloop
endfacet
facet normal 3.46073834515065e-006 0.866024833454935 -0.5000009878264
  outer loop
    vertex 8.00000000019318 38.1989419999969 129.35804197553
    vertex 6.00000000000151 39.7866599999969 132.108029132604
    vertex 8.00000000019318 39.7866599999971 132.10804297553
  endloop
endfacet
facet normal 1.0 0.0 0.0
  outer loop
    vertex 6.00000000000151 39.786660000015 101.859288132603
    vertex 6.00000000000151 39.8479200000133 104.340138132603
    vertex 6.00000000000151 39.8243700000131 104.609288132603
  endloop
endfacet
facet normal 1.0 0.0 0.0
  outer loop
    vertex 6.00000000000151 39.8479200000133 104.340138132603
    vertex 6.00000000000151 39.786660000015 101.859288132603
    vertex 6.00000000000151 39.9178500000135 104.079158132603
  endloop
endfacet
facet normal 1.0 0.0 0.0
  outer loop
    vertex 6.00000000000151 39.9178500000135 104.079158132603
    vertex 6.00000000000151 39.786660000015 101.859288132603
    vertex 6.00000000000151 40.0320300000136 103.834288132603
  endloop
endfacet
facet normal 1.0 0.0 0.0
  outer loop
    vertex 6.00000000000151 40.0320300000136 103.834288132603
    vertex 6.00000000000151 39.786660000015 101.859288132603
    vertex 6.00000000000151 40.1870000000138 103.612968132603
  endloop
endfacet
facet normal 1.0 0.0 0.0
  outer loop
    vertex 6.00000000000151 40.1870000000138 103.612968132603
    vertex 6.00000000000151 39.786660000015 101.859288132603
    vertex 6.00000000000151 40.3780500000139 103.421918132603
  endloop
endfacet
facet normal 1.0 0.0 0.0
  outer loop
    vertex 6.00000000000151 40.3780500000139 103.421918132603
    vertex 6.00000000000151 39.786660000015 101.859288132603
    vertex 6.00000000000151 40.599370000014 103.266948132603
  endloop
endfacet
facet normal 1.0 0.0 0.0
  outer loop
    vertex 6.00000000000151 40.599370000014 103.266948132603
    vertex 6.00000000000151 39.786660000015 101.859288132603
    vertex 6.00000000000151 42.9620800000149 101.859288132605
  endloop
endfacet
facet normal 1.0 0.0 0.0
  outer loop
    vertex 6.00000000000151 40.599370000014 103.266948132603
    vertex 6.00000000000151 42.9620800000149 101.859288132605
    vertex 6.00000000000151 40.8442400000141 103.152768132603
  endloop
endfacet
facet normal 1.0 0.0 0.0
  outer loop
    vertex 6.00000000000151 40.8442400000141 103.152768132603
    vertex 6.00000000000151 42.9620800000149 101.859288132605
    vertex 6.00000000000151 41.1052200000141 103.082838132603
  endloop
endfacet
facet normal 1.0 0.0 0.0
  outer loop
    vertex 6.00000000000151 41.1052200000141 103.082838132603
    vertex 6.00000000000151 42.9620800000149 101.859288132605
    vertex 6.00000000000151 41.3743700000141 103.059288132604
  endloop
endfacet
facet normal 1.0 0.0 0.0
  outer loop
    vertex 6.00000000000151 41.3743700000141 103.059288132604
    vertex 6.00000000000151 42.9620800000149 101.859288132605
    vertex 6.00000000000151 41.6435300000141 103.082838132604
  endloop
endfacet
facet normal 1.0 0.0 0.0
  outer loop
    vertex 6.00000000000151 41.6435300000141 103.082838132604
    vertex 6.00000000000151 42.9620800000149 101.859288132605
    vertex 6.00000000000151 41.9045000000141 103.152768132604
  endloop
endfacet
facet normal 1.0 0.0 0.0
  outer loop
    vertex 6.00000000000151 41.9045000000141 103.152768132604
    vertex 6.00000000000151 42.9620800000149 101.859288132605
    vertex 6.00000000000151 42.149370000014 103.266948132604
  endloop
endfacet
facet normal 1.0 0.0 0.0
  outer loop
    vertex 6.00000000000151 42.149370000014 103.266948132604
    vertex 6.00000000000151 42.9620800000149 101.859288132605
    vertex 6.00000000000151 42.3706900000139 103.421918132604
  endloop
endfacet
facet normal 1.0 0.0 0.0
  outer loop
    vertex 6.00000000000151 42.3706900000139 103.421918132604
    vertex 6.00000000000151 42.9620800000149 101.859288132605
    vertex 6.00000000000151 42.5617400000138 103.612968132604
  endloop
endfacet
facet normal 1.0 0.0 0.0
  outer loop
    vertex 6.00000000000151 42.5617400000138 103.612968132604
    vertex 6.00000000000151 42.9620800000149 101.859288132605
    vertex 6.00000000000151 42.7167100000136 103.834288132604
  endloop
endfacet
facet normal 1.0 0.0 0.0
  outer loop
    vertex 6.00000000000151 42.7167100000136 103.834288132604
    vertex 6.00000000000151 42.9620800000149 101.859288132605
    vertex 6.00000000000151 42.8308900000134 104.079158132605
  endloop
endfacet
facet normal 1.0 0.0 0.0
  outer loop
    vertex 6.00000000000151 42.8308900000134 104.079158132605
    vertex 6.00000000000151 42.9620800000149 101.859288132605
    vertex 6.00000000000151 42.9008200000133 104.340138132605
  endloop
endfacet
facet normal 1.0 0.0 0.0
  outer loop
    vertex 6.00000000000151 42.9008200000133 104.340138132605
    vertex 6.00000000000151 42.9620800000149 101.859288132605
    vertex 6.00000000000151 42.9243700000131 104.609288132605
  endloop
endfacet
facet normal 1.0 0.0 0.0
  outer loop
    vertex 6.00000000000151 42.9243700000131 104.609288132605
    vertex 6.00000000000151 42.9620800000149 101.859288132605
    vertex 6.00000000000151 42.9620800000113 107.359289132605
  endloop
endfacet
facet normal 1.0 0.0 0.0
  outer loop
    vertex 6.00000000000151 42.9620800000113 107.359289132605
    vertex 6.00000000000151 42.9620800000149 101.859288132605
    vertex 6.00000000000151 44.5497980000131 104.609288132606
  endloop
endfacet
facet normal 1.0 0.0 0.0
  outer loop
    vertex 6.00000000000151 39.786660000015 101.859288132603
    vertex 6.00000000000151 39.7866600000113 107.359289132603
    vertex 6.00000000000151 38.1989400000131 104.609288132601
  endloop
endfacet
facet normal 1.0 0.0 0.0
  outer loop
    vertex 6.00000000000151 39.7866600000113 107.359289132603
    vertex 6.00000000000151 39.786660000015 101.859288132603
    vertex 6.00000000000151 39.8243700000131 104.609288132603
  endloop
endfacet
facet normal 1.0 0.0 0.0
  outer loop
    vertex 6.00000000000151 39.7866600000113 107.359289132603
    vertex 6.00000000000151 39.8243700000131 104.609288132603
    vertex 6.00000000000151 39.8479200000129 104.878448132603
  endloop
endfacet
facet normal 1.0 0.0 0.0
  outer loop
    vertex 6.00000000000151 39.7866600000113 107.359289132603
    vertex 6.00000000000151 39.8479200000129 104.878448132603
    vertex 6.00000000000151 39.9178500000128 105.139418132603
  endloop
endfacet
facet normal 1.0 0.0 0.0
  outer loop
    vertex 6.00000000000151 39.7866600000113 107.359289132603
    vertex 6.00000000000151 39.9178500000128 105.139418132603
    vertex 6.00000000000151 40.0320300000126 105.384288132603
  endloop
endfacet
facet normal 1.0 0.0 0.0
  outer loop
    vertex 6.00000000000151 39.7866600000113 107.359289132603
    vertex 6.00000000000151 40.0320300000126 105.384288132603
    vertex 6.00000000000151 40.1870000000125 105.605608132603
  endloop
endfacet
facet normal 1.0 0.0 0.0
  outer loop
    vertex 6.00000000000151 39.7866600000113 107.359289132603
    vertex 6.00000000000151 40.1870000000125 105.605608132603
    vertex 6.00000000000151 40.3780500000123 105.796658132603
  endloop
endfacet
facet normal 1.0 0.0 0.0
  outer loop
    vertex 6.00000000000151 39.7866600000113 107.359289132603
    vertex 6.00000000000151 40.3780500000123 105.796658132603
    vertex 6.00000000000151 40.5993700000122 105.951628132603
  endloop
endfacet
facet normal 1.0 0.0 0.0
  outer loop
    vertex 6.00000000000151 39.7866600000113 107.359289132603
    vertex 6.00000000000151 40.5993700000122 105.951628132603
    vertex 6.00000000000151 42.9620800000113 107.359289132605
  endloop
endfacet
facet normal 1.0 0.0 0.0
  outer loop
    vertex 6.00000000000151 42.9620800000113 107.359289132605
    vertex 6.00000000000151 40.5993700000122 105.951628132603
    vertex 6.00000000000151 40.8442400000121 106.065808132603
  endloop
endfacet
facet normal 1.0 0.0 0.0
  outer loop
    vertex 6.00000000000151 42.9620800000113 107.359289132605
    vertex 6.00000000000151 40.8442400000121 106.065808132603
    vertex 6.00000000000151 41.1052200000121 106.135738132603
  endloop
endfacet
facet normal 1.0 0.0 0.0
  outer loop
    vertex 6.00000000000151 42.9620800000113 107.359289132605
    vertex 6.00000000000151 41.1052200000121 106.135738132603
    vertex 6.00000000000151 41.3743700000121 106.159288132604
  endloop
endfacet
facet normal 1.0 0.0 0.0
  outer loop
    vertex 6.00000000000151 42.9620800000113 107.359289132605
    vertex 6.00000000000151 41.3743700000121 106.159288132604
    vertex 6.00000000000151 41.6435300000121 106.135738132604
  endloop
endfacet
facet normal 1.0 0.0 0.0
  outer loop
    vertex 6.00000000000151 42.9620800000113 107.359289132605
    vertex 6.00000000000151 41.6435300000121 106.135738132604
    vertex 6.00000000000151 41.9045000000121 106.065808132604
  endloop
endfacet
facet normal 1.0 0.0 0.0
  outer loop
    vertex 6.00000000000151 42.9620800000113 107.359289132605
    vertex 6.00000000000151 41.9045000000121 106.065808132604
    vertex 6.00000000000151 42.1493700000122 105.951628132604
  endloop
endfacet
facet normal 1.0 0.0 0.0
  outer loop
    vertex 6.00000000000151 42.9620800000113 107.359289132605
    vertex 6.00000000000151 42.1493700000122 105.951628132604
    vertex 6.00000000000151 42.3706900000123 105.796658132604
  endloop
endfacet
facet normal 1.0 0.0 0.0
  outer loop
    vertex 6.00000000000151 42.9620800000113 107.359289132605
    vertex 6.00000000000151 42.3706900000123 105.796658132604
    vertex 6.00000000000151 42.5617400000124 105.605608132604
  endloop
endfacet
facet normal 1.0 0.0 0.0
  outer loop
    vertex 6.00000000000151 42.9620800000113 107.359289132605
    vertex 6.00000000000151 42.5617400000124 105.605608132604
    vertex 6.00000000000151 42.7167100000126 105.384288132604
  endloop
endfacet
facet normal 1.0 0.0 0.0
  outer loop
    vertex 6.00000000000151 42.9620800000113 107.359289132605
    vertex 6.00000000000151 42.7167100000126 105.384288132604
    vertex 6.00000000000151 42.8308900000127 105.139418132605
  endloop
endfacet
facet normal 1.0 0.0 0.0
  outer loop
    vertex 6.00000000000151 42.9620800000113 107.359289132605
    vertex 6.00000000000151 42.8308900000127 105.139418132605
    vertex 6.00000000000151 42.9008200000129 104.878448132605
  endloop
endfacet
facet normal 1.0 0.0 0.0
  outer loop
    vertex 6.00000000000151 42.9620800000113 107.359289132605
    vertex 6.00000000000151 42.9008200000129 104.878448132605
    vertex 6.00000000000151 42.9243700000131 104.609288132605
  endloop
endfacet
facet normal -3.46073929601289e-006 -0.866024754725447 0.500001124189489
  outer loop
    vertex 8.00000000019308 42.9620800000151 101.859301975531
    vertex 6.00000000000151 44.5497980000131 104.609288132606
    vertex 6.00000000000151 42.9620800000149 101.859288132605
  endloop
endfacet
facet normal -3.46073929601289e-006 -0.866024754725447 0.500001124189489
  outer loop
    vertex 6.00000000000151 44.5497980000131 104.609288132606
    vertex 8.00000000019308 42.9620800000151 101.859301975531
    vertex 8.00000000019308 44.5497980000133 104.609301975532
  endloop
endfacet
facet normal 6.92146319038301e-006 6.5361285493758e-013 -0.999999999976047
  outer loop
    vertex 8.00000000019308 42.9620800000115 107.359302975531
    vertex 6.00000000000151 39.7866600000113 107.359289132603
    vertex 6.00000000000151 42.9620800000113 107.359289132605
  endloop
endfacet
facet normal 6.92146319038301e-006 6.5361285493758e-013 -0.999999999976047
  outer loop
    vertex 6.00000000000151 39.7866600000113 107.359289132603
    vertex 8.00000000019308 42.9620800000115 107.359302975531
    vertex 8.00000000019308 39.7866600000115 107.359302975529
  endloop
endfacet
facet normal 3.46073849456324e-006 -0.866024833454633 -0.500000987826922
  outer loop
    vertex 8.00000000019308 44.5497980000133 104.609301975532
    vertex 6.00000000000151 42.9620800000113 107.359289132605
    vertex 6.00000000000151 44.5497980000131 104.609288132606
  endloop
endfacet
facet normal 3.46073849456324e-006 -0.866024833454633 -0.500000987826922
  outer loop
    vertex 6.00000000000151 42.9620800000113 107.359289132605
    vertex 8.00000000019308 44.5497980000133 104.609301975532
    vertex 8.00000000019308 42.9620800000115 107.359302975531
  endloop
endfacet
facet normal -6.92146317064324e-006 -6.69597951823993e-013 0.999999999976047
  outer loop
    vertex 8.00000000019308 39.786660000015 101.859301975529
    vertex 6.00000000000151 42.9620800000149 101.859288132605
    vertex 6.00000000000151 39.786660000015 101.859288132603
  endloop
endfacet
facet normal -6.92146317064324e-006 -6.69597951823993e-013 0.999999999976047
  outer loop
    vertex 6.00000000000151 42.9620800000149 101.859288132605
    vertex 8.00000000019308 39.786660000015 101.859301975529
    vertex 8.00000000019308 42.9620800000151 101.859301975531
  endloop
endfacet
facet normal -6.9214631988426e-006 -6.66045707820818e-013 0.999999999976047
  outer loop
    vertex 8.00000000019318 15.0379199999988 126.608040975513
    vertex 6.00000000000151 18.2133399999987 126.608027132588
    vertex 6.00000000000151 15.0379199999987 126.608027132586
  endloop
endfacet
facet normal -6.9214631988426e-006 -6.66045707820818e-013 0.999999999976047
  outer loop
    vertex 6.00000000000151 18.2133399999987 126.608027132588
    vertex 8.00000000019318 15.0379199999988 126.608040975513
    vertex 8.00000000019318 18.2133399999988 126.608040975515
  endloop
endfacet
facet normal 3.4607427043461e-006 -0.866024481997274 -0.500001596566828
  outer loop
    vertex 8.00000000019327 19.801059999997 129.358041975516
    vertex 6.00000000000151 18.2133399999951 132.108028132588
    vertex 6.00000000000151 19.8010599999968 129.35802813259
  endloop
endfacet
facet normal 3.4607427043461e-006 -0.866024481997274 -0.500001596566828
  outer loop
    vertex 6.00000000000151 18.2133399999951 132.108028132588
    vertex 8.00000000019327 19.801059999997 129.358041975516
    vertex 8.00000000019327 18.2133399999952 132.108041975515
  endloop
endfacet
facet normal 1.0 0.0 0.0
  outer loop
    vertex 6.00000000000151 15.0379199999987 126.608027132586
    vertex 6.00000000000151 15.0991799999971 129.088868132586
    vertex 6.00000000000151 15.0756299999969 129.358028132586
  endloop
endfacet
facet normal 1.0 0.0 0.0
  outer loop
    vertex 6.00000000000151 15.0991799999971 129.088868132586
    vertex 6.00000000000151 15.0379199999987 126.608027132586
    vertex 6.00000000000151 15.1691099999972 128.827898132586
  endloop
endfacet
facet normal 1.0 0.0 0.0
  outer loop
    vertex 6.00000000000151 15.1691099999972 128.827898132586
    vertex 6.00000000000151 15.0379199999987 126.608027132586
    vertex 6.00000000000151 15.2832899999973 128.583028132587
  endloop
endfacet
facet normal 1.0 0.0 0.0
  outer loop
    vertex 6.00000000000151 15.2832899999973 128.583028132587
    vertex 6.00000000000151 15.0379199999987 126.608027132586
    vertex 6.00000000000151 15.4382599999975 128.361708132587
  endloop
endfacet
facet normal 1.0 0.0 0.0
  outer loop
    vertex 6.00000000000151 15.4382599999975 128.361708132587
    vertex 6.00000000000151 15.0379199999987 126.608027132586
    vertex 6.00000000000151 15.6293099999977 128.170658132587
  endloop
endfacet
facet normal 1.0 0.0 0.0
  outer loop
    vertex 6.00000000000151 15.6293099999977 128.170658132587
    vertex 6.00000000000151 15.0379199999987 126.608027132586
    vertex 6.00000000000151 15.8506299999977 128.015688132587
  endloop
endfacet
facet normal 1.0 0.0 0.0
  outer loop
    vertex 6.00000000000151 15.8506299999977 128.015688132587
    vertex 6.00000000000151 15.0379199999987 126.608027132586
    vertex 6.00000000000151 18.2133399999987 126.608027132588
  endloop
endfacet
facet normal 1.0 0.0 0.0
  outer loop
    vertex 6.00000000000151 15.8506299999977 128.015688132587
    vertex 6.00000000000151 18.2133399999987 126.608027132588
    vertex 6.00000000000151 16.0954999999978 127.901508132587
  endloop
endfacet
facet normal 1.0 0.0 0.0
  outer loop
    vertex 6.00000000000151 16.0954999999978 127.901508132587
    vertex 6.00000000000151 18.2133399999987 126.608027132588
    vertex 6.00000000000151 16.3564699999978 127.831578132587
  endloop
endfacet
facet normal 1.0 0.0 0.0
  outer loop
    vertex 6.00000000000151 16.3564699999978 127.831578132587
    vertex 6.00000000000151 18.2133399999987 126.608027132588
    vertex 6.00000000000151 16.6256299999979 127.808028132587
  endloop
endfacet
facet normal 1.0 0.0 0.0
  outer loop
    vertex 6.00000000000151 16.6256299999979 127.808028132587
    vertex 6.00000000000151 18.2133399999987 126.608027132588
    vertex 6.00000000000151 16.8947799999979 127.831578132588
  endloop
endfacet
facet normal 1.0 0.0 0.0
  outer loop
    vertex 6.00000000000151 16.8947799999979 127.831578132588
    vertex 6.00000000000151 18.2133399999987 126.608027132588
    vertex 6.00000000000151 17.1557599999978 127.901508132588
  endloop
endfacet
facet normal 1.0 0.0 0.0
  outer loop
    vertex 6.00000000000151 17.1557599999978 127.901508132588
    vertex 6.00000000000151 18.2133399999987 126.608027132588
    vertex 6.00000000000151 17.4006299999977 128.015688132588
  endloop
endfacet
facet normal 1.0 0.0 0.0
  outer loop
    vertex 6.00000000000151 17.4006299999977 128.015688132588
    vertex 6.00000000000151 18.2133399999987 126.608027132588
    vertex 6.00000000000151 17.6219499999977 128.170658132588
  endloop
endfacet
facet normal 1.0 0.0 0.0
  outer loop
    vertex 6.00000000000151 17.6219499999977 128.170658132588
    vertex 6.00000000000151 18.2133399999987 126.608027132588
    vertex 6.00000000000151 17.8129999999975 128.361708132588
  endloop
endfacet
facet normal 1.0 0.0 0.0
  outer loop
    vertex 6.00000000000151 17.8129999999975 128.361708132588
    vertex 6.00000000000151 18.2133399999987 126.608027132588
    vertex 6.00000000000151 17.9679699999973 128.583028132588
  endloop
endfacet
facet normal 1.0 0.0 0.0
  outer loop
    vertex 6.00000000000151 17.9679699999973 128.583028132588
    vertex 6.00000000000151 18.2133399999987 126.608027132588
    vertex 6.00000000000151 18.0821499999972 128.827898132588
  endloop
endfacet
facet normal 1.0 0.0 0.0
  outer loop
    vertex 6.00000000000151 18.0821499999972 128.827898132588
    vertex 6.00000000000151 18.2133399999987 126.608027132588
    vertex 6.00000000000151 18.152079999997 129.088868132588
  endloop
endfacet
facet normal 1.0 0.0 0.0
  outer loop
    vertex 6.00000000000151 18.152079999997 129.088868132588
    vertex 6.00000000000151 18.2133399999987 126.608027132588
    vertex 6.00000000000151 18.1756299999969 129.358028132588
  endloop
endfacet
facet normal 1.0 0.0 0.0
  outer loop
    vertex 6.00000000000151 18.1756299999969 129.358028132588
    vertex 6.00000000000151 18.2133399999987 126.608027132588
    vertex 6.00000000000151 18.2133399999951 132.108028132588
  endloop
endfacet
facet normal 1.0 0.0 0.0
  outer loop
    vertex 6.00000000000151 18.2133399999951 132.108028132588
    vertex 6.00000000000151 18.2133399999987 126.608027132588
    vertex 6.00000000000151 19.8010599999968 129.35802813259
  endloop
endfacet
facet normal 1.0 0.0 0.0
  outer loop
    vertex 6.00000000000151 15.0379199999987 126.608027132586
    vertex 6.00000000000151 15.037919999995 132.108028132586
    vertex 6.00000000000151 13.4502019999969 129.358028132585
  endloop
endfacet
facet normal 1.0 0.0 0.0
  outer loop
    vertex 6.00000000000151 15.037919999995 132.108028132586
    vertex 6.00000000000151 15.0379199999987 126.608027132586
    vertex 6.00000000000151 15.0756299999969 129.358028132586
  endloop
endfacet
facet normal 1.0 0.0 0.0
  outer loop
    vertex 6.00000000000151 15.037919999995 132.108028132586
    vertex 6.00000000000151 15.0756299999969 129.358028132586
    vertex 6.00000000000151 15.0991799999966 129.627178132586
  endloop
endfacet
facet normal 1.0 0.0 0.0
  outer loop
    vertex 6.00000000000151 15.037919999995 132.108028132586
    vertex 6.00000000000151 15.0991799999966 129.627178132586
    vertex 6.00000000000151 15.1691099999965 129.888158132586
  endloop
endfacet
facet normal 1.0 0.0 0.0
  outer loop
    vertex 6.00000000000151 15.037919999995 132.108028132586
    vertex 6.00000000000151 15.1691099999965 129.888158132586
    vertex 6.00000000000151 15.2832899999963 130.133028132587
  endloop
endfacet
facet normal 1.0 0.0 0.0
  outer loop
    vertex 6.00000000000151 15.037919999995 132.108028132586
    vertex 6.00000000000151 15.2832899999963 130.133028132587
    vertex 6.00000000000151 15.4382599999961 130.354348132587
  endloop
endfacet
facet normal 1.0 0.0 0.0
  outer loop
    vertex 6.00000000000151 15.037919999995 132.108028132586
    vertex 6.00000000000151 15.4382599999961 130.354348132587
    vertex 6.00000000000151 15.6293099999961 130.545398132587
  endloop
endfacet
facet normal 1.0 0.0 0.0
  outer loop
    vertex 6.00000000000151 15.037919999995 132.108028132586
    vertex 6.00000000000151 15.6293099999961 130.545398132587
    vertex 6.00000000000151 15.850629999996 130.700368132587
  endloop
endfacet
facet normal 1.0 0.0 0.0
  outer loop
    vertex 6.00000000000151 15.037919999995 132.108028132586
    vertex 6.00000000000151 15.850629999996 130.700368132587
    vertex 6.00000000000151 18.2133399999951 132.108028132588
  endloop
endfacet
facet normal 1.0 0.0 0.0
  outer loop
    vertex 6.00000000000151 18.2133399999951 132.108028132588
    vertex 6.00000000000151 15.850629999996 130.700368132587
    vertex 6.00000000000151 16.0954999999959 130.814548132587
  endloop
endfacet
facet normal 1.0 0.0 0.0
  outer loop
    vertex 6.00000000000151 18.2133399999951 132.108028132588
    vertex 6.00000000000151 16.0954999999959 130.814548132587
    vertex 6.00000000000151 16.3564699999958 130.884478132587
  endloop
endfacet
facet normal 1.0 0.0 0.0
  outer loop
    vertex 6.00000000000151 18.2133399999951 132.108028132588
    vertex 6.00000000000151 16.3564699999958 130.884478132587
    vertex 6.00000000000151 16.6256299999959 130.908028132587
  endloop
endfacet
facet normal 1.0 0.0 0.0
  outer loop
    vertex 6.00000000000151 18.2133399999951 132.108028132588
    vertex 6.00000000000151 16.6256299999959 130.908028132587
    vertex 6.00000000000151 16.8947799999959 130.884478132588
  endloop
endfacet
facet normal 1.0 0.0 0.0
  outer loop
    vertex 6.00000000000151 18.2133399999951 132.108028132588
    vertex 6.00000000000151 16.8947799999959 130.884478132588
    vertex 6.00000000000151 17.1557599999959 130.814548132588
  endloop
endfacet
facet normal 1.0 0.0 0.0
  outer loop
    vertex 6.00000000000151 18.2133399999951 132.108028132588
    vertex 6.00000000000151 17.1557599999959 130.814548132588
    vertex 6.00000000000151 17.400629999996 130.700368132588
  endloop
endfacet
facet normal 1.0 0.0 0.0
  outer loop
    vertex 6.00000000000151 18.2133399999951 132.108028132588
    vertex 6.00000000000151 17.400629999996 130.700368132588
    vertex 6.00000000000151 17.6219499999961 130.545398132588
  endloop
endfacet
facet normal 1.0 0.0 0.0
  outer loop
    vertex 6.00000000000151 18.2133399999951 132.108028132588
    vertex 6.00000000000151 17.6219499999961 130.545398132588
    vertex 6.00000000000151 17.8129999999962 130.354348132588
  endloop
endfacet
facet normal 1.0 0.0 0.0
  outer loop
    vertex 6.00000000000151 18.2133399999951 132.108028132588
    vertex 6.00000000000151 17.8129999999962 130.354348132588
    vertex 6.00000000000151 17.9679699999964 130.133028132588
  endloop
endfacet
facet normal 1.0 0.0 0.0
  outer loop
    vertex 6.00000000000151 18.2133399999951 132.108028132588
    vertex 6.00000000000151 17.9679699999964 130.133028132588
    vertex 6.00000000000151 18.0821499999965 129.888158132588
  endloop
endfacet
facet normal 1.0 0.0 0.0
  outer loop
    vertex 6.00000000000151 18.2133399999951 132.108028132588
    vertex 6.00000000000151 18.0821499999965 129.888158132588
    vertex 6.00000000000151 18.1520799999967 129.627178132588
  endloop
endfacet
facet normal 1.0 0.0 0.0
  outer loop
    vertex 6.00000000000151 18.2133399999951 132.108028132588
    vertex 6.00000000000151 18.1520799999967 129.627178132588
    vertex 6.00000000000151 18.1756299999969 129.358028132588
  endloop
endfacet
facet normal -3.46074163704496e-006 -0.866024560727896 0.500001460201946
  outer loop
    vertex 8.00000000019318 18.2133399999988 126.608040975515
    vertex 6.00000000000151 19.8010599999968 129.35802813259
    vertex 6.00000000000151 18.2133399999987 126.608027132588
  endloop
endfacet
facet normal -3.46074163704496e-006 -0.866024560727896 0.500001460201946
  outer loop
    vertex 6.00000000000151 19.8010599999968 129.35802813259
    vertex 8.00000000019318 18.2133399999988 126.608040975515
    vertex 8.00000000019327 19.801059999997 129.358041975516
  endloop
endfacet
facet normal -3.46073847844542e-006 0.866024833454637 0.500000987826917
  outer loop
    vertex 6.00000000000151 13.4502019999969 129.358028132585
    vertex 8.00000000019318 15.0379199999988 126.608040975513
    vertex 6.00000000000151 15.0379199999987 126.608027132586
  endloop
endfacet
facet normal -3.46073847844542e-006 0.866024833454637 0.500000987826917
  outer loop
    vertex 8.00000000019318 15.0379199999988 126.608040975513
    vertex 6.00000000000151 13.4502019999969 129.358028132585
    vertex 8.00000000019327 13.450201999997 129.358041975512
  endloop
endfacet
facet normal 3.46073929586737e-006 0.866024754725454 -0.500001124189478
  outer loop
    vertex 6.00000000000151 15.037919999995 132.108028132586
    vertex 8.00000000019327 13.450201999997 129.358041975512
    vertex 6.00000000000151 13.4502019999969 129.358028132585
  endloop
endfacet
facet normal 3.46073929586737e-006 0.866024754725454 -0.500001124189478
  outer loop
    vertex 8.00000000019327 13.450201999997 129.358041975512
    vertex 6.00000000000151 15.037919999995 132.108028132586
    vertex 8.00000000019327 15.0379199999952 132.108041975513
  endloop
endfacet
facet normal 6.92146317346259e-006 6.64269586082493e-013 -0.999999999976047
  outer loop
    vertex 8.00000000019327 18.2133399999952 132.108041975515
    vertex 6.00000000000151 15.037919999995 132.108028132586
    vertex 6.00000000000151 18.2133399999951 132.108028132588
  endloop
endfacet
facet normal 6.92146317346259e-006 6.64269586082493e-013 -0.999999999976047
  outer loop
    vertex 6.00000000000151 15.037919999995 132.108028132586
    vertex 8.00000000019327 18.2133399999952 132.108041975515
    vertex 8.00000000019327 15.0379199999952 132.108041975513
  endloop
endfacet
facet normal 0.0 -0.866025516012637 -0.499999805615008
  outer loop
    vertex 144.000000000002 33.1774390000032 119.731203132598
    vertex 141.000000000002 33.4681630000035 119.227654132598
    vertex 144.000000000002 33.4681630000035 119.227654132598
  endloop
endfacet
facet normal 0.0 -0.866025516012637 -0.499999805615008
  outer loop
    vertex 141.000000000002 33.4681630000035 119.227654132598
    vertex 144.000000000002 33.1774390000032 119.731203132598
    vertex 141.000000000002 33.1774390000032 119.731203132598
  endloop
endfacet
facet normal 0.0 -0.549508879108102 -0.835487876501722
  outer loop
    vertex 144.000000000002 31.9857930000024 120.994274132597
    vertex 141.000000000002 31.5000000000021 121.313785132597
    vertex 141.000000000002 31.9857930000024 120.994274132597
  endloop
endfacet
facet normal 0.0 -0.549508879108102 -0.835487876501722
  outer loop
    vertex 141.000000000002 31.5000000000021 121.313785132597
    vertex 144.000000000002 31.9857930000024 120.994274132597
    vertex 144.000000000002 31.5000000000021 121.313785132597
  endloop
endfacet
facet normal 0.0 -0.448799962780386 -0.893632247296573
  outer loop
    vertex 144.000000000002 31.5000000000021 121.313785132597
    vertex 141.000000000002 30.980399000002 121.574739132597
    vertex 141.000000000002 31.5000000000021 121.313785132597
  endloop
endfacet
facet normal 0.0 -0.448799962780386 -0.893632247296573
  outer loop
    vertex 141.000000000002 30.980399000002 121.574739132597
    vertex 144.000000000002 31.5000000000021 121.313785132597
    vertex 144.000000000002 30.980399000002 121.574739132597
  endloop
endfacet
facet normal 0.0 -0.95798972008834 -0.286802538700521
  outer loop
    vertex 144.000000000002 33.6984630000038 118.693759132599
    vertex 141.000000000002 33.8652240000042 118.136737132599
    vertex 144.000000000002 33.8652240000042 118.136737132599
  endloop
endfacet
facet normal 0.0 -0.95798972008834 -0.286802538700521
  outer loop
    vertex 141.000000000002 33.8652240000042 118.136737132599
    vertex 144.000000000002 33.6984630000038 118.693759132599
    vertex 141.000000000002 33.6984630000038 118.693759132599
  endloop
endfacet
facet normal 0.0 -0.80212296520943 -0.597158897349467
  outer loop
    vertex 144.000000000002 32.8302220000029 120.197596132598
    vertex 141.000000000002 33.1774390000032 119.731203132598
    vertex 144.000000000002 33.1774390000032 119.731203132598
  endloop
endfacet
facet normal 0.0 -0.80212296520943 -0.597158897349467
  outer loop
    vertex 141.000000000002 33.1774390000032 119.731203132598
    vertex 144.000000000002 32.8302220000029 120.197596132598
    vertex 141.000000000002 32.8302220000029 120.197596132598
  endloop
endfacet
facet normal 0.0 -0.984807567210692 -0.173649231396396
  outer loop
    vertex 144.000000000002 33.8652240000042 118.136737132599
    vertex 141.000000000002 33.9661920000046 117.564122732599
    vertex 144.000000000002 33.9661920000046 117.564122732599
  endloop
endfacet
facet normal 0.0 -0.984807567210692 -0.173649231396396
  outer loop
    vertex 141.000000000002 33.9661920000046 117.564122732599
    vertex 144.000000000002 33.8652240000042 118.136737132599
    vertex 141.000000000002 33.8652240000042 118.136737132599
  endloop
endfacet
facet normal 0.0 -0.918215996032441 -0.39608002301322
  outer loop
    vertex 144.000000000002 33.4681630000035 119.227654132598
    vertex 141.000000000002 33.6984630000038 118.693759132599
    vertex 144.000000000002 33.6984630000038 118.693759132599
  endloop
endfacet
facet normal 0.0 -0.918215996032441 -0.39608002301322
  outer loop
    vertex 141.000000000002 33.6984630000038 118.693759132599
    vertex 144.000000000002 33.4681630000035 119.227654132598
    vertex 141.000000000002 33.4681630000035 119.227654132598
  endloop
endfacet
facet normal 0.0 6.20787388740975e-013 -1.0
  outer loop
    vertex 144.000000000002 29.2907241000017 121.975199132596
    vertex 141.000000000002 28.7092759000017 121.975199132595
    vertex 141.000000000002 29.2907241000017 121.975199132596
  endloop
endfacet
facet normal 0.0 6.20787388740975e-013 -1.0
  outer loop
    vertex 141.000000000002 28.7092759000017 121.975199132595
    vertex 144.000000000002 29.2907241000017 121.975199132596
    vertex 144.000000000002 28.7092759000017 121.975199132595
  endloop
endfacet
facet normal 0.0 0.342019917791619 -0.939692702873559
  outer loop
    vertex 144.000000000002 27.5659840000018 121.773606132595
    vertex 141.000000000002 27.019601000002 121.574739132594
    vertex 141.000000000002 27.5659840000018 121.773606132595
  endloop
endfacet
facet normal 0.0 0.342019917791619 -0.939692702873559
  outer loop
    vertex 141.000000000002 27.019601000002 121.574739132594
    vertex 144.000000000002 27.5659840000018 121.773606132595
    vertex 144.000000000002 27.019601000002 121.574739132594
  endloop
endfacet
facet normal 0.0 0.448799962781564 -0.893632247295982
  outer loop
    vertex 144.000000000002 27.019601000002 121.574739132594
    vertex 141.000000000002 26.5000000000021 121.313785132594
    vertex 141.000000000002 27.019601000002 121.574739132594
  endloop
endfacet
facet normal 0.0 0.448799962781564 -0.893632247295982
  outer loop
    vertex 141.000000000002 26.5000000000021 121.313785132594
    vertex 144.000000000002 27.019601000002 121.574739132594
    vertex 144.000000000002 26.5000000000021 121.313785132594
  endloop
endfacet
facet normal 0.0 -0.642788051512607 -0.76604407238267
  outer loop
    vertex 144.000000000002 32.4312080000026 120.620526132598
    vertex 141.000000000002 31.9857930000024 120.994274132597
    vertex 141.000000000002 32.4312080000026 120.620526132598
  endloop
endfacet
facet normal 0.0 -0.642788051512607 -0.76604407238267
  outer loop
    vertex 141.000000000002 31.9857930000024 120.994274132597
    vertex 144.000000000002 32.4312080000026 120.620526132598
    vertex 144.000000000002 31.9857930000024 120.994274132597
  endloop
endfacet
facet normal 0.0 0.54950887910919 -0.835487876501007
  outer loop
    vertex 144.000000000002 26.5000000000021 121.313785132594
    vertex 141.000000000002 26.0142070000024 120.994274132593
    vertex 141.000000000002 26.5000000000021 121.313785132594
  endloop
endfacet
facet normal 0.0 0.54950887910919 -0.835487876501007
  outer loop
    vertex 141.000000000002 26.0142070000024 120.994274132593
    vertex 144.000000000002 26.5000000000021 121.313785132594
    vertex 144.000000000002 26.0142070000024 120.994274132593
  endloop
endfacet
facet normal 0.0 -0.998308179535236 -0.0581444638210948
  outer loop
    vertex 144.000000000002 33.9661920000046 117.564122732599
    vertex 141.000000000002 34.000000000005 116.983658132599
    vertex 144.000000000002 34.000000000005 116.983658132599
  endloop
endfacet
facet normal 0.0 -0.998308179535236 -0.0581444638210948
  outer loop
    vertex 141.000000000002 34.000000000005 116.983658132599
    vertex 144.000000000002 33.9661920000046 117.564122732599
    vertex 141.000000000002 33.9661920000046 117.564122732599
  endloop
endfacet
facet normal 0.0 -0.727373534980479 -0.686241750850239
  outer loop
    vertex 144.000000000002 32.4312080000026 120.620526132598
    vertex 141.000000000002 32.8302220000029 120.197596132598
    vertex 144.000000000002 32.8302220000029 120.197596132598
  endloop
endfacet
facet normal 0.0 -0.727373534980479 -0.686241750850239
  outer loop
    vertex 141.000000000002 32.8302220000029 120.197596132598
    vertex 144.000000000002 32.4312080000026 120.620526132598
    vertex 141.000000000002 32.4312080000026 120.620526132598
  endloop
endfacet
facet normal 0.0 -0.998308179535313 0.0581444638197779
  outer loop
    vertex 144.000000000002 34.000000000005 116.983658132599
    vertex 141.000000000002 33.9661920000054 116.403193532599
    vertex 144.000000000002 33.9661920000054 116.403193532599
  endloop
endfacet
facet normal 0.0 -0.998308179535313 0.0581444638197779
  outer loop
    vertex 141.000000000002 33.9661920000054 116.403193532599
    vertex 144.000000000002 34.000000000005 116.983658132599
    vertex 141.000000000002 34.000000000005 116.983658132599
  endloop
endfacet
facet normal 0.0 -0.342019917790373 -0.939692702874012
  outer loop
    vertex 144.000000000002 30.980399000002 121.574739132597
    vertex 141.000000000002 30.4340160000018 121.773606132596
    vertex 141.000000000002 30.980399000002 121.574739132597
  endloop
endfacet
facet normal 0.0 -0.342019917790373 -0.939692702874012
  outer loop
    vertex 141.000000000002 30.4340160000018 121.773606132596
    vertex 144.000000000002 30.980399000002 121.574739132597
    vertex 144.000000000002 30.4340160000018 121.773606132596
  endloop
endfacet
facet normal 0.0 -0.230615607017279 -0.973044933083797
  outer loop
    vertex 144.000000000002 30.4340160000018 121.773606132596
    vertex 141.000000000002 29.8682409000017 121.907697132596
    vertex 141.000000000002 30.4340160000018 121.773606132596
  endloop
endfacet
facet normal 0.0 -0.230615607017279 -0.973044933083797
  outer loop
    vertex 141.000000000002 29.8682409000017 121.907697132596
    vertex 144.000000000002 30.4340160000018 121.773606132596
    vertex 144.000000000002 29.8682409000017 121.907697132596
  endloop
endfacet
facet normal 0.0 -0.116092858361645 -0.99323836425977
  outer loop
    vertex 144.000000000002 29.8682409000017 121.907697132596
    vertex 141.000000000002 29.2907241000017 121.975199132596
    vertex 141.000000000002 29.8682409000017 121.907697132596
  endloop
endfacet
facet normal 0.0 -0.116092858361645 -0.99323836425977
  outer loop
    vertex 141.000000000002 29.2907241000017 121.975199132596
    vertex 144.000000000002 29.8682409000017 121.907697132596
    vertex 144.000000000002 29.2907241000017 121.975199132596
  endloop
endfacet
facet normal 0.0 0.230615607018524 -0.973044933083502
  outer loop
    vertex 144.000000000002 28.1317591000017 121.907697132595
    vertex 141.000000000002 27.5659840000018 121.773606132595
    vertex 141.000000000002 28.1317591000017 121.907697132595
  endloop
endfacet
facet normal 0.0 0.230615607018524 -0.973044933083502
  outer loop
    vertex 141.000000000002 27.5659840000018 121.773606132595
    vertex 144.000000000002 28.1317591000017 121.907697132595
    vertex 144.000000000002 27.5659840000018 121.773606132595
  endloop
endfacet
facet normal 0.0 0.642788051513642 -0.766044072381802
  outer loop
    vertex 144.000000000002 26.0142070000024 120.994274132593
    vertex 141.000000000002 25.5687920000026 120.620526132593
    vertex 141.000000000002 26.0142070000024 120.994274132593
  endloop
endfacet
facet normal 0.0 0.642788051513642 -0.766044072381802
  outer loop
    vertex 141.000000000002 25.5687920000026 120.620526132593
    vertex 144.000000000002 26.0142070000024 120.994274132593
    vertex 144.000000000002 25.5687920000026 120.620526132593
  endloop
endfacet
facet normal 0.0 0.116092858363003 -0.993238364259611
  outer loop
    vertex 144.000000000002 28.7092759000017 121.975199132595
    vertex 141.000000000002 28.1317591000017 121.907697132595
    vertex 141.000000000002 28.7092759000017 121.975199132595
  endloop
endfacet
facet normal 0.0 0.116092858363003 -0.993238364259611
  outer loop
    vertex 141.000000000002 28.1317591000017 121.907697132595
    vertex 144.000000000002 28.7092759000017 121.975199132595
    vertex 144.000000000002 28.1317591000017 121.907697132595
  endloop
endfacet
facet normal 0.0 -0.802122965210222 0.597158897348403
  outer loop
    vertex 144.000000000002 33.1774390000068 114.236113132598
    vertex 141.000000000002 32.8302220000071 113.769720132598
    vertex 144.000000000002 32.8302220000071 113.769720132598
  endloop
endfacet
facet normal 0.0 -0.802122965210222 0.597158897348403
  outer loop
    vertex 141.000000000002 32.8302220000071 113.769720132598
    vertex 144.000000000002 33.1774390000068 114.236113132598
    vertex 141.000000000002 33.1774390000068 114.236113132598
  endloop
endfacet
facet normal 0.0 0.984807567210917 -0.173649231395121
  outer loop
    vertex 141.000000000002 24.1347760000042 118.136737132592
    vertex 144.000000000002 24.0338080000046 117.564122732592
    vertex 141.000000000002 24.0338080000046 117.564122732592
  endloop
endfacet
facet normal 0.0 0.984807567210917 -0.173649231395121
  outer loop
    vertex 144.000000000002 24.0338080000046 117.564122732592
    vertex 141.000000000002 24.1347760000042 118.136737132592
    vertex 144.000000000002 24.1347760000042 118.136737132592
  endloop
endfacet
facet normal 0.0 -0.866025516013289 0.499999805613879
  outer loop
    vertex 144.000000000002 33.4681630000065 114.739662132598
    vertex 141.000000000002 33.1774390000068 114.236113132598
    vertex 144.000000000002 33.1774390000068 114.236113132598
  endloop
endfacet
facet normal 0.0 -0.866025516013289 0.499999805613879
  outer loop
    vertex 141.000000000002 33.1774390000068 114.236113132598
    vertex 144.000000000002 33.4681630000065 114.739662132598
    vertex 141.000000000002 33.4681630000065 114.739662132598
  endloop
endfacet
facet normal 0.0 -0.918215996032957 0.396080023012022
  outer loop
    vertex 144.000000000002 33.6984630000061 115.273557132599
    vertex 141.000000000002 33.4681630000065 114.739662132598
    vertex 144.000000000002 33.4681630000065 114.739662132598
  endloop
endfacet
facet normal 0.0 -0.918215996032957 0.396080023012022
  outer loop
    vertex 141.000000000002 33.4681630000065 114.739662132598
    vertex 144.000000000002 33.6984630000061 115.273557132599
    vertex 141.000000000002 33.6984630000061 115.273557132599
  endloop
endfacet
facet normal 0.0 -6.59586600537261e-013 1.0
  outer loop
    vertex 144.000000000002 28.7092759000083 111.992117132595
    vertex 141.000000000002 29.2907241000083 111.992117132596
    vertex 141.000000000002 28.7092759000083 111.992117132595
  endloop
endfacet
facet normal 0.0 -6.59586600537261e-013 1.0
  outer loop
    vertex 141.000000000002 29.2907241000083 111.992117132596
    vertex 144.000000000002 28.7092759000083 111.992117132595
    vertex 144.000000000002 29.2907241000083 111.992117132596
  endloop
endfacet
facet normal 0.0 0.998308179535313 -0.0581444638197756
  outer loop
    vertex 141.000000000002 24.0338080000046 117.564122732592
    vertex 144.000000000002 24.000000000005 116.983658132592
    vertex 141.000000000002 24.000000000005 116.983658132592
  endloop
endfacet
facet normal 0.0 0.998308179535313 -0.0581444638197756
  outer loop
    vertex 144.000000000002 24.000000000005 116.983658132592
    vertex 141.000000000002 24.0338080000046 117.564122732592
    vertex 144.000000000002 24.0338080000046 117.564122732592
  endloop
endfacet
facet normal 0.0 0.918215996032435 0.396080023013234
  outer loop
    vertex 141.000000000002 24.3015370000061 115.273557132592
    vertex 144.000000000002 24.5318370000065 114.739662132593
    vertex 141.000000000002 24.5318370000065 114.739662132593
  endloop
endfacet
facet normal 0.0 0.918215996032435 0.396080023013234
  outer loop
    vertex 144.000000000002 24.5318370000065 114.739662132593
    vertex 141.000000000002 24.3015370000061 115.273557132592
    vertex 144.000000000002 24.3015370000061 115.273557132592
  endloop
endfacet
facet normal 0.0 -0.230615607018561 0.973044933083494
  outer loop
    vertex 144.000000000002 29.8682409000082 112.059619132596
    vertex 141.000000000002 30.4340160000081 112.193710132596
    vertex 141.000000000002 29.8682409000082 112.059619132596
  endloop
endfacet
facet normal 0.0 -0.230615607018561 0.973044933083494
  outer loop
    vertex 141.000000000002 30.4340160000081 112.193710132596
    vertex 144.000000000002 29.8682409000082 112.059619132596
    vertex 144.000000000002 30.4340160000081 112.193710132596
  endloop
endfacet
facet normal 0.0 -0.448799962781533 0.893632247295997
  outer loop
    vertex 144.000000000002 30.980399000008 112.392577132597
    vertex 141.000000000002 31.5000000000078 112.653531132597
    vertex 141.000000000002 30.980399000008 112.392577132597
  endloop
endfacet
facet normal 0.0 -0.448799962781533 0.893632247295997
  outer loop
    vertex 141.000000000002 31.5000000000078 112.653531132597
    vertex 144.000000000002 30.980399000008 112.392577132597
    vertex 144.000000000002 31.5000000000078 112.653531132597
  endloop
endfacet
facet normal 0.0 -0.642788051513619 0.766044072381821
  outer loop
    vertex 144.000000000002 31.9857930000076 112.973042132597
    vertex 141.000000000002 32.4312080000074 113.346790132598
    vertex 141.000000000002 31.9857930000076 112.973042132597
  endloop
endfacet
facet normal 0.0 -0.642788051513619 0.766044072381821
  outer loop
    vertex 141.000000000002 32.4312080000074 113.346790132598
    vertex 144.000000000002 31.9857930000076 112.973042132597
    vertex 144.000000000002 32.4312080000074 113.346790132598
  endloop
endfacet
facet normal 0.0 -0.957989720088724 0.286802538699239
  outer loop
    vertex 144.000000000002 33.8652240000057 115.830579132599
    vertex 141.000000000002 33.6984630000061 115.273557132599
    vertex 144.000000000002 33.6984630000061 115.273557132599
  endloop
endfacet
facet normal 0.0 -0.957989720088724 0.286802538699239
  outer loop
    vertex 141.000000000002 33.6984630000061 115.273557132599
    vertex 144.000000000002 33.8652240000057 115.830579132599
    vertex 141.000000000002 33.8652240000057 115.830579132599
  endloop
endfacet
facet normal 0.0 0.984807567210692 0.173649231396396
  outer loop
    vertex 141.000000000002 24.0338080000054 116.403193532592
    vertex 144.000000000002 24.1347760000058 115.830579132592
    vertex 141.000000000002 24.1347760000058 115.830579132592
  endloop
endfacet
facet normal 0.0 0.984807567210692 0.173649231396396
  outer loop
    vertex 144.000000000002 24.1347760000058 115.830579132592
    vertex 141.000000000002 24.0338080000054 116.403193532592
    vertex 144.000000000002 24.0338080000054 116.403193532592
  endloop
endfacet
facet normal 0.0 0.957989720088727 -0.286802538699228
  outer loop
    vertex 141.000000000002 24.3015370000039 118.693759132592
    vertex 144.000000000002 24.1347760000042 118.136737132592
    vertex 141.000000000002 24.1347760000042 118.136737132592
  endloop
endfacet
facet normal 0.0 0.957989720088727 -0.286802538699228
  outer loop
    vertex 144.000000000002 24.1347760000042 118.136737132592
    vertex 141.000000000002 24.3015370000039 118.693759132592
    vertex 144.000000000002 24.3015370000039 118.693759132592
  endloop
endfacet
facet normal 0.0 0.957989720088343 0.28680253870051
  outer loop
    vertex 141.000000000002 24.1347760000058 115.830579132592
    vertex 144.000000000002 24.3015370000061 115.273557132592
    vertex 141.000000000002 24.3015370000061 115.273557132592
  endloop
endfacet
facet normal 0.0 0.957989720088343 0.28680253870051
  outer loop
    vertex 144.000000000002 24.3015370000061 115.273557132592
    vertex 141.000000000002 24.1347760000058 115.830579132592
    vertex 144.000000000002 24.1347760000058 115.830579132592
  endloop
endfacet
facet normal 0.0 0.802122965209444 0.597158897349449
  outer loop
    vertex 141.000000000002 24.8225610000068 114.236113132593
    vertex 144.000000000002 25.1697780000071 113.769720132593
    vertex 141.000000000002 25.1697780000071 113.769720132593
  endloop
endfacet
facet normal 0.0 0.802122965209444 0.597158897349449
  outer loop
    vertex 144.000000000002 25.1697780000071 113.769720132593
    vertex 141.000000000002 24.8225610000068 114.236113132593
    vertex 144.000000000002 24.8225610000068 114.236113132593
  endloop
endfacet
facet normal 0.0 0.918215996032957 -0.396080023012022
  outer loop
    vertex 141.000000000002 24.5318370000035 119.227654132593
    vertex 144.000000000002 24.3015370000039 118.693759132592
    vertex 141.000000000002 24.3015370000039 118.693759132592
  endloop
endfacet
facet normal 0.0 0.918215996032957 -0.396080023012022
  outer loop
    vertex 144.000000000002 24.3015370000039 118.693759132592
    vertex 141.000000000002 24.5318370000035 119.227654132593
    vertex 144.000000000002 24.5318370000035 119.227654132593
  endloop
endfacet
facet normal 0.0 0.642788051512607 0.76604407238267
  outer loop
    vertex 144.000000000002 25.5687920000074 113.346790132593
    vertex 141.000000000002 26.0142070000076 112.973042132594
    vertex 141.000000000002 25.5687920000074 113.346790132593
  endloop
endfacet
facet normal 0.0 0.642788051512607 0.76604407238267
  outer loop
    vertex 141.000000000002 26.0142070000076 112.973042132594
    vertex 144.000000000002 25.5687920000074 113.346790132593
    vertex 144.000000000002 26.0142070000076 112.973042132594
  endloop
endfacet
facet normal 0.0 0.342019917790385 0.939692702874008
  outer loop
    vertex 144.000000000002 27.019601000008 112.392577132594
    vertex 141.000000000002 27.5659840000081 112.193710132595
    vertex 141.000000000002 27.019601000008 112.392577132594
  endloop
endfacet
facet normal 0.0 0.342019917790385 0.939692702874008
  outer loop
    vertex 141.000000000002 27.5659840000081 112.193710132595
    vertex 144.000000000002 27.019601000008 112.392577132594
    vertex 144.000000000002 27.5659840000081 112.193710132595
  endloop
endfacet
facet normal 0.0 0.802122965210222 -0.597158897348403
  outer loop
    vertex 141.000000000002 25.1697780000029 120.197596132593
    vertex 144.000000000002 24.8225610000032 119.731203132593
    vertex 141.000000000002 24.8225610000032 119.731203132593
  endloop
endfacet
facet normal 0.0 0.802122965210222 -0.597158897348403
  outer loop
    vertex 144.000000000002 24.8225610000032 119.731203132593
    vertex 141.000000000002 25.1697780000029 120.197596132593
    vertex 144.000000000002 25.1697780000029 120.197596132593
  endloop
endfacet
facet normal 0.0 0.866025516012637 0.499999805615008
  outer loop
    vertex 141.000000000002 24.5318370000065 114.739662132593
    vertex 144.000000000002 24.8225610000068 114.236113132593
    vertex 141.000000000002 24.8225610000068 114.236113132593
  endloop
endfacet
facet normal 0.0 0.866025516012637 0.499999805615008
  outer loop
    vertex 144.000000000002 24.8225610000068 114.236113132593
    vertex 141.000000000002 24.5318370000065 114.739662132593
    vertex 144.000000000002 24.5318370000065 114.739662132593
  endloop
endfacet
facet normal 0.0 0.727373534981364 -0.686241750849301
  outer loop
    vertex 141.000000000002 25.5687920000026 120.620526132593
    vertex 144.000000000002 25.1697780000029 120.197596132593
    vertex 141.000000000002 25.1697780000029 120.197596132593
  endloop
endfacet
facet normal 0.0 0.727373534981364 -0.686241750849301
  outer loop
    vertex 144.000000000002 25.1697780000029 120.197596132593
    vertex 141.000000000002 25.5687920000026 120.620526132593
    vertex 144.000000000002 25.5687920000026 120.620526132593
  endloop
endfacet
facet normal 0.0 0.998308179535236 0.0581444638210971
  outer loop
    vertex 141.000000000002 24.000000000005 116.983658132592
    vertex 144.000000000002 24.0338080000054 116.403193532592
    vertex 141.000000000002 24.0338080000054 116.403193532592
  endloop
endfacet
facet normal 0.0 0.998308179535236 0.0581444638210971
  outer loop
    vertex 144.000000000002 24.0338080000054 116.403193532592
    vertex 141.000000000002 24.000000000005 116.983658132592
    vertex 144.000000000002 24.000000000005 116.983658132592
  endloop
endfacet
facet normal 0.0 0.727373534980498 0.68624175085022
  outer loop
    vertex 141.000000000002 25.1697780000071 113.769720132593
    vertex 144.000000000002 25.5687920000074 113.346790132593
    vertex 141.000000000002 25.5687920000074 113.346790132593
  endloop
endfacet
facet normal 0.0 0.727373534980498 0.68624175085022
  outer loop
    vertex 144.000000000002 25.5687920000074 113.346790132593
    vertex 141.000000000002 25.1697780000071 113.769720132593
    vertex 144.000000000002 25.1697780000071 113.769720132593
  endloop
endfacet
facet normal 0.0 0.549508879108075 0.83548787650174
  outer loop
    vertex 144.000000000002 26.0142070000076 112.973042132594
    vertex 141.000000000002 26.5000000000078 112.653531132594
    vertex 141.000000000002 26.0142070000076 112.973042132594
  endloop
endfacet
facet normal 0.0 0.549508879108075 0.83548787650174
  outer loop
    vertex 141.000000000002 26.5000000000078 112.653531132594
    vertex 144.000000000002 26.0142070000076 112.973042132594
    vertex 144.000000000002 26.5000000000078 112.653531132594
  endloop
endfacet
facet normal 0.0 0.448799962780417 0.893632247296558
  outer loop
    vertex 144.000000000002 26.5000000000078 112.653531132594
    vertex 141.000000000002 27.019601000008 112.392577132594
    vertex 141.000000000002 26.5000000000078 112.653531132594
  endloop
endfacet
facet normal 0.0 0.448799962780417 0.893632247296558
  outer loop
    vertex 141.000000000002 27.019601000008 112.392577132594
    vertex 144.000000000002 26.5000000000078 112.653531132594
    vertex 144.000000000002 27.019601000008 112.392577132594
  endloop
endfacet
facet normal 0.0 0.230615607017234 0.973044933083808
  outer loop
    vertex 144.000000000002 27.5659840000081 112.193710132595
    vertex 141.000000000002 28.1317591000082 112.059619132595
    vertex 141.000000000002 27.5659840000081 112.193710132595
  endloop
endfacet
facet normal 0.0 0.230615607017234 0.973044933083808
  outer loop
    vertex 141.000000000002 28.1317591000082 112.059619132595
    vertex 144.000000000002 27.5659840000081 112.193710132595
    vertex 144.000000000002 28.1317591000082 112.059619132595
  endloop
endfacet
facet normal 0.0 0.116092858361688 0.993238364259765
  outer loop
    vertex 144.000000000002 28.1317591000082 112.059619132595
    vertex 141.000000000002 28.7092759000083 111.992117132595
    vertex 141.000000000002 28.1317591000082 112.059619132595
  endloop
endfacet
facet normal 0.0 0.116092858361688 0.993238364259765
  outer loop
    vertex 141.000000000002 28.7092759000083 111.992117132595
    vertex 144.000000000002 28.1317591000082 112.059619132595
    vertex 144.000000000002 28.7092759000083 111.992117132595
  endloop
endfacet
facet normal 0.0 -0.116092858362965 0.993238364259616
  outer loop
    vertex 144.000000000002 29.2907241000083 111.992117132596
    vertex 141.000000000002 29.8682409000082 112.059619132596
    vertex 141.000000000002 29.2907241000083 111.992117132596
  endloop
endfacet
facet normal 0.0 -0.116092858362965 0.993238364259616
  outer loop
    vertex 141.000000000002 29.8682409000082 112.059619132596
    vertex 144.000000000002 29.2907241000083 111.992117132596
    vertex 144.000000000002 29.8682409000082 112.059619132596
  endloop
endfacet
facet normal 0.0 0.866025516013279 -0.499999805613896
  outer loop
    vertex 141.000000000002 24.8225610000032 119.731203132593
    vertex 144.000000000002 24.5318370000035 119.227654132593
    vertex 141.000000000002 24.5318370000035 119.227654132593
  endloop
endfacet
facet normal 0.0 0.866025516013279 -0.499999805613896
  outer loop
    vertex 144.000000000002 24.5318370000035 119.227654132593
    vertex 141.000000000002 24.8225610000032 119.731203132593
    vertex 144.000000000002 24.8225610000032 119.731203132593
  endloop
endfacet
facet normal 0.0 -0.342019917791619 0.939692702873559
  outer loop
    vertex 144.000000000002 30.4340160000081 112.193710132596
    vertex 141.000000000002 30.980399000008 112.392577132597
    vertex 141.000000000002 30.4340160000081 112.193710132596
  endloop
endfacet
facet normal 0.0 -0.342019917791619 0.939692702873559
  outer loop
    vertex 141.000000000002 30.980399000008 112.392577132597
    vertex 144.000000000002 30.4340160000081 112.193710132596
    vertex 144.000000000002 30.980399000008 112.392577132597
  endloop
endfacet
facet normal 0.0 -0.549508879109217 0.835487876500989
  outer loop
    vertex 144.000000000002 31.5000000000078 112.653531132597
    vertex 141.000000000002 31.9857930000076 112.973042132597
    vertex 141.000000000002 31.5000000000078 112.653531132597
  endloop
endfacet
facet normal 0.0 -0.549508879109217 0.835487876500989
  outer loop
    vertex 141.000000000002 31.9857930000076 112.973042132597
    vertex 144.000000000002 31.5000000000078 112.653531132597
    vertex 144.000000000002 31.9857930000076 112.973042132597
  endloop
endfacet
facet normal 0.0 -0.727373534981383 0.686241750849282
  outer loop
    vertex 144.000000000002 32.8302220000071 113.769720132598
    vertex 141.000000000002 32.4312080000074 113.346790132598
    vertex 144.000000000002 32.4312080000074 113.346790132598
  endloop
endfacet
facet normal 0.0 -0.727373534981383 0.686241750849282
  outer loop
    vertex 141.000000000002 32.4312080000074 113.346790132598
    vertex 144.000000000002 32.8302220000071 113.769720132598
    vertex 141.000000000002 32.8302220000071 113.769720132598
  endloop
endfacet
facet normal 9.85815781869374e-030 -0.996193918368197 0.087164654569488
  outer loop
    vertex 6.00000000000151 42.9243700000131 104.609288132605
    vertex 3.00000000000156 42.9008200000133 104.340138132605
    vertex 6.00000000000151 42.9008200000133 104.340138132605
  endloop
endfacet
facet normal 9.85815781869374e-030 -0.996193918368197 0.087164654569488
  outer loop
    vertex 3.00000000000156 42.9008200000133 104.340138132605
    vertex 6.00000000000151 42.9243700000131 104.609288132605
    vertex 3.00000000000156 42.9243700000131 104.609288132605
  endloop
endfacet
facet normal 0.0 -0.984807567210918 0.173649231395114
  outer loop
    vertex 144.000000000002 33.9661920000054 116.403193532599
    vertex 141.000000000002 33.8652240000057 115.830579132599
    vertex 144.000000000002 33.8652240000057 115.830579132599
  endloop
endfacet
facet normal 0.0 -0.984807567210918 0.173649231395114
  outer loop
    vertex 141.000000000002 33.8652240000057 115.830579132599
    vertex 144.000000000002 33.9661920000054 116.403193532599
    vertex 141.000000000002 33.9661920000054 116.403193532599
  endloop
endfacet
facet normal -1.59944883118729e-028 0.707106781186047 0.707106781187049
  outer loop
    vertex 6.00000000000151 40.1870000000138 103.612968132603
    vertex 3.00000000000156 40.3780500000139 103.421918132603
    vertex 3.00000000000156 40.1870000000138 103.612968132603
  endloop
endfacet
facet normal -1.59944883118729e-028 0.707106781186047 0.707106781187049
  outer loop
    vertex 3.00000000000156 40.3780500000139 103.421918132603
    vertex 6.00000000000151 40.1870000000138 103.612968132603
    vertex 6.00000000000151 40.3780500000139 103.421918132603
  endloop
endfacet
facet normal 2.9272187261715e-029 -0.9659252528318 0.258821185264697
  outer loop
    vertex 6.00000000000151 42.9008200000133 104.340138132605
    vertex 3.00000000000156 42.8308900000134 104.079158132605
    vertex 6.00000000000151 42.8308900000134 104.079158132605
  endloop
endfacet
facet normal 2.9272187261715e-029 -0.9659252528318 0.258821185264697
  outer loop
    vertex 3.00000000000156 42.8308900000134 104.079158132605
    vertex 6.00000000000151 42.9008200000133 104.340138132605
    vertex 3.00000000000156 42.9008200000133 104.340138132605
  endloop
endfacet
facet normal 0.0 0.0871646545695528 0.996193918368191
  outer loop
    vertex 6.00000000000151 41.1052200000141 103.082838132603
    vertex 3.00000000000156 41.3743700000141 103.059288132604
    vertex 3.00000000000156 41.1052200000141 103.082838132603
  endloop
endfacet
facet normal 0.0 0.0871646545695528 0.996193918368191
  outer loop
    vertex 3.00000000000156 41.3743700000141 103.059288132604
    vertex 6.00000000000151 41.1052200000141 103.082838132603
    vertex 6.00000000000151 41.3743700000141 103.059288132604
  endloop
endfacet
facet normal 5.85443745233842e-029 0.258821185264495 0.965925252831854
  outer loop
    vertex 6.00000000000151 40.8442400000141 103.152768132603
    vertex 3.00000000000156 41.1052200000141 103.082838132603
    vertex 3.00000000000156 40.8442400000141 103.152768132603
  endloop
endfacet
facet normal 5.85443745233842e-029 0.258821185264495 0.965925252831854
  outer loop
    vertex 3.00000000000156 41.1052200000141 103.082838132603
    vertex 6.00000000000151 40.8442400000141 103.152768132603
    vertex 6.00000000000151 41.1052200000141 103.082838132603
  endloop
endfacet
facet normal 0.0 0.819151926656671 0.573576604347374
  outer loop
    vertex 3.00000000000156 40.0320300000136 103.834288132603
    vertex 6.00000000000151 40.1870000000138 103.612968132603
    vertex 3.00000000000156 40.1870000000138 103.612968132603
  endloop
endfacet
facet normal 0.0 0.819151926656671 0.573576604347374
  outer loop
    vertex 6.00000000000151 40.1870000000138 103.612968132603
    vertex 3.00000000000156 40.0320300000136 103.834288132603
    vertex 6.00000000000151 40.0320300000136 103.834288132603
  endloop
endfacet
facet normal 0.0 0.996194199562352 -0.0871614407770165
  outer loop
    vertex 3.00000000000156 39.8479200000129 104.878448132603
    vertex 6.00000000000151 39.8243700000131 104.609288132603
    vertex 3.00000000000156 39.8243700000131 104.609288132603
  endloop
endfacet
facet normal 0.0 0.996194199562352 -0.0871614407770165
  outer loop
    vertex 6.00000000000151 39.8243700000131 104.609288132603
    vertex 3.00000000000156 39.8479200000129 104.878448132603
    vertex 6.00000000000151 39.8479200000129 104.878448132603
  endloop
endfacet
facet normal 0.0 -0.258830438521052 -0.965922773359755
  outer loop
    vertex 6.00000000000151 41.9045000000121 106.065808132604
    vertex 3.00000000000156 41.6435300000121 106.135738132604
    vertex 3.00000000000156 41.9045000000121 106.065808132604
  endloop
endfacet
facet normal 0.0 -0.258830438521052 -0.965922773359755
  outer loop
    vertex 3.00000000000156 41.6435300000121 106.135738132604
    vertex 6.00000000000151 41.9045000000121 106.065808132604
    vertex 6.00000000000151 41.6435300000121 106.135738132604
  endloop
endfacet
facet normal 2.22893102773096e-018 -0.573576604346298 -0.819151926657424
  outer loop
    vertex 6.00000000000151 42.3706900000123 105.796658132604
    vertex 3.00000000000156 42.1493700000122 105.951628132604
    vertex 3.00000000000156 42.3706900000123 105.796658132604
  endloop
endfacet
facet normal 2.22893102773096e-018 -0.573576604346298 -0.819151926657424
  outer loop
    vertex 3.00000000000156 42.1493700000122 105.951628132604
    vertex 6.00000000000151 42.3706900000123 105.796658132604
    vertex 6.00000000000151 42.1493700000122 105.951628132604
  endloop
endfacet
facet normal 1.85289071822818e-028 -0.819151926656671 -0.573576604347374
  outer loop
    vertex 6.00000000000151 42.5617400000124 105.605608132604
    vertex 3.00000000000156 42.7167100000126 105.384288132604
    vertex 6.00000000000151 42.7167100000126 105.384288132604
  endloop
endfacet
facet normal 1.85289071822818e-028 -0.819151926656671 -0.573576604347374
  outer loop
    vertex 3.00000000000156 42.7167100000126 105.384288132604
    vertex 6.00000000000151 42.5617400000124 105.605608132604
    vertex 3.00000000000156 42.5617400000124 105.605608132604
  endloop
endfacet
facet normal 0.0 0.965925252831468 0.258821185265939
  outer loop
    vertex 3.00000000000156 39.8479200000133 104.340138132603
    vertex 6.00000000000151 39.9178500000135 104.079158132603
    vertex 3.00000000000156 39.9178500000135 104.079158132603
  endloop
endfacet
facet normal 0.0 0.965925252831468 0.258821185265939
  outer loop
    vertex 6.00000000000151 39.9178500000135 104.079158132603
    vertex 3.00000000000156 39.8479200000133 104.340138132603
    vertex 6.00000000000151 39.8479200000133 104.340138132603
  endloop
endfacet
facet normal 0.0 0.573576604346315 0.819151926657413
  outer loop
    vertex 6.00000000000151 40.3780500000139 103.421918132603
    vertex 3.00000000000156 40.599370000014 103.266948132603
    vertex 3.00000000000156 40.3780500000139 103.421918132603
  endloop
endfacet
facet normal 0.0 0.573576604346315 0.819151926657413
  outer loop
    vertex 3.00000000000156 40.599370000014 103.266948132603
    vertex 6.00000000000151 40.3780500000139 103.421918132603
    vertex 6.00000000000151 40.599370000014 103.266948132603
  endloop
endfacet
facet normal 0.0 0.996193918368065 0.0871646545709905
  outer loop
    vertex 3.00000000000156 39.8243700000131 104.609288132603
    vertex 6.00000000000151 39.8479200000133 104.340138132603
    vertex 3.00000000000156 39.8479200000133 104.340138132603
  endloop
endfacet
facet normal 0.0 0.996193918368065 0.0871646545709905
  outer loop
    vertex 6.00000000000151 39.8479200000133 104.340138132603
    vertex 3.00000000000156 39.8243700000131 104.609288132603
    vertex 6.00000000000151 39.8243700000131 104.609288132603
  endloop
endfacet
facet normal -4.77956919029428e-029 0.90631452959664 -0.422603801972985
  outer loop
    vertex 3.00000000000156 40.0320300000126 105.384288132603
    vertex 6.00000000000151 39.9178500000128 105.139418132603
    vertex 3.00000000000156 39.9178500000128 105.139418132603
  endloop
endfacet
facet normal -4.77956919029428e-029 0.90631452959664 -0.422603801972985
  outer loop
    vertex 6.00000000000151 39.9178500000128 105.139418132603
    vertex 3.00000000000156 40.0320300000126 105.384288132603
    vertex 6.00000000000151 40.0320300000126 105.384288132603
  endloop
endfacet
facet normal 0.0 0.422603801973207 0.906314529596536
  outer loop
    vertex 6.00000000000151 40.599370000014 103.266948132603
    vertex 3.00000000000156 40.8442400000141 103.152768132603
    vertex 3.00000000000156 40.599370000014 103.266948132603
  endloop
endfacet
facet normal 0.0 0.422603801973207 0.906314529596536
  outer loop
    vertex 3.00000000000156 40.8442400000141 103.152768132603
    vertex 6.00000000000151 40.599370000014 103.266948132603
    vertex 6.00000000000151 40.8442400000141 103.152768132603
  endloop
endfacet
facet normal 0.0 0.707106781187132 -0.707106781185963
  outer loop
    vertex 3.00000000000156 40.3780500000123 105.796658132603
    vertex 6.00000000000151 40.1870000000125 105.605608132603
    vertex 3.00000000000156 40.1870000000125 105.605608132603
  endloop
endfacet
facet normal 0.0 0.707106781187132 -0.707106781185963
  outer loop
    vertex 6.00000000000151 40.1870000000125 105.605608132603
    vertex 3.00000000000156 40.3780500000123 105.796658132603
    vertex 6.00000000000151 40.3780500000123 105.796658132603
  endloop
endfacet
facet normal -1.97155886899144e-029 -0.087161440778101 0.996194199562257
  outer loop
    vertex 6.00000000000151 41.3743700000141 103.059288132604
    vertex 3.00000000000156 41.6435300000141 103.082838132604
    vertex 3.00000000000156 41.3743700000141 103.059288132604
  endloop
endfacet
facet normal -1.97155886899144e-029 -0.087161440778101 0.996194199562257
  outer loop
    vertex 3.00000000000156 41.6435300000141 103.082838132604
    vertex 6.00000000000151 41.3743700000141 103.059288132604
    vertex 6.00000000000151 41.6435300000141 103.082838132604
  endloop
endfacet
facet normal 2.47761316772133e-028 0.965922773359716 -0.258830438521197
  outer loop
    vertex 3.00000000000156 39.9178500000128 105.139418132603
    vertex 6.00000000000151 39.8479200000129 104.878448132603
    vertex 3.00000000000156 39.8479200000129 104.878448132603
  endloop
endfacet
facet normal 2.47761316772133e-028 0.965922773359716 -0.258830438521197
  outer loop
    vertex 6.00000000000151 39.8479200000129 104.878448132603
    vertex 3.00000000000156 39.9178500000128 105.139418132603
    vertex 6.00000000000151 39.9178500000128 105.139418132603
  endloop
endfacet
facet normal 0.0 0.573576604347222 -0.819151926656777
  outer loop
    vertex 6.00000000000151 40.5993700000122 105.951628132603
    vertex 3.00000000000156 40.3780500000123 105.796658132603
    vertex 3.00000000000156 40.5993700000122 105.951628132603
  endloop
endfacet
facet normal 0.0 0.573576604347222 -0.819151926656777
  outer loop
    vertex 3.00000000000156 40.3780500000123 105.796658132603
    vertex 6.00000000000151 40.5993700000122 105.951628132603
    vertex 6.00000000000151 40.3780500000123 105.796658132603
  endloop
endfacet
facet normal 2.05004923389228e-028 0.906314529596065 0.422603801974217
  outer loop
    vertex 3.00000000000156 39.9178500000135 104.079158132603
    vertex 6.00000000000151 40.0320300000136 103.834288132603
    vertex 3.00000000000156 40.0320300000136 103.834288132603
  endloop
endfacet
facet normal 2.05004923389228e-028 0.906314529596065 0.422603801974217
  outer loop
    vertex 6.00000000000151 40.0320300000136 103.834288132603
    vertex 3.00000000000156 39.9178500000135 104.079158132603
    vertex 6.00000000000151 39.9178500000135 104.079158132603
  endloop
endfacet
facet normal 1.85289071822962e-028 0.819151926657307 -0.573576604346466
  outer loop
    vertex 3.00000000000156 40.1870000000125 105.605608132603
    vertex 6.00000000000151 40.0320300000126 105.384288132603
    vertex 3.00000000000156 40.0320300000126 105.384288132603
  endloop
endfacet
facet normal 1.85289071822962e-028 0.819151926657307 -0.573576604346466
  outer loop
    vertex 6.00000000000151 40.0320300000126 105.384288132603
    vertex 3.00000000000156 40.1870000000125 105.605608132603
    vertex 6.00000000000151 40.1870000000125 105.605608132603
  endloop
endfacet
facet normal 0.0 0.258821185265783 -0.965925252831509
  outer loop
    vertex 6.00000000000151 41.1052200000121 106.135738132603
    vertex 3.00000000000156 40.8442400000121 106.065808132603
    vertex 3.00000000000156 41.1052200000121 106.135738132603
  endloop
endfacet
facet normal 0.0 0.258821185265783 -0.965925252831509
  outer loop
    vertex 3.00000000000156 40.8442400000121 106.065808132603
    vertex 6.00000000000151 41.1052200000121 106.135738132603
    vertex 6.00000000000151 40.8442400000121 106.065808132603
  endloop
endfacet
facet normal 0.0 0.422603801974386 -0.906314529595986
  outer loop
    vertex 6.00000000000151 40.8442400000121 106.065808132603
    vertex 3.00000000000156 40.5993700000122 105.951628132603
    vertex 3.00000000000156 40.8442400000121 106.065808132603
  endloop
endfacet
facet normal 0.0 0.422603801974386 -0.906314529595986
  outer loop
    vertex 3.00000000000156 40.5993700000122 105.951628132603
    vertex 6.00000000000151 40.8442400000121 106.065808132603
    vertex 6.00000000000151 40.5993700000122 105.951628132603
  endloop
endfacet
facet normal -1.97163156377053e-029 0.0871646545708931 -0.996193918368074
  outer loop
    vertex 6.00000000000151 41.3743700000121 106.159288132604
    vertex 3.00000000000156 41.1052200000121 106.135738132603
    vertex 3.00000000000156 41.3743700000121 106.159288132604
  endloop
endfacet
facet normal -1.97163156377053e-029 0.0871646545708931 -0.996193918368074
  outer loop
    vertex 3.00000000000156 41.1052200000121 106.135738132603
    vertex 6.00000000000151 41.3743700000121 106.159288132604
    vertex 6.00000000000151 41.1052200000121 106.135738132603
  endloop
endfacet
facet normal 0.0 -0.0871614407769409 -0.996194199562358
  outer loop
    vertex 6.00000000000151 41.6435300000121 106.135738132604
    vertex 3.00000000000156 41.3743700000121 106.159288132604
    vertex 3.00000000000156 41.6435300000121 106.135738132604
  endloop
endfacet
facet normal 0.0 -0.0871614407769409 -0.996194199562358
  outer loop
    vertex 3.00000000000156 41.3743700000121 106.159288132604
    vertex 6.00000000000151 41.6435300000121 106.135738132604
    vertex 6.00000000000151 41.3743700000121 106.159288132604
  endloop
endfacet
facet normal 0.0 -0.422603801973239 -0.906314529596521
  outer loop
    vertex 6.00000000000151 42.1493700000122 105.951628132604
    vertex 3.00000000000156 41.9045000000121 106.065808132604
    vertex 3.00000000000156 42.1493700000122 105.951628132604
  endloop
endfacet
facet normal 0.0 -0.422603801973239 -0.906314529596521
  outer loop
    vertex 3.00000000000156 41.9045000000121 106.065808132604
    vertex 6.00000000000151 42.1493700000122 105.951628132604
    vertex 6.00000000000151 41.9045000000121 106.065808132604
  endloop
endfacet
facet normal -7.9972441559485e-029 -0.707106781185984 -0.707106781187111
  outer loop
    vertex 6.00000000000151 42.5617400000124 105.605608132604
    vertex 3.00000000000156 42.3706900000123 105.796658132604
    vertex 3.00000000000156 42.5617400000124 105.605608132604
  endloop
endfacet
facet normal -7.9972441559485e-029 -0.707106781185984 -0.707106781187111
  outer loop
    vertex 3.00000000000156 42.3706900000123 105.796658132604
    vertex 6.00000000000151 42.5617400000124 105.605608132604
    vertex 6.00000000000151 42.3706900000123 105.796658132604
  endloop
endfacet
facet normal 1.64224746895517e-018 -0.906314529596073 -0.422603801974201
  outer loop
    vertex 6.00000000000151 42.7167100000126 105.384288132604
    vertex 3.00000000000156 42.8308900000127 105.139418132605
    vertex 6.00000000000151 42.8308900000127 105.139418132605
  endloop
endfacet
facet normal 1.64224746895517e-018 -0.906314529596073 -0.422603801974201
  outer loop
    vertex 3.00000000000156 42.8308900000127 105.139418132605
    vertex 6.00000000000151 42.7167100000126 105.384288132604
    vertex 3.00000000000156 42.7167100000126 105.384288132604
  endloop
endfacet
facet normal -1.00582065415974e-018 -0.965922773359375 -0.25883043852247
  outer loop
    vertex 6.00000000000151 42.8308900000127 105.139418132605
    vertex 3.00000000000156 42.9008200000129 104.878448132605
    vertex 6.00000000000151 42.9008200000129 104.878448132605
  endloop
endfacet
facet normal -1.00582065415974e-018 -0.965922773359375 -0.25883043852247
  outer loop
    vertex 3.00000000000156 42.9008200000129 104.878448132605
    vertex 6.00000000000151 42.8308900000127 105.139418132605
    vertex 3.00000000000156 42.8308900000127 105.139418132605
  endloop
endfacet
facet normal 3.38711234362788e-019 -0.996194199562257 -0.0871614407780974
  outer loop
    vertex 6.00000000000151 42.9008200000129 104.878448132605
    vertex 3.00000000000156 42.9243700000131 104.609288132605
    vertex 6.00000000000151 42.9243700000131 104.609288132605
  endloop
endfacet
facet normal 3.38711234362788e-019 -0.996194199562257 -0.0871614407780974
  outer loop
    vertex 3.00000000000156 42.9243700000131 104.609288132605
    vertex 6.00000000000151 42.9008200000129 104.878448132605
    vertex 3.00000000000156 42.9008200000129 104.878448132605
  endloop
endfacet
facet normal 4.77956919029272e-029 -0.906314529596704 0.422603801972848
  outer loop
    vertex 6.00000000000151 42.8308900000134 104.079158132605
    vertex 3.00000000000156 42.7167100000136 103.834288132604
    vertex 6.00000000000151 42.7167100000136 103.834288132604
  endloop
endfacet
facet normal 4.77956919029272e-029 -0.906314529596704 0.422603801972848
  outer loop
    vertex 3.00000000000156 42.7167100000136 103.834288132604
    vertex 6.00000000000151 42.8308900000134 104.079158132605
    vertex 3.00000000000156 42.8308900000134 104.079158132605
  endloop
endfacet
facet normal 0.0 -0.819151926657134 -0.573576604346713
  outer loop
    vertex 6.00000000000151 42.5617399999969 130.354348132603
    vertex 3.00000000000156 42.7167099999968 130.133028132603
    vertex 6.00000000000151 42.7167099999968 130.133028132603
  endloop
endfacet
facet normal 0.0 -0.819151926657134 -0.573576604346713
  outer loop
    vertex 3.00000000000156 42.7167099999968 130.133028132603
    vertex 6.00000000000151 42.5617399999969 130.354348132603
    vertex 3.00000000000156 42.5617399999969 130.354348132603
  endloop
endfacet
facet normal 0.0 -0.707106781186882 0.707106781186214
  outer loop
    vertex 6.00000000000151 42.5617400000138 103.612968132604
    vertex 3.00000000000156 42.3706900000139 103.421918132604
    vertex 6.00000000000151 42.3706900000139 103.421918132604
  endloop
endfacet
facet normal 0.0 -0.707106781186882 0.707106781186214
  outer loop
    vertex 3.00000000000156 42.3706900000139 103.421918132604
    vertex 6.00000000000151 42.5617400000138 103.612968132604
    vertex 3.00000000000156 42.5617400000138 103.612968132604
  endloop
endfacet
facet normal 0.0 0.0871614407776867 0.996194199562293
  outer loop
    vertex 6.00000000000151 41.1052099999967 127.831578132604
    vertex 3.00000000000156 41.3743699999967 127.808028132604
    vertex 3.00000000000156 41.1052099999967 127.831578132604
  endloop
endfacet
facet normal 0.0 0.0871614407776867 0.996194199562293
  outer loop
    vertex 3.00000000000156 41.3743699999967 127.808028132604
    vertex 6.00000000000151 41.1052099999967 127.831578132604
    vertex 6.00000000000151 41.3743699999967 127.808028132604
  endloop
endfacet
facet normal 0.0 -0.906314529596176 -0.422603801973979
  outer loop
    vertex 6.00000000000151 42.7167099999968 130.133028132603
    vertex 3.00000000000156 42.8308899999969 129.888158132604
    vertex 6.00000000000151 42.8308899999969 129.888158132604
  endloop
endfacet
facet normal 0.0 -0.906314529596176 -0.422603801973979
  outer loop
    vertex 3.00000000000156 42.8308899999969 129.888158132604
    vertex 6.00000000000151 42.7167099999968 130.133028132603
    vertex 3.00000000000156 42.7167099999968 130.133028132603
  endloop
endfacet
facet normal 1.6422474690033e-018 -0.422603801974286 0.906314529596033
  outer loop
    vertex 6.00000000000151 41.9045000000141 103.152768132604
    vertex 3.00000000000156 42.149370000014 103.266948132604
    vertex 3.00000000000156 41.9045000000141 103.152768132604
  endloop
endfacet
facet normal 1.6422474690033e-018 -0.422603801974286 0.906314529596033
  outer loop
    vertex 3.00000000000156 42.149370000014 103.266948132604
    vertex 6.00000000000151 41.9045000000141 103.152768132604
    vertex 6.00000000000151 42.149370000014 103.266948132604
  endloop
endfacet
facet normal -9.38399170765856e-019 0.258830438521873 0.965922773359535
  outer loop
    vertex 6.00000000000151 40.8442399999967 127.901508132604
    vertex 3.00000000000156 41.1052099999967 127.831578132604
    vertex 3.00000000000156 40.8442399999967 127.901508132604
  endloop
endfacet
facet normal -9.38399170765856e-019 0.258830438521873 0.965922773359535
  outer loop
    vertex 3.00000000000156 41.1052099999967 127.831578132604
    vertex 6.00000000000151 40.8442399999967 127.901508132604
    vertex 6.00000000000151 41.1052099999967 127.831578132604
  endloop
endfacet
facet normal -2.22893102774247e-018 0.81915192665703 0.573576604346861
  outer loop
    vertex 3.00000000000156 40.0320299999968 128.583028132604
    vertex 6.00000000000151 40.1869999999968 128.361708132604
    vertex 3.00000000000156 40.1869999999968 128.361708132604
  endloop
endfacet
facet normal -2.22893102774247e-018 0.81915192665703 0.573576604346861
  outer loop
    vertex 6.00000000000151 40.1869999999968 128.361708132604
    vertex 3.00000000000156 40.0320299999968 128.583028132604
    vertex 6.00000000000151 40.0320299999968 128.583028132604
  endloop
endfacet
facet normal -1.7609788830544e-018 0.422603801973707 -0.906314529596303
  outer loop
    vertex 6.00000000000151 40.8442399999969 130.814548132604
    vertex 3.00000000000156 40.5993699999969 130.700368132604
    vertex 3.00000000000156 40.8442399999969 130.814548132604
  endloop
endfacet
facet normal -1.7609788830544e-018 0.422603801973707 -0.906314529596303
  outer loop
    vertex 3.00000000000156 40.5993699999969 130.700368132604
    vertex 6.00000000000151 40.8442399999969 130.814548132604
    vertex 6.00000000000151 40.5993699999969 130.700368132604
  endloop
endfacet
facet normal -2.41952005987496e-019 0.0871614407773894 -0.996194199562319
  outer loop
    vertex 6.00000000000151 41.3743699999969 130.908028132604
    vertex 3.00000000000156 41.1052099999969 130.884478132604
    vertex 3.00000000000156 41.3743699999969 130.908028132604
  endloop
endfacet
facet normal -2.41952005987496e-019 0.0871614407773894 -0.996194199562319
  outer loop
    vertex 3.00000000000156 41.1052099999969 130.884478132604
    vertex 6.00000000000151 41.3743699999969 130.908028132604
    vertex 6.00000000000151 41.1052099999969 130.884478132604
  endloop
endfacet
facet normal 0.0 -0.258821185265238 -0.965925252831655
  outer loop
    vertex 6.00000000000151 41.9044999999969 130.814548132604
    vertex 3.00000000000156 41.6435199999969 130.884478132604
    vertex 3.00000000000156 41.9044999999969 130.814548132604
  endloop
endfacet
facet normal 0.0 -0.258821185265238 -0.965925252831655
  outer loop
    vertex 3.00000000000156 41.6435199999969 130.884478132604
    vertex 6.00000000000151 41.9044999999969 130.814548132604
    vertex 6.00000000000151 41.6435199999969 130.884478132604
  endloop
endfacet
facet normal -2.22893102790017e-018 -0.573576604346909 -0.819151926656997
  outer loop
    vertex 6.00000000000151 42.3706899999969 130.545398132603
    vertex 3.00000000000156 42.1493699999968 130.700368132604
    vertex 3.00000000000156 42.3706899999969 130.545398132603
  endloop
endfacet
facet normal -2.22893102790017e-018 -0.573576604346909 -0.819151926656997
  outer loop
    vertex 3.00000000000156 42.1493699999968 130.700368132604
    vertex 6.00000000000151 42.3706899999969 130.545398132603
    vertex 6.00000000000151 42.1493699999968 130.700368132604
  endloop
endfacet
facet normal -2.22893102773287e-018 0.573576604346791 0.819151926657079
  outer loop
    vertex 6.00000000000151 40.3780499999968 128.170658132604
    vertex 3.00000000000156 40.5993699999967 128.015688132604
    vertex 3.00000000000156 40.3780499999968 128.170658132604
  endloop
endfacet
facet normal -2.22893102773287e-018 0.573576604346791 0.819151926657079
  outer loop
    vertex 3.00000000000156 40.5993699999967 128.015688132604
    vertex 6.00000000000151 40.3780499999968 128.170658132604
    vertex 6.00000000000151 40.5993699999967 128.015688132604
  endloop
endfacet
facet normal 0.0 -0.0871646545701546 0.996193918368139
  outer loop
    vertex 6.00000000000151 41.3743699999967 127.808028132604
    vertex 3.00000000000156 41.6435199999967 127.831578132604
    vertex 3.00000000000156 41.3743699999967 127.808028132604
  endloop
endfacet
facet normal 0.0 -0.0871646545701546 0.996193918368139
  outer loop
    vertex 3.00000000000156 41.6435199999967 127.831578132604
    vertex 6.00000000000151 41.3743699999967 127.808028132604
    vertex 6.00000000000151 41.6435199999967 127.831578132604
  endloop
endfacet
facet normal 1.37391608439563e-018 0.707106781186694 0.707106781186401
  outer loop
    vertex 3.00000000000156 40.1869999999968 128.361708132604
    vertex 6.00000000000151 40.3780499999968 128.170658132604
    vertex 3.00000000000156 40.3780499999968 128.170658132604
  endloop
endfacet
facet normal 1.37391608439563e-018 0.707106781186694 0.707106781186401
  outer loop
    vertex 6.00000000000151 40.3780499999968 128.170658132604
    vertex 3.00000000000156 40.1869999999968 128.361708132604
    vertex 6.00000000000151 40.1869999999968 128.361708132604
  endloop
endfacet
facet normal 1.00578469571444e-018 0.965925252831707 0.258821185265046
  outer loop
    vertex 3.00000000000156 39.8479199999968 129.088878132604
    vertex 6.00000000000151 39.9178499999967 128.827898132604
    vertex 3.00000000000156 39.9178499999967 128.827898132604
  endloop
endfacet
facet normal 1.00578469571444e-018 0.965925252831707 0.258821185265046
  outer loop
    vertex 6.00000000000151 39.9178499999967 128.827898132604
    vertex 3.00000000000156 39.8479199999968 129.088878132604
    vertex 6.00000000000151 39.8479199999968 129.088878132604
  endloop
endfacet
facet normal 0.0 -0.258830438522558 0.965922773359351
  outer loop
    vertex 6.00000000000151 41.6435300000141 103.082838132604
    vertex 3.00000000000156 41.9045000000141 103.152768132604
    vertex 3.00000000000156 41.6435300000141 103.082838132604
  endloop
endfacet
facet normal 0.0 -0.258830438522558 0.965922773359351
  outer loop
    vertex 3.00000000000156 41.9045000000141 103.152768132604
    vertex 6.00000000000151 41.6435300000141 103.082838132604
    vertex 6.00000000000151 41.9045000000141 103.152768132604
  endloop
endfacet
facet normal 0.0 0.996194199562307 -0.0871614407775282
  outer loop
    vertex 3.00000000000156 39.8479199999968 129.627188132604
    vertex 6.00000000000151 39.8243699999968 129.358028132604
    vertex 3.00000000000156 39.8243699999968 129.358028132604
  endloop
endfacet
facet normal 0.0 0.996194199562307 -0.0871614407775282
  outer loop
    vertex 6.00000000000151 39.8243699999968 129.358028132604
    vertex 3.00000000000156 39.8479199999968 129.627188132604
    vertex 6.00000000000151 39.8479199999968 129.627188132604
  endloop
endfacet
facet normal 0.0 -0.573576604347491 0.819151926656589
  outer loop
    vertex 6.00000000000151 42.149370000014 103.266948132604
    vertex 3.00000000000156 42.3706900000139 103.421918132604
    vertex 3.00000000000156 42.149370000014 103.266948132604
  endloop
endfacet
facet normal 0.0 -0.573576604347491 0.819151926656589
  outer loop
    vertex 3.00000000000156 42.3706900000139 103.421918132604
    vertex 6.00000000000151 42.149370000014 103.266948132604
    vertex 6.00000000000151 42.3706900000139 103.421918132604
  endloop
endfacet
facet normal 4.77956919030234e-029 0.906314529596307 0.422603801973698
  outer loop
    vertex 3.00000000000156 39.9178499999967 128.827898132604
    vertex 6.00000000000151 40.0320299999968 128.583028132604
    vertex 3.00000000000156 40.0320299999968 128.583028132604
  endloop
endfacet
facet normal 4.77956919030234e-029 0.906314529596307 0.422603801973698
  outer loop
    vertex 6.00000000000151 40.0320299999968 128.583028132604
    vertex 3.00000000000156 39.9178499999967 128.827898132604
    vertex 6.00000000000151 39.9178499999967 128.827898132604
  endloop
endfacet
facet normal -6.74214829538089e-020 0.965922773359585 -0.258830438521686
  outer loop
    vertex 3.00000000000156 39.9178499999968 129.888158132604
    vertex 6.00000000000151 39.8479199999968 129.627188132604
    vertex 3.00000000000156 39.8479199999968 129.627188132604
  endloop
endfacet
facet normal -6.74214829538089e-020 0.965922773359585 -0.258830438521686
  outer loop
    vertex 6.00000000000151 39.8479199999968 129.627188132604
    vertex 3.00000000000156 39.9178499999968 129.888158132604
    vertex 6.00000000000151 39.9178499999968 129.888158132604
  endloop
endfacet
facet normal -1.76097888305443e-018 0.422603801973675 0.906314529596318
  outer loop
    vertex 6.00000000000151 40.5993699999967 128.015688132604
    vertex 3.00000000000156 40.8442399999967 127.901508132604
    vertex 3.00000000000156 40.5993699999967 128.015688132604
  endloop
endfacet
facet normal -1.76097888305443e-018 0.422603801973675 0.906314529596318
  outer loop
    vertex 3.00000000000156 40.8442399999967 127.901508132604
    vertex 6.00000000000151 40.5993699999967 128.015688132604
    vertex 6.00000000000151 40.8442399999967 127.901508132604
  endloop
endfacet
facet normal 3.38723723433432e-019 0.99619391836814 0.0871646545701364
  outer loop
    vertex 3.00000000000156 39.8243699999968 129.358028132604
    vertex 6.00000000000151 39.8479199999968 129.088878132604
    vertex 3.00000000000156 39.8479199999968 129.088878132604
  endloop
endfacet
facet normal 3.38723723433432e-019 0.99619391836814 0.0871646545701364
  outer loop
    vertex 6.00000000000151 39.8479199999968 129.088878132604
    vertex 3.00000000000156 39.8243699999968 129.358028132604
    vertex 6.00000000000151 39.8243699999968 129.358028132604
  endloop
endfacet
facet normal 0.0 0.819151926657012 -0.573576604346886
  outer loop
    vertex 3.00000000000156 40.1869999999968 130.354348132604
    vertex 6.00000000000151 40.0320299999968 130.133028132604
    vertex 3.00000000000156 40.0320299999968 130.133028132604
  endloop
endfacet
facet normal 0.0 0.819151926657012 -0.573576604346886
  outer loop
    vertex 6.00000000000151 40.0320299999968 130.133028132604
    vertex 3.00000000000156 40.1869999999968 130.354348132604
    vertex 6.00000000000151 40.1869999999968 130.354348132604
  endloop
endfacet
facet normal 0.0 0.906314529596206 -0.422603801973915
  outer loop
    vertex 3.00000000000156 40.0320299999968 130.133028132604
    vertex 6.00000000000151 39.9178499999968 129.888158132604
    vertex 3.00000000000156 39.9178499999968 129.888158132604
  endloop
endfacet
facet normal 0.0 0.906314529596206 -0.422603801973915
  outer loop
    vertex 6.00000000000151 39.9178499999968 129.888158132604
    vertex 3.00000000000156 40.0320299999968 130.133028132604
    vertex 6.00000000000151 40.0320299999968 130.133028132604
  endloop
endfacet
facet normal 1.59944883118843e-028 0.707106781186548 -0.707106781186548
  outer loop
    vertex 3.00000000000156 40.3780499999969 130.545398132604
    vertex 6.00000000000151 40.1869999999968 130.354348132604
    vertex 3.00000000000156 40.1869999999968 130.354348132604
  endloop
endfacet
facet normal 1.59944883118843e-028 0.707106781186548 -0.707106781186548
  outer loop
    vertex 6.00000000000151 40.1869999999968 130.354348132604
    vertex 3.00000000000156 40.3780499999969 130.545398132604
    vertex 6.00000000000151 40.3780499999969 130.545398132604
  endloop
endfacet
facet normal 0.0 0.573576604346785 -0.819151926657083
  outer loop
    vertex 6.00000000000151 40.5993699999969 130.700368132604
    vertex 3.00000000000156 40.3780499999969 130.545398132604
    vertex 3.00000000000156 40.5993699999969 130.700368132604
  endloop
endfacet
facet normal 0.0 0.573576604346785 -0.819151926657083
  outer loop
    vertex 3.00000000000156 40.3780499999969 130.545398132604
    vertex 6.00000000000151 40.5993699999969 130.700368132604
    vertex 6.00000000000151 40.3780499999969 130.545398132604
  endloop
endfacet
facet normal -1.94421982506157e-018 0.258830438521813 -0.965922773359551
  outer loop
    vertex 6.00000000000151 41.1052099999969 130.884478132604
    vertex 3.00000000000156 40.8442399999969 130.814548132604
    vertex 3.00000000000156 41.1052099999969 130.884478132604
  endloop
endfacet
facet normal -1.94421982506157e-018 0.258830438521813 -0.965922773359551
  outer loop
    vertex 3.00000000000156 40.8442399999969 130.814548132604
    vertex 6.00000000000151 41.1052099999969 130.884478132604
    vertex 6.00000000000151 40.8442399999969 130.814548132604
  endloop
endfacet
facet normal 1.1266765082476e-028 -0.0871646545702789 -0.996193918368128
  outer loop
    vertex 6.00000000000151 41.6435199999969 130.884478132604
    vertex 3.00000000000156 41.3743699999969 130.908028132604
    vertex 3.00000000000156 41.6435199999969 130.884478132604
  endloop
endfacet
facet normal 1.1266765082476e-028 -0.0871646545702789 -0.996193918368128
  outer loop
    vertex 3.00000000000156 41.3743699999969 130.908028132604
    vertex 6.00000000000151 41.6435199999969 130.884478132604
    vertex 6.00000000000151 41.3743699999969 130.908028132604
  endloop
endfacet
facet normal 2.22893102798126e-018 -0.819151926657399 0.573576604346334
  outer loop
    vertex 6.00000000000151 42.7167100000136 103.834288132604
    vertex 3.00000000000156 42.5617400000138 103.612968132604
    vertex 6.00000000000151 42.5617400000138 103.612968132604
  endloop
endfacet
facet normal 2.22893102798126e-018 -0.819151926657399 0.573576604346334
  outer loop
    vertex 3.00000000000156 42.5617400000138 103.612968132604
    vertex 6.00000000000151 42.7167100000136 103.834288132604
    vertex 3.00000000000156 42.7167100000136 103.834288132604
  endloop
endfacet
facet normal 1.7609788830543e-018 -0.422603801973812 -0.906314529596254
  outer loop
    vertex 6.00000000000151 42.1493699999968 130.700368132604
    vertex 3.00000000000156 41.9044999999969 130.814548132604
    vertex 3.00000000000156 42.1493699999968 130.700368132604
  endloop
endfacet
facet normal 1.7609788830543e-018 -0.422603801973812 -0.906314529596254
  outer loop
    vertex 3.00000000000156 41.9044999999969 130.814548132604
    vertex 6.00000000000151 42.1493699999968 130.700368132604
    vertex 6.00000000000151 41.9044999999969 130.814548132604
  endloop
endfacet
facet normal -1.59944883118852e-028 -0.707106781186506 -0.707106781186589
  outer loop
    vertex 6.00000000000151 42.5617399999969 130.354348132603
    vertex 3.00000000000156 42.3706899999969 130.545398132603
    vertex 3.00000000000156 42.5617399999969 130.354348132603
  endloop
endfacet
facet normal -1.59944883118852e-028 -0.707106781186506 -0.707106781186589
  outer loop
    vertex 3.00000000000156 42.3706899999969 130.545398132603
    vertex 6.00000000000151 42.5617399999969 130.354348132603
    vertex 6.00000000000151 42.3706899999969 130.545398132603
  endloop
endfacet
facet normal 0.0 -0.965922773359609 -0.258830438521597
  outer loop
    vertex 6.00000000000151 42.8308899999969 129.888158132604
    vertex 3.00000000000156 42.9008199999968 129.627188132603
    vertex 6.00000000000151 42.9008199999968 129.627188132603
  endloop
endfacet
facet normal 0.0 -0.965922773359609 -0.258830438521597
  outer loop
    vertex 3.00000000000156 42.9008199999968 129.627188132603
    vertex 6.00000000000151 42.8308899999969 129.888158132604
    vertex 3.00000000000156 42.8308899999969 129.888158132604
  endloop
endfacet
facet normal 0.0 -0.573576604346925 -0.819151926656985
  outer loop
    vertex 6.00000000000151 17.6219500000131 105.796658132587
    vertex 3.00000000000156 17.4006300000132 105.951628132587
    vertex 3.00000000000156 17.6219500000131 105.796658132587
  endloop
endfacet
facet normal 0.0 -0.573576604346925 -0.819151926656985
  outer loop
    vertex 3.00000000000156 17.4006300000132 105.951628132587
    vertex 6.00000000000151 17.6219500000131 105.796658132587
    vertex 6.00000000000151 17.4006300000132 105.951628132587
  endloop
endfacet
facet normal 9.85815781877727e-030 -0.996193918368132 0.0871646545702266
  outer loop
    vertex 6.00000000000151 42.9243699999968 129.358028132603
    vertex 3.00000000000156 42.9008199999968 129.088878132603
    vertex 6.00000000000151 42.9008199999968 129.088878132603
  endloop
endfacet
facet normal 9.85815781877727e-030 -0.996193918368132 0.0871646545702266
  outer loop
    vertex 3.00000000000156 42.9008199999968 129.088878132603
    vertex 6.00000000000151 42.9243699999968 129.358028132603
    vertex 3.00000000000156 42.9243699999968 129.358028132603
  endloop
endfacet
facet normal 0.0 -0.90631452959627 0.422603801973778
  outer loop
    vertex 6.00000000000151 42.8308899999968 128.827898132603
    vertex 3.00000000000156 42.7167099999968 128.583028132604
    vertex 6.00000000000151 42.7167099999968 128.583028132604
  endloop
endfacet
facet normal 0.0 -0.90631452959627 0.422603801973778
  outer loop
    vertex 3.00000000000156 42.7167099999968 128.583028132604
    vertex 6.00000000000151 42.8308899999968 128.827898132603
    vertex 3.00000000000156 42.8308899999968 128.827898132603
  endloop
endfacet
facet normal 2.92721872617838e-029 0.965925252831637 -0.258821185265305
  outer loop
    vertex 3.00000000000156 15.1691100000131 105.139418132587
    vertex 6.00000000000151 15.0991800000131 104.878438132587
    vertex 3.00000000000156 15.0991800000131 104.878438132587
  endloop
endfacet
facet normal 2.92721872617838e-029 0.965925252831637 -0.258821185265305
  outer loop
    vertex 6.00000000000151 15.0991800000131 104.878438132587
    vertex 3.00000000000156 15.1691100000131 105.139418132587
    vertex 6.00000000000151 15.1691100000131 105.139418132587
  endloop
endfacet
facet normal -9.38401579914118e-019 0.258821185265142 0.965925252831681
  outer loop
    vertex 6.00000000000151 16.0955000000131 103.152768132587
    vertex 3.00000000000156 16.356480000013 103.082838132587
    vertex 3.00000000000156 16.0955000000131 103.152768132587
  endloop
endfacet
facet normal -9.38401579914118e-019 0.258821185265142 0.965925252831681
  outer loop
    vertex 3.00000000000156 16.356480000013 103.082838132587
    vertex 6.00000000000151 16.0955000000131 103.152768132587
    vertex 6.00000000000151 16.356480000013 103.082838132587
  endloop
endfacet
facet normal 0.0 0.258821185265217 -0.965925252831661
  outer loop
    vertex 6.00000000000151 16.3564800000131 106.135738132587
    vertex 3.00000000000156 16.0955000000131 106.065808132587
    vertex 3.00000000000156 16.3564800000131 106.135738132587
  endloop
endfacet
facet normal 0.0 0.258821185265217 -0.965925252831661
  outer loop
    vertex 3.00000000000156 16.0955000000131 106.065808132587
    vertex 6.00000000000151 16.3564800000131 106.135738132587
    vertex 6.00000000000151 16.0955000000131 106.065808132587
  endloop
endfacet
facet normal 0.0 0.996194199562299 0.0871614407776183
  outer loop
    vertex 3.00000000000156 15.0756300000131 104.609288132587
    vertex 6.00000000000151 15.0991800000131 104.340128132587
    vertex 3.00000000000156 15.0991800000131 104.340128132587
  endloop
endfacet
facet normal 0.0 0.996194199562299 0.0871614407776183
  outer loop
    vertex 6.00000000000151 15.0991800000131 104.340128132587
    vertex 3.00000000000156 15.0756300000131 104.609288132587
    vertex 6.00000000000151 15.0756300000131 104.609288132587
  endloop
endfacet
facet normal 0.0 0.996193918368133 -0.087164654570223
  outer loop
    vertex 3.00000000000156 15.0991800000131 104.878438132587
    vertex 6.00000000000151 15.0756300000131 104.609288132587
    vertex 3.00000000000156 15.0756300000131 104.609288132587
  endloop
endfacet
facet normal 0.0 0.996193918368133 -0.087164654570223
  outer loop
    vertex 6.00000000000151 15.0756300000131 104.609288132587
    vertex 3.00000000000156 15.0991800000131 104.878438132587
    vertex 6.00000000000151 15.0991800000131 104.878438132587
  endloop
endfacet
facet normal 0.0 0.0871646545702302 -0.996193918368132
  outer loop
    vertex 6.00000000000151 16.6256300000131 106.159288132587
    vertex 3.00000000000156 16.3564800000131 106.135738132587
    vertex 3.00000000000156 16.6256300000131 106.159288132587
  endloop
endfacet
facet normal 0.0 0.0871646545702302 -0.996193918368132
  outer loop
    vertex 3.00000000000156 16.3564800000131 106.135738132587
    vertex 6.00000000000151 16.6256300000131 106.159288132587
    vertex 6.00000000000151 16.3564800000131 106.135738132587
  endloop
endfacet
facet normal 0.0 -0.422603801973577 0.906314529596364
  outer loop
    vertex 6.00000000000151 41.9044999999967 127.901508132604
    vertex 3.00000000000156 42.1493699999968 128.015688132604
    vertex 3.00000000000156 41.9044999999967 127.901508132604
  endloop
endfacet
facet normal 0.0 -0.422603801973577 0.906314529596364
  outer loop
    vertex 3.00000000000156 42.1493699999968 128.015688132604
    vertex 6.00000000000151 41.9044999999967 127.901508132604
    vertex 6.00000000000151 42.1493699999968 128.015688132604
  endloop
endfacet
facet normal -5.85443745235604e-029 -0.258821185265274 0.965925252831646
  outer loop
    vertex 6.00000000000151 41.6435199999967 127.831578132604
    vertex 3.00000000000156 41.9044999999967 127.901508132604
    vertex 3.00000000000156 41.6435199999967 127.831578132604
  endloop
endfacet
facet normal -5.85443745235604e-029 -0.258821185265274 0.965925252831646
  outer loop
    vertex 3.00000000000156 41.9044999999967 127.901508132604
    vertex 6.00000000000151 41.6435199999967 127.831578132604
    vertex 6.00000000000151 41.9044999999967 127.901508132604
  endloop
endfacet
facet normal 0.0 0.0871646545702841 0.996193918368127
  outer loop
    vertex 6.00000000000151 16.356480000013 103.082838132587
    vertex 3.00000000000156 16.6256300000131 103.059288132587
    vertex 3.00000000000156 16.356480000013 103.082838132587
  endloop
endfacet
facet normal 0.0 0.0871646545702841 0.996193918368127
  outer loop
    vertex 3.00000000000156 16.6256300000131 103.059288132587
    vertex 6.00000000000151 16.356480000013 103.082838132587
    vertex 6.00000000000151 16.6256300000131 103.059288132587
  endloop
endfacet
facet normal 0.0 0.707106781186506 0.707106781186589
  outer loop
    vertex 6.00000000000151 15.4382600000131 103.612968132587
    vertex 3.00000000000156 15.6293100000131 103.421918132587
    vertex 3.00000000000156 15.4382600000131 103.612968132587
  endloop
endfacet
facet normal 0.0 0.707106781186506 0.707106781186589
  outer loop
    vertex 3.00000000000156 15.6293100000131 103.421918132587
    vertex 6.00000000000151 15.4382600000131 103.612968132587
    vertex 6.00000000000151 15.6293100000131 103.421918132587
  endloop
endfacet
facet normal -2.22893102779767e-018 0.819151926657093 0.573576604346771
  outer loop
    vertex 3.00000000000156 15.2832900000131 103.834288132587
    vertex 6.00000000000151 15.4382600000131 103.612968132587
    vertex 3.00000000000156 15.4382600000131 103.612968132587
  endloop
endfacet
facet normal -2.22893102779767e-018 0.819151926657093 0.573576604346771
  outer loop
    vertex 6.00000000000151 15.4382600000131 103.612968132587
    vertex 3.00000000000156 15.2832900000131 103.834288132587
    vertex 6.00000000000151 15.2832900000131 103.834288132587
  endloop
endfacet
facet normal -1.85289071822914e-028 -0.573576604346769 0.819151926657095
  outer loop
    vertex 6.00000000000151 42.1493699999968 128.015688132604
    vertex 3.00000000000156 42.3706899999968 128.170658132604
    vertex 3.00000000000156 42.1493699999968 128.015688132604
  endloop
endfacet
facet normal -1.85289071822914e-028 -0.573576604346769 0.819151926657095
  outer loop
    vertex 3.00000000000156 42.3706899999968 128.170658132604
    vertex 6.00000000000151 42.1493699999968 128.015688132604
    vertex 6.00000000000151 42.3706899999968 128.170658132604
  endloop
endfacet
facet normal -4.77956919030115e-029 0.906314529596356 -0.422603801973593
  outer loop
    vertex 3.00000000000156 15.2832900000131 105.384288132587
    vertex 6.00000000000151 15.1691100000131 105.139418132587
    vertex 3.00000000000156 15.1691100000131 105.139418132587
  endloop
endfacet
facet normal -4.77956919030115e-029 0.906314529596356 -0.422603801973593
  outer loop
    vertex 6.00000000000151 15.1691100000131 105.139418132587
    vertex 3.00000000000156 15.2832900000131 105.384288132587
    vertex 6.00000000000151 15.2832900000131 105.384288132587
  endloop
endfacet
facet normal 1.76097888284936e-018 0.422603801973744 -0.906314529596286
  outer loop
    vertex 6.00000000000151 16.0955000000131 106.065808132587
    vertex 3.00000000000156 15.8506300000131 105.951628132587
    vertex 3.00000000000156 16.0955000000131 106.065808132587
  endloop
endfacet
facet normal 1.76097888284936e-018 0.422603801973744 -0.906314529596286
  outer loop
    vertex 3.00000000000156 15.8506300000131 105.951628132587
    vertex 6.00000000000151 16.0955000000131 106.065808132587
    vertex 6.00000000000151 15.8506300000131 105.951628132587
  endloop
endfacet
facet normal -2.92721872617949e-029 -0.965925252831611 0.258821185265404
  outer loop
    vertex 6.00000000000151 42.9008199999968 129.088878132603
    vertex 3.00000000000156 42.8308899999968 128.827898132603
    vertex 6.00000000000151 42.8308899999968 128.827898132603
  endloop
endfacet
facet normal -2.92721872617949e-029 -0.965925252831611 0.258821185265404
  outer loop
    vertex 3.00000000000156 42.8308899999968 128.827898132603
    vertex 6.00000000000151 42.9008199999968 129.088878132603
    vertex 3.00000000000156 42.9008199999968 129.088878132603
  endloop
endfacet
facet normal 0.0 0.57357660434692 0.819151926656989
  outer loop
    vertex 6.00000000000151 15.6293100000131 103.421918132587
    vertex 3.00000000000156 15.8506300000131 103.266948132587
    vertex 3.00000000000156 15.6293100000131 103.421918132587
  endloop
endfacet
facet normal 0.0 0.57357660434692 0.819151926656989
  outer loop
    vertex 3.00000000000156 15.8506300000131 103.266948132587
    vertex 6.00000000000151 15.6293100000131 103.421918132587
    vertex 6.00000000000151 15.8506300000131 103.266948132587
  endloop
endfacet
facet normal 2.22893102780698e-018 -0.819151926657095 0.573576604346769
  outer loop
    vertex 6.00000000000151 42.7167099999968 128.583028132604
    vertex 3.00000000000156 42.5617399999968 128.361708132604
    vertex 6.00000000000151 42.5617399999968 128.361708132604
  endloop
endfacet
facet normal 2.22893102780698e-018 -0.819151926657095 0.573576604346769
  outer loop
    vertex 3.00000000000156 42.5617399999968 128.361708132604
    vertex 6.00000000000151 42.7167099999968 128.583028132604
    vertex 3.00000000000156 42.7167099999968 128.583028132604
  endloop
endfacet
facet normal 0.0 0.906314529596332 0.422603801973646
  outer loop
    vertex 3.00000000000156 15.1691100000131 104.079158132587
    vertex 6.00000000000151 15.2832900000131 103.834288132587
    vertex 3.00000000000156 15.2832900000131 103.834288132587
  endloop
endfacet
facet normal 0.0 0.906314529596332 0.422603801973646
  outer loop
    vertex 6.00000000000151 15.2832900000131 103.834288132587
    vertex 3.00000000000156 15.1691100000131 104.079158132587
    vertex 6.00000000000151 15.1691100000131 104.079158132587
  endloop
endfacet
facet normal 0.0 -0.0871614407776183 0.996194199562299
  outer loop
    vertex 6.00000000000151 16.6256300000131 103.059288132587
    vertex 3.00000000000156 16.8947900000131 103.082838132587
    vertex 3.00000000000156 16.6256300000131 103.059288132587
  endloop
endfacet
facet normal 0.0 -0.0871614407776183 0.996194199562299
  outer loop
    vertex 3.00000000000156 16.8947900000131 103.082838132587
    vertex 6.00000000000151 16.6256300000131 103.059288132587
    vertex 6.00000000000151 16.8947900000131 103.082838132587
  endloop
endfacet
facet normal 0.0 0.965922773359535 0.258830438521873
  outer loop
    vertex 3.00000000000156 15.0991800000131 104.340128132587
    vertex 6.00000000000151 15.1691100000131 104.079158132587
    vertex 3.00000000000156 15.1691100000131 104.079158132587
  endloop
endfacet
facet normal 0.0 0.965922773359535 0.258830438521873
  outer loop
    vertex 6.00000000000151 15.1691100000131 104.079158132587
    vertex 3.00000000000156 15.0991800000131 104.340128132587
    vertex 6.00000000000151 15.0991800000131 104.340128132587
  endloop
endfacet
facet normal 0.0 -0.707106781186506 0.707106781186589
  outer loop
    vertex 6.00000000000151 42.3706899999968 128.170658132604
    vertex 3.00000000000156 42.5617399999968 128.361708132604
    vertex 3.00000000000156 42.3706899999968 128.170658132604
  endloop
endfacet
facet normal 0.0 -0.707106781186506 0.707106781186589
  outer loop
    vertex 3.00000000000156 42.5617399999968 128.361708132604
    vertex 6.00000000000151 42.3706899999968 128.170658132604
    vertex 6.00000000000151 42.5617399999968 128.361708132604
  endloop
endfacet
facet normal 0.0 0.422603801973746 0.906314529596285
  outer loop
    vertex 6.00000000000151 15.8506300000131 103.266948132587
    vertex 3.00000000000156 16.0955000000131 103.152768132587
    vertex 3.00000000000156 15.8506300000131 103.266948132587
  endloop
endfacet
facet normal 0.0 0.422603801973746 0.906314529596285
  outer loop
    vertex 3.00000000000156 16.0955000000131 103.152768132587
    vertex 6.00000000000151 15.8506300000131 103.266948132587
    vertex 6.00000000000151 16.0955000000131 103.152768132587
  endloop
endfacet
facet normal 0.0 0.70710678118638 -0.707106781186715
  outer loop
    vertex 6.00000000000151 15.6293100000132 105.796658132587
    vertex 3.00000000000156 15.4382600000131 105.605608132587
    vertex 3.00000000000156 15.6293100000132 105.796658132587
  endloop
endfacet
facet normal 0.0 0.70710678118638 -0.707106781186715
  outer loop
    vertex 3.00000000000156 15.4382600000131 105.605608132587
    vertex 6.00000000000151 15.6293100000132 105.796658132587
    vertex 6.00000000000151 15.4382600000131 105.605608132587
  endloop
endfacet
facet normal 0.0 -0.0871614407776111 -0.9961941995623
  outer loop
    vertex 6.00000000000151 16.8947900000131 106.135738132587
    vertex 3.00000000000156 16.6256300000131 106.159288132587
    vertex 3.00000000000156 16.8947900000131 106.135738132587
  endloop
endfacet
facet normal 0.0 -0.0871614407776111 -0.9961941995623
  outer loop
    vertex 3.00000000000156 16.6256300000131 106.159288132587
    vertex 6.00000000000151 16.8947900000131 106.135738132587
    vertex 6.00000000000151 16.6256300000131 106.159288132587
  endloop
endfacet
facet normal 0.0 -0.258830438521753 -0.965922773359567
  outer loop
    vertex 6.00000000000151 17.1557600000131 106.065808132587
    vertex 3.00000000000156 16.8947900000131 106.135738132587
    vertex 3.00000000000156 17.1557600000131 106.065808132587
  endloop
endfacet
facet normal 0.0 -0.258830438521753 -0.965922773359567
  outer loop
    vertex 3.00000000000156 16.8947900000131 106.135738132587
    vertex 6.00000000000151 17.1557600000131 106.065808132587
    vertex 6.00000000000151 16.8947900000131 106.135738132587
  endloop
endfacet
facet normal 0.0 -0.996194199562308 -0.0871614407775137
  outer loop
    vertex 6.00000000000151 42.9008199999968 129.627188132603
    vertex 3.00000000000156 42.9243699999968 129.358028132603
    vertex 6.00000000000151 42.9243699999968 129.358028132603
  endloop
endfacet
facet normal 0.0 -0.996194199562308 -0.0871614407775137
  outer loop
    vertex 3.00000000000156 42.9243699999968 129.358028132603
    vertex 6.00000000000151 42.9008199999968 129.627188132603
    vertex 3.00000000000156 42.9008199999968 129.627188132603
  endloop
endfacet
facet normal 0.0 0.819151926657016 -0.573576604346881
  outer loop
    vertex 3.00000000000156 15.4382600000131 105.605608132587
    vertex 6.00000000000151 15.2832900000131 105.384288132587
    vertex 3.00000000000156 15.2832900000131 105.384288132587
  endloop
endfacet
facet normal 0.0 0.819151926657016 -0.573576604346881
  outer loop
    vertex 6.00000000000151 15.2832900000131 105.384288132587
    vertex 3.00000000000156 15.4382600000131 105.605608132587
    vertex 6.00000000000151 15.4382600000131 105.605608132587
  endloop
endfacet
facet normal -9.26445359114442e-029 0.573576604346931 -0.819151926656981
  outer loop
    vertex 6.00000000000151 15.8506300000131 105.951628132587
    vertex 3.00000000000156 15.6293100000132 105.796658132587
    vertex 3.00000000000156 15.8506300000131 105.951628132587
  endloop
endfacet
facet normal -9.26445359114442e-029 0.573576604346931 -0.819151926656981
  outer loop
    vertex 3.00000000000156 15.6293100000132 105.796658132587
    vertex 6.00000000000151 15.8506300000131 105.951628132587
    vertex 6.00000000000151 15.6293100000132 105.796658132587
  endloop
endfacet
facet normal 0.0 -0.422603801973714 -0.9063145295963
  outer loop
    vertex 6.00000000000151 17.4006300000132 105.951628132587
    vertex 3.00000000000156 17.1557600000131 106.065808132587
    vertex 3.00000000000156 17.4006300000132 105.951628132587
  endloop
endfacet
facet normal 0.0 -0.422603801973714 -0.9063145295963
  outer loop
    vertex 3.00000000000156 17.1557600000131 106.065808132587
    vertex 6.00000000000151 17.4006300000132 105.951628132587
    vertex 6.00000000000151 17.1557600000131 106.065808132587
  endloop
endfacet
facet normal -5.85443745234195e-029 0.965925252831813 -0.258821185264651
  outer loop
    vertex 3.00000000000156 15.1691099999965 129.888158132586
    vertex 6.00000000000151 15.0991799999966 129.627178132586
    vertex 3.00000000000156 15.0991799999966 129.627178132586
  endloop
endfacet
facet normal -5.85443745234195e-029 0.965925252831813 -0.258821185264651
  outer loop
    vertex 6.00000000000151 15.0991799999966 129.627178132586
    vertex 3.00000000000156 15.1691099999965 129.888158132586
    vertex 6.00000000000151 15.1691099999965 129.888158132586
  endloop
endfacet
facet normal 0.0 -0.707106781186422 0.707106781186673
  outer loop
    vertex 6.00000000000151 17.6219500000131 103.421918132587
    vertex 3.00000000000156 17.8130000000131 103.612968132587
    vertex 3.00000000000156 17.6219500000131 103.421918132587
  endloop
endfacet
facet normal 0.0 -0.707106781186422 0.707106781186673
  outer loop
    vertex 3.00000000000156 17.8130000000131 103.612968132587
    vertex 6.00000000000151 17.6219500000131 103.421918132587
    vertex 6.00000000000151 17.8130000000131 103.612968132587
  endloop
endfacet
facet normal 0.0 0.0871614407770165 0.996194199562352
  outer loop
    vertex 6.00000000000151 16.3564699999978 127.831578132587
    vertex 3.00000000000156 16.6256299999979 127.808028132587
    vertex 3.00000000000156 16.3564699999978 127.831578132587
  endloop
endfacet
facet normal 0.0 0.0871614407770165 0.996194199562352
  outer loop
    vertex 3.00000000000156 16.6256299999979 127.808028132587
    vertex 6.00000000000151 16.3564699999978 127.831578132587
    vertex 6.00000000000151 16.6256299999979 127.808028132587
  endloop
endfacet
facet normal 0.0 0.707106781185963 0.707106781187132
  outer loop
    vertex 6.00000000000151 15.4382599999975 128.361708132587
    vertex 3.00000000000156 15.6293099999977 128.170658132587
    vertex 3.00000000000156 15.4382599999975 128.361708132587
  endloop
endfacet
facet normal 0.0 0.707106781185963 0.707106781187132
  outer loop
    vertex 3.00000000000156 15.6293099999977 128.170658132587
    vertex 6.00000000000151 15.4382599999975 128.361708132587
    vertex 6.00000000000151 15.6293099999977 128.170658132587
  endloop
endfacet
facet normal 0.0 -0.707106781186464 -0.707106781186631
  outer loop
    vertex 6.00000000000151 17.8130000000131 105.605608132587
    vertex 3.00000000000156 17.6219500000131 105.796658132587
    vertex 3.00000000000156 17.8130000000131 105.605608132587
  endloop
endfacet
facet normal 0.0 -0.707106781186464 -0.707106781186631
  outer loop
    vertex 3.00000000000156 17.6219500000131 105.796658132587
    vertex 6.00000000000151 17.8130000000131 105.605608132587
    vertex 6.00000000000151 17.6219500000131 105.796658132587
  endloop
endfacet
facet normal -1.00578469574425e-018 -0.96592525283167 -0.258821185265185
  outer loop
    vertex 6.00000000000151 18.0821500000131 105.139418132587
    vertex 3.00000000000156 18.1520800000131 104.878438132587
    vertex 6.00000000000151 18.1520800000131 104.878438132587
  endloop
endfacet
facet normal -1.00578469574425e-018 -0.96592525283167 -0.258821185265185
  outer loop
    vertex 3.00000000000156 18.1520800000131 104.878438132587
    vertex 6.00000000000151 18.0821500000131 105.139418132587
    vertex 3.00000000000156 18.0821500000131 105.139418132587
  endloop
endfacet
facet normal 0.0 -0.90631452959627 -0.422603801973778
  outer loop
    vertex 6.00000000000151 17.9679700000131 105.384288132587
    vertex 3.00000000000156 18.0821500000131 105.139418132587
    vertex 6.00000000000151 18.0821500000131 105.139418132587
  endloop
endfacet
facet normal 0.0 -0.90631452959627 -0.422603801973778
  outer loop
    vertex 3.00000000000156 18.0821500000131 105.139418132587
    vertex 6.00000000000151 17.9679700000131 105.384288132587
    vertex 3.00000000000156 17.9679700000131 105.384288132587
  endloop
endfacet
facet normal 0.0 -0.087164654570976 0.996193918368067
  outer loop
    vertex 6.00000000000151 16.6256299999979 127.808028132587
    vertex 3.00000000000156 16.8947799999979 127.831578132588
    vertex 3.00000000000156 16.6256299999979 127.808028132587
  endloop
endfacet
facet normal 0.0 -0.087164654570976 0.996193918368067
  outer loop
    vertex 3.00000000000156 16.8947799999979 127.831578132588
    vertex 6.00000000000151 16.6256299999979 127.808028132587
    vertex 6.00000000000151 16.8947799999979 127.831578132588
  endloop
endfacet
facet normal -7.99724415593812e-029 0.707106781186902 -0.707106781186193
  outer loop
    vertex 3.00000000000156 15.6293099999961 130.545398132587
    vertex 6.00000000000151 15.4382599999961 130.354348132587
    vertex 3.00000000000156 15.4382599999961 130.354348132587
  endloop
endfacet
facet normal -7.99724415593812e-029 0.707106781186902 -0.707106781186193
  outer loop
    vertex 6.00000000000151 15.4382599999961 130.354348132587
    vertex 3.00000000000156 15.6293099999961 130.545398132587
    vertex 6.00000000000151 15.6293099999961 130.545398132587
  endloop
endfacet
facet normal 4.77956919030229e-029 -0.906314529596309 0.422603801973694
  outer loop
    vertex 6.00000000000151 18.0821500000131 104.079158132587
    vertex 3.00000000000156 17.9679700000131 103.834288132587
    vertex 6.00000000000151 17.9679700000131 103.834288132587
  endloop
endfacet
facet normal 4.77956919030229e-029 -0.906314529596309 0.422603801973694
  outer loop
    vertex 3.00000000000156 17.9679700000131 103.834288132587
    vertex 6.00000000000151 18.0821500000131 104.079158132587
    vertex 3.00000000000156 18.0821500000131 104.079158132587
  endloop
endfacet
facet normal -1.59162100747774e-018 0.573576604347385 -0.819151926656663
  outer loop
    vertex 6.00000000000151 15.850629999996 130.700368132587
    vertex 3.00000000000156 15.6293099999961 130.545398132587
    vertex 3.00000000000156 15.850629999996 130.700368132587
  endloop
endfacet
facet normal -1.59162100747774e-018 0.573576604347385 -0.819151926656663
  outer loop
    vertex 3.00000000000156 15.6293099999961 130.545398132587
    vertex 6.00000000000151 15.850629999996 130.700368132587
    vertex 6.00000000000151 15.6293099999961 130.545398132587
  endloop
endfacet
facet normal -1.02502461694612e-028 0.422603801974251 -0.906314529596049
  outer loop
    vertex 6.00000000000151 16.0954999999959 130.814548132587
    vertex 3.00000000000156 15.850629999996 130.700368132587
    vertex 3.00000000000156 16.0954999999959 130.814548132587
  endloop
endfacet
facet normal -1.02502461694612e-028 0.422603801974251 -0.906314529596049
  outer loop
    vertex 3.00000000000156 15.850629999996 130.700368132587
    vertex 6.00000000000151 16.0954999999959 130.814548132587
    vertex 6.00000000000151 15.850629999996 130.700368132587
  endloop
endfacet
facet normal 0.0 -0.573576604346847 0.81915192665704
  outer loop
    vertex 6.00000000000151 17.4006300000131 103.266948132587
    vertex 3.00000000000156 17.6219500000131 103.421918132587
    vertex 3.00000000000156 17.4006300000131 103.266948132587
  endloop
endfacet
facet normal 0.0 -0.573576604346847 0.81915192665704
  outer loop
    vertex 3.00000000000156 17.6219500000131 103.421918132587
    vertex 6.00000000000151 17.4006300000131 103.266948132587
    vertex 6.00000000000151 17.6219500000131 103.421918132587
  endloop
endfacet
facet normal 0.0 0.258830438522616 -0.965922773359336
  outer loop
    vertex 6.00000000000151 16.3564699999958 130.884478132587
    vertex 3.00000000000156 16.0954999999959 130.814548132587
    vertex 3.00000000000156 16.3564699999958 130.884478132587
  endloop
endfacet
facet normal 0.0 0.258830438522616 -0.965922773359336
  outer loop
    vertex 3.00000000000156 16.0954999999959 130.814548132587
    vertex 6.00000000000151 16.3564699999958 130.884478132587
    vertex 6.00000000000151 16.0954999999959 130.814548132587
  endloop
endfacet
facet normal 0.0 -0.96592277335955 0.258830438521816
  outer loop
    vertex 6.00000000000151 18.1520800000131 104.340128132587
    vertex 3.00000000000156 18.0821500000131 104.079158132587
    vertex 6.00000000000151 18.0821500000131 104.079158132587
  endloop
endfacet
facet normal 0.0 -0.96592277335955 0.258830438521816
  outer loop
    vertex 3.00000000000156 18.0821500000131 104.079158132587
    vertex 6.00000000000151 18.1520800000131 104.340128132587
    vertex 3.00000000000156 18.1520800000131 104.340128132587
  endloop
endfacet
facet normal 0.0 -0.819151926657056 0.573576604346825
  outer loop
    vertex 6.00000000000151 17.9679700000131 103.834288132587
    vertex 3.00000000000156 17.8130000000131 103.612968132587
    vertex 6.00000000000151 17.8130000000131 103.612968132587
  endloop
endfacet
facet normal 0.0 -0.819151926657056 0.573576604346825
  outer loop
    vertex 3.00000000000156 17.8130000000131 103.612968132587
    vertex 6.00000000000151 17.9679700000131 103.834288132587
    vertex 3.00000000000156 17.9679700000131 103.834288132587
  endloop
endfacet
facet normal 0.0 0.99619391836822 -0.0871646545692286
  outer loop
    vertex 3.00000000000156 15.0991799999966 129.627178132586
    vertex 6.00000000000151 15.0756299999969 129.358028132586
    vertex 3.00000000000156 15.0756299999969 129.358028132586
  endloop
endfacet
facet normal 0.0 0.99619391836822 -0.0871646545692286
  outer loop
    vertex 6.00000000000151 15.0756299999969 129.358028132586
    vertex 3.00000000000156 15.0991799999966 129.627178132586
    vertex 6.00000000000151 15.0991799999966 129.627178132586
  endloop
endfacet
facet normal 9.85779434496535e-030 0.996194199562251 0.087161440778173
  outer loop
    vertex 3.00000000000156 15.0756299999969 129.358028132586
    vertex 6.00000000000151 15.0991799999971 129.088868132586
    vertex 3.00000000000156 15.0991799999971 129.088868132586
  endloop
endfacet
facet normal 9.85779434496535e-030 0.996194199562251 0.087161440778173
  outer loop
    vertex 6.00000000000151 15.0991799999971 129.088868132586
    vertex 3.00000000000156 15.0756299999969 129.358028132586
    vertex 6.00000000000151 15.0756299999969 129.358028132586
  endloop
endfacet
facet normal -6.48704307345935e-029 0.819151926657532 -0.573576604346144
  outer loop
    vertex 3.00000000000156 15.4382599999961 130.354348132587
    vertex 6.00000000000151 15.2832899999963 130.133028132587
    vertex 3.00000000000156 15.2832899999963 130.133028132587
  endloop
endfacet
facet normal -6.48704307345935e-029 0.819151926657532 -0.573576604346144
  outer loop
    vertex 6.00000000000151 15.2832899999963 130.133028132587
    vertex 3.00000000000156 15.4382599999961 130.354348132587
    vertex 6.00000000000151 15.4382599999961 130.354348132587
  endloop
endfacet
facet normal -9.38399170875115e-019 -0.258830438521813 0.965922773359551
  outer loop
    vertex 6.00000000000151 16.8947900000131 103.082838132587
    vertex 3.00000000000156 17.1557600000131 103.152768132587
    vertex 3.00000000000156 16.8947900000131 103.082838132587
  endloop
endfacet
facet normal -9.38399170875115e-019 -0.258830438521813 0.965922773359551
  outer loop
    vertex 3.00000000000156 17.1557600000131 103.152768132587
    vertex 6.00000000000151 16.8947900000131 103.082838132587
    vertex 6.00000000000151 17.1557600000131 103.152768132587
  endloop
endfacet
facet normal 4.77956919029691e-029 0.906314529596531 -0.422603801973218
  outer loop
    vertex 3.00000000000156 15.2832899999963 130.133028132587
    vertex 6.00000000000151 15.1691099999965 129.888158132586
    vertex 3.00000000000156 15.1691099999965 129.888158132586
  endloop
endfacet
facet normal 4.77956919029691e-029 0.906314529596531 -0.422603801973218
  outer loop
    vertex 6.00000000000151 15.1691099999965 129.888158132586
    vertex 3.00000000000156 15.2832899999963 130.133028132587
    vertex 6.00000000000151 15.2832899999963 130.133028132587
  endloop
endfacet
facet normal 3.3871123456586e-019 -0.996194199562315 0.0871614407774417
  outer loop
    vertex 6.00000000000151 18.1756300000131 104.609288132587
    vertex 3.00000000000156 18.1520800000131 104.340128132587
    vertex 6.00000000000151 18.1520800000131 104.340128132587
  endloop
endfacet
facet normal 3.3871123456586e-019 -0.996194199562315 0.0871614407774417
  outer loop
    vertex 3.00000000000156 18.1520800000131 104.340128132587
    vertex 6.00000000000151 18.1756300000131 104.609288132587
    vertex 3.00000000000156 18.1756300000131 104.609288132587
  endloop
endfacet
facet normal 1.7609788830543e-018 -0.422603801973812 0.906314529596254
  outer loop
    vertex 6.00000000000151 17.1557600000131 103.152768132587
    vertex 3.00000000000156 17.4006300000131 103.266948132587
    vertex 3.00000000000156 17.1557600000131 103.152768132587
  endloop
endfacet
facet normal 1.7609788830543e-018 -0.422603801973812 0.906314529596254
  outer loop
    vertex 3.00000000000156 17.4006300000131 103.266948132587
    vertex 6.00000000000151 17.1557600000131 103.152768132587
    vertex 6.00000000000151 17.4006300000131 103.266948132587
  endloop
endfacet
facet normal -1.12667682627286e-028 0.0871614407779695 -0.996194199562269
  outer loop
    vertex 6.00000000000151 16.6256299999959 130.908028132587
    vertex 3.00000000000156 16.3564699999958 130.884478132587
    vertex 3.00000000000156 16.6256299999959 130.908028132587
  endloop
endfacet
facet normal -1.12667682627286e-028 0.0871614407779695 -0.996194199562269
  outer loop
    vertex 3.00000000000156 16.3564699999958 130.884478132587
    vertex 6.00000000000151 16.6256299999959 130.908028132587
    vertex 6.00000000000151 16.3564699999958 130.884478132587
  endloop
endfacet
facet normal 0.0 -0.819151926657134 -0.573576604346713
  outer loop
    vertex 6.00000000000151 17.8130000000131 105.605608132587
    vertex 3.00000000000156 17.9679700000131 105.384288132587
    vertex 6.00000000000151 17.9679700000131 105.384288132587
  endloop
endfacet
facet normal 0.0 -0.819151926657134 -0.573576604346713
  outer loop
    vertex 3.00000000000156 17.9679700000131 105.384288132587
    vertex 6.00000000000151 17.8130000000131 105.605608132587
    vertex 3.00000000000156 17.8130000000131 105.605608132587
  endloop
endfacet
facet normal 9.85815781875852e-030 -0.996193918368147 -0.0871646545700609
  outer loop
    vertex 6.00000000000151 18.1520800000131 104.878438132587
    vertex 3.00000000000156 18.1756300000131 104.609288132587
    vertex 6.00000000000151 18.1756300000131 104.609288132587
  endloop
endfacet
facet normal 9.85815781875852e-030 -0.996193918368147 -0.0871646545700609
  outer loop
    vertex 3.00000000000156 18.1756300000131 104.609288132587
    vertex 6.00000000000151 18.1520800000131 104.878438132587
    vertex 3.00000000000156 18.1520800000131 104.878438132587
  endloop
endfacet
facet normal -2.18488082984594e-028 0.258830438521031 0.96592277335976
  outer loop
    vertex 6.00000000000151 16.0954999999978 127.901508132587
    vertex 3.00000000000156 16.3564699999978 127.831578132587
    vertex 3.00000000000156 16.0954999999978 127.901508132587
  endloop
endfacet
facet normal -2.18488082984594e-028 0.258830438521031 0.96592277335976
  outer loop
    vertex 3.00000000000156 16.3564699999978 127.831578132587
    vertex 6.00000000000151 16.0954999999978 127.901508132587
    vertex 6.00000000000151 16.3564699999978 127.831578132587
  endloop
endfacet
facet normal 1.7609788830548e-018 0.422603801973268 0.906314529596507
  outer loop
    vertex 6.00000000000151 15.8506299999977 128.015688132587
    vertex 3.00000000000156 16.0954999999978 127.901508132587
    vertex 3.00000000000156 15.8506299999977 128.015688132587
  endloop
endfacet
facet normal 1.7609788830548e-018 0.422603801973268 0.906314529596507
  outer loop
    vertex 3.00000000000156 16.0954999999978 127.901508132587
    vertex 6.00000000000151 15.8506299999977 128.015688132587
    vertex 6.00000000000151 16.0954999999978 127.901508132587
  endloop
endfacet
facet normal -9.26445359114952e-029 0.573576604346287 0.819151926657432
  outer loop
    vertex 6.00000000000151 15.6293099999977 128.170658132587
    vertex 3.00000000000156 15.8506299999977 128.015688132587
    vertex 3.00000000000156 15.6293099999977 128.170658132587
  endloop
endfacet
facet normal -9.26445359114952e-029 0.573576604346287 0.819151926657432
  outer loop
    vertex 3.00000000000156 15.8506299999977 128.015688132587
    vertex 6.00000000000151 15.6293099999977 128.170658132587
    vertex 6.00000000000151 15.8506299999977 128.015688132587
  endloop
endfacet
facet normal -4.77956919030875e-029 0.906314529596043 0.422603801974265
  outer loop
    vertex 3.00000000000156 15.1691099999972 128.827898132586
    vertex 6.00000000000151 15.2832899999973 128.583028132587
    vertex 3.00000000000156 15.2832899999973 128.583028132587
  endloop
endfacet
facet normal -4.77956919030875e-029 0.906314529596043 0.422603801974265
  outer loop
    vertex 6.00000000000151 15.2832899999973 128.583028132587
    vertex 3.00000000000156 15.1691099999972 128.827898132586
    vertex 6.00000000000151 15.1691099999972 128.827898132586
  endloop
endfacet
facet normal 6.48704307347196e-029 0.819151926656752 0.573576604347259
  outer loop
    vertex 3.00000000000156 15.2832899999973 128.583028132587
    vertex 6.00000000000151 15.4382599999975 128.361708132587
    vertex 3.00000000000156 15.4382599999975 128.361708132587
  endloop
endfacet
facet normal 6.48704307347196e-029 0.819151926656752 0.573576604347259
  outer loop
    vertex 6.00000000000151 15.4382599999975 128.361708132587
    vertex 3.00000000000156 15.2832899999973 128.583028132587
    vertex 6.00000000000151 15.2832899999973 128.583028132587
  endloop
endfacet
facet normal -1.00582065415944e-018 0.965922773359396 0.258830438522392
  outer loop
    vertex 3.00000000000156 15.0991799999971 129.088868132586
    vertex 6.00000000000151 15.1691099999972 128.827898132586
    vertex 3.00000000000156 15.1691099999972 128.827898132586
  endloop
endfacet
facet normal -1.00582065415944e-018 0.965922773359396 0.258830438522392
  outer loop
    vertex 6.00000000000151 15.1691099999972 128.827898132586
    vertex 3.00000000000156 15.0991799999971 129.088868132586
    vertex 6.00000000000151 15.0991799999971 129.088868132586
  endloop
endfacet
facet normal 1.59162100766321e-018 -0.573576604347251 0.819151926656757
  outer loop
    vertex 6.00000000000151 17.4006299999977 128.015688132588
    vertex 3.00000000000156 17.6219499999977 128.170658132588
    vertex 3.00000000000156 17.4006299999977 128.015688132588
  endloop
endfacet
facet normal 1.59162100766321e-018 -0.573576604347251 0.819151926656757
  outer loop
    vertex 3.00000000000156 17.6219499999977 128.170658132588
    vertex 6.00000000000151 17.4006299999977 128.015688132588
    vertex 6.00000000000151 17.6219499999977 128.170658132588
  endloop
endfacet
facet normal -1.59944883118984e-028 -0.707106781185921 -0.707106781187174
  outer loop
    vertex 6.00000000000151 17.8129999999962 130.354348132588
    vertex 3.00000000000156 17.6219499999961 130.545398132588
    vertex 3.00000000000156 17.8129999999962 130.354348132588
  endloop
endfacet
facet normal -1.59944883118984e-028 -0.707106781185921 -0.707106781187174
  outer loop
    vertex 3.00000000000156 17.6219499999961 130.545398132588
    vertex 6.00000000000151 17.8129999999962 130.354348132588
    vertex 6.00000000000151 17.6219499999961 130.545398132588
  endloop
endfacet
facet normal -3.38723723436443e-019 -0.996193918368072 -0.0871646545709112
  outer loop
    vertex 6.00000000000151 18.1520799999967 129.627178132588
    vertex 3.00000000000156 18.1756299999969 129.358028132588
    vertex 6.00000000000151 18.1756299999969 129.358028132588
  endloop
endfacet
facet normal -3.38723723436443e-019 -0.996193918368072 -0.0871646545709112
  outer loop
    vertex 3.00000000000156 18.1756299999969 129.358028132588
    vertex 6.00000000000151 18.1520799999967 129.627178132588
    vertex 3.00000000000156 18.1520799999967 129.627178132588
  endloop
endfacet
facet normal 9.26445359114712e-029 -0.573576604346589 -0.81915192665722
  outer loop
    vertex 6.00000000000151 17.6219499999961 130.545398132588
    vertex 3.00000000000156 17.400629999996 130.700368132588
    vertex 3.00000000000156 17.6219499999961 130.545398132588
  endloop
endfacet
facet normal 9.26445359114712e-029 -0.573576604346589 -0.81915192665722
  outer loop
    vertex 3.00000000000156 17.400629999996 130.700368132588
    vertex 6.00000000000151 17.6219499999961 130.545398132588
    vertex 6.00000000000151 17.400629999996 130.700368132588
  endloop
endfacet
facet normal 0.0 -0.258821185264552 -0.965925252831839
  outer loop
    vertex 6.00000000000151 17.1557599999959 130.814548132588
    vertex 3.00000000000156 16.8947799999959 130.884478132588
    vertex 3.00000000000156 17.1557599999959 130.814548132588
  endloop
endfacet
facet normal 0.0 -0.258821185264552 -0.965925252831839
  outer loop
    vertex 3.00000000000156 16.8947799999959 130.884478132588
    vertex 6.00000000000151 17.1557599999959 130.814548132588
    vertex 6.00000000000151 16.8947799999959 130.884478132588
  endloop
endfacet
facet normal 0.0 -0.0871646545694772 -0.996193918368198
  outer loop
    vertex 6.00000000000151 16.8947799999959 130.884478132588
    vertex 3.00000000000156 16.6256299999959 130.908028132587
    vertex 3.00000000000156 16.8947799999959 130.884478132588
  endloop
endfacet
facet normal 0.0 -0.0871646545694772 -0.996193918368198
  outer loop
    vertex 3.00000000000156 16.6256299999959 130.908028132587
    vertex 6.00000000000151 16.8947799999959 130.884478132588
    vertex 6.00000000000151 16.6256299999959 130.908028132587
  endloop
endfacet
facet normal 0.0 -0.70710678118709 0.707106781186005
  outer loop
    vertex 6.00000000000151 17.8129999999975 128.361708132588
    vertex 3.00000000000156 17.6219499999977 128.170658132588
    vertex 6.00000000000151 17.6219499999977 128.170658132588
  endloop
endfacet
facet normal 0.0 -0.70710678118709 0.707106781186005
  outer loop
    vertex 3.00000000000156 17.6219499999977 128.170658132588
    vertex 6.00000000000151 17.8129999999975 128.361708132588
    vertex 3.00000000000156 17.8129999999975 128.361708132588
  endloop
endfacet
facet normal 0.0 -0.819151926657507 0.57357660434618
  outer loop
    vertex 6.00000000000151 17.9679699999973 128.583028132588
    vertex 3.00000000000156 17.8129999999975 128.361708132588
    vertex 6.00000000000151 17.8129999999975 128.361708132588
  endloop
endfacet
facet normal 0.0 -0.819151926657507 0.57357660434618
  outer loop
    vertex 3.00000000000156 17.8129999999975 128.361708132588
    vertex 6.00000000000151 17.9679699999973 128.583028132588
    vertex 3.00000000000156 17.9679699999973 128.583028132588
  endloop
endfacet
facet normal 0.0 -0.258821185265825 0.965925252831498
  outer loop
    vertex 6.00000000000151 16.8947799999979 127.831578132588
    vertex 3.00000000000156 17.1557599999978 127.901508132588
    vertex 3.00000000000156 16.8947799999979 127.831578132588
  endloop
endfacet
facet normal 0.0 -0.258821185265825 0.965925252831498
  outer loop
    vertex 3.00000000000156 17.1557599999978 127.901508132588
    vertex 6.00000000000151 16.8947799999979 127.831578132588
    vertex 6.00000000000151 17.1557599999978 127.901508132588
  endloop
endfacet
facet normal -1.02502461694614e-028 -0.422603801974219 0.906314529596064
  outer loop
    vertex 6.00000000000151 17.1557599999978 127.901508132588
    vertex 3.00000000000156 17.4006299999977 128.015688132588
    vertex 3.00000000000156 17.1557599999978 127.901508132588
  endloop
endfacet
facet normal -1.02502461694614e-028 -0.422603801974219 0.906314529596064
  outer loop
    vertex 3.00000000000156 17.4006299999977 128.015688132588
    vertex 6.00000000000151 17.1557599999978 127.901508132588
    vertex 6.00000000000151 17.4006299999977 128.015688132588
  endloop
endfacet
facet normal -1.76097888305498e-018 -0.422603801973067 -0.906314529596601
  outer loop
    vertex 6.00000000000151 17.400629999996 130.700368132588
    vertex 3.00000000000156 17.1557599999959 130.814548132588
    vertex 3.00000000000156 17.400629999996 130.700368132588
  endloop
endfacet
facet normal -1.76097888305498e-018 -0.422603801973067 -0.906314529596601
  outer loop
    vertex 3.00000000000156 17.1557599999959 130.814548132588
    vertex 6.00000000000151 17.400629999996 130.700368132588
    vertex 6.00000000000151 17.1557599999959 130.814548132588
  endloop
endfacet
facet normal -2.22893102793e-018 -0.819151926656626 -0.573576604347438
  outer loop
    vertex 6.00000000000151 17.8129999999962 130.354348132588
    vertex 3.00000000000156 17.9679699999964 130.133028132588
    vertex 6.00000000000151 17.9679699999964 130.133028132588
  endloop
endfacet
facet normal -2.22893102793e-018 -0.819151926656626 -0.573576604347438
  outer loop
    vertex 3.00000000000156 17.9679699999964 130.133028132588
    vertex 6.00000000000151 17.8129999999962 130.354348132588
    vertex 3.00000000000156 17.8129999999962 130.354348132588
  endloop
endfacet
facet normal 0.0 -0.906314529596095 -0.422603801974153
  outer loop
    vertex 6.00000000000151 17.9679699999964 130.133028132588
    vertex 3.00000000000156 18.0821499999965 129.888158132588
    vertex 6.00000000000151 18.0821499999965 129.888158132588
  endloop
endfacet
facet normal 0.0 -0.906314529596095 -0.422603801974153
  outer loop
    vertex 3.00000000000156 18.0821499999965 129.888158132588
    vertex 6.00000000000151 17.9679699999964 130.133028132588
    vertex 3.00000000000156 17.9679699999964 130.133028132588
  endloop
endfacet
facet normal -2.9272187261863e-029 -0.965925252831449 -0.258821185266006
  outer loop
    vertex 6.00000000000151 18.0821499999965 129.888158132588
    vertex 3.00000000000156 18.1520799999967 129.627178132588
    vertex 6.00000000000151 18.1520799999967 129.627178132588
  endloop
endfacet
facet normal -2.9272187261863e-029 -0.965925252831449 -0.258821185266006
  outer loop
    vertex 3.00000000000156 18.1520799999967 129.627178132588
    vertex 6.00000000000151 18.0821499999965 129.888158132588
    vertex 3.00000000000156 18.0821499999965 129.888158132588
  endloop
endfacet
facet normal 1.00582065406663e-018 -0.96592277335974 0.258830438521109
  outer loop
    vertex 6.00000000000151 18.152079999997 129.088868132588
    vertex 3.00000000000156 18.0821499999972 128.827898132588
    vertex 6.00000000000151 18.0821499999972 128.827898132588
  endloop
endfacet
facet normal 1.00582065406663e-018 -0.96592277335974 0.258830438521109
  outer loop
    vertex 3.00000000000156 18.0821499999972 128.827898132588
    vertex 6.00000000000151 18.152079999997 129.088868132588
    vertex 3.00000000000156 18.152079999997 129.088868132588
  endloop
endfacet
facet normal 3.38711234584259e-019 -0.996194199562344 0.087161440777103
  outer loop
    vertex 6.00000000000151 18.1756299999969 129.358028132588
    vertex 3.00000000000156 18.152079999997 129.088868132588
    vertex 6.00000000000151 18.152079999997 129.088868132588
  endloop
endfacet
facet normal 3.38711234584259e-019 -0.996194199562344 0.087161440777103
  outer loop
    vertex 3.00000000000156 18.152079999997 129.088868132588
    vertex 6.00000000000151 18.1756299999969 129.358028132588
    vertex 3.00000000000156 18.1756299999969 129.358028132588
  endloop
endfacet
facet normal 0.0 -0.906314529596521 0.422603801973239
  outer loop
    vertex 6.00000000000151 18.0821499999972 128.827898132588
    vertex 3.00000000000156 17.9679699999973 128.583028132588
    vertex 6.00000000000151 17.9679699999973 128.583028132588
  endloop
endfacet
facet normal 0.0 -0.906314529596521 0.422603801973239
  outer loop
    vertex 3.00000000000156 17.9679699999973 128.583028132588
    vertex 6.00000000000151 18.0821499999972 128.827898132588
    vertex 3.00000000000156 18.0821499999972 128.827898132588
  endloop
endfacet
facet normal -0.577350269188975 0.577350269189085 -0.577350269190818
  outer loop
    vertex 19.4663923904047 64.7000000001034 50.9836581325964
    vertex 19.4663923904046 62.7000000001048 48.9836581326038
    vertex 17.4663923904048 62.7000000001034 50.9836581325959
  endloop
endfacet
facet normal -0.499999999999976 -0.866025403784452 3.40092229466952e-013
  outer loop
    vertex 27.9304940055431 -15.2999999998974 51.9836581325655
    vertex 24.4663923904036 -13.2999999998976 48.9836581325705
    vertex 27.9304940055415 -15.2999999998976 48.9836581325692
  endloop
endfacet
facet normal -0.499999999999976 -0.866025403784452 3.40092229466952e-013
  outer loop
    vertex 24.4663923904036 -13.2999999998976 48.9836581325705
    vertex 27.9304940055431 -15.2999999998974 51.9836581325655
    vertex 24.4663923904053 -13.2999999998974 51.9836581325673
  endloop
endfacet
facet normal -1.0 2.25597318602602e-014 5.41433564649652e-013
  outer loop
    vertex 27.930494005543 -19.2999999998974 51.9836581325658
    vertex 27.9304940055415 -15.2999999998976 48.9836581325692
    vertex 27.9304940055414 -19.2999999998975 48.9836581325672
  endloop
endfacet
facet normal -1.0 2.25597318602602e-014 5.41433564649652e-013
  outer loop
    vertex 27.9304940055415 -15.2999999998976 48.9836581325692
    vertex 27.930494005543 -19.2999999998974 51.9836581325658
    vertex 27.9304940055431 -15.2999999998974 51.9836581325655
  endloop
endfacet
facet normal -0.500000000000001 0.866025403784438 2.26129585235456e-013
  outer loop
    vertex 24.4663923904053 -21.2999999998974 51.9836581325679
    vertex 27.9304940055414 -19.2999999998975 48.9836581325672
    vertex 24.4663923904036 -21.2999999998976 48.9836581325663
  endloop
endfacet
facet normal -0.500000000000001 0.866025403784438 2.26129585235456e-013
  outer loop
    vertex 27.9304940055414 -19.2999999998975 48.9836581325672
    vertex 24.4663923904053 -21.2999999998974 51.9836581325679
    vertex 27.930494005543 -19.2999999998974 51.9836581325658
  endloop
endfacet
facet normal 0.500000000000011 0.866025403784432 -3.36870219712796e-013
  outer loop
    vertex 21.0022907752659 -19.2999999998976 48.9836581325676
    vertex 24.4663923904053 -21.2999999998974 51.9836581325679
    vertex 24.4663923904036 -21.2999999998976 48.9836581325663
  endloop
endfacet
facet normal 0.500000000000011 0.866025403784432 -3.36870219712796e-013
  outer loop
    vertex 24.4663923904053 -21.2999999998974 51.9836581325679
    vertex 21.0022907752659 -19.2999999998976 48.9836581325676
    vertex 21.0022907752675 -19.2999999998974 51.9836581325697
  endloop
endfacet
facet normal 1.0 1.12798659303162e-014 -5.56473385889277e-013
  outer loop
    vertex 21.0022907752658 -15.2999999998977 48.9836581325697
    vertex 21.0022907752675 -19.2999999998974 51.9836581325697
    vertex 21.0022907752659 -19.2999999998976 48.9836581325676
  endloop
endfacet
facet normal 1.0 1.12798659303162e-014 -5.56473385889277e-013
  outer loop
    vertex 21.0022907752675 -19.2999999998974 51.9836581325697
    vertex 21.0022907752658 -15.2999999998977 48.9836581325697
    vertex 21.0022907752675 -15.2999999998974 51.9836581325694
  endloop
endfacet
facet normal 0.499999999999997 -0.86602540378444 -2.14106718286933e-013
  outer loop
    vertex 24.4663923904036 -13.2999999998976 48.9836581325705
    vertex 21.0022907752675 -15.2999999998974 51.9836581325694
    vertex 21.0022907752658 -15.2999999998977 48.9836581325697
  endloop
endfacet
facet normal 0.499999999999997 -0.86602540378444 -2.14106718286933e-013
  outer loop
    vertex 21.0022907752675 -15.2999999998974 51.9836581325694
    vertex 24.4663923904036 -13.2999999998976 48.9836581325705
    vertex 24.4663923904053 -13.2999999998974 51.9836581325673
  endloop
endfacet
facet normal 0.499999999999997 0.86602540378444 -3.43369858254546e-013
  outer loop
    vertex 21.002290775266 55.7000000001023 48.9836581326067
    vertex 24.4663923904054 53.7000000001025 51.9836581326081
    vertex 24.4663923904038 53.7000000001023 48.9836581326054
  endloop
endfacet
facet normal 0.499999999999997 0.86602540378444 -3.43369858254546e-013
  outer loop
    vertex 24.4663923904054 53.7000000001025 51.9836581326081
    vertex 21.002290775266 55.7000000001023 48.9836581326067
    vertex 21.0022907752677 55.7000000001025 51.9836581326099
  endloop
endfacet
facet normal 1.0 -1.12798659300652e-014 -5.56473385889078e-013
  outer loop
    vertex 21.0022907752661 59.7000000001023 48.9836581326088
    vertex 21.0022907752677 55.7000000001025 51.9836581326099
    vertex 21.002290775266 55.7000000001023 48.9836581326067
  endloop
endfacet
facet normal 1.0 -1.12798659300652e-014 -5.56473385889078e-013
  outer loop
    vertex 21.0022907752677 55.7000000001025 51.9836581326099
    vertex 21.0022907752661 59.7000000001023 48.9836581326088
    vertex 21.0022907752677 59.7000000001026 51.9836581326097
  endloop
endfacet
facet normal 0.499999999999995 -0.866025403784441 -2.02352996927367e-013
  outer loop
    vertex 24.4663923904038 61.7000000001023 48.9836581326096
    vertex 21.0022907752677 59.7000000001026 51.9836581326097
    vertex 21.0022907752661 59.7000000001023 48.9836581326088
  endloop
endfacet
facet normal 0.499999999999995 -0.866025403784441 -2.02352996927367e-013
  outer loop
    vertex 21.0022907752677 59.7000000001026 51.9836581326097
    vertex 24.4663923904038 61.7000000001023 48.9836581326096
    vertex 24.4663923904054 61.7000000001025 51.9836581326076
  endloop
endfacet
facet normal -0.49999999999999 -0.866025403784444 3.33538744630974e-013
  outer loop
    vertex 27.9304940055433 59.7000000001025 51.9836581326058
    vertex 24.4663923904038 61.7000000001023 48.9836581326096
    vertex 27.9304940055416 59.7000000001024 48.9836581326083
  endloop
endfacet
facet normal -0.49999999999999 -0.866025403784444 3.33538744630974e-013
  outer loop
    vertex 24.4663923904038 61.7000000001023 48.9836581326096
    vertex 27.9304940055433 59.7000000001025 51.9836581326058
    vertex 24.4663923904054 61.7000000001025 51.9836581326076
  endloop
endfacet
facet normal -1.0 1.1279865930066e-014 5.56473385889705e-013
  outer loop
    vertex 27.9304940055432 55.7000000001025 51.983658132606
    vertex 27.9304940055416 59.7000000001024 48.9836581326083
    vertex 27.9304940055416 55.7000000001023 48.9836581326063
  endloop
endfacet
facet normal -1.0 1.1279865930066e-014 5.56473385889705e-013
  outer loop
    vertex 27.9304940055416 59.7000000001024 48.9836581326083
    vertex 27.9304940055432 55.7000000001025 51.983658132606
    vertex 27.9304940055433 59.7000000001025 51.9836581326058
  endloop
endfacet
facet normal -0.5 0.866025403784439 2.15332783808821e-013
  outer loop
    vertex 24.4663923904054 53.7000000001025 51.9836581326081
    vertex 27.9304940055416 55.7000000001023 48.9836581326063
    vertex 24.4663923904038 53.7000000001023 48.9836581326054
  endloop
endfacet
facet normal -0.5 0.866025403784439 2.15332783808821e-013
  outer loop
    vertex 27.9304940055416 55.7000000001023 48.9836581326063
    vertex 24.4663923904054 53.7000000001025 51.9836581326081
    vertex 27.9304940055432 55.7000000001025 51.983658132606
  endloop
endfacet
facet normal -0.499999999999993 -0.866025403784443 -3.4438244479068e-013
  outer loop
    vertex 102.930494005543 59.7000000001025 51.9836581325939
    vertex 99.4663923904071 61.7000000001026 48.9836581326046
    vertex 102.930494005545 59.7000000001027 48.9836581326033
  endloop
endfacet
facet normal -0.499999999999993 -0.866025403784443 -3.4438244479068e-013
  outer loop
    vertex 99.4663923904071 61.7000000001026 48.9836581326046
    vertex 102.930494005543 59.7000000001025 51.9836581325939
    vertex 99.4663923904054 61.7000000001024 51.9836581325921
  endloop
endfacet
facet normal -1.0 -1.12798659300188e-014 -5.86553028371622e-013
  outer loop
    vertex 102.930494005543 59.7000000001025 51.9836581325939
    vertex 102.930494005545 55.7000000001027 48.9836581326012
    vertex 102.930494005543 55.7000000001025 51.9836581325937
  endloop
endfacet
facet normal -1.0 -1.12798659300188e-014 -5.86553028371622e-013
  outer loop
    vertex 102.930494005545 55.7000000001027 48.9836581326012
    vertex 102.930494005543 59.7000000001025 51.9836581325939
    vertex 102.930494005545 59.7000000001027 48.9836581326033
  endloop
endfacet
facet normal -0.500000000000001 0.866025403784438 -2.3465952101787e-013
  outer loop
    vertex 99.4663923904054 53.7000000001024 51.9836581325916
    vertex 102.930494005545 55.7000000001027 48.9836581326012
    vertex 99.4663923904071 53.7000000001027 48.9836581326004
  endloop
endfacet
facet normal -0.500000000000001 0.866025403784438 -2.3465952101787e-013
  outer loop
    vertex 102.930494005545 55.7000000001027 48.9836581326012
    vertex 99.4663923904054 53.7000000001024 51.9836581325916
    vertex 102.930494005543 55.7000000001025 51.9836581325937
  endloop
endfacet
facet normal 0.500000000000002 0.866025403784438 3.44372480780326e-013
  outer loop
    vertex 96.0022907752693 55.7000000001027 48.9836581326017
    vertex 99.4663923904054 53.7000000001024 51.9836581325916
    vertex 99.4663923904071 53.7000000001027 48.9836581326004
  endloop
endfacet
facet normal 0.500000000000002 0.866025403784438 3.44372480780326e-013
  outer loop
    vertex 99.4663923904054 53.7000000001024 51.9836581325916
    vertex 96.0022907752693 55.7000000001027 48.9836581326017
    vertex 96.0022907752676 55.7000000001025 51.9836581325897
  endloop
endfacet
facet normal 1.0 -1.68012109795306e-025 5.71513207132155e-013
  outer loop
    vertex 96.0022907752693 55.7000000001027 48.9836581326017
    vertex 96.0022907752676 59.7000000001025 51.98365813259
    vertex 96.0022907752676 55.7000000001025 51.9836581325897
  endloop
endfacet
facet normal 1.0 -1.68012109795306e-025 5.71513207132155e-013
  outer loop
    vertex 96.0022907752676 59.7000000001025 51.98365813259
    vertex 96.0022907752693 55.7000000001027 48.9836581326017
    vertex 96.0022907752693 59.7000000001026 48.9836581326038
  endloop
endfacet
facet normal 0.499999999999997 -0.86602540378444 2.33651584893073e-013
  outer loop
    vertex 99.4663923904071 61.7000000001026 48.9836581326046
    vertex 96.0022907752676 59.7000000001025 51.98365813259
    vertex 96.0022907752693 59.7000000001026 48.9836581326038
  endloop
endfacet
facet normal 0.499999999999997 -0.86602540378444 2.33651584893073e-013
  outer loop
    vertex 96.0022907752676 59.7000000001025 51.98365813259
    vertex 99.4663923904071 61.7000000001026 48.9836581326046
    vertex 99.4663923904054 61.7000000001024 51.9836581325921
  endloop
endfacet
facet normal -0.997862270183831 -2.48728059258046e-006 -0.0653520446304852
  outer loop
    vertex 3.00000000000156 46.5000000000246 61.9836581326069
    vertex 3.1112168021419 11.5000000000252 60.286817633724
    vertex 3.00000000000156 11.5000000000247 61.9836581325847
  endloop
endfacet
facet normal -0.997862270183831 -2.48728059258046e-006 -0.0653520446304852
  outer loop
    vertex 3.1112168021419 11.5000000000252 60.286817633724
    vertex 3.00000000000156 46.5000000000246 61.9836581326069
    vertex 3.11104174684262 46.4999548579513 60.2868263776809
  endloop
endfacet
facet normal -0.980785280391674 -4.85674339242199e-006 -0.195090322013772
  outer loop
    vertex 3.11104174684262 46.4999548579513 60.2868263776809
    vertex 3.44296425824346 11.5000000000256 58.6190105462519
    vertex 3.1112168021419 11.5000000000252 60.286817633724
  endloop
endfacet
facet normal -0.980785280391674 -4.85674339242199e-006 -0.195090322013772
  outer loop
    vertex 3.44296425824346 11.5000000000256 58.6190105462519
    vertex 3.11104174684262 46.4999548579513 60.2868263776809
    vertex 3.44278920294417 46.4999548579517 58.6190192902088
  endloop
endfacet
facet normal -0.946930129484859 -4.65584841802649e-006 -0.32143946529963
  outer loop
    vertex 3.44278920294417 46.4999548579517 58.6190192902088
    vertex 3.98956607735453 11.500000000026 57.0087735118385
    vertex 3.44296425824346 11.5000000000256 58.6190105462519
  endloop
endfacet
facet normal -0.946930129484859 -4.65584841802649e-006 -0.32143946529963
  outer loop
    vertex 3.98956607735453 11.500000000026 57.0087735118385
    vertex 3.44278920294417 46.4999548579517 58.6190192902088
    vertex 3.98939102205525 46.4999548579521 57.0087822557954
  endloop
endfacet
facet normal -0.896872741524121 -4.37529058635439e-006 -0.442288690214733
  outer loop
    vertex 3.98939102205525 46.4999548579521 57.0087822557954
    vertex 4.74166975080354 11.5000000000264 55.4836581325847
    vertex 3.98956607735453 11.500000000026 57.0087735118385
  endloop
endfacet
facet normal -0.896872741524121 -4.37529058635439e-006 -0.442288690214733
  outer loop
    vertex 4.74166975080354 11.5000000000264 55.4836581325847
    vertex 3.98939102205525 46.4999548579521 57.0087822557954
    vertex 4.74149469550426 46.4999548579525 55.4836668765415
  endloop
endfacet
facet normal -0.831469612295866 -4.01987031969025e-006 -0.555570233015056
  outer loop
    vertex 4.74149469550426 46.4999548579525 55.4836668765415
    vertex 5.68640657621505 11.5000000000268 54.0697595554713
    vertex 4.74166975080354 11.5000000000264 55.4836581325847
  endloop
endfacet
facet normal -0.831469612295866 -4.01987031969025e-006 -0.555570233015056
  outer loop
    vertex 5.68640657621505 11.5000000000268 54.0697595554713
    vertex 4.74149469550426 46.4999548579525 55.4836668765415
    vertex 5.68623152091577 46.4999548579529 54.0697682994281
  endloop
endfacet
facet normal -0.751839807474148 -3.59566895733673e-006 -0.659345815095771
  outer loop
    vertex 5.68623152091577 46.4999548579529 54.0697682994281
    vertex 6.80761184457595 11.5000000000271 52.7912699771594
    vertex 5.68640657621505 11.5000000000268 54.0697595554713
  endloop
endfacet
facet normal -0.751839807474148 -3.59566895733673e-006 -0.659345815095771
  outer loop
    vertex 6.80761184457595 11.5000000000271 52.7912699771594
    vertex 5.68623152091577 46.4999548579529 54.0697682994281
    vertex 6.80743678927666 46.4999548579532 52.7912787211163
  endloop
endfacet
facet normal -0.65934581509693 -3.10994470221411e-006 -0.751839807475298
  outer loop
    vertex 8.08592636758845 46.4999548579535 51.6700734527553
    vertex 6.80761184457595 11.5000000000271 52.7912699771594
    vertex 6.80743678927666 46.4999548579532 52.7912787211163
  endloop
endfacet
facet normal -0.65934581509693 -3.10994470221411e-006 -0.751839807475298
  outer loop
    vertex 6.80761184457595 11.5000000000271 52.7912699771594
    vertex 8.08592636758845 46.4999548579535 51.6700734527553
    vertex 8.08610142288764 11.5000000000274 51.6700647087984
  endloop
endfacet
facet normal -0.555570233017799 -2.57100843099495e-006 -0.831469612299775
  outer loop
    vertex 9.4998249447017 46.4999548579538 50.7253366273436
    vertex 8.08610142288764 11.5000000000274 51.6700647087984
    vertex 8.08592636758845 46.4999548579535 51.6700734527553
  endloop
endfacet
facet normal -0.555570233017799 -2.57100843099495e-006 -0.831469612299775
  outer loop
    vertex 8.08610142288764 11.5000000000274 51.6700647087984
    vertex 9.4998249447017 46.4999548579538 50.7253366273436
    vertex 9.5000000000009 11.5000000000276 50.7253278833867
  endloop
endfacet
facet normal -0.442288690218164 -1.98808149270125e-006 -0.896872741530898
  outer loop
    vertex 11.0249403239556 46.499954857954 49.9732329538945
    vertex 9.5000000000009 11.5000000000276 50.7253278833867
    vertex 9.4998249447017 46.4999548579538 50.7253366273436
  endloop
endfacet
facet normal -0.442288690218164 -1.98808149270125e-006 -0.896872741530898
  outer loop
    vertex 9.5000000000009 11.5000000000276 50.7253278833867
    vertex 11.0249403239556 46.499954857954 49.9732329538945
    vertex 11.0251153792548 11.5000000000278 49.9732242099376
  endloop
endfacet
facet normal -0.321439465302914 -1.37113792886518e-006 -0.946930129494197
  outer loop
    vertex 12.6351773583689 46.4999548579541 49.4266311347833
    vertex 11.0251153792548 11.5000000000278 49.9732242099376
    vertex 11.0249403239556 46.499954857954 49.9732329538945
  endloop
endfacet
facet normal -0.321439465302914 -1.37113792886518e-006 -0.946930129494197
  outer loop
    vertex 11.0251153792548 11.5000000000278 49.9732242099376
    vertex 12.6351773583689 46.4999548579541 49.4266311347833
    vertex 12.6353524136681 11.500000000028 49.4266223908264
  endloop
endfacet
facet normal -0.195090322016128 -7.30733814913316e-007 -0.980785280402958
  outer loop
    vertex 14.302984445841 46.4999548579542 49.0948836786815
    vertex 12.6353524136681 11.500000000028 49.4266223908264
    vertex 12.6351773583689 46.4999548579541 49.4266311347833
  endloop
endfacet
facet normal -0.195090322016128 -7.30733814913316e-007 -0.980785280402958
  outer loop
    vertex 12.6353524136681 11.500000000028 49.4266223908264
    vertex 14.302984445841 46.4999548579542 49.0948836786815
    vertex 14.3031595011402 11.5000000000281 49.0948749347247
  endloop
endfacet
facet normal -0.0654024352910416 -3.43163293649089e-008 -0.997858968721532
  outer loop
    vertex 16.0000000000016 46.5000000000332 48.983658132607
    vertex 14.3031595011402 11.5000000000281 49.0948749347247
    vertex 14.302984445841 46.4999548579542 49.0948836786815
  endloop
endfacet
facet normal -0.0654024352910416 -3.43163293649089e-008 -0.997858968721532
  outer loop
    vertex 14.3031595011402 11.5000000000281 49.0948749347247
    vertex 16.0000000000016 46.5000000000332 48.983658132607
    vertex 16.0000000000008 11.5000000000247 48.9836581325841
  endloop
endfacet
facet normal -0.707106781184078 -1.57675138706494e-013 -0.707106781189017
  outer loop
    vertex 19.4663923904046 62.7000000001048 48.9836581326038
    vertex 17.4663923904054 46.5000000000304 50.9836581325927
    vertex 17.4663923904048 62.7000000001034 50.9836581325959
  endloop
endfacet
facet normal -0.707106781184078 -1.57675138706494e-013 -0.707106781189017
  outer loop
    vertex 17.4663923904054 46.5000000000304 50.9836581325927
    vertex 19.4663923904046 62.7000000001048 48.9836581326038
    vertex 19.4663923904092 46.5000028400055 48.9836581326091
  endloop
endfacet
facet normal -3.95350771344078e-017 0.988165437803821 0.153391875697454
  outer loop
    vertex 139.000000000002 46.2020300000029 120.199275132607
    vertex 144.000000000002 46.3673600000036 119.134203132607
    vertex 139.000000000002 46.3673600000036 119.134203132607
  endloop
endfacet
facet normal -3.95350771344078e-017 0.988165437803821 0.153391875697454
  outer loop
    vertex 144.000000000002 46.3673600000036 119.134203132607
    vertex 139.000000000002 46.2020300000029 120.199275132607
    vertex 144.000000000002 46.2020300000028 120.199275132607
  endloop
endfacet
facet normal -1.96746332695198e-014 0.626922610307585 0.779081536609053
  outer loop
    vertex 144.000000000002 39.5461099999958 130.948958132602
    vertex 139.000000000002 40.3858199999963 130.273248132603
    vertex 139.000000000002 39.5461099999958 130.948958132602
  endloop
endfacet
facet normal -1.96746332695198e-014 0.626922610307585 0.779081536609053
  outer loop
    vertex 139.000000000002 40.3858199999963 130.273248132603
    vertex 144.000000000002 39.5461099999958 130.948958132602
    vertex 144.000000000002 40.3858199999963 130.273248132603
  endloop
endfacet
facet normal 3.60694467844066e-015 0.999525769731058 0.0307934350720432
  outer loop
    vertex 139.000000000002 46.4668100000043 118.060974132607
    vertex 144.000000000002 46.500000000005 116.983658132607
    vertex 139.000000000002 46.500000000005 116.983658132607
  endloop
endfacet
facet normal 3.60694467844066e-015 0.999525769731058 0.0307934350720432
  outer loop
    vertex 144.000000000002 46.500000000005 116.983658132607
    vertex 139.000000000002 46.4668100000043 118.060974132607
    vertex 144.000000000002 46.4668100000043 118.060974132607
  endloop
endfacet
facet normal -1.8681261016543e-015 0.976848850096381 0.213930652467985
  outer loop
    vertex 139.000000000002 45.9714500000022 121.252148132606
    vertex 144.000000000002 46.2020300000028 120.199275132607
    vertex 139.000000000002 46.2020300000029 120.199275132607
  endloop
endfacet
facet normal -1.8681261016543e-015 0.976848850096381 0.213930652467985
  outer loop
    vertex 144.000000000002 46.2020300000028 120.199275132607
    vertex 139.000000000002 45.9714500000022 121.252148132606
    vertex 144.000000000002 45.9714500000022 121.252148132607
  endloop
endfacet
facet normal -2.07892692698163e-014 0.577771966210323 0.816198232699298
  outer loop
    vertex 144.000000000002 38.6663869999954 131.571698132602
    vertex 139.000000000002 39.5461099999958 130.948958132602
    vertex 139.000000000002 38.6663869999954 131.571698132602
  endloop
endfacet
facet normal -2.07892692698163e-014 0.577771966210323 0.816198232699298
  outer loop
    vertex 139.000000000002 39.5461099999958 130.948958132602
    vertex 144.000000000002 38.6663869999954 131.571698132602
    vertex 144.000000000002 39.5461099999958 130.948958132602
  endloop
endfacet
facet normal -3.68937492095982e-015 0.961825999692524 0.273661737032193
  outer loop
    vertex 139.000000000002 45.6764900000015 122.288830132606
    vertex 144.000000000002 45.9714500000022 121.252148132607
    vertex 139.000000000002 45.9714500000022 121.252148132606
  endloop
endfacet
facet normal -3.68937492095982e-015 0.961825999692524 0.273661737032193
  outer loop
    vertex 144.000000000002 45.9714500000022 121.252148132607
    vertex 139.000000000002 45.6764900000015 122.288830132606
    vertex 144.000000000002 45.6764900000015 122.288830132606
  endloop
endfacet
facet normal -1.76706717218991e-014 0.798017238451703 0.602634621585847
  outer loop
    vertex 139.000000000002 42.6339099999978 127.954828132604
    vertex 144.000000000002 43.2834499999983 127.094698132605
    vertex 139.000000000002 43.2834499999983 127.094698132605
  endloop
endfacet
facet normal -1.76706717218991e-014 0.798017238451703 0.602634621585847
  outer loop
    vertex 144.000000000002 43.2834499999983 127.094698132605
    vertex 139.000000000002 42.6339099999978 127.954828132604
    vertex 144.000000000002 42.6339099999978 127.954828132604
  endloop
endfacet
facet normal -7.27328775662015e-015 0.920906120638071 0.389784449370851
  outer loop
    vertex 139.000000000002 44.8981400000002 124.297964132606
    vertex 144.000000000002 45.3182600000008 123.305387132606
    vertex 139.000000000002 45.3182600000008 123.305387132606
  endloop
endfacet
facet normal -7.27328775662015e-015 0.920906120638071 0.389784449370851
  outer loop
    vertex 144.000000000002 45.3182600000008 123.305387132606
    vertex 139.000000000002 44.8981400000002 124.297964132606
    vertex 144.000000000002 44.8981400000001 124.297964132606
  endloop
endfacet
facet normal -1.1053909868206e-014 0.895162829613056 0.445739283078288
  outer loop
    vertex 139.000000000002 44.4177099999995 125.262795132605
    vertex 144.000000000002 44.8981400000001 124.297964132606
    vertex 139.000000000002 44.8981400000002 124.297964132606
  endloop
endfacet
facet normal -1.1053909868206e-014 0.895162829613056 0.445739283078288
  outer loop
    vertex 144.000000000002 44.8981400000001 124.297964132606
    vertex 139.000000000002 44.4177099999995 125.262795132605
    vertex 144.000000000002 44.4177099999995 125.262795132606
  endloop
endfacet
facet normal -5.4917783817725e-015 0.943151777906443 0.33236233816712
  outer loop
    vertex 139.000000000002 45.3182600000008 123.305387132606
    vertex 144.000000000002 45.6764900000015 122.288830132606
    vertex 139.000000000002 45.6764900000015 122.288830132606
  endloop
endfacet
facet normal -5.4917783817725e-015 0.943151777906443 0.33236233816712
  outer loop
    vertex 144.000000000002 45.6764900000015 122.288830132606
    vertex 139.000000000002 45.3182600000008 123.305387132606
    vertex 144.000000000002 45.3182600000008 123.305387132606
  endloop
endfacet
facet normal -1.86308416478141e-014 0.673698722873142 0.73900611012298
  outer loop
    vertex 144.000000000002 40.3858199999963 130.273248132603
    vertex 139.000000000002 41.1823399999967 129.547118132603
    vertex 139.000000000002 40.3858199999963 130.273248132603
  endloop
endfacet
facet normal -1.86308416478141e-014 0.673698722873142 0.73900611012298
  outer loop
    vertex 139.000000000002 41.1823399999967 129.547118132603
    vertex 144.000000000002 40.3858199999963 130.273248132603
    vertex 144.000000000002 41.1823399999967 129.547118132603
  endloop
endfacet
facet normal -1.27108948768558e-014 0.866026911281223 0.499997388929886
  outer loop
    vertex 139.000000000002 43.8787999999989 126.196221132605
    vertex 144.000000000002 44.4177099999995 125.262795132606
    vertex 139.000000000002 44.4177099999995 125.262795132605
  endloop
endfacet
facet normal -1.27108948768558e-014 0.866026911281223 0.499997388929886
  outer loop
    vertex 144.000000000002 44.4177099999995 125.262795132606
    vertex 139.000000000002 43.8787999999989 126.196221132605
    vertex 144.000000000002 43.8787999999989 126.196221132605
  endloop
endfacet
facet normal 1.78757625988981e-015 0.995734117682618 0.0922689919898215
  outer loop
    vertex 139.000000000002 46.3673600000036 119.134203132607
    vertex 144.000000000002 46.4668100000043 118.060974132607
    vertex 139.000000000002 46.4668100000043 118.060974132607
  endloop
endfacet
facet normal 1.78757625988981e-015 0.995734117682618 0.0922689919898215
  outer loop
    vertex 144.000000000002 46.4668100000043 118.060974132607
    vertex 139.000000000002 46.3673600000036 119.134203132607
    vertex 144.000000000002 46.3673600000036 119.134203132607
  endloop
endfacet
facet normal -2.57961374975207e-014 -0.303155826030892 0.952940997724165
  outer loop
    vertex 144.000000000002 23.1837909999942 133.488858132592
    vertex 139.000000000002 24.2108979999939 133.815608132592
    vertex 139.000000000002 23.1837909999942 133.488858132592
  endloop
endfacet
facet normal -2.57961374975207e-014 -0.303155826030892 0.952940997724165
  outer loop
    vertex 139.000000000002 24.2108979999939 133.815608132592
    vertex 144.000000000002 23.1837909999942 133.488858132592
    vertex 144.000000000002 24.2108979999939 133.815608132592
  endloop
endfacet
facet normal -2.30178103160053e-014 -0.526430279451485 0.850218301894655
  outer loop
    vertex 144.000000000002 19.3336129999954 131.571698132589
    vertex 139.000000000002 20.2499999999951 132.13909813259
    vertex 139.000000000002 19.3336129999954 131.571698132589
  endloop
endfacet
facet normal -2.30178103160053e-014 -0.526430279451485 0.850218301894655
  outer loop
    vertex 139.000000000002 20.2499999999951 132.13909813259
    vertex 144.000000000002 19.3336129999954 131.571698132589
    vertex 144.000000000002 20.2499999999951 132.13909813259
  endloop
endfacet
facet normal -2.65778338165405e-014 0.303155826029608 0.952940997724574
  outer loop
    vertex 144.000000000002 33.7891019999939 133.815608132599
    vertex 139.000000000002 34.8162089999942 133.488858132599
    vertex 139.000000000002 33.7891019999939 133.815608132598
  endloop
endfacet
facet normal -2.65778338165405e-014 0.303155826029608 0.952940997724574
  outer loop
    vertex 139.000000000002 34.8162089999942 133.488858132599
    vertex 144.000000000002 33.7891019999939 133.815608132599
    vertex 144.000000000002 34.8162089999941 133.488858132599
  endloop
endfacet
facet normal -2.66118584848097e-014 -0.183749337245555 0.982973133438457
  outer loop
    vertex 144.000000000002 25.2561709999938 134.078508132593
    vertex 139.000000000002 26.3156459999936 134.276558132594
    vertex 139.000000000002 25.2561709999938 134.078508132593
  endloop
endfacet
facet normal -2.66118584848097e-014 -0.183749337245555 0.982973133438457
  outer loop
    vertex 139.000000000002 26.3156459999936 134.276558132594
    vertex 144.000000000002 25.2561709999938 134.078508132593
    vertex 144.000000000002 26.3156459999936 134.276558132594
  endloop
endfacet
facet normal -2.3851416266795e-014 0.473098486942594 0.881009546856689
  outer loop
    vertex 144.000000000002 36.8004209999947 132.649018132601
    vertex 139.000000000002 37.749999999995 132.139098132601
    vertex 139.000000000002 36.8004209999947 132.6490181326
  endloop
endfacet
facet normal -2.3851416266795e-014 0.473098486942594 0.881009546856689
  outer loop
    vertex 139.000000000002 37.749999999995 132.139098132601
    vertex 144.000000000002 36.8004209999947 132.649018132601
    vertex 144.000000000002 37.749999999995 132.139098132601
  endloop
endfacet
facet normal -1.99153891079413e-014 -0.798017238452507 0.602634621584783
  outer loop
    vertex 144.000000000002 14.7165499999984 127.094698132586
    vertex 139.000000000002 15.3660899999978 127.954828132586
    vertex 139.000000000002 14.7165499999984 127.094698132586
  endloop
endfacet
facet normal -1.99153891079413e-014 -0.798017238452507 0.602634621584783
  outer loop
    vertex 139.000000000002 15.3660899999978 127.954828132586
    vertex 144.000000000002 14.7165499999984 127.094698132586
    vertex 144.000000000002 15.3660899999978 127.954828132587
  endloop
endfacet
facet normal -1.55851197883556e-014 -0.920906120638584 0.389784449369642
  outer loop
    vertex 144.000000000002 12.6817400000009 123.305387132585
    vertex 139.000000000002 13.1018600000002 124.297964132585
    vertex 139.000000000002 12.6817400000009 123.305387132585
  endloop
endfacet
facet normal -1.55851197883556e-014 -0.920906120638584 0.389784449369642
  outer loop
    vertex 139.000000000002 13.1018600000002 124.297964132585
    vertex 144.000000000002 12.6817400000009 123.305387132585
    vertex 144.000000000002 13.1018600000002 124.297964132585
  endloop
endfacet
facet normal -2.60567371386542e-014 -0.361236729132312 0.93247414201456
  outer loop
    vertex 144.000000000002 22.1787469999944 133.099508132591
    vertex 139.000000000002 23.1837909999942 133.488858132592
    vertex 139.000000000002 22.1787469999944 133.099508132591
  endloop
endfacet
facet normal -2.60567371386542e-014 -0.361236729132312 0.93247414201456
  outer loop
    vertex 139.000000000002 23.1837909999942 133.488858132592
    vertex 144.000000000002 22.1787469999944 133.099508132591
    vertex 144.000000000002 23.1837909999942 133.488858132592
  endloop
endfacet
facet normal -1.9081340844005e-014 0.759403939302316 0.650619440973081
  outer loop
    vertex 139.000000000002 41.9326599999972 128.773328132604
    vertex 144.000000000002 42.6339099999978 127.954828132604
    vertex 139.000000000002 42.6339099999978 127.954828132604
  endloop
endfacet
facet normal -1.9081340844005e-014 0.759403939302316 0.650619440973081
  outer loop
    vertex 144.000000000002 42.6339099999978 127.954828132604
    vertex 139.000000000002 41.9326599999972 128.773328132604
    vertex 144.000000000002 41.9326599999972 128.773328132604
  endloop
endfacet
facet normal -2.66408783950949e-014 0.41796129338135 0.908464835442181
  outer loop
    vertex 144.000000000002 35.8212529999944 133.0995081326
    vertex 139.000000000002 36.8004209999947 132.6490181326
    vertex 139.000000000002 35.8212529999944 133.0995081326
  endloop
endfacet
facet normal -2.66408783950949e-014 0.41796129338135 0.908464835442181
  outer loop
    vertex 139.000000000002 36.8004209999947 132.6490181326
    vertex 144.000000000002 35.8212529999944 133.0995081326
    vertex 144.000000000002 36.8004209999947 132.649018132601
  endloop
endfacet
facet normal -2.93834893026275e-014 -0.122886129907513 0.992420777229273
  outer loop
    vertex 144.000000000002 26.3156459999936 134.276558132594
    vertex 139.000000000002 27.3853039999936 134.409008132594
    vertex 139.000000000002 26.3156459999936 134.276558132594
  endloop
endfacet
facet normal -2.93834893026275e-014 -0.122886129907513 0.992420777229273
  outer loop
    vertex 139.000000000002 27.3853039999936 134.409008132594
    vertex 144.000000000002 26.3156459999936 134.276558132594
    vertex 144.000000000002 27.3853039999935 134.409008132594
  endloop
endfacet
facet normal -2.55372680210986e-014 -0.417961293382546 0.908464835441631
  outer loop
    vertex 144.000000000002 21.1995789999947 132.64901813259
    vertex 139.000000000002 22.1787469999944 133.099508132591
    vertex 139.000000000002 21.1995789999947 132.64901813259
  endloop
endfacet
facet normal -2.55372680210986e-014 -0.417961293382546 0.908464835441631
  outer loop
    vertex 139.000000000002 22.1787469999944 133.099508132591
    vertex 144.000000000002 21.1995789999947 132.64901813259
    vertex 144.000000000002 22.1787469999944 133.099508132591
  endloop
endfacet
facet normal -1.74552077454183e-014 -0.833603432615039 0.552363392281227
  outer loop
    vertex 144.000000000002 14.121199999999 126.196221132586
    vertex 139.000000000002 14.7165499999984 127.094698132586
    vertex 139.000000000002 14.121199999999 126.196221132586
  endloop
endfacet
facet normal -1.74552077454183e-014 -0.833603432615039 0.552363392281227
  outer loop
    vertex 139.000000000002 14.7165499999984 127.094698132586
    vertex 144.000000000002 14.121199999999 126.196221132586
    vertex 144.000000000002 14.7165499999984 127.094698132586
  endloop
endfacet
facet normal -1.40069599521093e-014 -0.943151777906887 0.332362338165862
  outer loop
    vertex 144.000000000002 12.3235100000015 122.288830132584
    vertex 139.000000000002 12.6817400000009 123.305387132585
    vertex 139.000000000002 12.3235100000015 122.288830132584
  endloop
endfacet
facet normal -1.40069599521093e-014 -0.943151777906887 0.332362338165862
  outer loop
    vertex 139.000000000002 12.6817400000009 123.305387132585
    vertex 144.000000000002 12.3235100000015 122.288830132584
    vertex 144.000000000002 12.6817400000009 123.305387132585
  endloop
endfacet
facet normal -2.65329262449018e-014 0.361236729131121 0.932474142015021
  outer loop
    vertex 144.000000000002 34.8162089999941 133.488858132599
    vertex 139.000000000002 35.8212529999944 133.0995081326
    vertex 139.000000000002 34.8162089999942 133.488858132599
  endloop
endfacet
facet normal -2.65329262449018e-014 0.361236729131121 0.932474142015021
  outer loop
    vertex 139.000000000002 35.8212529999944 133.0995081326
    vertex 144.000000000002 34.8162089999941 133.488858132599
    vertex 144.000000000002 35.8212529999944 133.0995081326
  endloop
endfacet
facet normal -2.93276514184994e-014 -6.59318753011456e-013 1.0
  outer loop
    vertex 144.000000000002 28.4610864999935 134.475358132595
    vertex 139.000000000002 29.5389134999935 134.475358132596
    vertex 139.000000000002 28.4610864999935 134.475358132595
  endloop
endfacet
facet normal -2.93276514184994e-014 -6.59318753011456e-013 1.0
  outer loop
    vertex 139.000000000002 29.5389134999935 134.475358132596
    vertex 144.000000000002 28.4610864999935 134.475358132595
    vertex 144.000000000002 29.5389134999935 134.475358132596
  endloop
endfacet
facet normal -2.25092411316746e-014 -0.626922610308629 0.779081536608213
  outer loop
    vertex 144.000000000002 17.6141799999963 130.273248132588
    vertex 139.000000000002 18.4538899999958 130.948958132588
    vertex 139.000000000002 17.6141799999963 130.273248132588
  endloop
endfacet
facet normal -2.25092411316746e-014 -0.626922610308629 0.779081536608213
  outer loop
    vertex 139.000000000002 18.4538899999958 130.948958132588
    vertex 144.000000000002 17.6141799999963 130.273248132588
    vertex 144.000000000002 18.4538899999958 130.948958132589
  endloop
endfacet
facet normal -2.18306384368764e-014 0.526430279450385 0.850218301895337
  outer loop
    vertex 144.000000000002 37.749999999995 132.139098132601
    vertex 139.000000000002 38.6663869999954 131.571698132602
    vertex 139.000000000002 37.749999999995 132.139098132601
  endloop
endfacet
facet normal -2.18306384368764e-014 0.526430279450385 0.850218301895337
  outer loop
    vertex 139.000000000002 38.6663869999954 131.571698132602
    vertex 144.000000000002 37.749999999995 132.139098132601
    vertex 144.000000000002 38.6663869999954 131.571698132602
  endloop
endfacet
facet normal -1.66169118207251e-014 -0.86602691128188 0.499997388928749
  outer loop
    vertex 144.000000000002 13.5822899999996 125.262795132585
    vertex 139.000000000002 14.121199999999 126.196221132586
    vertex 139.000000000002 13.5822899999996 125.262795132585
  endloop
endfacet
facet normal -1.66169118207251e-014 -0.86602691128188 0.499997388928749
  outer loop
    vertex 139.000000000002 14.121199999999 126.196221132586
    vertex 144.000000000002 13.5822899999996 125.262795132585
    vertex 144.000000000002 14.121199999999 126.196221132586
  endloop
endfacet
facet normal -1.87972453199232e-014 0.717910509872242 0.69613540336272
  outer loop
    vertex 139.000000000002 41.1823399999967 129.547118132603
    vertex 144.000000000002 41.9326599999972 128.773328132604
    vertex 139.000000000002 41.9326599999972 128.773328132604
  endloop
endfacet
facet normal -1.87972453199232e-014 0.717910509872242 0.69613540336272
  outer loop
    vertex 144.000000000002 41.9326599999972 128.773328132604
    vertex 139.000000000002 41.1823399999967 129.547118132603
    vertex 144.000000000002 41.1823399999967 129.547118132603
  endloop
endfacet
facet normal -2.04693543229583e-014 -0.717910509873154 0.69613540336178
  outer loop
    vertex 144.000000000002 16.0673399999973 128.773328132587
    vertex 139.000000000002 16.8176599999967 129.547118132587
    vertex 139.000000000002 16.0673399999973 128.773328132587
  endloop
endfacet
facet normal -2.04693543229583e-014 -0.717910509873154 0.69613540336178
  outer loop
    vertex 139.000000000002 16.8176599999967 129.547118132587
    vertex 144.000000000002 16.0673399999973 128.773328132587
    vertex 144.000000000002 16.8176599999967 129.547118132588
  endloop
endfacet
facet normal -2.34029784785859e-014 -0.577771966211403 0.816198232698533
  outer loop
    vertex 144.000000000002 18.4538899999958 130.948958132589
    vertex 139.000000000002 19.3336129999954 131.571698132589
    vertex 139.000000000002 18.4538899999958 130.948958132588
  endloop
endfacet
facet normal -2.34029784785859e-014 -0.577771966211403 0.816198232698533
  outer loop
    vertex 139.000000000002 19.3336129999954 131.571698132589
    vertex 144.000000000002 18.4538899999958 130.948958132589
    vertex 144.000000000002 19.3336129999954 131.571698132589
  endloop
endfacet
facet normal -2.00069822388597e-014 -0.673698722874089 0.739006110122117
  outer loop
    vertex 144.000000000002 16.8176599999967 129.547118132588
    vertex 139.000000000002 17.6141799999963 130.273248132588
    vertex 139.000000000002 16.8176599999967 129.547118132587
  endloop
endfacet
facet normal -2.00069822388597e-014 -0.673698722874089 0.739006110122117
  outer loop
    vertex 139.000000000002 17.6141799999963 130.273248132588
    vertex 144.000000000002 16.8176599999967 129.547118132588
    vertex 144.000000000002 17.6141799999963 130.273248132588
  endloop
endfacet
facet normal -2.92716395291945e-014 0.0615590636591509 0.998103442375292
  outer loop
    vertex 144.000000000002 29.5389134999935 134.475358132596
    vertex 139.000000000002 30.6146959999936 134.409008132596
    vertex 139.000000000002 29.5389134999935 134.475358132596
  endloop
endfacet
facet normal -2.92716395291945e-014 0.0615590636591509 0.998103442375292
  outer loop
    vertex 139.000000000002 30.6146959999936 134.409008132596
    vertex 144.000000000002 29.5389134999935 134.475358132596
    vertex 144.000000000002 30.6146959999936 134.409008132596
  endloop
endfacet
facet normal -2.3851416266778e-014 -0.473098486943766 0.881009546856059
  outer loop
    vertex 144.000000000002 20.2499999999951 132.13909813259
    vertex 139.000000000002 21.1995789999947 132.64901813259
    vertex 139.000000000002 20.2499999999951 132.13909813259
  endloop
endfacet
facet normal -2.3851416266778e-014 -0.473098486943766 0.881009546856059
  outer loop
    vertex 139.000000000002 21.1995789999947 132.64901813259
    vertex 144.000000000002 20.2499999999951 132.13909813259
    vertex 144.000000000002 21.1995789999947 132.64901813259
  endloop
endfacet
facet normal -2.8413869936331e-014 0.183749337244244 0.982973133438703
  outer loop
    vertex 144.000000000002 31.6843539999936 134.276558132597
    vertex 139.000000000002 32.7438289999938 134.078508132598
    vertex 139.000000000002 31.6843539999936 134.276558132597
  endloop
endfacet
facet normal -2.8413869936331e-014 0.183749337244244 0.982973133438703
  outer loop
    vertex 139.000000000002 32.7438289999938 134.078508132598
    vertex 144.000000000002 31.6843539999936 134.276558132597
    vertex 144.000000000002 32.7438289999938 134.078508132598
  endloop
endfacet
facet normal -2.91056767112043e-014 0.122886129906298 0.992420777229423
  outer loop
    vertex 144.000000000002 30.6146959999936 134.409008132596
    vertex 139.000000000002 31.6843539999936 134.276558132597
    vertex 139.000000000002 30.6146959999936 134.409008132596
  endloop
endfacet
facet normal -2.91056767112043e-014 0.122886129906298 0.992420777229423
  outer loop
    vertex 139.000000000002 31.6843539999936 134.276558132597
    vertex 144.000000000002 30.6146959999936 134.409008132596
    vertex 144.000000000002 31.6843539999936 134.276558132597
  endloop
endfacet
facet normal -1.36938557270881e-014 0.833603432614317 0.552363392282316
  outer loop
    vertex 139.000000000002 43.2834499999983 127.094698132605
    vertex 144.000000000002 43.8787999999989 126.196221132605
    vertex 139.000000000002 43.8787999999989 126.196221132605
  endloop
endfacet
facet normal -1.36938557270881e-014 0.833603432614317 0.552363392282316
  outer loop
    vertex 144.000000000002 43.8787999999989 126.196221132605
    vertex 139.000000000002 43.2834499999983 127.094698132605
    vertex 144.000000000002 43.2834499999983 127.094698132605
  endloop
endfacet
facet normal -3.18008448217705e-014 -0.0615590636604592 0.998103442375212
  outer loop
    vertex 144.000000000002 27.3853039999935 134.409008132594
    vertex 139.000000000002 28.4610864999935 134.475358132595
    vertex 139.000000000002 27.3853039999936 134.409008132594
  endloop
endfacet
facet normal -3.18008448217705e-014 -0.0615590636604592 0.998103442375212
  outer loop
    vertex 139.000000000002 28.4610864999935 134.475358132595
    vertex 144.000000000002 27.3853039999935 134.409008132594
    vertex 144.000000000002 28.4610864999935 134.475358132595
  endloop
endfacet
facet normal -2.95290366408186e-014 0.243916589045925 0.969796214463741
  outer loop
    vertex 144.000000000002 32.7438289999938 134.078508132598
    vertex 139.000000000002 33.7891019999939 133.815608132598
    vertex 139.000000000002 32.7438289999938 134.078508132598
  endloop
endfacet
facet normal -2.95290366408186e-014 0.243916589045925 0.969796214463741
  outer loop
    vertex 139.000000000002 33.7891019999939 133.815608132598
    vertex 144.000000000002 32.7438289999938 134.078508132598
    vertex 144.000000000002 33.7891019999939 133.815608132599
  endloop
endfacet
facet normal -1.71100516597368e-014 -0.895162829613655 0.445739283077086
  outer loop
    vertex 144.000000000002 13.1018600000002 124.297964132585
    vertex 139.000000000002 13.5822899999996 125.262795132585
    vertex 139.000000000002 13.1018600000002 124.297964132585
  endloop
endfacet
facet normal -1.71100516597368e-014 -0.895162829613655 0.445739283077086
  outer loop
    vertex 139.000000000002 13.5822899999996 125.262795132585
    vertex 144.000000000002 13.1018600000002 124.297964132585
    vertex 144.000000000002 13.5822899999996 125.262795132585
  endloop
endfacet
facet normal -2.62551220785941e-014 -0.243916589047175 0.969796214463426
  outer loop
    vertex 144.000000000002 24.2108979999939 133.815608132592
    vertex 139.000000000002 25.2561709999938 134.078508132593
    vertex 139.000000000002 24.2108979999939 133.815608132592
  endloop
endfacet
facet normal -2.62551220785941e-014 -0.243916589047175 0.969796214463426
  outer loop
    vertex 139.000000000002 25.2561709999938 134.078508132593
    vertex 144.000000000002 24.2108979999939 133.815608132592
    vertex 144.000000000002 25.2561709999938 134.078508132593
  endloop
endfacet
facet normal -5.95470294253572e-014 0.617524437633497 0.786551695011481
  outer loop
    vertex 141.000000000002 25.0489320000079 112.468233132593
    vertex 139.000000000002 25.5512760000082 112.073841132593
    vertex 139.000000000002 25.048932000008 112.468233132593
  endloop
endfacet
facet normal -5.95470294253572e-014 0.617524437633497 0.786551695011481
  outer loop
    vertex 139.000000000002 25.5512760000082 112.073841132593
    vertex 141.000000000002 25.0489320000079 112.468233132593
    vertex 141.000000000002 25.5512760000082 112.073841132593
  endloop
endfacet
facet normal -5.34028129525542e-014 0.697631552455737 0.716456709800528
  outer loop
    vertex 141.000000000002 24.5913550000077 112.913787132593
    vertex 139.000000000002 25.048932000008 112.468233132593
    vertex 139.000000000002 24.5913550000077 112.913787132592
  endloop
endfacet
facet normal -5.34028129525542e-014 0.697631552455737 0.716456709800528
  outer loop
    vertex 139.000000000002 25.048932000008 112.468233132593
    vertex 141.000000000002 24.5913550000077 112.913787132593
    vertex 141.000000000002 25.0489320000079 112.468233132593
  endloop
endfacet
facet normal -1.23625059526041e-014 -0.96182599969288 0.273661737030941
  outer loop
    vertex 144.000000000002 12.0285500000022 121.252148132584
    vertex 139.000000000002 12.3235100000015 122.288830132584
    vertex 139.000000000002 12.0285500000022 121.252148132584
  endloop
endfacet
facet normal -1.23625059526041e-014 -0.96182599969288 0.273661737030941
  outer loop
    vertex 139.000000000002 12.3235100000015 122.288830132584
    vertex 144.000000000002 12.0285500000022 121.252148132584
    vertex 144.000000000002 12.3235100000015 122.288830132584
  endloop
endfacet
facet normal -4.45403994399028e-014 0.833314228602802 0.552799598777096
  outer loop
    vertex 139.000000000002 23.830676000007 113.937663132592
    vertex 141.000000000002 24.1837300000074 113.405454132592
    vertex 139.000000000002 24.1837300000074 113.405454132592
  endloop
endfacet
facet normal -4.45403994399028e-014 0.833314228602802 0.552799598777096
  outer loop
    vertex 141.000000000002 24.1837300000074 113.405454132592
    vertex 139.000000000002 23.830676000007 113.937663132592
    vertex 141.000000000002 23.830676000007 113.937663132592
  endloop
endfacet
facet normal -7.57945028200404e-014 0.339238547504191 0.940700381570692
  outer loop
    vertex 141.000000000002 26.6670550000086 111.455786132594
    vertex 139.000000000002 27.2678480000088 111.239126132594
    vertex 139.000000000002 26.6670550000086 111.455786132594
  endloop
endfacet
facet normal -7.57945028200404e-014 0.339238547504191 0.940700381570692
  outer loop
    vertex 139.000000000002 27.2678480000088 111.239126132594
    vertex 141.000000000002 26.6670550000086 111.455786132594
    vertex 141.000000000002 27.2678480000088 111.239126132594
  endloop
endfacet
facet normal -2.10434733783111e-014 -0.759403939303171 0.650619440972083
  outer loop
    vertex 144.000000000002 15.3660899999978 127.954828132587
    vertex 139.000000000002 16.0673399999973 128.773328132587
    vertex 139.000000000002 15.3660899999978 127.954828132586
  endloop
endfacet
facet normal -2.10434733783111e-014 -0.759403939303171 0.650619440972083
  outer loop
    vertex 139.000000000002 16.0673399999973 128.773328132587
    vertex 144.000000000002 15.3660899999978 127.954828132587
    vertex 144.000000000002 16.0673399999973 128.773328132587
  endloop
endfacet
facet normal -7.90343522541318e-014 0.132725138190878 0.991152883107451
  outer loop
    vertex 141.000000000002 27.8882680000089 111.087553132595
    vertex 139.000000000002 28.5212834000089 111.002786132595
    vertex 139.000000000002 27.8882680000089 111.087553132595
  endloop
endfacet
facet normal -7.90343522541318e-014 0.132725138190878 0.991152883107451
  outer loop
    vertex 139.000000000002 28.5212834000089 111.002786132595
    vertex 141.000000000002 27.8882680000089 111.087553132595
    vertex 141.000000000002 28.5212834000089 111.002786132595
  endloop
endfacet
facet normal -1.77966724124219e-014 0.931336217424933 0.364160473023388
  outer loop
    vertex 139.000000000002 23.3036140000062 115.099198132592
    vertex 141.000000000002 23.5361910000066 114.504385132592
    vertex 139.000000000002 23.5361910000066 114.504385132592
  endloop
endfacet
facet normal -1.77966724124219e-014 0.931336217424933 0.364160473023388
  outer loop
    vertex 141.000000000002 23.5361910000066 114.504385132592
    vertex 139.000000000002 23.3036140000062 115.099198132592
    vertex 141.000000000002 23.3036140000062 115.099198132592
  endloop
endfacet
facet normal -6.83039943885572e-014 0.530421243418139 0.847734218095952
  outer loop
    vertex 141.000000000002 25.5512760000082 112.073841132593
    vertex 139.000000000002 26.0926950000084 111.735079132593
    vertex 139.000000000002 25.5512760000082 112.073841132593
  endloop
endfacet
facet normal -6.83039943885572e-014 0.530421243418139 0.847734218095952
  outer loop
    vertex 139.000000000002 26.0926950000084 111.735079132593
    vertex 141.000000000002 25.5512760000082 112.073841132593
    vertex 141.000000000002 26.0926950000084 111.735079132594
  endloop
endfacet
facet normal -7.67969553437635e-014 0.237327174549368 0.971429777297574
  outer loop
    vertex 141.000000000002 27.2678480000088 111.239126132594
    vertex 139.000000000002 27.8882680000089 111.087553132595
    vertex 139.000000000002 27.2678480000088 111.239126132594
  endloop
endfacet
facet normal -7.67969553437635e-014 0.237327174549368 0.971429777297574
  outer loop
    vertex 139.000000000002 27.8882680000089 111.087553132595
    vertex 141.000000000002 27.2678480000088 111.239126132594
    vertex 141.000000000002 27.8882680000089 111.087553132595
  endloop
endfacet
facet normal -3.16468396181156e-014 0.887351633781258 0.461093350663108
  outer loop
    vertex 139.000000000002 23.5361910000066 114.504385132592
    vertex 141.000000000002 23.830676000007 113.937663132592
    vertex 139.000000000002 23.830676000007 113.937663132592
  endloop
endfacet
facet normal -3.16468396181156e-014 0.887351633781258 0.461093350663108
  outer loop
    vertex 141.000000000002 23.830676000007 113.937663132592
    vertex 139.000000000002 23.5361910000066 114.504385132592
    vertex 141.000000000002 23.5361910000066 114.504385132592
  endloop
endfacet
facet normal -8.47827373176251e-015 -0.976848850096659 0.213930652466715
  outer loop
    vertex 144.000000000002 11.7979700000029 120.199275132584
    vertex 139.000000000002 12.0285500000022 121.252148132584
    vertex 139.000000000002 11.7979700000029 120.199275132584
  endloop
endfacet
facet normal -8.47827373176251e-015 -0.976848850096659 0.213930652466715
  outer loop
    vertex 139.000000000002 12.0285500000022 121.252148132584
    vertex 144.000000000002 11.7979700000029 120.199275132584
    vertex 144.000000000002 12.0285500000022 121.252148132584
  endloop
endfacet
facet normal -1.52192304725665e-014 0.96476808480969 0.263101772195936
  outer loop
    vertex 139.000000000002 23.1355800000058 115.715362132591
    vertex 141.000000000002 23.3036140000062 115.099198132592
    vertex 139.000000000002 23.3036140000062 115.099198132592
  endloop
endfacet
facet normal -1.52192304725665e-014 0.96476808480969 0.263101772195936
  outer loop
    vertex 141.000000000002 23.3036140000062 115.099198132592
    vertex 139.000000000002 23.1355800000058 115.715362132591
    vertex 141.000000000002 23.1355800000058 115.715362132592
  endloop
endfacet
facet normal -5.14248736272825e-014 0.769834008957097 0.638244152854567
  outer loop
    vertex 139.000000000002 24.1837300000074 113.405454132592
    vertex 141.000000000002 24.5913550000077 112.913787132593
    vertex 139.000000000002 24.5913550000077 112.913787132592
  endloop
endfacet
facet normal -5.14248736272825e-014 0.769834008957097 0.638244152854567
  outer loop
    vertex 141.000000000002 24.5913550000077 112.913787132593
    vertex 139.000000000002 24.1837300000074 113.405454132592
    vertex 141.000000000002 24.1837300000074 113.405454132592
  endloop
endfacet
facet normal -7.24597651773509e-014 0.437306968702531 0.899312301219217
  outer loop
    vertex 141.000000000002 26.0926950000084 111.735079132594
    vertex 139.000000000002 26.6670550000086 111.455786132594
    vertex 139.000000000002 26.0926950000084 111.735079132593
  endloop
endfacet
facet normal -7.24597651773509e-014 0.437306968702531 0.899312301219217
  outer loop
    vertex 139.000000000002 26.6670550000086 111.455786132594
    vertex 141.000000000002 26.0926950000084 111.735079132594
    vertex 141.000000000002 26.6670550000086 111.455786132594
  endloop
endfacet
facet normal -1.28161909510328e-014 0.987268233301573 0.159064249640171
  outer loop
    vertex 139.000000000002 23.0339910000054 116.345897232591
    vertex 141.000000000002 23.1355800000058 115.715362132592
    vertex 139.000000000002 23.1355800000058 115.715362132591
  endloop
endfacet
facet normal -1.28161909510328e-014 0.987268233301573 0.159064249640171
  outer loop
    vertex 141.000000000002 23.1355800000058 115.715362132592
    vertex 139.000000000002 23.0339910000054 116.345897232591
    vertex 141.000000000002 23.0339910000054 116.345897232592
  endloop
endfacet
facet normal -9.03280943560162e-016 -0.999525769731098 0.0307934350707454
  outer loop
    vertex 144.000000000002 11.500000000005 116.983658132584
    vertex 139.000000000002 11.5331900000043 118.060974132584
    vertex 139.000000000002 11.500000000005 116.983658132584
  endloop
endfacet
facet normal -9.03280943560162e-016 -0.999525769731098 0.0307934350707454
  outer loop
    vertex 139.000000000002 11.5331900000043 118.060974132584
    vertex 144.000000000002 11.500000000005 116.983658132584
    vertex 144.000000000002 11.5331900000043 118.060974132584
  endloop
endfacet
facet normal -6.72797659437291e-015 -0.988165437804027 0.153391875696128
  outer loop
    vertex 144.000000000002 11.6326400000036 119.134203132584
    vertex 139.000000000002 11.7979700000029 120.199275132584
    vertex 139.000000000002 11.6326400000036 119.134203132584
  endloop
endfacet
facet normal -6.72797659437291e-015 -0.988165437804027 0.153391875696128
  outer loop
    vertex 139.000000000002 11.7979700000029 120.199275132584
    vertex 144.000000000002 11.6326400000036 119.134203132584
    vertex 144.000000000002 11.7979700000029 120.199275132584
  endloop
endfacet
facet normal -4.95175733090362e-015 -0.99573411768274 0.092268991988513
  outer loop
    vertex 144.000000000002 11.5331900000043 118.060974132584
    vertex 139.000000000002 11.6326400000036 119.134203132584
    vertex 139.000000000002 11.5331900000043 118.060974132584
  endloop
endfacet
facet normal -4.95175733090362e-015 -0.99573411768274 0.092268991988513
  outer loop
    vertex 139.000000000002 11.6326400000036 119.134203132584
    vertex 144.000000000002 11.5331900000043 118.060974132584
    vertex 144.000000000002 11.6326400000036 119.134203132584
  endloop
endfacet
facet normal 1.09738028241408e-014 -0.977403333830964 -0.211382882504989
  outer loop
    vertex 141.000000000002 34.9236100000044 117.938039132599
    vertex 139.000000000002 34.7886070000039 118.562273132599
    vertex 139.000000000002 34.9236100000044 117.938039132599
  endloop
endfacet
facet normal 1.09738028241408e-014 -0.977403333830964 -0.211382882504989
  outer loop
    vertex 139.000000000002 34.7886070000039 118.562273132599
    vertex 141.000000000002 34.9236100000044 117.938039132599
    vertex 141.000000000002 34.7886070000039 118.562273132599
  endloop
endfacet
facet normal 2.40174032486289e-015 -0.994334809068547 -0.106293402780306
  outer loop
    vertex 141.000000000002 34.9914960000048 117.302991132599
    vertex 139.000000000002 34.9236100000044 117.938039132599
    vertex 139.000000000002 34.9914960000048 117.302991132599
  endloop
endfacet
facet normal 2.40174032486289e-015 -0.994334809068547 -0.106293402780306
  outer loop
    vertex 139.000000000002 34.9236100000044 117.938039132599
    vertex 141.000000000002 34.9914960000048 117.302991132599
    vertex 141.000000000002 34.9236100000044 117.938039132599
  endloop
endfacet
facet normal 6.94076946383797e-014 -0.388824262369616 -0.921311941197293
  outer loop
    vertex 141.000000000002 31.6238440000014 122.379531132597
    vertex 139.000000000002 31.0354330000013 122.627860132597
    vertex 139.000000000002 31.6238440000015 122.379531132597
  endloop
endfacet
facet normal 6.94076946383797e-014 -0.388824262369616 -0.921311941197293
  outer loop
    vertex 139.000000000002 31.0354330000013 122.627860132597
    vertex 141.000000000002 31.6238440000014 122.379531132597
    vertex 141.000000000002 31.0354330000013 122.627860132597
  endloop
endfacet
facet normal 5.65550388128516e-014 -0.658511813123661 -0.752570390047727
  outer loop
    vertex 141.000000000002 33.1857890000021 121.282398132598
    vertex 139.000000000002 32.7051480000019 121.702967132598
    vertex 139.000000000002 33.1857890000021 121.282398132598
  endloop
endfacet
facet normal 5.65550388128516e-014 -0.658511813123661 -0.752570390047727
  outer loop
    vertex 139.000000000002 32.7051480000019 121.702967132598
    vertex 141.000000000002 33.1857890000021 121.282398132598
    vertex 141.000000000002 32.7051480000019 121.702967132598
  endloop
endfacet
facet normal 3.02241732499595e-014 -0.861554567549282 -0.507664975288792
  outer loop
    vertex 141.000000000002 34.3241120000032 119.750213132599
    vertex 139.000000000002 33.9998840000028 120.300458132599
    vertex 139.000000000002 34.3241120000032 119.750213132599
  endloop
endfacet
facet normal 3.02241732499595e-014 -0.861554567549282 -0.507664975288792
  outer loop
    vertex 139.000000000002 33.9998840000028 120.300458132599
    vertex 141.000000000002 34.3241120000032 119.750213132599
    vertex 141.000000000002 33.9998840000028 120.300458132599
  endloop
endfacet
facet normal 7.78920957886097e-014 0.339238547505426 -0.940700381570247
  outer loop
    vertex 141.000000000002 27.2678480000012 122.728190132594
    vertex 139.000000000002 26.6670550000014 122.511530132594
    vertex 139.000000000002 27.2678480000012 122.728190132594
  endloop
endfacet
facet normal 7.78920957886097e-014 0.339238547505426 -0.940700381570247
  outer loop
    vertex 139.000000000002 26.6670550000014 122.511530132594
    vertex 141.000000000002 27.2678480000012 122.728190132594
    vertex 141.000000000002 26.6670550000014 122.511530132594
  endloop
endfacet
facet normal 6.44753956285194e-014 -0.484550963373216 -0.874763032994701
  outer loop
    vertex 141.000000000002 32.1825250000016 122.070065132598
    vertex 139.000000000002 31.6238440000015 122.379531132597
    vertex 139.000000000002 32.1825250000017 122.070065132597
  endloop
endfacet
facet normal 6.44753956285194e-014 -0.484550963373216 -0.874763032994701
  outer loop
    vertex 139.000000000002 31.6238440000015 122.379531132597
    vertex 141.000000000002 32.1825250000016 122.070065132598
    vertex 141.000000000002 31.6238440000014 122.379531132597
  endloop
endfacet
facet normal 1.2816190950928e-014 0.987268233301783 -0.159064249638869
  outer loop
    vertex 139.000000000002 23.1355800000042 118.251954132591
    vertex 141.000000000002 23.0339910000046 117.621419032592
    vertex 139.000000000002 23.0339910000046 117.621419032591
  endloop
endfacet
facet normal 1.2816190950928e-014 0.987268233301783 -0.159064249638869
  outer loop
    vertex 141.000000000002 23.0339910000046 117.621419032592
    vertex 139.000000000002 23.1355800000042 118.251954132591
    vertex 141.000000000002 23.1355800000042 118.251954132592
  endloop
endfacet
facet normal 1.94216541624025e-014 -0.949397667430599 -0.314076533789678
  outer loop
    vertex 141.000000000002 34.7886070000039 118.562273132599
    vertex 139.000000000002 34.5880170000036 119.168621132599
    vertex 139.000000000002 34.7886070000039 118.562273132599
  endloop
endfacet
facet normal 1.94216541624025e-014 -0.949397667430599 -0.314076533789678
  outer loop
    vertex 139.000000000002 34.5880170000036 119.168621132599
    vertex 141.000000000002 34.7886070000039 118.562273132599
    vertex 141.000000000002 34.5880170000035 119.168621132599
  endloop
endfacet
facet normal 1.90087968154258e-015 0.998582712153226 0.0532218657011175
  outer loop
    vertex 139.000000000002 23.000000000005 116.983658132591
    vertex 141.000000000002 23.0339910000054 116.345897232592
    vertex 139.000000000002 23.0339910000054 116.345897232591
  endloop
endfacet
facet normal 1.90087968154258e-015 0.998582712153226 0.0532218657011175
  outer loop
    vertex 141.000000000002 23.0339910000054 116.345897232592
    vertex 139.000000000002 23.000000000005 116.983658132591
    vertex 141.000000000002 23.000000000005 116.983658132592
  endloop
endfacet
facet normal 8.05418821029166e-014 0.0266211114590967 -0.999645595411035
  outer loop
    vertex 141.000000000002 29.159723100001 122.981532132596
    vertex 139.000000000002 28.5212834000011 122.964530132595
    vertex 139.000000000002 29.159723100001 122.981532132595
  endloop
endfacet
facet normal 8.05418821029166e-014 0.0266211114590967 -0.999645595411035
  outer loop
    vertex 139.000000000002 28.5212834000011 122.964530132595
    vertex 141.000000000002 29.159723100001 122.981532132596
    vertex 141.000000000002 28.5212834000011 122.964530132595
  endloop
endfacet
facet normal 6.3374370664176e-014 0.617524437634534 -0.786551695010667
  outer loop
    vertex 141.000000000002 25.5512760000018 121.893475132593
    vertex 139.000000000002 25.048932000002 121.499083132593
    vertex 139.000000000002 25.5512760000018 121.893475132593
  endloop
endfacet
facet normal 6.3374370664176e-014 0.617524437634534 -0.786551695010667
  outer loop
    vertex 139.000000000002 25.048932000002 121.499083132593
    vertex 141.000000000002 25.5512760000018 121.893475132593
    vertex 141.000000000002 25.048932000002 121.499083132593
  endloop
endfacet
facet normal 2.20055181689726e-014 -0.910634664040347 -0.413212425573245
  outer loop
    vertex 141.000000000002 34.5880170000035 119.168621132599
    vertex 139.000000000002 34.3241120000032 119.750213132599
    vertex 139.000000000002 34.5880170000036 119.168621132599
  endloop
endfacet
facet normal 2.20055181689726e-014 -0.910634664040347 -0.413212425573245
  outer loop
    vertex 139.000000000002 34.3241120000032 119.750213132599
    vertex 141.000000000002 34.5880170000035 119.168621132599
    vertex 141.000000000002 34.3241120000032 119.750213132599
  endloop
endfacet
facet normal 5.1424873627204e-014 0.769834008957907 -0.638244152853591
  outer loop
    vertex 139.000000000002 24.5913550000023 121.053529132592
    vertex 141.000000000002 24.1837300000026 120.561862132592
    vertex 139.000000000002 24.1837300000026 120.561862132592
  endloop
endfacet
facet normal 5.1424873627204e-014 0.769834008957907 -0.638244152853591
  outer loop
    vertex 141.000000000002 24.1837300000026 120.561862132592
    vertex 139.000000000002 24.5913550000023 121.053529132592
    vertex 141.000000000002 24.5913550000023 121.053529132593
  endloop
endfacet
facet normal 7.97362409517052e-014 0.237327174550641 -0.971429777297263
  outer loop
    vertex 141.000000000002 27.8882680000011 122.879763132595
    vertex 139.000000000002 27.2678480000012 122.728190132594
    vertex 139.000000000002 27.8882680000011 122.879763132595
  endloop
endfacet
facet normal 7.97362409517052e-014 0.237327174550641 -0.971429777297263
  outer loop
    vertex 139.000000000002 27.2678480000012 122.728190132594
    vertex 141.000000000002 27.8882680000011 122.879763132595
    vertex 141.000000000002 27.2678480000012 122.728190132594
  endloop
endfacet
facet normal 5.00992224142044e-014 -0.734773729429941 -0.678312292782326
  outer loop
    vertex 141.000000000002 33.6190040000025 120.813123132598
    vertex 139.000000000002 33.1857890000021 121.282398132598
    vertex 139.000000000002 33.6190040000025 120.813123132598
  endloop
endfacet
facet normal 5.00992224142044e-014 -0.734773729429941 -0.678312292782326
  outer loop
    vertex 139.000000000002 33.1857890000021 121.282398132598
    vertex 141.000000000002 33.6190040000025 120.813123132598
    vertex 141.000000000002 33.1857890000021 121.282398132598
  endloop
endfacet
facet normal 5.77266483305478e-014 0.697631552456677 -0.716456709799613
  outer loop
    vertex 141.000000000002 25.048932000002 121.499083132593
    vertex 139.000000000002 24.5913550000023 121.053529132592
    vertex 139.000000000002 25.048932000002 121.499083132593
  endloop
endfacet
facet normal 5.77266483305478e-014 0.697631552456677 -0.716456709799613
  outer loop
    vertex 139.000000000002 24.5913550000023 121.053529132592
    vertex 141.000000000002 25.048932000002 121.499083132593
    vertex 141.000000000002 24.5913550000023 121.053529132593
  endloop
endfacet
facet normal 7.35632921092471e-014 -0.288690856073426 -0.95742236741137
  outer loop
    vertex 141.000000000002 31.0354330000013 122.627860132597
    vertex 139.000000000002 30.4239600000012 122.812237132596
    vertex 139.000000000002 31.0354330000013 122.627860132597
  endloop
endfacet
facet normal 7.35632921092471e-014 -0.288690856073426 -0.95742236741137
  outer loop
    vertex 139.000000000002 30.4239600000012 122.812237132596
    vertex 141.000000000002 31.0354330000013 122.627860132597
    vertex 141.000000000002 30.4239600000012 122.812237132596
  endloop
endfacet
facet normal 2.93412892565632e-014 0.931336217425413 -0.36416047302216
  outer loop
    vertex 139.000000000002 23.5361910000034 119.462931132592
    vertex 141.000000000002 23.3036140000038 118.868118132592
    vertex 139.000000000002 23.3036140000038 118.868118132592
  endloop
endfacet
facet normal 2.93412892565632e-014 0.931336217425413 -0.36416047302216
  outer loop
    vertex 141.000000000002 23.3036140000038 118.868118132592
    vertex 139.000000000002 23.5361910000034 119.462931132592
    vertex 141.000000000002 23.5361910000034 119.462931132592
  endloop
endfacet
facet normal 7.98569664923199e-014 0.132725138192148 -0.991152883107281
  outer loop
    vertex 141.000000000002 28.5212834000011 122.964530132595
    vertex 139.000000000002 27.8882680000011 122.879763132595
    vertex 139.000000000002 28.5212834000011 122.964530132595
  endloop
endfacet
facet normal 7.98569664923199e-014 0.132725138192148 -0.991152883107281
  outer loop
    vertex 139.000000000002 27.8882680000011 122.879763132595
    vertex 141.000000000002 28.5212834000011 122.964530132595
    vertex 141.000000000002 27.8882680000011 122.879763132595
  endloop
endfacet
facet normal 3.81005566609497e-014 -0.802711510200209 -0.59636753046431
  outer loop
    vertex 141.000000000002 33.9998840000028 120.300458132599
    vertex 139.000000000002 33.6190040000025 120.813123132598
    vertex 139.000000000002 33.9998840000028 120.300458132599
  endloop
endfacet
facet normal 3.81005566609497e-014 -0.802711510200209 -0.59636753046431
  outer loop
    vertex 139.000000000002 33.6190040000025 120.813123132598
    vertex 141.000000000002 33.9998840000028 120.300458132599
    vertex 141.000000000002 33.6190040000025 120.813123132598
  endloop
endfacet
facet normal 5.88076903270404e-014 -0.574787655886235 -0.818302603344758
  outer loop
    vertex 141.000000000002 32.7051480000019 121.702967132598
    vertex 139.000000000002 32.1825250000017 122.070065132597
    vertex 139.000000000002 32.7051480000019 121.702967132598
  endloop
endfacet
facet normal 5.88076903270404e-014 -0.574787655886235 -0.818302603344758
  outer loop
    vertex 139.000000000002 32.1825250000017 122.070065132597
    vertex 141.000000000002 32.7051480000019 121.702967132598
    vertex 141.000000000002 32.1825250000016 122.070065132598
  endloop
endfacet
facet normal 7.98184101005414e-014 -0.0797865942072089 -0.99681196791813
  outer loop
    vertex 141.000000000002 29.7963532000011 122.930575132596
    vertex 139.000000000002 29.159723100001 122.981532132595
    vertex 139.000000000002 29.7963532000011 122.930575132596
  endloop
endfacet
facet normal 7.98184101005414e-014 -0.0797865942072089 -0.99681196791813
  outer loop
    vertex 139.000000000002 29.159723100001 122.981532132595
    vertex 141.000000000002 29.7963532000011 122.930575132596
    vertex 141.000000000002 29.159723100001 122.981532132596
  endloop
endfacet
facet normal 6.83039943885011e-014 0.53042124341924 -0.847734218095263
  outer loop
    vertex 141.000000000002 26.0926950000016 122.232237132594
    vertex 139.000000000002 25.5512760000018 121.893475132593
    vertex 139.000000000002 26.0926950000016 122.232237132593
  endloop
endfacet
facet normal 6.83039943885011e-014 0.53042124341924 -0.847734218095263
  outer loop
    vertex 139.000000000002 25.5512760000018 121.893475132593
    vertex 141.000000000002 26.0926950000016 122.232237132594
    vertex 141.000000000002 25.5512760000018 121.893475132593
  endloop
endfacet
facet normal 4.4540399439814e-014 0.833314228603533 -0.552799598775993
  outer loop
    vertex 139.000000000002 24.1837300000026 120.561862132592
    vertex 141.000000000002 23.830676000003 120.029653132592
    vertex 139.000000000002 23.830676000003 120.029653132592
  endloop
endfacet
facet normal 4.4540399439814e-014 0.833314228603533 -0.552799598775993
  outer loop
    vertex 141.000000000002 23.830676000003 120.029653132592
    vertex 139.000000000002 24.1837300000026 120.561862132592
    vertex 141.000000000002 24.1837300000026 120.561862132592
  endloop
endfacet
facet normal -4.09037937635676e-014 -0.86155456754994 0.507664975287675
  outer loop
    vertex 141.000000000002 33.9998840000072 113.666858132599
    vertex 139.000000000002 34.3241120000068 114.217103132599
    vertex 139.000000000002 33.9998840000072 113.666858132599
  endloop
endfacet
facet normal -4.09037937635676e-014 -0.86155456754994 0.507664975287675
  outer loop
    vertex 139.000000000002 34.3241120000068 114.217103132599
    vertex 141.000000000002 33.9998840000072 113.666858132599
    vertex 141.000000000002 34.3241120000068 114.217103132599
  endloop
endfacet
facet normal -5.92001365418252e-014 -0.734773729430858 0.678312292781333
  outer loop
    vertex 141.000000000002 33.1857890000078 112.684918132598
    vertex 139.000000000002 33.6190040000075 113.154193132598
    vertex 139.000000000002 33.1857890000078 112.684918132598
  endloop
endfacet
facet normal -5.92001365418252e-014 -0.734773729430858 0.678312292781333
  outer loop
    vertex 139.000000000002 33.6190040000075 113.154193132598
    vertex 141.000000000002 33.1857890000078 112.684918132598
    vertex 141.000000000002 33.6190040000075 113.154193132599
  endloop
endfacet
facet normal 3.71514054333581e-014 0.88735163378187 -0.46109335066193
  outer loop
    vertex 139.000000000002 23.830676000003 120.029653132592
    vertex 141.000000000002 23.5361910000034 119.462931132592
    vertex 139.000000000002 23.5361910000034 119.462931132592
  endloop
endfacet
facet normal 3.71514054333581e-014 0.88735163378187 -0.46109335066193
  outer loop
    vertex 141.000000000002 23.5361910000034 119.462931132592
    vertex 139.000000000002 23.830676000003 120.029653132592
    vertex 141.000000000002 23.830676000003 120.029653132592
  endloop
endfacet
facet normal 7.24597651773036e-014 0.437306968703738 -0.89931230121863
  outer loop
    vertex 141.000000000002 26.6670550000014 122.511530132594
    vertex 139.000000000002 26.0926950000016 122.232237132593
    vertex 139.000000000002 26.6670550000014 122.511530132594
  endloop
endfacet
facet normal 7.24597651773036e-014 0.437306968703738 -0.89931230121863
  outer loop
    vertex 139.000000000002 26.0926950000016 122.232237132593
    vertex 141.000000000002 26.6670550000014 122.511530132594
    vertex 141.000000000002 26.0926950000016 122.232237132594
  endloop
endfacet
facet normal 1.04773083275832e-014 0.998582712153295 -0.0532218656998105
  outer loop
    vertex 139.000000000002 23.0339910000046 117.621419032591
    vertex 141.000000000002 23.000000000005 116.983658132592
    vertex 139.000000000002 23.000000000005 116.983658132591
  endloop
endfacet
facet normal 1.04773083275832e-014 0.998582712153295 -0.0532218656998105
  outer loop
    vertex 141.000000000002 23.000000000005 116.983658132592
    vertex 139.000000000002 23.0339910000046 117.621419032591
    vertex 141.000000000002 23.0339910000046 117.621419032592
  endloop
endfacet
facet normal 2.11987455360318e-014 0.964768084810041 -0.263101772194652
  outer loop
    vertex 139.000000000002 23.3036140000038 118.868118132592
    vertex 141.000000000002 23.1355800000042 118.251954132592
    vertex 139.000000000002 23.1355800000042 118.251954132591
  endloop
endfacet
facet normal 2.11987455360318e-014 0.964768084810041 -0.263101772194652
  outer loop
    vertex 141.000000000002 23.1355800000042 118.251954132592
    vertex 139.000000000002 23.3036140000038 118.868118132592
    vertex 141.000000000002 23.3036140000038 118.868118132592
  endloop
endfacet
facet normal 7.68778291941462e-014 -0.185289356065322 -0.982684005430484
  outer loop
    vertex 141.000000000002 30.4239600000012 122.812237132596
    vertex 139.000000000002 29.7963532000011 122.930575132596
    vertex 139.000000000002 30.4239600000012 122.812237132596
  endloop
endfacet
facet normal 7.68778291941462e-014 -0.185289356065322 -0.982684005430484
  outer loop
    vertex 139.000000000002 29.7963532000011 122.930575132596
    vertex 141.000000000002 30.4239600000012 122.812237132596
    vertex 141.000000000002 29.7963532000011 122.930575132596
  endloop
endfacet
facet normal -1.47270823244952e-014 -0.994334809068679 0.106293402779069
  outer loop
    vertex 141.000000000002 34.9236100000056 116.029277132599
    vertex 139.000000000002 34.9914960000052 116.664325132599
    vertex 139.000000000002 34.9236100000056 116.029277132599
  endloop
endfacet
facet normal -1.47270823244952e-014 -0.994334809068679 0.106293402779069
  outer loop
    vertex 139.000000000002 34.9914960000052 116.664325132599
    vertex 141.000000000002 34.9236100000056 116.029277132599
    vertex 141.000000000002 34.9914960000052 116.664325132599
  endloop
endfacet
facet normal -8.13019328749179e-014 -0.0797865942085173 0.996811967918025
  outer loop
    vertex 141.000000000002 29.1597231000089 110.985784132596
    vertex 139.000000000002 29.7963532000089 111.036741132596
    vertex 139.000000000002 29.1597231000089 110.985784132595
  endloop
endfacet
facet normal -8.13019328749179e-014 -0.0797865942085173 0.996811967918025
  outer loop
    vertex 139.000000000002 29.7963532000089 111.036741132596
    vertex 141.000000000002 29.1597231000089 110.985784132596
    vertex 141.000000000002 29.7963532000089 111.036741132596
  endloop
endfacet
facet normal -8.03768876970339e-014 0.026621111457754 0.999645595411071
  outer loop
    vertex 141.000000000002 28.5212834000089 111.002786132595
    vertex 139.000000000002 29.1597231000089 110.985784132595
    vertex 139.000000000002 28.5212834000089 111.002786132595
  endloop
endfacet
facet normal -8.03768876970339e-014 0.026621111457754 0.999645595411071
  outer loop
    vertex 139.000000000002 29.1597231000089 110.985784132595
    vertex 141.000000000002 28.5212834000089 111.002786132595
    vertex 141.000000000002 29.1597231000089 110.985784132596
  endloop
endfacet
facet normal -1.70316296218364e-014 -0.97740333383125 0.211382882503666
  outer loop
    vertex 141.000000000002 34.788607000006 115.405043132599
    vertex 139.000000000002 34.9236100000056 116.029277132599
    vertex 139.000000000002 34.788607000006 115.405043132599
  endloop
endfacet
facet normal -1.70316296218364e-014 -0.97740333383125 0.211382882503666
  outer loop
    vertex 139.000000000002 34.9236100000056 116.029277132599
    vertex 141.000000000002 34.788607000006 115.405043132599
    vertex 141.000000000002 34.9236100000056 116.029277132599
  endloop
endfacet
facet normal -7.64881470043883e-014 -0.484550963374378 0.874763032994058
  outer loop
    vertex 141.000000000002 31.6238440000085 111.587785132597
    vertex 139.000000000002 32.1825250000083 111.897251132597
    vertex 139.000000000002 31.6238440000085 111.587785132597
  endloop
endfacet
facet normal -7.64881470043883e-014 -0.484550963374378 0.874763032994058
  outer loop
    vertex 139.000000000002 32.1825250000083 111.897251132597
    vertex 141.000000000002 31.6238440000085 111.587785132597
    vertex 141.000000000002 32.1825250000083 111.897251132598
  endloop
endfacet
facet normal -8.03230317660985e-014 -0.185289356066598 0.982684005430243
  outer loop
    vertex 141.000000000002 29.7963532000089 111.036741132596
    vertex 139.000000000002 30.4239600000088 111.155079132596
    vertex 139.000000000002 29.7963532000089 111.036741132596
  endloop
endfacet
facet normal -8.03230317660985e-014 -0.185289356066598 0.982684005430243
  outer loop
    vertex 139.000000000002 30.4239600000088 111.155079132596
    vertex 141.000000000002 29.7963532000089 111.036741132596
    vertex 141.000000000002 30.4239600000088 111.155079132596
  endloop
endfacet
facet normal -7.30575458138823e-014 -0.57478765588731 0.818302603344002
  outer loop
    vertex 141.000000000002 32.1825250000083 111.897251132598
    vertex 139.000000000002 32.7051480000081 112.264349132598
    vertex 139.000000000002 32.1825250000083 111.897251132597
  endloop
endfacet
facet normal -7.30575458138823e-014 -0.57478765588731 0.818302603344002
  outer loop
    vertex 139.000000000002 32.7051480000081 112.264349132598
    vertex 141.000000000002 32.1825250000083 111.897251132598
    vertex 141.000000000002 32.7051480000081 112.264349132598
  endloop
endfacet
facet normal -7.90521001543266e-014 -0.388824262370812 0.921311941196788
  outer loop
    vertex 141.000000000002 31.0354330000087 111.339456132597
    vertex 139.000000000002 31.6238440000085 111.587785132597
    vertex 139.000000000002 31.0354330000087 111.339456132597
  endloop
endfacet
facet normal -7.90521001543266e-014 -0.388824262370812 0.921311941196788
  outer loop
    vertex 139.000000000002 31.6238440000085 111.587785132597
    vertex 141.000000000002 31.0354330000087 111.339456132597
    vertex 141.000000000002 31.6238440000085 111.587785132597
  endloop
endfacet
facet normal -4.8050772971946e-014 -0.802711510201005 0.596367530463239
  outer loop
    vertex 141.000000000002 33.6190040000075 113.154193132599
    vertex 139.000000000002 33.9998840000072 113.666858132599
    vertex 139.000000000002 33.6190040000075 113.154193132598
  endloop
endfacet
facet normal -4.8050772971946e-014 -0.802711510201005 0.596367530463239
  outer loop
    vertex 139.000000000002 33.9998840000072 113.666858132599
    vertex 141.000000000002 33.6190040000075 113.154193132599
    vertex 141.000000000002 33.9998840000072 113.666858132599
  endloop
endfacet
facet normal -6.8799166810316e-014 -0.658511813124635 0.752570390046875
  outer loop
    vertex 141.000000000002 32.7051480000081 112.264349132598
    vertex 139.000000000002 33.1857890000078 112.684918132598
    vertex 139.000000000002 32.7051480000081 112.264349132598
  endloop
endfacet
facet normal -6.8799166810316e-014 -0.658511813124635 0.752570390046875
  outer loop
    vertex 139.000000000002 33.1857890000078 112.684918132598
    vertex 141.000000000002 32.7051480000081 112.264349132598
    vertex 141.000000000002 33.1857890000078 112.684918132598
  endloop
endfacet
facet normal -3.32891606703767e-014 -0.910634664040895 0.413212425572036
  outer loop
    vertex 141.000000000002 34.3241120000068 114.217103132599
    vertex 139.000000000002 34.5880170000064 114.798695132599
    vertex 139.000000000002 34.3241120000068 114.217103132599
  endloop
endfacet
facet normal -3.32891606703767e-014 -0.910634664040895 0.413212425572036
  outer loop
    vertex 139.000000000002 34.5880170000064 114.798695132599
    vertex 141.000000000002 34.3241120000068 114.217103132599
    vertex 141.000000000002 34.5880170000064 114.798695132599
  endloop
endfacet
facet normal -7.89260498802793e-014 -0.288690856074694 0.957422367410988
  outer loop
    vertex 141.000000000002 30.4239600000088 111.155079132596
    vertex 139.000000000002 31.0354330000087 111.339456132597
    vertex 139.000000000002 30.4239600000088 111.155079132596
  endloop
endfacet
facet normal -7.89260498802793e-014 -0.288690856074694 0.957422367410988
  outer loop
    vertex 139.000000000002 31.0354330000087 111.339456132597
    vertex 141.000000000002 30.4239600000088 111.155079132596
    vertex 141.000000000002 31.0354330000087 111.339456132597
  endloop
endfacet
facet normal -6.19772853301717e-015 -1.0 -6.8880255294234e-013
  outer loop
    vertex 141.000000000002 34.9914960000052 116.664325132599
    vertex 139.000000000002 34.9914960000048 117.302991132599
    vertex 139.000000000002 34.9914960000052 116.664325132599
  endloop
endfacet
facet normal -6.19772853301717e-015 -1.0 -6.8880255294234e-013
  outer loop
    vertex 139.000000000002 34.9914960000048 117.302991132599
    vertex 141.000000000002 34.9914960000052 116.664325132599
    vertex 141.000000000002 34.9914960000048 117.302991132599
  endloop
endfacet
facet normal -2.53059052513515e-014 -0.949397667431 0.314076533788464
  outer loop
    vertex 141.000000000002 34.5880170000064 114.798695132599
    vertex 139.000000000002 34.788607000006 115.405043132599
    vertex 139.000000000002 34.5880170000064 114.798695132599
  endloop
endfacet
facet normal -2.53059052513515e-014 -0.949397667431 0.314076533788464
  outer loop
    vertex 139.000000000002 34.788607000006 115.405043132599
    vertex 141.000000000002 34.5880170000064 114.798695132599
    vertex 141.000000000002 34.788607000006 115.405043132599
  endloop
endfacet
facet normal -0.70710678108873 -1.16506580202793e-011 -0.707106781284365
  outer loop
    vertex 17.4663923904045 11.500066666693 50.9836581314733
    vertex 19.4663923904043 -21.9999999999665 48.9836581325788
    vertex 17.4663923904032 -21.9999999999707 50.9836581325842
  endloop
endfacet
facet normal -0.70710678108873 -1.16506580202793e-011 -0.707106781284365
  outer loop
    vertex 19.4663923904043 -21.9999999999665 48.9836581325788
    vertex 17.4663923904045 11.500066666693 50.9836581314733
    vertex 19.4663923904043 11.5000000000249 48.9836581325844
  endloop
endfacet
facet normal -0.577350269189709 -0.577350269189481 -0.577350269189687
  outer loop
    vertex 19.4663923904043 -21.9999999999665 48.9836581325788
    vertex 19.4663923904032 -23.9999999999706 50.9836581325833
    vertex 17.4663923904032 -21.9999999999707 50.9836581325842
  endloop
endfacet
facet normal 0.195090322016126 5.85403968437676e-013 -0.980785280403231
  outer loop
    vertex 134.364647586331 46.5000000000317 49.4266223908464
    vertex 132.696840498862 11.5000000000318 49.0948749347245
    vertex 132.696840498859 46.5000000000321 49.0948749347448
  endloop
endfacet
facet normal 0.195090322016126 5.85403968437676e-013 -0.980785280403231
  outer loop
    vertex 132.696840498862 11.5000000000318 49.0948749347245
    vertex 134.364647586331 46.5000000000317 49.4266223908464
    vertex 134.364647586334 11.5000000000314 49.4266223908262
  endloop
endfacet
facet normal 0.442288690218992 5.59312833124671e-013 -0.896872741532693
  outer loop
    vertex 137.499999999998 46.5000000000307 50.7253278834066
    vertex 135.974884620748 11.5000000000309 49.9732242099373
    vertex 135.974884620745 46.5000000000313 49.9732242099576
  endloop
endfacet
facet normal 0.442288690218992 5.59312833124671e-013 -0.896872741532693
  outer loop
    vertex 135.974884620748 11.5000000000309 49.9732242099373
    vertex 137.499999999998 46.5000000000307 50.7253278834066
    vertex 137.500000000002 11.5000000000304 50.7253278833864
  endloop
endfacet
facet normal 0.555570233019607 5.31758409744528e-013 -0.831469612302542
  outer loop
    vertex 138.913898577112 46.5000000000301 51.6700647088183
    vertex 137.500000000002 11.5000000000304 50.7253278833864
    vertex 137.499999999998 46.5000000000307 50.7253278834066
  endloop
endfacet
facet normal 0.555570233019607 5.31758409744528e-013 -0.831469612302542
  outer loop
    vertex 137.500000000002 11.5000000000304 50.7253278833864
    vertex 138.913898577112 46.5000000000301 51.6700647088183
    vertex 138.913898577115 11.5000000000298 51.670064708798
  endloop
endfacet
facet normal 0.751839807478976 4.49981103778059e-013 -0.659345815100071
  outer loop
    vertex 140.192388155427 11.5000000000291 52.7912699771589
    vertex 141.313593423785 46.5000000000288 54.0697595554909
    vertex 141.313593423788 11.5000000000284 54.0697595554707
  endloop
endfacet
facet normal 0.751839807478976 4.49981103778059e-013 -0.659345815100071
  outer loop
    vertex 141.313593423785 46.5000000000288 54.0697595554909
    vertex 140.192388155427 11.5000000000291 52.7912699771589
    vertex 140.192388155424 46.5000000000295 52.7912699771792
  endloop
endfacet
facet normal 0.831469612302546 3.97157453569766e-013 -0.555570233019602
  outer loop
    vertex 141.313593423788 11.5000000000284 54.0697595554707
    vertex 142.258330249196 46.500000000028 55.4836581326043
    vertex 142.258330249199 11.5000000000277 55.4836581325841
  endloop
endfacet
facet normal 0.831469612302546 3.97157453569766e-013 -0.555570233019602
  outer loop
    vertex 142.258330249196 46.500000000028 55.4836581326043
    vertex 141.313593423788 11.5000000000284 54.0697595554707
    vertex 141.313593423785 46.5000000000288 54.0697595554909
  endloop
endfacet
facet normal 0.321439465303164 5.77297258859233e-013 -0.946930129495105
  outer loop
    vertex 135.974884620745 46.5000000000313 49.9732242099576
    vertex 134.364647586334 11.5000000000314 49.4266223908262
    vertex 134.364647586331 46.5000000000317 49.4266223908464
  endloop
endfacet
facet normal 0.321439465303164 5.77297258859233e-013 -0.946930129495105
  outer loop
    vertex 134.364647586334 11.5000000000314 49.4266223908262
    vertex 135.974884620745 46.5000000000313 49.9732242099576
    vertex 135.974884620748 11.5000000000309 49.9732242099373
  endloop
endfacet
facet normal 0.659345815100072 4.95105452542375e-013 -0.751839807478975
  outer loop
    vertex 140.192388155424 46.5000000000295 52.7912699771792
    vertex 138.913898577115 11.5000000000298 51.670064708798
    vertex 138.913898577112 46.5000000000301 51.6700647088183
  endloop
endfacet
facet normal 0.659345815100072 4.95105452542375e-013 -0.751839807478975
  outer loop
    vertex 138.913898577115 11.5000000000298 51.670064708798
    vertex 140.192388155424 46.5000000000295 52.7912699771792
    vertex 140.192388155427 11.5000000000291 52.7912699771589
  endloop
endfacet
facet normal 0.896872741532691 3.37538329218043e-013 -0.442288690218995
  outer loop
    vertex 142.258330249199 11.5000000000277 55.4836581325841
    vertex 143.010433922645 46.5000000000273 57.0087735118581
    vertex 143.010433922648 11.500000000027 57.0087735118379
  endloop
endfacet
facet normal 0.896872741532691 3.37538329218043e-013 -0.442288690218995
  outer loop
    vertex 143.010433922645 46.5000000000273 57.0087735118581
    vertex 142.258330249199 11.5000000000277 55.4836581325841
    vertex 142.258330249196 46.500000000028 55.4836581326043
  endloop
endfacet
facet normal 1.0 0.0 0.0
  outer loop
    vertex 144.000000000002 11.5000000000247 61.983658132584
    vertex 144.000000000002 11.5331900000043 118.060974132584
    vertex 144.000000000002 11.500000000005 116.983658132584
  endloop
endfacet
facet normal 1.0 0.0 0.0
  outer loop
    vertex 144.000000000002 11.5331900000043 118.060974132584
    vertex 144.000000000002 11.5000000000247 61.983658132584
    vertex 144.000000000002 46.5000000000246 61.9836581326069
  endloop
endfacet
facet normal 1.0 0.0 0.0
  outer loop
    vertex 144.000000000002 11.5331900000043 118.060974132584
    vertex 144.000000000002 46.5000000000246 61.9836581326069
    vertex 144.000000000002 11.6326400000036 119.134203132584
  endloop
endfacet
facet normal 1.0 0.0 0.0
  outer loop
    vertex 144.000000000002 11.6326400000036 119.134203132584
    vertex 144.000000000002 46.5000000000246 61.9836581326069
    vertex 144.000000000002 11.7979700000029 120.199275132584
  endloop
endfacet
facet normal 1.0 0.0 0.0
  outer loop
    vertex 144.000000000002 11.7979700000029 120.199275132584
    vertex 144.000000000002 46.5000000000246 61.9836581326069
    vertex 144.000000000002 12.0285500000022 121.252148132584
  endloop
endfacet
facet normal 1.0 0.0 0.0
  outer loop
    vertex 144.000000000002 12.0285500000022 121.252148132584
    vertex 144.000000000002 46.5000000000246 61.9836581326069
    vertex 144.000000000002 12.3235100000015 122.288830132584
  endloop
endfacet
facet normal 1.0 0.0 0.0
  outer loop
    vertex 144.000000000002 12.3235100000015 122.288830132584
    vertex 144.000000000002 46.5000000000246 61.9836581326069
    vertex 144.000000000002 12.6817400000009 123.305387132585
  endloop
endfacet
facet normal 1.0 0.0 0.0
  outer loop
    vertex 144.000000000002 12.6817400000009 123.305387132585
    vertex 144.000000000002 46.5000000000246 61.9836581326069
    vertex 144.000000000002 13.1018600000002 124.297964132585
  endloop
endfacet
facet normal 1.0 0.0 0.0
  outer loop
    vertex 144.000000000002 13.1018600000002 124.297964132585
    vertex 144.000000000002 46.5000000000246 61.9836581326069
    vertex 144.000000000002 13.5822899999996 125.262795132585
  endloop
endfacet
facet normal 1.0 0.0 0.0
  outer loop
    vertex 144.000000000002 13.5822899999996 125.262795132585
    vertex 144.000000000002 46.5000000000246 61.9836581326069
    vertex 144.000000000002 14.121199999999 126.196221132586
  endloop
endfacet
facet normal 1.0 0.0 0.0
  outer loop
    vertex 144.000000000002 14.121199999999 126.196221132586
    vertex 144.000000000002 46.5000000000246 61.9836581326069
    vertex 144.000000000002 14.7165499999984 127.094698132586
  endloop
endfacet
facet normal 1.0 0.0 0.0
  outer loop
    vertex 144.000000000002 14.7165499999984 127.094698132586
    vertex 144.000000000002 46.5000000000246 61.9836581326069
    vertex 144.000000000002 15.3660899999978 127.954828132587
  endloop
endfacet
facet normal 1.0 0.0 0.0
  outer loop
    vertex 144.000000000002 15.3660899999978 127.954828132587
    vertex 144.000000000002 46.5000000000246 61.9836581326069
    vertex 144.000000000002 16.0673399999973 128.773328132587
  endloop
endfacet
facet normal 1.0 0.0 0.0
  outer loop
    vertex 144.000000000002 16.0673399999973 128.773328132587
    vertex 144.000000000002 46.5000000000246 61.9836581326069
    vertex 144.000000000002 16.8176599999967 129.547118132588
  endloop
endfacet
facet normal 1.0 0.0 0.0
  outer loop
    vertex 144.000000000002 16.8176599999967 129.547118132588
    vertex 144.000000000002 46.5000000000246 61.9836581326069
    vertex 144.000000000002 17.6141799999963 130.273248132588
  endloop
endfacet
facet normal 1.0 0.0 0.0
  outer loop
    vertex 144.000000000002 17.6141799999963 130.273248132588
    vertex 144.000000000002 46.5000000000246 61.9836581326069
    vertex 144.000000000002 24.3015370000061 115.273557132592
  endloop
endfacet
facet normal 1.0 0.0 0.0
  outer loop
    vertex 144.000000000002 17.6141799999963 130.273248132588
    vertex 144.000000000002 24.3015370000061 115.273557132592
    vertex 144.000000000002 18.4538899999958 130.948958132589
  endloop
endfacet
facet normal 1.0 0.0 0.0
  outer loop
    vertex 144.000000000002 18.4538899999958 130.948958132589
    vertex 144.000000000002 24.3015370000061 115.273557132592
    vertex 144.000000000002 19.3336129999954 131.571698132589
  endloop
endfacet
facet normal 1.0 0.0 0.0
  outer loop
    vertex 144.000000000002 19.3336129999954 131.571698132589
    vertex 144.000000000002 24.3015370000061 115.273557132592
    vertex 144.000000000002 24.1347760000058 115.830579132592
  endloop
endfacet
facet normal 1.0 0.0 0.0
  outer loop
    vertex 144.000000000002 19.3336129999954 131.571698132589
    vertex 144.000000000002 24.1347760000058 115.830579132592
    vertex 144.000000000002 20.2499999999951 132.13909813259
  endloop
endfacet
facet normal 1.0 0.0 0.0
  outer loop
    vertex 144.000000000002 20.2499999999951 132.13909813259
    vertex 144.000000000002 24.1347760000058 115.830579132592
    vertex 144.000000000002 24.0338080000054 116.403193532592
  endloop
endfacet
facet normal 1.0 0.0 0.0
  outer loop
    vertex 144.000000000002 20.2499999999951 132.13909813259
    vertex 144.000000000002 24.0338080000054 116.403193532592
    vertex 144.000000000002 21.1995789999947 132.64901813259
  endloop
endfacet
facet normal 1.0 0.0 0.0
  outer loop
    vertex 144.000000000002 21.1995789999947 132.64901813259
    vertex 144.000000000002 24.0338080000054 116.403193532592
    vertex 144.000000000002 22.1787469999944 133.099508132591
  endloop
endfacet
facet normal 1.0 0.0 0.0
  outer loop
    vertex 144.000000000002 22.1787469999944 133.099508132591
    vertex 144.000000000002 24.0338080000054 116.403193532592
    vertex 144.000000000002 24.000000000005 116.983658132592
  endloop
endfacet
facet normal 1.0 0.0 0.0
  outer loop
    vertex 144.000000000002 22.1787469999944 133.099508132591
    vertex 144.000000000002 24.000000000005 116.983658132592
    vertex 144.000000000002 23.1837909999942 133.488858132592
  endloop
endfacet
facet normal 1.0 0.0 0.0
  outer loop
    vertex 144.000000000002 24.3015370000061 115.273557132592
    vertex 144.000000000002 46.5000000000246 61.9836581326069
    vertex 144.000000000002 24.5318370000065 114.739662132593
  endloop
endfacet
facet normal 1.0 0.0 0.0
  outer loop
    vertex 144.000000000002 24.5318370000065 114.739662132593
    vertex 144.000000000002 46.5000000000246 61.9836581326069
    vertex 144.000000000002 24.8225610000068 114.236113132593
  endloop
endfacet
facet normal 1.0 0.0 0.0
  outer loop
    vertex 144.000000000002 24.8225610000068 114.236113132593
    vertex 144.000000000002 46.5000000000246 61.9836581326069
    vertex 144.000000000002 25.1697780000071 113.769720132593
  endloop
endfacet
facet normal 1.0 0.0 0.0
  outer loop
    vertex 144.000000000002 25.1697780000071 113.769720132593
    vertex 144.000000000002 46.5000000000246 61.9836581326069
    vertex 144.000000000002 25.5687920000074 113.346790132593
  endloop
endfacet
facet normal 1.0 0.0 0.0
  outer loop
    vertex 144.000000000002 25.5687920000074 113.346790132593
    vertex 144.000000000002 46.5000000000246 61.9836581326069
    vertex 144.000000000002 26.0142070000076 112.973042132594
  endloop
endfacet
facet normal 1.0 0.0 0.0
  outer loop
    vertex 144.000000000002 26.0142070000076 112.973042132594
    vertex 144.000000000002 46.5000000000246 61.9836581326069
    vertex 144.000000000002 26.5000000000078 112.653531132594
  endloop
endfacet
facet normal 1.0 0.0 0.0
  outer loop
    vertex 144.000000000002 26.5000000000078 112.653531132594
    vertex 144.000000000002 46.5000000000246 61.9836581326069
    vertex 144.000000000002 27.019601000008 112.392577132594
  endloop
endfacet
facet normal 1.0 0.0 0.0
  outer loop
    vertex 144.000000000002 27.019601000008 112.392577132594
    vertex 144.000000000002 46.5000000000246 61.9836581326069
    vertex 144.000000000002 27.5659840000081 112.193710132595
  endloop
endfacet
facet normal 1.0 0.0 0.0
  outer loop
    vertex 144.000000000002 27.5659840000081 112.193710132595
    vertex 144.000000000002 46.5000000000246 61.9836581326069
    vertex 144.000000000002 28.1317591000082 112.059619132595
  endloop
endfacet
facet normal 1.0 0.0 0.0
  outer loop
    vertex 144.000000000002 28.1317591000082 112.059619132595
    vertex 144.000000000002 46.5000000000246 61.9836581326069
    vertex 144.000000000002 28.7092759000083 111.992117132595
  endloop
endfacet
facet normal 1.0 0.0 0.0
  outer loop
    vertex 144.000000000002 28.7092759000083 111.992117132595
    vertex 144.000000000002 46.5000000000246 61.9836581326069
    vertex 144.000000000002 29.2907241000083 111.992117132596
  endloop
endfacet
facet normal 1.0 0.0 0.0
  outer loop
    vertex 144.000000000002 29.2907241000083 111.992117132596
    vertex 144.000000000002 46.5000000000246 61.9836581326069
    vertex 144.000000000002 29.8682409000082 112.059619132596
  endloop
endfacet
facet normal 1.0 0.0 0.0
  outer loop
    vertex 144.000000000002 29.8682409000082 112.059619132596
    vertex 144.000000000002 46.5000000000246 61.9836581326069
    vertex 144.000000000002 30.4340160000081 112.193710132596
  endloop
endfacet
facet normal 1.0 0.0 0.0
  outer loop
    vertex 144.000000000002 30.4340160000081 112.193710132596
    vertex 144.000000000002 46.5000000000246 61.9836581326069
    vertex 144.000000000002 30.980399000008 112.392577132597
  endloop
endfacet
facet normal 1.0 0.0 0.0
  outer loop
    vertex 144.000000000002 30.980399000008 112.392577132597
    vertex 144.000000000002 46.5000000000246 61.9836581326069
    vertex 144.000000000002 31.5000000000078 112.653531132597
  endloop
endfacet
facet normal 1.0 0.0 0.0
  outer loop
    vertex 144.000000000002 31.5000000000078 112.653531132597
    vertex 144.000000000002 46.5000000000246 61.9836581326069
    vertex 144.000000000002 31.9857930000076 112.973042132597
  endloop
endfacet
facet normal 1.0 0.0 0.0
  outer loop
    vertex 144.000000000002 31.9857930000076 112.973042132597
    vertex 144.000000000002 46.5000000000246 61.9836581326069
    vertex 144.000000000002 32.4312080000074 113.346790132598
  endloop
endfacet
facet normal 1.0 0.0 0.0
  outer loop
    vertex 144.000000000002 32.4312080000074 113.346790132598
    vertex 144.000000000002 46.5000000000246 61.9836581326069
    vertex 144.000000000002 32.8302220000071 113.769720132598
  endloop
endfacet
facet normal 1.0 0.0 0.0
  outer loop
    vertex 144.000000000002 32.8302220000071 113.769720132598
    vertex 144.000000000002 46.5000000000246 61.9836581326069
    vertex 144.000000000002 33.1774390000068 114.236113132598
  endloop
endfacet
facet normal 1.0 0.0 0.0
  outer loop
    vertex 144.000000000002 33.1774390000068 114.236113132598
    vertex 144.000000000002 46.5000000000246 61.9836581326069
    vertex 144.000000000002 33.4681630000065 114.739662132598
  endloop
endfacet
facet normal 1.0 0.0 0.0
  outer loop
    vertex 144.000000000002 33.4681630000065 114.739662132598
    vertex 144.000000000002 46.5000000000246 61.9836581326069
    vertex 144.000000000002 33.6984630000061 115.273557132599
  endloop
endfacet
facet normal 1.0 0.0 0.0
  outer loop
    vertex 144.000000000002 33.6984630000061 115.273557132599
    vertex 144.000000000002 46.5000000000246 61.9836581326069
    vertex 144.000000000002 33.8652240000057 115.830579132599
  endloop
endfacet
facet normal 1.0 0.0 0.0
  outer loop
    vertex 144.000000000002 33.8652240000057 115.830579132599
    vertex 144.000000000002 46.5000000000246 61.9836581326069
    vertex 144.000000000002 33.9661920000054 116.403193532599
  endloop
endfacet
facet normal 1.0 0.0 0.0
  outer loop
    vertex 144.000000000002 33.9661920000054 116.403193532599
    vertex 144.000000000002 46.5000000000246 61.9836581326069
    vertex 144.000000000002 34.000000000005 116.983658132599
  endloop
endfacet
facet normal 1.0 0.0 0.0
  outer loop
    vertex 144.000000000002 34.000000000005 116.983658132599
    vertex 144.000000000002 46.5000000000246 61.9836581326069
    vertex 144.000000000002 34.8162089999941 133.488858132599
  endloop
endfacet
facet normal 1.0 0.0 0.0
  outer loop
    vertex 144.000000000002 34.8162089999941 133.488858132599
    vertex 144.000000000002 46.5000000000246 61.9836581326069
    vertex 144.000000000002 35.8212529999944 133.0995081326
  endloop
endfacet
facet normal 1.0 0.0 0.0
  outer loop
    vertex 144.000000000002 35.8212529999944 133.0995081326
    vertex 144.000000000002 46.5000000000246 61.9836581326069
    vertex 144.000000000002 36.8004209999947 132.649018132601
  endloop
endfacet
facet normal 1.0 0.0 0.0
  outer loop
    vertex 144.000000000002 36.8004209999947 132.649018132601
    vertex 144.000000000002 46.5000000000246 61.9836581326069
    vertex 144.000000000002 37.749999999995 132.139098132601
  endloop
endfacet
facet normal 1.0 0.0 0.0
  outer loop
    vertex 144.000000000002 37.749999999995 132.139098132601
    vertex 144.000000000002 46.5000000000246 61.9836581326069
    vertex 144.000000000002 38.6663869999954 131.571698132602
  endloop
endfacet
facet normal 1.0 0.0 0.0
  outer loop
    vertex 144.000000000002 38.6663869999954 131.571698132602
    vertex 144.000000000002 46.5000000000246 61.9836581326069
    vertex 144.000000000002 39.5461099999958 130.948958132602
  endloop
endfacet
facet normal 1.0 0.0 0.0
  outer loop
    vertex 144.000000000002 39.5461099999958 130.948958132602
    vertex 144.000000000002 46.5000000000246 61.9836581326069
    vertex 144.000000000002 40.3858199999963 130.273248132603
  endloop
endfacet
facet normal 1.0 0.0 0.0
  outer loop
    vertex 144.000000000002 40.3858199999963 130.273248132603
    vertex 144.000000000002 46.5000000000246 61.9836581326069
    vertex 144.000000000002 41.1823399999967 129.547118132603
  endloop
endfacet
facet normal 1.0 0.0 0.0
  outer loop
    vertex 144.000000000002 41.1823399999967 129.547118132603
    vertex 144.000000000002 46.5000000000246 61.9836581326069
    vertex 144.000000000002 41.9326599999972 128.773328132604
  endloop
endfacet
facet normal 1.0 0.0 0.0
  outer loop
    vertex 144.000000000002 41.9326599999972 128.773328132604
    vertex 144.000000000002 46.5000000000246 61.9836581326069
    vertex 144.000000000002 42.6339099999978 127.954828132604
  endloop
endfacet
facet normal 1.0 0.0 0.0
  outer loop
    vertex 144.000000000002 42.6339099999978 127.954828132604
    vertex 144.000000000002 46.5000000000246 61.9836581326069
    vertex 144.000000000002 43.2834499999983 127.094698132605
  endloop
endfacet
facet normal 1.0 0.0 0.0
  outer loop
    vertex 144.000000000002 43.2834499999983 127.094698132605
    vertex 144.000000000002 46.5000000000246 61.9836581326069
    vertex 144.000000000002 43.8787999999989 126.196221132605
  endloop
endfacet
facet normal 1.0 0.0 0.0
  outer loop
    vertex 144.000000000002 43.8787999999989 126.196221132605
    vertex 144.000000000002 46.5000000000246 61.9836581326069
    vertex 144.000000000002 44.4177099999995 125.262795132606
  endloop
endfacet
facet normal 1.0 0.0 0.0
  outer loop
    vertex 144.000000000002 44.4177099999995 125.262795132606
    vertex 144.000000000002 46.5000000000246 61.9836581326069
    vertex 144.000000000002 44.8981400000001 124.297964132606
  endloop
endfacet
facet normal 1.0 0.0 0.0
  outer loop
    vertex 144.000000000002 44.8981400000001 124.297964132606
    vertex 144.000000000002 46.5000000000246 61.9836581326069
    vertex 144.000000000002 45.3182600000008 123.305387132606
  endloop
endfacet
facet normal 1.0 0.0 0.0
  outer loop
    vertex 144.000000000002 45.3182600000008 123.305387132606
    vertex 144.000000000002 46.5000000000246 61.9836581326069
    vertex 144.000000000002 45.6764900000015 122.288830132606
  endloop
endfacet
facet normal 1.0 0.0 0.0
  outer loop
    vertex 144.000000000002 45.6764900000015 122.288830132606
    vertex 144.000000000002 46.5000000000246 61.9836581326069
    vertex 144.000000000002 45.9714500000022 121.252148132607
  endloop
endfacet
facet normal 1.0 0.0 0.0
  outer loop
    vertex 144.000000000002 45.9714500000022 121.252148132607
    vertex 144.000000000002 46.5000000000246 61.9836581326069
    vertex 144.000000000002 46.2020300000028 120.199275132607
  endloop
endfacet
facet normal 1.0 0.0 0.0
  outer loop
    vertex 144.000000000002 46.2020300000028 120.199275132607
    vertex 144.000000000002 46.5000000000246 61.9836581326069
    vertex 144.000000000002 46.3673600000036 119.134203132607
  endloop
endfacet
facet normal 1.0 0.0 0.0
  outer loop
    vertex 144.000000000002 46.3673600000036 119.134203132607
    vertex 144.000000000002 46.5000000000246 61.9836581326069
    vertex 144.000000000002 46.4668100000043 118.060974132607
  endloop
endfacet
facet normal 1.0 0.0 0.0
  outer loop
    vertex 144.000000000002 46.4668100000043 118.060974132607
    vertex 144.000000000002 46.5000000000246 61.9836581326069
    vertex 144.000000000002 46.500000000005 116.983658132607
  endloop
endfacet
facet normal 1.0 0.0 0.0
  outer loop
    vertex 144.000000000002 24.000000000005 116.983658132592
    vertex 144.000000000002 24.2108979999939 133.815608132592
    vertex 144.000000000002 23.1837909999942 133.488858132592
  endloop
endfacet
facet normal 1.0 0.0 0.0
  outer loop
    vertex 144.000000000002 24.2108979999939 133.815608132592
    vertex 144.000000000002 24.000000000005 116.983658132592
    vertex 144.000000000002 24.0338080000046 117.564122732592
  endloop
endfacet
facet normal 1.0 0.0 0.0
  outer loop
    vertex 144.000000000002 24.2108979999939 133.815608132592
    vertex 144.000000000002 24.0338080000046 117.564122732592
    vertex 144.000000000002 24.1347760000042 118.136737132592
  endloop
endfacet
facet normal 1.0 0.0 0.0
  outer loop
    vertex 144.000000000002 24.2108979999939 133.815608132592
    vertex 144.000000000002 24.1347760000042 118.136737132592
    vertex 144.000000000002 24.3015370000039 118.693759132592
  endloop
endfacet
facet normal 1.0 0.0 0.0
  outer loop
    vertex 144.000000000002 24.2108979999939 133.815608132592
    vertex 144.000000000002 24.3015370000039 118.693759132592
    vertex 144.000000000002 25.2561709999938 134.078508132593
  endloop
endfacet
facet normal 1.0 0.0 0.0
  outer loop
    vertex 144.000000000002 25.2561709999938 134.078508132593
    vertex 144.000000000002 24.3015370000039 118.693759132592
    vertex 144.000000000002 24.5318370000035 119.227654132593
  endloop
endfacet
facet normal 1.0 0.0 0.0
  outer loop
    vertex 144.000000000002 25.2561709999938 134.078508132593
    vertex 144.000000000002 24.5318370000035 119.227654132593
    vertex 144.000000000002 24.8225610000032 119.731203132593
  endloop
endfacet
facet normal 1.0 0.0 0.0
  outer loop
    vertex 144.000000000002 25.2561709999938 134.078508132593
    vertex 144.000000000002 24.8225610000032 119.731203132593
    vertex 144.000000000002 25.1697780000029 120.197596132593
  endloop
endfacet
facet normal 1.0 0.0 0.0
  outer loop
    vertex 144.000000000002 25.2561709999938 134.078508132593
    vertex 144.000000000002 25.1697780000029 120.197596132593
    vertex 144.000000000002 25.5687920000026 120.620526132593
  endloop
endfacet
facet normal 1.0 0.0 0.0
  outer loop
    vertex 144.000000000002 25.2561709999938 134.078508132593
    vertex 144.000000000002 25.5687920000026 120.620526132593
    vertex 144.000000000002 26.3156459999936 134.276558132594
  endloop
endfacet
facet normal 1.0 0.0 0.0
  outer loop
    vertex 144.000000000002 26.3156459999936 134.276558132594
    vertex 144.000000000002 25.5687920000026 120.620526132593
    vertex 144.000000000002 26.0142070000024 120.994274132593
  endloop
endfacet
facet normal 1.0 0.0 0.0
  outer loop
    vertex 144.000000000002 26.3156459999936 134.276558132594
    vertex 144.000000000002 26.0142070000024 120.994274132593
    vertex 144.000000000002 26.5000000000021 121.313785132594
  endloop
endfacet
facet normal 1.0 0.0 0.0
  outer loop
    vertex 144.000000000002 26.3156459999936 134.276558132594
    vertex 144.000000000002 26.5000000000021 121.313785132594
    vertex 144.000000000002 27.3853039999935 134.409008132594
  endloop
endfacet
facet normal 1.0 0.0 0.0
  outer loop
    vertex 144.000000000002 27.3853039999935 134.409008132594
    vertex 144.000000000002 26.5000000000021 121.313785132594
    vertex 144.000000000002 27.019601000002 121.574739132594
  endloop
endfacet
facet normal 1.0 0.0 0.0
  outer loop
    vertex 144.000000000002 27.3853039999935 134.409008132594
    vertex 144.000000000002 27.019601000002 121.574739132594
    vertex 144.000000000002 27.5659840000018 121.773606132595
  endloop
endfacet
facet normal 1.0 0.0 0.0
  outer loop
    vertex 144.000000000002 27.3853039999935 134.409008132594
    vertex 144.000000000002 27.5659840000018 121.773606132595
    vertex 144.000000000002 28.4610864999935 134.475358132595
  endloop
endfacet
facet normal 1.0 0.0 0.0
  outer loop
    vertex 144.000000000002 28.4610864999935 134.475358132595
    vertex 144.000000000002 27.5659840000018 121.773606132595
    vertex 144.000000000002 28.1317591000017 121.907697132595
  endloop
endfacet
facet normal 1.0 0.0 0.0
  outer loop
    vertex 144.000000000002 28.4610864999935 134.475358132595
    vertex 144.000000000002 28.1317591000017 121.907697132595
    vertex 144.000000000002 28.7092759000017 121.975199132595
  endloop
endfacet
facet normal 1.0 0.0 0.0
  outer loop
    vertex 144.000000000002 28.4610864999935 134.475358132595
    vertex 144.000000000002 28.7092759000017 121.975199132595
    vertex 144.000000000002 29.5389134999935 134.475358132596
  endloop
endfacet
facet normal 1.0 0.0 0.0
  outer loop
    vertex 144.000000000002 29.5389134999935 134.475358132596
    vertex 144.000000000002 28.7092759000017 121.975199132595
    vertex 144.000000000002 29.2907241000017 121.975199132596
  endloop
endfacet
facet normal 1.0 0.0 0.0
  outer loop
    vertex 144.000000000002 29.5389134999935 134.475358132596
    vertex 144.000000000002 29.2907241000017 121.975199132596
    vertex 144.000000000002 29.8682409000017 121.907697132596
  endloop
endfacet
facet normal 1.0 0.0 0.0
  outer loop
    vertex 144.000000000002 29.5389134999935 134.475358132596
    vertex 144.000000000002 29.8682409000017 121.907697132596
    vertex 144.000000000002 30.6146959999936 134.409008132596
  endloop
endfacet
facet normal 1.0 0.0 0.0
  outer loop
    vertex 144.000000000002 30.6146959999936 134.409008132596
    vertex 144.000000000002 29.8682409000017 121.907697132596
    vertex 144.000000000002 30.4340160000018 121.773606132596
  endloop
endfacet
facet normal 1.0 0.0 0.0
  outer loop
    vertex 144.000000000002 30.6146959999936 134.409008132596
    vertex 144.000000000002 30.4340160000018 121.773606132596
    vertex 144.000000000002 30.980399000002 121.574739132597
  endloop
endfacet
facet normal 1.0 0.0 0.0
  outer loop
    vertex 144.000000000002 30.6146959999936 134.409008132596
    vertex 144.000000000002 30.980399000002 121.574739132597
    vertex 144.000000000002 31.6843539999936 134.276558132597
  endloop
endfacet
facet normal 1.0 0.0 0.0
  outer loop
    vertex 144.000000000002 31.6843539999936 134.276558132597
    vertex 144.000000000002 30.980399000002 121.574739132597
    vertex 144.000000000002 31.5000000000021 121.313785132597
  endloop
endfacet
facet normal 1.0 0.0 0.0
  outer loop
    vertex 144.000000000002 31.6843539999936 134.276558132597
    vertex 144.000000000002 31.5000000000021 121.313785132597
    vertex 144.000000000002 31.9857930000024 120.994274132597
  endloop
endfacet
facet normal 1.0 0.0 0.0
  outer loop
    vertex 144.000000000002 31.6843539999936 134.276558132597
    vertex 144.000000000002 31.9857930000024 120.994274132597
    vertex 144.000000000002 32.7438289999938 134.078508132598
  endloop
endfacet
facet normal 1.0 0.0 0.0
  outer loop
    vertex 144.000000000002 32.7438289999938 134.078508132598
    vertex 144.000000000002 31.9857930000024 120.994274132597
    vertex 144.000000000002 32.4312080000026 120.620526132598
  endloop
endfacet
facet normal 1.0 0.0 0.0
  outer loop
    vertex 144.000000000002 32.7438289999938 134.078508132598
    vertex 144.000000000002 32.4312080000026 120.620526132598
    vertex 144.000000000002 32.8302220000029 120.197596132598
  endloop
endfacet
facet normal 1.0 0.0 0.0
  outer loop
    vertex 144.000000000002 32.7438289999938 134.078508132598
    vertex 144.000000000002 32.8302220000029 120.197596132598
    vertex 144.000000000002 33.7891019999939 133.815608132599
  endloop
endfacet
facet normal 1.0 0.0 0.0
  outer loop
    vertex 144.000000000002 33.7891019999939 133.815608132599
    vertex 144.000000000002 32.8302220000029 120.197596132598
    vertex 144.000000000002 33.1774390000032 119.731203132598
  endloop
endfacet
facet normal 1.0 0.0 0.0
  outer loop
    vertex 144.000000000002 33.7891019999939 133.815608132599
    vertex 144.000000000002 33.1774390000032 119.731203132598
    vertex 144.000000000002 33.4681630000035 119.227654132598
  endloop
endfacet
facet normal 1.0 0.0 0.0
  outer loop
    vertex 144.000000000002 33.7891019999939 133.815608132599
    vertex 144.000000000002 33.4681630000035 119.227654132598
    vertex 144.000000000002 33.6984630000038 118.693759132599
  endloop
endfacet
facet normal 1.0 0.0 0.0
  outer loop
    vertex 144.000000000002 33.7891019999939 133.815608132599
    vertex 144.000000000002 33.6984630000038 118.693759132599
    vertex 144.000000000002 33.8652240000042 118.136737132599
  endloop
endfacet
facet normal 1.0 0.0 0.0
  outer loop
    vertex 144.000000000002 33.7891019999939 133.815608132599
    vertex 144.000000000002 33.8652240000042 118.136737132599
    vertex 144.000000000002 34.8162089999941 133.488858132599
  endloop
endfacet
facet normal 1.0 0.0 0.0
  outer loop
    vertex 144.000000000002 34.8162089999941 133.488858132599
    vertex 144.000000000002 33.8652240000042 118.136737132599
    vertex 144.000000000002 33.9661920000046 117.564122732599
  endloop
endfacet
facet normal 1.0 0.0 0.0
  outer loop
    vertex 144.000000000002 34.8162089999941 133.488858132599
    vertex 144.000000000002 33.9661920000046 117.564122732599
    vertex 144.000000000002 34.000000000005 116.983658132599
  endloop
endfacet
facet normal 0.0654031292301442 5.83364804256138e-013 -0.997858923238604
  outer loop
    vertex 132.696840498859 46.5000000000321 49.0948749347448
    vertex 131.000000000002 11.5000000000296 48.9836581325841
    vertex 130.999999999998 46.50000000003 48.9836581326043
  endloop
endfacet
facet normal 0.0654031292301442 5.83364804256138e-013 -0.997858923238604
  outer loop
    vertex 131.000000000002 11.5000000000296 48.9836581325841
    vertex 132.696840498859 46.5000000000321 49.0948749347448
    vertex 132.696840498862 11.5000000000318 49.0948749347245
  endloop
endfacet
facet normal 0.997858923238547 8.47116054996304e-014 -0.0654031292310109
  outer loop
    vertex 143.888783197861 11.5000000000254 60.2868176337234
    vertex 144.000000000002 46.5000000000246 61.9836581326069
    vertex 144.000000000002 11.5000000000247 61.983658132584
  endloop
endfacet
facet normal 0.997858923238547 8.47116054996304e-014 -0.0654031292310109
  outer loop
    vertex 144.000000000002 46.5000000000246 61.9836581326069
    vertex 143.888783197861 11.5000000000254 60.2868176337234
    vertex 143.888783197858 46.5000000000258 60.2868176337436
  endloop
endfacet
facet normal 0.980785280403231 2.02092875330286e-013 -0.195090322016125
  outer loop
    vertex 143.557035741759 11.5000000000262 58.6190105462513
    vertex 143.888783197858 46.5000000000258 60.2868176337436
    vertex 143.888783197861 11.5000000000254 60.2868176337234
  endloop
endfacet
facet normal 0.980785280403231 2.02092875330286e-013 -0.195090322016125
  outer loop
    vertex 143.888783197858 46.5000000000258 60.2868176337436
    vertex 143.557035741759 11.5000000000262 58.6190105462513
    vertex 143.557035741756 46.5000000000265 58.6190105462715
  endloop
endfacet
facet normal 0.946930129495104 2.72143830470103e-013 -0.321439465303165
  outer loop
    vertex 143.010433922648 11.500000000027 57.0087735118379
    vertex 143.557035741756 46.5000000000265 58.6190105462715
    vertex 143.557035741759 11.5000000000262 58.6190105462513
  endloop
endfacet
facet normal 0.946930129495104 2.72143830470103e-013 -0.321439465303165
  outer loop
    vertex 143.557035741756 46.5000000000265 58.6190105462715
    vertex 143.010433922648 11.500000000027 57.0087735118379
    vertex 143.010433922645 46.5000000000273 57.0087735118581
  endloop
endfacet
facet normal -1.15441670527553e-013 -0.707106781185521 -0.707106781187574
  outer loop
    vertex 19.4663923904043 -21.9999999999665 48.9836581325788
    vertex 104.466392390408 -23.9999999999683 50.9836581325626
    vertex 19.4663923904032 -23.9999999999706 50.9836581325833
  endloop
endfacet
facet normal -1.15441670527553e-013 -0.707106781185521 -0.707106781187574
  outer loop
    vertex 104.466392390408 -23.9999999999683 50.9836581325626
    vertex 19.4663923904043 -21.9999999999665 48.9836581325788
    vertex 104.466392390408 -21.9999999999668 48.9836581325734
  endloop
endfacet
facet normal 0.630785577637773 -0.451906085471584 -0.630785577639447
  outer loop
    vertex 128.466392390408 11.5000000000287 48.983658132585
    vertex 106.466392390408 -21.9999999999683 50.9836581325639
    vertex 104.466392390408 -21.9999999999668 48.9836581325734
  endloop
endfacet
facet normal 0.630785577637773 -0.451906085471584 -0.630785577639447
  outer loop
    vertex 106.466392390408 -21.9999999999683 50.9836581325639
    vertex 128.466392390408 11.5000000000287 48.983658132585
    vertex 130.466392390408 11.5000000000285 50.983658132585
  endloop
endfacet
facet normal 0.577350269188701 -0.57735026918832 -0.577350269191856
  outer loop
    vertex 106.466392390408 -21.9999999999683 50.9836581325639
    vertex 104.466392390408 -23.9999999999683 50.9836581325626
    vertex 104.466392390408 -21.9999999999668 48.9836581325734
  endloop
endfacet
facet normal 0.488253116015343 0.723337949648693 -0.488253116016
  outer loop
    vertex 106.466392390418 62.7000000001047 50.9836581325939
    vertex 128.466392390415 46.5000000000299 48.9836581326053
    vertex 104.466392390415 62.7000000001069 48.9836581326004
  endloop
endfacet
facet normal 0.488253116015343 0.723337949648693 -0.488253116016
  outer loop
    vertex 128.466392390415 46.5000000000299 48.9836581326053
    vertex 106.466392390418 62.7000000001047 50.9836581325939
    vertex 130.466392390415 46.5000000000299 50.9836581326053
  endloop
endfacet
facet normal 0.577350269189006 0.577350269188999 -0.577350269190872
  outer loop
    vertex 106.466392390418 62.7000000001047 50.9836581325939
    vertex 104.466392390415 62.7000000001069 48.9836581326004
    vertex 104.466392390417 64.7000000001052 50.9836581325938
  endloop
endfacet
facet normal -0.793353340291214 0.608761429008749 6.39077413665814e-013
  outer loop
    vertex 25.9513166308997 -18.7849242403879 53.9836581325666
    vertex 26.2850457383527 -18.3499999998974 51.9836581325667
    vertex 25.9513166308971 -18.7849242403891 51.9836581325669
  endloop
endfacet
facet normal -0.793353340291214 0.608761429008749 6.39077413665814e-013
  outer loop
    vertex 26.2850457383527 -18.3499999998974 51.9836581325667
    vertex 25.9513166308997 -18.7849242403879 53.9836581325666
    vertex 26.2850457383553 -18.3499999998961 53.9836581325668
  endloop
endfacet
facet normal 0.608761429008664 0.793353340291278 -1.27500901678858e-012
  outer loop
    vertex 22.9814681499135 -18.7849242403891 51.9836581325686
    vertex 23.4163923904079 -19.1186533478434 53.9836581325666
    vertex 23.4163923904054 -19.1186533478447 51.9836581325683
  endloop
endfacet
facet normal 0.608761429008664 0.793353340291278 -1.27500901678858e-012
  outer loop
    vertex 23.4163923904079 -19.1186533478434 53.9836581325666
    vertex 22.9814681499135 -18.7849242403891 51.9836581325686
    vertex 22.9814681499163 -18.7849242403879 53.9836581325669
  endloop
endfacet
facet normal -0.923879532511264 -0.382683432365146 1.48512803892651e-012
  outer loop
    vertex 26.4948366256149 -16.7564800051808 53.9836581325677
    vertex 26.2850457383526 -16.2499999998975 51.9836581325665
    vertex 26.4948366256124 -16.7564800051823 51.9836581325664
  endloop
endfacet
facet normal -0.923879532511264 -0.382683432365146 1.48512803892651e-012
  outer loop
    vertex 26.2850457383526 -16.2499999998975 51.9836581325665
    vertex 26.4948366256149 -16.7564800051808 53.9836581325677
    vertex 26.2850457383553 -16.2499999998961 53.9836581325679
  endloop
endfacet
facet normal -0.130526192220008 -0.991444861373816 8.63857948918964e-013
  outer loop
    vertex 25.0099123851232 -15.271555764689 53.9836581325686
    vertex 24.4663923904054 -15.1999999998975 51.9836581325675
    vertex 25.0099123851207 -15.2715557646904 51.9836581325672
  endloop
endfacet
facet normal -0.130526192220008 -0.991444861373816 8.63857948918964e-013
  outer loop
    vertex 24.4663923904054 -15.1999999998975 51.9836581325675
    vertex 25.0099123851232 -15.271555764689 53.9836581325686
    vertex 24.466392390408 -15.1999999998961 53.9836581325687
  endloop
endfacet
facet normal 0.130526192219998 -0.991444861373817 5.42298579372298e-013
  outer loop
    vertex 24.466392390408 -15.1999999998961 53.9836581325687
    vertex 23.92287239569 -15.2715557646904 51.9836581325678
    vertex 24.4663923904054 -15.1999999998975 51.9836581325675
  endloop
endfacet
facet normal 0.130526192219998 -0.991444861373817 5.42298579372298e-013
  outer loop
    vertex 23.92287239569 -15.2715557646904 51.9836581325678
    vertex 24.466392390408 -15.1999999998961 53.9836581325687
    vertex 23.9228723956926 -15.271555764689 53.9836581325687
  endloop
endfacet
facet normal 0.130526192219999 0.991444861373817 -8.2236788039914e-013
  outer loop
    vertex 23.92287239569 -19.3284442351045 51.9836581325681
    vertex 24.466392390408 -19.3999999998961 53.9836581325664
    vertex 24.4663923904053 -19.3999999998974 51.9836581325678
  endloop
endfacet
facet normal 0.130526192219999 0.991444861373817 -8.2236788039914e-013
  outer loop
    vertex 24.466392390408 -19.3999999998961 53.9836581325664
    vertex 23.92287239569 -19.3284442351045 51.9836581325681
    vertex 23.9228723956927 -19.3284442351032 53.9836581325665
  endloop
endfacet
facet normal -0.382683432365124 0.923879532511273 -7.76477394299538e-014
  outer loop
    vertex 25.0099123851206 -19.3284442351045 51.9836581325674
    vertex 25.5163923904079 -19.1186533478435 53.9836581325664
    vertex 25.5163923904053 -19.1186533478447 51.9836581325672
  endloop
endfacet
facet normal -0.382683432365124 0.923879532511273 -7.76477394299538e-014
  outer loop
    vertex 25.5163923904079 -19.1186533478435 53.9836581325664
    vertex 25.0099123851206 -19.3284442351045 51.9836581325674
    vertex 25.0099123851232 -19.3284442351032 53.9836581325664
  endloop
endfacet
facet normal 0.923879532511261 0.382683432365153 -1.45706769669324e-012
  outer loop
    vertex 22.4379481551982 -17.8435199946127 51.9836581325688
    vertex 22.6477390424607 -18.3499999998961 53.9836581325671
    vertex 22.647739042458 -18.3499999998974 51.9836581325687
  endloop
endfacet
facet normal 0.923879532511261 0.382683432365153 -1.45706769669324e-012
  outer loop
    vertex 22.6477390424607 -18.3499999998961 53.9836581325671
    vertex 22.4379481551982 -17.8435199946127 51.9836581325688
    vertex 22.4379481552008 -17.8435199946114 53.9836581325674
  endloop
endfacet
facet normal 0.382683432365054 -0.923879532511302 1.67864886015109e-013
  outer loop
    vertex 23.9228723956926 -15.271555764689 53.9836581325687
    vertex 23.4163923904053 -15.4813466519502 51.9836581325681
    vertex 23.92287239569 -15.2715557646904 51.9836581325678
  endloop
endfacet
facet normal 0.382683432365054 -0.923879532511302 1.67864886015109e-013
  outer loop
    vertex 23.4163923904053 -15.4813466519502 51.9836581325681
    vertex 23.9228723956926 -15.271555764689 53.9836581325687
    vertex 23.4163923904079 -15.4813466519488 53.9836581325686
  endloop
endfacet
facet normal -0.60876142900873 0.793353340291228 3.13297854301368e-013
  outer loop
    vertex 25.5163923904053 -19.1186533478447 51.9836581325672
    vertex 25.9513166308997 -18.7849242403879 53.9836581325666
    vertex 25.9513166308971 -18.7849242403891 51.9836581325669
  endloop
endfacet
facet normal -0.60876142900873 0.793353340291228 3.13297854301368e-013
  outer loop
    vertex 25.9513166308997 -18.7849242403879 53.9836581325666
    vertex 25.5163923904053 -19.1186533478447 51.9836581325672
    vertex 25.5163923904079 -19.1186533478435 53.9836581325664
  endloop
endfacet
facet normal -0.38268343236513 -0.92387953251127 1.12957769688504e-012
  outer loop
    vertex 25.5163923904079 -15.4813466519488 53.9836581325684
    vertex 25.0099123851207 -15.2715557646904 51.9836581325672
    vertex 25.5163923904053 -15.4813466519502 51.9836581325669
  endloop
endfacet
facet normal -0.38268343236513 -0.92387953251127 1.12957769688504e-012
  outer loop
    vertex 25.0099123851207 -15.2715557646904 51.9836581325672
    vertex 25.5163923904079 -15.4813466519488 53.9836581325684
    vertex 25.0099123851232 -15.271555764689 53.9836581325686
  endloop
endfacet
facet normal 0.608761429008809 -0.793353340291168 -2.32452399558893e-013
  outer loop
    vertex 23.4163923904079 -15.4813466519488 53.9836581325686
    vertex 22.9814681499135 -15.8150757594058 51.9836581325684
    vertex 23.4163923904053 -15.4813466519502 51.9836581325681
  endloop
endfacet
facet normal 0.608761429008809 -0.793353340291168 -2.32452399558893e-013
  outer loop
    vertex 22.9814681499135 -15.8150757594058 51.9836581325684
    vertex 23.4163923904079 -15.4813466519488 53.9836581325686
    vertex 22.9814681499163 -15.8150757594044 53.9836581325685
  endloop
endfacet
facet normal 0.793353340291198 -0.608761429008769 -6.26803277671641e-013
  outer loop
    vertex 22.9814681499135 -15.8150757594058 51.9836581325684
    vertex 22.6477390424607 -16.2499999998961 53.9836581325683
    vertex 22.6477390424579 -16.2499999998975 51.9836581325686
  endloop
endfacet
facet normal 0.793353340291198 -0.608761429008769 -6.26803277671641e-013
  outer loop
    vertex 22.6477390424607 -16.2499999998961 53.9836581325683
    vertex 22.9814681499135 -15.8150757594058 51.9836581325684
    vertex 22.9814681499163 -15.8150757594044 53.9836581325685
  endloop
endfacet
facet normal 0.923879532511287 -0.38268343236509 -9.16070988702927e-013
  outer loop
    vertex 22.6477390424579 -16.2499999998975 51.9836581325686
    vertex 22.4379481552008 -16.7564800051808 53.983658132568
    vertex 22.4379481551983 -16.7564800051822 51.9836581325688
  endloop
endfacet
facet normal 0.923879532511287 -0.38268343236509 -9.16070988702927e-013
  outer loop
    vertex 22.4379481552008 -16.7564800051808 53.983658132568
    vertex 22.6477390424579 -16.2499999998975 51.9836581325686
    vertex 22.6477390424607 -16.2499999998961 53.9836581325683
  endloop
endfacet
facet normal -0.793353340291246 -0.608761429008707 1.45694250359213e-012
  outer loop
    vertex 26.2850457383553 -16.2499999998961 53.9836581325679
    vertex 25.9513166308971 -15.8150757594057 51.9836581325667
    vertex 26.2850457383526 -16.2499999998975 51.9836581325665
  endloop
endfacet
facet normal -0.793353340291246 -0.608761429008707 1.45694250359213e-012
  outer loop
    vertex 25.9513166308971 -15.8150757594057 51.9836581325667
    vertex 26.2850457383553 -16.2499999998961 53.9836581325679
    vertex 25.9513166308997 -15.8150757594044 53.9836581325682
  endloop
endfacet
facet normal -0.923879532511284 0.382683432365097 9.39814426408921e-013
  outer loop
    vertex 26.2850457383553 -18.3499999998961 53.9836581325668
    vertex 26.4948366256124 -17.8435199946127 51.9836581325665
    vertex 26.2850457383527 -18.3499999998974 51.9836581325667
  endloop
endfacet
facet normal -0.923879532511284 0.382683432365097 9.39814426408921e-013
  outer loop
    vertex 26.4948366256124 -17.8435199946127 51.9836581325665
    vertex 26.2850457383553 -18.3499999998961 53.9836581325668
    vertex 26.4948366256149 -17.8435199946114 53.9836581325671
  endloop
endfacet
facet normal 0.991444861373814 -0.130526192220022 -1.14624682035387e-012
  outer loop
    vertex 22.4379481551983 -16.7564800051822 51.9836581325688
    vertex 22.3663923904079 -17.2999999998961 53.9836581325677
    vertex 22.3663923904054 -17.2999999998973 51.9836581325688
  endloop
endfacet
facet normal 0.991444861373814 -0.130526192220022 -1.14624682035387e-012
  outer loop
    vertex 22.3663923904079 -17.2999999998961 53.9836581325677
    vertex 22.4379481551983 -16.7564800051822 51.9836581325688
    vertex 22.4379481552008 -16.7564800051808 53.983658132568
  endloop
endfacet
facet normal 0.382683432365188 0.923879532511246 -1.09131700719527e-012
  outer loop
    vertex 23.4163923904054 -19.1186533478447 51.9836581325683
    vertex 23.9228723956927 -19.3284442351032 53.9836581325665
    vertex 23.92287239569 -19.3284442351045 51.9836581325681
  endloop
endfacet
facet normal 0.382683432365188 0.923879532511246 -1.09131700719527e-012
  outer loop
    vertex 23.9228723956927 -19.3284442351032 53.9836581325665
    vertex 23.4163923904054 -19.1186533478447 51.9836581325683
    vertex 23.4163923904079 -19.1186533478434 53.9836581325666
  endloop
endfacet
facet normal 0.991444861373817 0.13052619222 -1.35588090678826e-012
  outer loop
    vertex 22.3663923904054 -17.2999999998973 51.9836581325688
    vertex 22.4379481552008 -17.8435199946114 53.9836581325674
    vertex 22.4379481551982 -17.8435199946127 51.9836581325688
  endloop
endfacet
facet normal 0.991444861373817 0.13052619222 -1.35588090678826e-012
  outer loop
    vertex 22.4379481552008 -17.8435199946114 53.9836581325674
    vertex 22.3663923904054 -17.2999999998973 51.9836581325688
    vertex 22.3663923904079 -17.2999999998961 53.9836581325677
  endloop
endfacet
facet normal -0.130526192219968 0.991444861373821 -4.61071068753026e-013
  outer loop
    vertex 24.4663923904053 -19.3999999998974 51.9836581325678
    vertex 25.0099123851232 -19.3284442351032 53.9836581325664
    vertex 25.0099123851206 -19.3284442351045 51.9836581325674
  endloop
endfacet
facet normal -0.130526192219968 0.991444861373821 -4.61071068753026e-013
  outer loop
    vertex 25.0099123851232 -19.3284442351032 53.9836581325664
    vertex 24.4663923904053 -19.3999999998974 51.9836581325678
    vertex 24.466392390408 -19.3999999998961 53.9836581325664
  endloop
endfacet
facet normal 0.793353340291261 0.608761429008687 -1.41573759773512e-012
  outer loop
    vertex 22.647739042458 -18.3499999998974 51.9836581325687
    vertex 22.9814681499163 -18.7849242403879 53.9836581325669
    vertex 22.9814681499135 -18.7849242403891 51.9836581325686
  endloop
endfacet
facet normal 0.793353340291261 0.608761429008687 -1.41573759773512e-012
  outer loop
    vertex 22.9814681499163 -18.7849242403879 53.9836581325669
    vertex 22.647739042458 -18.3499999998974 51.9836581325687
    vertex 22.6477390424607 -18.3499999998961 53.9836581325671
  endloop
endfacet
facet normal -0.991444861373817 0.13052619222 1.19539788289995e-012
  outer loop
    vertex 26.4948366256149 -17.8435199946114 53.9836581325671
    vertex 26.5663923904053 -17.2999999998973 51.9836581325664
    vertex 26.4948366256124 -17.8435199946127 51.9836581325665
  endloop
endfacet
facet normal -0.991444861373817 0.13052619222 1.19539788289995e-012
  outer loop
    vertex 26.5663923904053 -17.2999999998973 51.9836581325664
    vertex 26.4948366256149 -17.8435199946114 53.9836581325671
    vertex 26.5663923904079 -17.2999999998962 53.9836581325673
  endloop
endfacet
facet normal -0.991444861373814 -0.130526192220022 1.36029867463478e-012
  outer loop
    vertex 26.5663923904079 -17.2999999998962 53.9836581325673
    vertex 26.4948366256124 -16.7564800051823 51.9836581325664
    vertex 26.5663923904053 -17.2999999998973 51.9836581325664
  endloop
endfacet
facet normal -0.991444861373814 -0.130526192220022 1.36029867463478e-012
  outer loop
    vertex 26.4948366256124 -16.7564800051823 51.9836581325664
    vertex 26.5663923904079 -17.2999999998962 53.9836581325673
    vertex 26.4948366256149 -16.7564800051808 53.9836581325677
  endloop
endfacet
facet normal -0.608761429008729 -0.793353340291229 1.32421442344723e-012
  outer loop
    vertex 25.9513166308997 -15.8150757594044 53.9836581325682
    vertex 25.5163923904053 -15.4813466519502 51.9836581325669
    vertex 25.9513166308971 -15.8150757594057 51.9836581325667
  endloop
endfacet
facet normal -0.608761429008729 -0.793353340291229 1.32421442344723e-012
  outer loop
    vertex 25.5163923904053 -15.4813466519502 51.9836581325669
    vertex 25.9513166308997 -15.8150757594044 53.9836581325682
    vertex 25.5163923904079 -15.4813466519488 53.9836581325684
  endloop
endfacet
facet normal 0.382683432365118 -0.923879532511275 8.65016308533295e-013
  outer loop
    vertex 98.92287239569 59.7284442353096 51.9836581325917
    vertex 98.4163923904024 59.5186533480504 53.9836581326028
    vertex 98.4163923904053 59.5186533480498 51.9836581325914
  endloop
endfacet
facet normal 0.382683432365118 -0.923879532511275 8.65016308533295e-013
  outer loop
    vertex 98.4163923904024 59.5186533480504 53.9836581326028
    vertex 98.92287239569 59.7284442353096 51.9836581325917
    vertex 98.9228723956871 59.7284442353102 53.9836581326028
  endloop
endfacet
facet normal 0.923879532511316 -0.38268343236502 1.533836752496e-012
  outer loop
    vertex 97.647739042458 58.7500000001025 51.9836581325909
    vertex 97.4379481551953 58.2435199948184 53.9836581326022
    vertex 97.4379481551983 58.2435199948178 51.9836581325907
  endloop
endfacet
facet normal 0.923879532511316 -0.38268343236502 1.533836752496e-012
  outer loop
    vertex 97.4379481551953 58.2435199948184 53.9836581326022
    vertex 97.647739042458 58.7500000001025 51.9836581325909
    vertex 97.647739042455 58.7500000001031 53.9836581326024
  endloop
endfacet
facet normal -0.923879532511296 0.382683432365068 -1.51083778731642e-012
  outer loop
    vertex 101.28504573835 56.650000000103 53.983658132601
    vertex 101.494836625612 57.1564800053872 51.9836581325929
    vertex 101.285045738353 56.6500000001025 51.9836581325928
  endloop
endfacet
facet normal -0.923879532511296 0.382683432365068 -1.51083778731642e-012
  outer loop
    vertex 101.494836625612 57.1564800053872 51.9836581325929
    vertex 101.28504573835 56.650000000103 53.983658132601
    vertex 101.494836625609 57.1564800053878 53.9836581326012
  endloop
endfacet
facet normal -0.382683432365083 -0.92387953251129 -2.91842267398462e-013
  outer loop
    vertex 100.516392390405 59.5186533480498 51.9836581325926
    vertex 100.009912385118 59.7284442353102 53.9836581326027
    vertex 100.009912385121 59.7284442353095 51.9836581325923
  endloop
endfacet
facet normal -0.382683432365083 -0.92387953251129 -2.91842267398462e-013
  outer loop
    vertex 100.009912385118 59.7284442353102 53.9836581326027
    vertex 100.516392390405 59.5186533480498 51.9836581325926
    vertex 100.516392390402 59.5186533480504 53.9836581326026
  endloop
endfacet
facet normal 0.793353340291206 -0.608761429008759 1.39142562575757e-012
  outer loop
    vertex 97.9814681499135 59.1849242405942 51.9836581325911
    vertex 97.647739042455 58.7500000001031 53.9836581326024
    vertex 97.647739042458 58.7500000001025 51.9836581325909
  endloop
endfacet
facet normal 0.793353340291206 -0.608761429008759 1.39142562575757e-012
  outer loop
    vertex 97.647739042455 58.7500000001031 53.9836581326024
    vertex 97.9814681499135 59.1849242405942 51.9836581325911
    vertex 97.9814681499106 59.1849242405948 53.9836581326026
  endloop
endfacet
facet normal 0.130526192219957 0.991444861373823 -9.90687678518906e-014
  outer loop
    vertex 98.9228723956871 55.6715557648959 53.9836581326006
    vertex 99.4663923904054 55.6000000001024 51.9836581325917
    vertex 98.92287239569 55.6715557648953 51.9836581325914
  endloop
endfacet
facet normal 0.130526192219957 0.991444861373823 -9.90687678518906e-014
  outer loop
    vertex 99.4663923904054 55.6000000001024 51.9836581325917
    vertex 98.9228723956871 55.6715557648959 53.9836581326006
    vertex 99.4663923904023 55.600000000103 53.9836581326005
  endloop
endfacet
facet normal 0.991444861373797 0.130526192220154 1.45808161419991e-012
  outer loop
    vertex 97.3663923904053 57.7000000001025 51.9836581325906
    vertex 97.4379481551953 57.1564800053877 53.9836581326016
    vertex 97.4379481551983 57.1564800053871 51.9836581325906
  endloop
endfacet
facet normal 0.991444861373797 0.130526192220154 1.45808161419991e-012
  outer loop
    vertex 97.4379481551953 57.1564800053877 53.9836581326016
    vertex 97.3663923904053 57.7000000001025 51.9836581325906
    vertex 97.3663923904022 57.7000000001031 53.9836581326019
  endloop
endfacet
facet normal 0.92387953251129 0.382683432365083 1.27774342456691e-012
  outer loop
    vertex 97.4379481551983 57.1564800053871 51.9836581325906
    vertex 97.647739042455 56.650000000103 53.9836581326013
    vertex 97.647739042458 56.6500000001024 51.9836581325907
  endloop
endfacet
facet normal 0.92387953251129 0.382683432365083 1.27774342456691e-012
  outer loop
    vertex 97.647739042455 56.650000000103 53.9836581326013
    vertex 97.4379481551983 57.1564800053871 51.9836581325906
    vertex 97.4379481551953 57.1564800053877 53.9836581326016
  endloop
endfacet
facet normal 0.793353340291206 0.608761429008759 1.00688919487824e-012
  outer loop
    vertex 97.647739042458 56.6500000001024 51.9836581325907
    vertex 97.9814681499106 56.2150757596113 53.983658132601
    vertex 97.9814681499136 56.2150757596107 51.9836581325909
  endloop
endfacet
facet normal 0.793353340291206 0.608761429008759 1.00688919487824e-012
  outer loop
    vertex 97.9814681499106 56.2150757596113 53.983658132601
    vertex 97.647739042458 56.6500000001024 51.9836581325907
    vertex 97.647739042455 56.650000000103 53.9836581326013
  endloop
endfacet
facet normal -0.382683432365065 -0.923879532511297 1.08610670659081e-012
  outer loop
    vertex 25.5163923904081 59.518653348051 53.9836581326093
    vertex 25.0099123851208 59.7284442353094 51.9836581326074
    vertex 25.5163923904055 59.5186533480498 51.9836581326071
  endloop
endfacet
facet normal -0.382683432365065 -0.923879532511297 1.08610670659081e-012
  outer loop
    vertex 25.0099123851208 59.7284442353094 51.9836581326074
    vertex 25.5163923904081 59.518653348051 53.9836581326093
    vertex 25.0099123851234 59.7284442353108 53.9836581326094
  endloop
endfacet
facet normal -0.130526192220089 -0.991444861373806 8.0264717556765e-013
  outer loop
    vertex 25.0099123851234 59.7284442353108 53.9836581326094
    vertex 24.4663923904054 59.8000000001025 51.9836581326077
    vertex 25.0099123851208 59.7284442353094 51.9836581326074
  endloop
endfacet
facet normal -0.130526192220089 -0.991444861373806 8.0264717556765e-013
  outer loop
    vertex 24.4663923904054 59.8000000001025 51.9836581326077
    vertex 25.0099123851234 59.7284442353108 53.9836581326094
    vertex 24.4663923904082 59.8000000001037 53.9836581326095
  endloop
endfacet
facet normal 0.130526192220089 -0.991444861373806 4.61071072159515e-013
  outer loop
    vertex 24.4663923904082 59.8000000001037 53.9836581326095
    vertex 23.9228723956902 59.7284442353094 51.983658132608
    vertex 24.4663923904054 59.8000000001025 51.9836581326077
  endloop
endfacet
facet normal 0.130526192220089 -0.991444861373806 4.61071072159515e-013
  outer loop
    vertex 23.9228723956902 59.7284442353094 51.983658132608
    vertex 24.4663923904082 59.8000000001037 53.9836581326095
    vertex 23.9228723956927 59.7284442353108 53.9836581326095
  endloop
endfacet
facet normal 0.382683432365124 -0.923879532511273 1.01914831728672e-013
  outer loop
    vertex 23.9228723956927 59.7284442353108 53.9836581326095
    vertex 23.4163923904056 59.5186533480498 51.9836581326083
    vertex 23.9228723956902 59.7284442353094 51.983658132608
  endloop
endfacet
facet normal 0.382683432365124 -0.923879532511273 1.01914831728672e-013
  outer loop
    vertex 23.4163923904056 59.5186533480498 51.9836581326083
    vertex 23.9228723956927 59.7284442353108 53.9836581326095
    vertex 23.4163923904082 59.518653348051 53.9836581326095
  endloop
endfacet
facet normal 0.991444861373796 -0.130526192220165 1.53758522877157e-012
  outer loop
    vertex 97.4379481551983 58.2435199948178 51.9836581325907
    vertex 97.3663923904022 57.7000000001031 53.9836581326019
    vertex 97.3663923904053 57.7000000001025 51.9836581325906
  endloop
endfacet
facet normal 0.991444861373796 -0.130526192220165 1.53758522877157e-012
  outer loop
    vertex 97.3663923904022 57.7000000001031 53.9836581326019
    vertex 97.4379481551983 58.2435199948178 51.9836581325907
    vertex 97.4379481551953 58.2435199948184 53.9836581326022
  endloop
endfacet
facet normal 0.608761429008756 -0.793353340291208 1.15697538782052e-012
  outer loop
    vertex 98.4163923904053 59.5186533480498 51.9836581325914
    vertex 97.9814681499106 59.1849242405948 53.9836581326026
    vertex 97.9814681499135 59.1849242405942 51.9836581325911
  endloop
endfacet
facet normal 0.608761429008756 -0.793353340291208 1.15697538782052e-012
  outer loop
    vertex 97.9814681499106 59.1849242405948 53.9836581326026
    vertex 98.4163923904053 59.5186533480498 51.9836581325914
    vertex 98.4163923904024 59.5186533480504 53.9836581326028
  endloop
endfacet
facet normal 0.608761429008651 -0.793353340291288 -2.86139307122263e-013
  outer loop
    vertex 23.4163923904082 59.518653348051 53.9836581326095
    vertex 22.9814681499138 59.1849242405942 51.9836581326086
    vertex 23.4163923904056 59.5186533480498 51.9836581326083
  endloop
endfacet
facet normal 0.608761429008651 -0.793353340291288 -2.86139307122263e-013
  outer loop
    vertex 22.9814681499138 59.1849242405942 51.9836581326086
    vertex 23.4163923904082 59.518653348051 53.9836581326095
    vertex 22.9814681499164 59.1849242405955 53.9836581326093
  endloop
endfacet
facet normal 0.79335334029127 -0.608761429008675 -6.35637964937763e-013
  outer loop
    vertex 22.9814681499138 59.1849242405942 51.9836581326086
    vertex 22.6477390424608 58.7500000001038 53.9836581326091
    vertex 22.6477390424583 58.7500000001025 51.9836581326088
  endloop
endfacet
facet normal 0.79335334029127 -0.608761429008675 -6.35637964937763e-013
  outer loop
    vertex 22.6477390424608 58.7500000001038 53.9836581326091
    vertex 22.9814681499138 59.1849242405942 51.9836581326086
    vertex 22.9814681499164 59.1849242405955 53.9836581326093
  endloop
endfacet
facet normal 0.92387953251129 -0.382683432365083 -9.44127291947062e-013
  outer loop
    vertex 22.6477390424583 58.7500000001025 51.9836581326088
    vertex 22.4379481552012 58.2435199948191 53.9836581326089
    vertex 22.4379481551986 58.2435199948178 51.983658132609
  endloop
endfacet
facet normal 0.92387953251129 -0.382683432365083 -9.44127291947062e-013
  outer loop
    vertex 22.4379481552012 58.2435199948191 53.9836581326089
    vertex 22.6477390424583 58.7500000001025 51.9836581326088
    vertex 22.6477390424608 58.7500000001038 53.9836581326091
  endloop
endfacet
facet normal 0.991444861373816 -0.130526192220008 -1.19024622586412e-012
  outer loop
    vertex 22.4379481551986 58.2435199948178 51.983658132609
    vertex 22.3663923904083 57.7000000001038 53.9836581326086
    vertex 22.3663923904057 57.7000000001025 51.983658132609
  endloop
endfacet
facet normal 0.991444861373816 -0.130526192220008 -1.19024622586412e-012
  outer loop
    vertex 22.3663923904083 57.7000000001038 53.9836581326086
    vertex 22.4379481551986 58.2435199948178 51.983658132609
    vertex 22.4379481552012 58.2435199948191 53.9836581326089
  endloop
endfacet
facet normal -0.60876142900877 0.793353340291198 -1.17071298931843e-012
  outer loop
    vertex 100.516392390402 55.8813466521557 53.9836581326006
    vertex 100.951316630897 56.2150757596107 51.9836581325926
    vertex 100.516392390405 55.8813466521551 51.9836581325923
  endloop
endfacet
facet normal -0.60876142900877 0.793353340291198 -1.17071298931843e-012
  outer loop
    vertex 100.951316630897 56.2150757596107 51.9836581325926
    vertex 100.516392390402 55.8813466521557 53.9836581326006
    vertex 100.951316630894 56.2150757596113 53.9836581326007
  endloop
endfacet
facet normal -0.382683432365095 0.923879532511285 -8.65009066328237e-013
  outer loop
    vertex 100.009912385118 55.6715557648959 53.9836581326005
    vertex 100.516392390405 55.8813466521551 51.9836581325923
    vertex 100.009912385121 55.6715557648953 51.983658132592
  endloop
endfacet
facet normal -0.382683432365095 0.923879532511285 -8.65009066328237e-013
  outer loop
    vertex 100.516392390405 55.8813466521551 51.9836581325923
    vertex 100.009912385118 55.6715557648959 53.9836581326005
    vertex 100.516392390402 55.8813466521557 53.9836581326006
  endloop
endfacet
facet normal -0.793353340291244 0.608761429008709 -1.38112812508633e-012
  outer loop
    vertex 100.951316630894 56.2150757596113 53.9836581326007
    vertex 101.285045738353 56.6500000001025 51.9836581325928
    vertex 100.951316630897 56.2150757596107 51.9836581325926
  endloop
endfacet
facet normal -0.793353340291244 0.608761429008709 -1.38112812508633e-012
  outer loop
    vertex 101.285045738353 56.6500000001025 51.9836581325928
    vertex 100.951316630894 56.2150757596113 53.9836581326007
    vertex 101.28504573835 56.650000000103 53.983658132601
  endloop
endfacet
facet normal -0.991444861373807 -0.130526192220076 -1.43497865071803e-012
  outer loop
    vertex 101.566392390402 57.7000000001031 53.9836581326015
    vertex 101.494836625612 58.2435199948178 51.983658132593
    vertex 101.566392390405 57.7000000001025 51.983658132593
  endloop
endfacet
facet normal -0.991444861373807 -0.130526192220076 -1.43497865071803e-012
  outer loop
    vertex 101.494836625612 58.2435199948178 51.983658132593
    vertex 101.566392390402 57.7000000001031 53.9836581326015
    vertex 101.494836625609 58.2435199948184 53.9836581326018
  endloop
endfacet
facet normal -0.923879532511266 -0.382683432365139 -1.25257472241902e-012
  outer loop
    vertex 101.494836625609 58.2435199948184 53.9836581326018
    vertex 101.285045738353 58.7500000001025 51.9836581325929
    vertex 101.494836625612 58.2435199948178 51.983658132593
  endloop
endfacet
facet normal -0.923879532511266 -0.382683432365139 -1.25257472241902e-012
  outer loop
    vertex 101.285045738353 58.7500000001025 51.9836581325929
    vertex 101.494836625609 58.2435199948184 53.9836581326018
    vertex 101.28504573835 58.7500000001032 53.9836581326021
  endloop
endfacet
facet normal -0.793353340291247 -0.608761429008705 -1.01031741385923e-012
  outer loop
    vertex 101.28504573835 58.7500000001032 53.9836581326021
    vertex 100.951316630897 59.1849242405942 51.9836581325928
    vertex 101.285045738353 58.7500000001025 51.9836581325929
  endloop
endfacet
facet normal -0.793353340291247 -0.608761429008705 -1.01031741385923e-012
  outer loop
    vertex 100.951316630897 59.1849242405942 51.9836581325928
    vertex 101.28504573835 58.7500000001032 53.9836581326021
    vertex 100.951316630894 59.1849242405948 53.9836581326024
  endloop
endfacet
facet normal 0.130526192220099 -0.991444861373804 4.99240913939863e-013
  outer loop
    vertex 99.4663923904054 59.8000000001025 51.983658132592
    vertex 98.9228723956871 59.7284442353102 53.9836581326028
    vertex 98.92287239569 59.7284442353096 51.9836581325917
  endloop
endfacet
facet normal 0.130526192220099 -0.991444861373804 4.99240913939863e-013
  outer loop
    vertex 98.9228723956871 59.7284442353102 53.9836581326028
    vertex 99.4663923904054 59.8000000001025 51.983658132592
    vertex 99.4663923904023 59.8000000001031 53.9836581326028
  endloop
endfacet
facet normal -0.991444861373816 0.130526192220008 -1.53905968171691e-012
  outer loop
    vertex 101.494836625609 57.1564800053878 53.9836581326012
    vertex 101.566392390405 57.7000000001025 51.983658132593
    vertex 101.494836625612 57.1564800053872 51.9836581325929
  endloop
endfacet
facet normal -0.991444861373816 0.130526192220008 -1.53905968171691e-012
  outer loop
    vertex 101.566392390405 57.7000000001025 51.983658132593
    vertex 101.494836625609 57.1564800053878 53.9836581326012
    vertex 101.566392390402 57.7000000001031 53.9836581326015
  endloop
endfacet
facet normal -0.130526192219957 0.991444861373823 -4.93651053638265e-013
  outer loop
    vertex 99.4663923904023 55.600000000103 53.9836581326005
    vertex 100.009912385121 55.6715557648953 51.983658132592
    vertex 99.4663923904054 55.6000000001024 51.9836581325917
  endloop
endfacet
facet normal -0.130526192219957 0.991444861373823 -4.93651053638265e-013
  outer loop
    vertex 100.009912385121 55.6715557648953 51.983658132592
    vertex 99.4663923904023 55.600000000103 53.9836581326005
    vertex 100.009912385118 55.6715557648959 53.9836581326005
  endloop
endfacet
facet normal 0.608761429008756 0.793353340291208 6.92259236323681e-013
  outer loop
    vertex 97.9814681499106 56.2150757596113 53.983658132601
    vertex 98.4163923904054 55.8813466521551 51.9836581325911
    vertex 97.9814681499136 56.2150757596107 51.9836581325909
  endloop
endfacet
facet normal 0.608761429008756 0.793353340291208 6.92259236323681e-013
  outer loop
    vertex 98.4163923904054 55.8813466521551 51.9836581325911
    vertex 97.9814681499106 56.2150757596113 53.983658132601
    vertex 98.4163923904024 55.8813466521557 53.9836581326008
  endloop
endfacet
facet normal 0.382683432365165 0.923879532511256 3.16105877890073e-013
  outer loop
    vertex 98.4163923904024 55.8813466521557 53.9836581326008
    vertex 98.92287239569 55.6715557648953 51.9836581325914
    vertex 98.4163923904054 55.8813466521551 51.9836581325911
  endloop
endfacet
facet normal 0.382683432365165 0.923879532511256 3.16105877890073e-013
  outer loop
    vertex 98.92287239569 55.6715557648953 51.9836581325914
    vertex 98.4163923904024 55.8813466521557 53.9836581326008
    vertex 98.9228723956871 55.6715557648959 53.9836581326006
  endloop
endfacet
facet normal -0.608761429008716 -0.793353340291239 -6.78535508276242e-013
  outer loop
    vertex 100.951316630897 59.1849242405942 51.9836581325928
    vertex 100.516392390402 59.5186533480504 53.9836581326026
    vertex 100.516392390405 59.5186533480498 51.9836581325926
  endloop
endfacet
facet normal -0.608761429008716 -0.793353340291239 -6.78535508276242e-013
  outer loop
    vertex 100.516392390402 59.5186533480504 53.9836581326026
    vertex 100.951316630897 59.1849242405942 51.9836581325928
    vertex 100.951316630894 59.1849242405948 53.9836581326024
  endloop
endfacet
facet normal -0.130526192220119 -0.991444861373802 1.10251392717587e-013
  outer loop
    vertex 100.009912385121 59.7284442353095 51.9836581325923
    vertex 99.4663923904023 59.8000000001031 53.9836581326028
    vertex 99.4663923904054 59.8000000001025 51.983658132592
  endloop
endfacet
facet normal -0.130526192220119 -0.991444861373802 1.10251392717587e-013
  outer loop
    vertex 99.4663923904023 59.8000000001031 53.9836581326028
    vertex 100.009912385121 59.7284442353095 51.9836581325923
    vertex 100.009912385118 59.7284442353102 53.9836581326027
  endloop
endfacet
facet normal -1.0 -2.50663687335827e-014 -1.80477854881992e-013
  outer loop
    vertex 17.4663923904045 62.7000000001032 53.9836581326152
    vertex 17.4663923904054 46.5000000000304 50.9836581325927
    vertex 17.4663923904047 46.5000000000292 53.9836581326073
  endloop
endfacet
facet normal -1.0 -2.50663687335827e-014 -1.80477854881992e-013
  outer loop
    vertex 17.4663923904054 46.5000000000304 50.9836581325927
    vertex 17.4663923904045 62.7000000001032 53.9836581326152
    vertex 17.4663923904048 62.7000000001034 50.9836581325959
  endloop
endfacet
facet normal 0.60876142900869 0.793353340291259 -1.29290377140949e-012
  outer loop
    vertex 22.9814681499138 56.2150757596109 51.9836581326088
    vertex 23.4163923904082 55.8813466521566 53.9836581326075
    vertex 23.4163923904056 55.8813466521553 51.9836581326086
  endloop
endfacet
facet normal 0.60876142900869 0.793353340291259 -1.29290377140949e-012
  outer loop
    vertex 23.4163923904082 55.8813466521566 53.9836581326075
    vertex 22.9814681499138 56.2150757596109 51.9836581326088
    vertex 22.9814681499164 56.2150757596121 53.9836581326077
  endloop
endfacet
facet normal -0.382683432365024 0.923879532511314 -9.32821230383041e-014
  outer loop
    vertex 25.0099123851208 55.6715557648956 51.9836581326077
    vertex 25.5163923904081 55.8813466521566 53.9836581326073
    vertex 25.5163923904054 55.8813466521553 51.9836581326074
  endloop
endfacet
facet normal -0.382683432365024 0.923879532511314 -9.32821230383041e-014
  outer loop
    vertex 25.5163923904081 55.8813466521566 53.9836581326073
    vertex 25.0099123851208 55.6715557648956 51.9836581326077
    vertex 25.0099123851234 55.6715557648969 53.9836581326072
  endloop
endfacet
facet normal -0.991444861373817 -0.130526192220003 1.36103444556587e-012
  outer loop
    vertex 26.566392390408 57.7000000001038 53.9836581326082
    vertex 26.4948366256125 58.2435199948178 51.9836581326067
    vertex 26.5663923904054 57.7000000001025 51.9836581326067
  endloop
endfacet
facet normal -0.991444861373817 -0.130526192220003 1.36103444556587e-012
  outer loop
    vertex 26.4948366256125 58.2435199948178 51.9836581326067
    vertex 26.566392390408 57.7000000001038 53.9836581326082
    vertex 26.4948366256151 58.2435199948191 53.9836581326085
  endloop
endfacet
facet normal -0.70710678118656 0.707106781186536 -2.92369342738646e-014
  outer loop
    vertex 19.4663923904044 64.7000000001033 53.9836581326157
    vertex 17.4663923904048 62.7000000001034 50.9836581325959
    vertex 17.4663923904045 62.7000000001032 53.9836581326152
  endloop
endfacet
facet normal -0.70710678118656 0.707106781186536 -2.92369342738646e-014
  outer loop
    vertex 17.4663923904048 62.7000000001034 50.9836581325959
    vertex 19.4663923904044 64.7000000001033 53.9836581326157
    vertex 19.4663923904047 64.7000000001034 50.9836581325964
  endloop
endfacet
facet normal 0.793353340291255 0.608761429008695 -1.4115837757334e-012
  outer loop
    vertex 22.6477390424583 56.6500000001026 51.983658132609
    vertex 22.9814681499164 56.2150757596121 53.9836581326077
    vertex 22.9814681499138 56.2150757596109 51.9836581326088
  endloop
endfacet
facet normal 0.793353340291255 0.608761429008695 -1.4115837757334e-012
  outer loop
    vertex 22.9814681499164 56.2150757596121 53.9836581326077
    vertex 22.6477390424583 56.6500000001026 51.983658132609
    vertex 22.6477390424608 56.6500000001039 53.983658132608
  endloop
endfacet
facet normal -0.60876142900865 0.793353340291289 2.7750436184077e-013
  outer loop
    vertex 25.5163923904054 55.8813466521553 51.9836581326074
    vertex 25.9513166308999 56.2150757596121 53.9836581326074
    vertex 25.9513166308973 56.2150757596108 51.9836581326071
  endloop
endfacet
facet normal -0.60876142900865 0.793353340291289 2.7750436184077e-013
  outer loop
    vertex 25.9513166308999 56.2150757596121 53.9836581326074
    vertex 25.5163923904054 55.8813466521553 51.9836581326074
    vertex 25.5163923904081 55.8813466521566 53.9836581326073
  endloop
endfacet
facet normal 0.382683432365141 0.923879532511266 -1.09131700719455e-012
  outer loop
    vertex 23.4163923904056 55.8813466521553 51.9836581326086
    vertex 23.9228723956927 55.6715557648969 53.9836581326073
    vertex 23.9228723956902 55.6715557648956 51.9836581326083
  endloop
endfacet
facet normal 0.382683432365141 0.923879532511266 -1.09131700719455e-012
  outer loop
    vertex 23.9228723956927 55.6715557648969 53.9836581326073
    vertex 23.4163923904056 55.8813466521553 51.9836581326086
    vertex 23.4163923904082 55.8813466521566 53.9836581326075
  endloop
endfacet
facet normal -0.793353340291342 0.608761429008582 6.25334867056577e-013
  outer loop
    vertex 25.9513166308999 56.2150757596121 53.9836581326074
    vertex 26.2850457383527 56.6500000001026 51.9836581326069
    vertex 25.9513166308973 56.2150757596108 51.9836581326071
  endloop
endfacet
facet normal -0.793353340291342 0.608761429008582 6.25334867056577e-013
  outer loop
    vertex 26.2850457383527 56.6500000001026 51.9836581326069
    vertex 25.9513166308999 56.2150757596121 53.9836581326074
    vertex 26.2850457383553 56.6500000001038 53.9836581326076
  endloop
endfacet
facet normal -0.923879532511284 0.382683432365097 9.44127570538887e-013
  outer loop
    vertex 26.2850457383553 56.6500000001038 53.9836581326076
    vertex 26.4948366256124 57.1564800053872 51.9836581326067
    vertex 26.2850457383527 56.6500000001026 51.9836581326069
  endloop
endfacet
facet normal -0.923879532511284 0.382683432365097 9.44127570538887e-013
  outer loop
    vertex 26.4948366256124 57.1564800053872 51.9836581326067
    vertex 26.2850457383553 56.6500000001038 53.9836581326076
    vertex 26.4948366256149 57.1564800053885 53.9836581326079
  endloop
endfacet
facet normal -0.13052619222012 0.991444861373801 -4.69606808522184e-013
  outer loop
    vertex 24.4663923904055 55.6000000001026 51.983658132608
    vertex 25.0099123851234 55.6715557648969 53.9836581326072
    vertex 25.0099123851208 55.6715557648956 51.9836581326077
  endloop
endfacet
facet normal -0.13052619222012 0.991444861373801 -4.69606808522184e-013
  outer loop
    vertex 25.0099123851234 55.6715557648969 53.9836581326072
    vertex 24.4663923904055 55.6000000001026 51.983658132608
    vertex 24.4663923904082 55.6000000001039 53.9836581326072
  endloop
endfacet
facet normal 0.991444861373816 0.130526192220011 -1.35882536295836e-012
  outer loop
    vertex 22.3663923904057 57.7000000001025 51.983658132609
    vertex 22.4379481552012 57.1564800053885 53.9836581326083
    vertex 22.4379481551986 57.1564800053872 51.983658132609
  endloop
endfacet
facet normal 0.991444861373816 0.130526192220011 -1.35882536295836e-012
  outer loop
    vertex 22.4379481552012 57.1564800053885 53.9836581326083
    vertex 22.3663923904057 57.7000000001025 51.983658132609
    vertex 22.3663923904083 57.7000000001038 53.9836581326086
  endloop
endfacet
facet normal -0.608761429008705 -0.793353340291247 1.29738688629466e-012
  outer loop
    vertex 25.9513166308997 59.1849242405955 53.9836581326091
    vertex 25.5163923904055 59.5186533480498 51.9836581326071
    vertex 25.9513166308972 59.1849242405942 51.9836581326069
  endloop
endfacet
facet normal -0.608761429008705 -0.793353340291247 1.29738688629466e-012
  outer loop
    vertex 25.5163923904055 59.5186533480498 51.9836581326071
    vertex 25.9513166308997 59.1849242405955 53.9836581326091
    vertex 25.5163923904081 59.518653348051 53.9836581326093
  endloop
endfacet
facet normal 0.923879532511278 0.382683432365112 -1.4319108329275e-012
  outer loop
    vertex 22.4379481551986 57.1564800053872 51.983658132609
    vertex 22.6477390424608 56.6500000001039 53.983658132608
    vertex 22.6477390424583 56.6500000001026 51.983658132609
  endloop
endfacet
facet normal 0.923879532511278 0.382683432365112 -1.4319108329275e-012
  outer loop
    vertex 22.6477390424608 56.6500000001039 53.983658132608
    vertex 22.4379481551986 57.1564800053872 51.983658132609
    vertex 22.4379481552012 57.1564800053885 53.9836581326083
  endloop
endfacet
facet normal -0.793353340291221 -0.608761429008739 1.41845209552711e-012
  outer loop
    vertex 26.2850457383553 58.7500000001037 53.9836581326088
    vertex 25.9513166308972 59.1849242405942 51.9836581326069
    vertex 26.2850457383528 58.7500000001025 51.9836581326067
  endloop
endfacet
facet normal -0.793353340291221 -0.608761429008739 1.41845209552711e-012
  outer loop
    vertex 25.9513166308972 59.1849242405942 51.9836581326069
    vertex 26.2850457383553 58.7500000001037 53.9836581326088
    vertex 25.9513166308997 59.1849242405955 53.9836581326091
  endloop
endfacet
facet normal 0.130526192220038 0.991444861373812 -8.10887908823317e-013
  outer loop
    vertex 23.9228723956902 55.6715557648956 51.9836581326083
    vertex 24.4663923904082 55.6000000001039 53.9836581326072
    vertex 24.4663923904055 55.6000000001026 51.983658132608
  endloop
endfacet
facet normal 0.130526192220038 0.991444861373812 -8.10887908823317e-013
  outer loop
    vertex 24.4663923904082 55.6000000001039 53.9836581326072
    vertex 23.9228723956902 55.6715557648956 51.9836581326083
    vertex 23.9228723956927 55.6715557648969 53.9836581326073
  endloop
endfacet
facet normal -0.923879532511275 -0.382683432365119 1.43838160404139e-012
  outer loop
    vertex 26.4948366256151 58.2435199948191 53.9836581326085
    vertex 26.2850457383528 58.7500000001025 51.9836581326067
    vertex 26.4948366256125 58.2435199948178 51.9836581326067
  endloop
endfacet
facet normal -0.923879532511275 -0.382683432365119 1.43838160404139e-012
  outer loop
    vertex 26.2850457383528 58.7500000001025 51.9836581326067
    vertex 26.4948366256151 58.2435199948191 53.9836581326085
    vertex 26.2850457383553 58.7500000001037 53.9836581326088
  endloop
endfacet
facet normal -0.991444861373795 0.130526192220173 1.19098228223595e-012
  outer loop
    vertex 26.4948366256149 57.1564800053885 53.9836581326079
    vertex 26.5663923904054 57.7000000001025 51.9836581326067
    vertex 26.4948366256124 57.1564800053872 51.9836581326067
  endloop
endfacet
facet normal -0.991444861373795 0.130526192220173 1.19098228223595e-012
  outer loop
    vertex 26.5663923904054 57.7000000001025 51.9836581326067
    vertex 26.4948366256149 57.1564800053885 53.9836581326079
    vertex 26.566392390408 57.7000000001038 53.9836581326082
  endloop
endfacet
facet normal 0.707106781186536 0.70710678118656 3.32333813803075e-013
  outer loop
    vertex 104.466392390418 64.7000000001027 53.9836581325936
    vertex 106.466392390418 62.7000000001047 50.9836581325939
    vertex 104.466392390417 64.7000000001052 50.9836581325938
  endloop
endfacet
facet normal 0.707106781186536 0.70710678118656 3.32333813803075e-013
  outer loop
    vertex 106.466392390418 62.7000000001047 50.9836581325939
    vertex 104.466392390418 64.7000000001027 53.9836581325936
    vertex 106.466392390418 62.7000000001027 53.9836581325936
  endloop
endfacet
facet normal 2.23684642283481e-014 -1.0 -4.86287553435468e-013
  outer loop
    vertex 104.466392390408 -23.9999999999712 53.9836581325626
    vertex 19.4663923904032 -23.9999999999706 50.9836581325833
    vertex 104.466392390408 -23.9999999999683 50.9836581325626
  endloop
endfacet
facet normal 2.23684642283481e-014 -1.0 -4.86287553435468e-013
  outer loop
    vertex 19.4663923904032 -23.9999999999706 50.9836581325833
    vertex 104.466392390408 -23.9999999999712 53.9836581325626
    vertex 19.466392390405 -23.9999999999707 53.9836581325833
  endloop
endfacet
facet normal 0.812912862638707 -0.582385334427767 -2.98846008183185e-013
  outer loop
    vertex 106.466392390408 -21.9999999999683 50.9836581325639
    vertex 130.466392390408 11.500000000028 53.983658132585
    vertex 106.466392390408 -21.9999999999712 53.9836581325639
  endloop
endfacet
facet normal 0.812912862638707 -0.582385334427767 -2.98846008183185e-013
  outer loop
    vertex 130.466392390408 11.500000000028 53.983658132585
    vertex 106.466392390408 -21.9999999999683 50.9836581325639
    vertex 130.466392390408 11.5000000000285 50.983658132585
  endloop
endfacet
facet normal -1.0 2.02026243427391e-014 3.60955260710315e-013
  outer loop
    vertex 17.4663923904049 11.5002000000292 53.9836581325842
    vertex 17.4663923904032 -21.9999999999707 50.9836581325842
    vertex 17.4663923904049 -21.9999999999708 53.9836581325842
  endloop
endfacet
facet normal -1.0 2.02026243427391e-014 3.60955260710315e-013
  outer loop
    vertex 17.4663923904032 -21.9999999999707 50.9836581325842
    vertex 17.4663923904049 11.5002000000292 53.9836581325842
    vertex 17.4663923904045 11.500066666693 50.9836581314733
  endloop
endfacet
facet normal -0.707106781186532 -0.707106781186563 3.82871943048477e-013
  outer loop
    vertex 19.466392390405 -23.9999999999707 53.9836581325833
    vertex 17.4663923904032 -21.9999999999707 50.9836581325842
    vertex 19.4663923904032 -23.9999999999706 50.9836581325833
  endloop
endfacet
facet normal -0.707106781186532 -0.707106781186563 3.82871943048477e-013
  outer loop
    vertex 17.4663923904032 -21.9999999999707 50.9836581325842
    vertex 19.466392390405 -23.9999999999707 53.9836581325833
    vertex 17.4663923904049 -21.9999999999708 53.9836581325842
  endloop
endfacet
facet normal 0.559472855002862 0.828848674074434 3.29126875892127e-013
  outer loop
    vertex 106.466392390418 62.7000000001027 53.9836581325936
    vertex 130.466392390415 46.5000000000299 50.9836581326053
    vertex 106.466392390418 62.7000000001047 50.9836581325939
  endloop
endfacet
facet normal 0.559472855002862 0.828848674074434 3.29126875892127e-013
  outer loop
    vertex 130.466392390415 46.5000000000299 50.9836581326053
    vertex 106.466392390418 62.7000000001027 53.9836581325936
    vertex 130.466392390415 46.5000000000293 53.9836581326053
  endloop
endfacet
facet normal 0.707106781186548 -0.707106781186548 -6.59325841870195e-013
  outer loop
    vertex 104.466392390408 -23.9999999999683 50.9836581325626
    vertex 106.466392390408 -21.9999999999712 53.9836581325639
    vertex 104.466392390408 -23.9999999999712 53.9836581325626
  endloop
endfacet
facet normal 0.707106781186548 -0.707106781186548 -6.59325841870195e-013
  outer loop
    vertex 106.466392390408 -21.9999999999712 53.9836581325639
    vertex 104.466392390408 -23.9999999999683 50.9836581325626
    vertex 106.466392390408 -21.9999999999683 50.9836581325639
  endloop
endfacet
facet normal -7.16603247323398e-015 1.0 4.32394860654691e-013
  outer loop
    vertex 19.4663923904047 64.7000000001034 50.9836581325964
    vertex 104.466392390418 64.7000000001027 53.9836581325936
    vertex 104.466392390417 64.7000000001052 50.9836581325938
  endloop
endfacet
facet normal -7.16603247323398e-015 1.0 4.32394860654691e-013
  outer loop
    vertex 104.466392390418 64.7000000001027 53.9836581325936
    vertex 19.4663923904047 64.7000000001034 50.9836581325964
    vertex 19.4663923904044 64.7000000001033 53.9836581326157
  endloop
endfacet
facet normal -5.67582603499258e-013 -6.95038939717982e-014 -1.0
  outer loop
    vertex 21.0022907752675 -15.2999999998974 51.9836581325694
    vertex 22.6477390424579 -16.2499999998975 51.9836581325686
    vertex 21.0022907752675 -19.2999999998974 51.9836581325697
  endloop
endfacet
facet normal -5.67582603499258e-013 -6.95038939717982e-014 -1.0
  outer loop
    vertex 22.6477390424579 -16.2499999998975 51.9836581325686
    vertex 21.0022907752675 -15.2999999998974 51.9836581325694
    vertex 24.4663923904053 -13.2999999998974 51.9836581325673
  endloop
endfacet
facet normal -5.67582603499258e-013 -6.95038939717982e-014 -1.0
  outer loop
    vertex 21.0022907752675 -19.2999999998974 51.9836581325697
    vertex 22.6477390424579 -16.2499999998975 51.9836581325686
    vertex 22.4379481551983 -16.7564800051822 51.9836581325688
  endloop
endfacet
facet normal -5.67582603499258e-013 -6.95038939717982e-014 -1.0
  outer loop
    vertex 21.0022907752675 -19.2999999998974 51.9836581325697
    vertex 22.4379481551983 -16.7564800051822 51.9836581325688
    vertex 22.3663923904054 -17.2999999998973 51.9836581325688
  endloop
endfacet
facet normal -5.67582603499258e-013 -6.95038939717982e-014 -1.0
  outer loop
    vertex 22.6477390424579 -16.2499999998975 51.9836581325686
    vertex 24.4663923904053 -13.2999999998974 51.9836581325673
    vertex 22.9814681499135 -15.8150757594058 51.9836581325684
  endloop
endfacet
facet normal -5.67582603499258e-013 -6.95038939717982e-014 -1.0
  outer loop
    vertex 22.9814681499135 -15.8150757594058 51.9836581325684
    vertex 24.4663923904053 -13.2999999998974 51.9836581325673
    vertex 23.4163923904053 -15.4813466519502 51.9836581325681
  endloop
endfacet
facet normal -5.67582603499258e-013 -6.95038939717982e-014 -1.0
  outer loop
    vertex 23.4163923904053 -15.4813466519502 51.9836581325681
    vertex 24.4663923904053 -13.2999999998974 51.9836581325673
    vertex 23.92287239569 -15.2715557646904 51.9836581325678
  endloop
endfacet
facet normal -5.67582603499258e-013 -6.95038939717982e-014 -1.0
  outer loop
    vertex 23.92287239569 -15.2715557646904 51.9836581325678
    vertex 24.4663923904053 -13.2999999998974 51.9836581325673
    vertex 24.4663923904054 -15.1999999998975 51.9836581325675
  endloop
endfacet
facet normal -5.67582603499258e-013 -6.95038939717982e-014 -1.0
  outer loop
    vertex 24.4663923904054 -15.1999999998975 51.9836581325675
    vertex 24.4663923904053 -13.2999999998974 51.9836581325673
    vertex 27.9304940055431 -15.2999999998974 51.9836581325655
  endloop
endfacet
facet normal -5.67582603499258e-013 -6.95038939717982e-014 -1.0
  outer loop
    vertex 24.4663923904054 -15.1999999998975 51.9836581325675
    vertex 27.9304940055431 -15.2999999998974 51.9836581325655
    vertex 25.0099123851207 -15.2715557646904 51.9836581325672
  endloop
endfacet
facet normal -5.67582603499258e-013 -6.95038939717982e-014 -1.0
  outer loop
    vertex 25.0099123851207 -15.2715557646904 51.9836581325672
    vertex 27.9304940055431 -15.2999999998974 51.9836581325655
    vertex 25.5163923904053 -15.4813466519502 51.9836581325669
  endloop
endfacet
facet normal -5.67582603499258e-013 -6.95038939717982e-014 -1.0
  outer loop
    vertex 25.5163923904053 -15.4813466519502 51.9836581325669
    vertex 27.9304940055431 -15.2999999998974 51.9836581325655
    vertex 25.9513166308971 -15.8150757594057 51.9836581325667
  endloop
endfacet
facet normal -5.67582603499258e-013 -6.95038939717982e-014 -1.0
  outer loop
    vertex 25.9513166308971 -15.8150757594057 51.9836581325667
    vertex 27.9304940055431 -15.2999999998974 51.9836581325655
    vertex 26.2850457383526 -16.2499999998975 51.9836581325665
  endloop
endfacet
facet normal -5.67582603499258e-013 -6.95038939717982e-014 -1.0
  outer loop
    vertex 26.2850457383526 -16.2499999998975 51.9836581325665
    vertex 27.9304940055431 -15.2999999998974 51.9836581325655
    vertex 26.4948366256124 -16.7564800051823 51.9836581325664
  endloop
endfacet
facet normal -5.67582603499258e-013 -6.95038939717982e-014 -1.0
  outer loop
    vertex 26.4948366256124 -16.7564800051823 51.9836581325664
    vertex 27.9304940055431 -15.2999999998974 51.9836581325655
    vertex 26.5663923904053 -17.2999999998973 51.9836581325664
  endloop
endfacet
facet normal -5.67582603499258e-013 -6.95038939717982e-014 -1.0
  outer loop
    vertex 26.5663923904053 -17.2999999998973 51.9836581325664
    vertex 27.9304940055431 -15.2999999998974 51.9836581325655
    vertex 27.930494005543 -19.2999999998974 51.9836581325658
  endloop
endfacet
facet normal -5.67582603499258e-013 -6.95038939717982e-014 -1.0
  outer loop
    vertex 21.0022907752675 -19.2999999998974 51.9836581325697
    vertex 22.647739042458 -18.3499999998974 51.9836581325687
    vertex 24.4663923904053 -21.2999999998974 51.9836581325679
  endloop
endfacet
facet normal -5.67582603499258e-013 -6.95038939717982e-014 -1.0
  outer loop
    vertex 22.647739042458 -18.3499999998974 51.9836581325687
    vertex 21.0022907752675 -19.2999999998974 51.9836581325697
    vertex 22.4379481551982 -17.8435199946127 51.9836581325688
  endloop
endfacet
facet normal -5.67582603499258e-013 -6.95038939717982e-014 -1.0
  outer loop
    vertex 22.4379481551982 -17.8435199946127 51.9836581325688
    vertex 21.0022907752675 -19.2999999998974 51.9836581325697
    vertex 22.3663923904054 -17.2999999998973 51.9836581325688
  endloop
endfacet
facet normal -5.67582603499258e-013 -6.95038939717982e-014 -1.0
  outer loop
    vertex 24.4663923904053 -21.2999999998974 51.9836581325679
    vertex 22.647739042458 -18.3499999998974 51.9836581325687
    vertex 22.9814681499135 -18.7849242403891 51.9836581325686
  endloop
endfacet
facet normal -5.67582603499258e-013 -6.95038939717982e-014 -1.0
  outer loop
    vertex 24.4663923904053 -21.2999999998974 51.9836581325679
    vertex 22.9814681499135 -18.7849242403891 51.9836581325686
    vertex 23.4163923904054 -19.1186533478447 51.9836581325683
  endloop
endfacet
facet normal -5.67582603499258e-013 -6.95038939717982e-014 -1.0
  outer loop
    vertex 24.4663923904053 -21.2999999998974 51.9836581325679
    vertex 23.4163923904054 -19.1186533478447 51.9836581325683
    vertex 23.92287239569 -19.3284442351045 51.9836581325681
  endloop
endfacet
facet normal -5.67582603499258e-013 -6.95038939717982e-014 -1.0
  outer loop
    vertex 24.4663923904053 -21.2999999998974 51.9836581325679
    vertex 23.92287239569 -19.3284442351045 51.9836581325681
    vertex 24.4663923904053 -19.3999999998974 51.9836581325678
  endloop
endfacet
facet normal -5.67582603499258e-013 -6.95038939717982e-014 -1.0
  outer loop
    vertex 24.4663923904053 -21.2999999998974 51.9836581325679
    vertex 24.4663923904053 -19.3999999998974 51.9836581325678
    vertex 25.0099123851206 -19.3284442351045 51.9836581325674
  endloop
endfacet
facet normal -5.67582603499258e-013 -6.95038939717982e-014 -1.0
  outer loop
    vertex 24.4663923904053 -21.2999999998974 51.9836581325679
    vertex 25.0099123851206 -19.3284442351045 51.9836581325674
    vertex 27.930494005543 -19.2999999998974 51.9836581325658
  endloop
endfacet
facet normal -5.67582603499258e-013 -6.95038939717982e-014 -1.0
  outer loop
    vertex 27.930494005543 -19.2999999998974 51.9836581325658
    vertex 25.0099123851206 -19.3284442351045 51.9836581325674
    vertex 25.5163923904053 -19.1186533478447 51.9836581325672
  endloop
endfacet
facet normal -5.67582603499258e-013 -6.95038939717982e-014 -1.0
  outer loop
    vertex 27.930494005543 -19.2999999998974 51.9836581325658
    vertex 25.5163923904053 -19.1186533478447 51.9836581325672
    vertex 25.9513166308971 -18.7849242403891 51.9836581325669
  endloop
endfacet
facet normal -5.67582603499258e-013 -6.95038939717982e-014 -1.0
  outer loop
    vertex 27.930494005543 -19.2999999998974 51.9836581325658
    vertex 25.9513166308971 -18.7849242403891 51.9836581325669
    vertex 26.2850457383527 -18.3499999998974 51.9836581325667
  endloop
endfacet
facet normal -5.67582603499258e-013 -6.95038939717982e-014 -1.0
  outer loop
    vertex 27.930494005543 -19.2999999998974 51.9836581325658
    vertex 26.2850457383527 -18.3499999998974 51.9836581325667
    vertex 26.4948366256124 -17.8435199946127 51.9836581325665
  endloop
endfacet
facet normal -5.67582603499258e-013 -6.95038939717982e-014 -1.0
  outer loop
    vertex 27.930494005543 -19.2999999998974 51.9836581325658
    vertex 26.4948366256124 -17.8435199946127 51.9836581325665
    vertex 26.5663923904053 -17.2999999998973 51.9836581325664
  endloop
endfacet
facet normal 5.66935412204056e-013 6.80399343787719e-014 -1.0
  outer loop
    vertex 96.0022907752676 59.7000000001025 51.98365813259
    vertex 97.647739042458 58.7500000001025 51.9836581325909
    vertex 96.0022907752676 55.7000000001025 51.9836581325897
  endloop
endfacet
facet normal 5.66935412204056e-013 6.80399343787719e-014 -1.0
  outer loop
    vertex 97.647739042458 58.7500000001025 51.9836581325909
    vertex 96.0022907752676 59.7000000001025 51.98365813259
    vertex 99.4663923904054 61.7000000001024 51.9836581325921
  endloop
endfacet
facet normal 5.66935412204056e-013 6.80399343787719e-014 -1.0
  outer loop
    vertex 96.0022907752676 55.7000000001025 51.9836581325897
    vertex 97.647739042458 58.7500000001025 51.9836581325909
    vertex 97.4379481551983 58.2435199948178 51.9836581325907
  endloop
endfacet
facet normal 5.66935412204056e-013 6.80399343787719e-014 -1.0
  outer loop
    vertex 96.0022907752676 55.7000000001025 51.9836581325897
    vertex 97.4379481551983 58.2435199948178 51.9836581325907
    vertex 97.3663923904053 57.7000000001025 51.9836581325906
  endloop
endfacet
facet normal 5.66935412204056e-013 6.80399343787719e-014 -1.0
  outer loop
    vertex 97.647739042458 58.7500000001025 51.9836581325909
    vertex 99.4663923904054 61.7000000001024 51.9836581325921
    vertex 97.9814681499135 59.1849242405942 51.9836581325911
  endloop
endfacet
facet normal 5.66935412204056e-013 6.80399343787719e-014 -1.0
  outer loop
    vertex 97.9814681499135 59.1849242405942 51.9836581325911
    vertex 99.4663923904054 61.7000000001024 51.9836581325921
    vertex 98.4163923904053 59.5186533480498 51.9836581325914
  endloop
endfacet
facet normal 5.66935412204056e-013 6.80399343787719e-014 -1.0
  outer loop
    vertex 98.4163923904053 59.5186533480498 51.9836581325914
    vertex 99.4663923904054 61.7000000001024 51.9836581325921
    vertex 98.92287239569 59.7284442353096 51.9836581325917
  endloop
endfacet
facet normal 5.66935412204056e-013 6.80399343787719e-014 -1.0
  outer loop
    vertex 98.92287239569 59.7284442353096 51.9836581325917
    vertex 99.4663923904054 61.7000000001024 51.9836581325921
    vertex 99.4663923904054 59.8000000001025 51.983658132592
  endloop
endfacet
facet normal 5.66935412204056e-013 6.80399343787719e-014 -1.0
  outer loop
    vertex 99.4663923904054 59.8000000001025 51.983658132592
    vertex 99.4663923904054 61.7000000001024 51.9836581325921
    vertex 102.930494005543 59.7000000001025 51.9836581325939
  endloop
endfacet
facet normal 5.66935412204056e-013 6.80399343787719e-014 -1.0
  outer loop
    vertex 99.4663923904054 59.8000000001025 51.983658132592
    vertex 102.930494005543 59.7000000001025 51.9836581325939
    vertex 100.009912385121 59.7284442353095 51.9836581325923
  endloop
endfacet
facet normal 5.66935412204056e-013 6.80399343787719e-014 -1.0
  outer loop
    vertex 100.009912385121 59.7284442353095 51.9836581325923
    vertex 102.930494005543 59.7000000001025 51.9836581325939
    vertex 100.516392390405 59.5186533480498 51.9836581325926
  endloop
endfacet
facet normal 5.66935412204056e-013 6.80399343787719e-014 -1.0
  outer loop
    vertex 100.516392390405 59.5186533480498 51.9836581325926
    vertex 102.930494005543 59.7000000001025 51.9836581325939
    vertex 100.951316630897 59.1849242405942 51.9836581325928
  endloop
endfacet
facet normal 5.66935412204056e-013 6.80399343787719e-014 -1.0
  outer loop
    vertex 100.951316630897 59.1849242405942 51.9836581325928
    vertex 102.930494005543 59.7000000001025 51.9836581325939
    vertex 101.285045738353 58.7500000001025 51.9836581325929
  endloop
endfacet
facet normal 5.66935412204056e-013 6.80399343787719e-014 -1.0
  outer loop
    vertex 101.285045738353 58.7500000001025 51.9836581325929
    vertex 102.930494005543 59.7000000001025 51.9836581325939
    vertex 101.494836625612 58.2435199948178 51.983658132593
  endloop
endfacet
facet normal 5.66935412204056e-013 6.80399343787719e-014 -1.0
  outer loop
    vertex 101.494836625612 58.2435199948178 51.983658132593
    vertex 102.930494005543 59.7000000001025 51.9836581325939
    vertex 101.566392390405 57.7000000001025 51.983658132593
  endloop
endfacet
facet normal 5.66935412204056e-013 6.80399343787719e-014 -1.0
  outer loop
    vertex 96.0022907752676 55.7000000001025 51.9836581325897
    vertex 97.647739042458 56.6500000001024 51.9836581325907
    vertex 99.4663923904054 53.7000000001024 51.9836581325916
  endloop
endfacet
facet normal 5.66935412204056e-013 6.80399343787719e-014 -1.0
  outer loop
    vertex 97.647739042458 56.6500000001024 51.9836581325907
    vertex 96.0022907752676 55.7000000001025 51.9836581325897
    vertex 97.4379481551983 57.1564800053871 51.9836581325906
  endloop
endfacet
facet normal 5.66935412204056e-013 6.80399343787719e-014 -1.0
  outer loop
    vertex 97.4379481551983 57.1564800053871 51.9836581325906
    vertex 96.0022907752676 55.7000000001025 51.9836581325897
    vertex 97.3663923904053 57.7000000001025 51.9836581325906
  endloop
endfacet
facet normal 5.66935412204056e-013 6.80399343787719e-014 -1.0
  outer loop
    vertex 99.4663923904054 53.7000000001024 51.9836581325916
    vertex 97.647739042458 56.6500000001024 51.9836581325907
    vertex 97.9814681499136 56.2150757596107 51.9836581325909
  endloop
endfacet
facet normal 5.66935412204056e-013 6.80399343787719e-014 -1.0
  outer loop
    vertex 99.4663923904054 53.7000000001024 51.9836581325916
    vertex 97.9814681499136 56.2150757596107 51.9836581325909
    vertex 98.4163923904054 55.8813466521551 51.9836581325911
  endloop
endfacet
facet normal 5.66935412204056e-013 6.80399343787719e-014 -1.0
  outer loop
    vertex 99.4663923904054 53.7000000001024 51.9836581325916
    vertex 98.4163923904054 55.8813466521551 51.9836581325911
    vertex 98.92287239569 55.6715557648953 51.9836581325914
  endloop
endfacet
facet normal 5.66935412204056e-013 6.80399343787719e-014 -1.0
  outer loop
    vertex 99.4663923904054 53.7000000001024 51.9836581325916
    vertex 98.92287239569 55.6715557648953 51.9836581325914
    vertex 99.4663923904054 55.6000000001024 51.9836581325917
  endloop
endfacet
facet normal 5.66935412204056e-013 6.80399343787719e-014 -1.0
  outer loop
    vertex 99.4663923904054 53.7000000001024 51.9836581325916
    vertex 99.4663923904054 55.6000000001024 51.9836581325917
    vertex 100.009912385121 55.6715557648953 51.983658132592
  endloop
endfacet
facet normal 5.66935412204056e-013 6.80399343787719e-014 -1.0
  outer loop
    vertex 99.4663923904054 53.7000000001024 51.9836581325916
    vertex 100.009912385121 55.6715557648953 51.983658132592
    vertex 102.930494005543 55.7000000001025 51.9836581325937
  endloop
endfacet
facet normal 5.66935412204056e-013 6.80399343787719e-014 -1.0
  outer loop
    vertex 102.930494005543 55.7000000001025 51.9836581325937
    vertex 100.009912385121 55.6715557648953 51.983658132592
    vertex 100.516392390405 55.8813466521551 51.9836581325923
  endloop
endfacet
facet normal 5.66935412204056e-013 6.80399343787719e-014 -1.0
  outer loop
    vertex 102.930494005543 55.7000000001025 51.9836581325937
    vertex 100.516392390405 55.8813466521551 51.9836581325923
    vertex 100.951316630897 56.2150757596107 51.9836581325926
  endloop
endfacet
facet normal 5.66935412204056e-013 6.80399343787719e-014 -1.0
  outer loop
    vertex 102.930494005543 55.7000000001025 51.9836581325937
    vertex 100.951316630897 56.2150757596107 51.9836581325926
    vertex 101.285045738353 56.6500000001025 51.9836581325928
  endloop
endfacet
facet normal 5.66935412204056e-013 6.80399343787719e-014 -1.0
  outer loop
    vertex 102.930494005543 55.7000000001025 51.9836581325937
    vertex 101.285045738353 56.6500000001025 51.9836581325928
    vertex 101.494836625612 57.1564800053872 51.9836581325929
  endloop
endfacet
facet normal 5.66935412204056e-013 6.80399343787719e-014 -1.0
  outer loop
    vertex 102.930494005543 55.7000000001025 51.9836581325937
    vertex 101.494836625612 57.1564800053872 51.9836581325929
    vertex 101.566392390405 57.7000000001025 51.983658132593
  endloop
endfacet
facet normal 5.66935412204056e-013 6.80399343787719e-014 -1.0
  outer loop
    vertex 102.930494005543 55.7000000001025 51.9836581325937
    vertex 101.566392390405 57.7000000001025 51.983658132593
    vertex 102.930494005543 59.7000000001025 51.9836581325939
  endloop
endfacet
facet normal -5.64987230315055e-013 -7.00174458099823e-014 -1.0
  outer loop
    vertex 21.0022907752677 59.7000000001026 51.9836581326097
    vertex 22.6477390424583 58.7500000001025 51.9836581326088
    vertex 21.0022907752677 55.7000000001025 51.9836581326099
  endloop
endfacet
facet normal -5.64987230315055e-013 -7.00174458099823e-014 -1.0
  outer loop
    vertex 22.6477390424583 58.7500000001025 51.9836581326088
    vertex 21.0022907752677 59.7000000001026 51.9836581326097
    vertex 24.4663923904054 61.7000000001025 51.9836581326076
  endloop
endfacet
facet normal -5.64987230315055e-013 -7.00174458099823e-014 -1.0
  outer loop
    vertex 21.0022907752677 55.7000000001025 51.9836581326099
    vertex 22.6477390424583 58.7500000001025 51.9836581326088
    vertex 22.4379481551986 58.2435199948178 51.983658132609
  endloop
endfacet
facet normal -5.64987230315055e-013 -7.00174458099823e-014 -1.0
  outer loop
    vertex 21.0022907752677 55.7000000001025 51.9836581326099
    vertex 22.4379481551986 58.2435199948178 51.983658132609
    vertex 22.3663923904057 57.7000000001025 51.983658132609
  endloop
endfacet
facet normal -5.64987230315055e-013 -7.00174458099823e-014 -1.0
  outer loop
    vertex 22.6477390424583 58.7500000001025 51.9836581326088
    vertex 24.4663923904054 61.7000000001025 51.9836581326076
    vertex 22.9814681499138 59.1849242405942 51.9836581326086
  endloop
endfacet
facet normal -5.64987230315055e-013 -7.00174458099823e-014 -1.0
  outer loop
    vertex 22.9814681499138 59.1849242405942 51.9836581326086
    vertex 24.4663923904054 61.7000000001025 51.9836581326076
    vertex 23.4163923904056 59.5186533480498 51.9836581326083
  endloop
endfacet
facet normal -5.64987230315055e-013 -7.00174458099823e-014 -1.0
  outer loop
    vertex 23.4163923904056 59.5186533480498 51.9836581326083
    vertex 24.4663923904054 61.7000000001025 51.9836581326076
    vertex 23.9228723956902 59.7284442353094 51.983658132608
  endloop
endfacet
facet normal -5.64987230315055e-013 -7.00174458099823e-014 -1.0
  outer loop
    vertex 23.9228723956902 59.7284442353094 51.983658132608
    vertex 24.4663923904054 61.7000000001025 51.9836581326076
    vertex 24.4663923904054 59.8000000001025 51.9836581326077
  endloop
endfacet
facet normal -5.64987230315055e-013 -7.00174458099823e-014 -1.0
  outer loop
    vertex 24.4663923904054 59.8000000001025 51.9836581326077
    vertex 24.4663923904054 61.7000000001025 51.9836581326076
    vertex 27.9304940055433 59.7000000001025 51.9836581326058
  endloop
endfacet
facet normal -5.64987230315055e-013 -7.00174458099823e-014 -1.0
  outer loop
    vertex 24.4663923904054 59.8000000001025 51.9836581326077
    vertex 27.9304940055433 59.7000000001025 51.9836581326058
    vertex 25.0099123851208 59.7284442353094 51.9836581326074
  endloop
endfacet
facet normal -5.64987230315055e-013 -7.00174458099823e-014 -1.0
  outer loop
    vertex 25.0099123851208 59.7284442353094 51.9836581326074
    vertex 27.9304940055433 59.7000000001025 51.9836581326058
    vertex 25.5163923904055 59.5186533480498 51.9836581326071
  endloop
endfacet
facet normal -5.64987230315055e-013 -7.00174458099823e-014 -1.0
  outer loop
    vertex 25.5163923904055 59.5186533480498 51.9836581326071
    vertex 27.9304940055433 59.7000000001025 51.9836581326058
    vertex 25.9513166308972 59.1849242405942 51.9836581326069
  endloop
endfacet
facet normal -5.64987230315055e-013 -7.00174458099823e-014 -1.0
  outer loop
    vertex 25.9513166308972 59.1849242405942 51.9836581326069
    vertex 27.9304940055433 59.7000000001025 51.9836581326058
    vertex 26.2850457383528 58.7500000001025 51.9836581326067
  endloop
endfacet
facet normal -5.64987230315055e-013 -7.00174458099823e-014 -1.0
  outer loop
    vertex 26.2850457383528 58.7500000001025 51.9836581326067
    vertex 27.9304940055433 59.7000000001025 51.9836581326058
    vertex 26.4948366256125 58.2435199948178 51.9836581326067
  endloop
endfacet
facet normal -5.64987230315055e-013 -7.00174458099823e-014 -1.0
  outer loop
    vertex 26.4948366256125 58.2435199948178 51.9836581326067
    vertex 27.9304940055433 59.7000000001025 51.9836581326058
    vertex 26.5663923904054 57.7000000001025 51.9836581326067
  endloop
endfacet
facet normal -5.64987230315055e-013 -7.00174458099823e-014 -1.0
  outer loop
    vertex 26.5663923904054 57.7000000001025 51.9836581326067
    vertex 27.9304940055433 59.7000000001025 51.9836581326058
    vertex 27.9304940055432 55.7000000001025 51.983658132606
  endloop
endfacet
facet normal -5.64987230315055e-013 -7.00174458099823e-014 -1.0
  outer loop
    vertex 21.0022907752677 55.7000000001025 51.9836581326099
    vertex 22.6477390424583 56.6500000001026 51.983658132609
    vertex 24.4663923904054 53.7000000001025 51.9836581326081
  endloop
endfacet
facet normal -5.64987230315055e-013 -7.00174458099823e-014 -1.0
  outer loop
    vertex 22.6477390424583 56.6500000001026 51.983658132609
    vertex 21.0022907752677 55.7000000001025 51.9836581326099
    vertex 22.4379481551986 57.1564800053872 51.983658132609
  endloop
endfacet
facet normal -5.64987230315055e-013 -7.00174458099823e-014 -1.0
  outer loop
    vertex 22.4379481551986 57.1564800053872 51.983658132609
    vertex 21.0022907752677 55.7000000001025 51.9836581326099
    vertex 22.3663923904057 57.7000000001025 51.983658132609
  endloop
endfacet
facet normal -5.64987230315055e-013 -7.00174458099823e-014 -1.0
  outer loop
    vertex 24.4663923904054 53.7000000001025 51.9836581326081
    vertex 22.6477390424583 56.6500000001026 51.983658132609
    vertex 22.9814681499138 56.2150757596109 51.9836581326088
  endloop
endfacet
facet normal -5.64987230315055e-013 -7.00174458099823e-014 -1.0
  outer loop
    vertex 24.4663923904054 53.7000000001025 51.9836581326081
    vertex 22.9814681499138 56.2150757596109 51.9836581326088
    vertex 23.4163923904056 55.8813466521553 51.9836581326086
  endloop
endfacet
facet normal -5.64987230315055e-013 -7.00174458099823e-014 -1.0
  outer loop
    vertex 24.4663923904054 53.7000000001025 51.9836581326081
    vertex 23.4163923904056 55.8813466521553 51.9836581326086
    vertex 23.9228723956902 55.6715557648956 51.9836581326083
  endloop
endfacet
facet normal -5.64987230315055e-013 -7.00174458099823e-014 -1.0
  outer loop
    vertex 24.4663923904054 53.7000000001025 51.9836581326081
    vertex 23.9228723956902 55.6715557648956 51.9836581326083
    vertex 24.4663923904055 55.6000000001026 51.983658132608
  endloop
endfacet
facet normal -5.64987230315055e-013 -7.00174458099823e-014 -1.0
  outer loop
    vertex 24.4663923904054 53.7000000001025 51.9836581326081
    vertex 24.4663923904055 55.6000000001026 51.983658132608
    vertex 27.9304940055432 55.7000000001025 51.983658132606
  endloop
endfacet
facet normal -5.64987230315055e-013 -7.00174458099823e-014 -1.0
  outer loop
    vertex 27.9304940055432 55.7000000001025 51.983658132606
    vertex 24.4663923904055 55.6000000001026 51.983658132608
    vertex 25.0099123851208 55.6715557648956 51.9836581326077
  endloop
endfacet
facet normal -5.64987230315055e-013 -7.00174458099823e-014 -1.0
  outer loop
    vertex 27.9304940055432 55.7000000001025 51.983658132606
    vertex 25.0099123851208 55.6715557648956 51.9836581326077
    vertex 25.5163923904054 55.8813466521553 51.9836581326074
  endloop
endfacet
facet normal -5.64987230315055e-013 -7.00174458099823e-014 -1.0
  outer loop
    vertex 27.9304940055432 55.7000000001025 51.983658132606
    vertex 25.5163923904054 55.8813466521553 51.9836581326074
    vertex 25.9513166308973 56.2150757596108 51.9836581326071
  endloop
endfacet
facet normal -5.64987230315055e-013 -7.00174458099823e-014 -1.0
  outer loop
    vertex 27.9304940055432 55.7000000001025 51.983658132606
    vertex 25.9513166308973 56.2150757596108 51.9836581326071
    vertex 26.2850457383527 56.6500000001026 51.9836581326069
  endloop
endfacet
facet normal -5.64987230315055e-013 -7.00174458099823e-014 -1.0
  outer loop
    vertex 27.9304940055432 55.7000000001025 51.983658132606
    vertex 26.2850457383527 56.6500000001026 51.9836581326069
    vertex 26.4948366256124 57.1564800053872 51.9836581326067
  endloop
endfacet
facet normal -5.64987230315055e-013 -7.00174458099823e-014 -1.0
  outer loop
    vertex 27.9304940055432 55.7000000001025 51.983658132606
    vertex 26.4948366256124 57.1564800053872 51.9836581326067
    vertex 26.5663923904054 57.7000000001025 51.9836581326067
  endloop
endfacet
facet normal -2.15218345494446e-006 0.999999999996886 1.26372590277371e-006
  outer loop
    vertex 16.0000000000016 46.5000000000332 48.983658132607
    vertex 17.4663923904054 46.5000000000304 50.9836581325927
    vertex 19.4663923904092 46.5000028400055 48.9836581326091
  endloop
endfacet
facet normal -2.15218345494446e-006 0.999999999996886 1.26372590277371e-006
  outer loop
    vertex 17.4663923904054 46.5000000000304 50.9836581325927
    vertex 16.0000000000016 46.5000000000332 48.983658132607
    vertex 16.000000000193 46.4999861571025 53.9836581326072
  endloop
endfacet
facet normal -2.15218345494446e-006 0.999999999996886 1.26372590277371e-006
  outer loop
    vertex 17.4663923904054 46.5000000000304 50.9836581325927
    vertex 16.000000000193 46.4999861571025 53.9836581326072
    vertex 17.4663923904047 46.5000000000292 53.9836581326073
  endloop
endfacet
facet normal -1.86741144707056e-014 3.96720286313786e-013 -1.0
  outer loop
    vertex 37.466392390405 19.8256161570911 48.9836581325875
    vertex 96.0022907752693 55.7000000001027 48.9836581326017
    vertex 96.4663923904077 19.8256161570911 48.9836581325875
  endloop
endfacet
facet normal -1.86741144707056e-014 3.96720286313786e-013 -1.0
  outer loop
    vertex 96.0022907752693 55.7000000001027 48.9836581326017
    vertex 37.466392390405 19.8256161570911 48.9836581325875
    vertex 96.0022907752693 59.7000000001026 48.9836581326038
  endloop
endfacet
facet normal -1.86741144707056e-014 3.96720286313786e-013 -1.0
  outer loop
    vertex 96.4663923904077 19.8256161570911 48.9836581325875
    vertex 96.0022907752693 55.7000000001027 48.9836581326017
    vertex 99.4663923904071 53.7000000001027 48.9836581326004
  endloop
endfacet
facet normal -1.86741144707056e-014 3.96720286313786e-013 -1.0
  outer loop
    vertex 96.4663923904077 19.8256161570911 48.9836581325875
    vertex 99.4663923904071 53.7000000001027 48.9836581326004
    vertex 96.8840762055119 19.7982397134873 48.9836581325874
  endloop
endfacet
facet normal -1.86741144707056e-014 3.96720286313786e-013 -1.0
  outer loop
    vertex 96.8840762055119 19.7982397134873 48.9836581325874
    vertex 99.4663923904071 53.7000000001027 48.9836581326004
    vertex 97.2946133347358 19.7165788012161 48.9836581325873
  endloop
endfacet
facet normal -1.86741144707056e-014 3.96720286313786e-013 -1.0
  outer loop
    vertex 97.2946133347358 19.7165788012161 48.9836581325873
    vertex 99.4663923904071 53.7000000001027 48.9836581326004
    vertex 97.690979373976 19.5820306611272 48.9836581325872
  endloop
endfacet
facet normal -1.86741144707056e-014 3.96720286313786e-013 -1.0
  outer loop
    vertex 97.690979373976 19.5820306611272 48.9836581325872
    vertex 99.4663923904071 53.7000000001027 48.9836581326004
    vertex 98.0663923904077 19.3968974492013 48.9836581325871
  endloop
endfacet
facet normal -1.86741144707056e-014 3.96720286313786e-013 -1.0
  outer loop
    vertex 98.0663923904077 19.3968974492013 48.9836581325871
    vertex 99.4663923904071 53.7000000001027 48.9836581326004
    vertex 98.4144289632356 19.164346846023 48.9836581325869
  endloop
endfacet
facet normal -1.86741144707056e-014 3.96720286313786e-013 -1.0
  outer loop
    vertex 98.4144289632356 19.164346846023 48.9836581325869
    vertex 99.4663923904071 53.7000000001027 48.9836581326004
    vertex 98.7291340902047 18.888357856888 48.9836581325868
  endloop
endfacet
facet normal -1.86741144707056e-014 3.96720286313786e-013 -1.0
  outer loop
    vertex 98.7291340902047 18.888357856888 48.9836581325868
    vertex 99.4663923904071 53.7000000001027 48.9836581326004
    vertex 99.0051230793396 18.573652729919 48.9836581325866
  endloop
endfacet
facet normal -1.86741144707056e-014 3.96720286313786e-013 -1.0
  outer loop
    vertex 99.0051230793396 18.573652729919 48.9836581325866
    vertex 99.4663923904071 53.7000000001027 48.9836581326004
    vertex 99.2376736825179 18.2256161570911 48.9836581325864
  endloop
endfacet
facet normal -1.86741144707056e-014 3.96720286313786e-013 -1.0
  outer loop
    vertex 99.2376736825179 18.2256161570911 48.9836581325864
    vertex 99.4663923904071 53.7000000001027 48.9836581326004
    vertex 99.4228068944439 17.8502031406594 48.9836581325862
  endloop
endfacet
facet normal -1.86741144707056e-014 3.96720286313786e-013 -1.0
  outer loop
    vertex 99.4228068944439 17.8502031406594 48.9836581325862
    vertex 99.4663923904071 53.7000000001027 48.9836581326004
    vertex 99.5573550345328 17.4538371014191 48.983658132586
  endloop
endfacet
facet normal -1.86741144707056e-014 3.96720286313786e-013 -1.0
  outer loop
    vertex 99.5573550345328 17.4538371014191 48.983658132586
    vertex 99.4663923904071 53.7000000001027 48.9836581326004
    vertex 102.930494005545 55.7000000001027 48.9836581326012
  endloop
endfacet
facet normal -1.86741144707056e-014 3.96720286313786e-013 -1.0
  outer loop
    vertex 99.5573550345328 17.4538371014191 48.983658132586
    vertex 102.930494005545 55.7000000001027 48.9836581326012
    vertex 99.6390159468039 17.0432999721953 48.9836581325859
  endloop
endfacet
facet normal -1.86741144707056e-014 3.96720286313786e-013 -1.0
  outer loop
    vertex 99.6390159468039 17.0432999721953 48.9836581325859
    vertex 102.930494005545 55.7000000001027 48.9836581326012
    vertex 99.6663923904078 16.6256161570911 48.9836581325857
  endloop
endfacet
facet normal -1.86741144707056e-014 3.96720286313786e-013 -1.0
  outer loop
    vertex 99.6663923904078 16.6256161570911 48.9836581325857
    vertex 102.930494005545 55.7000000001027 48.9836581326012
    vertex 102.906303892041 -15.2999999998947 48.983658132571
  endloop
endfacet
facet normal -1.86741144707056e-014 3.96720286313786e-013 -1.0
  outer loop
    vertex 102.906303892041 -15.2999999998947 48.983658132571
    vertex 102.930494005545 55.7000000001027 48.9836581326012
    vertex 102.906303892041 -19.2999999998947 48.9836581325692
  endloop
endfacet
facet normal -1.86741144707056e-014 3.96720286313786e-013 -1.0
  outer loop
    vertex 19.4663923904046 62.7000000001048 48.9836581326038
    vertex 21.0022907752661 59.7000000001023 48.9836581326088
    vertex 19.4663923904092 46.5000028400055 48.9836581326091
  endloop
endfacet
facet normal -1.86741144707056e-014 3.96720286313786e-013 -1.0
  outer loop
    vertex 21.0022907752661 59.7000000001023 48.9836581326088
    vertex 19.4663923904046 62.7000000001048 48.9836581326038
    vertex 24.4663923904038 61.7000000001023 48.9836581326096
  endloop
endfacet
facet normal -1.86741144707056e-014 3.96720286313786e-013 -1.0
  outer loop
    vertex 24.4663923904038 61.7000000001023 48.9836581326096
    vertex 19.4663923904046 62.7000000001048 48.9836581326038
    vertex 104.466392390415 62.7000000001069 48.9836581326004
  endloop
endfacet
facet normal -1.86741144707056e-014 3.96720286313786e-013 -1.0
  outer loop
    vertex 19.4663923904092 46.5000028400055 48.9836581326091
    vertex 21.0022907752661 59.7000000001023 48.9836581326088
    vertex 21.002290775266 55.7000000001023 48.9836581326067
  endloop
endfacet
facet normal -1.86741144707056e-014 3.96720286313786e-013 -1.0
  outer loop
    vertex 19.4663923904092 46.5000028400055 48.9836581326091
    vertex 21.002290775266 55.7000000001023 48.9836581326067
    vertex 21.0022907752658 -15.2999999998977 48.9836581325697
  endloop
endfacet
facet normal -1.86741144707056e-014 3.96720286313786e-013 -1.0
  outer loop
    vertex 24.4663923904038 61.7000000001023 48.9836581326096
    vertex 104.466392390415 62.7000000001069 48.9836581326004
    vertex 27.9304940055416 59.7000000001024 48.9836581326083
  endloop
endfacet
facet normal -1.86741144707056e-014 3.96720286313786e-013 -1.0
  outer loop
    vertex 27.9304940055416 59.7000000001024 48.9836581326083
    vertex 104.466392390415 62.7000000001069 48.9836581326004
    vertex 27.9304940055416 55.7000000001023 48.9836581326063
  endloop
endfacet
facet normal -1.86741144707056e-014 3.96720286313786e-013 -1.0
  outer loop
    vertex 27.9304940055416 55.7000000001023 48.9836581326063
    vertex 104.466392390415 62.7000000001069 48.9836581326004
    vertex 99.4663923904071 61.7000000001026 48.9836581326046
  endloop
endfacet
facet normal -1.86741144707056e-014 3.96720286313786e-013 -1.0
  outer loop
    vertex 27.9304940055416 55.7000000001023 48.9836581326063
    vertex 99.4663923904071 61.7000000001026 48.9836581326046
    vertex 96.0022907752693 59.7000000001026 48.9836581326038
  endloop
endfacet
facet normal -1.86741144707056e-014 3.96720286313786e-013 -1.0
  outer loop
    vertex 27.9304940055416 55.7000000001023 48.9836581326063
    vertex 96.0022907752693 59.7000000001026 48.9836581326038
    vertex 35.5183558175771 19.164346846023 48.9836581325874
  endloop
endfacet
facet normal -1.86741144707056e-014 3.96720286313786e-013 -1.0
  outer loop
    vertex 27.9304940055416 55.7000000001023 48.9836581326063
    vertex 35.5183558175771 19.164346846023 48.9836581325874
    vertex 35.203650690608 18.888357856888 48.9836581325873
  endloop
endfacet
facet normal -1.86741144707056e-014 3.96720286313786e-013 -1.0
  outer loop
    vertex 27.9304940055416 55.7000000001023 48.9836581326063
    vertex 35.203650690608 18.888357856888 48.9836581325873
    vertex 34.927661701473 18.573652729919 48.9836581325872
  endloop
endfacet
facet normal -1.86741144707056e-014 3.96720286313786e-013 -1.0
  outer loop
    vertex 27.9304940055416 55.7000000001023 48.9836581326063
    vertex 34.927661701473 18.573652729919 48.9836581325872
    vertex 34.6951110982948 18.2256161570911 48.9836581325871
  endloop
endfacet
facet normal -1.86741144707056e-014 3.96720286313786e-013 -1.0
  outer loop
    vertex 27.9304940055416 55.7000000001023 48.9836581326063
    vertex 34.6951110982948 18.2256161570911 48.9836581325871
    vertex 34.5099778863689 17.8502031406594 48.9836581325869
  endloop
endfacet
facet normal -1.86741144707056e-014 3.96720286313786e-013 -1.0
  outer loop
    vertex 27.9304940055416 55.7000000001023 48.9836581326063
    vertex 34.5099778863689 17.8502031406594 48.9836581325869
    vertex 34.37542974628 17.4538371014191 48.9836581325868
  endloop
endfacet
facet normal -1.86741144707056e-014 3.96720286313786e-013 -1.0
  outer loop
    vertex 27.9304940055416 55.7000000001023 48.9836581326063
    vertex 34.37542974628 17.4538371014191 48.9836581325868
    vertex 34.2937688340088 17.0432999721952 48.9836581325866
  endloop
endfacet
facet normal -1.86741144707056e-014 3.96720286313786e-013 -1.0
  outer loop
    vertex 27.9304940055416 55.7000000001023 48.9836581326063
    vertex 34.2937688340088 17.0432999721952 48.9836581325866
    vertex 34.266392390405 16.6256161570911 48.9836581325864
  endloop
endfacet
facet normal -1.86741144707056e-014 3.96720286313786e-013 -1.0
  outer loop
    vertex 35.5183558175771 19.164346846023 48.9836581325874
    vertex 96.0022907752693 59.7000000001026 48.9836581326038
    vertex 35.866392390405 19.3968974492013 48.9836581325875
  endloop
endfacet
facet normal -1.86741144707056e-014 3.96720286313786e-013 -1.0
  outer loop
    vertex 35.866392390405 19.3968974492013 48.9836581325875
    vertex 96.0022907752693 59.7000000001026 48.9836581326038
    vertex 36.2418054068367 19.5820306611272 48.9836581325875
  endloop
endfacet
facet normal -1.86741144707056e-014 3.96720286313786e-013 -1.0
  outer loop
    vertex 36.2418054068367 19.5820306611272 48.9836581325875
    vertex 96.0022907752693 59.7000000001026 48.9836581326038
    vertex 36.6381714460769 19.7165788012161 48.9836581325875
  endloop
endfacet
facet normal -1.86741144707056e-014 3.96720286313786e-013 -1.0
  outer loop
    vertex 36.6381714460769 19.7165788012161 48.9836581325875
    vertex 96.0022907752693 59.7000000001026 48.9836581326038
    vertex 37.0487085753009 19.7982397134873 48.9836581325875
  endloop
endfacet
facet normal -1.86741144707056e-014 3.96720286313786e-013 -1.0
  outer loop
    vertex 37.0487085753009 19.7982397134873 48.9836581325875
    vertex 96.0022907752693 59.7000000001026 48.9836581326038
    vertex 37.466392390405 19.8256161570911 48.9836581325875
  endloop
endfacet
facet normal -1.86741144707056e-014 3.96720286313786e-013 -1.0
  outer loop
    vertex 99.4663923904071 61.7000000001026 48.9836581326046
    vertex 104.466392390415 62.7000000001069 48.9836581326004
    vertex 102.930494005545 59.7000000001027 48.9836581326033
  endloop
endfacet
facet normal -1.86741144707056e-014 3.96720286313786e-013 -1.0
  outer loop
    vertex 102.930494005545 59.7000000001027 48.9836581326033
    vertex 104.466392390415 62.7000000001069 48.9836581326004
    vertex 102.930494005545 55.7000000001027 48.9836581326012
  endloop
endfacet
facet normal -1.86741144707056e-014 3.96720286313786e-013 -1.0
  outer loop
    vertex 102.930494005545 55.7000000001027 48.9836581326012
    vertex 104.466392390415 62.7000000001069 48.9836581326004
    vertex 104.466392390408 -21.9999999999668 48.9836581325734
  endloop
endfacet
facet normal -1.86741144707056e-014 3.96720286313786e-013 -1.0
  outer loop
    vertex 104.466392390408 -21.9999999999668 48.9836581325734
    vertex 104.466392390415 62.7000000001069 48.9836581326004
    vertex 128.466392390408 11.5000000000287 48.983658132585
  endloop
endfacet
facet normal -1.86741144707056e-014 3.96720286313786e-013 -1.0
  outer loop
    vertex 128.466392390408 11.5000000000287 48.983658132585
    vertex 104.466392390415 62.7000000001069 48.9836581326004
    vertex 128.466392390415 46.5000000000299 48.9836581326053
  endloop
endfacet
facet normal -1.86741144707056e-014 3.96720286313786e-013 -1.0
  outer loop
    vertex 128.466392390408 11.5000000000287 48.983658132585
    vertex 128.466392390415 46.5000000000299 48.9836581326053
    vertex 131.000000000002 11.5000000000296 48.9836581325841
  endloop
endfacet
facet normal -1.86741144707056e-014 3.96720286313786e-013 -1.0
  outer loop
    vertex 131.000000000002 11.5000000000296 48.9836581325841
    vertex 128.466392390415 46.5000000000299 48.9836581326053
    vertex 130.999999999998 46.50000000003 48.9836581326043
  endloop
endfacet
facet normal -1.86741144707056e-014 3.96720286313786e-013 -1.0
  outer loop
    vertex 16.0000000000016 46.5000000000332 48.983658132607
    vertex 19.4663923904043 11.5000000000249 48.9836581325844
    vertex 16.0000000000008 11.5000000000247 48.9836581325841
  endloop
endfacet
facet normal -1.86741144707056e-014 3.96720286313786e-013 -1.0
  outer loop
    vertex 19.4663923904043 11.5000000000249 48.9836581325844
    vertex 16.0000000000016 46.5000000000332 48.983658132607
    vertex 19.4663923904092 46.5000028400055 48.9836581326091
  endloop
endfacet
facet normal -1.86741144707056e-014 3.96720286313786e-013 -1.0
  outer loop
    vertex 19.4663923904043 11.5000000000249 48.9836581325844
    vertex 19.4663923904092 46.5000028400055 48.9836581326091
    vertex 19.4663923904043 -21.9999999999665 48.9836581325788
  endloop
endfacet
facet normal -1.86741144707056e-014 3.96720286313786e-013 -1.0
  outer loop
    vertex 19.4663923904043 -21.9999999999665 48.9836581325788
    vertex 19.4663923904092 46.5000028400055 48.9836581326091
    vertex 21.0022907752659 -19.2999999998976 48.9836581325676
  endloop
endfacet
facet normal -1.86741144707056e-014 3.96720286313786e-013 -1.0
  outer loop
    vertex 19.4663923904043 -21.9999999999665 48.9836581325788
    vertex 21.0022907752659 -19.2999999998976 48.9836581325676
    vertex 24.4663923904036 -21.2999999998976 48.9836581325663
  endloop
endfacet
facet normal -1.86741144707056e-014 3.96720286313786e-013 -1.0
  outer loop
    vertex 19.4663923904043 -21.9999999999665 48.9836581325788
    vertex 24.4663923904036 -21.2999999998976 48.9836581325663
    vertex 104.466392390408 -21.9999999999668 48.9836581325734
  endloop
endfacet
facet normal -1.86741144707056e-014 3.96720286313786e-013 -1.0
  outer loop
    vertex 21.0022907752659 -19.2999999998976 48.9836581325676
    vertex 19.4663923904092 46.5000028400055 48.9836581326091
    vertex 21.0022907752658 -15.2999999998977 48.9836581325697
  endloop
endfacet
facet normal -1.86741144707056e-014 3.96720286313786e-013 -1.0
  outer loop
    vertex 104.466392390408 -21.9999999999668 48.9836581325734
    vertex 24.4663923904036 -21.2999999998976 48.9836581325663
    vertex 27.9304940055414 -19.2999999998975 48.9836581325672
  endloop
endfacet
facet normal -1.86741144707056e-014 3.96720286313786e-013 -1.0
  outer loop
    vertex 104.466392390408 -21.9999999999668 48.9836581325734
    vertex 27.9304940055414 -19.2999999998975 48.9836581325672
    vertex 27.9304940055415 -15.2999999998976 48.9836581325692
  endloop
endfacet
facet normal -1.86741144707056e-014 3.96720286313786e-013 -1.0
  outer loop
    vertex 104.466392390408 -21.9999999999668 48.9836581325734
    vertex 27.9304940055415 -15.2999999998976 48.9836581325692
    vertex 99.4422022769036 -21.2999999998947 48.9836581325687
  endloop
endfacet
facet normal -1.86741144707056e-014 3.96720286313786e-013 -1.0
  outer loop
    vertex 99.4422022769036 -21.2999999998947 48.9836581325687
    vertex 27.9304940055415 -15.2999999998976 48.9836581325692
    vertex 35.866392390405 13.8543348649809 48.983658132585
  endloop
endfacet
facet normal -1.86741144707056e-014 3.96720286313786e-013 -1.0
  outer loop
    vertex 35.866392390405 13.8543348649809 48.983658132585
    vertex 27.9304940055415 -15.2999999998976 48.9836581325692
    vertex 35.5183558175771 14.0868854681591 48.9836581325851
  endloop
endfacet
facet normal -1.86741144707056e-014 3.96720286313786e-013 -1.0
  outer loop
    vertex 35.5183558175771 14.0868854681591 48.9836581325851
    vertex 27.9304940055415 -15.2999999998976 48.9836581325692
    vertex 35.203650690608 14.3628744572941 48.9836581325853
  endloop
endfacet
facet normal -1.86741144707056e-014 3.96720286313786e-013 -1.0
  outer loop
    vertex 35.203650690608 14.3628744572941 48.9836581325853
    vertex 27.9304940055415 -15.2999999998976 48.9836581325692
    vertex 34.927661701473 14.6775795842632 48.9836581325855
  endloop
endfacet
facet normal -1.86741144707056e-014 3.96720286313786e-013 -1.0
  outer loop
    vertex 34.927661701473 14.6775795842632 48.9836581325855
    vertex 27.9304940055415 -15.2999999998976 48.9836581325692
    vertex 34.6951110982948 15.0256161570911 48.9836581325857
  endloop
endfacet
facet normal -1.86741144707056e-014 3.96720286313786e-013 -1.0
  outer loop
    vertex 34.6951110982948 15.0256161570911 48.9836581325857
    vertex 27.9304940055415 -15.2999999998976 48.9836581325692
    vertex 34.5099778863689 15.4010291735228 48.9836581325858
  endloop
endfacet
facet normal -1.86741144707056e-014 3.96720286313786e-013 -1.0
  outer loop
    vertex 34.5099778863689 15.4010291735228 48.9836581325858
    vertex 27.9304940055415 -15.2999999998976 48.9836581325692
    vertex 34.37542974628 15.797395212763 48.983658132586
  endloop
endfacet
facet normal -1.86741144707056e-014 3.96720286313786e-013 -1.0
  outer loop
    vertex 34.37542974628 15.797395212763 48.983658132586
    vertex 27.9304940055415 -15.2999999998976 48.9836581325692
    vertex 34.2937688340088 16.2079323419869 48.9836581325862
  endloop
endfacet
facet normal -1.86741144707056e-014 3.96720286313786e-013 -1.0
  outer loop
    vertex 34.2937688340088 16.2079323419869 48.9836581325862
    vertex 27.9304940055415 -15.2999999998976 48.9836581325692
    vertex 27.9304940055416 55.7000000001023 48.9836581326063
  endloop
endfacet
facet normal -1.86741144707056e-014 3.96720286313786e-013 -1.0
  outer loop
    vertex 34.2937688340088 16.2079323419869 48.9836581325862
    vertex 27.9304940055416 55.7000000001023 48.9836581326063
    vertex 34.266392390405 16.6256161570911 48.9836581325864
  endloop
endfacet
facet normal -1.86741144707056e-014 3.96720286313786e-013 -1.0
  outer loop
    vertex 99.4422022769036 -21.2999999998947 48.9836581325687
    vertex 35.866392390405 13.8543348649809 48.983658132585
    vertex 36.2418054068367 13.669201653055 48.9836581325849
  endloop
endfacet
facet normal -1.86741144707056e-014 3.96720286313786e-013 -1.0
  outer loop
    vertex 99.4422022769036 -21.2999999998947 48.9836581325687
    vertex 36.2418054068367 13.669201653055 48.9836581325849
    vertex 36.6381714460769 13.5346535129661 48.9836581325848
  endloop
endfacet
facet normal -1.86741144707056e-014 3.96720286313786e-013 -1.0
  outer loop
    vertex 99.4422022769036 -21.2999999998947 48.9836581325687
    vertex 36.6381714460769 13.5346535129661 48.9836581325848
    vertex 37.0487085753009 13.4529926006949 48.9836581325847
  endloop
endfacet
facet normal -1.86741144707056e-014 3.96720286313786e-013 -1.0
  outer loop
    vertex 99.4422022769036 -21.2999999998947 48.9836581325687
    vertex 37.0487085753009 13.4529926006949 48.9836581325847
    vertex 37.466392390405 13.4256161570911 48.9836581325846
  endloop
endfacet
facet normal -1.86741144707056e-014 3.96720286313786e-013 -1.0
  outer loop
    vertex 99.4422022769036 -21.2999999998947 48.9836581325687
    vertex 37.466392390405 13.4256161570911 48.9836581325846
    vertex 95.9781006617659 -19.2999999998947 48.98365813257
  endloop
endfacet
facet normal -1.86741144707056e-014 3.96720286313786e-013 -1.0
  outer loop
    vertex 95.9781006617659 -19.2999999998947 48.98365813257
    vertex 37.466392390405 13.4256161570911 48.9836581325846
    vertex 95.9781006617659 -15.2999999998947 48.9836581325718
  endloop
endfacet
facet normal -1.86741144707056e-014 3.96720286313786e-013 -1.0
  outer loop
    vertex 104.466392390408 -21.9999999999668 48.9836581325734
    vertex 99.4422022769036 -21.2999999998947 48.9836581325687
    vertex 102.906303892041 -19.2999999998947 48.9836581325692
  endloop
endfacet
facet normal -1.86741144707056e-014 3.96720286313786e-013 -1.0
  outer loop
    vertex 104.466392390408 -21.9999999999668 48.9836581325734
    vertex 102.906303892041 -19.2999999998947 48.9836581325692
    vertex 102.930494005545 55.7000000001027 48.9836581326012
  endloop
endfacet
facet normal -1.86741144707056e-014 3.96720286313786e-013 -1.0
  outer loop
    vertex 96.4663923904077 13.4256161570911 48.9836581325846
    vertex 95.9781006617659 -15.2999999998947 48.9836581325718
    vertex 37.466392390405 13.4256161570911 48.9836581325846
  endloop
endfacet
facet normal -1.86741144707056e-014 3.96720286313786e-013 -1.0
  outer loop
    vertex 95.9781006617659 -15.2999999998947 48.9836581325718
    vertex 96.4663923904077 13.4256161570911 48.9836581325846
    vertex 99.4422022769036 -13.2999999998947 48.9836581325723
  endloop
endfacet
facet normal -1.86741144707056e-014 3.96720286313786e-013 -1.0
  outer loop
    vertex 99.4422022769036 -13.2999999998947 48.9836581325723
    vertex 96.4663923904077 13.4256161570911 48.9836581325846
    vertex 96.8840762055119 13.4529926006949 48.9836581325846
  endloop
endfacet
facet normal -1.86741144707056e-014 3.96720286313786e-013 -1.0
  outer loop
    vertex 99.4422022769036 -13.2999999998947 48.9836581325723
    vertex 96.8840762055119 13.4529926006949 48.9836581325846
    vertex 97.2946133347358 13.5346535129661 48.9836581325846
  endloop
endfacet
facet normal -1.86741144707056e-014 3.96720286313786e-013 -1.0
  outer loop
    vertex 99.4422022769036 -13.2999999998947 48.9836581325723
    vertex 97.2946133347358 13.5346535129661 48.9836581325846
    vertex 97.690979373976 13.669201653055 48.9836581325846
  endloop
endfacet
facet normal -1.86741144707056e-014 3.96720286313786e-013 -1.0
  outer loop
    vertex 99.4422022769036 -13.2999999998947 48.9836581325723
    vertex 97.690979373976 13.669201653055 48.9836581325846
    vertex 98.0663923904077 13.8543348649809 48.9836581325846
  endloop
endfacet
facet normal -1.86741144707056e-014 3.96720286313786e-013 -1.0
  outer loop
    vertex 99.4422022769036 -13.2999999998947 48.9836581325723
    vertex 98.0663923904077 13.8543348649809 48.9836581325846
    vertex 98.4144289632356 14.0868854681591 48.9836581325847
  endloop
endfacet
facet normal -1.86741144707056e-014 3.96720286313786e-013 -1.0
  outer loop
    vertex 99.4422022769036 -13.2999999998947 48.9836581325723
    vertex 98.4144289632356 14.0868854681591 48.9836581325847
    vertex 98.7291340902047 14.3628744572941 48.9836581325848
  endloop
endfacet
facet normal -1.86741144707056e-014 3.96720286313786e-013 -1.0
  outer loop
    vertex 99.4422022769036 -13.2999999998947 48.9836581325723
    vertex 98.7291340902047 14.3628744572941 48.9836581325848
    vertex 99.0051230793397 14.6775795842632 48.9836581325849
  endloop
endfacet
facet normal -1.86741144707056e-014 3.96720286313786e-013 -1.0
  outer loop
    vertex 99.4422022769036 -13.2999999998947 48.9836581325723
    vertex 99.0051230793397 14.6775795842632 48.9836581325849
    vertex 99.2376736825179 15.0256161570911 48.983658132585
  endloop
endfacet
facet normal -1.86741144707056e-014 3.96720286313786e-013 -1.0
  outer loop
    vertex 99.4422022769036 -13.2999999998947 48.9836581325723
    vertex 99.2376736825179 15.0256161570911 48.983658132585
    vertex 99.4228068944439 15.4010291735228 48.9836581325851
  endloop
endfacet
facet normal -1.86741144707056e-014 3.96720286313786e-013 -1.0
  outer loop
    vertex 99.4422022769036 -13.2999999998947 48.9836581325723
    vertex 99.4228068944439 15.4010291735228 48.9836581325851
    vertex 99.5573550345328 15.797395212763 48.9836581325853
  endloop
endfacet
facet normal -1.86741144707056e-014 3.96720286313786e-013 -1.0
  outer loop
    vertex 99.4422022769036 -13.2999999998947 48.9836581325723
    vertex 99.5573550345328 15.797395212763 48.9836581325853
    vertex 102.906303892041 -15.2999999998947 48.983658132571
  endloop
endfacet
facet normal -1.86741144707056e-014 3.96720286313786e-013 -1.0
  outer loop
    vertex 102.906303892041 -15.2999999998947 48.983658132571
    vertex 99.5573550345328 15.797395212763 48.9836581325853
    vertex 99.6390159468039 16.2079323419869 48.9836581325855
  endloop
endfacet
facet normal -1.86741144707056e-014 3.96720286313786e-013 -1.0
  outer loop
    vertex 102.906303892041 -15.2999999998947 48.983658132571
    vertex 99.6390159468039 16.2079323419869 48.9836581325855
    vertex 99.6663923904078 16.6256161570911 48.9836581325857
  endloop
endfacet
facet normal -1.86741144707056e-014 3.96720286313786e-013 -1.0
  outer loop
    vertex 21.002290775266 55.7000000001023 48.9836581326067
    vertex 24.4663923904036 -13.2999999998976 48.9836581325705
    vertex 21.0022907752658 -15.2999999998977 48.9836581325697
  endloop
endfacet
facet normal -1.86741144707056e-014 3.96720286313786e-013 -1.0
  outer loop
    vertex 24.4663923904036 -13.2999999998976 48.9836581325705
    vertex 21.002290775266 55.7000000001023 48.9836581326067
    vertex 24.4663923904038 53.7000000001023 48.9836581326054
  endloop
endfacet
facet normal -1.86741144707056e-014 3.96720286313786e-013 -1.0
  outer loop
    vertex 24.4663923904036 -13.2999999998976 48.9836581325705
    vertex 24.4663923904038 53.7000000001023 48.9836581326054
    vertex 27.9304940055415 -15.2999999998976 48.9836581325692
  endloop
endfacet
facet normal -1.86741144707056e-014 3.96720286313786e-013 -1.0
  outer loop
    vertex 27.9304940055415 -15.2999999998976 48.9836581325692
    vertex 24.4663923904038 53.7000000001023 48.9836581326054
    vertex 27.9304940055416 55.7000000001023 48.9836581326063
  endloop
endfacet
facet normal -4.17092764098826e-014 0.707106781185579 -0.707106781187516
  outer loop
    vertex 19.4663923904047 64.7000000001034 50.9836581325964
    vertex 104.466392390415 62.7000000001069 48.9836581326004
    vertex 19.4663923904046 62.7000000001048 48.9836581326038
  endloop
endfacet
facet normal -4.17092764098826e-014 0.707106781185579 -0.707106781187516
  outer loop
    vertex 104.466392390415 62.7000000001069 48.9836581326004
    vertex 19.4663923904047 64.7000000001034 50.9836581325964
    vertex 104.466392390417 64.7000000001052 50.9836581325938
  endloop
endfacet
facet normal 0.0 1.0 4.47948685692614e-013
  outer loop
    vertex 37.4663923904049 13.4256161570889 53.9836581325827
    vertex 96.4663923904077 13.4256161570911 48.9836581325846
    vertex 37.466392390405 13.4256161570911 48.9836581325846
  endloop
endfacet
facet normal 0.0 1.0 4.47948685692614e-013
  outer loop
    vertex 96.4663923904077 13.4256161570911 48.9836581325846
    vertex 37.4663923904049 13.4256161570889 53.9836581325827
    vertex 96.4663923904077 13.4256161570889 53.9836581325827
  endloop
endfacet
facet normal -0.0654031292301533 0.997858923238603 4.47483565024894e-013
  outer loop
    vertex 96.4663923904077 13.4256161570911 48.9836581325846
    vertex 96.8840762055118 13.4529926006927 53.9836581325827
    vertex 96.8840762055119 13.4529926006949 48.9836581325846
  endloop
endfacet
facet normal -0.0654031292301533 0.997858923238603 4.47483565024894e-013
  outer loop
    vertex 96.8840762055118 13.4529926006927 53.9836581325827
    vertex 96.4663923904077 13.4256161570911 48.9836581325846
    vertex 96.4663923904077 13.4256161570889 53.9836581325827
  endloop
endfacet
facet normal -0.195090322016112 0.980785280403234 4.40814940868465e-013
  outer loop
    vertex 96.8840762055119 13.4529926006949 48.9836581325846
    vertex 97.2946133347358 13.5346535129638 53.9836581325827
    vertex 97.2946133347358 13.5346535129661 48.9836581325846
  endloop
endfacet
facet normal -0.195090322016112 0.980785280403234 4.40814940868465e-013
  outer loop
    vertex 97.2946133347358 13.5346535129638 53.9836581325827
    vertex 96.8840762055119 13.4529926006949 48.9836581325846
    vertex 96.8840762055118 13.4529926006927 53.9836581325827
  endloop
endfacet
facet normal -0.321439465303144 0.946930129495112 4.26603850856785e-013
  outer loop
    vertex 97.2946133347358 13.5346535129638 53.9836581325827
    vertex 97.690979373976 13.669201653055 48.9836581325846
    vertex 97.2946133347358 13.5346535129661 48.9836581325846
  endloop
endfacet
facet normal -0.321439465303144 0.946930129495112 4.26603850856785e-013
  outer loop
    vertex 97.690979373976 13.669201653055 48.9836581325846
    vertex 97.2946133347358 13.5346535129638 53.9836581325827
    vertex 97.690979373976 13.6692016530527 53.9836581325827
  endloop
endfacet
facet normal -0.442288690219016 0.896872741532681 4.05093450680006e-013
  outer loop
    vertex 97.690979373976 13.6692016530527 53.9836581325827
    vertex 98.0663923904077 13.8543348649809 48.9836581325846
    vertex 97.690979373976 13.669201653055 48.9836581325846
  endloop
endfacet
facet normal -0.442288690219016 0.896872741532681 4.05093450680006e-013
  outer loop
    vertex 98.0663923904077 13.8543348649809 48.9836581325846
    vertex 97.690979373976 13.6692016530527 53.9836581325827
    vertex 98.0663923904077 13.8543348649786 53.9836581325827
  endloop
endfacet
facet normal -0.555570233019626 0.83146961230253 3.76651789248971e-013
  outer loop
    vertex 98.0663923904077 13.8543348649786 53.9836581325827
    vertex 98.4144289632356 14.0868854681591 48.9836581325847
    vertex 98.0663923904077 13.8543348649809 48.9836581325846
  endloop
endfacet
facet normal -0.555570233019626 0.83146961230253 3.76651789248971e-013
  outer loop
    vertex 98.4144289632356 14.0868854681591 48.9836581325847
    vertex 98.0663923904077 13.8543348649786 53.9836581325827
    vertex 98.4144289632356 14.0868854681569 53.9836581325828
  endloop
endfacet
facet normal -0.659345815100056 0.751839807478989 3.41765511276297e-013
  outer loop
    vertex 98.4144289632356 14.0868854681569 53.9836581325828
    vertex 98.7291340902047 14.3628744572941 48.9836581325848
    vertex 98.4144289632356 14.0868854681591 48.9836581325847
  endloop
endfacet
facet normal -0.659345815100056 0.751839807478989 3.41765511276297e-013
  outer loop
    vertex 98.7291340902047 14.3628744572941 48.9836581325848
    vertex 98.4144289632356 14.0868854681569 53.9836581325828
    vertex 98.7291340902047 14.3628744572919 53.9836581325829
  endloop
endfacet
facet normal -0.751839807478949 0.659345815100102 3.01031530650382e-013
  outer loop
    vertex 99.0051230793396 14.6775795842609 53.983658132583
    vertex 98.7291340902047 14.3628744572941 48.9836581325848
    vertex 98.7291340902047 14.3628744572919 53.9836581325829
  endloop
endfacet
facet normal -0.751839807478949 0.659345815100102 3.01031530650382e-013
  outer loop
    vertex 98.7291340902047 14.3628744572941 48.9836581325848
    vertex 99.0051230793396 14.6775795842609 53.983658132583
    vertex 99.0051230793397 14.6775795842632 48.9836581325849
  endloop
endfacet
facet normal -0.83146961230255 0.555570233019595 2.55146817073304e-013
  outer loop
    vertex 99.2376736825179 15.0256161570888 53.9836581325831
    vertex 99.0051230793397 14.6775795842632 48.9836581325849
    vertex 99.0051230793396 14.6775795842609 53.983658132583
  endloop
endfacet
facet normal -0.83146961230255 0.555570233019595 2.55146817073304e-013
  outer loop
    vertex 99.0051230793397 14.6775795842632 48.9836581325849
    vertex 99.2376736825179 15.0256161570888 53.9836581325831
    vertex 99.2376736825179 15.0256161570911 48.983658132585
  endloop
endfacet
facet normal -0.896872741532692 0.442288690218994 2.04896470716058e-013
  outer loop
    vertex 99.4228068944438 15.4010291735205 53.9836581325833
    vertex 99.2376736825179 15.0256161570911 48.983658132585
    vertex 99.2376736825179 15.0256161570888 53.9836581325831
  endloop
endfacet
facet normal -0.896872741532692 0.442288690218994 2.04896470716058e-013
  outer loop
    vertex 99.2376736825179 15.0256161570911 48.983658132585
    vertex 99.4228068944438 15.4010291735205 53.9836581325833
    vertex 99.4228068944439 15.4010291735228 48.9836581325851
  endloop
endfacet
facet normal -0.946930129495122 0.321439465303112 1.51140288936807e-013
  outer loop
    vertex 99.5573550345327 15.7973952127608 53.9836581325834
    vertex 99.4228068944439 15.4010291735228 48.9836581325851
    vertex 99.4228068944438 15.4010291735205 53.9836581325833
  endloop
endfacet
facet normal -0.946930129495122 0.321439465303112 1.51140288936807e-013
  outer loop
    vertex 99.4228068944439 15.4010291735228 48.9836581325851
    vertex 99.5573550345327 15.7973952127608 53.9836581325834
    vertex 99.5573550345328 15.797395212763 48.9836581325853
  endloop
endfacet
facet normal -0.980785280403229 0.195090322016138 9.47980549098864e-014
  outer loop
    vertex 99.6390159468039 16.2079323419847 53.9836581325836
    vertex 99.5573550345328 15.797395212763 48.9836581325853
    vertex 99.5573550345327 15.7973952127608 53.9836581325834
  endloop
endfacet
facet normal -0.980785280403229 0.195090322016138 9.47980549098864e-014
  outer loop
    vertex 99.5573550345328 15.797395212763 48.9836581325853
    vertex 99.6390159468039 16.2079323419847 53.9836581325836
    vertex 99.6390159468039 16.2079323419869 48.9836581325855
  endloop
endfacet
facet normal -0.997858923238603 0.0654031292301524 3.68337998804459e-014
  outer loop
    vertex 99.6663923904077 16.6256161570888 53.9836581325838
    vertex 99.6390159468039 16.2079323419869 48.9836581325855
    vertex 99.6390159468039 16.2079323419847 53.9836581325836
  endloop
endfacet
facet normal -0.997858923238603 0.0654031292301524 3.68337998804459e-014
  outer loop
    vertex 99.6390159468039 16.2079323419869 48.9836581325855
    vertex 99.6663923904077 16.6256161570888 53.9836581325838
    vertex 99.6663923904078 16.6256161570911 48.9836581325857
  endloop
endfacet
facet normal -0.997858923238603 -0.0654031292301498 -2.17606916772149e-014
  outer loop
    vertex 99.6390159468039 17.043299972193 53.983658132584
    vertex 99.6663923904078 16.6256161570911 48.9836581325857
    vertex 99.6663923904077 16.6256161570888 53.9836581325838
  endloop
endfacet
facet normal -0.997858923238603 -0.0654031292301498 -2.17606916772149e-014
  outer loop
    vertex 99.6663923904078 16.6256161570911 48.9836581325857
    vertex 99.6390159468039 17.043299972193 53.983658132584
    vertex 99.6390159468039 17.0432999721953 48.9836581325859
  endloop
endfacet
facet normal -0.980785280403228 -0.19509032201614 -7.99828517670701e-014
  outer loop
    vertex 99.5573550345327 17.4538371014169 53.9836581325842
    vertex 99.6390159468039 17.0432999721953 48.9836581325859
    vertex 99.6390159468039 17.043299972193 53.983658132584
  endloop
endfacet
facet normal -0.980785280403228 -0.19509032201614 -7.99828517670701e-014
  outer loop
    vertex 99.6390159468039 17.0432999721953 48.9836581325859
    vertex 99.5573550345327 17.4538371014169 53.9836581325842
    vertex 99.5573550345328 17.4538371014191 48.983658132586
  endloop
endfacet
facet normal -0.946930129495124 -0.321439465303108 -1.36836483087723e-013
  outer loop
    vertex 99.4228068944438 17.8502031406571 53.9836581325844
    vertex 99.5573550345328 17.4538371014191 48.983658132586
    vertex 99.5573550345327 17.4538371014169 53.9836581325842
  endloop
endfacet
facet normal -0.946930129495124 -0.321439465303108 -1.36836483087723e-013
  outer loop
    vertex 99.5573550345328 17.4538371014191 48.983658132586
    vertex 99.4228068944438 17.8502031406571 53.9836581325844
    vertex 99.4228068944439 17.8502031406594 48.9836581325862
  endloop
endfacet
facet normal -0.896872741532689 -0.442288690218999 -1.91348804244557e-013
  outer loop
    vertex 99.2376736825179 18.2256161570888 53.9836581325845
    vertex 99.4228068944439 17.8502031406594 48.9836581325862
    vertex 99.4228068944438 17.8502031406571 53.9836581325844
  endloop
endfacet
facet normal -0.896872741532689 -0.442288690218999 -1.91348804244557e-013
  outer loop
    vertex 99.4228068944439 17.8502031406594 48.9836581325862
    vertex 99.2376736825179 18.2256161570888 53.9836581325845
    vertex 99.2376736825179 18.2256161570911 48.9836581325864
  endloop
endfacet
facet normal -0.831469612302505 -0.555570233019663 -2.42587094308861e-013
  outer loop
    vertex 99.0051230793396 18.5736527299168 53.9836581325847
    vertex 99.2376736825179 18.2256161570911 48.9836581325864
    vertex 99.2376736825179 18.2256161570888 53.9836581325845
  endloop
endfacet
facet normal -0.831469612302505 -0.555570233019663 -2.42587094308861e-013
  outer loop
    vertex 99.2376736825179 18.2256161570911 48.9836581325864
    vertex 99.0051230793396 18.5736527299168 53.9836581325847
    vertex 99.0051230793396 18.573652729919 48.9836581325866
  endloop
endfacet
facet normal -0.75183980747899 -0.659345815100054 -2.89674651931628e-013
  outer loop
    vertex 98.7291340902047 18.8883578568858 53.9836581325849
    vertex 99.0051230793396 18.573652729919 48.9836581325866
    vertex 99.0051230793396 18.5736527299168 53.9836581325847
  endloop
endfacet
facet normal -0.75183980747899 -0.659345815100054 -2.89674651931628e-013
  outer loop
    vertex 99.0051230793396 18.573652729919 48.9836581325866
    vertex 98.7291340902047 18.8883578568858 53.9836581325849
    vertex 98.7291340902047 18.888357856888 48.9836581325868
  endloop
endfacet
facet normal -0.659345815100056 -0.751839807478989 -3.31805795946905e-013
  outer loop
    vertex 98.7291340902047 18.8883578568858 53.9836581325849
    vertex 98.4144289632356 19.164346846023 48.9836581325869
    vertex 98.7291340902047 18.888357856888 48.9836581325868
  endloop
endfacet
facet normal -0.659345815100056 -0.751839807478989 -3.31805795946905e-013
  outer loop
    vertex 98.4144289632356 19.164346846023 48.9836581325869
    vertex 98.7291340902047 18.8883578568858 53.9836581325849
    vertex 98.4144289632356 19.1643468460208 53.9836581325851
  endloop
endfacet
facet normal -0.555570233019617 -0.831469612302536 -3.68259650799563e-013
  outer loop
    vertex 98.4144289632356 19.1643468460208 53.9836581325851
    vertex 98.0663923904077 19.3968974492013 48.9836581325871
    vertex 98.4144289632356 19.164346846023 48.9836581325869
  endloop
endfacet
facet normal -0.555570233019617 -0.831469612302536 -3.68259650799563e-013
  outer loop
    vertex 98.0663923904077 19.3968974492013 48.9836581325871
    vertex 98.4144289632356 19.1643468460208 53.9836581325851
    vertex 98.0663923904077 19.3968974491991 53.9836581325852
  endloop
endfacet
facet normal -0.442288690219016 -0.896872741532681 -3.98412480926186e-013
  outer loop
    vertex 98.0663923904077 19.3968974491991 53.9836581325852
    vertex 97.690979373976 19.5820306611272 48.9836581325872
    vertex 98.0663923904077 19.3968974492013 48.9836581325871
  endloop
endfacet
facet normal -0.442288690219016 -0.896872741532681 -3.98412480926186e-013
  outer loop
    vertex 97.690979373976 19.5820306611272 48.9836581325872
    vertex 98.0663923904077 19.3968974491991 53.9836581325852
    vertex 97.690979373976 19.582030661125 53.9836581325853
  endloop
endfacet
facet normal -0.321439465303144 -0.946930129495112 -4.2174836304336e-013
  outer loop
    vertex 97.690979373976 19.582030661125 53.9836581325853
    vertex 97.2946133347358 19.7165788012161 48.9836581325873
    vertex 97.690979373976 19.5820306611272 48.9836581325872
  endloop
endfacet
facet normal -0.321439465303144 -0.946930129495112 -4.2174836304336e-013
  outer loop
    vertex 97.2946133347358 19.7165788012161 48.9836581325873
    vertex 97.690979373976 19.582030661125 53.9836581325853
    vertex 97.2946133347358 19.7165788012138 53.9836581325854
  endloop
endfacet
facet normal -0.195090322016125 -0.980785280403231 -4.37868013738115e-013
  outer loop
    vertex 97.2946133347358 19.7165788012138 53.9836581325854
    vertex 96.8840762055119 19.7982397134873 48.9836581325874
    vertex 97.2946133347358 19.7165788012161 48.9836581325873
  endloop
endfacet
facet normal -0.195090322016125 -0.980785280403231 -4.37868013738115e-013
  outer loop
    vertex 96.8840762055119 19.7982397134873 48.9836581325874
    vertex 97.2946133347358 19.7165788012138 53.9836581325854
    vertex 96.8840762055118 19.798239713485 53.9836581325855
  endloop
endfacet
facet normal -0.0654031292301399 -0.997858923238604 -4.46495621317866e-013
  outer loop
    vertex 96.8840762055118 19.798239713485 53.9836581325855
    vertex 96.4663923904077 19.8256161570911 48.9836581325875
    vertex 96.8840762055119 19.7982397134873 48.9836581325874
  endloop
endfacet
facet normal -0.0654031292301399 -0.997858923238604 -4.46495621317866e-013
  outer loop
    vertex 96.4663923904077 19.8256161570911 48.9836581325875
    vertex 96.8840762055118 19.798239713485 53.9836581325855
    vertex 96.4663923904077 19.8256161570888 53.9836581325856
  endloop
endfacet
facet normal -0.0 -1.0 -4.47948685692614e-013
  outer loop
    vertex 96.4663923904077 19.8256161570888 53.9836581325856
    vertex 37.466392390405 19.8256161570911 48.9836581325875
    vertex 96.4663923904077 19.8256161570911 48.9836581325875
  endloop
endfacet
facet normal -0.0 -1.0 -4.47948685692614e-013
  outer loop
    vertex 37.466392390405 19.8256161570911 48.9836581325875
    vertex 96.4663923904077 19.8256161570888 53.9836581325856
    vertex 37.4663923904049 19.8256161570888 53.9836581325856
  endloop
endfacet
facet normal 0.0654031292301399 -0.997858923238604 -4.47483565024894e-013
  outer loop
    vertex 37.4663923904049 19.8256161570888 53.9836581325856
    vertex 37.0487085753009 19.7982397134873 48.9836581325875
    vertex 37.466392390405 19.8256161570911 48.9836581325875
  endloop
endfacet
facet normal 0.0654031292301399 -0.997858923238604 -4.47483565024894e-013
  outer loop
    vertex 37.0487085753009 19.7982397134873 48.9836581325875
    vertex 37.4663923904049 19.8256161570888 53.9836581325856
    vertex 37.0487085753008 19.798239713485 53.9836581325856
  endloop
endfacet
facet normal 0.195090322016125 -0.980785280403231 -4.40814940868464e-013
  outer loop
    vertex 37.0487085753008 19.798239713485 53.9836581325856
    vertex 36.6381714460769 19.7165788012161 48.9836581325875
    vertex 37.0487085753009 19.7982397134873 48.9836581325875
  endloop
endfacet
facet normal 0.195090322016125 -0.980785280403231 -4.40814940868464e-013
  outer loop
    vertex 36.6381714460769 19.7165788012161 48.9836581325875
    vertex 37.0487085753008 19.798239713485 53.9836581325856
    vertex 36.6381714460769 19.7165788012138 53.9836581325856
  endloop
endfacet
facet normal 0.321439465303156 -0.946930129495107 -4.26603850856783e-013
  outer loop
    vertex 36.6381714460769 19.7165788012161 48.9836581325875
    vertex 36.2418054068367 19.582030661125 53.9836581325856
    vertex 36.2418054068367 19.5820306611272 48.9836581325875
  endloop
endfacet
facet normal 0.321439465303156 -0.946930129495107 -4.26603850856783e-013
  outer loop
    vertex 36.2418054068367 19.582030661125 53.9836581325856
    vertex 36.6381714460769 19.7165788012161 48.9836581325875
    vertex 36.6381714460769 19.7165788012138 53.9836581325856
  endloop
endfacet
facet normal 0.442288690219016 -0.896872741532681 -4.05093450680006e-013
  outer loop
    vertex 36.2418054068367 19.5820306611272 48.9836581325875
    vertex 35.8663923904049 19.396897449199 53.9836581325856
    vertex 35.866392390405 19.3968974492013 48.9836581325875
  endloop
endfacet
facet normal 0.442288690219016 -0.896872741532681 -4.05093450680006e-013
  outer loop
    vertex 35.8663923904049 19.396897449199 53.9836581325856
    vertex 36.2418054068367 19.5820306611272 48.9836581325875
    vertex 36.2418054068367 19.582030661125 53.9836581325856
  endloop
endfacet
facet normal 0.555570233019626 -0.83146961230253 -3.76651789248971e-013
  outer loop
    vertex 35.866392390405 19.3968974492013 48.9836581325875
    vertex 35.518355817577 19.1643468460208 53.9836581325855
    vertex 35.5183558175771 19.164346846023 48.9836581325874
  endloop
endfacet
facet normal 0.555570233019626 -0.83146961230253 -3.76651789248971e-013
  outer loop
    vertex 35.518355817577 19.1643468460208 53.9836581325855
    vertex 35.866392390405 19.3968974492013 48.9836581325875
    vertex 35.8663923904049 19.396897449199 53.9836581325856
  endloop
endfacet
facet normal 0.659345815100056 -0.751839807478989 -3.41765511276297e-013
  outer loop
    vertex 35.5183558175771 19.164346846023 48.9836581325874
    vertex 35.203650690608 18.8883578568858 53.9836581325854
    vertex 35.203650690608 18.888357856888 48.9836581325873
  endloop
endfacet
facet normal 0.659345815100056 -0.751839807478989 -3.41765511276297e-013
  outer loop
    vertex 35.203650690608 18.8883578568858 53.9836581325854
    vertex 35.5183558175771 19.164346846023 48.9836581325874
    vertex 35.518355817577 19.1643468460208 53.9836581325855
  endloop
endfacet
facet normal 0.751839807478937 -0.659345815100115 -3.01031530650388e-013
  outer loop
    vertex 34.927661701473 18.573652729919 48.9836581325872
    vertex 35.203650690608 18.8883578568858 53.9836581325854
    vertex 34.927661701473 18.5736527299168 53.9836581325853
  endloop
endfacet
facet normal 0.751839807478937 -0.659345815100115 -3.01031530650388e-013
  outer loop
    vertex 35.203650690608 18.8883578568858 53.9836581325854
    vertex 34.927661701473 18.573652729919 48.9836581325872
    vertex 35.203650690608 18.888357856888 48.9836581325873
  endloop
endfacet
facet normal 0.831469612302559 -0.555570233019582 -2.55146817073299e-013
  outer loop
    vertex 34.6951110982948 18.2256161570911 48.9836581325871
    vertex 34.927661701473 18.5736527299168 53.9836581325853
    vertex 34.6951110982948 18.2256161570888 53.9836581325852
  endloop
endfacet
facet normal 0.831469612302559 -0.555570233019582 -2.55146817073299e-013
  outer loop
    vertex 34.927661701473 18.5736527299168 53.9836581325853
    vertex 34.6951110982948 18.2256161570911 48.9836581325871
    vertex 34.927661701473 18.573652729919 48.9836581325872
  endloop
endfacet
facet normal 0.896872741532687 -0.442288690219005 -2.04896470716062e-013
  outer loop
    vertex 34.5099778863689 17.8502031406594 48.9836581325869
    vertex 34.6951110982948 18.2256161570888 53.9836581325852
    vertex 34.5099778863688 17.8502031406571 53.9836581325851
  endloop
endfacet
facet normal 0.896872741532687 -0.442288690219005 -2.04896470716062e-013
  outer loop
    vertex 34.6951110982948 18.2256161570888 53.9836581325852
    vertex 34.5099778863689 17.8502031406594 48.9836581325869
    vertex 34.6951110982948 18.2256161570911 48.9836581325871
  endloop
endfacet
facet normal 0.946930129495125 -0.321439465303104 -1.51140288936803e-013
  outer loop
    vertex 34.37542974628 17.4538371014191 48.9836581325868
    vertex 34.5099778863688 17.8502031406571 53.9836581325851
    vertex 34.3754297462799 17.4538371014169 53.9836581325849
  endloop
endfacet
facet normal 0.946930129495125 -0.321439465303104 -1.51140288936803e-013
  outer loop
    vertex 34.5099778863688 17.8502031406571 53.9836581325851
    vertex 34.37542974628 17.4538371014191 48.9836581325868
    vertex 34.5099778863689 17.8502031406594 48.9836581325869
  endloop
endfacet
facet normal 0.980785280403228 -0.195090322016143 -9.47980549098887e-014
  outer loop
    vertex 34.2937688340088 17.0432999721952 48.9836581325866
    vertex 34.3754297462799 17.4538371014169 53.9836581325849
    vertex 34.2937688340088 17.043299972193 53.9836581325847
  endloop
endfacet
facet normal 0.980785280403228 -0.195090322016143 -9.47980549098887e-014
  outer loop
    vertex 34.3754297462799 17.4538371014169 53.9836581325849
    vertex 34.2937688340088 17.0432999721952 48.9836581325866
    vertex 34.37542974628 17.4538371014191 48.9836581325868
  endloop
endfacet
facet normal 0.997858923238603 -0.0654031292301515 -3.68337998804455e-014
  outer loop
    vertex 34.266392390405 16.6256161570911 48.9836581325864
    vertex 34.2937688340088 17.043299972193 53.9836581325847
    vertex 34.2663923904049 16.6256161570888 53.9836581325845
  endloop
endfacet
facet normal 0.997858923238603 -0.0654031292301515 -3.68337998804455e-014
  outer loop
    vertex 34.2937688340088 17.043299972193 53.9836581325847
    vertex 34.266392390405 16.6256161570911 48.9836581325864
    vertex 34.2937688340088 17.0432999721952 48.9836581325866
  endloop
endfacet
facet normal 0.997858923238603 0.0654031292301489 2.17606916772145e-014
  outer loop
    vertex 34.2937688340088 16.2079323419869 48.9836581325862
    vertex 34.2663923904049 16.6256161570888 53.9836581325845
    vertex 34.2937688340088 16.2079323419846 53.9836581325844
  endloop
endfacet
facet normal 0.997858923238603 0.0654031292301489 2.17606916772145e-014
  outer loop
    vertex 34.2663923904049 16.6256161570888 53.9836581325845
    vertex 34.2937688340088 16.2079323419869 48.9836581325862
    vertex 34.266392390405 16.6256161570911 48.9836581325864
  endloop
endfacet
facet normal 0.980785280403228 0.195090322016143 7.99828517670713e-014
  outer loop
    vertex 34.37542974628 15.797395212763 48.983658132586
    vertex 34.2937688340088 16.2079323419846 53.9836581325844
    vertex 34.3754297462799 15.7973952127608 53.9836581325842
  endloop
endfacet
facet normal 0.980785280403228 0.195090322016143 7.99828517670713e-014
  outer loop
    vertex 34.2937688340088 16.2079323419846 53.9836581325844
    vertex 34.37542974628 15.797395212763 48.983658132586
    vertex 34.2937688340088 16.2079323419869 48.9836581325862
  endloop
endfacet
facet normal 0.946930129495122 0.321439465303112 1.36836483087725e-013
  outer loop
    vertex 34.5099778863689 15.4010291735228 48.9836581325858
    vertex 34.3754297462799 15.7973952127608 53.9836581325842
    vertex 34.5099778863688 15.4010291735205 53.983658132584
  endloop
endfacet
facet normal 0.946930129495122 0.321439465303112 1.36836483087725e-013
  outer loop
    vertex 34.3754297462799 15.7973952127608 53.9836581325842
    vertex 34.5099778863689 15.4010291735228 48.9836581325858
    vertex 34.37542974628 15.797395212763 48.983658132586
  endloop
endfacet
facet normal 0.896872741532692 0.442288690218994 1.91348804244555e-013
  outer loop
    vertex 34.6951110982948 15.0256161570911 48.9836581325857
    vertex 34.5099778863688 15.4010291735205 53.983658132584
    vertex 34.6951110982948 15.0256161570888 53.9836581325838
  endloop
endfacet
facet normal 0.896872741532692 0.442288690218994 1.91348804244555e-013
  outer loop
    vertex 34.5099778863688 15.4010291735205 53.983658132584
    vertex 34.6951110982948 15.0256161570911 48.9836581325857
    vertex 34.5099778863689 15.4010291735228 48.9836581325858
  endloop
endfacet
facet normal 0.8314696123025 0.555570233019669 2.42587094308863e-013
  outer loop
    vertex 34.927661701473 14.6775795842632 48.9836581325855
    vertex 34.6951110982948 15.0256161570888 53.9836581325838
    vertex 34.927661701473 14.6775795842609 53.9836581325836
  endloop
endfacet
facet normal 0.8314696123025 0.555570233019669 2.42587094308863e-013
  outer loop
    vertex 34.6951110982948 15.0256161570888 53.9836581325838
    vertex 34.927661701473 14.6775795842632 48.9836581325855
    vertex 34.6951110982948 15.0256161570911 48.9836581325857
  endloop
endfacet
facet normal 0.75183980747899 0.659345815100054 2.89674651931628e-013
  outer loop
    vertex 35.203650690608 14.3628744572941 48.9836581325853
    vertex 34.927661701473 14.6775795842609 53.9836581325836
    vertex 35.203650690608 14.3628744572919 53.9836581325834
  endloop
endfacet
facet normal 0.75183980747899 0.659345815100054 2.89674651931628e-013
  outer loop
    vertex 34.927661701473 14.6775795842609 53.9836581325836
    vertex 35.203650690608 14.3628744572941 48.9836581325853
    vertex 34.927661701473 14.6775795842632 48.9836581325855
  endloop
endfacet
facet normal 0.659345815100056 0.751839807478989 3.31805795946905e-013
  outer loop
    vertex 35.203650690608 14.3628744572941 48.9836581325853
    vertex 35.518355817577 14.0868854681569 53.9836581325833
    vertex 35.5183558175771 14.0868854681591 48.9836581325851
  endloop
endfacet
facet normal 0.659345815100056 0.751839807478989 3.31805795946905e-013
  outer loop
    vertex 35.518355817577 14.0868854681569 53.9836581325833
    vertex 35.203650690608 14.3628744572941 48.9836581325853
    vertex 35.203650690608 14.3628744572919 53.9836581325834
  endloop
endfacet
facet normal 0.555570233019626 0.83146961230253 3.6825965079956e-013
  outer loop
    vertex 35.5183558175771 14.0868854681591 48.9836581325851
    vertex 35.8663923904049 13.8543348649786 53.9836581325831
    vertex 35.866392390405 13.8543348649809 48.983658132585
  endloop
endfacet
facet normal 0.555570233019626 0.83146961230253 3.6825965079956e-013
  outer loop
    vertex 35.8663923904049 13.8543348649786 53.9836581325831
    vertex 35.5183558175771 14.0868854681591 48.9836581325851
    vertex 35.518355817577 14.0868854681569 53.9836581325833
  endloop
endfacet
facet normal 0.442288690219016 0.896872741532681 3.98412480926186e-013
  outer loop
    vertex 35.866392390405 13.8543348649809 48.983658132585
    vertex 36.2418054068367 13.6692016530527 53.983658132583
    vertex 36.2418054068367 13.669201653055 48.9836581325849
  endloop
endfacet
facet normal 0.442288690219016 0.896872741532681 3.98412480926186e-013
  outer loop
    vertex 36.2418054068367 13.6692016530527 53.983658132583
    vertex 35.866392390405 13.8543348649809 48.983658132585
    vertex 35.8663923904049 13.8543348649786 53.9836581325831
  endloop
endfacet
facet normal 0.321439465303144 0.946930129495112 4.2174836304336e-013
  outer loop
    vertex 36.2418054068367 13.669201653055 48.9836581325849
    vertex 36.6381714460769 13.5346535129638 53.9836581325829
    vertex 36.6381714460769 13.5346535129661 48.9836581325848
  endloop
endfacet
facet normal 0.321439465303144 0.946930129495112 4.2174836304336e-013
  outer loop
    vertex 36.6381714460769 13.5346535129638 53.9836581325829
    vertex 36.2418054068367 13.669201653055 48.9836581325849
    vertex 36.2418054068367 13.6692016530527 53.983658132583
  endloop
endfacet
facet normal 0.195090322016112 0.980785280403234 4.37868013738117e-013
  outer loop
    vertex 36.6381714460769 13.5346535129661 48.9836581325848
    vertex 37.0487085753008 13.4529926006927 53.9836581325828
    vertex 37.0487085753009 13.4529926006949 48.9836581325847
  endloop
endfacet
facet normal 0.195090322016112 0.980785280403234 4.37868013738117e-013
  outer loop
    vertex 37.0487085753008 13.4529926006927 53.9836581325828
    vertex 36.6381714460769 13.5346535129661 48.9836581325848
    vertex 36.6381714460769 13.5346535129638 53.9836581325829
  endloop
endfacet
facet normal 0.0654031292301533 0.997858923238603 4.46495621317865e-013
  outer loop
    vertex 37.0487085753009 13.4529926006949 48.9836581325847
    vertex 37.4663923904049 13.4256161570889 53.9836581325827
    vertex 37.466392390405 13.4256161570911 48.9836581325846
  endloop
endfacet
facet normal 0.0654031292301533 0.997858923238603 4.46495621317865e-013
  outer loop
    vertex 37.4663923904049 13.4256161570889 53.9836581325827
    vertex 37.0487085753009 13.4529926006949 48.9836581325847
    vertex 37.0487085753008 13.4529926006927 53.9836581325828
  endloop
endfacet
facet normal -3.3726582613434e-014 1.0 1.41589623278264e-013
  outer loop
    vertex 130.999999999998 46.50000000003 48.9836581326043
    vertex 130.466392390415 46.5000000000299 50.9836581326053
    vertex 130.999999999998 46.5000000000293 53.9836581326042
  endloop
endfacet
facet normal -3.3726582613434e-014 1.0 1.41589623278264e-013
  outer loop
    vertex 130.466392390415 46.5000000000299 50.9836581326053
    vertex 130.999999999998 46.50000000003 48.9836581326043
    vertex 128.466392390415 46.5000000000299 48.9836581326053
  endloop
endfacet
facet normal -3.3726582613434e-014 1.0 1.41589623278264e-013
  outer loop
    vertex 130.999999999998 46.5000000000293 53.9836581326042
    vertex 130.466392390415 46.5000000000299 50.9836581326053
    vertex 130.466392390415 46.5000000000293 53.9836581326053
  endloop
endfacet
facet normal 0.000645686037799976 -0.997004333882981 -0.0773430107255575
  outer loop
    vertex 141.313593423788 11.5000000000284 54.0697595554707
    vertex 132.044198534263 11.4953660502048 54.0521102450922
    vertex 131.000000000001 11.500000000029 53.9836581325841
  endloop
endfacet
facet normal 0.000541388269561827 -0.999761286265325 -0.0218421011774
  outer loop
    vertex 133.070532085684 11.4914614457853 54.256271797409
    vertex 132.044198534263 11.4953660502048 54.0521102450922
    vertex 141.313593423788 11.5000000000284 54.0697595554707
  endloop
endfacet
facet normal 0.00102041938510333 -0.999999246930939 -0.00068182243536335
  outer loop
    vertex 142.258330249199 11.5000000000277 55.4836581325841
    vertex 133.070532085684 11.4914614457853 54.256271797409
    vertex 141.313593423788 11.5000000000284 54.0697595554707
  endloop
endfacet
facet normal 0.00356716896993075 -0.999798639009785 -0.0197473223430921
  outer loop
    vertex 142.258330249199 11.5000000000277 55.4836581325841
    vertex 134.061439802646 11.4883529956345 54.5926495287701
    vertex 133.070532085684 11.4914614457853 54.256271797409
  endloop
endfacet
facet normal 0.00250310286653809 -0.999947300549079 -0.00995643513767098
  outer loop
    vertex 142.258330249199 11.5000000000277 55.4836581325841
    vertex 134.99996697938 11.4860938861964 55.0554879229303
    vertex 134.061439802646 11.4883529956345 54.5926495287701
  endloop
endfacet
facet normal 0.00225394297807852 -0.999981034252656 -0.00573156837523975
  outer loop
    vertex 135.870055155683 11.4847227714598 55.6368676866426
    vertex 134.99996697938 11.4860938861964 55.0554879229303
    vertex 142.258330249199 11.5000000000277 55.4836581325841
  endloop
endfacet
facet normal 0.00231221869181084 -0.999991872657299 -0.00330276612400466
  outer loop
    vertex 136.656816881625 11.484263111578 56.3268412509608
    vertex 135.870055155683 11.4847227714598 55.6368676866426
    vertex 142.258330249199 11.5000000000277 55.4836581325841
  endloop
endfacet
facet normal 0.00232841267741303 -0.999996496946003 0.00125880503865191
  outer loop
    vertex 138.391008603815 11.4883529956321 58.9222183299397
    vertex 137.928170209655 11.4860938861948 57.9836911532058
    vertex 143.557035741759 11.5000000000262 58.6190105462513
  endloop
endfacet
facet normal 0.00239100314289104 -0.999994438038361 0.00232529488732489
  outer loop
    vertex 138.727386335176 11.4914614457821 59.9131260469014
    vertex 138.391008603815 11.4883529956321 58.9222183299397
    vertex 143.557035741759 11.5000000000262 58.6190105462513
  endloop
endfacet
facet normal 0.00167848096412682 -0.999998535614958 -0.000333870622629291
  outer loop
    vertex 143.888783197861 11.5000000000254 60.2868176337234
    vertex 138.727386335176 11.4914614457821 59.9131260469014
    vertex 143.557035741759 11.5000000000262 58.6190105462513
  endloop
endfacet
facet normal 2.70716782324659e-014 -1.0 -4.27218849090765e-013
  outer loop
    vertex 139.000000000002 11.5000000000246 61.9836581325841
    vertex 143.888783197861 11.5000000000254 60.2868176337234
    vertex 144.000000000002 11.5000000000247 61.983658132584
  endloop
endfacet
facet normal -0.000645686038570981 0.997004333875809 0.0773430108180038
  outer loop
    vertex 141.313593423785 46.5000000000288 54.0697595554909
    vertex 130.999999999998 46.5000000000293 53.9836581326042
    vertex 132.044198534292 46.4953660502021 54.0521102450806
  endloop
endfacet
facet normal -0.000541388269974045 0.999761286265279 0.0218421011795137
  outer loop
    vertex 133.070532085713 46.4914614457825 54.2562717973974
    vertex 141.313593423785 46.5000000000288 54.0697595554909
    vertex 132.044198534292 46.4953660502021 54.0521102450806
  endloop
endfacet
facet normal -0.00102041938547762 0.999999246930938 0.000681822435621417
  outer loop
    vertex 142.258330249196 46.500000000028 55.4836581326043
    vertex 141.313593423785 46.5000000000288 54.0697595554909
    vertex 133.070532085713 46.4914614457825 54.2562717973974
  endloop
endfacet
facet normal -0.00356716897059631 0.999798639009745 0.0197473223449702
  outer loop
    vertex 142.258330249196 46.500000000028 55.4836581326043
    vertex 133.070532085713 46.4914614457825 54.2562717973974
    vertex 134.061439802674 46.4883529956318 54.5926495287585
  endloop
endfacet
facet normal -0.00250310286707237 0.999947300549067 0.00995643513872913
  outer loop
    vertex 142.258330249196 46.500000000028 55.4836581326043
    vertex 134.061439802674 46.4883529956318 54.5926495287585
    vertex 134.999966979408 46.4860938861937 55.0554879229187
  endloop
endfacet
facet normal -0.00225394297857018 0.999981034252651 0.00573156837590835
  outer loop
    vertex 135.870055155711 46.4847227714571 55.6368676866309
    vertex 142.258330249196 46.500000000028 55.4836581326043
    vertex 134.999966979408 46.4860938861937 55.0554879229187
  endloop
endfacet
facet normal -0.00231221869229226 0.999991872657296 0.00330276612460595
  outer loop
    vertex 136.656816881653 46.4842631115753 56.3268412509491
    vertex 142.258330249196 46.500000000028 55.4836581326043
    vertex 135.870055155711 46.4847227714571 55.6368676866309
  endloop
endfacet
facet normal -0.00232841267798767 0.999996496946003 -0.00125880503839228
  outer loop
    vertex 138.391008603844 46.4883529956294 58.9222183299278
    vertex 143.557035741756 46.5000000000265 58.6190105462715
    vertex 137.928170209684 46.4860938861921 57.983691153194
  endloop
endfacet
facet normal -0.00239100314346607 0.99999443803836 -0.00232529488717839
  outer loop
    vertex 138.727386335205 46.4914614457795 59.9131260468895
    vertex 143.557035741756 46.5000000000265 58.6190105462715
    vertex 138.391008603844 46.4883529956294 58.9222183299278
  endloop
endfacet
facet normal -0.00167848096472417 0.999998535614957 0.000333870622741347
  outer loop
    vertex 143.888783197858 46.5000000000258 60.2868176337436
    vertex 143.557035741756 46.5000000000265 58.6190105462715
    vertex 138.727386335205 46.4914614457795 59.9131260468895
  endloop
endfacet
facet normal -2.48157050464316e-014 1.0 6.66383503419933e-013
  outer loop
    vertex 144.000000000002 46.5000000000246 61.9836581326069
    vertex 143.888783197858 46.5000000000258 60.2868176337436
    vertex 139.000000000001 46.5000000000245 61.9836581326069
  endloop
endfacet
facet normal -9.0238927441612e-015 1.0 3.56443763394055e-013
  outer loop
    vertex 139.000000000002 46.500000000005 116.983658132607
    vertex 144.000000000002 46.5000000000246 61.9836581326069
    vertex 139.000000000001 46.5000000000245 61.9836581326069
  endloop
endfacet
facet normal -9.0238927441612e-015 1.0 3.56443763394055e-013
  outer loop
    vertex 144.000000000002 46.5000000000246 61.9836581326069
    vertex 139.000000000002 46.500000000005 116.983658132607
    vertex 144.000000000002 46.500000000005 116.983658132607
  endloop
endfacet
facet normal -0.946927253702782 8.74563498397746e-013 0.321447936989657
  outer loop
    vertex 138.727386335176 11.4914614457821 59.9131260469014
    vertex 138.391008603844 46.4883529956294 58.9222183299278
    vertex 138.391008603815 11.4883529956321 58.9222183299397
  endloop
endfacet
facet normal -0.946927253702782 8.74563498397746e-013 0.321447936989657
  outer loop
    vertex 138.391008603844 46.4883529956294 58.9222183299278
    vertex 138.727386335176 11.4914614457821 59.9131260469014
    vertex 138.727386335205 46.4914614457795 59.9131260468895
  endloop
endfacet
facet normal -0.751838836979417 8.27598713425061e-013 0.65934692174108
  outer loop
    vertex 137.346790445943 11.484722771459 57.1136029769027
    vertex 136.656816881653 46.4842631115753 56.3268412509491
    vertex 136.656816881625 11.484263111578 56.3268412509608
  endloop
endfacet
facet normal -0.751838836979417 8.27598713425061e-013 0.65934692174108
  outer loop
    vertex 136.656816881653 46.4842631115753 56.3268412509491
    vertex 137.346790445943 11.484722771459 57.1136029769027
    vertex 137.346790445971 46.4847227714563 57.1136029768909
  endloop
endfacet
facet normal -0.980783247814549 8.5868190327492e-013 0.195100540251291
  outer loop
    vertex 138.931547887493 11.4953660502011 60.9394595983223
    vertex 138.727386335205 46.4914614457795 59.9131260468895
    vertex 138.727386335176 11.4914614457821 59.9131260469014
  endloop
endfacet
facet normal -0.980783247814549 8.5868190327492e-013 0.195100540251291
  outer loop
    vertex 138.727386335205 46.4914614457795 59.9131260468895
    vertex 138.931547887493 11.4953660502011 60.9394595983223
    vertex 138.931547887522 46.4953660501984 60.9394595983104
  endloop
endfacet
facet normal -1.0 -1.80930167966966e-016 1.72289402854642e-015
  outer loop
    vertex 139.000000000002 23.1837909999942 133.488858132592
    vertex 139.000000000002 23.000000000005 116.983658132591
    vertex 139.000000000002 22.1787469999944 133.099508132591
  endloop
endfacet
facet normal -1.0 -1.80930167966966e-016 1.72289402854642e-015
  outer loop
    vertex 139.000000000002 23.000000000005 116.983658132591
    vertex 139.000000000002 23.1837909999942 133.488858132592
    vertex 139.000000000002 23.0339910000046 117.621419032591
  endloop
endfacet
facet normal -1.0 -1.80930167966966e-016 1.72289402854642e-015
  outer loop
    vertex 139.000000000002 23.0339910000046 117.621419032591
    vertex 139.000000000002 23.1837909999942 133.488858132592
    vertex 139.000000000002 23.1355800000042 118.251954132591
  endloop
endfacet
facet normal -1.0 -1.80930167966966e-016 1.72289402854642e-015
  outer loop
    vertex 139.000000000002 23.1355800000042 118.251954132591
    vertex 139.000000000002 23.1837909999942 133.488858132592
    vertex 139.000000000002 23.3036140000038 118.868118132592
  endloop
endfacet
facet normal -1.0 -1.80930167966966e-016 1.72289402854642e-015
  outer loop
    vertex 139.000000000002 23.3036140000038 118.868118132592
    vertex 139.000000000002 23.1837909999942 133.488858132592
    vertex 139.000000000002 24.2108979999939 133.815608132592
  endloop
endfacet
facet normal -1.0 -1.80930167966966e-016 1.72289402854642e-015
  outer loop
    vertex 139.000000000002 23.3036140000038 118.868118132592
    vertex 139.000000000002 24.2108979999939 133.815608132592
    vertex 139.000000000002 23.5361910000034 119.462931132592
  endloop
endfacet
facet normal -1.0 -1.80930167966966e-016 1.72289402854642e-015
  outer loop
    vertex 139.000000000002 23.5361910000034 119.462931132592
    vertex 139.000000000002 24.2108979999939 133.815608132592
    vertex 139.000000000002 23.830676000003 120.029653132592
  endloop
endfacet
facet normal -1.0 -1.80930167966966e-016 1.72289402854642e-015
  outer loop
    vertex 139.000000000002 23.830676000003 120.029653132592
    vertex 139.000000000002 24.2108979999939 133.815608132592
    vertex 139.000000000002 24.1837300000026 120.561862132592
  endloop
endfacet
facet normal -1.0 -1.80930167966966e-016 1.72289402854642e-015
  outer loop
    vertex 139.000000000002 24.1837300000026 120.561862132592
    vertex 139.000000000002 24.2108979999939 133.815608132592
    vertex 139.000000000002 24.5913550000023 121.053529132592
  endloop
endfacet
facet normal -1.0 -1.80930167966966e-016 1.72289402854642e-015
  outer loop
    vertex 139.000000000002 24.5913550000023 121.053529132592
    vertex 139.000000000002 24.2108979999939 133.815608132592
    vertex 139.000000000002 25.2561709999938 134.078508132593
  endloop
endfacet
facet normal -1.0 -1.80930167966966e-016 1.72289402854642e-015
  outer loop
    vertex 139.000000000002 24.5913550000023 121.053529132592
    vertex 139.000000000002 25.2561709999938 134.078508132593
    vertex 139.000000000002 25.048932000002 121.499083132593
  endloop
endfacet
facet normal -1.0 -1.80930167966966e-016 1.72289402854642e-015
  outer loop
    vertex 139.000000000002 25.048932000002 121.499083132593
    vertex 139.000000000002 25.2561709999938 134.078508132593
    vertex 139.000000000002 25.5512760000018 121.893475132593
  endloop
endfacet
facet normal -1.0 -1.80930167966966e-016 1.72289402854642e-015
  outer loop
    vertex 139.000000000002 25.5512760000018 121.893475132593
    vertex 139.000000000002 25.2561709999938 134.078508132593
    vertex 139.000000000002 26.3156459999936 134.276558132594
  endloop
endfacet
facet normal -1.0 -1.80930167966966e-016 1.72289402854642e-015
  outer loop
    vertex 139.000000000002 25.5512760000018 121.893475132593
    vertex 139.000000000002 26.3156459999936 134.276558132594
    vertex 139.000000000002 26.0926950000016 122.232237132593
  endloop
endfacet
facet normal -1.0 -1.80930167966966e-016 1.72289402854642e-015
  outer loop
    vertex 139.000000000002 26.0926950000016 122.232237132593
    vertex 139.000000000002 26.3156459999936 134.276558132594
    vertex 139.000000000002 26.6670550000014 122.511530132594
  endloop
endfacet
facet normal -1.0 -1.80930167966966e-016 1.72289402854642e-015
  outer loop
    vertex 139.000000000002 26.6670550000014 122.511530132594
    vertex 139.000000000002 26.3156459999936 134.276558132594
    vertex 139.000000000002 27.3853039999936 134.409008132594
  endloop
endfacet
facet normal -1.0 -1.80930167966966e-016 1.72289402854642e-015
  outer loop
    vertex 139.000000000002 26.6670550000014 122.511530132594
    vertex 139.000000000002 27.3853039999936 134.409008132594
    vertex 139.000000000002 27.2678480000012 122.728190132594
  endloop
endfacet
facet normal -1.0 -1.80930167966966e-016 1.72289402854642e-015
  outer loop
    vertex 139.000000000002 27.2678480000012 122.728190132594
    vertex 139.000000000002 27.3853039999936 134.409008132594
    vertex 139.000000000002 27.8882680000011 122.879763132595
  endloop
endfacet
facet normal -1.0 -1.80930167966966e-016 1.72289402854642e-015
  outer loop
    vertex 139.000000000002 27.8882680000011 122.879763132595
    vertex 139.000000000002 27.3853039999936 134.409008132594
    vertex 139.000000000002 28.4610864999935 134.475358132595
  endloop
endfacet
facet normal -1.0 -1.80930167966966e-016 1.72289402854642e-015
  outer loop
    vertex 139.000000000002 27.8882680000011 122.879763132595
    vertex 139.000000000002 28.4610864999935 134.475358132595
    vertex 139.000000000002 28.5212834000011 122.964530132595
  endloop
endfacet
facet normal -1.0 -1.80930167966966e-016 1.72289402854642e-015
  outer loop
    vertex 139.000000000002 28.5212834000011 122.964530132595
    vertex 139.000000000002 28.4610864999935 134.475358132595
    vertex 139.000000000002 29.5389134999935 134.475358132596
  endloop
endfacet
facet normal -1.0 -1.80930167966966e-016 1.72289402854642e-015
  outer loop
    vertex 139.000000000002 28.5212834000011 122.964530132595
    vertex 139.000000000002 29.5389134999935 134.475358132596
    vertex 139.000000000002 29.159723100001 122.981532132595
  endloop
endfacet
facet normal -1.0 -1.80930167966966e-016 1.72289402854642e-015
  outer loop
    vertex 139.000000000002 29.159723100001 122.981532132595
    vertex 139.000000000002 29.5389134999935 134.475358132596
    vertex 139.000000000002 29.7963532000011 122.930575132596
  endloop
endfacet
facet normal -1.0 -1.80930167966966e-016 1.72289402854642e-015
  outer loop
    vertex 139.000000000002 29.7963532000011 122.930575132596
    vertex 139.000000000002 29.5389134999935 134.475358132596
    vertex 139.000000000002 30.6146959999936 134.409008132596
  endloop
endfacet
facet normal -1.0 -1.80930167966966e-016 1.72289402854642e-015
  outer loop
    vertex 139.000000000002 29.7963532000011 122.930575132596
    vertex 139.000000000002 30.6146959999936 134.409008132596
    vertex 139.000000000002 30.4239600000012 122.812237132596
  endloop
endfacet
facet normal -1.0 -1.80930167966966e-016 1.72289402854642e-015
  outer loop
    vertex 139.000000000002 30.4239600000012 122.812237132596
    vertex 139.000000000002 30.6146959999936 134.409008132596
    vertex 139.000000000002 31.0354330000013 122.627860132597
  endloop
endfacet
facet normal -1.0 -1.80930167966966e-016 1.72289402854642e-015
  outer loop
    vertex 139.000000000002 31.0354330000013 122.627860132597
    vertex 139.000000000002 30.6146959999936 134.409008132596
    vertex 139.000000000002 31.6843539999936 134.276558132597
  endloop
endfacet
facet normal -1.0 -1.80930167966966e-016 1.72289402854642e-015
  outer loop
    vertex 139.000000000002 31.0354330000013 122.627860132597
    vertex 139.000000000002 31.6843539999936 134.276558132597
    vertex 139.000000000002 31.6238440000015 122.379531132597
  endloop
endfacet
facet normal -1.0 -1.80930167966966e-016 1.72289402854642e-015
  outer loop
    vertex 139.000000000002 31.6238440000015 122.379531132597
    vertex 139.000000000002 31.6843539999936 134.276558132597
    vertex 139.000000000002 32.1825250000017 122.070065132597
  endloop
endfacet
facet normal -1.0 -1.80930167966966e-016 1.72289402854642e-015
  outer loop
    vertex 139.000000000002 32.1825250000017 122.070065132597
    vertex 139.000000000002 31.6843539999936 134.276558132597
    vertex 139.000000000002 32.7438289999938 134.078508132598
  endloop
endfacet
facet normal -1.0 -1.80930167966966e-016 1.72289402854642e-015
  outer loop
    vertex 139.000000000002 32.1825250000017 122.070065132597
    vertex 139.000000000002 32.7438289999938 134.078508132598
    vertex 139.000000000002 32.7051480000019 121.702967132598
  endloop
endfacet
facet normal -1.0 -1.80930167966966e-016 1.72289402854642e-015
  outer loop
    vertex 139.000000000002 32.7051480000019 121.702967132598
    vertex 139.000000000002 32.7438289999938 134.078508132598
    vertex 139.000000000002 33.1857890000021 121.282398132598
  endloop
endfacet
facet normal -1.0 -1.80930167966966e-016 1.72289402854642e-015
  outer loop
    vertex 139.000000000002 33.1857890000021 121.282398132598
    vertex 139.000000000002 32.7438289999938 134.078508132598
    vertex 139.000000000002 33.7891019999939 133.815608132598
  endloop
endfacet
facet normal -1.0 -1.80930167966966e-016 1.72289402854642e-015
  outer loop
    vertex 139.000000000002 33.1857890000021 121.282398132598
    vertex 139.000000000002 33.7891019999939 133.815608132598
    vertex 139.000000000002 33.6190040000025 120.813123132598
  endloop
endfacet
facet normal -1.0 -1.80930167966966e-016 1.72289402854642e-015
  outer loop
    vertex 139.000000000002 33.6190040000025 120.813123132598
    vertex 139.000000000002 33.7891019999939 133.815608132598
    vertex 139.000000000002 33.9998840000028 120.300458132599
  endloop
endfacet
facet normal -1.0 -1.80930167966966e-016 1.72289402854642e-015
  outer loop
    vertex 139.000000000002 33.9998840000028 120.300458132599
    vertex 139.000000000002 33.7891019999939 133.815608132598
    vertex 139.000000000002 34.8162089999942 133.488858132599
  endloop
endfacet
facet normal -1.0 -1.80930167966966e-016 1.72289402854642e-015
  outer loop
    vertex 139.000000000002 33.9998840000028 120.300458132599
    vertex 139.000000000002 34.8162089999942 133.488858132599
    vertex 139.000000000002 34.3241120000032 119.750213132599
  endloop
endfacet
facet normal -1.0 -1.80930167966966e-016 1.72289402854642e-015
  outer loop
    vertex 139.000000000002 34.3241120000032 119.750213132599
    vertex 139.000000000002 34.8162089999942 133.488858132599
    vertex 139.000000000002 34.5880170000036 119.168621132599
  endloop
endfacet
facet normal -1.0 -1.80930167966966e-016 1.72289402854642e-015
  outer loop
    vertex 139.000000000002 34.5880170000036 119.168621132599
    vertex 139.000000000002 34.8162089999942 133.488858132599
    vertex 139.000000000002 34.7886070000039 118.562273132599
  endloop
endfacet
facet normal -1.0 -1.80930167966966e-016 1.72289402854642e-015
  outer loop
    vertex 139.000000000002 34.7886070000039 118.562273132599
    vertex 139.000000000002 34.8162089999942 133.488858132599
    vertex 139.000000000002 34.9236100000044 117.938039132599
  endloop
endfacet
facet normal -1.0 -1.80930167966966e-016 1.72289402854642e-015
  outer loop
    vertex 139.000000000002 34.9236100000044 117.938039132599
    vertex 139.000000000002 34.8162089999942 133.488858132599
    vertex 139.000000000002 35.8212529999944 133.0995081326
  endloop
endfacet
facet normal -1.0 -1.80930167966966e-016 1.72289402854642e-015
  outer loop
    vertex 139.000000000002 34.9236100000044 117.938039132599
    vertex 139.000000000002 35.8212529999944 133.0995081326
    vertex 139.000000000002 34.9914960000048 117.302991132599
  endloop
endfacet
facet normal -1.0 -1.80930167966966e-016 1.72289402854642e-015
  outer loop
    vertex 139.000000000002 34.9914960000048 117.302991132599
    vertex 139.000000000002 35.8212529999944 133.0995081326
    vertex 139.000000000002 34.9914960000052 116.664325132599
  endloop
endfacet
facet normal -1.0 -1.80930167966966e-016 1.72289402854642e-015
  outer loop
    vertex 139.000000000002 11.5331900000043 118.060974132584
    vertex 139.000000000002 11.5000000000246 61.9836581325841
    vertex 139.000000000002 11.500000000005 116.983658132584
  endloop
endfacet
facet normal -1.0 -1.80930167966966e-016 1.72289402854642e-015
  outer loop
    vertex 139.000000000002 11.5000000000246 61.9836581325841
    vertex 139.000000000002 11.5331900000043 118.060974132584
    vertex 139.000000000001 46.5000000000245 61.9836581326069
  endloop
endfacet
facet normal -1.0 -1.80930167966966e-016 1.72289402854642e-015
  outer loop
    vertex 139.000000000001 46.5000000000245 61.9836581326069
    vertex 139.000000000002 11.5331900000043 118.060974132584
    vertex 139.000000000002 11.6326400000036 119.134203132584
  endloop
endfacet
facet normal -1.0 -1.80930167966966e-016 1.72289402854642e-015
  outer loop
    vertex 139.000000000001 46.5000000000245 61.9836581326069
    vertex 139.000000000002 11.6326400000036 119.134203132584
    vertex 139.000000000002 11.7979700000029 120.199275132584
  endloop
endfacet
facet normal -1.0 -1.80930167966966e-016 1.72289402854642e-015
  outer loop
    vertex 139.000000000001 46.5000000000245 61.9836581326069
    vertex 139.000000000002 11.7979700000029 120.199275132584
    vertex 139.000000000002 12.0285500000022 121.252148132584
  endloop
endfacet
facet normal -1.0 -1.80930167966966e-016 1.72289402854642e-015
  outer loop
    vertex 139.000000000001 46.5000000000245 61.9836581326069
    vertex 139.000000000002 12.0285500000022 121.252148132584
    vertex 139.000000000002 12.3235100000015 122.288830132584
  endloop
endfacet
facet normal -1.0 -1.80930167966966e-016 1.72289402854642e-015
  outer loop
    vertex 139.000000000001 46.5000000000245 61.9836581326069
    vertex 139.000000000002 12.3235100000015 122.288830132584
    vertex 139.000000000002 12.6817400000009 123.305387132585
  endloop
endfacet
facet normal -1.0 -1.80930167966966e-016 1.72289402854642e-015
  outer loop
    vertex 139.000000000001 46.5000000000245 61.9836581326069
    vertex 139.000000000002 12.6817400000009 123.305387132585
    vertex 139.000000000002 13.1018600000002 124.297964132585
  endloop
endfacet
facet normal -1.0 -1.80930167966966e-016 1.72289402854642e-015
  outer loop
    vertex 139.000000000001 46.5000000000245 61.9836581326069
    vertex 139.000000000002 13.1018600000002 124.297964132585
    vertex 139.000000000002 13.5822899999996 125.262795132585
  endloop
endfacet
facet normal -1.0 -1.80930167966966e-016 1.72289402854642e-015
  outer loop
    vertex 139.000000000001 46.5000000000245 61.9836581326069
    vertex 139.000000000002 13.5822899999996 125.262795132585
    vertex 139.000000000002 14.121199999999 126.196221132586
  endloop
endfacet
facet normal -1.0 -1.80930167966966e-016 1.72289402854642e-015
  outer loop
    vertex 139.000000000001 46.5000000000245 61.9836581326069
    vertex 139.000000000002 14.121199999999 126.196221132586
    vertex 139.000000000002 14.7165499999984 127.094698132586
  endloop
endfacet
facet normal -1.0 -1.80930167966966e-016 1.72289402854642e-015
  outer loop
    vertex 139.000000000001 46.5000000000245 61.9836581326069
    vertex 139.000000000002 14.7165499999984 127.094698132586
    vertex 139.000000000002 15.3660899999978 127.954828132586
  endloop
endfacet
facet normal -1.0 -1.80930167966966e-016 1.72289402854642e-015
  outer loop
    vertex 139.000000000001 46.5000000000245 61.9836581326069
    vertex 139.000000000002 15.3660899999978 127.954828132586
    vertex 139.000000000002 16.0673399999973 128.773328132587
  endloop
endfacet
facet normal -1.0 -1.80930167966966e-016 1.72289402854642e-015
  outer loop
    vertex 139.000000000001 46.5000000000245 61.9836581326069
    vertex 139.000000000002 16.0673399999973 128.773328132587
    vertex 139.000000000002 16.8176599999967 129.547118132587
  endloop
endfacet
facet normal -1.0 -1.80930167966966e-016 1.72289402854642e-015
  outer loop
    vertex 139.000000000001 46.5000000000245 61.9836581326069
    vertex 139.000000000002 16.8176599999967 129.547118132587
    vertex 139.000000000002 23.5361910000066 114.504385132592
  endloop
endfacet
facet normal -1.0 -1.80930167966966e-016 1.72289402854642e-015
  outer loop
    vertex 139.000000000002 23.5361910000066 114.504385132592
    vertex 139.000000000002 16.8176599999967 129.547118132587
    vertex 139.000000000002 23.3036140000062 115.099198132592
  endloop
endfacet
facet normal -1.0 -1.80930167966966e-016 1.72289402854642e-015
  outer loop
    vertex 139.000000000002 23.3036140000062 115.099198132592
    vertex 139.000000000002 16.8176599999967 129.547118132587
    vertex 139.000000000002 17.6141799999963 130.273248132588
  endloop
endfacet
facet normal -1.0 -1.80930167966966e-016 1.72289402854642e-015
  outer loop
    vertex 139.000000000002 23.3036140000062 115.099198132592
    vertex 139.000000000002 17.6141799999963 130.273248132588
    vertex 139.000000000002 18.4538899999958 130.948958132588
  endloop
endfacet
facet normal -1.0 -1.80930167966966e-016 1.72289402854642e-015
  outer loop
    vertex 139.000000000002 23.3036140000062 115.099198132592
    vertex 139.000000000002 18.4538899999958 130.948958132588
    vertex 139.000000000002 23.1355800000058 115.715362132591
  endloop
endfacet
facet normal -1.0 -1.80930167966966e-016 1.72289402854642e-015
  outer loop
    vertex 139.000000000002 23.1355800000058 115.715362132591
    vertex 139.000000000002 18.4538899999958 130.948958132588
    vertex 139.000000000002 19.3336129999954 131.571698132589
  endloop
endfacet
facet normal -1.0 -1.80930167966966e-016 1.72289402854642e-015
  outer loop
    vertex 139.000000000002 23.1355800000058 115.715362132591
    vertex 139.000000000002 19.3336129999954 131.571698132589
    vertex 139.000000000002 20.2499999999951 132.13909813259
  endloop
endfacet
facet normal -1.0 -1.80930167966966e-016 1.72289402854642e-015
  outer loop
    vertex 139.000000000002 23.1355800000058 115.715362132591
    vertex 139.000000000002 20.2499999999951 132.13909813259
    vertex 139.000000000002 23.0339910000054 116.345897232591
  endloop
endfacet
facet normal -1.0 -1.80930167966966e-016 1.72289402854642e-015
  outer loop
    vertex 139.000000000002 23.0339910000054 116.345897232591
    vertex 139.000000000002 20.2499999999951 132.13909813259
    vertex 139.000000000002 21.1995789999947 132.64901813259
  endloop
endfacet
facet normal -1.0 -1.80930167966966e-016 1.72289402854642e-015
  outer loop
    vertex 139.000000000002 23.0339910000054 116.345897232591
    vertex 139.000000000002 21.1995789999947 132.64901813259
    vertex 139.000000000002 23.000000000005 116.983658132591
  endloop
endfacet
facet normal -1.0 -1.80930167966966e-016 1.72289402854642e-015
  outer loop
    vertex 139.000000000002 23.000000000005 116.983658132591
    vertex 139.000000000002 21.1995789999947 132.64901813259
    vertex 139.000000000002 22.1787469999944 133.099508132591
  endloop
endfacet
facet normal -1.0 -1.80930167966966e-016 1.72289402854642e-015
  outer loop
    vertex 139.000000000001 46.5000000000245 61.9836581326069
    vertex 139.000000000002 23.5361910000066 114.504385132592
    vertex 139.000000000002 23.830676000007 113.937663132592
  endloop
endfacet
facet normal -1.0 -1.80930167966966e-016 1.72289402854642e-015
  outer loop
    vertex 139.000000000001 46.5000000000245 61.9836581326069
    vertex 139.000000000002 23.830676000007 113.937663132592
    vertex 139.000000000002 24.1837300000074 113.405454132592
  endloop
endfacet
facet normal -1.0 -1.80930167966966e-016 1.72289402854642e-015
  outer loop
    vertex 139.000000000001 46.5000000000245 61.9836581326069
    vertex 139.000000000002 24.1837300000074 113.405454132592
    vertex 139.000000000002 24.5913550000077 112.913787132592
  endloop
endfacet
facet normal -1.0 -1.80930167966966e-016 1.72289402854642e-015
  outer loop
    vertex 139.000000000001 46.5000000000245 61.9836581326069
    vertex 139.000000000002 24.5913550000077 112.913787132592
    vertex 139.000000000002 25.048932000008 112.468233132593
  endloop
endfacet
facet normal -1.0 -1.80930167966966e-016 1.72289402854642e-015
  outer loop
    vertex 139.000000000001 46.5000000000245 61.9836581326069
    vertex 139.000000000002 25.048932000008 112.468233132593
    vertex 139.000000000002 25.5512760000082 112.073841132593
  endloop
endfacet
facet normal -1.0 -1.80930167966966e-016 1.72289402854642e-015
  outer loop
    vertex 139.000000000001 46.5000000000245 61.9836581326069
    vertex 139.000000000002 25.5512760000082 112.073841132593
    vertex 139.000000000002 26.0926950000084 111.735079132593
  endloop
endfacet
facet normal -1.0 -1.80930167966966e-016 1.72289402854642e-015
  outer loop
    vertex 139.000000000001 46.5000000000245 61.9836581326069
    vertex 139.000000000002 26.0926950000084 111.735079132593
    vertex 139.000000000002 26.6670550000086 111.455786132594
  endloop
endfacet
facet normal -1.0 -1.80930167966966e-016 1.72289402854642e-015
  outer loop
    vertex 139.000000000001 46.5000000000245 61.9836581326069
    vertex 139.000000000002 26.6670550000086 111.455786132594
    vertex 139.000000000002 27.2678480000088 111.239126132594
  endloop
endfacet
facet normal -1.0 -1.80930167966966e-016 1.72289402854642e-015
  outer loop
    vertex 139.000000000001 46.5000000000245 61.9836581326069
    vertex 139.000000000002 27.2678480000088 111.239126132594
    vertex 139.000000000002 27.8882680000089 111.087553132595
  endloop
endfacet
facet normal -1.0 -1.80930167966966e-016 1.72289402854642e-015
  outer loop
    vertex 139.000000000001 46.5000000000245 61.9836581326069
    vertex 139.000000000002 27.8882680000089 111.087553132595
    vertex 139.000000000002 28.5212834000089 111.002786132595
  endloop
endfacet
facet normal -1.0 -1.80930167966966e-016 1.72289402854642e-015
  outer loop
    vertex 139.000000000001 46.5000000000245 61.9836581326069
    vertex 139.000000000002 28.5212834000089 111.002786132595
    vertex 139.000000000002 29.1597231000089 110.985784132595
  endloop
endfacet
facet normal -1.0 -1.80930167966966e-016 1.72289402854642e-015
  outer loop
    vertex 139.000000000001 46.5000000000245 61.9836581326069
    vertex 139.000000000002 29.1597231000089 110.985784132595
    vertex 139.000000000002 29.7963532000089 111.036741132596
  endloop
endfacet
facet normal -1.0 -1.80930167966966e-016 1.72289402854642e-015
  outer loop
    vertex 139.000000000001 46.5000000000245 61.9836581326069
    vertex 139.000000000002 29.7963532000089 111.036741132596
    vertex 139.000000000002 30.4239600000088 111.155079132596
  endloop
endfacet
facet normal -1.0 -1.80930167966966e-016 1.72289402854642e-015
  outer loop
    vertex 139.000000000001 46.5000000000245 61.9836581326069
    vertex 139.000000000002 30.4239600000088 111.155079132596
    vertex 139.000000000002 31.0354330000087 111.339456132597
  endloop
endfacet
facet normal -1.0 -1.80930167966966e-016 1.72289402854642e-015
  outer loop
    vertex 139.000000000001 46.5000000000245 61.9836581326069
    vertex 139.000000000002 31.0354330000087 111.339456132597
    vertex 139.000000000002 31.6238440000085 111.587785132597
  endloop
endfacet
facet normal -1.0 -1.80930167966966e-016 1.72289402854642e-015
  outer loop
    vertex 139.000000000001 46.5000000000245 61.9836581326069
    vertex 139.000000000002 31.6238440000085 111.587785132597
    vertex 139.000000000002 32.1825250000083 111.897251132597
  endloop
endfacet
facet normal -1.0 -1.80930167966966e-016 1.72289402854642e-015
  outer loop
    vertex 139.000000000001 46.5000000000245 61.9836581326069
    vertex 139.000000000002 32.1825250000083 111.897251132597
    vertex 139.000000000002 32.7051480000081 112.264349132598
  endloop
endfacet
facet normal -1.0 -1.80930167966966e-016 1.72289402854642e-015
  outer loop
    vertex 139.000000000001 46.5000000000245 61.9836581326069
    vertex 139.000000000002 32.7051480000081 112.264349132598
    vertex 139.000000000002 33.1857890000078 112.684918132598
  endloop
endfacet
facet normal -1.0 -1.80930167966966e-016 1.72289402854642e-015
  outer loop
    vertex 139.000000000001 46.5000000000245 61.9836581326069
    vertex 139.000000000002 33.1857890000078 112.684918132598
    vertex 139.000000000002 33.6190040000075 113.154193132598
  endloop
endfacet
facet normal -1.0 -1.80930167966966e-016 1.72289402854642e-015
  outer loop
    vertex 139.000000000001 46.5000000000245 61.9836581326069
    vertex 139.000000000002 33.6190040000075 113.154193132598
    vertex 139.000000000002 33.9998840000072 113.666858132599
  endloop
endfacet
facet normal -1.0 -1.80930167966966e-016 1.72289402854642e-015
  outer loop
    vertex 139.000000000001 46.5000000000245 61.9836581326069
    vertex 139.000000000002 33.9998840000072 113.666858132599
    vertex 139.000000000002 34.3241120000068 114.217103132599
  endloop
endfacet
facet normal -1.0 -1.80930167966966e-016 1.72289402854642e-015
  outer loop
    vertex 139.000000000001 46.5000000000245 61.9836581326069
    vertex 139.000000000002 34.3241120000068 114.217103132599
    vertex 139.000000000002 34.5880170000064 114.798695132599
  endloop
endfacet
facet normal -1.0 -1.80930167966966e-016 1.72289402854642e-015
  outer loop
    vertex 139.000000000001 46.5000000000245 61.9836581326069
    vertex 139.000000000002 34.5880170000064 114.798695132599
    vertex 139.000000000002 34.788607000006 115.405043132599
  endloop
endfacet
facet normal -1.0 -1.80930167966966e-016 1.72289402854642e-015
  outer loop
    vertex 139.000000000001 46.5000000000245 61.9836581326069
    vertex 139.000000000002 34.788607000006 115.405043132599
    vertex 139.000000000002 34.9236100000056 116.029277132599
  endloop
endfacet
facet normal -1.0 -1.80930167966966e-016 1.72289402854642e-015
  outer loop
    vertex 139.000000000001 46.5000000000245 61.9836581326069
    vertex 139.000000000002 34.9236100000056 116.029277132599
    vertex 139.000000000002 34.9914960000052 116.664325132599
  endloop
endfacet
facet normal -1.0 -1.80930167966966e-016 1.72289402854642e-015
  outer loop
    vertex 139.000000000001 46.5000000000245 61.9836581326069
    vertex 139.000000000002 34.9914960000052 116.664325132599
    vertex 139.000000000002 35.8212529999944 133.0995081326
  endloop
endfacet
facet normal -1.0 -1.80930167966966e-016 1.72289402854642e-015
  outer loop
    vertex 139.000000000001 46.5000000000245 61.9836581326069
    vertex 139.000000000002 35.8212529999944 133.0995081326
    vertex 139.000000000002 36.8004209999947 132.6490181326
  endloop
endfacet
facet normal -1.0 -1.80930167966966e-016 1.72289402854642e-015
  outer loop
    vertex 139.000000000001 46.5000000000245 61.9836581326069
    vertex 139.000000000002 36.8004209999947 132.6490181326
    vertex 139.000000000002 37.749999999995 132.139098132601
  endloop
endfacet
facet normal -1.0 -1.80930167966966e-016 1.72289402854642e-015
  outer loop
    vertex 139.000000000001 46.5000000000245 61.9836581326069
    vertex 139.000000000002 37.749999999995 132.139098132601
    vertex 139.000000000002 38.6663869999954 131.571698132602
  endloop
endfacet
facet normal -1.0 -1.80930167966966e-016 1.72289402854642e-015
  outer loop
    vertex 139.000000000001 46.5000000000245 61.9836581326069
    vertex 139.000000000002 38.6663869999954 131.571698132602
    vertex 139.000000000002 39.5461099999958 130.948958132602
  endloop
endfacet
facet normal -1.0 -1.80930167966966e-016 1.72289402854642e-015
  outer loop
    vertex 139.000000000001 46.5000000000245 61.9836581326069
    vertex 139.000000000002 39.5461099999958 130.948958132602
    vertex 139.000000000002 40.3858199999963 130.273248132603
  endloop
endfacet
facet normal -1.0 -1.80930167966966e-016 1.72289402854642e-015
  outer loop
    vertex 139.000000000001 46.5000000000245 61.9836581326069
    vertex 139.000000000002 40.3858199999963 130.273248132603
    vertex 139.000000000002 41.1823399999967 129.547118132603
  endloop
endfacet
facet normal -1.0 -1.80930167966966e-016 1.72289402854642e-015
  outer loop
    vertex 139.000000000001 46.5000000000245 61.9836581326069
    vertex 139.000000000002 41.1823399999967 129.547118132603
    vertex 139.000000000002 41.9326599999972 128.773328132604
  endloop
endfacet
facet normal -1.0 -1.80930167966966e-016 1.72289402854642e-015
  outer loop
    vertex 139.000000000001 46.5000000000245 61.9836581326069
    vertex 139.000000000002 41.9326599999972 128.773328132604
    vertex 139.000000000002 42.6339099999978 127.954828132604
  endloop
endfacet
facet normal -1.0 -1.80930167966966e-016 1.72289402854642e-015
  outer loop
    vertex 139.000000000001 46.5000000000245 61.9836581326069
    vertex 139.000000000002 42.6339099999978 127.954828132604
    vertex 139.000000000002 43.2834499999983 127.094698132605
  endloop
endfacet
facet normal -1.0 -1.80930167966966e-016 1.72289402854642e-015
  outer loop
    vertex 139.000000000001 46.5000000000245 61.9836581326069
    vertex 139.000000000002 43.2834499999983 127.094698132605
    vertex 139.000000000002 43.8787999999989 126.196221132605
  endloop
endfacet
facet normal -1.0 -1.80930167966966e-016 1.72289402854642e-015
  outer loop
    vertex 139.000000000001 46.5000000000245 61.9836581326069
    vertex 139.000000000002 43.8787999999989 126.196221132605
    vertex 139.000000000002 44.4177099999995 125.262795132605
  endloop
endfacet
facet normal -1.0 -1.80930167966966e-016 1.72289402854642e-015
  outer loop
    vertex 139.000000000001 46.5000000000245 61.9836581326069
    vertex 139.000000000002 44.4177099999995 125.262795132605
    vertex 139.000000000002 44.8981400000002 124.297964132606
  endloop
endfacet
facet normal -1.0 -1.80930167966966e-016 1.72289402854642e-015
  outer loop
    vertex 139.000000000001 46.5000000000245 61.9836581326069
    vertex 139.000000000002 44.8981400000002 124.297964132606
    vertex 139.000000000002 45.3182600000008 123.305387132606
  endloop
endfacet
facet normal -1.0 -1.80930167966966e-016 1.72289402854642e-015
  outer loop
    vertex 139.000000000001 46.5000000000245 61.9836581326069
    vertex 139.000000000002 45.3182600000008 123.305387132606
    vertex 139.000000000002 45.6764900000015 122.288830132606
  endloop
endfacet
facet normal -1.0 -1.80930167966966e-016 1.72289402854642e-015
  outer loop
    vertex 139.000000000001 46.5000000000245 61.9836581326069
    vertex 139.000000000002 45.6764900000015 122.288830132606
    vertex 139.000000000002 45.9714500000022 121.252148132606
  endloop
endfacet
facet normal -1.0 -1.80930167966966e-016 1.72289402854642e-015
  outer loop
    vertex 139.000000000001 46.5000000000245 61.9836581326069
    vertex 139.000000000002 45.9714500000022 121.252148132606
    vertex 139.000000000002 46.2020300000029 120.199275132607
  endloop
endfacet
facet normal -1.0 -1.80930167966966e-016 1.72289402854642e-015
  outer loop
    vertex 139.000000000001 46.5000000000245 61.9836581326069
    vertex 139.000000000002 46.2020300000029 120.199275132607
    vertex 139.000000000002 46.3673600000036 119.134203132607
  endloop
endfacet
facet normal -1.0 -1.80930167966966e-016 1.72289402854642e-015
  outer loop
    vertex 139.000000000001 46.5000000000245 61.9836581326069
    vertex 139.000000000002 46.3673600000036 119.134203132607
    vertex 139.000000000002 46.4668100000043 118.060974132607
  endloop
endfacet
facet normal -1.0 -1.80930167966966e-016 1.72289402854642e-015
  outer loop
    vertex 139.000000000001 46.5000000000245 61.9836581326069
    vertex 139.000000000002 46.4668100000043 118.060974132607
    vertex 139.000000000002 46.500000000005 116.983658132607
  endloop
endfacet
facet normal 1.35358391162322e-014 -1.0 -3.57264117279888e-013
  outer loop
    vertex 144.000000000002 11.500000000005 116.983658132584
    vertex 139.000000000002 11.5000000000246 61.9836581325841
    vertex 144.000000000002 11.5000000000247 61.983658132584
  endloop
endfacet
facet normal 1.35358391162322e-014 -1.0 -3.57264117279888e-013
  outer loop
    vertex 139.000000000002 11.5000000000246 61.9836581325841
    vertex 144.000000000002 11.500000000005 116.983658132584
    vertex 139.000000000002 11.500000000005 116.983658132584
  endloop
endfacet
facet normal -0.0654142856593788 -9.66843781769921e-014 0.997858191944964
  outer loop
    vertex 131.000000000001 11.500000000029 53.9836581325841
    vertex 132.044198534292 46.4953660502021 54.0521102450806
    vertex 130.999999999998 46.5000000000293 53.9836581326042
  endloop
endfacet
facet normal -0.0654142856593788 -9.66843781769921e-014 0.997858191944964
  outer loop
    vertex 132.044198534292 46.4953660502021 54.0521102450806
    vertex 131.000000000001 11.500000000029 53.9836581325841
    vertex 132.044198534263 11.4953660502048 54.0521102450922
  endloop
endfacet
facet normal -0.321447936989676 5.76933670085864e-013 0.946927253702776
  outer loop
    vertex 134.061439802646 11.4883529956345 54.5926495287701
    vertex 133.070532085713 46.4914614457825 54.2562717973974
    vertex 133.070532085684 11.4914614457853 54.256271797409
  endloop
endfacet
facet normal -0.321447936989676 5.76933670085864e-013 0.946927253702776
  outer loop
    vertex 133.070532085713 46.4914614457825 54.2562717973974
    vertex 134.061439802646 11.4883529956345 54.5926495287701
    vertex 134.061439802674 46.4883529956318 54.5926495287585
  endloop
endfacet
facet normal -0.831467214770322 8.58231152979776e-013 0.555573821163383
  outer loop
    vertex 137.928170209655 11.4860938861948 57.9836911532058
    vertex 137.346790445971 46.4847227714563 57.1136029768909
    vertex 137.346790445943 11.484722771459 57.1136029769027
  endloop
endfacet
facet normal -0.831467214770322 8.58231152979776e-013 0.555573821163383
  outer loop
    vertex 137.346790445971 46.4847227714563 57.1136029768909
    vertex 137.928170209655 11.4860938861948 57.9836911532058
    vertex 137.928170209684 46.4860938861921 57.983691153194
  endloop
endfacet
facet normal -0.442294847121282 6.58118407844312e-013 0.896869705258218
  outer loop
    vertex 134.99996697938 11.4860938861964 55.0554879229303
    vertex 134.061439802674 46.4883529956318 54.5926495287585
    vertex 134.061439802646 11.4883529956345 54.5926495287701
  endloop
endfacet
facet normal -0.442294847121282 6.58118407844312e-013 0.896869705258218
  outer loop
    vertex 134.061439802674 46.4883529956318 54.5926495287585
    vertex 134.99996697938 11.4860938861964 55.0554879229303
    vertex 134.999966979408 46.4860938861937 55.0554879229187
  endloop
endfacet
facet normal -0.555573821163263 7.28115801001727e-013 0.831467214770402
  outer loop
    vertex 135.870055155683 11.4847227714598 55.6368676866426
    vertex 134.999966979408 46.4860938861937 55.0554879229187
    vertex 134.99996697938 11.4860938861964 55.0554879229303
  endloop
endfacet
facet normal -0.555573821163263 7.28115801001727e-013 0.831467214770402
  outer loop
    vertex 134.999966979408 46.4860938861937 55.0554879229187
    vertex 135.870055155683 11.4847227714598 55.6368676866426
    vertex 135.870055155711 46.4847227714571 55.6368676866309
  endloop
endfacet
facet normal -0.896869705258316 8.73990229030241e-013 0.442294847121081
  outer loop
    vertex 138.391008603815 11.4883529956321 58.9222183299397
    vertex 137.928170209684 46.4860938861921 57.983691153194
    vertex 137.928170209655 11.4860938861948 57.9836911532058
  endloop
endfacet
facet normal -0.896869705258316 8.73990229030241e-013 0.442294847121081
  outer loop
    vertex 137.928170209684 46.4860938861921 57.983691153194
    vertex 138.391008603815 11.4883529956321 58.9222183299397
    vertex 138.391008603844 46.4883529956294 58.9222183299278
  endloop
endfacet
facet normal -0.659346921741095 7.84616270626455e-013 0.751838836979403
  outer loop
    vertex 136.656816881625 11.484263111578 56.3268412509608
    vertex 135.870055155711 46.4847227714571 55.6368676866309
    vertex 135.870055155683 11.4847227714598 55.6368676866426
  endloop
endfacet
facet normal -0.659346921741095 7.84616270626455e-013 0.751838836979403
  outer loop
    vertex 135.870055155711 46.4847227714571 55.6368676866309
    vertex 136.656816881625 11.484263111578 56.3268412509608
    vertex 136.656816881653 46.4842631115753 56.3268412509491
  endloop
endfacet
facet normal -0.195100540251164 4.85724479721472e-013 0.980783247814574
  outer loop
    vertex 133.070532085684 11.4914614457853 54.256271797409
    vertex 132.044198534292 46.4953660502021 54.0521102450806
    vertex 132.044198534263 11.4953660502048 54.0521102450922
  endloop
endfacet
facet normal -0.195100540251164 4.85724479721472e-013 0.980783247814574
  outer loop
    vertex 132.044198534292 46.4953660502021 54.0521102450806
    vertex 133.070532085684 11.4914614457853 54.256271797409
    vertex 133.070532085713 46.4914614457825 54.2562717973974
  endloop
endfacet
facet normal -0.997858191944854 3.91266637263445e-013 0.0654142856610575
  outer loop
    vertex 139.000000000002 11.5000000000246 61.9836581325841
    vertex 138.931547887522 46.4953660501984 60.9394595983104
    vertex 138.931547887493 11.4953660502011 60.9394595983223
  endloop
endfacet
facet normal -0.997858191944854 3.91266637263445e-013 0.0654142856610575
  outer loop
    vertex 138.931547887522 46.4953660501984 60.9394595983104
    vertex 139.000000000002 11.5000000000246 61.9836581325841
    vertex 139.000000000001 46.5000000000245 61.9836581326069
  endloop
endfacet
facet normal 0.0013954317633438 -0.999991264224906 0.00394008173361757
  outer loop
    vertex 143.888783197861 11.5000000000254 60.2868176337234
    vertex 138.931547887493 11.4953660502011 60.9394595983223
    vertex 138.727386335176 11.4914614457821 59.9131260469014
  endloop
endfacet
facet normal 0.0013954317633438 -0.999991264224906 0.00394008173361757
  outer loop
    vertex 138.931547887493 11.4953660502011 60.9394595983223
    vertex 143.888783197861 11.5000000000254 60.2868176337234
    vertex 139.000000000002 11.5000000000246 61.9836581325841
  endloop
endfacet
facet normal 1.21909173471285e-013 -1.0 -4.79536868633016e-013
  outer loop
    vertex 141.313593423788 11.5000000000284 54.0697595554707
    vertex 131.000000000001 11.500000000029 53.9836581325841
    vertex 140.192388155427 11.5000000000291 52.7912699771589
  endloop
endfacet
facet normal 1.21909173471285e-013 -1.0 -4.79536868633016e-013
  outer loop
    vertex 132.696840498862 11.5000000000318 49.0948749347245
    vertex 128.466392390408 11.5000000000287 48.983658132585
    vertex 131.000000000002 11.5000000000296 48.9836581325841
  endloop
endfacet
facet normal 1.21909173471285e-013 -1.0 -4.79536868633016e-013
  outer loop
    vertex 128.466392390408 11.5000000000287 48.983658132585
    vertex 132.696840498862 11.5000000000318 49.0948749347245
    vertex 130.466392390408 11.5000000000285 50.983658132585
  endloop
endfacet
facet normal 1.21909173471285e-013 -1.0 -4.79536868633016e-013
  outer loop
    vertex 130.466392390408 11.5000000000285 50.983658132585
    vertex 132.696840498862 11.5000000000318 49.0948749347245
    vertex 134.364647586334 11.5000000000314 49.4266223908262
  endloop
endfacet
facet normal 1.21909173471285e-013 -1.0 -4.79536868633016e-013
  outer loop
    vertex 130.466392390408 11.5000000000285 50.983658132585
    vertex 134.364647586334 11.5000000000314 49.4266223908262
    vertex 135.974884620748 11.5000000000309 49.9732242099373
  endloop
endfacet
facet normal 1.21909173471285e-013 -1.0 -4.79536868633016e-013
  outer loop
    vertex 130.466392390408 11.5000000000285 50.983658132585
    vertex 135.974884620748 11.5000000000309 49.9732242099373
    vertex 137.500000000002 11.5000000000304 50.7253278833864
  endloop
endfacet
facet normal 1.21909173471285e-013 -1.0 -4.79536868633016e-013
  outer loop
    vertex 130.466392390408 11.5000000000285 50.983658132585
    vertex 137.500000000002 11.5000000000304 50.7253278833864
    vertex 138.913898577115 11.5000000000298 51.670064708798
  endloop
endfacet
facet normal 1.21909173471285e-013 -1.0 -4.79536868633016e-013
  outer loop
    vertex 130.466392390408 11.5000000000285 50.983658132585
    vertex 138.913898577115 11.5000000000298 51.670064708798
    vertex 130.466392390408 11.500000000028 53.983658132585
  endloop
endfacet
facet normal 1.21909173471285e-013 -1.0 -4.79536868633016e-013
  outer loop
    vertex 130.466392390408 11.500000000028 53.983658132585
    vertex 138.913898577115 11.5000000000298 51.670064708798
    vertex 140.192388155427 11.5000000000291 52.7912699771589
  endloop
endfacet
facet normal 1.21909173471285e-013 -1.0 -4.79536868633016e-013
  outer loop
    vertex 130.466392390408 11.500000000028 53.983658132585
    vertex 140.192388155427 11.5000000000291 52.7912699771589
    vertex 131.000000000001 11.500000000029 53.9836581325841
  endloop
endfacet
facet normal 0.00263962638228026 -0.999995963513946 -0.00105134598380517
  outer loop
    vertex 143.010433922648 11.500000000027 57.0087735118379
    vertex 136.656816881625 11.484263111578 56.3268412509608
    vertex 142.258330249199 11.5000000000277 55.4836581325841
  endloop
endfacet
facet normal 0.00263962638228026 -0.999995963513946 -0.00105134598380517
  outer loop
    vertex 136.656816881625 11.484263111578 56.3268412509608
    vertex 143.010433922648 11.500000000027 57.0087735118379
    vertex 137.346790445943 11.484722771459 57.1136029769027
  endloop
endfacet
facet normal 0.00263962638228026 -0.999995963513946 -0.00105134598380517
  outer loop
    vertex 137.346790445943 11.484722771459 57.1136029769027
    vertex 143.010433922648 11.500000000027 57.0087735118379
    vertex 143.557035741759 11.5000000000262 58.6190105462513
  endloop
endfacet
facet normal 0.00263962638228026 -0.999995963513946 -0.00105134598380517
  outer loop
    vertex 137.346790445943 11.484722771459 57.1136029769027
    vertex 143.557035741759 11.5000000000262 58.6190105462513
    vertex 137.928170209655 11.4860938861948 57.9836911532058
  endloop
endfacet
facet normal -9.11616931887765e-015 1.0 4.82470142171443e-013
  outer loop
    vertex 130.999999999998 46.5000000000293 53.9836581326042
    vertex 132.696840498859 46.5000000000321 49.0948749347448
    vertex 130.999999999998 46.50000000003 48.9836581326043
  endloop
endfacet
facet normal -9.11616931887765e-015 1.0 4.82470142171443e-013
  outer loop
    vertex 132.696840498859 46.5000000000321 49.0948749347448
    vertex 130.999999999998 46.5000000000293 53.9836581326042
    vertex 134.364647586331 46.5000000000317 49.4266223908464
  endloop
endfacet
facet normal -9.11616931887765e-015 1.0 4.82470142171443e-013
  outer loop
    vertex 134.364647586331 46.5000000000317 49.4266223908464
    vertex 130.999999999998 46.5000000000293 53.9836581326042
    vertex 135.974884620745 46.5000000000313 49.9732242099576
  endloop
endfacet
facet normal -9.11616931887765e-015 1.0 4.82470142171443e-013
  outer loop
    vertex 135.974884620745 46.5000000000313 49.9732242099576
    vertex 130.999999999998 46.5000000000293 53.9836581326042
    vertex 137.499999999998 46.5000000000307 50.7253278834066
  endloop
endfacet
facet normal -9.11616931887765e-015 1.0 4.82470142171443e-013
  outer loop
    vertex 137.499999999998 46.5000000000307 50.7253278834066
    vertex 130.999999999998 46.5000000000293 53.9836581326042
    vertex 138.913898577112 46.5000000000301 51.6700647088183
  endloop
endfacet
facet normal -9.11616931887765e-015 1.0 4.82470142171443e-013
  outer loop
    vertex 138.913898577112 46.5000000000301 51.6700647088183
    vertex 130.999999999998 46.5000000000293 53.9836581326042
    vertex 140.192388155424 46.5000000000295 52.7912699771792
  endloop
endfacet
facet normal -9.11616931887765e-015 1.0 4.82470142171443e-013
  outer loop
    vertex 140.192388155424 46.5000000000295 52.7912699771792
    vertex 130.999999999998 46.5000000000293 53.9836581326042
    vertex 141.313593423785 46.5000000000288 54.0697595554909
  endloop
endfacet
facet normal -0.00263962638283295 0.999995963513944 0.00105134598407804
  outer loop
    vertex 136.656816881653 46.4842631115753 56.3268412509491
    vertex 143.010433922645 46.5000000000273 57.0087735118581
    vertex 142.258330249196 46.500000000028 55.4836581326043
  endloop
endfacet
facet normal -0.00263962638283295 0.999995963513944 0.00105134598407804
  outer loop
    vertex 143.010433922645 46.5000000000273 57.0087735118581
    vertex 136.656816881653 46.4842631115753 56.3268412509491
    vertex 137.346790445971 46.4847227714563 57.1136029768909
  endloop
endfacet
facet normal -0.00263962638283295 0.999995963513944 0.00105134598407804
  outer loop
    vertex 143.010433922645 46.5000000000273 57.0087735118581
    vertex 137.346790445971 46.4847227714563 57.1136029768909
    vertex 143.557035741756 46.5000000000265 58.6190105462715
  endloop
endfacet
facet normal -0.00263962638283295 0.999995963513944 0.00105134598407804
  outer loop
    vertex 143.557035741756 46.5000000000265 58.6190105462715
    vertex 137.346790445971 46.4847227714563 57.1136029768909
    vertex 137.928170209684 46.4860938861921 57.983691153194
  endloop
endfacet
facet normal -0.00139543176390482 0.999991264224901 -0.00394008173474778
  outer loop
    vertex 138.931547887522 46.4953660501984 60.9394595983104
    vertex 143.888783197858 46.5000000000258 60.2868176337436
    vertex 138.727386335205 46.4914614457795 59.9131260468895
  endloop
endfacet
facet normal -0.00139543176390482 0.999991264224901 -0.00394008173474778
  outer loop
    vertex 143.888783197858 46.5000000000258 60.2868176337436
    vertex 138.931547887522 46.4953660501984 60.9394595983104
    vertex 139.000000000001 46.5000000000245 61.9836581326069
  endloop
endfacet
facet normal 0.00204782295682725 0.969361873070536 0.245628511085988
  outer loop
    vertex 5.68623152091577 46.4999548579529 54.0697682994281
    vertex 14.9542931902588 46.4850617278925 54.0512748558922
    vertex 16.000000000193 46.4999861571025 53.9836581326072
  endloop
endfacet
facet normal 0.00174228842649266 0.997559439718652 0.0698006350920102
  outer loop
    vertex 13.9280453872849 46.4725626507459 54.2555221674881
    vertex 14.9542931902588 46.4850617278925 54.0512748558922
    vertex 5.68623152091577 46.4999548579529 54.0697682994281
  endloop
endfacet
facet normal 0.00327423164539793 0.999992246501131 0.00218777164130921
  outer loop
    vertex 4.74149469550426 46.4999548579525 55.4836668765415
    vertex 13.9280453872849 46.4725626507459 54.2555221674881
    vertex 5.68623152091577 46.4999548579529 54.0697682994281
  endloop
endfacet
facet normal 0.0114192479239696 0.997938177131467 0.063158494285211
  outer loop
    vertex 4.74149469550426 46.4999548579525 55.4836668765415
    vertex 12.9372060100031 46.4626073373577 54.5919682471148
    vertex 13.9280453872849 46.4725626507459 54.2555221674881
  endloop
endfacet
facet normal 0.00802603386251464 0.999458604791057 0.0319073673240462
  outer loop
    vertex 4.74149469550426 46.4999548579525 55.4836668765415
    vertex 11.9987285948717 46.4553661259002 55.0548564090692
    vertex 12.9372060100031 46.4626073373577 54.5919682471148
  endloop
endfacet
facet normal 0.00722948497681484 0.99980474301909 0.0183904970977371
  outer loop
    vertex 11.1286707506584 46.450962915509 55.6362665085635
    vertex 11.9987285948717 46.4553661259002 55.0548564090692
    vertex 4.74149469550426 46.4999548579525 55.4836668765415
  endloop
endfacet
facet normal 0.00741610167385041 0.999916155127665 0.0106152791141435
  outer loop
    vertex 10.3419194083033 46.4494730463347 56.326250457598
    vertex 11.1286707506584 46.450962915509 55.6362665085635
    vertex 4.74149469550426 46.4999548579525 55.4836668765415
  endloop
endfacet
facet normal 0.00864479554550988 0.999962342425677 0.00076239132375848
  outer loop
    vertex 9.07052663563807 46.4552850156831 57.9830609097454
    vertex 9.65193610140287 46.450922010452 57.113002439505
    vertex 3.98939102205525 46.4999548579521 57.0087822557954
  endloop
endfacet
facet normal 0.0082537531424083 0.999962012095785 0.00280177165604916
  outer loop
    vertex 3.44278920294417 46.4999548579517 58.6190192902088
    vertex 9.07052663563807 46.4552850156831 57.9830609097454
    vertex 3.98939102205525 46.4999548579521 57.0087822557954
  endloop
endfacet
facet normal 0.00748725110333386 0.999964044440734 -0.00398131845579183
  outer loop
    vertex 8.60763908816443 46.4624874097989 58.9215389266674
    vertex 9.07052663563807 46.4552850156831 57.9830609097454
    vertex 3.44278920294417 46.4999548579517 58.6190192902088
  endloop
endfacet
facet normal 0.00768730571513924 0.999943075462861 -0.00739940299740009
  outer loop
    vertex 8.27119359325684 46.472405957839 59.9123788712063
    vertex 8.60763908816443 46.4624874097989 58.9215389266674
    vertex 3.44278920294417 46.4999548579517 58.6190192902088
  endloop
endfacet
facet normal 0.00541688353170378 0.999984748082992 0.00107748512736777
  outer loop
    vertex 3.11104174684262 46.4999548579513 60.2868263776809
    vertex 8.27119359325684 46.472405957839 59.9123788712063
    vertex 3.44278920294417 46.4999548579517 58.6190192902088
  endloop
endfacet
facet normal 0.00452237245515758 0.999926543789921 -0.0112452288425137
  outer loop
    vertex 8.06694682661305 46.4848709506967 60.9386271971983
    vertex 8.27119359325684 46.472405957839 59.9123788712063
    vertex 3.11104174684262 46.4999548579513 60.2868263776809
  endloop
endfacet
facet normal 0.00490490370036709 0.99988778738757 -0.0141546654104019
  outer loop
    vertex 8.000000000193 46.4999930785611 61.983658132607
    vertex 8.06694682661305 46.4848709506967 60.9386271971983
    vertex 3.11104174684262 46.4999548579513 60.2868263776809
  endloop
endfacet
facet normal 1.38429271271256e-006 0.999999999647568 -2.65131524706089e-005
  outer loop
    vertex 8.000000000193 46.4999930785611 61.983658132607
    vertex 3.11104174684262 46.4999548579513 60.2868263776809
    vertex 3.00000000000156 46.5000000000246 61.9836581326069
  endloop
endfacet
facet normal 0.997851432039054 -3.40540060478466e-014 0.065517322729262
  outer loop
    vertex 8.000000000193 46.4999930785611 61.983658132607
    vertex 8.00000000019327 11.4999930785611 61.983658132584
    vertex 8.06855374936813 11.4851927179639 60.9395608780552
  endloop
endfacet
facet normal 0.99795436384543 4.75240394439541e-005 0.0639303169343599
  outer loop
    vertex 8.000000000193 46.4999930785611 61.983658132607
    vertex 8.06855374936813 11.4851927179639 60.9395608780552
    vertex 8.06694682661305 46.4848709506967 60.9386271971983
  endloop
endfacet
facet normal -0.00198801048959112 -0.97071369609146 -0.240231072167508
  outer loop
    vertex 5.68640657621505 11.5000000000268 54.0697595554713
    vertex 16.0000000001931 11.5001861571026 53.983658132584
    vertex 14.9559031031642 11.4853589429275 54.0522115270697
  endloop
endfacet
facet normal -0.00170744433681893 -0.997572354226604 -0.0696166841829454
  outer loop
    vertex 13.9296551921041 11.4728618743424 54.2564584181732
    vertex 5.68640657621505 11.5000000000268 54.0697595554713
    vertex 14.9559031031642 11.4853589429275 54.0522115270697
  endloop
endfacet
facet normal -0.00324306042173911 -0.999992393428131 -0.0021669436955426
  outer loop
    vertex 4.74166975080354 11.5000000000264 55.4836581325847
    vertex 5.68640657621505 11.5000000000268 54.0697595554713
    vertex 13.9296551921041 11.4728618743424 54.2564584181732
  endloop
endfacet
facet normal -0.0113588195620408 -0.997950501014957 -0.0629743975132177
  outer loop
    vertex 4.74166975080354 11.5000000000264 55.4836581325847
    vertex 13.9296551921041 11.4728618743424 54.2564584181732
    vertex 12.9388156533 11.4629087796952 54.5929040875672
  endloop
endfacet
facet normal -0.00797874968122609 -0.999462200797574 -0.0318064259292788
  outer loop
    vertex 4.74166975080354 11.5000000000264 55.4836581325847
    vertex 12.9388156533 11.4629087796952 54.5929040875672
    vertex 12.0003380259735 11.4556699591949 55.0557918565677
  endloop
endfacet
facet normal -0.00718594737481705 -0.999806332178116 -0.0183210342740235
  outer loop
    vertex 11.130279922524 11.4512692710671 55.6372015871107
    vertex 4.74166975080354 11.5000000000264 55.4836581325847
    vertex 12.0003380259735 11.4556699591949 55.0557918565677
  endloop
endfacet
facet normal -0.00737325621412781 -0.999917029294938 -0.0105626520717022
  outer loop
    vertex 10.3435282783268 11.449782012306 56.3271851975091
    vertex 4.74166975080354 11.5000000000264 55.4836581325847
    vertex 11.130279922524 11.4512692710671 55.6372015871107
  endloop
endfacet
facet normal -0.00859609926225258 -0.999962788724263 -0.000726804147817497
  outer loop
    vertex 9.0721347954574 11.4555992875257 57.983995085889
    vertex 3.98956607735453 11.500000000026 57.0087735118385
    vertex 9.65354463214255 11.451233630321 57.1139368768895
  endloop
endfacet
facet normal -0.00820137248590328 -0.999962492738836 -0.0027839908191235
  outer loop
    vertex 3.44296425824346 11.5000000000256 58.6190105462519
    vertex 3.98956607735453 11.500000000026 57.0087735118385
    vertex 9.0721347954574 11.4555992875257 57.983995085889
  endloop
endfacet
facet normal -0.0074349847064955 -0.999964320323361 0.00400987314682196
  outer loop
    vertex 8.60924685177432 11.4628042863148 58.9224728873258
    vertex 3.44296425824346 11.5000000000256 58.6190105462519
    vertex 9.0721347954574 11.4555992875257 57.983995085889
  endloop
endfacet
facet normal -0.00763512100723788 -0.999943325187298 0.0074196590605131
  outer loop
    vertex 8.2728009421465 11.4727253471615 59.9133126658221
    vertex 3.44296425824346 11.5000000000256 58.6190105462519
    vertex 8.60924685177432 11.4628042863148 58.9224728873258
  endloop
endfacet
facet normal -0.00536125298214588 -0.999985059746326 -0.00106641952305657
  outer loop
    vertex 3.1112168021419 11.5000000000252 60.286817633724
    vertex 3.44296425824346 11.5000000000256 58.6190105462519
    vertex 8.2728009421465 11.4727253471615 59.9133126658221
  endloop
endfacet
facet normal -0.00446910820988817 -0.99992663790652 0.0112581471287092
  outer loop
    vertex 8.06855374936813 11.4851927179639 60.9395608780552
    vertex 3.1112168021419 11.5000000000252 60.286817633724
    vertex 8.2728009421465 11.4727253471615 59.9133126658221
  endloop
endfacet
facet normal -0.00481131333718986 -0.999892399954313 0.013857841735824
  outer loop
    vertex 8.00000000019327 11.4999930785611 61.983658132584
    vertex 3.1112168021419 11.5000000000252 60.286817633724
    vertex 8.06855374936813 11.4851927179639 60.9395608780552
  endloop
endfacet
facet normal -1.38429271714702e-006 -0.999999999999038 -9.07315974868967e-008
  outer loop
    vertex 3.00000000000156 11.5000000000247 61.9836581325847
    vertex 3.1112168021419 11.5000000000252 60.286817633724
    vertex 8.00000000019327 11.4999930785611 61.983658132584
  endloop
endfacet
facet normal 0.0650208086025917 1.48481884370834e-005 0.997883908191828
  outer loop
    vertex 14.9559031031642 11.4853589429275 54.0522115270697
    vertex 16.000000000193 46.4999861571025 53.9836581326072
    vertex 14.9542931902588 46.4850617278925 54.0512748558922
  endloop
endfacet
facet normal 0.0650208086025917 1.48481884370834e-005 0.997883908191828
  outer loop
    vertex 16.000000000193 46.4999861571025 53.9836581326072
    vertex 14.9559031031642 11.4853589429275 54.0522115270697
    vertex 16.0000000001931 11.5001861571026 53.983658132584
  endloop
endfacet
facet normal 0.555606905271827 4.77649558050091e-005 0.831445106145182
  outer loop
    vertex 11.130279922524 11.4512692710671 55.6372015871107
    vertex 11.9987285948717 46.4553661259002 55.0548564090692
    vertex 11.1286707506584 46.450962915509 55.6362665085635
  endloop
endfacet
facet normal 0.555606905271827 4.77649558050091e-005 0.831445106145182
  outer loop
    vertex 11.9987285948717 46.4553661259002 55.0548564090692
    vertex 11.130279922524 11.4512692710671 55.6372015871107
    vertex 12.0003380259735 11.4556699591949 55.0557918565677
  endloop
endfacet
facet normal 0.659357232415906 5.03950775324121e-005 0.751829792919363
  outer loop
    vertex 10.3435282783268 11.449782012306 56.3271851975091
    vertex 11.1286707506584 46.450962915509 55.6362665085635
    vertex 10.3419194083033 46.4494730463347 56.326250457598
  endloop
endfacet
facet normal 0.659357232415906 5.03950775324121e-005 0.751829792919363
  outer loop
    vertex 11.1286707506584 46.450962915509 55.6362665085635
    vertex 10.3435282783268 11.449782012306 56.3271851975091
    vertex 11.130279922524 11.4512692710671 55.6372015871107
  endloop
endfacet
facet normal 0.980764634410683 5.02428046754924e-005 0.195194081275379
  outer loop
    vertex 8.27119359325684 46.472405957839 59.9123788712063
    vertex 8.06855374936813 11.4851927179639 60.9395608780552
    vertex 8.2728009421465 11.4727253471615 59.9133126658221
  endloop
endfacet
facet normal 0.980764634410683 5.02428046754924e-005 0.195194081275379
  outer loop
    vertex 8.06855374936813 11.4851927179639 60.9395608780552
    vertex 8.27119359325684 46.472405957839 59.9123788712063
    vertex 8.06694682661305 46.4848709506967 60.9386271971983
  endloop
endfacet
facet normal 1.2111851164698e-005 -0.99999999942829 3.15709119760284e-005
  outer loop
    vertex 19.4663923904043 11.5000000000249 48.9836581325844
    vertex 14.3031595011402 11.5000000000281 49.0948749347247
    vertex 16.0000000000008 11.5000000000247 48.9836581325841
  endloop
endfacet
facet normal 1.2111851164698e-005 -0.99999999942829 3.15709119760284e-005
  outer loop
    vertex 14.3031595011402 11.5000000000281 49.0948749347247
    vertex 19.4663923904043 11.5000000000249 48.9836581325844
    vertex 17.4663923904045 11.500066666693 50.9836581314733
  endloop
endfacet
facet normal 1.2111851164698e-005 -0.99999999942829 3.15709119760284e-005
  outer loop
    vertex 14.3031595011402 11.5000000000281 49.0948749347247
    vertex 17.4663923904045 11.500066666693 50.9836581314733
    vertex 12.6353524136681 11.500000000028 49.4266223908264
  endloop
endfacet
facet normal 1.2111851164698e-005 -0.99999999942829 3.15709119760284e-005
  outer loop
    vertex 12.6353524136681 11.500000000028 49.4266223908264
    vertex 17.4663923904045 11.500066666693 50.9836581314733
    vertex 11.0251153792548 11.5000000000278 49.9732242099376
  endloop
endfacet
facet normal 1.2111851164698e-005 -0.99999999942829 3.15709119760284e-005
  outer loop
    vertex 11.0251153792548 11.5000000000278 49.9732242099376
    vertex 17.4663923904045 11.500066666693 50.9836581314733
    vertex 9.5000000000009 11.5000000000276 50.7253278833867
  endloop
endfacet
facet normal 1.2111851164698e-005 -0.99999999942829 3.15709119760284e-005
  outer loop
    vertex 9.5000000000009 11.5000000000276 50.7253278833867
    vertex 17.4663923904045 11.500066666693 50.9836581314733
    vertex 8.08610142288764 11.5000000000274 51.6700647087984
  endloop
endfacet
facet normal 1.2111851164698e-005 -0.99999999942829 3.15709119760284e-005
  outer loop
    vertex 8.08610142288764 11.5000000000274 51.6700647087984
    vertex 17.4663923904045 11.500066666693 50.9836581314733
    vertex 17.4663923904049 11.5002000000292 53.9836581325842
  endloop
endfacet
facet normal 1.2111851164698e-005 -0.99999999942829 3.15709119760284e-005
  outer loop
    vertex 8.08610142288764 11.5000000000274 51.6700647087984
    vertex 17.4663923904049 11.5002000000292 53.9836581325842
    vertex 6.80761184457595 11.5000000000271 52.7912699771594
  endloop
endfacet
facet normal 1.2111851164698e-005 -0.99999999942829 3.15709119760284e-005
  outer loop
    vertex 6.80761184457595 11.5000000000271 52.7912699771594
    vertex 17.4663923904049 11.5002000000292 53.9836581325842
    vertex 16.0000000001931 11.5001861571026 53.983658132584
  endloop
endfacet
facet normal 1.2111851164698e-005 -0.99999999942829 3.15709119760284e-005
  outer loop
    vertex 5.68640657621505 11.5000000000268 54.0697595554713
    vertex 6.80761184457595 11.5000000000271 52.7912699771594
    vertex 16.0000000001931 11.5001861571026 53.983658132584
  endloop
endfacet
facet normal -0.00834449134399434 -0.999956716986448 -0.00411504773910707
  outer loop
    vertex 3.98956607735453 11.500000000026 57.0087735118385
    vertex 4.74166975080354 11.5000000000264 55.4836581325847
    vertex 10.3435282783268 11.449782012306 56.3271851975091
  endloop
endfacet
facet normal -0.00850522931143114 -0.999948069958891 -0.00561413037329733
  outer loop
    vertex 9.65354463214255 11.451233630321 57.1139368768895
    vertex 3.98956607735453 11.500000000026 57.0087735118385
    vertex 10.3435282783268 11.449782012306 56.3271851975091
  endloop
endfacet
facet normal 2.0764389933751e-006 0.999999999997843 5.14630531850856e-008
  outer loop
    vertex 3.00000000000156 46.4999999999969 129.231108132607
    vertex 8.000000000193 46.4999930785611 61.983658132607
    vertex 3.00000000000156 46.5000000000246 61.9836581326069
  endloop
endfacet
facet normal 2.0764389933751e-006 0.999999999997843 5.14630531850856e-008
  outer loop
    vertex 8.000000000193 46.4999930785611 61.983658132607
    vertex 3.00000000000156 46.4999999999969 129.231108132607
    vertex 8.00000000019318 46.4999861570706 129.231108132607
  endloop
endfacet
facet normal -2.07643899337503e-006 -0.999999999997843 -5.14630541915105e-008
  outer loop
    vertex 8.00000000019318 11.4999861570706 129.231108132584
    vertex 3.00000000000156 11.5000000000247 61.9836581325847
    vertex 8.00000000019327 11.4999930785611 61.983658132584
  endloop
endfacet
facet normal -2.07643899337503e-006 -0.999999999997843 -5.14630541915105e-008
  outer loop
    vertex 3.00000000000156 11.5000000000247 61.9836581325847
    vertex 8.00000000019318 11.4999861570706 129.231108132584
    vertex 3.00000000000156 11.499999999997 129.231108132584
  endloop
endfacet
facet normal -3.87946326387342e-006 0.999999999987623 -3.11518197192297e-006
  outer loop
    vertex 14.302984445841 46.4999548579542 49.0948836786815
    vertex 16.000000000193 46.4999861571025 53.9836581326072
    vertex 16.0000000000016 46.5000000000332 48.983658132607
  endloop
endfacet
facet normal -3.87946326387342e-006 0.999999999987623 -3.11518197192297e-006
  outer loop
    vertex 16.000000000193 46.4999861571025 53.9836581326072
    vertex 14.302984445841 46.4999548579542 49.0948836786815
    vertex 12.6351773583689 46.4999548579541 49.4266311347833
  endloop
endfacet
facet normal -3.87946326387342e-006 0.999999999987623 -3.11518197192297e-006
  outer loop
    vertex 16.000000000193 46.4999861571025 53.9836581326072
    vertex 12.6351773583689 46.4999548579541 49.4266311347833
    vertex 11.0249403239556 46.499954857954 49.9732329538945
  endloop
endfacet
facet normal -3.87946326387342e-006 0.999999999987623 -3.11518197192297e-006
  outer loop
    vertex 16.000000000193 46.4999861571025 53.9836581326072
    vertex 11.0249403239556 46.499954857954 49.9732329538945
    vertex 9.4998249447017 46.4999548579538 50.7253366273436
  endloop
endfacet
facet normal -3.87946326387342e-006 0.999999999987623 -3.11518197192297e-006
  outer loop
    vertex 16.000000000193 46.4999861571025 53.9836581326072
    vertex 9.4998249447017 46.4999548579538 50.7253366273436
    vertex 8.08592636758845 46.4999548579535 51.6700734527553
  endloop
endfacet
facet normal -3.87946326387342e-006 0.999999999987623 -3.11518197192297e-006
  outer loop
    vertex 16.000000000193 46.4999861571025 53.9836581326072
    vertex 8.08592636758845 46.4999548579535 51.6700734527553
    vertex 6.80743678927666 46.4999548579532 52.7912787211163
  endloop
endfacet
facet normal -3.87946326387342e-006 0.999999999987623 -3.11518197192297e-006
  outer loop
    vertex 16.000000000193 46.4999861571025 53.9836581326072
    vertex 6.80743678927666 46.4999548579532 52.7912787211163
    vertex 5.68623152091577 46.4999548579529 54.0697682994281
  endloop
endfacet
facet normal 0.946900935392091 5.20708145934217e-005 0.321525451313287
  outer loop
    vertex 8.60763908816443 46.4624874097989 58.9215389266674
    vertex 8.2728009421465 11.4727253471615 59.9133126658221
    vertex 8.60924685177432 11.4628042863148 58.9224728873258
  endloop
endfacet
facet normal 0.946900935392091 5.20708145934217e-005 0.321525451313287
  outer loop
    vertex 8.2728009421465 11.4727253471615 59.9133126658221
    vertex 8.60763908816443 46.4624874097989 58.9215389266674
    vertex 8.27119359325684 46.472405957839 59.9123788712063
  endloop
endfacet
facet normal 0.00839097368235255 0.999956233423507 0.00413797029166705
  outer loop
    vertex 3.98939102205525 46.4999548579521 57.0087822557954
    vertex 10.3419194083033 46.4494730463347 56.326250457598
    vertex 4.74149469550426 46.4999548579525 55.4836668765415
  endloop
endfacet
facet normal 0.00855451141456206 0.999947386911206 0.00566071938086103
  outer loop
    vertex 9.65193610140287 46.450922010452 57.113002439505
    vertex 10.3419194083033 46.4494730463347 56.326250457598
    vertex 3.98939102205525 46.4999548579521 57.0087822557954
  endloop
endfacet
facet normal 0.321525822569555 4.01120630289417e-005 0.946900809911996
  outer loop
    vertex 12.9388156533 11.4629087796952 54.5929040875672
    vertex 13.9280453872849 46.4725626507459 54.2555221674881
    vertex 12.9372060100031 46.4626073373577 54.5919682471148
  endloop
endfacet
facet normal 0.321525822569555 4.01120630289417e-005 0.946900809911996
  outer loop
    vertex 13.9280453872849 46.4725626507459 54.2555221674881
    vertex 12.9388156533 11.4629087796952 54.5929040875672
    vertex 13.9296551921041 11.4728618743424 54.2564584181732
  endloop
endfacet
facet normal 0.896841945045254 5.30082986565719e-005 0.442351130661565
  outer loop
    vertex 9.07052663563807 46.4552850156831 57.9830609097454
    vertex 8.60924685177432 11.4628042863148 58.9224728873258
    vertex 9.0721347954574 11.4555992875257 57.983995085889
  endloop
endfacet
facet normal 0.896841945045254 5.30082986565719e-005 0.442351130661565
  outer loop
    vertex 8.60924685177432 11.4628042863148 58.9224728873258
    vertex 9.07052663563807 46.4552850156831 57.9830609097454
    vertex 8.60763908816443 46.4624874097989 58.9215389266674
  endloop
endfacet
facet normal 0.831445341552184 5.30392785378384e-005 0.555606552515363
  outer loop
    vertex 9.65193610140287 46.450922010452 57.113002439505
    vertex 9.0721347954574 11.4555992875257 57.983995085889
    vertex 9.65354463214255 11.451233630321 57.1139368768895
  endloop
endfacet
facet normal 0.831445341552184 5.30392785378384e-005 0.555606552515363
  outer loop
    vertex 9.0721347954574 11.4555992875257 57.983995085889
    vertex 9.65193610140287 46.450922010452 57.113002439505
    vertex 9.07052663563807 46.4552850156831 57.9830609097454
  endloop
endfacet
facet normal 0.195194443097586 3.52198200976088e-005 0.980764563054451
  outer loop
    vertex 13.9296551921041 11.4728618743424 54.2564584181732
    vertex 14.9542931902588 46.4850617278925 54.0512748558922
    vertex 13.9280453872849 46.4725626507459 54.2555221674881
  endloop
endfacet
facet normal 0.195194443097586 3.52198200976088e-005 0.980764563054451
  outer loop
    vertex 14.9542931902588 46.4850617278925 54.0512748558922
    vertex 13.9296551921041 11.4728618743424 54.2564584181732
    vertex 14.9559031031642 11.4853589429275 54.0522115270697
  endloop
endfacet
facet normal 0.751830077032292 5.21632285446201e-005 0.659356908319474
  outer loop
    vertex 10.3419194083033 46.4494730463347 56.326250457598
    vertex 9.65354463214255 11.451233630321 57.1139368768895
    vertex 10.3435282783268 11.449782012306 56.3271851975091
  endloop
endfacet
facet normal 0.751830077032292 5.21632285446201e-005 0.659356908319474
  outer loop
    vertex 9.65354463214255 11.451233630321 57.1139368768895
    vertex 10.3419194083033 46.4494730463347 56.326250457598
    vertex 9.65193610140287 46.450922010452 57.113002439505
  endloop
endfacet
facet normal 0.442351499227227 4.43176913890003e-005 0.896841763728344
  outer loop
    vertex 12.0003380259735 11.4556699591949 55.0557918565677
    vertex 12.9372060100031 46.4626073373577 54.5919682471148
    vertex 11.9987285948717 46.4553661259002 55.0548564090692
  endloop
endfacet
facet normal 0.442351499227227 4.43176913890003e-005 0.896841763728344
  outer loop
    vertex 12.9372060100031 46.4626073373577 54.5919682471148
    vertex 12.0003380259735 11.4556699591949 55.0557918565677
    vertex 12.9388156533 11.4629087796952 54.5929040875672
  endloop
endfacet
facet normal 1.0 6.14872876557169e-016 -5.87411921648427e-016
  outer loop
    vertex 8.00000000019327 11.4999930785611 61.983658132584
    vertex 8.00000000019318 11.5306161570702 129.783688132584
    vertex 8.00000000019318 11.4999861570706 129.231108132584
  endloop
endfacet
facet normal 1.0 6.14872876557169e-016 -5.87411921648427e-016
  outer loop
    vertex 8.00000000019318 11.5306161570702 129.783688132584
    vertex 8.00000000019327 11.4999930785611 61.983658132584
    vertex 8.00000000019318 13.4502000000132 104.609301975514
  endloop
endfacet
facet normal 1.0 6.14872876557169e-016 -5.87411921648427e-016
  outer loop
    vertex 8.00000000019318 13.4502000000132 104.609301975514
    vertex 8.00000000019327 11.4999930785611 61.983658132584
    vertex 8.00000000019318 15.0379200000132 101.859300975514
  endloop
endfacet
facet normal 1.0 6.14872876557169e-016 -5.87411921648427e-016
  outer loop
    vertex 8.00000000019318 15.0379200000132 101.859300975514
    vertex 8.00000000019327 11.4999930785611 61.983658132584
    vertex 8.000000000193 46.4999930785611 61.983658132607
  endloop
endfacet
facet normal 1.0 6.14872876557169e-016 -5.87411921648427e-016
  outer loop
    vertex 8.00000000019318 11.5306161570702 129.783688132584
    vertex 8.00000000019318 13.4502000000132 104.609301975514
    vertex 8.00000000019318 11.6221261570699 130.329498132584
  endloop
endfacet
facet normal 1.0 6.14872876557169e-016 -5.87411921648427e-016
  outer loop
    vertex 8.00000000019318 11.6221261570699 130.329498132584
    vertex 8.00000000019318 13.4502000000132 104.609301975514
    vertex 8.00000000019318 11.7733961570695 130.861848132584
  endloop
endfacet
facet normal 1.0 6.14872876557169e-016 -5.87411921648427e-016
  outer loop
    vertex 8.00000000019318 11.7733961570695 130.861848132584
    vertex 8.00000000019318 13.4502000000132 104.609301975514
    vertex 8.00000000019318 11.9825661570692 131.374218132584
  endloop
endfacet
facet normal 1.0 6.14872876557169e-016 -5.87411921648427e-016
  outer loop
    vertex 8.00000000019318 11.9825661570692 131.374218132584
    vertex 8.00000000019318 13.4502000000132 104.609301975514
    vertex 8.00000000019318 12.2470861570689 131.860338132585
  endloop
endfacet
facet normal 1.0 6.14872876557169e-016 -5.87411921648427e-016
  outer loop
    vertex 8.00000000019318 12.2470861570689 131.860338132585
    vertex 8.00000000019318 13.4502000000132 104.609301975514
    vertex 8.00000000019318 12.5637061570686 132.314248132585
  endloop
endfacet
facet normal 1.0 6.14872876557169e-016 -5.87411921648427e-016
  outer loop
    vertex 8.00000000019318 12.5637061570686 132.314248132585
    vertex 8.00000000019318 13.4502000000132 104.609301975514
    vertex 8.00000000019318 12.9285561570683 132.730378132585
  endloop
endfacet
facet normal 1.0 6.14872876557169e-016 -5.87411921648427e-016
  outer loop
    vertex 8.00000000019318 15.0379200000132 101.859300975514
    vertex 8.000000000193 46.4999930785611 61.983658132607
    vertex 8.00000000019318 18.2133400000132 101.859300975514
  endloop
endfacet
facet normal 1.0 6.14872876557169e-016 -5.87411921648427e-016
  outer loop
    vertex 8.00000000019318 18.2133400000132 101.859300975514
    vertex 8.000000000193 46.4999930785611 61.983658132607
    vertex 8.00000000019318 19.8010580000132 104.609301975514
  endloop
endfacet
facet normal 1.0 6.14872876557169e-016 -5.87411921648427e-016
  outer loop
    vertex 8.00000000019318 19.8010580000132 104.609301975514
    vertex 8.000000000193 46.4999930785611 61.983658132607
    vertex 8.00000000019318 22.5328291570804 114.304874132591
  endloop
endfacet
facet normal 1.0 6.14872876557169e-016 -5.87411921648427e-016
  outer loop
    vertex 8.00000000019318 19.8010580000132 104.609301975514
    vertex 8.00000000019318 22.5328291570804 114.304874132591
    vertex 8.00000000019318 22.30140415708 114.951665132591
  endloop
endfacet
facet normal 1.0 6.14872876557169e-016 -5.87411921648427e-016
  outer loop
    vertex 8.00000000019318 19.8010580000132 104.609301975514
    vertex 8.00000000019318 22.30140415708 114.951665132591
    vertex 8.00000000019318 22.1344891570795 115.618026132591
  endloop
endfacet
facet normal 1.0 6.14872876557169e-016 -5.87411921648427e-016
  outer loop
    vertex 8.00000000019318 19.8010580000132 104.609301975514
    vertex 8.00000000019318 22.1344891570795 115.618026132591
    vertex 8.00000000019327 19.801059999997 129.358041975516
  endloop
endfacet
facet normal 1.0 6.14872876557169e-016 -5.87411921648427e-016
  outer loop
    vertex 8.00000000019327 19.801059999997 129.358041975516
    vertex 8.00000000019318 22.1344891570795 115.618026132591
    vertex 8.00000000019318 22.0336931570791 116.297538132591
  endloop
endfacet
facet normal 1.0 6.14872876557169e-016 -5.87411921648427e-016
  outer loop
    vertex 8.00000000019327 19.801059999997 129.358041975516
    vertex 8.00000000019318 22.0336931570791 116.297538132591
    vertex 8.00000000019318 19.9999461570651 137.60522813259
  endloop
endfacet
facet normal 1.0 6.14872876557169e-016 -5.87411921648427e-016
  outer loop
    vertex 8.00000000019318 19.9999461570651 137.60522813259
    vertex 8.00000000019318 22.0336931570791 116.297538132591
    vertex 8.00000000019318 21.9999861570786 116.983658132591
  endloop
endfacet
facet normal 1.0 6.14872876557169e-016 -5.87411921648427e-016
  outer loop
    vertex 8.00000000019318 19.9999461570651 137.60522813259
    vertex 8.00000000019318 21.9999861570786 116.983658132591
    vertex 8.00000000019318 21.1444121570648 138.06777813259
  endloop
endfacet
facet normal 1.0 6.14872876557169e-016 -5.87411921648427e-016
  outer loop
    vertex 8.00000000019318 22.5328291570804 114.304874132591
    vertex 8.000000000193 46.4999930785611 61.983658132607
    vertex 8.00000000019318 22.8265371570808 113.683881132592
  endloop
endfacet
facet normal 1.0 6.14872876557169e-016 -5.87411921648427e-016
  outer loop
    vertex 8.00000000019318 22.8265371570808 113.683881132592
    vertex 8.000000000193 46.4999930785611 61.983658132607
    vertex 8.00000000019318 23.1796991570812 113.094666132592
  endloop
endfacet
facet normal 1.0 6.14872876557169e-016 -5.87411921648427e-016
  outer loop
    vertex 8.00000000019318 23.1796991570812 113.094666132592
    vertex 8.000000000193 46.4999930785611 61.983658132607
    vertex 8.00000000019318 23.5889131570816 112.542905132592
  endloop
endfacet
facet normal 1.0 6.14872876557169e-016 -5.87411921648427e-016
  outer loop
    vertex 8.00000000019318 23.5889131570816 112.542905132592
    vertex 8.000000000193 46.4999930785611 61.983658132607
    vertex 8.00000000019318 24.0502391570819 112.033911132592
  endloop
endfacet
facet normal 1.0 6.14872876557169e-016 -5.87411921648427e-016
  outer loop
    vertex 8.00000000019318 24.0502391570819 112.033911132592
    vertex 8.000000000193 46.4999930785611 61.983658132607
    vertex 8.00000000019318 24.5592331570822 111.572585132593
  endloop
endfacet
facet normal 1.0 6.14872876557169e-016 -5.87411921648427e-016
  outer loop
    vertex 8.00000000019318 24.5592331570822 111.572585132593
    vertex 8.000000000193 46.4999930785611 61.983658132607
    vertex 8.00000000019308 25.1109941570825 111.163371132593
  endloop
endfacet
facet normal 1.0 6.14872876557169e-016 -5.87411921648427e-016
  outer loop
    vertex 8.00000000019308 25.1109941570825 111.163371132593
    vertex 8.000000000193 46.4999930785611 61.983658132607
    vertex 8.00000000019308 25.7002091570827 110.810209132593
  endloop
endfacet
facet normal 1.0 6.14872876557169e-016 -5.87411921648427e-016
  outer loop
    vertex 8.00000000019308 25.7002091570827 110.810209132593
    vertex 8.000000000193 46.4999930785611 61.983658132607
    vertex 8.00000000019308 26.3212021570829 110.516501132594
  endloop
endfacet
facet normal 1.0 6.14872876557169e-016 -5.87411921648427e-016
  outer loop
    vertex 8.00000000019308 26.3212021570829 110.516501132594
    vertex 8.000000000193 46.4999930785611 61.983658132607
    vertex 8.00000000019308 26.967993157083 110.285076132594
  endloop
endfacet
facet normal 1.0 6.14872876557169e-016 -5.87411921648427e-016
  outer loop
    vertex 8.00000000019308 26.967993157083 110.285076132594
    vertex 8.000000000193 46.4999930785611 61.983658132607
    vertex 8.00000000019308 27.6343541570831 110.118161132595
  endloop
endfacet
facet normal 1.0 6.14872876557169e-016 -5.87411921648427e-016
  outer loop
    vertex 8.00000000019308 27.6343541570831 110.118161132595
    vertex 8.000000000193 46.4999930785611 61.983658132607
    vertex 8.00000000019308 28.3138661570832 110.017365132595
  endloop
endfacet
facet normal 1.0 6.14872876557169e-016 -5.87411921648427e-016
  outer loop
    vertex 8.00000000019308 28.3138661570832 110.017365132595
    vertex 8.000000000193 46.4999930785611 61.983658132607
    vertex 8.00000000019308 28.9999861570832 109.983658132596
  endloop
endfacet
facet normal 1.0 6.14872876557169e-016 -5.87411921648427e-016
  outer loop
    vertex 8.00000000019308 28.9999861570832 109.983658132596
    vertex 8.000000000193 46.4999930785611 61.983658132607
    vertex 8.00000000019308 29.6861061570832 110.017365132596
  endloop
endfacet
facet normal 1.0 6.14872876557169e-016 -5.87411921648427e-016
  outer loop
    vertex 8.00000000019308 29.6861061570832 110.017365132596
    vertex 8.000000000193 46.4999930785611 61.983658132607
    vertex 8.00000000019308 30.3656181570831 110.118161132597
  endloop
endfacet
facet normal 1.0 6.14872876557169e-016 -5.87411921648427e-016
  outer loop
    vertex 8.00000000019308 30.3656181570831 110.118161132597
    vertex 8.000000000193 46.4999930785611 61.983658132607
    vertex 8.00000000019308 31.031979157083 110.285076132597
  endloop
endfacet
facet normal 1.0 6.14872876557169e-016 -5.87411921648427e-016
  outer loop
    vertex 8.00000000019308 31.031979157083 110.285076132597
    vertex 8.000000000193 46.4999930785611 61.983658132607
    vertex 8.00000000019308 31.6787701570829 110.516501132597
  endloop
endfacet
facet normal 1.0 6.14872876557169e-016 -5.87411921648427e-016
  outer loop
    vertex 8.00000000019308 31.6787701570829 110.516501132597
    vertex 8.000000000193 46.4999930785611 61.983658132607
    vertex 8.00000000019308 32.2997631570827 110.810209132598
  endloop
endfacet
facet normal 1.0 6.14872876557169e-016 -5.87411921648427e-016
  outer loop
    vertex 8.00000000019308 32.2997631570827 110.810209132598
    vertex 8.000000000193 46.4999930785611 61.983658132607
    vertex 8.00000000019308 32.8889781570824 111.163371132598
  endloop
endfacet
facet normal 1.0 6.14872876557169e-016 -5.87411921648427e-016
  outer loop
    vertex 8.00000000019308 32.8889781570824 111.163371132598
    vertex 8.000000000193 46.4999930785611 61.983658132607
    vertex 8.00000000019308 33.4407391570822 111.572585132599
  endloop
endfacet
facet normal 1.0 6.14872876557169e-016 -5.87411921648427e-016
  outer loop
    vertex 8.00000000019308 33.4407391570822 111.572585132599
    vertex 8.000000000193 46.4999930785611 61.983658132607
    vertex 8.00000000019308 33.9497331570819 112.033911132599
  endloop
endfacet
facet normal 1.0 6.14872876557169e-016 -5.87411921648427e-016
  outer loop
    vertex 8.00000000019308 33.9497331570819 112.033911132599
    vertex 8.000000000193 46.4999930785611 61.983658132607
    vertex 8.00000000019308 34.4110591570815 112.542905132599
  endloop
endfacet
facet normal 1.0 6.14872876557169e-016 -5.87411921648427e-016
  outer loop
    vertex 8.00000000019308 34.4110591570815 112.542905132599
    vertex 8.000000000193 46.4999930785611 61.983658132607
    vertex 8.00000000019308 34.8202731570812 113.094666132599
  endloop
endfacet
facet normal 1.0 6.14872876557169e-016 -5.87411921648427e-016
  outer loop
    vertex 8.00000000019308 34.8202731570812 113.094666132599
    vertex 8.000000000193 46.4999930785611 61.983658132607
    vertex 8.00000000019308 35.1734351570808 113.6838811326
  endloop
endfacet
facet normal 1.0 6.14872876557169e-016 -5.87411921648427e-016
  outer loop
    vertex 8.00000000019308 35.1734351570808 113.6838811326
    vertex 8.000000000193 46.4999930785611 61.983658132607
    vertex 8.00000000019308 35.4671431570804 114.3048741326
  endloop
endfacet
facet normal 1.0 6.14872876557169e-016 -5.87411921648427e-016
  outer loop
    vertex 8.00000000019308 35.4671431570804 114.3048741326
    vertex 8.000000000193 46.4999930785611 61.983658132607
    vertex 8.00000000019308 35.69856815708 114.9516651326
  endloop
endfacet
facet normal 1.0 6.14872876557169e-016 -5.87411921648427e-016
  outer loop
    vertex 8.00000000019308 35.69856815708 114.9516651326
    vertex 8.000000000193 46.4999930785611 61.983658132607
    vertex 8.00000000019308 35.8654831570795 115.6180261326
  endloop
endfacet
facet normal 1.0 6.14872876557169e-016 -5.87411921648427e-016
  outer loop
    vertex 8.00000000019308 35.8654831570795 115.6180261326
    vertex 8.000000000193 46.4999930785611 61.983658132607
    vertex 8.00000000019308 38.1989400000133 104.609301975528
  endloop
endfacet
facet normal 1.0 6.14872876557169e-016 -5.87411921648427e-016
  outer loop
    vertex 8.00000000019308 35.8654831570795 115.6180261326
    vertex 8.00000000019308 38.1989400000133 104.609301975528
    vertex 8.00000000019308 35.9662791570791 116.2975381326
  endloop
endfacet
facet normal 1.0 6.14872876557169e-016 -5.87411921648427e-016
  outer loop
    vertex 8.00000000019308 35.9662791570791 116.2975381326
    vertex 8.00000000019308 38.1989400000133 104.609301975528
    vertex 8.00000000019308 35.9999861570786 116.9836581326
  endloop
endfacet
facet normal 1.0 6.14872876557169e-016 -5.87411921648427e-016
  outer loop
    vertex 8.00000000019308 35.9999861570786 116.9836581326
    vertex 8.00000000019308 38.1989400000133 104.609301975528
    vertex 8.00000000019318 36.8555601570648 138.067778132601
  endloop
endfacet
facet normal 1.0 6.14872876557169e-016 -5.87411921648427e-016
  outer loop
    vertex 8.00000000019318 36.8555601570648 138.067778132601
    vertex 8.00000000019308 38.1989400000133 104.609301975528
    vertex 8.00000000019318 38.0000261570651 137.605228132601
  endloop
endfacet
facet normal 1.0 6.14872876557169e-016 -5.87411921648427e-016
  outer loop
    vertex 8.00000000019308 38.1989400000133 104.609301975528
    vertex 8.000000000193 46.4999930785611 61.983658132607
    vertex 8.00000000019308 39.786660000015 101.859301975529
  endloop
endfacet
facet normal 1.0 6.14872876557169e-016 -5.87411921648427e-016
  outer loop
    vertex 8.00000000019308 39.786660000015 101.859301975529
    vertex 8.000000000193 46.4999930785611 61.983658132607
    vertex 8.00000000019308 42.9620800000151 101.859301975531
  endloop
endfacet
facet normal 1.0 6.14872876557169e-016 -5.87411921648427e-016
  outer loop
    vertex 8.00000000019308 42.9620800000151 101.859301975531
    vertex 8.000000000193 46.4999930785611 61.983658132607
    vertex 8.00000000019308 44.5497980000133 104.609301975532
  endloop
endfacet
facet normal 1.0 6.14872876557169e-016 -5.87411921648427e-016
  outer loop
    vertex 8.00000000019308 44.5497980000133 104.609301975532
    vertex 8.000000000193 46.4999930785611 61.983658132607
    vertex 8.00000000019318 44.5497999999969 129.35804197553
  endloop
endfacet
facet normal 1.0 6.14872876557169e-016 -5.87411921648427e-016
  outer loop
    vertex 8.00000000019318 44.5497999999969 129.35804197553
    vertex 8.000000000193 46.4999930785611 61.983658132607
    vertex 8.00000000019318 45.0714161570683 132.730378132606
  endloop
endfacet
facet normal 1.0 6.14872876557169e-016 -5.87411921648427e-016
  outer loop
    vertex 8.00000000019318 45.0714161570683 132.730378132606
    vertex 8.000000000193 46.4999930785611 61.983658132607
    vertex 8.00000000019318 45.4362661570686 132.314248132606
  endloop
endfacet
facet normal 1.0 6.14872876557169e-016 -5.87411921648427e-016
  outer loop
    vertex 8.00000000019318 45.4362661570686 132.314248132606
    vertex 8.000000000193 46.4999930785611 61.983658132607
    vertex 8.00000000019318 45.7528861570688 131.860338132607
  endloop
endfacet
facet normal 1.0 6.14872876557169e-016 -5.87411921648427e-016
  outer loop
    vertex 8.00000000019318 45.7528861570688 131.860338132607
    vertex 8.000000000193 46.4999930785611 61.983658132607
    vertex 8.00000000019318 46.0174061570692 131.374218132607
  endloop
endfacet
facet normal 1.0 6.14872876557169e-016 -5.87411921648427e-016
  outer loop
    vertex 8.00000000019318 46.0174061570692 131.374218132607
    vertex 8.000000000193 46.4999930785611 61.983658132607
    vertex 8.00000000019318 46.2265761570695 130.861848132607
  endloop
endfacet
facet normal 1.0 6.14872876557169e-016 -5.87411921648427e-016
  outer loop
    vertex 8.00000000019318 46.2265761570695 130.861848132607
    vertex 8.000000000193 46.4999930785611 61.983658132607
    vertex 8.00000000019318 46.3778461570698 130.329498132607
  endloop
endfacet
facet normal 1.0 6.14872876557169e-016 -5.87411921648427e-016
  outer loop
    vertex 8.00000000019318 46.3778461570698 130.329498132607
    vertex 8.000000000193 46.4999930785611 61.983658132607
    vertex 8.00000000019318 46.4693561570702 129.783688132607
  endloop
endfacet
facet normal 1.0 6.14872876557169e-016 -5.87411921648427e-016
  outer loop
    vertex 8.00000000019318 46.4693561570702 129.783688132607
    vertex 8.000000000193 46.4999930785611 61.983658132607
    vertex 8.00000000019318 46.4999861570706 129.231108132607
  endloop
endfacet
facet normal 1.0 6.14872876557169e-016 -5.87411921648427e-016
  outer loop
    vertex 8.00000000019318 38.0000261570651 137.605228132601
    vertex 8.00000000019318 38.1989419999969 129.35804197553
    vertex 8.00000000019318 39.1174061570654 137.080618132602
  endloop
endfacet
facet normal 1.0 6.14872876557169e-016 -5.87411921648427e-016
  outer loop
    vertex 8.00000000019318 38.1989419999969 129.35804197553
    vertex 8.00000000019318 38.0000261570651 137.605228132601
    vertex 8.00000000019308 38.1989400000133 104.609301975528
  endloop
endfacet
facet normal 1.0 6.14872876557169e-016 -5.87411921648427e-016
  outer loop
    vertex 8.00000000019318 39.1174061570654 137.080618132602
    vertex 8.00000000019318 38.1989419999969 129.35804197553
    vertex 8.00000000019318 39.7866599999971 132.10804297553
  endloop
endfacet
facet normal 1.0 6.14872876557169e-016 -5.87411921648427e-016
  outer loop
    vertex 8.00000000019318 39.1174061570654 137.080618132602
    vertex 8.00000000019318 39.7866599999971 132.10804297553
    vertex 8.00000000019318 40.2043261570658 136.495518132603
  endloop
endfacet
facet normal 1.0 6.14872876557169e-016 -5.87411921648427e-016
  outer loop
    vertex 8.00000000019318 40.2043261570658 136.495518132603
    vertex 8.00000000019318 39.7866599999971 132.10804297553
    vertex 8.00000000019318 42.9620799999971 132.10804297553
  endloop
endfacet
facet normal 1.0 6.14872876557169e-016 -5.87411921648427e-016
  outer loop
    vertex 8.00000000019318 40.2043261570658 136.495518132603
    vertex 8.00000000019318 42.9620799999971 132.10804297553
    vertex 8.00000000019318 41.2575261570662 135.851688132604
  endloop
endfacet
facet normal 1.0 6.14872876557169e-016 -5.87411921648427e-016
  outer loop
    vertex 8.00000000019318 41.2575261570662 135.851688132604
    vertex 8.00000000019318 42.9620799999971 132.10804297553
    vertex 8.00000000019318 42.2738361570667 135.151068132604
  endloop
endfacet
facet normal 1.0 6.14872876557169e-016 -5.87411921648427e-016
  outer loop
    vertex 8.00000000019318 42.2738361570667 135.151068132604
    vertex 8.00000000019318 42.9620799999971 132.10804297553
    vertex 8.00000000019318 43.2501861570672 134.395768132605
  endloop
endfacet
facet normal 1.0 6.14872876557169e-016 -5.87411921648427e-016
  outer loop
    vertex 8.00000000019318 43.2501861570672 134.395768132605
    vertex 8.00000000019318 42.9620799999971 132.10804297553
    vertex 8.00000000019318 44.5497999999969 129.35804197553
  endloop
endfacet
facet normal 1.0 6.14872876557169e-016 -5.87411921648427e-016
  outer loop
    vertex 8.00000000019318 43.2501861570672 134.395768132605
    vertex 8.00000000019318 44.5497999999969 129.35804197553
    vertex 8.00000000019318 44.1836561570677 133.588068132606
  endloop
endfacet
facet normal 1.0 6.14872876557169e-016 -5.87411921648427e-016
  outer loop
    vertex 8.00000000019318 44.1836561570677 133.588068132606
    vertex 8.00000000019318 44.5497999999969 129.35804197553
    vertex 8.00000000019318 45.0714161570683 132.730378132606
  endloop
endfacet
facet normal 1.0 6.14872876557169e-016 -5.87411921648427e-016
  outer loop
    vertex 8.00000000019308 39.7866600000115 107.359302975529
    vertex 8.00000000019318 38.1989419999969 129.35804197553
    vertex 8.00000000019308 38.1989400000133 104.609301975528
  endloop
endfacet
facet normal 1.0 6.14872876557169e-016 -5.87411921648427e-016
  outer loop
    vertex 8.00000000019318 38.1989419999969 129.35804197553
    vertex 8.00000000019308 39.7866600000115 107.359302975529
    vertex 8.00000000019308 39.7866599999969 126.60804197553
  endloop
endfacet
facet normal 1.0 6.14872876557169e-016 -5.87411921648427e-016
  outer loop
    vertex 8.00000000019308 39.7866599999969 126.60804197553
    vertex 8.00000000019308 39.7866600000115 107.359302975529
    vertex 8.00000000019308 42.9620799999968 126.60804197553
  endloop
endfacet
facet normal 1.0 6.14872876557169e-016 -5.87411921648427e-016
  outer loop
    vertex 8.00000000019308 42.9620799999968 126.60804197553
    vertex 8.00000000019308 39.7866600000115 107.359302975529
    vertex 8.00000000019308 42.9620800000115 107.359302975531
  endloop
endfacet
facet normal 1.0 6.14872876557169e-016 -5.87411921648427e-016
  outer loop
    vertex 8.00000000019308 42.9620799999968 126.60804197553
    vertex 8.00000000019308 42.9620800000115 107.359302975531
    vertex 8.00000000019318 44.5497999999969 129.35804197553
  endloop
endfacet
facet normal 1.0 6.14872876557169e-016 -5.87411921648427e-016
  outer loop
    vertex 8.00000000019318 44.5497999999969 129.35804197553
    vertex 8.00000000019308 42.9620800000115 107.359302975531
    vertex 8.00000000019308 44.5497980000133 104.609301975532
  endloop
endfacet
facet normal 1.0 6.14872876557169e-016 -5.87411921648427e-016
  outer loop
    vertex 8.00000000019318 21.9999861570786 116.983658132591
    vertex 8.00000000019318 22.3125211570645 138.466858132591
    vertex 8.00000000019318 21.1444121570648 138.06777813259
  endloop
endfacet
facet normal 1.0 6.14872876557169e-016 -5.87411921648427e-016
  outer loop
    vertex 8.00000000019318 22.3125211570645 138.466858132591
    vertex 8.00000000019318 21.9999861570786 116.983658132591
    vertex 8.00000000019318 22.0336931570782 117.669778132591
  endloop
endfacet
facet normal 1.0 6.14872876557169e-016 -5.87411921648427e-016
  outer loop
    vertex 8.00000000019318 22.3125211570645 138.466858132591
    vertex 8.00000000019318 22.0336931570782 117.669778132591
    vertex 8.00000000019318 22.1344891570777 118.349290132591
  endloop
endfacet
facet normal 1.0 6.14872876557169e-016 -5.87411921648427e-016
  outer loop
    vertex 8.00000000019318 22.3125211570645 138.466858132591
    vertex 8.00000000019318 22.1344891570777 118.349290132591
    vertex 8.00000000019318 22.3014041570773 119.015651132591
  endloop
endfacet
facet normal 1.0 6.14872876557169e-016 -5.87411921648427e-016
  outer loop
    vertex 8.00000000019318 22.3125211570645 138.466858132591
    vertex 8.00000000019318 22.3014041570773 119.015651132591
    vertex 8.00000000019318 22.5328291570769 119.662442132591
  endloop
endfacet
facet normal 1.0 6.14872876557169e-016 -5.87411921648427e-016
  outer loop
    vertex 8.00000000019318 22.3125211570645 138.466858132591
    vertex 8.00000000019318 22.5328291570769 119.662442132591
    vertex 8.00000000019318 23.5007591570643 138.801278132592
  endloop
endfacet
facet normal 1.0 6.14872876557169e-016 -5.87411921648427e-016
  outer loop
    vertex 8.00000000019318 23.5007591570643 138.801278132592
    vertex 8.00000000019318 22.5328291570769 119.662442132591
    vertex 8.00000000019318 22.8265371570765 120.283435132592
  endloop
endfacet
facet normal 1.0 6.14872876557169e-016 -5.87411921648427e-016
  outer loop
    vertex 8.00000000019318 23.5007591570643 138.801278132592
    vertex 8.00000000019318 22.8265371570765 120.283435132592
    vertex 8.00000000019318 23.1796991570761 120.872650132592
  endloop
endfacet
facet normal 1.0 6.14872876557169e-016 -5.87411921648427e-016
  outer loop
    vertex 8.00000000019318 23.5007591570643 138.801278132592
    vertex 8.00000000019318 23.1796991570761 120.872650132592
    vertex 8.00000000019318 23.5889131570757 121.424411132592
  endloop
endfacet
facet normal 1.0 6.14872876557169e-016 -5.87411921648427e-016
  outer loop
    vertex 8.00000000019318 23.5007591570643 138.801278132592
    vertex 8.00000000019318 23.5889131570757 121.424411132592
    vertex 8.00000000019318 24.7055501570641 139.070028132593
  endloop
endfacet
facet normal 1.0 6.14872876557169e-016 -5.87411921648427e-016
  outer loop
    vertex 8.00000000019318 24.7055501570641 139.070028132593
    vertex 8.00000000019318 23.5889131570757 121.424411132592
    vertex 8.00000000019318 24.0502391570754 121.933405132592
  endloop
endfacet
facet normal 1.0 6.14872876557169e-016 -5.87411921648427e-016
  outer loop
    vertex 8.00000000019318 24.7055501570641 139.070028132593
    vertex 8.00000000019318 24.0502391570754 121.933405132592
    vertex 8.00000000019318 24.5592331570751 122.394731132593
  endloop
endfacet
facet normal 1.0 6.14872876557169e-016 -5.87411921648427e-016
  outer loop
    vertex 8.00000000019318 24.7055501570641 139.070028132593
    vertex 8.00000000019318 24.5592331570751 122.394731132593
    vertex 8.00000000019308 25.1109941570748 122.803945132593
  endloop
endfacet
facet normal 1.0 6.14872876557169e-016 -5.87411921648427e-016
  outer loop
    vertex 8.00000000019318 24.7055501570641 139.070028132593
    vertex 8.00000000019308 25.1109941570748 122.803945132593
    vertex 8.00000000019318 25.923265157064 139.272308132594
  endloop
endfacet
facet normal 1.0 6.14872876557169e-016 -5.87411921648427e-016
  outer loop
    vertex 8.00000000019318 25.923265157064 139.272308132594
    vertex 8.00000000019308 25.1109941570748 122.803945132593
    vertex 8.00000000019308 25.7002091570746 123.157107132593
  endloop
endfacet
facet normal 1.0 6.14872876557169e-016 -5.87411921648427e-016
  outer loop
    vertex 8.00000000019318 25.923265157064 139.272308132594
    vertex 8.00000000019308 25.7002091570746 123.157107132593
    vertex 8.00000000019308 26.3212021570744 123.450815132594
  endloop
endfacet
facet normal 1.0 6.14872876557169e-016 -5.87411921648427e-016
  outer loop
    vertex 8.00000000019318 25.923265157064 139.272308132594
    vertex 8.00000000019308 26.3212021570744 123.450815132594
    vertex 8.00000000019318 27.1502421570639 139.407498132594
  endloop
endfacet
facet normal 1.0 6.14872876557169e-016 -5.87411921648427e-016
  outer loop
    vertex 8.00000000019318 27.1502421570639 139.407498132594
    vertex 8.00000000019308 26.3212021570744 123.450815132594
    vertex 8.00000000019308 26.9679931570742 123.682240132594
  endloop
endfacet
facet normal 1.0 6.14872876557169e-016 -5.87411921648427e-016
  outer loop
    vertex 8.00000000019318 27.1502421570639 139.407498132594
    vertex 8.00000000019308 26.9679931570742 123.682240132594
    vertex 8.00000000019308 27.6343541570741 123.849155132595
  endloop
endfacet
facet normal 1.0 6.14872876557169e-016 -5.87411921648427e-016
  outer loop
    vertex 8.00000000019318 27.1502421570639 139.407498132594
    vertex 8.00000000019308 27.6343541570741 123.849155132595
    vertex 8.00000000019318 28.3827854570639 139.475188132595
  endloop
endfacet
facet normal 1.0 6.14872876557169e-016 -5.87411921648427e-016
  outer loop
    vertex 8.00000000019318 28.3827854570639 139.475188132595
    vertex 8.00000000019308 27.6343541570741 123.849155132595
    vertex 8.00000000019308 28.313866157074 123.949951132595
  endloop
endfacet
facet normal 1.0 6.14872876557169e-016 -5.87411921648427e-016
  outer loop
    vertex 8.00000000019318 28.3827854570639 139.475188132595
    vertex 8.00000000019308 28.313866157074 123.949951132595
    vertex 8.00000000019308 28.999986157074 123.983658132596
  endloop
endfacet
facet normal 1.0 6.14872876557169e-016 -5.87411921648427e-016
  outer loop
    vertex 8.00000000019318 28.3827854570639 139.475188132595
    vertex 8.00000000019308 28.999986157074 123.983658132596
    vertex 8.00000000019318 29.6171868570639 139.475188132596
  endloop
endfacet
facet normal 1.0 6.14872876557169e-016 -5.87411921648427e-016
  outer loop
    vertex 8.00000000019318 29.6171868570639 139.475188132596
    vertex 8.00000000019308 28.999986157074 123.983658132596
    vertex 8.00000000019308 29.686106157074 123.949951132596
  endloop
endfacet
facet normal 1.0 6.14872876557169e-016 -5.87411921648427e-016
  outer loop
    vertex 8.00000000019318 29.6171868570639 139.475188132596
    vertex 8.00000000019308 29.686106157074 123.949951132596
    vertex 8.00000000019318 30.8497301570639 139.407498132597
  endloop
endfacet
facet normal 1.0 6.14872876557169e-016 -5.87411921648427e-016
  outer loop
    vertex 8.00000000019318 30.8497301570639 139.407498132597
    vertex 8.00000000019308 29.686106157074 123.949951132596
    vertex 8.00000000019308 30.3656181570741 123.849155132596
  endloop
endfacet
facet normal 1.0 6.14872876557169e-016 -5.87411921648427e-016
  outer loop
    vertex 8.00000000019318 30.8497301570639 139.407498132597
    vertex 8.00000000019308 30.3656181570741 123.849155132596
    vertex 8.00000000019308 31.0319791570742 123.682240132597
  endloop
endfacet
facet normal 1.0 6.14872876557169e-016 -5.87411921648427e-016
  outer loop
    vertex 8.00000000019318 30.8497301570639 139.407498132597
    vertex 8.00000000019308 31.0319791570742 123.682240132597
    vertex 8.00000000019318 32.076707157064 139.272308132598
  endloop
endfacet
facet normal 1.0 6.14872876557169e-016 -5.87411921648427e-016
  outer loop
    vertex 8.00000000019318 32.076707157064 139.272308132598
    vertex 8.00000000019308 31.0319791570742 123.682240132597
    vertex 8.00000000019308 31.6787701570744 123.450815132597
  endloop
endfacet
facet normal 1.0 6.14872876557169e-016 -5.87411921648427e-016
  outer loop
    vertex 8.00000000019318 32.076707157064 139.272308132598
    vertex 8.00000000019308 31.6787701570744 123.450815132597
    vertex 8.00000000019308 32.2997631570746 123.157107132598
  endloop
endfacet
facet normal 1.0 6.14872876557169e-016 -5.87411921648427e-016
  outer loop
    vertex 8.00000000019318 32.076707157064 139.272308132598
    vertex 8.00000000019308 32.2997631570746 123.157107132598
    vertex 8.00000000019318 33.2944221570641 139.070028132598
  endloop
endfacet
facet normal 1.0 6.14872876557169e-016 -5.87411921648427e-016
  outer loop
    vertex 8.00000000019318 33.2944221570641 139.070028132598
    vertex 8.00000000019308 32.2997631570746 123.157107132598
    vertex 8.00000000019308 32.8889781570748 122.803945132598
  endloop
endfacet
facet normal 1.0 6.14872876557169e-016 -5.87411921648427e-016
  outer loop
    vertex 8.00000000019318 33.2944221570641 139.070028132598
    vertex 8.00000000019308 32.8889781570748 122.803945132598
    vertex 8.00000000019308 33.4407391570751 122.394731132598
  endloop
endfacet
facet normal 1.0 6.14872876557169e-016 -5.87411921648427e-016
  outer loop
    vertex 8.00000000019318 33.2944221570641 139.070028132598
    vertex 8.00000000019308 33.4407391570751 122.394731132598
    vertex 8.00000000019318 34.4992131570643 138.801278132599
  endloop
endfacet
facet normal 1.0 6.14872876557169e-016 -5.87411921648427e-016
  outer loop
    vertex 8.00000000019318 34.4992131570643 138.801278132599
    vertex 8.00000000019308 33.4407391570751 122.394731132598
    vertex 8.00000000019308 33.9497331570754 121.933405132599
  endloop
endfacet
facet normal 1.0 6.14872876557169e-016 -5.87411921648427e-016
  outer loop
    vertex 8.00000000019318 34.4992131570643 138.801278132599
    vertex 8.00000000019308 33.9497331570754 121.933405132599
    vertex 8.00000000019308 34.4110591570757 121.424411132599
  endloop
endfacet
facet normal 1.0 6.14872876557169e-016 -5.87411921648427e-016
  outer loop
    vertex 8.00000000019318 34.4992131570643 138.801278132599
    vertex 8.00000000019308 34.4110591570757 121.424411132599
    vertex 8.00000000019308 34.8202731570761 120.872650132599
  endloop
endfacet
facet normal 1.0 6.14872876557169e-016 -5.87411921648427e-016
  outer loop
    vertex 8.00000000019318 34.4992131570643 138.801278132599
    vertex 8.00000000019308 34.8202731570761 120.872650132599
    vertex 8.00000000019318 35.6874511570645 138.4668581326
  endloop
endfacet
facet normal 1.0 6.14872876557169e-016 -5.87411921648427e-016
  outer loop
    vertex 8.00000000019318 35.6874511570645 138.4668581326
    vertex 8.00000000019308 34.8202731570761 120.872650132599
    vertex 8.00000000019308 35.1734351570764 120.2834351326
  endloop
endfacet
facet normal 1.0 6.14872876557169e-016 -5.87411921648427e-016
  outer loop
    vertex 8.00000000019318 35.6874511570645 138.4668581326
    vertex 8.00000000019308 35.1734351570764 120.2834351326
    vertex 8.00000000019308 35.4671431570769 119.6624421326
  endloop
endfacet
facet normal 1.0 6.14872876557169e-016 -5.87411921648427e-016
  outer loop
    vertex 8.00000000019318 35.6874511570645 138.4668581326
    vertex 8.00000000019308 35.4671431570769 119.6624421326
    vertex 8.00000000019308 35.6985681570773 119.0156511326
  endloop
endfacet
facet normal 1.0 6.14872876557169e-016 -5.87411921648427e-016
  outer loop
    vertex 8.00000000019318 35.6874511570645 138.4668581326
    vertex 8.00000000019308 35.6985681570773 119.0156511326
    vertex 8.00000000019318 36.8555601570648 138.067778132601
  endloop
endfacet
facet normal 1.0 6.14872876557169e-016 -5.87411921648427e-016
  outer loop
    vertex 8.00000000019318 36.8555601570648 138.067778132601
    vertex 8.00000000019308 35.6985681570773 119.0156511326
    vertex 8.00000000019308 35.8654831570777 118.3492901326
  endloop
endfacet
facet normal 1.0 6.14872876557169e-016 -5.87411921648427e-016
  outer loop
    vertex 8.00000000019318 36.8555601570648 138.067778132601
    vertex 8.00000000019308 35.8654831570777 118.3492901326
    vertex 8.00000000019308 35.9662791570782 117.6697781326
  endloop
endfacet
facet normal 1.0 6.14872876557169e-016 -5.87411921648427e-016
  outer loop
    vertex 8.00000000019318 36.8555601570648 138.067778132601
    vertex 8.00000000019308 35.9662791570782 117.6697781326
    vertex 8.00000000019308 35.9999861570786 116.9836581326
  endloop
endfacet
facet normal 1.0 6.14872876557169e-016 -5.87411921648427e-016
  outer loop
    vertex 8.00000000019318 12.9285561570683 132.730378132585
    vertex 8.00000000019327 13.450201999997 129.358041975512
    vertex 8.00000000019318 13.8163161570677 133.588068132586
  endloop
endfacet
facet normal 1.0 6.14872876557169e-016 -5.87411921648427e-016
  outer loop
    vertex 8.00000000019327 13.450201999997 129.358041975512
    vertex 8.00000000019318 12.9285561570683 132.730378132585
    vertex 8.00000000019318 13.4502000000132 104.609301975514
  endloop
endfacet
facet normal 1.0 6.14872876557169e-016 -5.87411921648427e-016
  outer loop
    vertex 8.00000000019318 13.8163161570677 133.588068132586
    vertex 8.00000000019327 13.450201999997 129.358041975512
    vertex 8.00000000019327 15.0379199999952 132.108041975513
  endloop
endfacet
facet normal 1.0 6.14872876557169e-016 -5.87411921648427e-016
  outer loop
    vertex 8.00000000019318 13.8163161570677 133.588068132586
    vertex 8.00000000019327 15.0379199999952 132.108041975513
    vertex 8.00000000019318 14.7497861570672 134.395768132586
  endloop
endfacet
facet normal 1.0 6.14872876557169e-016 -5.87411921648427e-016
  outer loop
    vertex 8.00000000019318 14.7497861570672 134.395768132586
    vertex 8.00000000019327 15.0379199999952 132.108041975513
    vertex 8.00000000019318 15.7261361570667 135.151068132587
  endloop
endfacet
facet normal 1.0 6.14872876557169e-016 -5.87411921648427e-016
  outer loop
    vertex 8.00000000019318 15.7261361570667 135.151068132587
    vertex 8.00000000019327 15.0379199999952 132.108041975513
    vertex 8.00000000019327 18.2133399999952 132.108041975515
  endloop
endfacet
facet normal 1.0 6.14872876557169e-016 -5.87411921648427e-016
  outer loop
    vertex 8.00000000019318 15.7261361570667 135.151068132587
    vertex 8.00000000019327 18.2133399999952 132.108041975515
    vertex 8.00000000019318 16.7424461570663 135.851688132588
  endloop
endfacet
facet normal 1.0 6.14872876557169e-016 -5.87411921648427e-016
  outer loop
    vertex 8.00000000019318 16.7424461570663 135.851688132588
    vertex 8.00000000019327 18.2133399999952 132.108041975515
    vertex 8.00000000019318 17.7956461570658 136.495518132588
  endloop
endfacet
facet normal 1.0 6.14872876557169e-016 -5.87411921648427e-016
  outer loop
    vertex 8.00000000019318 17.7956461570658 136.495518132588
    vertex 8.00000000019327 18.2133399999952 132.108041975515
    vertex 8.00000000019318 18.8825661570654 137.080618132589
  endloop
endfacet
facet normal 1.0 6.14872876557169e-016 -5.87411921648427e-016
  outer loop
    vertex 8.00000000019318 18.8825661570654 137.080618132589
    vertex 8.00000000019327 18.2133399999952 132.108041975515
    vertex 8.00000000019327 19.801059999997 129.358041975516
  endloop
endfacet
facet normal 1.0 6.14872876557169e-016 -5.87411921648427e-016
  outer loop
    vertex 8.00000000019318 18.8825661570654 137.080618132589
    vertex 8.00000000019327 19.801059999997 129.358041975516
    vertex 8.00000000019318 19.9999461570651 137.60522813259
  endloop
endfacet
facet normal 1.0 6.14872876557169e-016 -5.87411921648427e-016
  outer loop
    vertex 8.00000000019318 15.0379200000133 107.359301975514
    vertex 8.00000000019327 13.450201999997 129.358041975512
    vertex 8.00000000019318 13.4502000000132 104.609301975514
  endloop
endfacet
facet normal 1.0 6.14872876557169e-016 -5.87411921648427e-016
  outer loop
    vertex 8.00000000019327 13.450201999997 129.358041975512
    vertex 8.00000000019318 15.0379200000133 107.359301975514
    vertex 8.00000000019318 15.0379199999988 126.608040975513
  endloop
endfacet
facet normal 1.0 6.14872876557169e-016 -5.87411921648427e-016
  outer loop
    vertex 8.00000000019318 15.0379199999988 126.608040975513
    vertex 8.00000000019318 15.0379200000133 107.359301975514
    vertex 8.00000000019318 18.2133399999988 126.608040975515
  endloop
endfacet
facet normal 1.0 6.14872876557169e-016 -5.87411921648427e-016
  outer loop
    vertex 8.00000000019318 18.2133399999988 126.608040975515
    vertex 8.00000000019318 15.0379200000133 107.359301975514
    vertex 8.00000000019318 18.2133400000133 107.359301975514
  endloop
endfacet
facet normal 1.0 6.14872876557169e-016 -5.87411921648427e-016
  outer loop
    vertex 8.00000000019318 18.2133399999988 126.608040975515
    vertex 8.00000000019318 18.2133400000133 107.359301975514
    vertex 8.00000000019327 19.801059999997 129.358041975516
  endloop
endfacet
facet normal 1.0 6.14872876557169e-016 -5.87411921648427e-016
  outer loop
    vertex 8.00000000019327 19.801059999997 129.358041975516
    vertex 8.00000000019318 18.2133400000133 107.359301975514
    vertex 8.00000000019318 19.8010580000132 104.609301975514
  endloop
endfacet
facet normal -0.991444861373806 -0.130526192220084 5.29408327010525e-014
  outer loop
    vertex 101.470646512111 -16.7564800051817 53.983688442063
    vertex 101.542202276904 -17.2999999998961 51.9836581325607
    vertex 101.542202276904 -17.299999999897 53.9836884420628
  endloop
endfacet
facet normal -0.991444861373806 -0.130526192220084 5.29408327010525e-014
  outer loop
    vertex 101.542202276904 -17.2999999998961 51.9836581325607
    vertex 101.470646512111 -16.7564800051817 53.983688442063
    vertex 101.470646512111 -16.7564800051808 51.983658132561
  endloop
endfacet
facet normal -0.923879532511313 -0.382683432365027 -6.84539493801937e-014
  outer loop
    vertex 101.260855624852 -16.249999999897 53.9836884420633
    vertex 101.470646512111 -16.7564800051808 51.983658132561
    vertex 101.470646512111 -16.7564800051817 53.983688442063
  endloop
endfacet
facet normal -0.923879532511313 -0.382683432365027 -6.84539493801937e-014
  outer loop
    vertex 101.470646512111 -16.7564800051808 51.983658132561
    vertex 101.260855624852 -16.249999999897 53.9836884420633
    vertex 101.260855624851 -16.2499999998961 51.9836581325612
  endloop
endfacet
facet normal -0.793353340291219 -0.608761429008742 -2.03073512645859e-013
  outer loop
    vertex 100.927126517396 -15.8150757594053 53.9836884420635
    vertex 101.260855624851 -16.2499999998961 51.9836581325612
    vertex 101.260855624852 -16.249999999897 53.9836884420633
  endloop
endfacet
facet normal -0.793353340291219 -0.608761429008742 -2.03073512645859e-013
  outer loop
    vertex 101.260855624851 -16.2499999998961 51.9836581325612
    vertex 100.927126517396 -15.8150757594053 53.9836884420635
    vertex 100.927126517396 -15.8150757594044 51.9836581325614
  endloop
endfacet
facet normal -0.608761429008717 -0.793353340291238 -2.89281834919293e-013
  outer loop
    vertex 100.927126517396 -15.8150757594053 53.9836884420635
    vertex 100.492202276904 -15.4813466519488 51.9836581325616
    vertex 100.927126517396 -15.8150757594044 51.9836581325614
  endloop
endfacet
facet normal -0.608761429008717 -0.793353340291238 -2.89281834919293e-013
  outer loop
    vertex 100.492202276904 -15.4813466519488 51.9836581325616
    vertex 100.927126517396 -15.8150757594053 53.9836884420635
    vertex 100.492202276904 -15.4813466519497 53.9836884420637
  endloop
endfacet
facet normal -0.382683432365147 -0.923879532511263 -3.7367713787039e-013
  outer loop
    vertex 100.492202276904 -15.4813466519497 53.9836884420637
    vertex 99.9857222716193 -15.2715557646891 51.9836581325618
    vertex 100.492202276904 -15.4813466519488 51.9836581325616
  endloop
endfacet
facet normal -0.382683432365147 -0.923879532511263 -3.7367713787039e-013
  outer loop
    vertex 99.9857222716193 -15.2715557646891 51.9836581325618
    vertex 100.492202276904 -15.4813466519497 53.9836884420637
    vertex 99.9857222716195 -15.27155576469 53.9836884420639
  endloop
endfacet
facet normal -0.130526192220038 -0.991444861373812 -4.35550532463023e-013
  outer loop
    vertex 99.9857222716195 -15.27155576469 53.9836884420639
    vertex 99.442202276904 -15.1999999998961 51.9836581325619
    vertex 99.9857222716193 -15.2715557646891 51.9836581325618
  endloop
endfacet
facet normal -0.130526192220038 -0.991444861373812 -4.35550532463023e-013
  outer loop
    vertex 99.442202276904 -15.1999999998961 51.9836581325619
    vertex 99.9857222716195 -15.27155576469 53.9836884420639
    vertex 99.4422022769042 -15.199999999897 53.983688442064
  endloop
endfacet
facet normal 0.130526192220019 -0.991444861373815 -4.59106289868917e-013
  outer loop
    vertex 99.4422022769042 -15.199999999897 53.983688442064
    vertex 98.8986822821888 -15.271555764689 51.9836581325619
    vertex 99.442202276904 -15.1999999998961 51.9836581325619
  endloop
endfacet
facet normal 0.130526192220019 -0.991444861373815 -4.59106289868917e-013
  outer loop
    vertex 98.8986822821888 -15.271555764689 51.9836581325619
    vertex 99.4422022769042 -15.199999999897 53.983688442064
    vertex 98.8986822821889 -15.2715557646899 53.983688442064
  endloop
endfacet
facet normal 0.382683432365083 -0.92387953251129 -4.51379919950992e-013
  outer loop
    vertex 98.8986822821888 -15.271555764689 51.9836581325619
    vertex 98.3922022769042 -15.4813466519497 53.9836884420639
    vertex 98.3922022769041 -15.4813466519488 51.9836581325619
  endloop
endfacet
facet normal 0.382683432365083 -0.92387953251129 -4.51379919950992e-013
  outer loop
    vertex 98.3922022769042 -15.4813466519497 53.9836884420639
    vertex 98.8986822821888 -15.271555764689 51.9836581325619
    vertex 98.8986822821889 -15.2715557646899 53.983688442064
  endloop
endfacet
facet normal 0.608761429008677 -0.793353340291268 -4.12884665519091e-013
  outer loop
    vertex 98.3922022769041 -15.4813466519488 51.9836581325619
    vertex 97.9572780364125 -15.8150757594052 53.9836884420638
    vertex 97.9572780364123 -15.8150757594043 51.9836581325618
  endloop
endfacet
facet normal 0.608761429008677 -0.793353340291268 -4.12884665519091e-013
  outer loop
    vertex 97.9572780364125 -15.8150757594052 53.9836884420638
    vertex 98.3922022769041 -15.4813466519488 51.9836581325619
    vertex 98.3922022769042 -15.4813466519497 53.9836884420639
  endloop
endfacet
facet normal 0.793353340291198 -0.608761429008769 -3.46257635676288e-013
  outer loop
    vertex 97.6235489289567 -16.249999999896 51.9836581325616
    vertex 97.9572780364125 -15.8150757594052 53.9836884420638
    vertex 97.6235489289569 -16.249999999897 53.9836884420637
  endloop
endfacet
facet normal 0.793353340291198 -0.608761429008769 -3.46257635676288e-013
  outer loop
    vertex 97.9572780364125 -15.8150757594052 53.9836884420638
    vertex 97.6235489289567 -16.249999999896 51.9836581325616
    vertex 97.9572780364123 -15.8150757594043 51.9836581325618
  endloop
endfacet
facet normal 0.923879532511284 -0.382683432365098 -2.56034398669635e-013
  outer loop
    vertex 97.413758041697 -16.7564800051807 51.9836581325614
    vertex 97.6235489289569 -16.249999999897 53.9836884420637
    vertex 97.4137580416971 -16.7564800051816 53.9836884420635
  endloop
endfacet
facet normal 0.923879532511284 -0.382683432365098 -2.56034398669635e-013
  outer loop
    vertex 97.6235489289569 -16.249999999897 53.9836884420637
    vertex 97.413758041697 -16.7564800051807 51.9836581325614
    vertex 97.6235489289567 -16.249999999896 51.9836581325616
  endloop
endfacet
facet normal 0.991444861373817 -0.130526192220003 -1.48357316685719e-013
  outer loop
    vertex 97.342202276904 -17.299999999896 51.9836581325612
    vertex 97.4137580416971 -16.7564800051816 53.9836884420635
    vertex 97.3422022769042 -17.2999999998969 53.9836884420632
  endloop
endfacet
facet normal 0.991444861373817 -0.130526192220003 -1.48357316685719e-013
  outer loop
    vertex 97.4137580416971 -16.7564800051816 53.9836884420635
    vertex 97.342202276904 -17.299999999896 51.9836581325612
    vertex 97.413758041697 -16.7564800051807 51.9836581325614
  endloop
endfacet
facet normal 0.991444861373816 0.130526192220008 -3.05739783778279e-014
  outer loop
    vertex 97.413758041697 -17.8435199946113 51.9836581325609
    vertex 97.3422022769042 -17.2999999998969 53.9836884420632
    vertex 97.4137580416971 -17.8435199946122 53.983688442063
  endloop
endfacet
facet normal 0.991444861373816 0.130526192220008 -3.05739783778279e-014
  outer loop
    vertex 97.3422022769042 -17.2999999998969 53.9836884420632
    vertex 97.413758041697 -17.8435199946113 51.9836581325609
    vertex 97.342202276904 -17.299999999896 51.9836581325612
  endloop
endfacet
facet normal 0.92387953251129 0.382683432365083 8.92904812388765e-014
  outer loop
    vertex 97.6235489289567 -18.349999999896 51.9836581325606
    vertex 97.4137580416971 -17.8435199946122 53.983688442063
    vertex 97.6235489289569 -18.3499999998969 53.9836884420627
  endloop
endfacet
facet normal 0.92387953251129 0.382683432365083 8.92904812388765e-014
  outer loop
    vertex 97.4137580416971 -17.8435199946122 53.983688442063
    vertex 97.6235489289567 -18.349999999896 51.9836581325606
    vertex 97.413758041697 -17.8435199946113 51.9836581325609
  endloop
endfacet
facet normal 0.793353340291293 0.608761429008645 2.03078835219517e-013
  outer loop
    vertex 97.9572780364122 -18.7849242403878 51.9836581325604
    vertex 97.6235489289569 -18.3499999998969 53.9836884420627
    vertex 97.9572780364124 -18.7849242403887 53.9836884420625
  endloop
endfacet
facet normal 0.793353340291293 0.608761429008645 2.03078835219517e-013
  outer loop
    vertex 97.6235489289569 -18.3499999998969 53.9836884420627
    vertex 97.9572780364122 -18.7849242403878 51.9836581325604
    vertex 97.6235489289567 -18.349999999896 51.9836581325606
  endloop
endfacet
facet normal 0.608761429008703 0.793353340291248 3.03021011591275e-013
  outer loop
    vertex 97.9572780364122 -18.7849242403878 51.9836581325604
    vertex 98.3922022769041 -19.1186533478443 53.9836884420623
    vertex 98.392202276904 -19.1186533478434 51.9836581325602
  endloop
endfacet
facet normal 0.608761429008703 0.793353340291248 3.03021011591275e-013
  outer loop
    vertex 98.3922022769041 -19.1186533478443 53.9836884420623
    vertex 97.9572780364122 -18.7849242403878 51.9836581325604
    vertex 97.9572780364124 -18.7849242403887 53.9836884420625
  endloop
endfacet
facet normal 0.382683432365112 0.923879532511278 3.7368786856011e-013
  outer loop
    vertex 98.392202276904 -19.1186533478434 51.9836581325602
    vertex 98.8986822821889 -19.328444235104 53.9836884420621
    vertex 98.8986822821886 -19.3284442351031 51.9836581325601
  endloop
endfacet
facet normal 0.382683432365112 0.923879532511278 3.7368786856011e-013
  outer loop
    vertex 98.8986822821889 -19.328444235104 53.9836884420621
    vertex 98.392202276904 -19.1186533478434 51.9836581325602
    vertex 98.3922022769041 -19.1186533478443 53.9836884420623
  endloop
endfacet
facet normal 0.130526192220089 0.991444861373806 4.32605081974631e-013
  outer loop
    vertex 98.8986822821886 -19.3284442351031 51.9836581325601
    vertex 99.4422022769041 -19.399999999897 53.9836884420621
    vertex 99.4422022769039 -19.3999999998961 51.98365813256
  endloop
endfacet
facet normal 0.130526192220089 0.991444861373806 4.32605081974631e-013
  outer loop
    vertex 99.4422022769041 -19.399999999897 53.9836884420621
    vertex 98.8986822821886 -19.3284442351031 51.9836581325601
    vertex 98.8986822821889 -19.328444235104 53.9836884420621
  endloop
endfacet
facet normal -0.130526192220038 0.991444861373812 4.59106289868917e-013
  outer loop
    vertex 99.4422022769039 -19.3999999998961 51.98365813256
    vertex 99.9857222716194 -19.328444235104 53.983688442062
    vertex 99.9857222716192 -19.3284442351031 51.98365813256
  endloop
endfacet
facet normal -0.130526192220038 0.991444861373812 4.59106289868917e-013
  outer loop
    vertex 99.9857222716194 -19.328444235104 53.983688442062
    vertex 99.4422022769039 -19.3999999998961 51.98365813256
    vertex 99.4422022769041 -19.399999999897 53.9836884420621
  endloop
endfacet
facet normal -0.382683432365048 0.923879532511304 4.51379919950996e-013
  outer loop
    vertex 99.9857222716194 -19.328444235104 53.983688442062
    vertex 100.492202276904 -19.1186533478434 51.98365813256
    vertex 99.9857222716192 -19.3284442351031 51.98365813256
  endloop
endfacet
facet normal -0.382683432365048 0.923879532511304 4.51379919950996e-013
  outer loop
    vertex 100.492202276904 -19.1186533478434 51.98365813256
    vertex 99.9857222716194 -19.328444235104 53.983688442062
    vertex 100.492202276904 -19.1186533478443 53.9836884420621
  endloop
endfacet
facet normal -0.608761429008717 0.793353340291238 4.26622228251662e-013
  outer loop
    vertex 100.492202276904 -19.1186533478443 53.9836884420621
    vertex 100.927126517396 -18.7849242403878 51.9836581325601
    vertex 100.492202276904 -19.1186533478434 51.98365813256
  endloop
endfacet
facet normal -0.608761429008717 0.793353340291238 4.26622228251662e-013
  outer loop
    vertex 100.927126517396 -18.7849242403878 51.9836581325601
    vertex 100.492202276904 -19.1186533478443 53.9836884420621
    vertex 100.927126517396 -18.7849242403887 53.9836884420622
  endloop
endfacet
facet normal -0.793353340291243 0.60876142900871 3.64153839477263e-013
  outer loop
    vertex 101.260855624851 -18.349999999897 53.9836884420623
    vertex 100.927126517396 -18.7849242403878 51.9836581325601
    vertex 100.927126517396 -18.7849242403887 53.9836884420622
  endloop
endfacet
facet normal -0.793353340291243 0.60876142900871 3.64153839477263e-013
  outer loop
    vertex 100.927126517396 -18.7849242403878 51.9836581325601
    vertex 101.260855624851 -18.349999999897 53.9836884420623
    vertex 101.260855624851 -18.3499999998961 51.9836581325603
  endloop
endfacet
facet normal -0.923879532511284 0.382683432365098 2.56034398669635e-013
  outer loop
    vertex 101.470646512111 -17.8435199946123 53.9836884420625
    vertex 101.260855624851 -18.3499999998961 51.9836581325603
    vertex 101.260855624851 -18.349999999897 53.9836884420623
  endloop
endfacet
facet normal -0.923879532511284 0.382683432365098 2.56034398669635e-013
  outer loop
    vertex 101.260855624851 -18.3499999998961 51.9836581325603
    vertex 101.470646512111 -17.8435199946123 53.9836884420625
    vertex 101.470646512111 -17.8435199946114 51.9836581325605
  endloop
endfacet
facet normal -0.991444861373795 0.13052619222017 1.48358342579148e-013
  outer loop
    vertex 101.542202276904 -17.299999999897 53.9836884420628
    vertex 101.470646512111 -17.8435199946114 51.9836581325605
    vertex 101.470646512111 -17.8435199946123 53.9836884420625
  endloop
endfacet
facet normal -0.991444861373795 0.13052619222017 1.48358342579148e-013
  outer loop
    vertex 101.470646512111 -17.8435199946114 51.9836581325605
    vertex 101.542202276904 -17.299999999897 53.9836884420628
    vertex 101.542202276904 -17.2999999998961 51.9836581325607
  endloop
endfacet
facet normal -1.05827046507308e-013 4.51194637207663e-013 -1.0
  outer loop
    vertex 95.9781006617662 -15.2999999998961 51.9836581325622
    vertex 97.6235489289567 -16.249999999896 51.9836581325616
    vertex 95.9781006617662 -19.2999999998961 51.9836581325604
  endloop
endfacet
facet normal -1.05827046507308e-013 4.51194637207663e-013 -1.0
  outer loop
    vertex 97.6235489289567 -16.249999999896 51.9836581325616
    vertex 95.9781006617662 -15.2999999998961 51.9836581325622
    vertex 99.442202276904 -13.2999999998961 51.9836581325627
  endloop
endfacet
facet normal -1.05827046507308e-013 4.51194637207663e-013 -1.0
  outer loop
    vertex 95.9781006617662 -19.2999999998961 51.9836581325604
    vertex 97.6235489289567 -16.249999999896 51.9836581325616
    vertex 97.413758041697 -16.7564800051807 51.9836581325614
  endloop
endfacet
facet normal -1.05827046507308e-013 4.51194637207663e-013 -1.0
  outer loop
    vertex 95.9781006617662 -19.2999999998961 51.9836581325604
    vertex 97.413758041697 -16.7564800051807 51.9836581325614
    vertex 97.342202276904 -17.299999999896 51.9836581325612
  endloop
endfacet
facet normal -1.05827046507308e-013 4.51194637207663e-013 -1.0
  outer loop
    vertex 97.6235489289567 -16.249999999896 51.9836581325616
    vertex 99.442202276904 -13.2999999998961 51.9836581325627
    vertex 97.9572780364123 -15.8150757594043 51.9836581325618
  endloop
endfacet
facet normal -1.05827046507308e-013 4.51194637207663e-013 -1.0
  outer loop
    vertex 97.9572780364123 -15.8150757594043 51.9836581325618
    vertex 99.442202276904 -13.2999999998961 51.9836581325627
    vertex 98.3922022769041 -15.4813466519488 51.9836581325619
  endloop
endfacet
facet normal -1.05827046507308e-013 4.51194637207663e-013 -1.0
  outer loop
    vertex 98.3922022769041 -15.4813466519488 51.9836581325619
    vertex 99.442202276904 -13.2999999998961 51.9836581325627
    vertex 98.8986822821888 -15.271555764689 51.9836581325619
  endloop
endfacet
facet normal -1.05827046507308e-013 4.51194637207663e-013 -1.0
  outer loop
    vertex 98.8986822821888 -15.271555764689 51.9836581325619
    vertex 99.442202276904 -13.2999999998961 51.9836581325627
    vertex 99.442202276904 -15.1999999998961 51.9836581325619
  endloop
endfacet
facet normal -1.05827046507308e-013 4.51194637207663e-013 -1.0
  outer loop
    vertex 99.442202276904 -15.1999999998961 51.9836581325619
    vertex 99.442202276904 -13.2999999998961 51.9836581325627
    vertex 102.906303892042 -15.2999999998961 51.9836581325615
  endloop
endfacet
facet normal -1.05827046507308e-013 4.51194637207663e-013 -1.0
  outer loop
    vertex 99.442202276904 -15.1999999998961 51.9836581325619
    vertex 102.906303892042 -15.2999999998961 51.9836581325615
    vertex 99.9857222716193 -15.2715557646891 51.9836581325618
  endloop
endfacet
facet normal -1.05827046507308e-013 4.51194637207663e-013 -1.0
  outer loop
    vertex 99.9857222716193 -15.2715557646891 51.9836581325618
    vertex 102.906303892042 -15.2999999998961 51.9836581325615
    vertex 100.492202276904 -15.4813466519488 51.9836581325616
  endloop
endfacet
facet normal -1.05827046507308e-013 4.51194637207663e-013 -1.0
  outer loop
    vertex 100.492202276904 -15.4813466519488 51.9836581325616
    vertex 102.906303892042 -15.2999999998961 51.9836581325615
    vertex 100.927126517396 -15.8150757594044 51.9836581325614
  endloop
endfacet
facet normal -1.05827046507308e-013 4.51194637207663e-013 -1.0
  outer loop
    vertex 100.927126517396 -15.8150757594044 51.9836581325614
    vertex 102.906303892042 -15.2999999998961 51.9836581325615
    vertex 101.260855624851 -16.2499999998961 51.9836581325612
  endloop
endfacet
facet normal -1.05827046507308e-013 4.51194637207663e-013 -1.0
  outer loop
    vertex 101.260855624851 -16.2499999998961 51.9836581325612
    vertex 102.906303892042 -15.2999999998961 51.9836581325615
    vertex 101.470646512111 -16.7564800051808 51.983658132561
  endloop
endfacet
facet normal -1.05827046507308e-013 4.51194637207663e-013 -1.0
  outer loop
    vertex 101.470646512111 -16.7564800051808 51.983658132561
    vertex 102.906303892042 -15.2999999998961 51.9836581325615
    vertex 101.542202276904 -17.2999999998961 51.9836581325607
  endloop
endfacet
facet normal -1.05827046507308e-013 4.51194637207663e-013 -1.0
  outer loop
    vertex 95.9781006617662 -19.2999999998961 51.9836581325604
    vertex 97.6235489289567 -18.349999999896 51.9836581325606
    vertex 99.442202276904 -21.2999999998961 51.9836581325591
  endloop
endfacet
facet normal -1.05827046507308e-013 4.51194637207663e-013 -1.0
  outer loop
    vertex 97.6235489289567 -18.349999999896 51.9836581325606
    vertex 95.9781006617662 -19.2999999998961 51.9836581325604
    vertex 97.413758041697 -17.8435199946113 51.9836581325609
  endloop
endfacet
facet normal -1.05827046507308e-013 4.51194637207663e-013 -1.0
  outer loop
    vertex 97.413758041697 -17.8435199946113 51.9836581325609
    vertex 95.9781006617662 -19.2999999998961 51.9836581325604
    vertex 97.342202276904 -17.299999999896 51.9836581325612
  endloop
endfacet
facet normal -1.05827046507308e-013 4.51194637207663e-013 -1.0
  outer loop
    vertex 99.442202276904 -21.2999999998961 51.9836581325591
    vertex 97.6235489289567 -18.349999999896 51.9836581325606
    vertex 97.9572780364122 -18.7849242403878 51.9836581325604
  endloop
endfacet
facet normal -1.05827046507308e-013 4.51194637207663e-013 -1.0
  outer loop
    vertex 99.442202276904 -21.2999999998961 51.9836581325591
    vertex 97.9572780364122 -18.7849242403878 51.9836581325604
    vertex 98.392202276904 -19.1186533478434 51.9836581325602
  endloop
endfacet
facet normal -1.05827046507308e-013 4.51194637207663e-013 -1.0
  outer loop
    vertex 99.442202276904 -21.2999999998961 51.9836581325591
    vertex 98.392202276904 -19.1186533478434 51.9836581325602
    vertex 98.8986822821886 -19.3284442351031 51.9836581325601
  endloop
endfacet
facet normal -1.05827046507308e-013 4.51194637207663e-013 -1.0
  outer loop
    vertex 99.442202276904 -21.2999999998961 51.9836581325591
    vertex 98.8986822821886 -19.3284442351031 51.9836581325601
    vertex 99.4422022769039 -19.3999999998961 51.98365813256
  endloop
endfacet
facet normal -1.05827046507308e-013 4.51194637207663e-013 -1.0
  outer loop
    vertex 99.442202276904 -21.2999999998961 51.9836581325591
    vertex 99.4422022769039 -19.3999999998961 51.98365813256
    vertex 99.9857222716192 -19.3284442351031 51.98365813256
  endloop
endfacet
facet normal -1.05827046507308e-013 4.51194637207663e-013 -1.0
  outer loop
    vertex 99.442202276904 -21.2999999998961 51.9836581325591
    vertex 99.9857222716192 -19.3284442351031 51.98365813256
    vertex 102.906303892042 -19.2999999998961 51.9836581325597
  endloop
endfacet
facet normal -1.05827046507308e-013 4.51194637207663e-013 -1.0
  outer loop
    vertex 102.906303892042 -19.2999999998961 51.9836581325597
    vertex 99.9857222716192 -19.3284442351031 51.98365813256
    vertex 100.492202276904 -19.1186533478434 51.98365813256
  endloop
endfacet
facet normal -1.05827046507308e-013 4.51194637207663e-013 -1.0
  outer loop
    vertex 102.906303892042 -19.2999999998961 51.9836581325597
    vertex 100.492202276904 -19.1186533478434 51.98365813256
    vertex 100.927126517396 -18.7849242403878 51.9836581325601
  endloop
endfacet
facet normal -1.05827046507308e-013 4.51194637207663e-013 -1.0
  outer loop
    vertex 102.906303892042 -19.2999999998961 51.9836581325597
    vertex 100.927126517396 -18.7849242403878 51.9836581325601
    vertex 101.260855624851 -18.3499999998961 51.9836581325603
  endloop
endfacet
facet normal -1.05827046507308e-013 4.51194637207663e-013 -1.0
  outer loop
    vertex 102.906303892042 -19.2999999998961 51.9836581325597
    vertex 101.260855624851 -18.3499999998961 51.9836581325603
    vertex 101.470646512111 -17.8435199946114 51.9836581325605
  endloop
endfacet
facet normal -1.05827046507308e-013 4.51194637207663e-013 -1.0
  outer loop
    vertex 102.906303892042 -19.2999999998961 51.9836581325597
    vertex 101.470646512111 -17.8435199946114 51.9836581325605
    vertex 101.542202276904 -17.2999999998961 51.9836581325607
  endloop
endfacet
facet normal -1.05827046507308e-013 4.51194637207663e-013 -1.0
  outer loop
    vertex 102.906303892042 -19.2999999998961 51.9836581325597
    vertex 101.542202276904 -17.2999999998961 51.9836581325607
    vertex 102.906303892042 -15.2999999998961 51.9836581325615
  endloop
endfacet
facet normal -0.500000000000004 -0.866025403784436 -3.30567708345543e-013
  outer loop
    vertex 102.906303892042 -15.2999999998961 51.9836581325615
    vertex 99.4422022769036 -13.2999999998947 48.9836581325723
    vertex 102.906303892041 -15.2999999998947 48.983658132571
  endloop
endfacet
facet normal -0.500000000000004 -0.866025403784436 -3.30567708345543e-013
  outer loop
    vertex 99.4422022769036 -13.2999999998947 48.9836581325723
    vertex 102.906303892042 -15.2999999998961 51.9836581325615
    vertex 99.442202276904 -13.2999999998961 51.9836581325627
  endloop
endfacet
facet normal -1.0 -5.42866958948492e-026 1.20318569922428e-013
  outer loop
    vertex 102.906303892042 -15.2999999998961 51.9836581325615
    vertex 102.906303892041 -19.2999999998947 48.9836581325692
    vertex 102.906303892042 -19.2999999998961 51.9836581325597
  endloop
endfacet
facet normal -1.0 -5.42866958948492e-026 1.20318569922428e-013
  outer loop
    vertex 102.906303892041 -19.2999999998947 48.9836581325692
    vertex 102.906303892042 -15.2999999998961 51.9836581325615
    vertex 102.906303892041 -15.2999999998947 48.983658132571
  endloop
endfacet
facet normal -0.5 0.866025403784438 4.50912017099172e-013
  outer loop
    vertex 99.442202276904 -21.2999999998961 51.9836581325591
    vertex 102.906303892041 -19.2999999998947 48.9836581325692
    vertex 99.4422022769036 -21.2999999998947 48.9836581325687
  endloop
endfacet
facet normal -0.5 0.866025403784438 4.50912017099172e-013
  outer loop
    vertex 102.906303892041 -19.2999999998947 48.9836581325692
    vertex 99.442202276904 -21.2999999998961 51.9836581325591
    vertex 102.906303892042 -19.2999999998961 51.9836581325597
  endloop
endfacet
facet normal 0.499999999999997 0.86602540378444 3.38098041134693e-013
  outer loop
    vertex 95.9781006617659 -19.2999999998947 48.98365813257
    vertex 99.442202276904 -21.2999999998961 51.9836581325591
    vertex 99.4422022769036 -21.2999999998947 48.9836581325687
  endloop
endfacet
facet normal 0.499999999999997 0.86602540378444 3.38098041134693e-013
  outer loop
    vertex 99.442202276904 -21.2999999998961 51.9836581325591
    vertex 95.9781006617659 -19.2999999998947 48.98365813257
    vertex 95.9781006617662 -19.2999999998961 51.9836581325604
  endloop
endfacet
facet normal 1.0 4.07150219211369e-026 -9.02389274418208e-014
  outer loop
    vertex 95.9781006617659 -19.2999999998947 48.98365813257
    vertex 95.9781006617662 -15.2999999998961 51.9836581325622
    vertex 95.9781006617662 -19.2999999998961 51.9836581325604
  endloop
endfacet
facet normal 1.0 4.07150219211369e-026 -9.02389274418208e-014
  outer loop
    vertex 95.9781006617662 -15.2999999998961 51.9836581325622
    vertex 95.9781006617659 -19.2999999998947 48.98365813257
    vertex 95.9781006617659 -15.2999999998947 48.9836581325718
  endloop
endfacet
facet normal 0.500000000000001 -0.866025403784438 -4.43381684310019e-013
  outer loop
    vertex 99.4422022769036 -13.2999999998947 48.9836581325723
    vertex 95.9781006617662 -15.2999999998961 51.9836581325622
    vertex 95.9781006617659 -15.2999999998947 48.9836581325718
  endloop
endfacet
facet normal 0.500000000000001 -0.866025403784438 -4.43381684310019e-013
  outer loop
    vertex 95.9781006617662 -15.2999999998961 51.9836581325622
    vertex 99.4422022769036 -13.2999999998947 48.9836581325723
    vertex 99.442202276904 -13.2999999998961 51.9836581325627
  endloop
endfacet
facet normal 9.09202868422796e-014 -4.02028321184712e-013 1.0
  outer loop
    vertex 97.3422022769042 -17.2999999998969 53.9836884420632
    vertex 97.690979373976 13.6692016530527 53.9836581325827
    vertex 97.2946133347358 13.5346535129638 53.9836581325827
  endloop
endfacet
facet normal 9.09202868422796e-014 -4.02028321184712e-013 1.0
  outer loop
    vertex 97.690979373976 13.6692016530527 53.9836581325827
    vertex 97.3422022769042 -17.2999999998969 53.9836884420632
    vertex 97.4137580416971 -16.7564800051816 53.9836884420635
  endloop
endfacet
facet normal 9.09202868422796e-014 -4.02028321184712e-013 1.0
  outer loop
    vertex 97.690979373976 13.6692016530527 53.9836581325827
    vertex 97.4137580416971 -16.7564800051816 53.9836884420635
    vertex 97.6235489289569 -16.249999999897 53.9836884420637
  endloop
endfacet
facet normal 9.09202868422796e-014 -4.02028321184712e-013 1.0
  outer loop
    vertex 97.690979373976 13.6692016530527 53.9836581325827
    vertex 97.6235489289569 -16.249999999897 53.9836884420637
    vertex 97.9572780364125 -15.8150757594052 53.9836884420638
  endloop
endfacet
facet normal 9.09202868422796e-014 -4.02028321184712e-013 1.0
  outer loop
    vertex 97.690979373976 13.6692016530527 53.9836581325827
    vertex 97.9572780364125 -15.8150757594052 53.9836884420638
    vertex 98.0663923904077 13.8543348649786 53.9836581325827
  endloop
endfacet
facet normal 9.09202868422796e-014 -4.02028321184712e-013 1.0
  outer loop
    vertex 98.0663923904077 13.8543348649786 53.9836581325827
    vertex 97.9572780364125 -15.8150757594052 53.9836884420638
    vertex 98.3922022769042 -15.4813466519497 53.9836884420639
  endloop
endfacet
facet normal 9.09202868422796e-014 -4.02028321184712e-013 1.0
  outer loop
    vertex 98.0663923904077 13.8543348649786 53.9836581325827
    vertex 98.3922022769042 -15.4813466519497 53.9836884420639
    vertex 98.4144289632356 14.0868854681569 53.9836581325828
  endloop
endfacet
facet normal 9.09202868422796e-014 -4.02028321184712e-013 1.0
  outer loop
    vertex 98.4144289632356 14.0868854681569 53.9836581325828
    vertex 98.3922022769042 -15.4813466519497 53.9836884420639
    vertex 98.8986822821889 -15.2715557646899 53.983688442064
  endloop
endfacet
facet normal 9.09202868422796e-014 -4.02028321184712e-013 1.0
  outer loop
    vertex 98.4144289632356 14.0868854681569 53.9836581325828
    vertex 98.8986822821889 -15.2715557646899 53.983688442064
    vertex 98.7291340902047 14.3628744572919 53.9836581325829
  endloop
endfacet
facet normal 9.09202868422796e-014 -4.02028321184712e-013 1.0
  outer loop
    vertex 98.7291340902047 14.3628744572919 53.9836581325829
    vertex 98.8986822821889 -15.2715557646899 53.983688442064
    vertex 99.0051230793396 14.6775795842609 53.983658132583
  endloop
endfacet
facet normal 9.09202868422796e-014 -4.02028321184712e-013 1.0
  outer loop
    vertex 99.0051230793396 14.6775795842609 53.983658132583
    vertex 98.8986822821889 -15.2715557646899 53.983688442064
    vertex 99.4422022769042 -15.199999999897 53.983688442064
  endloop
endfacet
facet normal 9.09202868422796e-014 -4.02028321184712e-013 1.0
  outer loop
    vertex 99.0051230793396 14.6775795842609 53.983658132583
    vertex 99.4422022769042 -15.199999999897 53.983688442064
    vertex 99.2376736825179 15.0256161570888 53.9836581325831
  endloop
endfacet
facet normal 9.09202868422796e-014 -4.02028321184712e-013 1.0
  outer loop
    vertex 99.2376736825179 15.0256161570888 53.9836581325831
    vertex 99.4422022769042 -15.199999999897 53.983688442064
    vertex 99.4228068944438 15.4010291735205 53.9836581325833
  endloop
endfacet
facet normal 9.09202868422796e-014 -4.02028321184712e-013 1.0
  outer loop
    vertex 99.4228068944438 15.4010291735205 53.9836581325833
    vertex 99.4422022769042 -15.199999999897 53.983688442064
    vertex 99.5573550345327 15.7973952127608 53.9836581325834
  endloop
endfacet
facet normal 9.09202868422796e-014 -4.02028321184712e-013 1.0
  outer loop
    vertex 99.5573550345327 15.7973952127608 53.9836581325834
    vertex 99.4422022769042 -15.199999999897 53.983688442064
    vertex 99.9857222716195 -15.27155576469 53.9836884420639
  endloop
endfacet
facet normal 9.09202868422796e-014 -4.02028321184712e-013 1.0
  outer loop
    vertex 99.5573550345327 15.7973952127608 53.9836581325834
    vertex 99.9857222716195 -15.27155576469 53.9836884420639
    vertex 99.6390159468039 16.2079323419847 53.9836581325836
  endloop
endfacet
facet normal 9.09202868422796e-014 -4.02028321184712e-013 1.0
  outer loop
    vertex 99.6390159468039 16.2079323419847 53.9836581325836
    vertex 99.9857222716195 -15.27155576469 53.9836884420639
    vertex 99.6663923904077 16.6256161570888 53.9836581325838
  endloop
endfacet
facet normal 9.09202868422796e-014 -4.02028321184712e-013 1.0
  outer loop
    vertex 19.466392390405 -23.9999999999707 53.9836581325833
    vertex 22.4379481552008 -17.8435199946114 53.9836581325674
    vertex 22.3663923904079 -17.2999999998961 53.9836581325677
  endloop
endfacet
facet normal 9.09202868422796e-014 -4.02028321184712e-013 1.0
  outer loop
    vertex 22.4379481552008 -17.8435199946114 53.9836581325674
    vertex 19.466392390405 -23.9999999999707 53.9836581325833
    vertex 22.6477390424607 -18.3499999998961 53.9836581325671
  endloop
endfacet
facet normal 9.09202868422796e-014 -4.02028321184712e-013 1.0
  outer loop
    vertex 22.6477390424607 -18.3499999998961 53.9836581325671
    vertex 19.466392390405 -23.9999999999707 53.9836581325833
    vertex 22.9814681499163 -18.7849242403879 53.9836581325669
  endloop
endfacet
facet normal 9.09202868422796e-014 -4.02028321184712e-013 1.0
  outer loop
    vertex 22.9814681499163 -18.7849242403879 53.9836581325669
    vertex 19.466392390405 -23.9999999999707 53.9836581325833
    vertex 23.4163923904079 -19.1186533478434 53.9836581325666
  endloop
endfacet
facet normal 9.09202868422796e-014 -4.02028321184712e-013 1.0
  outer loop
    vertex 23.4163923904079 -19.1186533478434 53.9836581325666
    vertex 19.466392390405 -23.9999999999707 53.9836581325833
    vertex 23.9228723956927 -19.3284442351032 53.9836581325665
  endloop
endfacet
facet normal 9.09202868422796e-014 -4.02028321184712e-013 1.0
  outer loop
    vertex 23.9228723956927 -19.3284442351032 53.9836581325665
    vertex 19.466392390405 -23.9999999999707 53.9836581325833
    vertex 24.466392390408 -19.3999999998961 53.9836581325664
  endloop
endfacet
facet normal 9.09202868422796e-014 -4.02028321184712e-013 1.0
  outer loop
    vertex 24.466392390408 -19.3999999998961 53.9836581325664
    vertex 19.466392390405 -23.9999999999707 53.9836581325833
    vertex 104.466392390408 -23.9999999999712 53.9836581325626
  endloop
endfacet
facet normal 9.09202868422796e-014 -4.02028321184712e-013 1.0
  outer loop
    vertex 24.466392390408 -19.3999999998961 53.9836581325664
    vertex 104.466392390408 -23.9999999999712 53.9836581325626
    vertex 25.0099123851232 -19.3284442351032 53.9836581325664
  endloop
endfacet
facet normal 9.09202868422796e-014 -4.02028321184712e-013 1.0
  outer loop
    vertex 25.0099123851232 -19.3284442351032 53.9836581325664
    vertex 104.466392390408 -23.9999999999712 53.9836581325626
    vertex 25.5163923904079 -19.1186533478435 53.9836581325664
  endloop
endfacet
facet normal 9.09202868422796e-014 -4.02028321184712e-013 1.0
  outer loop
    vertex 25.5163923904079 -19.1186533478435 53.9836581325664
    vertex 104.466392390408 -23.9999999999712 53.9836581325626
    vertex 25.9513166308997 -18.7849242403879 53.9836581325666
  endloop
endfacet
facet normal 9.09202868422796e-014 -4.02028321184712e-013 1.0
  outer loop
    vertex 25.9513166308997 -18.7849242403879 53.9836581325666
    vertex 104.466392390408 -23.9999999999712 53.9836581325626
    vertex 26.2850457383553 -18.3499999998961 53.9836581325668
  endloop
endfacet
facet normal 9.09202868422796e-014 -4.02028321184712e-013 1.0
  outer loop
    vertex 26.2850457383553 -18.3499999998961 53.9836581325668
    vertex 104.466392390408 -23.9999999999712 53.9836581325626
    vertex 26.4948366256149 -17.8435199946114 53.9836581325671
  endloop
endfacet
facet normal 9.09202868422796e-014 -4.02028321184712e-013 1.0
  outer loop
    vertex 26.4948366256149 -17.8435199946114 53.9836581325671
    vertex 104.466392390408 -23.9999999999712 53.9836581325626
    vertex 26.5663923904079 -17.2999999998962 53.9836581325673
  endloop
endfacet
facet normal 9.09202868422796e-014 -4.02028321184712e-013 1.0
  outer loop
    vertex 26.5663923904079 -17.2999999998962 53.9836581325673
    vertex 104.466392390408 -23.9999999999712 53.9836581325626
    vertex 35.8663923904049 13.8543348649786 53.9836581325831
  endloop
endfacet
facet normal 9.09202868422796e-014 -4.02028321184712e-013 1.0
  outer loop
    vertex 26.5663923904079 -17.2999999998962 53.9836581325673
    vertex 35.8663923904049 13.8543348649786 53.9836581325831
    vertex 35.518355817577 14.0868854681569 53.9836581325833
  endloop
endfacet
facet normal 9.09202868422796e-014 -4.02028321184712e-013 1.0
  outer loop
    vertex 26.5663923904079 -17.2999999998962 53.9836581325673
    vertex 35.518355817577 14.0868854681569 53.9836581325833
    vertex 35.203650690608 14.3628744572919 53.9836581325834
  endloop
endfacet
facet normal 9.09202868422796e-014 -4.02028321184712e-013 1.0
  outer loop
    vertex 26.5663923904079 -17.2999999998962 53.9836581325673
    vertex 35.203650690608 14.3628744572919 53.9836581325834
    vertex 34.927661701473 14.6775795842609 53.9836581325836
  endloop
endfacet
facet normal 9.09202868422796e-014 -4.02028321184712e-013 1.0
  outer loop
    vertex 26.5663923904079 -17.2999999998962 53.9836581325673
    vertex 34.927661701473 14.6775795842609 53.9836581325836
    vertex 34.6951110982948 15.0256161570888 53.9836581325838
  endloop
endfacet
facet normal 9.09202868422796e-014 -4.02028321184712e-013 1.0
  outer loop
    vertex 26.5663923904079 -17.2999999998962 53.9836581325673
    vertex 34.6951110982948 15.0256161570888 53.9836581325838
    vertex 34.5099778863688 15.4010291735205 53.983658132584
  endloop
endfacet
facet normal 9.09202868422796e-014 -4.02028321184712e-013 1.0
  outer loop
    vertex 26.5663923904079 -17.2999999998962 53.9836581325673
    vertex 34.5099778863688 15.4010291735205 53.983658132584
    vertex 34.3754297462799 15.7973952127608 53.9836581325842
  endloop
endfacet
facet normal 9.09202868422796e-014 -4.02028321184712e-013 1.0
  outer loop
    vertex 26.5663923904079 -17.2999999998962 53.9836581325673
    vertex 34.3754297462799 15.7973952127608 53.9836581325842
    vertex 34.2937688340088 16.2079323419846 53.9836581325844
  endloop
endfacet
facet normal 9.09202868422796e-014 -4.02028321184712e-013 1.0
  outer loop
    vertex 26.5663923904079 -17.2999999998962 53.9836581325673
    vertex 34.2937688340088 16.2079323419846 53.9836581325844
    vertex 26.566392390408 57.7000000001038 53.9836581326082
  endloop
endfacet
facet normal 9.09202868422796e-014 -4.02028321184712e-013 1.0
  outer loop
    vertex 26.566392390408 57.7000000001038 53.9836581326082
    vertex 34.2937688340088 16.2079323419846 53.9836581325844
    vertex 34.2663923904049 16.6256161570888 53.9836581325845
  endloop
endfacet
facet normal 9.09202868422796e-014 -4.02028321184712e-013 1.0
  outer loop
    vertex 35.8663923904049 13.8543348649786 53.9836581325831
    vertex 104.466392390408 -23.9999999999712 53.9836581325626
    vertex 36.2418054068367 13.6692016530527 53.983658132583
  endloop
endfacet
facet normal 9.09202868422796e-014 -4.02028321184712e-013 1.0
  outer loop
    vertex 36.2418054068367 13.6692016530527 53.983658132583
    vertex 104.466392390408 -23.9999999999712 53.9836581325626
    vertex 36.6381714460769 13.5346535129638 53.9836581325829
  endloop
endfacet
facet normal 9.09202868422796e-014 -4.02028321184712e-013 1.0
  outer loop
    vertex 36.6381714460769 13.5346535129638 53.9836581325829
    vertex 104.466392390408 -23.9999999999712 53.9836581325626
    vertex 37.0487085753008 13.4529926006927 53.9836581325828
  endloop
endfacet
facet normal 9.09202868422796e-014 -4.02028321184712e-013 1.0
  outer loop
    vertex 37.0487085753008 13.4529926006927 53.9836581325828
    vertex 104.466392390408 -23.9999999999712 53.9836581325626
    vertex 37.4663923904049 13.4256161570889 53.9836581325827
  endloop
endfacet
facet normal 9.09202868422796e-014 -4.02028321184712e-013 1.0
  outer loop
    vertex 37.4663923904049 13.4256161570889 53.9836581325827
    vertex 104.466392390408 -23.9999999999712 53.9836581325626
    vertex 97.9572780364124 -18.7849242403887 53.9836884420625
  endloop
endfacet
facet normal 9.09202868422796e-014 -4.02028321184712e-013 1.0
  outer loop
    vertex 37.4663923904049 13.4256161570889 53.9836581325827
    vertex 97.9572780364124 -18.7849242403887 53.9836884420625
    vertex 97.6235489289569 -18.3499999998969 53.9836884420627
  endloop
endfacet
facet normal 9.09202868422796e-014 -4.02028321184712e-013 1.0
  outer loop
    vertex 37.4663923904049 13.4256161570889 53.9836581325827
    vertex 97.6235489289569 -18.3499999998969 53.9836884420627
    vertex 97.4137580416971 -17.8435199946122 53.983688442063
  endloop
endfacet
facet normal 9.09202868422796e-014 -4.02028321184712e-013 1.0
  outer loop
    vertex 37.4663923904049 13.4256161570889 53.9836581325827
    vertex 97.4137580416971 -17.8435199946122 53.983688442063
    vertex 97.3422022769042 -17.2999999998969 53.9836884420632
  endloop
endfacet
facet normal 9.09202868422796e-014 -4.02028321184712e-013 1.0
  outer loop
    vertex 37.4663923904049 13.4256161570889 53.9836581325827
    vertex 97.3422022769042 -17.2999999998969 53.9836884420632
    vertex 96.4663923904077 13.4256161570889 53.9836581325827
  endloop
endfacet
facet normal 9.09202868422796e-014 -4.02028321184712e-013 1.0
  outer loop
    vertex 96.4663923904077 13.4256161570889 53.9836581325827
    vertex 97.3422022769042 -17.2999999998969 53.9836884420632
    vertex 96.8840762055118 13.4529926006927 53.9836581325827
  endloop
endfacet
facet normal 9.09202868422796e-014 -4.02028321184712e-013 1.0
  outer loop
    vertex 96.8840762055118 13.4529926006927 53.9836581325827
    vertex 97.3422022769042 -17.2999999998969 53.9836884420632
    vertex 97.2946133347358 13.5346535129638 53.9836581325827
  endloop
endfacet
facet normal 9.09202868422796e-014 -4.02028321184712e-013 1.0
  outer loop
    vertex 97.9572780364124 -18.7849242403887 53.9836884420625
    vertex 104.466392390408 -23.9999999999712 53.9836581325626
    vertex 98.3922022769041 -19.1186533478443 53.9836884420623
  endloop
endfacet
facet normal 9.09202868422796e-014 -4.02028321184712e-013 1.0
  outer loop
    vertex 98.3922022769041 -19.1186533478443 53.9836884420623
    vertex 104.466392390408 -23.9999999999712 53.9836581325626
    vertex 98.8986822821889 -19.328444235104 53.9836884420621
  endloop
endfacet
facet normal 9.09202868422796e-014 -4.02028321184712e-013 1.0
  outer loop
    vertex 98.8986822821889 -19.328444235104 53.9836884420621
    vertex 104.466392390408 -23.9999999999712 53.9836581325626
    vertex 99.4422022769041 -19.399999999897 53.9836884420621
  endloop
endfacet
facet normal 9.09202868422796e-014 -4.02028321184712e-013 1.0
  outer loop
    vertex 99.4422022769041 -19.399999999897 53.9836884420621
    vertex 104.466392390408 -23.9999999999712 53.9836581325626
    vertex 99.9857222716194 -19.328444235104 53.983688442062
  endloop
endfacet
facet normal 9.09202868422796e-014 -4.02028321184712e-013 1.0
  outer loop
    vertex 99.9857222716194 -19.328444235104 53.983688442062
    vertex 104.466392390408 -23.9999999999712 53.9836581325626
    vertex 100.492202276904 -19.1186533478443 53.9836884420621
  endloop
endfacet
facet normal 9.09202868422796e-014 -4.02028321184712e-013 1.0
  outer loop
    vertex 100.492202276904 -19.1186533478443 53.9836884420621
    vertex 104.466392390408 -23.9999999999712 53.9836581325626
    vertex 100.927126517396 -18.7849242403887 53.9836884420622
  endloop
endfacet
facet normal 9.09202868422796e-014 -4.02028321184712e-013 1.0
  outer loop
    vertex 100.927126517396 -18.7849242403887 53.9836884420622
    vertex 104.466392390408 -23.9999999999712 53.9836581325626
    vertex 101.260855624851 -18.349999999897 53.9836884420623
  endloop
endfacet
facet normal 9.09202868422796e-014 -4.02028321184712e-013 1.0
  outer loop
    vertex 101.260855624851 -18.349999999897 53.9836884420623
    vertex 104.466392390408 -23.9999999999712 53.9836581325626
    vertex 101.470646512111 -17.8435199946123 53.9836884420625
  endloop
endfacet
facet normal 9.09202868422796e-014 -4.02028321184712e-013 1.0
  outer loop
    vertex 101.470646512111 -17.8435199946123 53.9836884420625
    vertex 104.466392390408 -23.9999999999712 53.9836581325626
    vertex 101.542202276904 -17.299999999897 53.9836884420628
  endloop
endfacet
facet normal 9.09202868422796e-014 -4.02028321184712e-013 1.0
  outer loop
    vertex 101.542202276904 -17.299999999897 53.9836884420628
    vertex 104.466392390408 -23.9999999999712 53.9836581325626
    vertex 101.566392390402 57.7000000001031 53.9836581326015
  endloop
endfacet
facet normal 9.09202868422796e-014 -4.02028321184712e-013 1.0
  outer loop
    vertex 19.466392390405 -23.9999999999707 53.9836581325833
    vertex 17.4663923904049 11.5002000000292 53.9836581325842
    vertex 17.4663923904049 -21.9999999999708 53.9836581325842
  endloop
endfacet
facet normal 9.09202868422796e-014 -4.02028321184712e-013 1.0
  outer loop
    vertex 17.4663923904049 11.5002000000292 53.9836581325842
    vertex 19.466392390405 -23.9999999999707 53.9836581325833
    vertex 19.4663923904044 64.7000000001033 53.9836581326157
  endloop
endfacet
facet normal 9.09202868422796e-014 -4.02028321184712e-013 1.0
  outer loop
    vertex 19.4663923904044 64.7000000001033 53.9836581326157
    vertex 19.466392390405 -23.9999999999707 53.9836581325833
    vertex 22.3663923904083 57.7000000001038 53.9836581326086
  endloop
endfacet
facet normal 9.09202868422796e-014 -4.02028321184712e-013 1.0
  outer loop
    vertex 19.4663923904044 64.7000000001033 53.9836581326157
    vertex 22.3663923904083 57.7000000001038 53.9836581326086
    vertex 22.4379481552012 58.2435199948191 53.9836581326089
  endloop
endfacet
facet normal 9.09202868422796e-014 -4.02028321184712e-013 1.0
  outer loop
    vertex 19.4663923904044 64.7000000001033 53.9836581326157
    vertex 22.4379481552012 58.2435199948191 53.9836581326089
    vertex 22.6477390424608 58.7500000001038 53.9836581326091
  endloop
endfacet
facet normal 9.09202868422796e-014 -4.02028321184712e-013 1.0
  outer loop
    vertex 19.4663923904044 64.7000000001033 53.9836581326157
    vertex 22.6477390424608 58.7500000001038 53.9836581326091
    vertex 22.9814681499164 59.1849242405955 53.9836581326093
  endloop
endfacet
facet normal 9.09202868422796e-014 -4.02028321184712e-013 1.0
  outer loop
    vertex 19.4663923904044 64.7000000001033 53.9836581326157
    vertex 22.9814681499164 59.1849242405955 53.9836581326093
    vertex 23.4163923904082 59.518653348051 53.9836581326095
  endloop
endfacet
facet normal 9.09202868422796e-014 -4.02028321184712e-013 1.0
  outer loop
    vertex 19.4663923904044 64.7000000001033 53.9836581326157
    vertex 23.4163923904082 59.518653348051 53.9836581326095
    vertex 23.9228723956927 59.7284442353108 53.9836581326095
  endloop
endfacet
facet normal 9.09202868422796e-014 -4.02028321184712e-013 1.0
  outer loop
    vertex 19.4663923904044 64.7000000001033 53.9836581326157
    vertex 23.9228723956927 59.7284442353108 53.9836581326095
    vertex 24.4663923904082 59.8000000001037 53.9836581326095
  endloop
endfacet
facet normal 9.09202868422796e-014 -4.02028321184712e-013 1.0
  outer loop
    vertex 19.4663923904044 64.7000000001033 53.9836581326157
    vertex 24.4663923904082 59.8000000001037 53.9836581326095
    vertex 104.466392390418 64.7000000001027 53.9836581325936
  endloop
endfacet
facet normal 9.09202868422796e-014 -4.02028321184712e-013 1.0
  outer loop
    vertex 22.3663923904083 57.7000000001038 53.9836581326086
    vertex 19.466392390405 -23.9999999999707 53.9836581325833
    vertex 22.3663923904079 -17.2999999998961 53.9836581325677
  endloop
endfacet
facet normal 9.09202868422796e-014 -4.02028321184712e-013 1.0
  outer loop
    vertex 104.466392390418 64.7000000001027 53.9836581325936
    vertex 24.4663923904082 59.8000000001037 53.9836581326095
    vertex 25.0099123851234 59.7284442353108 53.9836581326094
  endloop
endfacet
facet normal 9.09202868422796e-014 -4.02028321184712e-013 1.0
  outer loop
    vertex 104.466392390418 64.7000000001027 53.9836581325936
    vertex 25.0099123851234 59.7284442353108 53.9836581326094
    vertex 25.5163923904081 59.518653348051 53.9836581326093
  endloop
endfacet
facet normal 9.09202868422796e-014 -4.02028321184712e-013 1.0
  outer loop
    vertex 104.466392390418 64.7000000001027 53.9836581325936
    vertex 25.5163923904081 59.518653348051 53.9836581326093
    vertex 25.9513166308997 59.1849242405955 53.9836581326091
  endloop
endfacet
facet normal 9.09202868422796e-014 -4.02028321184712e-013 1.0
  outer loop
    vertex 104.466392390418 64.7000000001027 53.9836581325936
    vertex 25.9513166308997 59.1849242405955 53.9836581326091
    vertex 26.2850457383553 58.7500000001037 53.9836581326088
  endloop
endfacet
facet normal 9.09202868422796e-014 -4.02028321184712e-013 1.0
  outer loop
    vertex 104.466392390418 64.7000000001027 53.9836581325936
    vertex 26.2850457383553 58.7500000001037 53.9836581326088
    vertex 26.4948366256151 58.2435199948191 53.9836581326085
  endloop
endfacet
facet normal 9.09202868422796e-014 -4.02028321184712e-013 1.0
  outer loop
    vertex 104.466392390418 64.7000000001027 53.9836581325936
    vertex 26.4948366256151 58.2435199948191 53.9836581326085
    vertex 26.566392390408 57.7000000001038 53.9836581326082
  endloop
endfacet
facet normal 9.09202868422796e-014 -4.02028321184712e-013 1.0
  outer loop
    vertex 104.466392390418 64.7000000001027 53.9836581325936
    vertex 26.566392390408 57.7000000001038 53.9836581326082
    vertex 35.8663923904049 19.396897449199 53.9836581325856
  endloop
endfacet
facet normal 9.09202868422796e-014 -4.02028321184712e-013 1.0
  outer loop
    vertex 35.8663923904049 19.396897449199 53.9836581325856
    vertex 26.566392390408 57.7000000001038 53.9836581326082
    vertex 35.518355817577 19.1643468460208 53.9836581325855
  endloop
endfacet
facet normal 9.09202868422796e-014 -4.02028321184712e-013 1.0
  outer loop
    vertex 35.518355817577 19.1643468460208 53.9836581325855
    vertex 26.566392390408 57.7000000001038 53.9836581326082
    vertex 35.203650690608 18.8883578568858 53.9836581325854
  endloop
endfacet
facet normal 9.09202868422796e-014 -4.02028321184712e-013 1.0
  outer loop
    vertex 35.203650690608 18.8883578568858 53.9836581325854
    vertex 26.566392390408 57.7000000001038 53.9836581326082
    vertex 34.927661701473 18.5736527299168 53.9836581325853
  endloop
endfacet
facet normal 9.09202868422796e-014 -4.02028321184712e-013 1.0
  outer loop
    vertex 34.927661701473 18.5736527299168 53.9836581325853
    vertex 26.566392390408 57.7000000001038 53.9836581326082
    vertex 34.6951110982948 18.2256161570888 53.9836581325852
  endloop
endfacet
facet normal 9.09202868422796e-014 -4.02028321184712e-013 1.0
  outer loop
    vertex 34.6951110982948 18.2256161570888 53.9836581325852
    vertex 26.566392390408 57.7000000001038 53.9836581326082
    vertex 34.5099778863688 17.8502031406571 53.9836581325851
  endloop
endfacet
facet normal 9.09202868422796e-014 -4.02028321184712e-013 1.0
  outer loop
    vertex 34.5099778863688 17.8502031406571 53.9836581325851
    vertex 26.566392390408 57.7000000001038 53.9836581326082
    vertex 34.3754297462799 17.4538371014169 53.9836581325849
  endloop
endfacet
facet normal 9.09202868422796e-014 -4.02028321184712e-013 1.0
  outer loop
    vertex 34.3754297462799 17.4538371014169 53.9836581325849
    vertex 26.566392390408 57.7000000001038 53.9836581326082
    vertex 34.2937688340088 17.043299972193 53.9836581325847
  endloop
endfacet
facet normal 9.09202868422796e-014 -4.02028321184712e-013 1.0
  outer loop
    vertex 34.2937688340088 17.043299972193 53.9836581325847
    vertex 26.566392390408 57.7000000001038 53.9836581326082
    vertex 34.2663923904049 16.6256161570888 53.9836581325845
  endloop
endfacet
facet normal 9.09202868422796e-014 -4.02028321184712e-013 1.0
  outer loop
    vertex 104.466392390418 64.7000000001027 53.9836581325936
    vertex 35.8663923904049 19.396897449199 53.9836581325856
    vertex 36.2418054068367 19.582030661125 53.9836581325856
  endloop
endfacet
facet normal 9.09202868422796e-014 -4.02028321184712e-013 1.0
  outer loop
    vertex 104.466392390418 64.7000000001027 53.9836581325936
    vertex 36.2418054068367 19.582030661125 53.9836581325856
    vertex 36.6381714460769 19.7165788012138 53.9836581325856
  endloop
endfacet
facet normal 9.09202868422796e-014 -4.02028321184712e-013 1.0
  outer loop
    vertex 104.466392390418 64.7000000001027 53.9836581325936
    vertex 36.6381714460769 19.7165788012138 53.9836581325856
    vertex 37.0487085753008 19.798239713485 53.9836581325856
  endloop
endfacet
facet normal 9.09202868422796e-014 -4.02028321184712e-013 1.0
  outer loop
    vertex 104.466392390418 64.7000000001027 53.9836581325936
    vertex 37.0487085753008 19.798239713485 53.9836581325856
    vertex 37.4663923904049 19.8256161570888 53.9836581325856
  endloop
endfacet
facet normal 9.09202868422796e-014 -4.02028321184712e-013 1.0
  outer loop
    vertex 104.466392390418 64.7000000001027 53.9836581325936
    vertex 37.4663923904049 19.8256161570888 53.9836581325856
    vertex 97.9814681499106 59.1849242405948 53.9836581326026
  endloop
endfacet
facet normal 9.09202868422796e-014 -4.02028321184712e-013 1.0
  outer loop
    vertex 97.9814681499106 59.1849242405948 53.9836581326026
    vertex 37.4663923904049 19.8256161570888 53.9836581325856
    vertex 97.647739042455 58.7500000001031 53.9836581326024
  endloop
endfacet
facet normal 9.09202868422796e-014 -4.02028321184712e-013 1.0
  outer loop
    vertex 97.647739042455 58.7500000001031 53.9836581326024
    vertex 37.4663923904049 19.8256161570888 53.9836581325856
    vertex 97.4379481551953 58.2435199948184 53.9836581326022
  endloop
endfacet
facet normal 9.09202868422796e-014 -4.02028321184712e-013 1.0
  outer loop
    vertex 97.4379481551953 58.2435199948184 53.9836581326022
    vertex 37.4663923904049 19.8256161570888 53.9836581325856
    vertex 97.3663923904022 57.7000000001031 53.9836581326019
  endloop
endfacet
facet normal 9.09202868422796e-014 -4.02028321184712e-013 1.0
  outer loop
    vertex 97.3663923904022 57.7000000001031 53.9836581326019
    vertex 37.4663923904049 19.8256161570888 53.9836581325856
    vertex 96.4663923904077 19.8256161570888 53.9836581325856
  endloop
endfacet
facet normal 9.09202868422796e-014 -4.02028321184712e-013 1.0
  outer loop
    vertex 97.3663923904022 57.7000000001031 53.9836581326019
    vertex 96.4663923904077 19.8256161570888 53.9836581325856
    vertex 96.8840762055118 19.798239713485 53.9836581325855
  endloop
endfacet
facet normal 9.09202868422796e-014 -4.02028321184712e-013 1.0
  outer loop
    vertex 97.3663923904022 57.7000000001031 53.9836581326019
    vertex 96.8840762055118 19.798239713485 53.9836581325855
    vertex 97.2946133347358 19.7165788012138 53.9836581325854
  endloop
endfacet
facet normal 9.09202868422796e-014 -4.02028321184712e-013 1.0
  outer loop
    vertex 104.466392390418 64.7000000001027 53.9836581325936
    vertex 97.9814681499106 59.1849242405948 53.9836581326026
    vertex 98.4163923904024 59.5186533480504 53.9836581326028
  endloop
endfacet
facet normal 9.09202868422796e-014 -4.02028321184712e-013 1.0
  outer loop
    vertex 104.466392390418 64.7000000001027 53.9836581325936
    vertex 98.4163923904024 59.5186533480504 53.9836581326028
    vertex 98.9228723956871 59.7284442353102 53.9836581326028
  endloop
endfacet
facet normal 9.09202868422796e-014 -4.02028321184712e-013 1.0
  outer loop
    vertex 104.466392390418 64.7000000001027 53.9836581325936
    vertex 98.9228723956871 59.7284442353102 53.9836581326028
    vertex 99.4663923904023 59.8000000001031 53.9836581326028
  endloop
endfacet
facet normal 9.09202868422796e-014 -4.02028321184712e-013 1.0
  outer loop
    vertex 104.466392390418 64.7000000001027 53.9836581325936
    vertex 99.4663923904023 59.8000000001031 53.9836581326028
    vertex 100.009912385118 59.7284442353102 53.9836581326027
  endloop
endfacet
facet normal 9.09202868422796e-014 -4.02028321184712e-013 1.0
  outer loop
    vertex 104.466392390418 64.7000000001027 53.9836581325936
    vertex 100.009912385118 59.7284442353102 53.9836581326027
    vertex 100.516392390402 59.5186533480504 53.9836581326026
  endloop
endfacet
facet normal 9.09202868422796e-014 -4.02028321184712e-013 1.0
  outer loop
    vertex 104.466392390418 64.7000000001027 53.9836581325936
    vertex 100.516392390402 59.5186533480504 53.9836581326026
    vertex 100.951316630894 59.1849242405948 53.9836581326024
  endloop
endfacet
facet normal 9.09202868422796e-014 -4.02028321184712e-013 1.0
  outer loop
    vertex 104.466392390418 64.7000000001027 53.9836581325936
    vertex 100.951316630894 59.1849242405948 53.9836581326024
    vertex 101.28504573835 58.7500000001032 53.9836581326021
  endloop
endfacet
facet normal 9.09202868422796e-014 -4.02028321184712e-013 1.0
  outer loop
    vertex 104.466392390418 64.7000000001027 53.9836581325936
    vertex 101.28504573835 58.7500000001032 53.9836581326021
    vertex 101.494836625609 58.2435199948184 53.9836581326018
  endloop
endfacet
facet normal 9.09202868422796e-014 -4.02028321184712e-013 1.0
  outer loop
    vertex 104.466392390418 64.7000000001027 53.9836581325936
    vertex 101.494836625609 58.2435199948184 53.9836581326018
    vertex 101.566392390402 57.7000000001031 53.9836581326015
  endloop
endfacet
facet normal 9.09202868422796e-014 -4.02028321184712e-013 1.0
  outer loop
    vertex 104.466392390418 64.7000000001027 53.9836581325936
    vertex 101.566392390402 57.7000000001031 53.9836581326015
    vertex 104.466392390408 -23.9999999999712 53.9836581325626
  endloop
endfacet
facet normal 9.09202868422796e-014 -4.02028321184712e-013 1.0
  outer loop
    vertex 104.466392390418 64.7000000001027 53.9836581325936
    vertex 104.466392390408 -23.9999999999712 53.9836581325626
    vertex 106.466392390408 -21.9999999999712 53.9836581325639
  endloop
endfacet
facet normal 9.09202868422796e-014 -4.02028321184712e-013 1.0
  outer loop
    vertex 104.466392390418 64.7000000001027 53.9836581325936
    vertex 106.466392390408 -21.9999999999712 53.9836581325639
    vertex 106.466392390418 62.7000000001027 53.9836581325936
  endloop
endfacet
facet normal 9.09202868422796e-014 -4.02028321184712e-013 1.0
  outer loop
    vertex 106.466392390418 62.7000000001027 53.9836581325936
    vertex 106.466392390408 -21.9999999999712 53.9836581325639
    vertex 130.466392390408 11.500000000028 53.983658132585
  endloop
endfacet
facet normal 9.09202868422796e-014 -4.02028321184712e-013 1.0
  outer loop
    vertex 106.466392390418 62.7000000001027 53.9836581325936
    vertex 130.466392390408 11.500000000028 53.983658132585
    vertex 130.466392390415 46.5000000000293 53.9836581326053
  endloop
endfacet
facet normal 9.09202868422796e-014 -4.02028321184712e-013 1.0
  outer loop
    vertex 130.466392390415 46.5000000000293 53.9836581326053
    vertex 130.466392390408 11.500000000028 53.983658132585
    vertex 131.000000000001 11.500000000029 53.9836581325841
  endloop
endfacet
facet normal 9.09202868422796e-014 -4.02028321184712e-013 1.0
  outer loop
    vertex 130.466392390415 46.5000000000293 53.9836581326053
    vertex 131.000000000001 11.500000000029 53.9836581325841
    vertex 130.999999999998 46.5000000000293 53.9836581326042
  endloop
endfacet
facet normal 9.09202868422796e-014 -4.02028321184712e-013 1.0
  outer loop
    vertex 97.690979373976 19.582030661125 53.9836581325853
    vertex 97.3663923904022 57.7000000001031 53.9836581326019
    vertex 97.2946133347358 19.7165788012138 53.9836581325854
  endloop
endfacet
facet normal 9.09202868422796e-014 -4.02028321184712e-013 1.0
  outer loop
    vertex 97.3663923904022 57.7000000001031 53.9836581326019
    vertex 97.690979373976 19.582030661125 53.9836581325853
    vertex 97.4379481551953 57.1564800053877 53.9836581326016
  endloop
endfacet
facet normal 9.09202868422796e-014 -4.02028321184712e-013 1.0
  outer loop
    vertex 97.4379481551953 57.1564800053877 53.9836581326016
    vertex 97.690979373976 19.582030661125 53.9836581325853
    vertex 97.647739042455 56.650000000103 53.9836581326013
  endloop
endfacet
facet normal 9.09202868422796e-014 -4.02028321184712e-013 1.0
  outer loop
    vertex 97.647739042455 56.650000000103 53.9836581326013
    vertex 97.690979373976 19.582030661125 53.9836581325853
    vertex 97.9814681499106 56.2150757596113 53.983658132601
  endloop
endfacet
facet normal 9.09202868422796e-014 -4.02028321184712e-013 1.0
  outer loop
    vertex 97.9814681499106 56.2150757596113 53.983658132601
    vertex 97.690979373976 19.582030661125 53.9836581325853
    vertex 98.0663923904077 19.3968974491991 53.9836581325852
  endloop
endfacet
facet normal 9.09202868422796e-014 -4.02028321184712e-013 1.0
  outer loop
    vertex 97.9814681499106 56.2150757596113 53.983658132601
    vertex 98.0663923904077 19.3968974491991 53.9836581325852
    vertex 98.4163923904024 55.8813466521557 53.9836581326008
  endloop
endfacet
facet normal 9.09202868422796e-014 -4.02028321184712e-013 1.0
  outer loop
    vertex 98.4163923904024 55.8813466521557 53.9836581326008
    vertex 98.0663923904077 19.3968974491991 53.9836581325852
    vertex 98.4144289632356 19.1643468460208 53.9836581325851
  endloop
endfacet
facet normal 9.09202868422796e-014 -4.02028321184712e-013 1.0
  outer loop
    vertex 98.4163923904024 55.8813466521557 53.9836581326008
    vertex 98.4144289632356 19.1643468460208 53.9836581325851
    vertex 98.7291340902047 18.8883578568858 53.9836581325849
  endloop
endfacet
facet normal 9.09202868422796e-014 -4.02028321184712e-013 1.0
  outer loop
    vertex 98.4163923904024 55.8813466521557 53.9836581326008
    vertex 98.7291340902047 18.8883578568858 53.9836581325849
    vertex 98.9228723956871 55.6715557648959 53.9836581326006
  endloop
endfacet
facet normal 9.09202868422796e-014 -4.02028321184712e-013 1.0
  outer loop
    vertex 98.9228723956871 55.6715557648959 53.9836581326006
    vertex 98.7291340902047 18.8883578568858 53.9836581325849
    vertex 99.0051230793396 18.5736527299168 53.9836581325847
  endloop
endfacet
facet normal 9.09202868422796e-014 -4.02028321184712e-013 1.0
  outer loop
    vertex 98.9228723956871 55.6715557648959 53.9836581326006
    vertex 99.0051230793396 18.5736527299168 53.9836581325847
    vertex 99.4663923904023 55.600000000103 53.9836581326005
  endloop
endfacet
facet normal 9.09202868422796e-014 -4.02028321184712e-013 1.0
  outer loop
    vertex 99.4663923904023 55.600000000103 53.9836581326005
    vertex 99.0051230793396 18.5736527299168 53.9836581325847
    vertex 99.2376736825179 18.2256161570888 53.9836581325845
  endloop
endfacet
facet normal 9.09202868422796e-014 -4.02028321184712e-013 1.0
  outer loop
    vertex 99.4663923904023 55.600000000103 53.9836581326005
    vertex 99.2376736825179 18.2256161570888 53.9836581325845
    vertex 99.4228068944438 17.8502031406571 53.9836581325844
  endloop
endfacet
facet normal 9.09202868422796e-014 -4.02028321184712e-013 1.0
  outer loop
    vertex 99.4663923904023 55.600000000103 53.9836581326005
    vertex 99.4228068944438 17.8502031406571 53.9836581325844
    vertex 99.5573550345327 17.4538371014169 53.9836581325842
  endloop
endfacet
facet normal 9.09202868422796e-014 -4.02028321184712e-013 1.0
  outer loop
    vertex 99.4663923904023 55.600000000103 53.9836581326005
    vertex 99.5573550345327 17.4538371014169 53.9836581325842
    vertex 100.009912385118 55.6715557648959 53.9836581326005
  endloop
endfacet
facet normal 9.09202868422796e-014 -4.02028321184712e-013 1.0
  outer loop
    vertex 100.009912385118 55.6715557648959 53.9836581326005
    vertex 99.5573550345327 17.4538371014169 53.9836581325842
    vertex 99.6390159468039 17.043299972193 53.983658132584
  endloop
endfacet
facet normal 9.09202868422796e-014 -4.02028321184712e-013 1.0
  outer loop
    vertex 100.009912385118 55.6715557648959 53.9836581326005
    vertex 99.6390159468039 17.043299972193 53.983658132584
    vertex 99.6663923904077 16.6256161570888 53.9836581325838
  endloop
endfacet
facet normal 9.09202868422796e-014 -4.02028321184712e-013 1.0
  outer loop
    vertex 100.009912385118 55.6715557648959 53.9836581326005
    vertex 99.6663923904077 16.6256161570888 53.9836581325838
    vertex 99.9857222716195 -15.27155576469 53.9836884420639
  endloop
endfacet
facet normal 9.09202868422796e-014 -4.02028321184712e-013 1.0
  outer loop
    vertex 100.009912385118 55.6715557648959 53.9836581326005
    vertex 99.9857222716195 -15.27155576469 53.9836884420639
    vertex 100.492202276904 -15.4813466519497 53.9836884420637
  endloop
endfacet
facet normal 9.09202868422796e-014 -4.02028321184712e-013 1.0
  outer loop
    vertex 100.009912385118 55.6715557648959 53.9836581326005
    vertex 100.492202276904 -15.4813466519497 53.9836884420637
    vertex 100.516392390402 55.8813466521557 53.9836581326006
  endloop
endfacet
facet normal 9.09202868422796e-014 -4.02028321184712e-013 1.0
  outer loop
    vertex 100.516392390402 55.8813466521557 53.9836581326006
    vertex 100.492202276904 -15.4813466519497 53.9836884420637
    vertex 100.927126517396 -15.8150757594053 53.9836884420635
  endloop
endfacet
facet normal 9.09202868422796e-014 -4.02028321184712e-013 1.0
  outer loop
    vertex 100.516392390402 55.8813466521557 53.9836581326006
    vertex 100.927126517396 -15.8150757594053 53.9836884420635
    vertex 100.951316630894 56.2150757596113 53.9836581326007
  endloop
endfacet
facet normal 9.09202868422796e-014 -4.02028321184712e-013 1.0
  outer loop
    vertex 100.951316630894 56.2150757596113 53.9836581326007
    vertex 100.927126517396 -15.8150757594053 53.9836884420635
    vertex 101.260855624852 -16.249999999897 53.9836884420633
  endloop
endfacet
facet normal 9.09202868422796e-014 -4.02028321184712e-013 1.0
  outer loop
    vertex 100.951316630894 56.2150757596113 53.9836581326007
    vertex 101.260855624852 -16.249999999897 53.9836884420633
    vertex 101.28504573835 56.650000000103 53.983658132601
  endloop
endfacet
facet normal 9.09202868422796e-014 -4.02028321184712e-013 1.0
  outer loop
    vertex 101.28504573835 56.650000000103 53.983658132601
    vertex 101.260855624852 -16.249999999897 53.9836884420633
    vertex 101.470646512111 -16.7564800051817 53.983688442063
  endloop
endfacet
facet normal 9.09202868422796e-014 -4.02028321184712e-013 1.0
  outer loop
    vertex 101.28504573835 56.650000000103 53.983658132601
    vertex 101.470646512111 -16.7564800051817 53.983688442063
    vertex 101.494836625609 57.1564800053878 53.9836581326012
  endloop
endfacet
facet normal 9.09202868422796e-014 -4.02028321184712e-013 1.0
  outer loop
    vertex 101.494836625609 57.1564800053878 53.9836581326012
    vertex 101.470646512111 -16.7564800051817 53.983688442063
    vertex 101.542202276904 -17.299999999897 53.9836884420628
  endloop
endfacet
facet normal 9.09202868422796e-014 -4.02028321184712e-013 1.0
  outer loop
    vertex 101.494836625609 57.1564800053878 53.9836581326012
    vertex 101.542202276904 -17.299999999897 53.9836884420628
    vertex 101.566392390402 57.7000000001031 53.9836581326015
  endloop
endfacet
facet normal 9.09202868422796e-014 -4.02028321184712e-013 1.0
  outer loop
    vertex 16.0000000001931 11.5001861571026 53.983658132584
    vertex 17.4663923904047 46.5000000000292 53.9836581326073
    vertex 16.000000000193 46.4999861571025 53.9836581326072
  endloop
endfacet
facet normal 9.09202868422796e-014 -4.02028321184712e-013 1.0
  outer loop
    vertex 17.4663923904047 46.5000000000292 53.9836581326073
    vertex 16.0000000001931 11.5001861571026 53.983658132584
    vertex 17.4663923904049 11.5002000000292 53.9836581325842
  endloop
endfacet
facet normal 9.09202868422796e-014 -4.02028321184712e-013 1.0
  outer loop
    vertex 22.4379481552008 -16.7564800051808 53.983658132568
    vertex 22.3663923904083 57.7000000001038 53.9836581326086
    vertex 22.3663923904079 -17.2999999998961 53.9836581325677
  endloop
endfacet
facet normal 9.09202868422796e-014 -4.02028321184712e-013 1.0
  outer loop
    vertex 22.3663923904083 57.7000000001038 53.9836581326086
    vertex 22.4379481552008 -16.7564800051808 53.983658132568
    vertex 22.4379481552012 57.1564800053885 53.9836581326083
  endloop
endfacet
facet normal 9.09202868422796e-014 -4.02028321184712e-013 1.0
  outer loop
    vertex 22.4379481552012 57.1564800053885 53.9836581326083
    vertex 22.4379481552008 -16.7564800051808 53.983658132568
    vertex 22.6477390424607 -16.2499999998961 53.9836581325683
  endloop
endfacet
facet normal 9.09202868422796e-014 -4.02028321184712e-013 1.0
  outer loop
    vertex 22.4379481552012 57.1564800053885 53.9836581326083
    vertex 22.6477390424607 -16.2499999998961 53.9836581325683
    vertex 22.6477390424608 56.6500000001039 53.983658132608
  endloop
endfacet
facet normal 9.09202868422796e-014 -4.02028321184712e-013 1.0
  outer loop
    vertex 22.6477390424608 56.6500000001039 53.983658132608
    vertex 22.6477390424607 -16.2499999998961 53.9836581325683
    vertex 22.9814681499163 -15.8150757594044 53.9836581325685
  endloop
endfacet
facet normal 9.09202868422796e-014 -4.02028321184712e-013 1.0
  outer loop
    vertex 22.6477390424608 56.6500000001039 53.983658132608
    vertex 22.9814681499163 -15.8150757594044 53.9836581325685
    vertex 22.9814681499164 56.2150757596121 53.9836581326077
  endloop
endfacet
facet normal 9.09202868422796e-014 -4.02028321184712e-013 1.0
  outer loop
    vertex 22.9814681499164 56.2150757596121 53.9836581326077
    vertex 22.9814681499163 -15.8150757594044 53.9836581325685
    vertex 23.4163923904079 -15.4813466519488 53.9836581325686
  endloop
endfacet
facet normal 9.09202868422796e-014 -4.02028321184712e-013 1.0
  outer loop
    vertex 22.9814681499164 56.2150757596121 53.9836581326077
    vertex 23.4163923904079 -15.4813466519488 53.9836581325686
    vertex 23.4163923904082 55.8813466521566 53.9836581326075
  endloop
endfacet
facet normal 9.09202868422796e-014 -4.02028321184712e-013 1.0
  outer loop
    vertex 23.4163923904082 55.8813466521566 53.9836581326075
    vertex 23.4163923904079 -15.4813466519488 53.9836581325686
    vertex 23.9228723956926 -15.271555764689 53.9836581325687
  endloop
endfacet
facet normal 9.09202868422796e-014 -4.02028321184712e-013 1.0
  outer loop
    vertex 23.4163923904082 55.8813466521566 53.9836581326075
    vertex 23.9228723956926 -15.271555764689 53.9836581325687
    vertex 23.9228723956927 55.6715557648969 53.9836581326073
  endloop
endfacet
facet normal 9.09202868422796e-014 -4.02028321184712e-013 1.0
  outer loop
    vertex 23.9228723956927 55.6715557648969 53.9836581326073
    vertex 23.9228723956926 -15.271555764689 53.9836581325687
    vertex 24.466392390408 -15.1999999998961 53.9836581325687
  endloop
endfacet
facet normal 9.09202868422796e-014 -4.02028321184712e-013 1.0
  outer loop
    vertex 23.9228723956927 55.6715557648969 53.9836581326073
    vertex 24.466392390408 -15.1999999998961 53.9836581325687
    vertex 24.4663923904082 55.6000000001039 53.9836581326072
  endloop
endfacet
facet normal 9.09202868422796e-014 -4.02028321184712e-013 1.0
  outer loop
    vertex 24.4663923904082 55.6000000001039 53.9836581326072
    vertex 24.466392390408 -15.1999999998961 53.9836581325687
    vertex 25.0099123851232 -15.271555764689 53.9836581325686
  endloop
endfacet
facet normal 9.09202868422796e-014 -4.02028321184712e-013 1.0
  outer loop
    vertex 24.4663923904082 55.6000000001039 53.9836581326072
    vertex 25.0099123851232 -15.271555764689 53.9836581325686
    vertex 25.0099123851234 55.6715557648969 53.9836581326072
  endloop
endfacet
facet normal 9.09202868422796e-014 -4.02028321184712e-013 1.0
  outer loop
    vertex 25.0099123851234 55.6715557648969 53.9836581326072
    vertex 25.0099123851232 -15.271555764689 53.9836581325686
    vertex 25.5163923904079 -15.4813466519488 53.9836581325684
  endloop
endfacet
facet normal 9.09202868422796e-014 -4.02028321184712e-013 1.0
  outer loop
    vertex 25.0099123851234 55.6715557648969 53.9836581326072
    vertex 25.5163923904079 -15.4813466519488 53.9836581325684
    vertex 25.5163923904081 55.8813466521566 53.9836581326073
  endloop
endfacet
facet normal 9.09202868422796e-014 -4.02028321184712e-013 1.0
  outer loop
    vertex 25.5163923904081 55.8813466521566 53.9836581326073
    vertex 25.5163923904079 -15.4813466519488 53.9836581325684
    vertex 25.9513166308997 -15.8150757594044 53.9836581325682
  endloop
endfacet
facet normal 9.09202868422796e-014 -4.02028321184712e-013 1.0
  outer loop
    vertex 25.5163923904081 55.8813466521566 53.9836581326073
    vertex 25.9513166308997 -15.8150757594044 53.9836581325682
    vertex 25.9513166308999 56.2150757596121 53.9836581326074
  endloop
endfacet
facet normal 9.09202868422796e-014 -4.02028321184712e-013 1.0
  outer loop
    vertex 25.9513166308999 56.2150757596121 53.9836581326074
    vertex 25.9513166308997 -15.8150757594044 53.9836581325682
    vertex 26.2850457383553 -16.2499999998961 53.9836581325679
  endloop
endfacet
facet normal 9.09202868422796e-014 -4.02028321184712e-013 1.0
  outer loop
    vertex 25.9513166308999 56.2150757596121 53.9836581326074
    vertex 26.2850457383553 -16.2499999998961 53.9836581325679
    vertex 26.2850457383553 56.6500000001038 53.9836581326076
  endloop
endfacet
facet normal 9.09202868422796e-014 -4.02028321184712e-013 1.0
  outer loop
    vertex 26.2850457383553 56.6500000001038 53.9836581326076
    vertex 26.2850457383553 -16.2499999998961 53.9836581325679
    vertex 26.4948366256149 -16.7564800051808 53.9836581325677
  endloop
endfacet
facet normal 9.09202868422796e-014 -4.02028321184712e-013 1.0
  outer loop
    vertex 26.2850457383553 56.6500000001038 53.9836581326076
    vertex 26.4948366256149 -16.7564800051808 53.9836581325677
    vertex 26.4948366256149 57.1564800053885 53.9836581326079
  endloop
endfacet
facet normal 9.09202868422796e-014 -4.02028321184712e-013 1.0
  outer loop
    vertex 26.4948366256149 57.1564800053885 53.9836581326079
    vertex 26.4948366256149 -16.7564800051808 53.9836581325677
    vertex 26.5663923904079 -17.2999999998962 53.9836581325673
  endloop
endfacet
facet normal 9.09202868422796e-014 -4.02028321184712e-013 1.0
  outer loop
    vertex 26.4948366256149 57.1564800053885 53.9836581326079
    vertex 26.5663923904079 -17.2999999998962 53.9836581325673
    vertex 26.566392390408 57.7000000001038 53.9836581326082
  endloop
endfacet
facet normal 9.09202868422796e-014 -4.02028321184712e-013 1.0
  outer loop
    vertex 17.4663923904047 46.5000000000292 53.9836581326073
    vertex 19.4663923904044 64.7000000001033 53.9836581326157
    vertex 17.4663923904045 62.7000000001032 53.9836581326152
  endloop
endfacet
facet normal 9.09202868422796e-014 -4.02028321184712e-013 1.0
  outer loop
    vertex 19.4663923904044 64.7000000001033 53.9836581326157
    vertex 17.4663923904047 46.5000000000292 53.9836581326073
    vertex 17.4663923904049 11.5002000000292 53.9836581325842
  endloop
endfacet
endsolid Remix of isaac879 Pan Tilt Camera Mount
