solid Remix of isaac879 Pan Tilt Camera Mount
facet normal 0.923879532511262 0.382683432365148 4.5890399251099e-008
  outer loop
    vertex 33.8613306933299 315.3333911928 9.40127978791663
    vertex 33.6915000498254 315.743398443787 10.4012802357468
    vertex 33.8613307680833 315.333390820462 10.4012802344343
  endloop
endfacet
facet normal 0.923879532511262 0.382683432365148 4.5890399251099e-008
  outer loop
    vertex 33.6915000498254 315.743398443787 10.4012802357468
    vertex 33.8613306933299 315.3333911928 9.40127978791663
    vertex 33.691499975072 315.743398816126 9.40127978791663
  endloop
endfacet
facet normal 0.38268343236509 0.923879532511266 1.97118104510221e-007
  outer loop
    vertex 34.4835739545169 314.711147634028 10.4012802334658
    vertex 34.8935815030891 314.541317288109 9.40127978791663
    vertex 34.4835738797634 314.711148006367 9.40127978791663
  endloop
endfacet
facet normal 0.38268343236509 0.923879532511266 1.97118104510221e-007
  outer loop
    vertex 34.8935815030891 314.541317288109 9.40127978791663
    vertex 34.4835739545169 314.711147634028 10.4012802334658
    vertex 34.8935815778425 314.54131691577 10.4012802338758
  endloop
endfacet
facet normal 1.73911272574293e-008 0.999999999999999 -4.26201130760571e-008
  outer loop
    vertex 30.3335739545167 353.183390828209 10.4012810389542
    vertex 72.3335746201369 353.183389392667 7.00130403486198
    vertex 30.333574620032 353.183390123093 7.00128103895386
  endloop
endfacet
facet normal 1.73911272574293e-008 0.999999999999999 -4.26201130760571e-008
  outer loop
    vertex 72.3335746201369 353.183389392667 7.00130403486198
    vertex 30.3335739545167 353.183390828209 10.4012810389542
    vertex 72.3335739546219 353.183390097783 10.4013040348627
  endloop
endfacet
facet normal -0.991444861373808 0.130526192220047 7.66961334230841e-008
  outer loop
    vertex 37.0335739545169 316.183390820462 10.4012802470506
    vertex 36.9756477844549 315.743398816126 9.40127978791663
    vertex 36.9756478592083 315.743398443787 10.4012802449677
  endloop
endfacet
facet normal -0.991444861373808 0.130526192220047 7.66961334230841e-008
  outer loop
    vertex 36.9756477844549 315.743398816126 9.40127978791663
    vertex 37.0335739545169 316.183390820462 10.4012802470506
    vertex 37.0335738797634 316.1833911928 9.40127978791663
  endloop
endfacet
facet normal -0.991444861373818 -0.130526192219995 1.59462215497239e-008
  outer loop
    vertex 36.9756478592083 316.623383197136 10.4012802488081
    vertex 37.0335738797634 316.1833911928 9.40127978791663
    vertex 37.0335739545169 316.183390820462 10.4012802470506
  endloop
endfacet
facet normal -0.991444861373818 -0.130526192219995 1.59462215497239e-008
  outer loop
    vertex 37.0335738797634 316.1833911928 9.40127978791663
    vertex 36.9756478592083 316.623383197136 10.4012802488081
    vertex 36.9756477844549 316.623383569475 9.40127978791663
  endloop
endfacet
facet normal -0.793353340291261 -0.608761429008678 -1.04599629968396e-007
  outer loop
    vertex 36.535655482534 317.385472348479 10.4012802508986
    vertex 36.805817066197 317.0333911928 9.40127978791663
    vertex 36.8058171409504 317.033390820462 10.4012802501206
  endloop
endfacet
facet normal -0.793353340291261 -0.608761429008678 -1.04599629968396e-007
  outer loop
    vertex 36.805817066197 317.0333911928 9.40127978791663
    vertex 36.535655482534 317.385472348479 10.4012802508986
    vertex 36.5356554077806 317.385472720817 9.40127978791663
  endloop
endfacet
facet normal 0.130526192220118 0.991444861373776 2.24622343430558e-007
  outer loop
    vertex 34.8935815778425 314.54131691577 10.4012802338758
    vertex 35.3335738797634 314.4833911928 9.40127978791663
    vertex 34.8935815030891 314.541317288109 9.40127978791663
  endloop
endfacet
facet normal 0.130526192220118 0.991444861373776 2.24622343430558e-007
  outer loop
    vertex 35.3335738797634 314.4833911928 9.40127978791663
    vertex 34.8935815778425 314.54131691577 10.4012802338758
    vertex 35.3335739545168 314.483390820462 10.4012802348584
  endloop
endfacet
facet normal 0.130526192220118 -0.991444861373773 -2.36818938779433e-007
  outer loop
    vertex 35.3335739545168 317.883390820462 10.4012802496965
    vertex 34.8935815030891 317.825465097492 9.40127978791663
    vertex 35.3335738797634 317.8833911928 9.40127978791663
  endloop
endfacet
facet normal 0.130526192220118 -0.991444861373773 -2.36818938779433e-007
  outer loop
    vertex 34.8935815030891 317.825465097492 9.40127978791663
    vertex 35.3335739545168 317.883390820462 10.4012802496965
    vertex 34.8935815778425 317.825464725153 10.4012802482084
  endloop
endfacet
facet normal 0.608761429008739 0.793353340291206 1.56180637190227e-007
  outer loop
    vertex 34.1314924264997 314.981309292445 10.4012802336562
    vertex 34.4835738797634 314.711148006367 9.40127978791663
    vertex 34.1314923517463 314.981309664783 9.40127978791663
  endloop
endfacet
facet normal 0.608761429008739 0.793353340291206 1.56180637190227e-007
  outer loop
    vertex 34.4835738797634 314.711148006367 9.40127978791663
    vertex 34.1314924264997 314.981309292445 10.4012802336562
    vertex 34.4835739545169 314.711147634028 10.4012802334658
  endloop
endfacet
facet normal -0.608761429008676 0.793353340291128 4.74246424404062e-007
  outer loop
    vertex 68.1835739545168 346.711147634028 10.4012799176499
    vertex 68.5356549275743 346.981309823049 9.40127978791663
    vertex 68.1835733995572 346.711148164632 9.40127978791663
  endloop
endfacet
facet normal -0.608761429008676 0.793353340291128 4.74246424404062e-007
  outer loop
    vertex 68.5356549275743 346.981309823049 9.40127978791663
    vertex 68.1835739545168 346.711147634028 10.4012799176499
    vertex 68.5356554825339 346.981309292445 10.4012798566604
  endloop
endfacet
facet normal 0.991444861373815 -0.130526192219995 -7.66961337822254e-008
  outer loop
    vertex 33.6335738797634 316.1833911928 9.40127978791663
    vertex 33.6915000498254 316.623383197136 10.4012802395872
    vertex 33.6335739545168 316.183390820462 10.4012802375043
  endloop
endfacet
facet normal 0.991444861373815 -0.130526192219995 -7.66961337822254e-008
  outer loop
    vertex 33.6915000498254 316.623383197136 10.4012802395872
    vertex 33.6335738797634 316.1833911928 9.40127978791663
    vertex 33.691499975072 316.623383569475 9.40127978791663
  endloop
endfacet
facet normal -0.991444861373767 -0.130526192220032 3.00595315323601e-007
  outer loop
    vertex 36.9756478592082 348.623383197136 10.40127988936
    vertex 37.0335733995588 348.183391351065 9.40127978791664
    vertex 37.0335739545168 348.183390820462 10.4012798388766
  endloop
endfacet
facet normal -0.991444861373767 -0.130526192220032 3.00595315323601e-007
  outer loop
    vertex 37.0335733995588 348.183391351065 9.40127978791664
    vertex 36.9756478592082 348.623383197136 10.40127988936
    vertex 36.9756473042502 348.623383727739 9.40127978791664
  endloop
endfacet
facet normal -0.608761429008782 0.79335334029116 2.13064377554187e-007
  outer loop
    vertex 36.1835739545169 314.711147634028 10.4012802382389
    vertex 36.5356554077806 314.981309664783 9.40127978791663
    vertex 36.1835738797634 314.711148006367 9.40127978791663
  endloop
endfacet
facet normal -0.608761429008782 0.79335334029116 2.13064377554187e-007
  outer loop
    vertex 36.5356554077806 314.981309664783 9.40127978791663
    vertex 36.1835739545169 314.711147634028 10.4012802382389
    vertex 36.535655482534 314.981309292445 10.4012802404065
  endloop
endfacet
facet normal 0.608761429008548 -0.793353340291226 -4.74245353386188e-007
  outer loop
    vertex 34.4835739545169 349.655634006895 10.4012805669049
    vertex 34.1314918715415 349.385472879082 9.40127978791664
    vertex 34.4835733995586 349.655634537499 9.40127978791664
  endloop
endfacet
facet normal 0.608761429008548 -0.793353340291226 -4.74245353386188e-007
  outer loop
    vertex 34.1314918715415 349.385472879082 9.40127978791664
    vertex 34.4835739545169 349.655634006895 10.4012805669049
    vertex 34.1314924264998 349.385472348479 10.4012806278944
  endloop
endfacet
facet normal 0.991444861373742 -0.130526192220002 -3.87167298312109e-007
  outer loop
    vertex 33.6335733995587 348.183391351065 9.40127978791664
    vertex 33.6915000498255 348.623383197136 10.4012806686705
    vertex 33.6335739545169 348.183390820462 10.4012806456783
  endloop
endfacet
facet normal 0.991444861373742 -0.130526192220002 -3.87167298312109e-007
  outer loop
    vertex 33.6915000498255 348.623383197136 10.4012806686705
    vertex 33.6335733995587 348.183391351065 9.40127978791664
    vertex 33.6914994948672 348.623383727739 9.40127978791664
  endloop
endfacet
facet normal 0.130526192220077 -0.991444861373737 -3.74062612436876e-007
  outer loop
    vertex 35.3335739545168 349.883390820462 10.4012803842214
    vertex 34.8935810228844 349.825465255756 9.40127978791664
    vertex 35.3335733995587 349.883391351065 9.40127978791664
  endloop
endfacet
facet normal 0.130526192220077 -0.991444861373737 -3.74062612436876e-007
  outer loop
    vertex 34.8935810228844 349.825465255756 9.40127978791664
    vertex 35.3335739545168 349.883390820462 10.4012803842214
    vertex 34.8935815778426 349.825464725153 10.4012804837926
  endloop
endfacet
facet normal 0.608761429008782 -0.79335334029116 -2.1306437677125e-007
  outer loop
    vertex 34.4835739545168 317.655634006895 10.401280246316
    vertex 34.1314923517463 317.385472720817 9.40127978791663
    vertex 34.4835738797634 317.655634379234 9.40127978791663
  endloop
endfacet
facet normal 0.608761429008782 -0.79335334029116 -2.1306437677125e-007
  outer loop
    vertex 34.1314923517463 317.385472720817 9.40127978791663
    vertex 34.4835739545168 317.655634006895 10.401280246316
    vertex 34.1314924264997 317.385472348479 10.4012802441484
  endloop
endfacet
facet normal -0.793353340291177 0.60876142900877 1.78731999269731e-007
  outer loop
    vertex 36.8058171409504 315.333390820462 10.4012802427015
    vertex 36.5356554077806 314.981309664783 9.40127978791663
    vertex 36.535655482534 314.981309292445 10.4012802404065
  endloop
endfacet
facet normal -0.793353340291177 0.60876142900877 1.78731999269731e-007
  outer loop
    vertex 36.5356554077806 314.981309664783 9.40127978791663
    vertex 36.8058171409504 315.333390820462 10.4012802427015
    vertex 36.805817066197 315.3333911928 9.40127978791663
  endloop
endfacet
facet normal 0.793353340291252 -0.608761429008672 -1.78731964773367e-007
  outer loop
    vertex 33.8613306933299 317.0333911928 9.40127978791663
    vertex 34.1314924264997 317.385472348479 10.4012802441484
    vertex 33.8613307680833 317.033390820462 10.4012802418533
  endloop
endfacet
facet normal 0.793353340291252 -0.608761429008672 -1.78731964773367e-007
  outer loop
    vertex 34.1314924264997 317.385472348479 10.4012802441484
    vertex 33.8613306933299 317.0333911928 9.40127978791663
    vertex 34.1314923517463 317.385472720817 9.40127978791663
  endloop
endfacet
facet normal -0.130526192220118 0.991444861373773 2.36818940752872e-007
  outer loop
    vertex 35.3335739545168 314.483390820462 10.4012802348584
    vertex 35.7735662564377 314.541317288109 9.40127978791663
    vertex 35.3335738797634 314.4833911928 9.40127978791663
  endloop
endfacet
facet normal -0.130526192220118 0.991444861373773 2.36818940752872e-007
  outer loop
    vertex 35.7735662564377 314.541317288109 9.40127978791663
    vertex 35.3335739545168 314.483390820462 10.4012802348584
    vertex 35.7735663311912 314.54131691577 10.4012802363465
  endloop
endfacet
facet normal 0.793353340291185 0.608761429008777 1.04599665371252e-007
  outer loop
    vertex 34.1314923517463 314.981309664783 9.40127978791663
    vertex 33.8613307680833 315.333390820462 10.4012802344343
    vertex 34.1314924264997 314.981309292445 10.4012802336562
  endloop
endfacet
facet normal 0.793353340291185 0.608761429008777 1.04599665371252e-007
  outer loop
    vertex 33.8613307680833 315.333390820462 10.4012802344343
    vertex 34.1314923517463 314.981309664783 9.40127978791663
    vertex 33.8613306933299 315.3333911928 9.40127978791663
  endloop
endfacet
facet normal -0.382683432364916 -0.923879532511338 -1.97118154499763e-007
  outer loop
    vertex 36.1835739545168 317.655634006895 10.4012802510891
    vertex 35.7735662564377 317.825465097492 9.40127978791663
    vertex 36.1835738797634 317.655634379234 9.40127978791663
  endloop
endfacet
facet normal -0.382683432364916 -0.923879532511338 -1.97118154499763e-007
  outer loop
    vertex 35.7735662564377 317.825465097492 9.40127978791663
    vertex 36.1835739545168 317.655634006895 10.4012802510891
    vertex 35.7735663311912 317.825464725153 10.4012802506791
  endloop
endfacet
facet normal -0.130526192219877 0.991444861373763 3.74062635125762e-007
  outer loop
    vertex 35.3335739545168 346.483390820462 10.4012801003335
    vertex 35.7735657762331 346.541317446374 9.40127978791664
    vertex 35.3335733995588 346.483391351065 9.40127978791664
  endloop
endfacet
facet normal -0.130526192219877 0.991444861373763 3.74062635125762e-007
  outer loop
    vertex 35.7735657762331 346.541317446374 9.40127978791664
    vertex 35.3335739545168 346.483390820462 10.4012801003335
    vertex 35.7735663311911 346.54131691577 10.4012800007623
  endloop
endfacet
facet normal -0.382683432364986 0.923879532511225 4.39116519837509e-007
  outer loop
    vertex 35.7735663311911 346.54131691577 10.4012800007623
    vertex 36.1835733995588 346.711148164631 9.40127978791664
    vertex 35.7735657762331 346.541317446374 9.40127978791664
  endloop
endfacet
facet normal -0.382683432364986 0.923879532511225 4.39116519837509e-007
  outer loop
    vertex 36.1835733995588 346.711148164631 9.40127978791664
    vertex 35.7735663311911 346.54131691577 10.4012800007623
    vertex 36.1835739545168 346.711147634028 10.4012799176499
  endloop
endfacet
facet normal -0.793353340291088 0.608761429008726 4.7705517218384e-007
  outer loop
    vertex 36.8058171409503 347.333390820462 10.4012798219501
    vertex 36.5356549275759 346.981309823048 9.40127978791664
    vertex 36.5356554825339 346.981309292445 10.4012798566604
  endloop
endfacet
facet normal -0.793353340291088 0.608761429008726 4.7705517218384e-007
  outer loop
    vertex 36.5356549275759 346.981309823048 9.40127978791664
    vertex 36.8058171409503 347.333390820462 10.4012798219501
    vertex 36.8058165859924 347.333391351065 9.40127978791664
  endloop
endfacet
facet normal -0.991444861373738 0.130526192220028 3.87167309272952e-007
  outer loop
    vertex 37.0335739545168 348.183390820462 10.4012798388766
    vertex 36.9756473042502 347.743398974391 9.40127978791664
    vertex 36.9756478592082 347.743398443788 10.4012798158844
  endloop
endfacet
facet normal -0.991444861373738 0.130526192220028 3.87167309272952e-007
  outer loop
    vertex 36.9756473042502 347.743398974391 9.40127978791664
    vertex 37.0335739545168 348.183390820462 10.4012798388766
    vertex 37.0335733995588 348.183391351065 9.40127978791664
  endloop
endfacet
facet normal -0.923879532511247 -0.382683432365184 -4.58903772586766e-008
  outer loop
    vertex 36.8058171409504 317.033390820462 10.4012802501206
    vertex 36.9756477844549 316.623383569475 9.40127978791663
    vertex 36.9756478592083 316.623383197136 10.4012802488081
  endloop
endfacet
facet normal -0.923879532511247 -0.382683432365184 -4.58903772586766e-008
  outer loop
    vertex 36.9756477844549 316.623383569475 9.40127978791663
    vertex 36.8058171409504 317.033390820462 10.4012802501206
    vertex 36.805817066197 317.0333911928 9.40127978791663
  endloop
endfacet
facet normal -0.608761429008739 -0.793353340291206 -1.56180635486828e-007
  outer loop
    vertex 36.535655482534 317.385472348479 10.4012802508986
    vertex 36.1835738797634 317.655634379234 9.40127978791663
    vertex 36.5356554077806 317.385472720817 9.40127978791663
  endloop
endfacet
facet normal -0.608761429008739 -0.793353340291206 -1.56180635486828e-007
  outer loop
    vertex 36.1835738797634 317.655634379234 9.40127978791663
    vertex 36.535655482534 317.385472348479 10.4012802508986
    vertex 36.1835739545168 317.655634006895 10.4012802510891
  endloop
endfacet
facet normal 0.991444861373811 0.130526192220048 -1.59462216570738e-008
  outer loop
    vertex 33.691499975072 315.743398816126 9.40127978791663
    vertex 33.6335739545168 316.183390820462 10.4012802375043
    vertex 33.6915000498254 315.743398443787 10.4012802357468
  endloop
endfacet
facet normal 0.991444861373811 0.130526192220048 -1.59462216570738e-008
  outer loop
    vertex 33.6335739545168 316.183390820462 10.4012802375043
    vertex 33.691499975072 315.743398816126 9.40127978791663
    vertex 33.6335738797634 316.1833911928 9.40127978791663
  endloop
endfacet
facet normal -0.793353340291088 0.608761429008726 4.77056357473383e-007
  outer loop
    vertex 68.8058171409503 347.333390820462 10.4012798219501
    vertex 68.5356549275743 346.981309823049 9.40127978791663
    vertex 68.5356554825339 346.981309292445 10.4012798566604
  endloop
endfacet
facet normal -0.793353340291088 0.608761429008726 4.77056357473383e-007
  outer loop
    vertex 68.5356549275743 346.981309823049 9.40127978791663
    vertex 68.8058171409503 347.333390820462 10.4012798219501
    vertex 68.8058165859907 347.333391351066 9.40127978791663
  endloop
endfacet
facet normal -0.92387953251122 0.38268343236499 4.47354479017973e-007
  outer loop
    vertex 36.9756478592082 347.743398443788 10.4012798158844
    vertex 36.8058165859924 347.333391351065 9.40127978791664
    vertex 36.8058171409503 347.333390820462 10.4012798219501
  endloop
endfacet
facet normal -0.92387953251122 0.38268343236499 4.47354479017973e-007
  outer loop
    vertex 36.8058165859924 347.333391351065 9.40127978791664
    vertex 36.9756478592082 347.743398443788 10.4012798158844
    vertex 36.9756473042502 347.743398974391 9.40127978791664
  endloop
endfacet
facet normal -0.923879532511242 -0.382683432365148 1.93538254388501e-007
  outer loop
    vertex 36.8058171409503 349.033390820462 10.4012799638941
    vertex 36.9756473042502 348.623383727739 9.40127978791664
    vertex 36.9756478592082 348.623383197136 10.40127988936
  endloop
endfacet
facet normal -0.923879532511242 -0.382683432365148 1.93538254388501e-007
  outer loop
    vertex 36.9756473042502 348.623383727739 9.40127978791664
    vertex 36.8058171409503 349.033390820462 10.4012799638941
    vertex 36.8058165859923 349.033391351065 9.40127978791664
  endloop
endfacet
facet normal -0.382683432365051 0.923879532511273 2.32876718557217e-007
  outer loop
    vertex 35.7735663311912 314.54131691577 10.4012802363465
    vertex 36.1835738797634 314.711148006367 9.40127978791663
    vertex 35.7735662564377 314.541317288109 9.40127978791663
  endloop
endfacet
facet normal -0.382683432365051 0.923879532511273 2.32876718557217e-007
  outer loop
    vertex 36.1835738797634 314.711148006367 9.40127978791663
    vertex 35.7735663311912 314.54131691577 10.4012802363465
    vertex 36.1835739545169 314.711147634028 10.4012802382389
  endloop
endfacet
facet normal -0.923879532511255 0.382683432365144 1.32219330715189e-007
  outer loop
    vertex 36.9756478592083 315.743398443787 10.4012802449677
    vertex 36.805817066197 315.3333911928 9.40127978791663
    vertex 36.8058171409504 315.333390820462 10.4012802427015
  endloop
endfacet
facet normal -0.923879532511255 0.382683432365144 1.32219330715189e-007
  outer loop
    vertex 36.805817066197 315.3333911928 9.40127978791663
    vertex 36.9756478592083 315.743398443787 10.4012802449677
    vertex 36.9756477844549 315.743398816126 9.40127978791663
  endloop
endfacet
facet normal -0.130526192220118 -0.991444861373776 -2.24622341211538e-007
  outer loop
    vertex 35.7735663311912 317.825464725153 10.4012802506791
    vertex 35.3335738797634 317.8833911928 9.40127978791663
    vertex 35.7735662564377 317.825465097492 9.40127978791663
  endloop
endfacet
facet normal -0.130526192220118 -0.991444861373776 -2.24622341211538e-007
  outer loop
    vertex 35.3335738797634 317.8833911928 9.40127978791663
    vertex 35.7735663311912 317.825464725153 10.4012802506791
    vertex 35.3335739545168 317.883390820462 10.4012802496965
  endloop
endfacet
facet normal 0.130526192219957 0.991444861373782 2.83516945376639e-007
  outer loop
    vertex 34.8935815778426 346.54131691577 10.4012802095779
    vertex 35.3335733995588 346.483391351065 9.40127978791664
    vertex 34.8935810228845 346.541317446374 9.40127978791664
  endloop
endfacet
facet normal 0.130526192219957 0.991444861373782 2.83516945376639e-007
  outer loop
    vertex 35.3335733995588 346.483391351065 9.40127978791664
    vertex 34.8935815778426 346.54131691577 10.4012802095779
    vertex 35.3335739545168 346.483390820462 10.4012801003335
  endloop
endfacet
facet normal -0.608761429008676 0.793353340291128 4.74245343833974e-007
  outer loop
    vertex 36.1835739545168 346.711147634028 10.4012799176499
    vertex 36.5356549275759 346.981309823048 9.40127978791664
    vertex 36.1835733995588 346.711148164631 9.40127978791664
  endloop
endfacet
facet normal -0.608761429008676 0.793353340291128 4.74245343833974e-007
  outer loop
    vertex 36.5356549275759 346.981309823048 9.40127978791664
    vertex 36.1835739545168 346.711147634028 10.4012799176499
    vertex 36.5356554825339 346.981309292445 10.4012798566604
  endloop
endfacet
facet normal 0.382683432364878 -0.923879532511345 -2.32876769208992e-007
  outer loop
    vertex 34.8935815778425 317.825464725153 10.4012802482084
    vertex 34.4835738797634 317.655634379234 9.40127978791663
    vertex 34.8935815030891 317.825465097492 9.40127978791663
  endloop
endfacet
facet normal 0.382683432364878 -0.923879532511345 -2.32876769208992e-007
  outer loop
    vertex 34.4835738797634 317.655634379234 9.40127978791663
    vertex 34.8935815778425 317.825464725153 10.4012802482084
    vertex 34.4835739545168 317.655634006895 10.401280246316
  endloop
endfacet
facet normal -0.793353340291234 -0.608761429008718 7.32918975375081e-008
  outer loop
    vertex 36.5356554825339 349.385472348479 10.4012800573995
    vertex 36.8058165859923 349.033391351065 9.40127978791664
    vertex 36.8058171409503 349.033390820462 10.4012799638941
  endloop
endfacet
facet normal -0.793353340291234 -0.608761429008718 7.32918975375081e-008
  outer loop
    vertex 36.8058165859923 349.033391351065 9.40127978791664
    vertex 36.5356554825339 349.385472348479 10.4012800573995
    vertex 36.5356549275759 349.385472879082 9.40127978791664
  endloop
endfacet
facet normal 0.92387953251124 -0.38268343236518 -1.32219309395638e-007
  outer loop
    vertex 33.691499975072 316.623383569475 9.40127978791663
    vertex 33.8613307680833 317.033390820462 10.4012802418533
    vertex 33.6915000498254 316.623383197136 10.4012802395872
  endloop
endfacet
facet normal 0.92387953251124 -0.38268343236518 -1.32219309395638e-007
  outer loop
    vertex 33.8613307680833 317.033390820462 10.4012802418533
    vertex 33.691499975072 316.623383569475 9.40127978791663
    vertex 33.8613306933299 317.0333911928 9.40127978791663
  endloop
endfacet
facet normal -0.991444861373757 -0.130526192220109 3.0059635057689e-007
  outer loop
    vertex 68.9756478592082 348.623383197136 10.40127988936
    vertex 69.0335733995571 348.183391351066 9.40127978791663
    vertex 69.0335739545168 348.183390820462 10.4012798388766
  endloop
endfacet
facet normal -0.991444861373757 -0.130526192220109 3.0059635057689e-007
  outer loop
    vertex 69.0335733995571 348.183391351066 9.40127978791663
    vertex 68.9756478592082 348.623383197136 10.40127988936
    vertex 68.9756473042485 348.62338372774 9.40127978791663
  endloop
endfacet
facet normal -0.92387953251122 0.38268343236499 4.47355688271816e-007
  outer loop
    vertex 68.9756478592082 347.743398443788 10.4012798158844
    vertex 68.8058165859907 347.333391351066 9.40127978791663
    vertex 68.8058171409503 347.333390820462 10.4012798219501
  endloop
endfacet
facet normal -0.92387953251122 0.38268343236499 4.47355688271816e-007
  outer loop
    vertex 68.8058165859907 347.333391351066 9.40127978791663
    vertex 68.9756478592082 347.743398443788 10.4012798158844
    vertex 68.9756473042486 347.743398974391 9.40127978791663
  endloop
endfacet
facet normal -0.92387953251129 -0.382683432365033 1.93539096933273e-007
  outer loop
    vertex 68.8058171409503 349.033390820462 10.4012799638941
    vertex 68.9756473042485 348.62338372774 9.40127978791663
    vertex 68.9756478592082 348.623383197136 10.40127988936
  endloop
endfacet
facet normal -0.92387953251129 -0.382683432365033 1.93539096933273e-007
  outer loop
    vertex 68.9756473042485 348.62338372774 9.40127978791663
    vertex 68.8058171409503 349.033390820462 10.4012799638941
    vertex 68.8058165859907 349.033391351066 9.40127978791663
  endloop
endfacet
facet normal -0.608761429008598 -0.793353340291328 -5.19489279015128e-008
  outer loop
    vertex 68.5356554825339 349.385472348479 10.4012800573995
    vertex 68.183573399557 349.655634537499 9.40127978791663
    vertex 68.5356549275742 349.385472879083 9.40127978791663
  endloop
endfacet
facet normal -0.608761429008598 -0.793353340291328 -5.19489279015128e-008
  outer loop
    vertex 68.183573399557 349.655634537499 9.40127978791663
    vertex 68.5356554825339 349.385472348479 10.4012800573995
    vertex 68.1835739545168 349.655634006895 10.4012801635041
  endloop
endfacet
facet normal 0.793353340291163 -0.608761429008627 -4.77055169116965e-007
  outer loop
    vertex 33.8613302131251 349.033391351065 9.40127978791664
    vertex 34.1314924264998 349.385472348479 10.4012806278944
    vertex 33.8613307680833 349.033390820462 10.4012806626048
  endloop
endfacet
facet normal 0.793353340291163 -0.608761429008627 -4.77055169116965e-007
  outer loop
    vertex 34.1314924264998 349.385472348479 10.4012806278944
    vertex 33.8613302131251 349.033391351065 9.40127978791664
    vertex 34.1314918715415 349.385472879082 9.40127978791664
  endloop
endfacet
facet normal -0.991444861373738 0.130526192220028 3.87168460063252e-007
  outer loop
    vertex 69.0335739545168 348.183390820462 10.4012798388766
    vertex 68.9756473042486 347.743398974391 9.40127978791663
    vertex 68.9756478592082 347.743398443788 10.4012798158844
  endloop
endfacet
facet normal -0.991444861373738 0.130526192220028 3.87168460063252e-007
  outer loop
    vertex 68.9756473042486 347.743398974391 9.40127978791663
    vertex 69.0335739545168 348.183390820462 10.4012798388766
    vertex 69.0335733995571 348.183391351066 9.40127978791663
  endloop
endfacet
facet normal 0.991444861373767 0.130526192220032 -3.00595326258126e-007
  outer loop
    vertex 33.6914994948672 347.743398974391 9.40127978791664
    vertex 33.6335739545169 348.183390820462 10.4012806456783
    vertex 33.6915000498255 347.743398443787 10.4012805951949
  endloop
endfacet
facet normal 0.991444861373767 0.130526192220032 -3.00595326258126e-007
  outer loop
    vertex 33.6335739545169 348.183390820462 10.4012806456783
    vertex 33.6914994948672 347.743398974391 9.40127978791664
    vertex 33.6335733995587 348.183391351065 9.40127978791664
  endloop
endfacet
facet normal 0.92387953251122 -0.38268343236499 -4.47355677062182e-007
  outer loop
    vertex 65.6914994948655 348.62338372774 9.40127978791663
    vertex 65.8613307680833 349.033390820462 10.4012806626048
    vertex 65.6915000498255 348.623383197136 10.4012806686705
  endloop
endfacet
facet normal 0.92387953251122 -0.38268343236499 -4.47355677062182e-007
  outer loop
    vertex 65.8613307680833 349.033390820462 10.4012806626048
    vertex 65.6914994948655 348.62338372774 9.40127978791663
    vertex 65.8613302131234 349.033391351066 9.40127978791663
  endloop
endfacet
facet normal -0.130526192220162 -0.991444861373755 -2.83517230354214e-007
  outer loop
    vertex 67.7735663311911 349.825464725153 10.401280274977
    vertex 67.333573399557 349.883391351066 9.40127978791663
    vertex 67.7735657762313 349.825465255757 9.40127978791663
  endloop
endfacet
facet normal -0.130526192220162 -0.991444861373755 -2.83517230354214e-007
  outer loop
    vertex 67.333573399557 349.883391351066 9.40127978791663
    vertex 67.7735663311911 349.825464725153 10.401280274977
    vertex 67.3335739545168 349.883390820462 10.4012803842214
  endloop
endfacet
facet normal 0.92387953251119 -0.382683432365062 -4.47354463350264e-007
  outer loop
    vertex 33.6914994948672 348.623383727739 9.40127978791664
    vertex 33.8613307680833 349.033390820462 10.4012806626048
    vertex 33.6915000498255 348.623383197136 10.4012806686705
  endloop
endfacet
facet normal 0.92387953251119 -0.382683432365062 -4.47354463350264e-007
  outer loop
    vertex 33.8613307680833 349.033390820462 10.4012806626048
    vertex 33.6914994948672 348.623383727739 9.40127978791664
    vertex 33.8613302131251 349.033391351065 9.40127978791664
  endloop
endfacet
facet normal -0.382683432365267 -0.923879532511197 -1.73650009742462e-007
  outer loop
    vertex 68.1835739545168 349.655634006895 10.4012801635041
    vertex 67.7735657762313 349.825465255757 9.40127978791663
    vertex 68.183573399557 349.655634537499 9.40127978791663
  endloop
endfacet
facet normal -0.382683432365267 -0.923879532511197 -1.73650009742462e-007
  outer loop
    vertex 67.7735657762313 349.825465255757 9.40127978791663
    vertex 68.1835739545168 349.655634006895 10.4012801635041
    vertex 67.7735663311911 349.825464725153 10.401280274977
  endloop
endfacet
facet normal 0.130526192220157 0.991444861373756 2.83517266823867e-007
  outer loop
    vertex 66.8935815778426 346.54131691577 10.4012802095779
    vertex 67.3335733995571 346.483391351066 9.40127978791663
    vertex 66.8935810228828 346.541317446374 9.40127978791663
  endloop
endfacet
facet normal 0.130526192220157 0.991444861373756 2.83517266823867e-007
  outer loop
    vertex 67.3335733995571 346.483391351066 9.40127978791663
    vertex 66.8935815778426 346.54131691577 10.4012802095779
    vertex 67.3335739545168 346.483390820462 10.4012801003335
  endloop
endfacet
facet normal 0.793353340291063 -0.608761429008758 -4.77056331279695e-007
  outer loop
    vertex 65.8613302131234 349.033391351066 9.40127978791663
    vertex 66.1314924264997 349.385472348479 10.4012806278944
    vertex 65.8613307680833 349.033390820462 10.4012806626048
  endloop
endfacet
facet normal 0.793353340291063 -0.608761429008758 -4.77056331279695e-007
  outer loop
    vertex 66.1314924264997 349.385472348479 10.4012806278944
    vertex 65.8613302131234 349.033391351066 9.40127978791663
    vertex 66.1314918715399 349.385472879083 9.40127978791663
  endloop
endfacet
facet normal -0.382683432365142 0.923879532511161 4.39117375330724e-007
  outer loop
    vertex 67.7735663311911 346.54131691577 10.4012800007623
    vertex 68.1835733995572 346.711148164632 9.40127978791663
    vertex 67.7735657762314 346.541317446374 9.40127978791663
  endloop
endfacet
facet normal -0.382683432365142 0.923879532511161 4.39117375330724e-007
  outer loop
    vertex 68.1835733995572 346.711148164632 9.40127978791663
    vertex 67.7735663311911 346.54131691577 10.4012800007623
    vertex 68.1835739545168 346.711147634028 10.4012799176499
  endloop
endfacet
facet normal 0.923879532511242 0.382683432365148 -1.9353826511848e-007
  outer loop
    vertex 33.8613302131251 347.333391351065 9.40127978791664
    vertex 33.6915000498255 347.743398443787 10.4012805951949
    vertex 33.8613307680833 347.333390820462 10.4012805206608
  endloop
endfacet
facet normal 0.923879532511242 0.382683432365148 -1.9353826511848e-007
  outer loop
    vertex 33.6915000498255 347.743398443787 10.4012805951949
    vertex 33.8613302131251 347.333391351065 9.40127978791664
    vertex 33.6914994948672 347.743398974391 9.40127978791664
  endloop
endfacet
facet normal 0.793353340291234 0.608761429008718 -7.32918747698941e-008
  outer loop
    vertex 34.1314918715416 346.981309823048 9.40127978791664
    vertex 33.8613307680833 347.333390820462 10.4012805206608
    vertex 34.1314924264998 346.981309292445 10.4012804271554
  endloop
endfacet
facet normal 0.793353340291234 0.608761429008718 -7.32918747698941e-008
  outer loop
    vertex 33.8613307680833 347.333390820462 10.4012805206608
    vertex 34.1314918715416 346.981309823048 9.40127978791664
    vertex 33.8613302131251 347.333391351065 9.40127978791664
  endloop
endfacet
facet normal -0.60876142900875 -0.793353340291211 -5.19492298140253e-008
  outer loop
    vertex 36.5356554825339 349.385472348479 10.4012800573995
    vertex 36.1835733995587 349.655634537499 9.40127978791664
    vertex 36.5356549275759 349.385472879082 9.40127978791664
  endloop
endfacet
facet normal -0.60876142900875 -0.793353340291211 -5.19492298140253e-008
  outer loop
    vertex 36.1835733995587 349.655634537499 9.40127978791664
    vertex 36.5356554825339 349.385472348479 10.4012800573995
    vertex 36.1835739545168 349.655634006895 10.4012801635041
  endloop
endfacet
facet normal -0.793353340291234 -0.608761429008718 7.32924444437004e-008
  outer loop
    vertex 68.5356554825339 349.385472348479 10.4012800573995
    vertex 68.8058165859907 349.033391351066 9.40127978791663
    vertex 68.8058171409503 349.033390820462 10.4012799638941
  endloop
endfacet
facet normal -0.793353340291234 -0.608761429008718 7.32924444437004e-008
  outer loop
    vertex 68.8058165859907 349.033391351066 9.40127978791663
    vertex 68.5356554825339 349.385472348479 10.4012800573995
    vertex 68.5356549275742 349.385472879083 9.40127978791663
  endloop
endfacet
facet normal 0.608761429008782 -0.79335334029116 -2.11615744073826e-007
  outer loop
    vertex 66.4835739545168 317.655634006895 10.4012802443165
    vertex 66.1314923528333 317.38547271873 9.40127978791664
    vertex 66.4835738808504 317.655634377146 9.40127978791664
  endloop
endfacet
facet normal 0.608761429008782 -0.79335334029116 -2.11615744073826e-007
  outer loop
    vertex 66.1314923528333 317.38547271873 9.40127978791664
    vertex 66.4835739545168 317.655634006895 10.4012802443165
    vertex 66.1314924264997 317.385472348479 10.4012802422404
  endloop
endfacet
facet normal 0.793353340291309 0.60876142900862 -7.32924783687741e-008
  outer loop
    vertex 66.1314918715399 346.981309823049 9.40127978791663
    vertex 65.8613307680833 347.333390820462 10.4012805206608
    vertex 66.1314924264997 346.981309292445 10.4012804271554
  endloop
endfacet
facet normal 0.793353340291309 0.60876142900862 -7.32924783687741e-008
  outer loop
    vertex 65.8613307680833 347.333390820462 10.4012805206608
    vertex 66.1314918715399 346.981309823049 9.40127978791663
    vertex 65.8613302131235 347.333391351066 9.40127978791663
  endloop
endfacet
facet normal 0.793353340291185 0.608761429008777 1.04344473212668e-007
  outer loop
    vertex 66.1314923528333 314.981309662696 9.40127978791664
    vertex 65.8613307680833 315.333390820462 10.4012802345244
    vertex 66.1314924264997 314.981309292445 10.4012802342609
  endloop
endfacet
facet normal 0.793353340291185 0.608761429008777 1.04344473212668e-007
  outer loop
    vertex 65.8613307680833 315.333390820462 10.4012802345244
    vertex 66.1314923528333 314.981309662696 9.40127978791664
    vertex 65.8613306944169 315.333391190713 9.40127978791664
  endloop
endfacet
facet normal 0.608761429008739 0.793353340291206 1.55559206620129e-007
  outer loop
    vertex 66.1314924264997 314.981309292445 10.4012802342609
    vertex 66.4835738808505 314.711148004279 9.40127978791664
    vertex 66.1314923528333 314.981309662696 9.40127978791664
  endloop
endfacet
facet normal 0.608761429008739 0.793353340291206 1.55559206620129e-007
  outer loop
    vertex 66.4835738808505 314.711148004279 9.40127978791664
    vertex 66.1314924264997 314.981309292445 10.4012802342609
    vertex 66.4835739545168 314.711147634028 10.4012802345436
  endloop
endfacet
facet normal -0.382683432365267 -0.923879532511197 -1.7365005809529e-007
  outer loop
    vertex 36.1835739545168 349.655634006895 10.4012801635041
    vertex 35.773565776233 349.825465255756 9.40127978791664
    vertex 36.1835733995587 349.655634537499 9.40127978791664
  endloop
endfacet
facet normal -0.382683432365267 -0.923879532511197 -1.7365005809529e-007
  outer loop
    vertex 35.773565776233 349.825465255756 9.40127978791664
    vertex 36.1835739545168 349.655634006895 10.4012801635041
    vertex 35.7735663311911 349.825464725153 10.401280274977
  endloop
endfacet
facet normal 0.608761429008622 0.793353340291309 5.19492316716943e-008
  outer loop
    vertex 34.1314924264998 346.981309292445 10.4012804271554
    vertex 34.4835733995587 346.711148164632 9.40127978791664
    vertex 34.1314918715416 346.981309823048 9.40127978791664
  endloop
endfacet
facet normal 0.608761429008622 0.793353340291309 5.19492316716943e-008
  outer loop
    vertex 34.4835733995587 346.711148164632 9.40127978791664
    vertex 34.1314924264998 346.981309292445 10.4012804271554
    vertex 34.4835739545169 346.711147634028 10.4012803210508
  endloop
endfacet
facet normal 0.130526192220077 -0.991444861373737 -3.74063274787895e-007
  outer loop
    vertex 67.3335739545168 349.883390820462 10.4012803842214
    vertex 66.8935810228827 349.825465255757 9.40127978791663
    vertex 67.333573399557 349.883391351066 9.40127978791663
  endloop
endfacet
facet normal 0.130526192220077 -0.991444861373737 -3.74063274787895e-007
  outer loop
    vertex 66.8935810228827 349.825465255757 9.40127978791663
    vertex 67.3335739545168 349.883390820462 10.4012803842214
    vertex 66.8935815778426 349.825464725153 10.4012804837926
  endloop
endfacet
facet normal 0.382683432364968 -0.923879532511233 -4.39117419444732e-007
  outer loop
    vertex 66.8935815778426 349.825464725153 10.4012804837926
    vertex 66.483573399557 349.655634537499 9.40127978791663
    vertex 66.8935810228827 349.825465255757 9.40127978791663
  endloop
endfacet
facet normal 0.382683432364968 -0.923879532511233 -4.39117419444732e-007
  outer loop
    vertex 66.483573399557 349.655634537499 9.40127978791663
    vertex 66.8935815778426 349.825464725153 10.4012804837926
    vertex 66.4835739545168 349.655634006895 10.4012805669049
  endloop
endfacet
facet normal -0.130526192219882 0.991444861373762 3.74063187483794e-007
  outer loop
    vertex 67.3335739545168 346.483390820462 10.4012801003335
    vertex 67.7735657762314 346.541317446374 9.40127978791663
    vertex 67.3335733995571 346.483391351066 9.40127978791663
  endloop
endfacet
facet normal -0.130526192219882 0.991444861373762 3.74063187483794e-007
  outer loop
    vertex 67.7735657762314 346.541317446374 9.40127978791663
    vertex 67.3335739545168 346.483390820462 10.4012801003335
    vertex 67.7735663311911 346.54131691577 10.4012800007623
  endloop
endfacet
facet normal -0.793353340291177 0.60876142900877 1.77398775674973e-007
  outer loop
    vertex 68.8058171409504 315.333390820462 10.4012802443881
    vertex 68.5356554088676 314.981309662696 9.40127978791664
    vertex 68.535655482534 314.981309292445 10.4012802423145
  endloop
endfacet
facet normal -0.793353340291177 0.60876142900877 1.77398775674973e-007
  outer loop
    vertex 68.5356554088676 314.981309662696 9.40127978791664
    vertex 68.8058171409504 315.333390820462 10.4012802443881
    vertex 68.805817067284 315.333391190713 9.40127978791664
  endloop
endfacet
facet normal 0.382683432364986 -0.923879532511225 -4.39116511840751e-007
  outer loop
    vertex 34.8935815778426 349.825464725153 10.4012804837926
    vertex 34.4835733995586 349.655634537499 9.40127978791664
    vertex 34.8935810228844 349.825465255756 9.40127978791664
  endloop
endfacet
facet normal 0.382683432364986 -0.923879532511225 -4.39116511840751e-007
  outer loop
    vertex 34.4835733995586 349.655634537499 9.40127978791664
    vertex 34.8935815778426 349.825464725153 10.4012804837926
    vertex 34.4835739545169 349.655634006895 10.4012805669049
  endloop
endfacet
facet normal 0.608761429008701 -0.793353340291109 -4.74246397796507e-007
  outer loop
    vertex 66.4835739545168 349.655634006895 10.4012805669049
    vertex 66.1314918715399 349.385472879083 9.40127978791663
    vertex 66.483573399557 349.655634537499 9.40127978791663
  endloop
endfacet
facet normal 0.608761429008701 -0.793353340291109 -4.74246397796507e-007
  outer loop
    vertex 66.1314918715399 349.385472879083 9.40127978791663
    vertex 66.4835739545168 349.655634006895 10.4012805669049
    vertex 66.1314924264997 349.385472348479 10.4012806278944
  endloop
endfacet
facet normal -0.130526192219957 -0.991444861373782 -2.83516910749036e-007
  outer loop
    vertex 35.7735663311911 349.825464725153 10.401280274977
    vertex 35.3335733995587 349.883391351065 9.40127978791664
    vertex 35.773565776233 349.825465255756 9.40127978791664
  endloop
endfacet
facet normal -0.130526192219957 -0.991444861373782 -2.83516910749036e-007
  outer loop
    vertex 35.3335733995587 349.883391351065 9.40127978791664
    vertex 35.7735663311911 349.825464725153 10.401280274977
    vertex 35.3335739545168 349.883390820462 10.4012803842214
  endloop
endfacet
facet normal 0.382683432365267 0.923879532511197 1.73650042296035e-007
  outer loop
    vertex 34.4835739545169 346.711147634028 10.4012803210508
    vertex 34.8935810228845 346.541317446374 9.40127978791664
    vertex 34.4835733995587 346.711148164632 9.40127978791664
  endloop
endfacet
facet normal 0.382683432365267 0.923879532511197 1.73650042296035e-007
  outer loop
    vertex 34.8935810228845 346.541317446374 9.40127978791664
    vertex 34.4835739545169 346.711147634028 10.4012803210508
    vertex 34.8935815778426 346.54131691577 10.4012802095779
  endloop
endfacet
facet normal -0.608761429008782 0.79335334029116 2.116157443425e-007
  outer loop
    vertex 68.1835739545169 314.711147634028 10.4012802402384
    vertex 68.5356554088676 314.981309662696 9.40127978791664
    vertex 68.1835738808505 314.711148004279 9.40127978791664
  endloop
endfacet
facet normal -0.608761429008782 0.79335334029116 2.116157443425e-007
  outer loop
    vertex 68.5356554088676 314.981309662696 9.40127978791664
    vertex 68.1835739545169 314.711147634028 10.4012802402384
    vertex 68.535655482534 314.981309292445 10.4012802423145
  endloop
endfacet
facet normal 0.956940335727831 -0.290284677253725 2.96773925692072e-006
  outer loop
    vertex 33.3419013767016 338.290740577021 7.00117240510221
    vertex 32.9809707844992 337.100953165205 10.4012486966368
    vertex 32.9809831376289 337.100952593209 7.00116813129769
  endloop
endfacet
facet normal 0.956940335727831 -0.290284677253725 2.96773925692072e-006
  outer loop
    vertex 32.9809707844992 337.100953165205 10.4012486966368
    vertex 33.3419013767016 338.290740577021 7.00117240510221
    vertex 33.341889023579 338.290741149017 10.4012507087546
  endloop
endfacet
facet normal 0.382683432364878 -0.923879532511346 -2.31411448933227e-007
  outer loop
    vertex 66.8935815778425 317.825464725153 10.4012802462536
    vertex 66.4835738808504 317.655634377146 9.40127978791664
    vertex 66.8935815041762 317.825465095404 9.40127978791664
  endloop
endfacet
facet normal 0.382683432364878 -0.923879532511346 -2.31411448933227e-007
  outer loop
    vertex 66.4835738808504 317.655634377146 9.40127978791664
    vertex 66.8935815778425 317.825464725153 10.4012802462536
    vertex 66.4835739545168 317.655634006895 10.4012802443165
  endloop
endfacet
facet normal -0.130526192220116 -0.991444861373777 -2.23417555168331e-007
  outer loop
    vertex 67.7735663311911 317.825464725153 10.4012802492014
    vertex 67.3335738808505 317.883391190713 9.40127978791664
    vertex 67.7735662575248 317.825465095404 9.40127978791664
  endloop
endfacet
facet normal -0.130526192220116 -0.991444861373777 -2.23417555168331e-007
  outer loop
    vertex 67.3335738808505 317.883391190713 9.40127978791664
    vertex 67.7735663311911 317.825464725153 10.4012802492014
    vertex 67.3335739545168 317.883390820462 10.4012802479198
  endloop
endfacet
facet normal 0.991444861373745 -0.130526192219978 -3.87168455723666e-007
  outer loop
    vertex 65.633573399557 348.183391351066 9.40127978791663
    vertex 65.6915000498255 348.623383197136 10.4012806686705
    vertex 65.6335739545169 348.183390820462 10.4012806456783
  endloop
endfacet
facet normal 0.991444861373745 -0.130526192219978 -3.87168455723666e-007
  outer loop
    vertex 65.6915000498255 348.623383197136 10.4012806686705
    vertex 65.633573399557 348.183391351066 9.40127978791663
    vertex 65.6914994948655 348.62338372774 9.40127978791663
  endloop
endfacet
facet normal 0.92387953251126 0.382683432365105 -1.93539086077686e-007
  outer loop
    vertex 65.8613302131235 347.333391351066 9.40127978791663
    vertex 65.6915000498255 347.743398443787 10.4012805951949
    vertex 65.8613307680833 347.333390820462 10.4012805206608
  endloop
endfacet
facet normal 0.92387953251126 0.382683432365105 -1.93539086077686e-007
  outer loop
    vertex 65.6915000498255 347.743398443787 10.4012805951949
    vertex 65.8613302131235 347.333391351066 9.40127978791663
    vertex 65.6914994948656 347.743398974392 9.40127978791663
  endloop
endfacet
facet normal 0.973876979272771 -0.227076263033864 3.01962618158857e-006
  outer loop
    vertex 32.9809831376289 337.100952593209 7.00116813129769
    vertex 32.6986411563341 335.890107426563 10.4012471787869
    vertex 32.6986535094713 335.890106854568 7.00116420210607
  endloop
endfacet
facet normal 0.973876979272771 -0.227076263033864 3.01962618158857e-006
  outer loop
    vertex 32.6986411563341 335.890107426563 10.4012471787869
    vertex 32.9809831376289 337.100952593209 7.00116813129769
    vertex 32.9809707844992 337.100953165205 10.4012486966368
  endloop
endfacet
facet normal 0.995184726667401 -0.0980171403297203 3.08444170528567e-006
  outer loop
    vertex 32.4961214710406 334.663388388442 7.00116063435275
    vertex 32.3742419424653 333.42605076363 10.4012456497453
    vertex 32.3742542956186 333.426050191634 7.0011574433154
  endloop
endfacet
facet normal 0.995184726667401 -0.0980171403297203 3.08444170528567e-006
  outer loop
    vertex 32.3742419424653 333.42605076363 10.4012456497453
    vertex 32.4961214710406 334.663388388442 7.00116063435275
    vertex 32.4961091178955 334.663388960438 10.4012461617047
  endloop
endfacet
facet normal 0.849202181523405 -0.528067850648892 2.63613922479665e-006
  outer loop
    vertex 35.5356512033003 342.739225163634 7.00119255997951
    vertex 34.879078812056 341.683391308257 10.4012596142011
    vertex 34.8790911651607 341.683390736261 7.00118710428006
  endloop
endfacet
facet normal 0.849202181523405 -0.528067850648892 2.63613922479665e-006
  outer loop
    vertex 34.879078812056 341.683391308257 10.4012596142011
    vertex 35.5356512033003 342.739225163634 7.00119255997951
    vertex 35.5356388502005 342.739225735629 10.40126349667
  endloop
endfacet
facet normal -0.382683432365051 0.923879532511274 2.3141139769034e-007
  outer loop
    vertex 67.7735663311911 314.54131691577 10.4012802383013
    vertex 68.1835738808505 314.711148004279 9.40127978791664
    vertex 67.7735662575248 314.541317286021 9.40127978791664
  endloop
endfacet
facet normal -0.382683432365051 0.923879532511274 2.3141139769034e-007
  outer loop
    vertex 68.1835738808505 314.711148004279 9.40127978791664
    vertex 67.7735663311911 314.54131691577 10.4012802383013
    vertex 68.1835739545169 314.711147634028 10.4012802402384
  endloop
endfacet
facet normal -0.382683432364916 -0.923879532511338 -1.96172835310359e-007
  outer loop
    vertex 68.1835739545168 317.655634006895 10.4012802500112
    vertex 67.7735662575248 317.825465095404 9.40127978791664
    vertex 68.1835738808504 317.655634377146 9.40127978791664
  endloop
endfacet
facet normal -0.382683432364916 -0.923879532511338 -1.96172835310359e-007
  outer loop
    vertex 67.7735662575248 317.825465095404 9.40127978791664
    vertex 68.1835739545168 317.655634006895 10.4012802500112
    vertex 67.7735663311911 317.825464725153 10.4012802492014
  endloop
endfacet
facet normal 0.382683432365094 0.923879532511269 1.73650056848681e-007
  outer loop
    vertex 66.4835739545169 346.711147634028 10.4012803210508
    vertex 66.8935810228828 346.541317446374 9.40127978791663
    vertex 66.4835733995571 346.711148164632 9.40127978791663
  endloop
endfacet
facet normal 0.382683432365094 0.923879532511269 1.73650056848681e-007
  outer loop
    vertex 66.8935810228828 346.541317446374 9.40127978791663
    vertex 66.4835739545169 346.711147634028 10.4012803210508
    vertex 66.8935815778426 346.54131691577 10.4012802095779
  endloop
endfacet
facet normal -0.130526192220117 0.991444861373774 2.35436791466197e-007
  outer loop
    vertex 67.3335739545168 314.483390820462 10.4012802366351
    vertex 67.7735662575248 314.541317286021 9.40127978791664
    vertex 67.3335738808505 314.483391190713 9.40127978791664
  endloop
endfacet
facet normal -0.130526192220117 0.991444861373774 2.35436791466197e-007
  outer loop
    vertex 67.7735662575248 314.541317286021 9.40127978791664
    vertex 67.3335739545168 314.483390820462 10.4012802366351
    vertex 67.7735663311911 314.54131691577 10.4012802383013
  endloop
endfacet
facet normal -0.991444861373818 -0.130526192219995 1.54429079377354e-008
  outer loop
    vertex 68.9756478592083 316.623383197136 10.4012802492385
    vertex 69.0335738808505 316.183391190713 9.40127978791664
    vertex 69.0335739545168 316.183390820462 10.4012802479722
  endloop
endfacet
facet normal -0.991444861373818 -0.130526192219995 1.54429079377354e-008
  outer loop
    vertex 69.0335738808505 316.183391190713 9.40127978791664
    vertex 68.9756478592083 316.623383197136 10.4012802492385
    vertex 68.9756477855419 316.623383567387 9.40127978791664
  endloop
endfacet
facet normal -0.793353340291261 -0.608761429008678 -1.04344437855416e-007
  outer loop
    vertex 68.535655482534 317.385472348479 10.401280250294
    vertex 68.805817067284 317.033391190713 9.40127978791664
    vertex 68.8058171409504 317.033390820462 10.4012802500304
  endloop
endfacet
facet normal -0.793353340291261 -0.608761429008678 -1.04344437855416e-007
  outer loop
    vertex 68.805817067284 317.033391190713 9.40127978791664
    vertex 68.535655482534 317.385472348479 10.401280250294
    vertex 68.5356554088676 317.38547271873 9.40127978791664
  endloop
endfacet
facet normal 0.38268343236509 0.923879532511266 1.96172784999015e-007
  outer loop
    vertex 66.4835739545168 314.711147634028 10.4012802345436
    vertex 66.8935815041762 314.541317286021 9.40127978791664
    vertex 66.4835738808505 314.711148004279 9.40127978791664
  endloop
endfacet
facet normal 0.38268343236509 0.923879532511266 1.96172784999015e-007
  outer loop
    vertex 66.8935815041762 314.541317286021 9.40127978791664
    vertex 66.4835739545168 314.711147634028 10.4012802345436
    vertex 66.8935815778425 314.54131691577 10.4012802353534
  endloop
endfacet
facet normal 0.793353340291253 -0.608761429008672 -1.77398741580789e-007
  outer loop
    vertex 65.8613306944169 317.033391190713 9.40127978791664
    vertex 66.1314924264997 317.385472348479 10.4012802422404
    vertex 65.8613307680833 317.033390820462 10.4012802401668
  endloop
endfacet
facet normal 0.793353340291253 -0.608761429008672 -1.77398741580789e-007
  outer loop
    vertex 66.1314924264997 317.385472348479 10.4012802422404
    vertex 65.8613306944169 317.033391190713 9.40127978791664
    vertex 66.1314923528333 317.38547271873 9.40127978791664
  endloop
endfacet
facet normal 0.130526192220118 0.991444861373777 2.23417556921329e-007
  outer loop
    vertex 66.8935815778425 314.54131691577 10.4012802353534
    vertex 67.3335738808505 314.483391190713 9.40127978791664
    vertex 66.8935815041762 314.541317286021 9.40127978791664
  endloop
endfacet
facet normal 0.130526192220118 0.991444861373777 2.23417556921329e-007
  outer loop
    vertex 67.3335738808505 314.483391190713 9.40127978791664
    vertex 66.8935815778425 314.54131691577 10.4012802353534
    vertex 67.3335739545168 314.483390820462 10.4012802366351
  endloop
endfacet
facet normal 0.608761429008598 0.793353340291328 5.19488850052781e-008
  outer loop
    vertex 66.1314924264997 346.981309292445 10.4012804271554
    vertex 66.4835733995571 346.711148164632 9.40127978791663
    vertex 66.1314918715399 346.981309823049 9.40127978791663
  endloop
endfacet
facet normal 0.608761429008598 0.793353340291328 5.19488850052781e-008
  outer loop
    vertex 66.4835733995571 346.711148164632 9.40127978791663
    vertex 66.1314924264997 346.981309292445 10.4012804271554
    vertex 66.4835739545169 346.711147634028 10.4012803210508
  endloop
endfacet
facet normal 0.991444861373767 0.130526192220033 -3.00596340172754e-007
  outer loop
    vertex 65.6914994948656 347.743398974392 9.40127978791663
    vertex 65.6335739545169 348.183390820462 10.4012806456783
    vertex 65.6915000498255 347.743398443787 10.4012805951949
  endloop
endfacet
facet normal 0.991444861373767 0.130526192220033 -3.00596340172754e-007
  outer loop
    vertex 65.6335739545169 348.183390820462 10.4012806456783
    vertex 65.6914994948656 347.743398974392 9.40127978791663
    vertex 65.633573399557 348.183391351066 9.40127978791663
  endloop
endfacet
facet normal 0.130526192220118 -0.991444861373774 -2.35436790050687e-007
  outer loop
    vertex 67.3335739545168 317.883390820462 10.4012802479198
    vertex 66.8935815041762 317.825465095404 9.40127978791664
    vertex 67.3335738808505 317.883391190713 9.40127978791664
  endloop
endfacet
facet normal 0.130526192220118 -0.991444861373774 -2.35436790050687e-007
  outer loop
    vertex 66.8935815041762 317.825465095404 9.40127978791664
    vertex 67.3335739545168 317.883390820462 10.4012802479198
    vertex 66.8935815778425 317.825464725153 10.4012802462536
  endloop
endfacet
facet normal 0.935905926753198 -0.352250047920238 2.90314400861477e-006
  outer loop
    vertex 33.7798627193806 339.454375951198 7.00117700521854
    vertex 33.341889023579 338.290741149017 10.4012507087546
    vertex 33.3419013767016 338.290740577021 7.00117240510221
  endloop
endfacet
facet normal 0.935905926753198 -0.352250047920238 2.90314400861477e-006
  outer loop
    vertex 33.341889023579 338.290741149017 10.4012507087546
    vertex 33.7798627193806 339.454375951198 7.00117700521854
    vertex 33.7798503662645 339.454376523193 10.4012532065241
  endloop
endfacet
facet normal -0.923879532511247 -0.382683432365184 -4.60188143727945e-008
  outer loop
    vertex 68.8058171409504 317.033390820462 10.4012802500304
    vertex 68.9756477855419 316.623383567387 9.40127978791664
    vertex 68.9756478592083 316.623383197136 10.4012802492385
  endloop
endfacet
facet normal -0.923879532511247 -0.382683432365184 -4.60188143727945e-008
  outer loop
    vertex 68.9756477855419 316.623383567387 9.40127978791664
    vertex 68.8058171409504 317.033390820462 10.4012802500304
    vertex 68.805817067284 317.033391190713 9.40127978791664
  endloop
endfacet
facet normal 0.991444861373815 -0.130526192219995 -7.58522437420834e-008
  outer loop
    vertex 65.6335738808504 316.183391190713 9.40127978791664
    vertex 65.6915000498254 316.623383197136 10.4012802382371
    vertex 65.6335739545168 316.183390820462 10.4012802365827
  endloop
endfacet
facet normal 0.991444861373815 -0.130526192219995 -7.58522437420834e-008
  outer loop
    vertex 65.6915000498254 316.623383197136 10.4012802382371
    vertex 65.6335738808504 316.183391190713 9.40127978791664
    vertex 65.691499976159 316.623383567387 9.40127978791664
  endloop
endfacet
facet normal 0.923879532511262 0.382683432365147 4.60188363734823e-008
  outer loop
    vertex 65.8613306944169 315.333391190713 9.40127978791664
    vertex 65.6915000498254 315.743398443787 10.4012802353164
    vertex 65.8613307680833 315.333390820462 10.4012802345244
  endloop
endfacet
facet normal 0.923879532511262 0.382683432365147 4.60188363734823e-008
  outer loop
    vertex 65.6915000498254 315.743398443787 10.4012802353164
    vertex 65.8613306944169 315.333391190713 9.40127978791664
    vertex 65.691499976159 315.743398814039 9.40127978791664
  endloop
endfacet
facet normal 0.991444861373811 0.130526192220048 -1.54429080621287e-008
  outer loop
    vertex 65.691499976159 315.743398814039 9.40127978791664
    vertex 65.6335739545168 316.183390820462 10.4012802365827
    vertex 65.6915000498254 315.743398443787 10.4012802353164
  endloop
endfacet
facet normal 0.991444861373811 0.130526192220048 -1.54429080621287e-008
  outer loop
    vertex 65.6335739545168 316.183390820462 10.4012802365827
    vertex 65.691499976159 315.743398814039 9.40127978791664
    vertex 65.6335738808504 316.183391190713 9.40127978791664
  endloop
endfacet
facet normal 0.68359230202115 -0.729864072696354 2.12489069254716e-006
  outer loop
    vertex 38.806003350075 346.468347078362 7.00121653442571
    vertex 37.8985326413621 345.618420150801 10.40127765378
    vertex 37.8985449944509 345.618419578805 7.00121026862822
  endloop
endfacet
facet normal 0.68359230202115 -0.729864072696354 2.12489069254716e-006
  outer loop
    vertex 37.8985326413621 345.618420150801 10.40127765378
    vertex 38.806003350075 346.468347078362 7.00121653442571
    vertex 38.8059909969886 346.468347650357 10.401283142016
  endloop
endfacet
facet normal 5.73082313822582e-014 1.0 -9.3397896255664e-009
  outer loop
    vertex 32.3742419424653 333.42605076363 10.4012456497453
    vertex 50.0909143815055 333.426050191634 7.00124506169107
    vertex 32.3742542956186 333.426050191634 7.0011574433154
  endloop
endfacet
facet normal 5.73082313822582e-014 1.0 -9.3397896255664e-009
  outer loop
    vertex 50.0909143815055 333.426050191634 7.00124506169107
    vertex 32.3742419424653 333.42605076363 10.4012456497453
    vertex 50.0909020282813 333.42605076363 10.4013561239531
  endloop
endfacet
facet normal -0.991444861373808 0.130526192220047 7.5852243280395e-008
  outer loop
    vertex 69.0335739545168 316.183390820462 10.4012802479722
    vertex 68.9756477855419 315.743398814039 9.40127978791664
    vertex 68.9756478592083 315.743398443787 10.4012802463178
  endloop
endfacet
facet normal -0.991444861373808 0.130526192220047 7.5852243280395e-008
  outer loop
    vertex 68.9756477855419 315.743398814039 9.40127978791664
    vertex 69.0335739545168 316.183390820462 10.4012802479722
    vertex 69.0335738808505 316.183391190713 9.40127978791664
  endloop
endfacet
facet normal -0.608761429008739 -0.793353340291206 -1.55559205087668e-007
  outer loop
    vertex 68.535655482534 317.385472348479 10.401280250294
    vertex 68.1835738808504 317.655634377146 9.40127978791664
    vertex 68.5356554088676 317.38547271873 9.40127978791664
  endloop
endfacet
facet normal -0.608761429008739 -0.793353340291206 -1.55559205087668e-007
  outer loop
    vertex 68.1835738808504 317.655634377146 9.40127978791664
    vertex 68.535655482534 317.385472348479 10.401280250294
    vertex 68.1835739545168 317.655634006895 10.4012802500112
  endloop
endfacet
facet normal 0.92387953251124 -0.38268343236518 -1.31092352645838e-007
  outer loop
    vertex 65.691499976159 316.623383567387 9.40127978791664
    vertex 65.8613307680833 317.033390820462 10.4012802401668
    vertex 65.6915000498254 316.623383197136 10.4012802382371
  endloop
endfacet
facet normal 0.92387953251124 -0.38268343236518 -1.31092352645838e-007
  outer loop
    vertex 65.8613307680833 317.033390820462 10.4012802401668
    vertex 65.691499976159 316.623383567387 9.40127978791664
    vertex 65.8613306944169 317.033391190713 9.40127978791664
  endloop
endfacet
facet normal -0.923879532511255 0.382683432365144 1.31092373723561e-007
  outer loop
    vertex 68.9756478592083 315.743398443787 10.4012802463178
    vertex 68.805817067284 315.333391190713 9.40127978791664
    vertex 68.8058171409504 315.333390820462 10.4012802443881
  endloop
endfacet
facet normal -0.923879532511255 0.382683432365144 1.31092373723561e-007
  outer loop
    vertex 68.805817067284 315.333391190713 9.40127978791664
    vertex 68.9756478592083 315.743398443787 10.4012802463178
    vertex 68.9756477855419 315.743398814039 9.40127978791664
  endloop
endfacet
facet normal 0.634393284162251 -0.773010453361364 1.97285315075097e-006
  outer loop
    vertex 39.7671066857911 347.257104201795 7.00122293756646
    vertex 38.8059909969886 346.468347650357 10.401283142016
    vertex 38.806003350075 346.468347078362 7.00121653442571
  endloop
endfacet
facet normal 0.634393284162251 -0.773010453361364 1.97285315075097e-006
  outer loop
    vertex 38.8059909969886 346.468347650357 10.401283142016
    vertex 39.7671066857911 347.257104201795 7.00122293756646
    vertex 39.7670943327065 347.25710477379 10.4012889770196
  endloop
endfacet
facet normal 0.881921264344853 -0.471396736824604 2.73698825500759e-006
  outer loop
    vertex 34.8790911651607 341.683390736261 7.00118710428006
    vertex 34.2929793948493 340.586876422418 10.4012561792495
    vertex 34.2929917479595 340.586875850422 7.00118191194828
  endloop
endfacet
facet normal 0.881921264344853 -0.471396736824604 2.73698825500759e-006
  outer loop
    vertex 34.2929793948493 340.586876422418 10.4012561792495
    vertex 34.8790911651607 341.683390736261 7.00118710428006
    vertex 34.879078812056 341.683391308257 10.4012596142011
  endloop
endfacet
facet normal 0.528067850649953 0.849202181525276 1.62824445681764e-006
  outer loop
    vertex 40.7777270566746 316.385468674502 10.401264089313
    vertex 41.8335738371095 315.728908064357 7.00116720476598
    vertex 40.7777394097496 316.385468102513 7.00116335653108
  endloop
endfacet
facet normal 0.528067850649953 0.849202181525276 1.62824445681764e-006
  outer loop
    vertex 41.8335738371095 315.728908064357 7.00116720476598
    vertex 40.7777270566746 316.385468674502 10.401264089313
    vertex 41.8335614840257 315.728908636346 10.4012708046579
  endloop
endfacet
facet normal 0.227076263034255 -0.9738769792771 7.12679356193562e-007
  outer loop
    vertex 47.626857718508 350.818311063922 7.00126925779402
    vertex 46.415999626799 350.535982007749 10.4013297799373
    vertex 46.4160119798869 350.535981435753 7.00126267891895
  endloop
endfacet
facet normal 0.227076263034255 -0.9738769792771 7.12679356193562e-007
  outer loop
    vertex 46.415999626799 350.535982007749 10.4013297799373
    vertex 47.626857718508 350.818311063922 7.00126925779402
    vertex 47.6268453654172 350.818311635918 10.4013372737232
  endloop
endfacet
facet normal -0.9999999999952 6.24213897900027e-013 -3.09841680569108e-006
  outer loop
    vertex 50.0909020284892 313.224071766717 10.4013227961827
    vertex 50.09091438152 330.940731280888 7.00123986275065
    vertex 50.0909143816238 313.224071194728 7.0012028019695
  endloop
endfacet
facet normal -0.9999999999952 6.24213897900027e-013 -3.09841680569108e-006
  outer loop
    vertex 50.09091438152 330.940731280888 7.00123986275065
    vertex 50.0909020284892 313.224071766717 10.4013227961827
    vertex 50.0909020285112 330.940731852877 10.4013192458446
  endloop
endfacet
facet normal 0.634393284162717 0.773010453361018 1.95839645047576e-006
  outer loop
    vertex 38.805990997186 317.898434966149 10.4012514911416
    vertex 39.7671066859677 317.109677270728 7.00115987335537
    vertex 38.8060033502423 317.898434394161 7.00115677015433
  endloop
endfacet
facet normal 0.634393284162717 0.773010453361018 1.95839645047576e-006
  outer loop
    vertex 39.7671066859677 317.109677270728 7.00115987335537
    vertex 38.805990997186 317.898434966149 10.4012514911416
    vertex 39.7670943329019 317.109677842717 10.4012576422719
  endloop
endfacet
facet normal 0.849202181523901 0.528067850648144 2.62625122639196e-006
  outer loop
    vertex 34.879091165272 322.683390736261 7.00114735893086
    vertex 35.5356388504072 321.627556880877 10.4012303511973
    vertex 35.535651203424 321.627556308889 7.00114839731367
  endloop
endfacet
facet normal 0.849202181523901 0.528067850648144 2.62625122639196e-006
  outer loop
    vertex 35.5356388504072 321.627556880877 10.4012303511973
    vertex 34.879091165272 322.683390736261 7.00114735893086
    vertex 34.8790788122653 322.68339130825 10.4012260455597
  endloop
endfacet
facet normal 0.9999999999952 -6.29235639001762e-013 3.09834098066141e-006
  outer loop
    vertex 52.576233292227 330.940731280888 7.00125215398415
    vertex 52.576220939789 313.224071766697 10.4012416011549
    vertex 52.5762332923307 313.224071194728 7.001215093203
  endloop
endfacet
facet normal 0.9999999999952 -6.29235639001762e-013 3.09834098066141e-006
  outer loop
    vertex 52.576220939789 313.224071766697 10.4012416011549
    vertex 52.576233292227 330.940731280888 7.00125215398415
    vertex 52.5762209398112 330.940731852857 10.4012380508167
  endloop
endfacet
facet normal 0.812846684589353 0.582477696865537 2.51309866680531e-006
  outer loop
    vertex 35.535651203424 321.627556308889 7.00114839731367
    vertex 36.2598480186068 320.616924157084 10.4012350696105
    vertex 36.2598603716336 320.616923585096 7.00114986481334
  endloop
endfacet
facet normal 0.812846684589353 0.582477696865537 2.51309866680531e-006
  outer loop
    vertex 36.2598480186068 320.616924157084 10.4012350696105
    vertex 35.535651203424 321.627556308889 7.00114839731367
    vertex 35.5356388504072 321.627556880877 10.4012303511973
  endloop
endfacet
facet normal 0.352250047921185 0.935905926756718 1.08267801763554e-006
  outer loop
    vertex 44.0625762690442 314.629680190536 10.4012849242083
    vertex 45.226223996306 314.191718275854 7.00118076765202
    vertex 44.0625886221448 314.629679618547 7.00117592900572
  endloop
endfacet
facet normal 0.352250047921185 0.935905926756718 1.08267801763554e-006
  outer loop
    vertex 45.226223996306 314.191718275854 7.00118076765202
    vertex 44.0625762690442 314.629680190536 10.4012849242083
    vertex 45.2262116431977 314.191718847843 10.4012922679518
  endloop
endfacet
facet normal 0.729864072696233 0.683592302020863 2.25503974152103e-006
  outer loop
    vertex 37.0486174950599 319.65582024936 7.00115175514579
    vertex 37.8985326415616 318.748362465706 10.4012456622623
    vertex 37.8985449946083 318.748361893717 7.00115406021635
  endloop
endfacet
facet normal 0.729864072696233 0.683592302020863 2.25503974152103e-006
  outer loop
    vertex 37.8985326415616 318.748362465706 10.4012456622623
    vertex 37.0486174950599 319.65582024936 7.00115175514579
    vertex 37.0486051420231 319.655820821349 10.4012401805942
  endloop
endfacet
facet normal 0.683592302021607 0.729864072695966 2.11123842818721e-006
  outer loop
    vertex 37.8985326415616 318.748362465706 10.4012456622623
    vertex 38.8060033502423 317.898434394161 7.00115677015433
    vertex 37.8985449946083 318.748361893717 7.00115406021635
  endloop
endfacet
facet normal 0.683592302021607 0.729864072695966 2.11123842818721e-006
  outer loop
    vertex 38.8060033502423 317.898434394161 7.00115677015433
    vertex 37.8985326415616 318.748362465706 10.4012456622623
    vertex 38.805990997186 317.898434966149 10.4012514911416
  endloop
endfacet
facet normal 0.162895473394709 0.986643332084735 4.95504830997882e-007
  outer loop
    vertex 47.6268453656038 313.548470980589 10.4013073662748
    vertex 48.853576184834 313.345938370159 7.00119693759836
    vertex 47.6268577187263 313.5484704086 7.00119129448711
  endloop
endfacet
facet normal 0.162895473394709 0.986643332084735 4.95504830997882e-007
  outer loop
    vertex 48.853576184834 313.345938370159 7.00119693759836
    vertex 47.6268453656038 313.548470980589 10.4013073662748
    vertex 48.8535638317052 313.345938942148 10.4013150562009
  endloop
endfacet
facet normal 0.910863824917323 -0.412707029803221 2.82611706161583e-006
  outer loop
    vertex 34.2929917479595 340.586875850422 7.00118191194828
    vertex 33.7798503662645 339.454376523193 10.4012532065241
    vertex 33.7798627193806 339.454375951198 7.00117700521854
  endloop
endfacet
facet normal 0.910863824917323 -0.412707029803221 2.82611706161583e-006
  outer loop
    vertex 33.7798503662645 339.454376523193 10.4012532065241
    vertex 34.2929917479595 340.586875850422 7.00118191194828
    vertex 34.2929793948493 340.586876422418 10.4012561792495
  endloop
endfacet
facet normal 0.227076263034347 0.973876979277092 6.94482875986814e-007
  outer loop
    vertex 46.4159996269863 313.830800608758 10.4012997593337
    vertex 47.6268577187263 313.5484704086 7.00119129448711
    vertex 46.4160119801019 313.830800036769 7.00118589680042
  endloop
endfacet
facet normal 0.227076263034347 0.973876979277092 6.94482875986814e-007
  outer loop
    vertex 47.6268577187263 313.5484704086 7.00119129448711
    vertex 46.4159996269863 313.830800608758 10.4012997593337
    vertex 47.6268453656038 313.548470980589 10.4013073662748
  endloop
endfacet
facet normal 0.582477696866682 -0.812846684590398 1.81236754674316e-006
  outer loop
    vertex 40.7777394095645 347.98131337001 7.00122945063126
    vertex 39.7670943327065 347.25710477379 10.4012889770196
    vertex 39.7671066857911 347.257104201795 7.00122293756646
  endloop
endfacet
facet normal 0.582477696866682 -0.812846684590398 1.81236754674316e-006
  outer loop
    vertex 39.7670943327065 347.25710477379 10.4012889770196
    vertex 40.7777394095645 347.98131337001 7.00122945063126
    vertex 40.7777270564809 347.981313942005 10.4012951338044
  endloop
endfacet
facet normal 0.77301045336026 -0.63439328416212 2.40105632541618e-006
  outer loop
    vertex 37.0486174949132 344.710961223162 7.00120416700512
    vertex 36.2598480184025 343.749858459422 10.4012678100307
    vertex 36.2598603714981 343.749857887427 7.00119825568449
  endloop
endfacet
facet normal 0.77301045336026 -0.63439328416212 2.40105632541618e-006
  outer loop
    vertex 36.2598480184025 343.749858459422 10.4012678100307
    vertex 37.0486174949132 344.710961223162 7.00120416700512
    vertex 37.0486051418213 344.710961795158 10.4012725358129
  endloop
endfacet
facet normal 0.773010453360815 0.634393284161488 2.3891846248404e-006
  outer loop
    vertex 36.2598603716336 320.616923585096 7.00114986481334
    vertex 37.0486051420231 319.655820821349 10.4012401805942
    vertex 37.0486174950599 319.65582024936 7.00115175514579
  endloop
endfacet
facet normal 0.773010453360815 0.634393284161488 2.3891846248404e-006
  outer loop
    vertex 37.0486051420231 319.655820821349 10.4012401805942
    vertex 36.2598603716336 320.616923585096 7.00114986481334
    vertex 36.2598480186068 320.616924157084 10.4012350696105
  endloop
endfacet
facet normal 0.881921264345337 0.47139673682375 2.72815776192977e-006
  outer loop
    vertex 34.2929917480578 323.7799056221 7.0011467541114
    vertex 34.8790788122653 322.68339130825 10.4012260455597
    vertex 34.879091165272 322.683390736261 7.00114735893086
  endloop
endfacet
facet normal 0.881921264345337 0.47139673682375 2.72815776192977e-006
  outer loop
    vertex 34.8790788122653 322.68339130825 10.4012260455597
    vertex 34.2929917480578 323.7799056221 7.0011467541114
    vertex 34.2929793950613 323.779906194089 10.4012221711348
  endloop
endfacet
facet normal 0.412707029803958 -0.910863824920464 1.28725773867214e-006
  outer loop
    vertex 44.0625886219392 349.737101853975 7.00124936883499
    vertex 42.9300763696521 349.223973397377 10.401308305995
    vertex 42.9300887227354 349.223972825382 7.00124269462193
  endloop
endfacet
facet normal 0.412707029803958 -0.910863824920464 1.28725773867214e-006
  outer loop
    vertex 42.9300763696521 349.223973397377 10.401308305995
    vertex 44.0625886219392 349.737101853975 7.00124936883499
    vertex 44.062576268855 349.737102425971 10.4013152649956
  endloop
endfacet
facet normal 0.910863824917808 0.412707029802204 2.81838193103007e-006
  outer loop
    vertex 33.7798627194658 324.912405521325 7.00114658544524
    vertex 34.2929793950613 323.779906194089 10.4012221711348
    vertex 34.2929917480578 323.7799056221 7.0011467541114
  endloop
endfacet
facet normal 0.910863824917808 0.412707029802204 2.81838193103007e-006
  outer loop
    vertex 34.2929793950613 323.779906194089 10.4012221711348
    vertex 33.7798627194658 324.912405521325 7.00114658544524
    vertex 33.7798503664794 324.912406093313 10.4012187445138
  endloop
endfacet
facet normal 0.935905926753592 0.352250047919246 2.89653735665539e-006
  outer loop
    vertex 33.3419013767732 326.076040895501 7.00114685365462
    vertex 33.7798503664794 324.912406093313 10.4012187445138
    vertex 33.7798627194658 324.912405521325 7.00114658544524
  endloop
endfacet
facet normal 0.935905926753592 0.352250047919246 2.89653735665539e-006
  outer loop
    vertex 33.7798503664794 324.912406093313 10.4012187445138
    vertex 33.3419013767732 326.076040895501 7.00114685365462
    vertex 33.3418890237968 326.07604146749 10.4012157803698
  endloop
endfacet
facet normal 0.812846684588804 -0.582477696866257 2.5240018583564e-006
  outer loop
    vertex 36.2598603714981 343.749857887427 7.00119825568449
    vertex 35.5356388502005 342.739225735629 10.40126349667
    vertex 35.5356512033003 342.739225163634 7.00119255997951
  endloop
endfacet
facet normal 0.812846684588804 -0.582477696866257 2.5240018583564e-006
  outer loop
    vertex 35.5356388502005 342.739225735629 10.40126349667
    vertex 36.2598603714981 343.749857887427 7.00119825568449
    vertex 36.2598480184025 343.749858459422 10.4012678100307
  endloop
endfacet
facet normal 0.412707029804246 0.910863824920358 1.27023280412069e-006
  outer loop
    vertex 42.9300763698426 315.142809219129 10.4012777595503
    vertex 44.0625886221448 314.629679618547 7.00117592900572
    vertex 42.930088722935 315.142808647141 7.00117140158133
  endloop
endfacet
facet normal 0.412707029804246 0.910863824920358 1.27023280412069e-006
  outer loop
    vertex 44.0625886221448 314.629679618547 7.00117592900572
    vertex 42.9300763698426 315.142809219129 10.4012777595503
    vertex 44.0625762690442 314.629680190536 10.4012849242083
  endloop
endfacet
facet normal 0.97387697927304 0.227076263032767 3.01535637723605e-006
  outer loop
    vertex 32.6986535095147 328.476674617955 7.00114869424012
    vertex 32.98097078472 327.265829451302 10.4012132913958
    vertex 32.9809831376865 327.265828879314 7.00114755759104
  endloop
endfacet
facet normal 0.97387697927304 0.227076263032767 3.01535637723605e-006
  outer loop
    vertex 32.98097078472 327.265829451302 10.4012132913958
    vertex 32.6986535095147 328.476674617955 7.00114869424012
    vertex 32.6986411565579 328.476675189943 10.40121128825
  endloop
endfacet
facet normal 0.352250047920899 -0.935905926756805 1.10016892293782e-006
  outer loop
    vertex 45.2262239960952 350.175063196668 7.00125603978935
    vertex 44.062576268855 349.737102425971 10.4013152649956
    vertex 44.0625886219392 349.737101853975 7.00124936883499
  endloop
endfacet
facet normal 0.352250047920899 -0.935905926756805 1.10016892293782e-006
  outer loop
    vertex 44.062576268855 349.737102425971 10.4013152649956
    vertex 45.2262239960952 350.175063196668 7.00125603978935
    vertex 45.2262116430095 350.175063768663 10.4013224332081
  endloop
endfacet
facet normal 0.986643332080165 -0.162895473394427 3.05858260299062e-006
  outer loop
    vertex 32.6986535094713 335.890106854568 7.00116420210607
    vertex 32.4961091178955 334.663388960438 10.4012461617047
    vertex 32.4961214710406 334.663388388442 7.00116063435275
  endloop
endfacet
facet normal 0.986643332080165 -0.162895473394427 3.05858260299062e-006
  outer loop
    vertex 32.4961091178955 334.663388960438 10.4012461617047
    vertex 32.6986535094713 335.890106854568 7.00116420210607
    vertex 32.6986411563341 335.890107426563 10.4012471787869
  endloop
endfacet
facet normal -0.9999999999952 6.26788341131105e-013 -3.09844611428691e-006
  outer loop
    vertex 50.0909020282813 333.42605076363 10.4013561239531
    vertex 50.0909143814017 351.142710277794 7.00128212247221
    vertex 50.0909143815055 333.426050191634 7.00124506169107
  endloop
endfacet
facet normal -0.9999999999952 6.26788341131105e-013 -3.09844611428691e-006
  outer loop
    vertex 50.0909143814017 351.142710277794 7.00128212247221
    vertex 50.0909020282813 333.42605076363 10.4013561239531
    vertex 50.0909020283034 351.14271084979 10.4013525736149
  endloop
endfacet
facet normal 0.528067850649433 -0.849202181525569 1.64412112285828e-006
  outer loop
    vertex 41.8335738369168 348.637873408165 7.00123604573016
    vertex 40.7777270564809 347.981313942005 10.4012951338044
    vertex 40.7777394095645 347.98131337001 7.00122945063126
  endloop
endfacet
facet normal 0.528067850649433 -0.849202181525569 1.64412112285828e-006
  outer loop
    vertex 40.7777270564809 347.981313942005 10.4012951338044
    vertex 41.8335738369168 348.637873408165 7.00123604573016
    vertex 41.8335614838337 348.637873980161 10.4013015860059
  endloop
endfacet
facet normal 0.582477696867082 0.812846684590145 1.7971683195013e-006
  outer loop
    vertex 39.7670943329019 317.109677842717 10.4012576422719
    vertex 40.7777394097496 316.385468102513 7.00116335653108
    vertex 39.7671066859677 317.109677270728 7.00115987335537
  endloop
endfacet
facet normal 0.582477696867082 0.812846684590145 1.7971683195013e-006
  outer loop
    vertex 40.7777394097496 316.385468102513 7.00116335653108
    vertex 39.7670943329019 317.109677842717 10.4012576422719
    vertex 40.7777270566746 316.385468674502 10.401264089313
  endloop
endfacet
facet normal 0.995184726667534 0.0980171403284326 3.0825818039327e-006
  outer loop
    vertex 32.3742542956332 330.940731280889 7.00115224437498
    vertex 32.4961091181223 329.703393656069 10.4012097795101
    vertex 32.4961214710696 329.70339308408 7.00115025873457
  endloop
endfacet
facet normal 0.995184726667534 0.0980171403284326 3.0825818039327e-006
  outer loop
    vertex 32.4961091181223 329.703393656069 10.4012097795101
    vertex 32.3742542956332 330.940731280889 7.00115224437498
    vertex 32.3742419426952 330.940731852877 10.4012087716368
  endloop
endfacet
facet normal 0.729864072695744 -0.683592302021343 2.26782909482206e-006
  outer loop
    vertex 37.8985449944509 345.618419578805 7.00121026862822
    vertex 37.0486051418213 344.710961795158 10.4012725358129
    vertex 37.0486174949132 344.710961223162 7.00120416700512
  endloop
endfacet
facet normal 0.729864072695744 -0.683592302021343 2.26782909482206e-006
  outer loop
    vertex 37.0486051418213 344.710961795158 10.4012725358129
    vertex 37.8985449944509 345.618419578805 7.00121026862822
    vertex 37.8985326413621 345.618420150801 10.40127765378
  endloop
endfacet
facet normal -0.910863824917344 0.412707029803177 -2.82601867063477e-006
  outer loop
    vertex 68.3741435732432 323.77990619407 10.4013379955203
    vertex 68.8872849543518 324.912405521324 7.00132021045668
    vertex 68.374155925773 323.7799056221 7.00131530372694
  endloop
endfacet
facet normal -0.910863824917344 0.412707029803177 -2.82601867063477e-006
  outer loop
    vertex 68.8872849543518 324.912405521324 7.00132021045668
    vertex 68.3741435732432 323.77990619407 10.4013379955203
    vertex 68.887272601828 324.912406093294 10.4013409682457
  endloop
endfacet
facet normal -0.683592302021162 0.729864072696344 -2.12481414671784e-006
  outer loop
    vertex 63.8611319711039 317.89843496613 10.4013110327538
    vertex 64.7686026792815 318.748361893717 7.00128694704699
    vertex 63.8611443236574 317.898434394161 7.00128068124951
  endloop
endfacet
facet normal -0.683592302021162 0.729864072696344 -2.12481414671784e-006
  outer loop
    vertex 64.7686026792815 318.748361893717 7.00128694704699
    vertex 63.8611319711039 317.89843496613 10.4013110327538
    vertex 64.7685903267304 318.748362465686 10.4013165209899
  endloop
endfacet
facet normal 0.162895473394512 -0.986643332084758 5.13937870725123e-007
  outer loop
    vertex 48.8535761846133 351.020843102363 7.00127574824281
    vertex 47.6268453654172 350.818311635918 10.4013372737232
    vertex 47.626857718508 350.818311063922 7.00126925779402
  endloop
endfacet
facet normal 0.162895473394512 -0.986643332084758 5.13937870725123e-007
  outer loop
    vertex 47.6268453654172 350.818311635918 10.4013372737232
    vertex 48.8535761846133 351.020843102363 7.00127574824281
    vertex 48.853563831519 351.020843674359 10.4013448824764
  endloop
endfacet
facet normal -0.471396736825369 0.881921264347468 -1.46877909715207e-006
  outer loop
    vertex 59.7370465984404 315.14280921911 10.4012858687748
    vertex 60.8335738368156 315.728908064357 7.00126116994506
    vertex 59.737058950997 315.14280864714 7.00125452105329
  endloop
endfacet
facet normal -0.471396736825369 0.881921264347468 -1.46877909715207e-006
  outer loop
    vertex 60.8335738368156 315.728908064357 7.00126116994506
    vertex 59.7370465984404 315.14280921911 10.4012858687748
    vertex 60.8335614842588 315.728908636326 10.4012925887639
  endloop
endfacet
facet normal 0.471396736825396 -0.881921264347453 1.46883431842463e-006
  outer loop
    vertex 42.9300887227354 349.223972825382 7.00124269462193
    vertex 41.8335614838337 348.637873980161 10.4013015860059
    vertex 41.8335738369168 348.637873408165 7.00123604573016
  endloop
endfacet
facet normal 0.471396736825396 -0.881921264347453 1.46883431842463e-006
  outer loop
    vertex 41.8335614838337 348.637873980161 10.4013015860059
    vertex 42.9300887227354 349.223972825382 7.00124269462193
    vertex 42.9300763696521 349.223973397377 10.401308305995
  endloop
endfacet
facet normal -0.29028467725428 0.956940335731833 -9.083323620724e-007
  outer loop
    vertex 56.2511233412935 313.830800608739 10.4012643948326
    vertex 57.4409236776371 314.191718275854 7.00124117588587
    vertex 56.2511356938455 313.830800036769 7.00123453675626
  endloop
endfacet
facet normal -0.29028467725428 0.956940335731833 -9.083323620724e-007
  outer loop
    vertex 57.4409236776371 314.191718275854 7.00124117588587
    vertex 56.2511233412935 313.830800608739 10.4012643948326
    vertex 57.440911325083 314.191718847824 10.4012717415617
  endloop
endfacet
facet normal 0.0980171403294796 -0.995184726672156 3.12995600819837e-007
  outer loop
    vertex 50.0909143814017 351.142710277794 7.00128212247221
    vertex 48.853563831519 351.020843674359 10.4013448824764
    vertex 48.8535761846133 351.020843102363 7.00127574824281
  endloop
endfacet
facet normal 0.0980171403294796 -0.995184726672156 3.12995600819837e-007
  outer loop
    vertex 48.853563831519 351.020843674359 10.4013448824764
    vertex 50.0909143814017 351.142710277794 7.00128212247221
    vertex 50.0909020283034 351.14271084979 10.4013525736149
  endloop
endfacet
facet normal -0.956940335727829 0.290284677253731 -2.96763678762549e-006
  outer loop
    vertex 69.3252339445134 326.07604146747 10.4013434660152
    vertex 69.6861645361035 327.265828879313 7.00132908437752
    vertex 69.3252462970307 326.076040895501 7.001324810573
  endloop
endfacet
facet normal -0.956940335727829 0.290284677253731 -2.96763678762549e-006
  outer loop
    vertex 69.6861645361035 327.265828879313 7.00132908437752
    vertex 69.3252339445134 326.07604146747 10.4013434660152
    vertex 69.6861521835932 327.265829451282 10.401345478133
  endloop
endfacet
facet normal -0.582477696866682 0.812846684590397 -1.81230112905364e-006
  outer loop
    vertex 61.8893959116115 316.385468674482 10.4012990409655
    vertex 62.9000409879413 317.109677270728 7.00127427810875
    vertex 61.8894082641679 316.385468102513 7.00126776504396
  endloop
endfacet
facet normal -0.582477696866682 0.812846684590397 -1.81230112905364e-006
  outer loop
    vertex 62.9000409879413 317.109677270728 7.00127427810875
    vertex 61.8893959116115 316.385468674482 10.4012990409655
    vertex 62.900028635386 317.109677842697 10.4013051977502
  endloop
endfacet
facet normal 0.986643332080376 0.162895473393207 3.05551117551561e-006
  outer loop
    vertex 32.4961214710696 329.70339308408 7.00115025873457
    vertex 32.6986411565579 328.476675189943 10.40121128825
    vertex 32.6986535095147 328.476674617955 7.00114869424012
  endloop
endfacet
facet normal 0.986643332080376 0.162895473393207 3.05551117551561e-006
  outer loop
    vertex 32.6986411565579 328.476675189943 10.40121128825
    vertex 32.4961214710696 329.70339308408 7.00115025873457
    vertex 32.4961091181223 329.703393656069 10.4012097795101
  endloop
endfacet
facet normal -5.72983030902168e-014 -1.0 9.33801372691561e-009
  outer loop
    vertex 50.09091438152 330.940731280888 7.00123986275065
    vertex 32.3742419426952 330.940731852877 10.4012087716368
    vertex 32.3742542956332 330.940731280889 7.00115224437498
  endloop
endfacet
facet normal -5.72983030902168e-014 -1.0 9.33801372691561e-009
  outer loop
    vertex 32.3742419426952 330.940731852877 10.4012087716368
    vertex 50.09091438152 330.940731280888 7.00123986275065
    vertex 50.0909020285112 330.940731852877 10.4013192458446
  endloop
endfacet
facet normal -0.352250047920961 0.935905926756782 -1.10012590623466e-006
  outer loop
    vertex 57.440911325083 314.191718847824 10.4012717415617
    vertex 58.6045590517932 314.629679618547 7.00124784684022
    vertex 57.4409236776371 314.191718275854 7.00124117588587
  endloop
endfacet
facet normal -0.352250047920961 0.935905926756782 -1.10012590623466e-006
  outer loop
    vertex 58.6045590517932 314.629679618547 7.00124784684022
    vertex 57.440911325083 314.191718847824 10.4012717415617
    vertex 58.6045466992375 314.629680190516 10.4012789097743
  endloop
endfacet
facet normal 0.290284677254275 -0.956940335731835 9.0836901652618e-007
  outer loop
    vertex 46.4160119798869 350.535981435753 7.00126267891895
    vertex 45.2262116430095 350.175063768663 10.4013224332081
    vertex 45.2262239960952 350.175063196668 7.00125603978935
  endloop
endfacet
facet normal 0.290284677254275 -0.956940335731835 9.0836901652618e-007
  outer loop
    vertex 45.2262116430095 350.175063768663 10.4013224332081
    vertex 46.4160119798869 350.535981435753 7.00126267891895
    vertex 46.415999626799 350.535982007749 10.4013297799373
  endloop
endfacet
facet normal -0.935905926753191 0.352250047920257 -2.90304336214121e-006
  outer loop
    vertex 68.887272601828 324.912406093294 10.4013409682457
    vertex 69.3252462970307 326.076040895501 7.001324810573
    vertex 68.8872849543518 324.912405521324 7.00132021045668
  endloop
endfacet
facet normal -0.935905926753191 0.352250047920257 -2.90304336214121e-006
  outer loop
    vertex 69.3252462970307 326.076040895501 7.001324810573
    vertex 68.887272601828 324.912406093294 10.4013409682457
    vertex 69.3252339445134 326.07604146747 10.4013434660152
  endloop
endfacet
facet normal -0.162895473394512 0.986643332084758 -5.13914426296809e-007
  outer loop
    vertex 53.8135591365734 313.345938942128 10.4012492922935
    vertex 55.0402899552244 313.5484704086 7.0012279578812
    vertex 53.8135714891191 313.345938370159 7.00122146743241
  endloop
endfacet
facet normal -0.162895473394512 0.986643332084758 -5.13914426296809e-007
  outer loop
    vertex 55.0402899552244 313.5484704086 7.0012279578812
    vertex 53.8135591365734 313.345938942128 10.4012492922935
    vertex 55.0402776026753 313.54847098057 10.4012569010466
  endloop
endfacet
facet normal -5.21789106439007e-014 -1.0 9.3333733879855e-009
  outer loop
    vertex 70.2928933781138 330.940731280888 7.00133977235981
    vertex 52.5762209398112 330.940731852857 10.4012380508167
    vertex 52.576233292227 330.940731280888 7.00125215398415
  endloop
endfacet
facet normal -5.21789106439007e-014 -1.0 9.3333733879855e-009
  outer loop
    vertex 52.5762209398112 330.940731852857 10.4012380508167
    vertex 70.2928933781138 330.940731280888 7.00133977235981
    vertex 70.2928810256272 330.940731852858 10.4013485250246
  endloop
endfacet
facet normal -0.849202181523408 0.528067850648889 -2.63604655879056e-006
  outer loop
    vertex 67.1314841178919 321.627556880858 10.4013306780999
    vertex 67.7880565085717 322.683390736261 7.00131011139516
    vertex 67.131496470432 321.627556308889 7.00130465569571
  endloop
endfacet
facet normal -0.849202181523408 0.528067850648889 -2.63604655879056e-006
  outer loop
    vertex 67.7880565085717 322.683390736261 7.00131011139516
    vertex 67.1314841178919 321.627556880858 10.4013306780999
    vertex 67.7880441560365 322.683391308231 10.4013345605687
  endloop
endfacet
facet normal -0.412707029803891 0.910863824920494 -1.28720852320756e-006
  outer loop
    vertex 58.6045466992375 314.629680190516 10.4012789097743
    vertex 59.737058950997 315.14280864714 7.00125452105329
    vertex 58.6045590517932 314.629679618547 7.00124784684022
  endloop
endfacet
facet normal -0.412707029803891 0.910863824920494 -1.28720852320756e-006
  outer loop
    vertex 59.737058950997 315.14280864714 7.00125452105329
    vertex 58.6045466992375 314.629680190516 10.4012789097743
    vertex 59.7370465984404 315.14280921911 10.4012858687748
  endloop
endfacet
facet normal 0.471396736825623 0.881921264347359 1.4523482188652e-006
  outer loop
    vertex 41.8335614840257 315.728908636346 10.4012708046579
    vertex 42.930088722935 315.142808647141 7.00117140158133
    vertex 41.8335738371095 315.728908064357 7.00116720476598
  endloop
endfacet
facet normal 0.471396736825623 0.881921264347359 1.4523482188652e-006
  outer loop
    vertex 42.930088722935 315.142808647141 7.00117140158133
    vertex 41.8335614840257 315.728908636346 10.4012708046579
    vertex 42.9300763698426 315.142809219129 10.4012777595503
  endloop
endfacet
facet normal 0.0980171403296038 0.995184726672149 2.94404958113061e-007
  outer loop
    vertex 48.8535638317052 313.345938942148 10.4013150562009
    vertex 50.0909143816238 313.224071194728 7.0012028019695
    vertex 48.853576184834 313.345938370159 7.00119693759836
  endloop
endfacet
facet normal 0.0980171403296038 0.995184726672149 2.94404958113061e-007
  outer loop
    vertex 50.0909143816238 313.224071194728 7.0012028019695
    vertex 48.8535638317052 313.345938942148 10.4013150562009
    vertex 50.0909020284892 313.224071766717 10.4013227961827
  endloop
endfacet
facet normal -0.995184726667533 -0.0980171403284432 -3.08252317952839e-006
  outer loop
    vertex 70.2928810254985 333.426050763607 10.4013691384844
    vertex 70.1710262026628 334.663388388442 7.00134695694064
    vertex 70.2928933780992 333.426050191634 7.00134497130023
  endloop
endfacet
facet normal -0.995184726667533 -0.0980171403284432 -3.08252317952839e-006
  outer loop
    vertex 70.1710262026628 334.663388388442 7.00134695694064
    vertex 70.2928810254985 333.426050763607 10.4013691384844
    vertex 70.1710138500714 334.663388960415 10.4013681306111
  endloop
endfacet
facet normal 0.9999999999952 -6.30524669793205e-013 3.09835754796964e-006
  outer loop
    vertex 52.5762332921088 351.142710277794 7.00129441370571
    vertex 52.5762209396826 333.426050763607 10.4012586642765
    vertex 52.5762332922124 333.426050191634 7.00125735292457
  endloop
endfacet
facet normal 0.9999999999952 -6.30524669793205e-013 3.09835754796964e-006
  outer loop
    vertex 52.5762209396826 333.426050763607 10.4012586642765
    vertex 52.5762332921088 351.142710277794 7.00129441370571
    vertex 52.5762209397048 351.142710849767 10.4012551139384
  endloop
endfacet
facet normal -0.729864072695736 0.683592302021352 -2.26774798337818e-006
  outer loop
    vertex 64.7685903267304 318.748362465686 10.4013165209899
    vertex 65.6185301788192 319.65582024936 7.00129304867009
    vertex 64.7686026792815 318.748361893717 7.00128694704699
  endloop
endfacet
facet normal -0.729864072695736 0.683592302021352 -2.26774798337818e-006
  outer loop
    vertex 65.6185301788192 319.65582024936 7.00129304867009
    vertex 64.7685903267304 318.748362465686 10.4013165209899
    vertex 65.6185178262711 319.655820821329 10.4013216389569
  endloop
endfacet
facet normal 0.956940335728196 0.290284677252576 2.96228935509271e-006
  outer loop
    vertex 32.9809831376865 327.265828879314 7.00114755759104
    vertex 33.3418890237968 326.07604146749 10.4012157803698
    vertex 33.3419013767732 326.076040895501 7.00114685365462
  endloop
endfacet
facet normal 0.956940335728196 0.290284677252576 2.96228935509271e-006
  outer loop
    vertex 33.3418890237968 326.07604146749 10.4012157803698
    vertex 32.9809831376865 327.265828879314 7.00114755759104
    vertex 32.98097078472 327.265829451302 10.4012132913958
  endloop
endfacet
facet normal -0.528067850649485 0.849202181525536 -1.64406017216406e-006
  outer loop
    vertex 60.8335614842588 315.728908636326 10.4012925887639
    vertex 61.8894082641679 316.385468102513 7.00126776504396
    vertex 60.8335738368156 315.728908064357 7.00126116994506
  endloop
endfacet
facet normal -0.528067850649485 0.849202181525536 -1.64406017216406e-006
  outer loop
    vertex 61.8894082641679 316.385468102513 7.00126776504396
    vertex 60.8335614842588 315.728908636326 10.4012925887639
    vertex 61.8893959116115 316.385468674482 10.4012990409655
  endloop
endfacet
facet normal -0.227076263034255 0.9738769792771 -7.12649241962212e-007
  outer loop
    vertex 55.0402776026753 313.54847098057 10.4012569010466
    vertex 56.2511356938455 313.830800036769 7.00123453675626
    vertex 55.0402899552244 313.5484704086 7.0012279578812
  endloop
endfacet
facet normal -0.227076263034255 0.9738769792771 -7.12649241962212e-007
  outer loop
    vertex 56.2511356938455 313.830800036769 7.00123453675626
    vertex 55.0402776026753 313.54847098057 10.4012569010466
    vertex 56.2511233412935 313.830800608739 10.4012643948326
  endloop
endfacet
facet normal -0.986643332080168 0.16289547339441 -3.05847782736172e-006
  outer loop
    vertex 69.9684818117583 328.476675189924 10.4013469959829
    vertex 70.1710262026918 329.70339308408 7.00133658132246
    vertex 69.9684941642611 328.476674617954 7.00133301356914
  endloop
endfacet
facet normal -0.986643332080168 0.16289547339441 -3.05847782736172e-006
  outer loop
    vertex 70.1710262026918 329.70339308408 7.00133658132246
    vertex 69.9684818117583 328.476675189924 10.4013469959829
    vertex 70.1710138501969 329.703393656049 10.4013480130652
  endloop
endfacet
facet normal -0.8128466845888 0.582477696866262 -2.52391265748328e-006
  outer loop
    vertex 66.4072749496899 320.616924157065 10.4013263647391
    vertex 67.131496470432 321.627556308889 7.00130465569571
    vertex 66.4072873022343 320.616923585095 7.00129895999072
  endloop
endfacet
facet normal -0.8128466845888 0.582477696866262 -2.52391265748328e-006
  outer loop
    vertex 67.131496470432 321.627556308889 7.00130465569571
    vertex 66.4072749496899 320.616924157065 10.4013263647391
    vertex 67.1314841178919 321.627556880858 10.4013306780999
  endloop
endfacet
facet normal -0.881921264344837 0.471396736824634 -2.73689251823248e-006
  outer loop
    vertex 67.7880441560365 322.683391308231 10.4013345605687
    vertex 68.374155925773 323.7799056221 7.00131530372694
    vertex 67.7880565085717 322.683390736261 7.00131011139516
  endloop
endfacet
facet normal -0.881921264344837 0.471396736824634 -2.73689251823248e-006
  outer loop
    vertex 68.374155925773 323.7799056221 7.00131530372694
    vertex 67.7880441560365 322.683391308231 10.4013345605687
    vertex 68.3741435732432 323.77990619407 10.4013379955203
  endloop
endfacet
facet normal 5.21845111524918e-014 1.0 -9.33437516509435e-009
  outer loop
    vertex 52.5762209396826 333.426050763607 10.4012586642765
    vertex 70.2928933780992 333.426050191634 7.00134497130023
    vertex 52.5762332922124 333.426050191634 7.00125735292457
  endloop
endfacet
facet normal 5.21845111524918e-014 1.0 -9.33437516509435e-009
  outer loop
    vertex 70.2928933780992 333.426050191634 7.00134497130023
    vertex 52.5762209396826 333.426050763607 10.4012586642765
    vertex 70.2928810254985 333.426050763607 10.4013691384844
  endloop
endfacet
facet normal 0.290284677254471 0.956940335731792 8.90487038121298e-007
  outer loop
    vertex 45.2262116431977 314.191718847843 10.4012922679518
    vertex 46.4160119801019 313.830800036769 7.00118589680042
    vertex 45.226223996306 314.191718275854 7.00118076765202
  endloop
endfacet
facet normal 0.290284677254471 0.956940335731792 8.90487038121298e-007
  outer loop
    vertex 46.4160119801019 313.830800036769 7.00118589680042
    vertex 45.2262116431977 314.191718847843 10.4012922679518
    vertex 46.4159996269863 313.830800608758 10.4012997593337
  endloop
endfacet
facet normal -0.0980171403296721 -0.995184726672142 -2.94402712539554e-007
  outer loop
    vertex 53.8135714888986 351.020843102363 7.00130027807686
    vertex 52.5762209397048 351.142710849767 10.4012551139384
    vertex 52.5762332921088 351.142710277794 7.00129441370571
  endloop
endfacet
facet normal -0.0980171403296721 -0.995184726672142 -2.94402712539554e-007
  outer loop
    vertex 52.5762209397048 351.142710849767 10.4012551139384
    vertex 53.8135714888986 351.020843102363 7.00130027807686
    vertex 53.8135591364888 351.020843674336 10.4012628539202
  endloop
endfacet
facet normal -0.0980171403294797 0.995184726672156 -3.12978928838955e-007
  outer loop
    vertex 52.576220939789 313.224071766697 10.4012416011549
    vertex 53.8135714891191 313.345938370159 7.00122146743241
    vertex 52.5762332923307 313.224071194728 7.001215093203
  endloop
endfacet
facet normal -0.0980171403294797 0.995184726672156 -3.12978928838955e-007
  outer loop
    vertex 53.8135714891191 313.345938370159 7.00122146743241
    vertex 52.576220939789 313.224071766697 10.4012416011549
    vertex 53.8135591365734 313.345938942128 10.4012492922935
  endloop
endfacet
facet normal -0.412707029804306 -0.91086382492033 -1.27021157359794e-006
  outer loop
    vertex 59.7370589507976 349.223972825382 7.00132581409389
    vertex 58.6045466991497 349.737102425948 10.4012929859128
    vertex 58.6045590515878 349.737101853975 7.0013212866695
  endloop
endfacet
facet normal -0.412707029804306 -0.91086382492033 -1.27021157359794e-006
  outer loop
    vertex 58.6045466991497 349.737102425948 10.4012929859128
    vertex 59.7370589507976 349.223972825382 7.00132581409389
    vertex 59.7370465983513 349.223973397355 10.4013001505708
  endloop
endfacet
facet normal -0.935905926753608 -0.352250047919203 -2.89648315146378e-006
  outer loop
    vertex 69.325233944397 338.290741148994 10.4013621297513
    vertex 68.8872849542666 339.454375951198 7.00135063022998
    vertex 69.3252462969592 338.290740577021 7.00135036202059
  endloop
endfacet
facet normal -0.935905926753608 -0.352250047919203 -2.89648315146378e-006
  outer loop
    vertex 68.8872849542666 339.454375951198 7.00135063022998
    vertex 69.325233944397 338.290741148994 10.4013621297513
    vertex 68.8872726017144 339.454376523171 10.4013591656073
  endloop
endfacet
facet normal -0.683592302021628 -0.729864072695947 -2.11120053195873e-006
  outer loop
    vertex 64.7686026791242 345.618419578805 7.00134315545887
    vertex 63.8611319710079 346.468347650334 10.4013264189795
    vertex 63.8611443234902 346.468347078361 7.00134044552089
  endloop
endfacet
facet normal -0.683592302021628 -0.729864072695947 -2.11120053195873e-006
  outer loop
    vertex 63.8611319710079 346.468347650334 10.4013264189795
    vertex 64.7686026791242 345.618419578805 7.00134315545887
    vertex 64.7685903266323 345.618420150778 10.4013322478588
  endloop
endfacet
facet normal -0.729864072696267 -0.683592302020827 -2.25499892876294e-006
  outer loop
    vertex 65.6185178261707 344.710961795135 10.401337729527
    vertex 64.7686026791242 345.618419578805 7.00134315545887
    vertex 65.6185301786726 344.710961223162 7.00134546052942
  endloop
endfacet
facet normal -0.729864072696267 -0.683592302020827 -2.25499892876294e-006
  outer loop
    vertex 64.7686026791242 345.618419578805 7.00134315545887
    vertex 65.6185178261707 344.710961795135 10.401337729527
    vertex 64.7685903266323 345.618420150778 10.4013322478588
  endloop
endfacet
facet normal -0.910863824917815 -0.41270702980219 -2.81832943825546e-006
  outer loop
    vertex 68.8872726017144 339.454376523171 10.4013591656073
    vertex 68.3741559256746 340.586875850422 7.00135046156381
    vertex 68.8872849542666 339.454375951198 7.00135063022998
  endloop
endfacet
facet normal -0.910863824917815 -0.41270702980219 -2.81832943825546e-006
  outer loop
    vertex 68.3741559256746 340.586875850422 7.00135046156381
    vertex 68.8872726017144 339.454376523171 10.4013591656073
    vertex 68.3741435731325 340.586876422395 10.4013557389863
  endloop
endfacet
facet normal -0.965925826289067 0.258819045102525 -2.27941824010328e-018
  outer loop
    vertex 69.596315099354 345.920649651269 9.40127978791663
    vertex 70.4245360027777 349.011611760758 7.00137822516391
    vertex 69.5963150584496 345.920649116633 7.00136766330501
  endloop
endfacet
facet normal -0.965925826289067 0.258819045102525 -2.27941824010328e-018
  outer loop
    vertex 70.4245360027777 349.011611760758 7.00137822516391
    vertex 69.596315099354 345.920649651269 9.40127978791663
    vertex 70.4245360436821 349.011612295394 9.40127978791663
  endloop
endfacet
facet normal -0.773010453360307 0.634393284162063 -2.40097097731676e-006
  outer loop
    vertex 65.6185178262711 319.655820821329 10.4013216389569
    vertex 66.4072873022343 320.616923585095 7.00129895999072
    vertex 65.6185301788192 319.65582024936 7.00129304867009
  endloop
endfacet
facet normal -0.773010453360307 0.634393284162063 -2.40097097731676e-006
  outer loop
    vertex 66.4072873022343 320.616923585095 7.00129895999072
    vertex 65.6185178262711 319.655820821329 10.4013216389569
    vertex 66.4072749496899 320.616924157065 10.4013263647391
  endloop
endfacet
facet normal -0.227076263034481 -0.973876979277061 -6.94472901945135e-007
  outer loop
    vertex 56.2511356936307 350.535981435753 7.0013113188748
    vertex 55.0402776025901 350.818311635895 10.4012705438464
    vertex 55.0402899550063 350.818311063922 7.00130592118811
  endloop
endfacet
facet normal -0.227076263034481 -0.973876979277061 -6.94472901945135e-007
  outer loop
    vertex 55.0402776025901 350.818311635895 10.4012705438464
    vertex 56.2511356936307 350.535981435753 7.0013113188748
    vertex 56.2511233412077 350.535982007726 10.4012781507874
  endloop
endfacet
facet normal -0.773010453360815 -0.634393284161488 -2.38914110840214e-006
  outer loop
    vertex 66.4072749495871 343.7498584594 10.4013428405106
    vertex 65.6185301786726 344.710961223162 7.00134546052942
    vertex 66.4072873020989 343.749857887427 7.00134735086187
  endloop
endfacet
facet normal -0.773010453360815 -0.634393284161488 -2.38914110840214e-006
  outer loop
    vertex 65.6185301786726 344.710961223162 7.00134546052942
    vertex 66.4072749495871 343.7498584594 10.4013428405106
    vertex 65.6185178261707 344.710961795135 10.401337729527
  endloop
endfacet
facet normal -0.986643332080377 -0.162895473393201 -3.05545328680502e-006
  outer loop
    vertex 70.1710138500714 334.663388960415 10.4013681306111
    vertex 69.9684941642177 335.890106854567 7.00134852143509
    vertex 70.1710262026628 334.663388388442 7.00134695694064
  endloop
endfacet
facet normal -0.986643332080377 -0.162895473393201 -3.05545328680502e-006
  outer loop
    vertex 69.9684941642177 335.890106854567 7.00134852143509
    vertex 70.1710138500714 334.663388960415 10.4013681306111
    vertex 69.9684818116359 335.890107426541 10.4013666218712
  endloop
endfacet
facet normal 0.0 0.0 -1.0
  outer loop
    vertex 65.0708316997601 350.446133050863 9.40127978791663
    vertex 65.6914994948655 348.62338372774 9.40127978791663
    vertex 65.633573399557 348.183391351066 9.40127978791663
  endloop
endfacet
facet normal 0.0 0.0 -1.0
  outer loop
    vertex 65.6914994948655 348.62338372774 9.40127978791663
    vertex 65.0708316997601 350.446133050863 9.40127978791663
    vertex 65.8613302131234 349.033391351066 9.40127978791663
  endloop
endfacet
facet normal 0.0 0.0 -1.0
  outer loop
    vertex 65.8613302131234 349.033391351066 9.40127978791663
    vertex 65.0708316997601 350.446133050863 9.40127978791663
    vertex 66.1314918715399 349.385472879083 9.40127978791663
  endloop
endfacet
facet normal 0.0 0.0 -1.0
  outer loop
    vertex 66.1314918715399 349.385472879083 9.40127978791663
    vertex 65.0708316997601 350.446133050863 9.40127978791663
    vertex 68.1617943438851 351.274353995191 9.40127978791663
  endloop
endfacet
facet normal 0.0 0.0 -1.0
  outer loop
    vertex 66.1314918715399 349.385472879083 9.40127978791663
    vertex 68.1617943438851 351.274353995191 9.40127978791663
    vertex 66.483573399557 349.655634537499 9.40127978791663
  endloop
endfacet
facet normal 0.0 0.0 -1.0
  outer loop
    vertex 66.483573399557 349.655634537499 9.40127978791663
    vertex 68.1617943438851 351.274353995191 9.40127978791663
    vertex 66.8935810228827 349.825465255757 9.40127978791663
  endloop
endfacet
facet normal 0.0 0.0 -1.0
  outer loop
    vertex 66.8935810228827 349.825465255757 9.40127978791663
    vertex 68.1617943438851 351.274353995191 9.40127978791663
    vertex 67.333573399557 349.883391351066 9.40127978791663
  endloop
endfacet
facet normal 0.0 0.0 -1.0
  outer loop
    vertex 67.333573399557 349.883391351066 9.40127978791663
    vertex 68.1617943438851 351.274353995191 9.40127978791663
    vertex 67.7735657762313 349.825465255757 9.40127978791663
  endloop
endfacet
facet normal 0.0 0.0 -1.0
  outer loop
    vertex 67.7735657762313 349.825465255757 9.40127978791663
    vertex 68.1617943438851 351.274353995191 9.40127978791663
    vertex 68.183573399557 349.655634537499 9.40127978791663
  endloop
endfacet
facet normal 0.0 0.0 -1.0
  outer loop
    vertex 68.183573399557 349.655634537499 9.40127978791663
    vertex 68.1617943438851 351.274353995191 9.40127978791663
    vertex 70.4245360436821 349.011612295394 9.40127978791663
  endloop
endfacet
facet normal 0.0 0.0 -1.0
  outer loop
    vertex 68.183573399557 349.655634537499 9.40127978791663
    vertex 70.4245360436821 349.011612295394 9.40127978791663
    vertex 68.5356549275742 349.385472879083 9.40127978791663
  endloop
endfacet
facet normal 0.0 0.0 -1.0
  outer loop
    vertex 68.5356549275742 349.385472879083 9.40127978791663
    vertex 70.4245360436821 349.011612295394 9.40127978791663
    vertex 68.8058165859907 349.033391351066 9.40127978791663
  endloop
endfacet
facet normal 0.0 0.0 -1.0
  outer loop
    vertex 68.8058165859907 349.033391351066 9.40127978791663
    vertex 70.4245360436821 349.011612295394 9.40127978791663
    vertex 68.9756473042485 348.62338372774 9.40127978791663
  endloop
endfacet
facet normal 0.0 0.0 -1.0
  outer loop
    vertex 68.9756473042485 348.62338372774 9.40127978791663
    vertex 70.4245360436821 349.011612295394 9.40127978791663
    vertex 69.0335733995571 348.183391351066 9.40127978791663
  endloop
endfacet
facet normal 0.0 0.0 -1.0
  outer loop
    vertex 69.0335733995571 348.183391351066 9.40127978791663
    vertex 70.4245360436821 349.011612295394 9.40127978791663
    vertex 69.596315099354 345.920649651269 9.40127978791663
  endloop
endfacet
facet normal 0.0 0.0 -1.0
  outer loop
    vertex 64.242610755432 347.355170406738 9.40127978791663
    vertex 65.6914994948656 347.743398974392 9.40127978791663
    vertex 66.505352455229 345.092428706941 9.40127978791663
  endloop
endfacet
facet normal 0.0 0.0 -1.0
  outer loop
    vertex 65.6914994948656 347.743398974392 9.40127978791663
    vertex 64.242610755432 347.355170406738 9.40127978791663
    vertex 65.0708316997601 350.446133050863 9.40127978791663
  endloop
endfacet
facet normal 0.0 0.0 -1.0
  outer loop
    vertex 65.6914994948656 347.743398974392 9.40127978791663
    vertex 65.0708316997601 350.446133050863 9.40127978791663
    vertex 65.633573399557 348.183391351066 9.40127978791663
  endloop
endfacet
facet normal 0.0 0.0 -1.0
  outer loop
    vertex 66.505352455229 345.092428706941 9.40127978791663
    vertex 65.6914994948656 347.743398974392 9.40127978791663
    vertex 65.8613302131235 347.333391351066 9.40127978791663
  endloop
endfacet
facet normal 0.0 0.0 -1.0
  outer loop
    vertex 66.505352455229 345.092428706941 9.40127978791663
    vertex 65.8613302131235 347.333391351066 9.40127978791663
    vertex 66.1314918715399 346.981309823049 9.40127978791663
  endloop
endfacet
facet normal 0.0 0.0 -1.0
  outer loop
    vertex 66.505352455229 345.092428706941 9.40127978791663
    vertex 66.1314918715399 346.981309823049 9.40127978791663
    vertex 66.4835733995571 346.711148164632 9.40127978791663
  endloop
endfacet
facet normal 0.0 0.0 -1.0
  outer loop
    vertex 66.505352455229 345.092428706941 9.40127978791663
    vertex 66.4835733995571 346.711148164632 9.40127978791663
    vertex 66.8935810228828 346.541317446374 9.40127978791663
  endloop
endfacet
facet normal 0.0 0.0 -1.0
  outer loop
    vertex 66.505352455229 345.092428706941 9.40127978791663
    vertex 66.8935810228828 346.541317446374 9.40127978791663
    vertex 69.596315099354 345.920649651269 9.40127978791663
  endloop
endfacet
facet normal 0.0 0.0 -1.0
  outer loop
    vertex 69.596315099354 345.920649651269 9.40127978791663
    vertex 66.8935810228828 346.541317446374 9.40127978791663
    vertex 67.3335733995571 346.483391351066 9.40127978791663
  endloop
endfacet
facet normal 0.0 0.0 -1.0
  outer loop
    vertex 69.596315099354 345.920649651269 9.40127978791663
    vertex 67.3335733995571 346.483391351066 9.40127978791663
    vertex 67.7735657762314 346.541317446374 9.40127978791663
  endloop
endfacet
facet normal 0.0 0.0 -1.0
  outer loop
    vertex 69.596315099354 345.920649651269 9.40127978791663
    vertex 67.7735657762314 346.541317446374 9.40127978791663
    vertex 68.1835733995572 346.711148164632 9.40127978791663
  endloop
endfacet
facet normal 0.0 0.0 -1.0
  outer loop
    vertex 69.596315099354 345.920649651269 9.40127978791663
    vertex 68.1835733995572 346.711148164632 9.40127978791663
    vertex 68.5356549275743 346.981309823049 9.40127978791663
  endloop
endfacet
facet normal 0.0 0.0 -1.0
  outer loop
    vertex 69.596315099354 345.920649651269 9.40127978791663
    vertex 68.5356549275743 346.981309823049 9.40127978791663
    vertex 68.8058165859907 347.333391351066 9.40127978791663
  endloop
endfacet
facet normal 0.0 0.0 -1.0
  outer loop
    vertex 69.596315099354 345.920649651269 9.40127978791663
    vertex 68.8058165859907 347.333391351066 9.40127978791663
    vertex 68.9756473042486 347.743398974391 9.40127978791663
  endloop
endfacet
facet normal 0.0 0.0 -1.0
  outer loop
    vertex 69.596315099354 345.920649651269 9.40127978791663
    vertex 68.9756473042486 347.743398974391 9.40127978791663
    vertex 69.0335733995571 348.183391351066 9.40127978791663
  endloop
endfacet
facet normal -0.471396736825651 -0.881921264347344 -1.45232343602257e-006
  outer loop
    vertex 60.833573836623 348.637873408165 7.00133001090923
    vertex 59.7370465983513 349.223973397355 10.4013001505708
    vertex 59.7370589507976 349.223972825382 7.00132581409389
  endloop
endfacet
facet normal -0.471396736825651 -0.881921264347344 -1.45232343602257e-006
  outer loop
    vertex 59.7370465983513 349.223973397355 10.4013001505708
    vertex 60.833573836623 348.637873408165 7.00133001090923
    vertex 60.8335614841682 348.637873980138 10.4013071054632
  endloop
endfacet
facet normal -0.634393284162699 -0.773010453361033 -1.95836165222892e-006
  outer loop
    vertex 63.8611443234902 346.468347078361 7.00134044552089
    vertex 62.9000286352919 347.257104773767 10.4013202678493
    vertex 62.9000409877648 347.257104201794 7.00133734231985
  endloop
endfacet
facet normal -0.634393284162699 -0.773010453361033 -1.95836165222892e-006
  outer loop
    vertex 62.9000286352919 347.257104773767 10.4013202678493
    vertex 63.8611443234902 346.468347078361 7.00134044552089
    vertex 63.8611319710079 346.468347650334 10.4013264189795
  endloop
endfacet
facet normal 0.0 0.0 -1.0
  outer loop
    vertex 32.2426107554337 349.011612295393 9.40127978791664
    vertex 33.6914994948672 348.623383727739 9.40127978791664
    vertex 33.0708316997618 345.920649651268 9.40127978791664
  endloop
endfacet
facet normal 0.0 0.0 -1.0
  outer loop
    vertex 33.6914994948672 348.623383727739 9.40127978791664
    vertex 32.2426107554337 349.011612295393 9.40127978791664
    vertex 34.5053524552307 351.27435399519 9.40127978791664
  endloop
endfacet
facet normal 0.0 0.0 -1.0
  outer loop
    vertex 33.0708316997618 345.920649651268 9.40127978791664
    vertex 33.6914994948672 348.623383727739 9.40127978791664
    vertex 33.6335733995587 348.183391351065 9.40127978791664
  endloop
endfacet
facet normal 0.0 0.0 -1.0
  outer loop
    vertex 33.6914994948672 348.623383727739 9.40127978791664
    vertex 34.5053524552307 351.27435399519 9.40127978791664
    vertex 33.8613302131251 349.033391351065 9.40127978791664
  endloop
endfacet
facet normal 0.0 0.0 -1.0
  outer loop
    vertex 33.8613302131251 349.033391351065 9.40127978791664
    vertex 34.5053524552307 351.27435399519 9.40127978791664
    vertex 34.1314918715415 349.385472879082 9.40127978791664
  endloop
endfacet
facet normal 0.0 0.0 -1.0
  outer loop
    vertex 34.1314918715415 349.385472879082 9.40127978791664
    vertex 34.5053524552307 351.27435399519 9.40127978791664
    vertex 34.4835733995586 349.655634537499 9.40127978791664
  endloop
endfacet
facet normal 0.0 0.0 -1.0
  outer loop
    vertex 34.4835733995586 349.655634537499 9.40127978791664
    vertex 34.5053524552307 351.27435399519 9.40127978791664
    vertex 34.8935810228844 349.825465255756 9.40127978791664
  endloop
endfacet
facet normal 0.0 0.0 -1.0
  outer loop
    vertex 34.8935810228844 349.825465255756 9.40127978791664
    vertex 34.5053524552307 351.27435399519 9.40127978791664
    vertex 37.5963150993557 350.446133050862 9.40127978791664
  endloop
endfacet
facet normal 0.0 0.0 -1.0
  outer loop
    vertex 34.8935810228844 349.825465255756 9.40127978791664
    vertex 37.5963150993557 350.446133050862 9.40127978791664
    vertex 35.3335733995587 349.883391351065 9.40127978791664
  endloop
endfacet
facet normal 0.0 0.0 -1.0
  outer loop
    vertex 35.3335733995587 349.883391351065 9.40127978791664
    vertex 37.5963150993557 350.446133050862 9.40127978791664
    vertex 35.773565776233 349.825465255756 9.40127978791664
  endloop
endfacet
facet normal 0.0 0.0 -1.0
  outer loop
    vertex 35.773565776233 349.825465255756 9.40127978791664
    vertex 37.5963150993557 350.446133050862 9.40127978791664
    vertex 36.1835733995587 349.655634537499 9.40127978791664
  endloop
endfacet
facet normal 0.0 0.0 -1.0
  outer loop
    vertex 36.1835733995587 349.655634537499 9.40127978791664
    vertex 37.5963150993557 350.446133050862 9.40127978791664
    vertex 36.5356549275759 349.385472879082 9.40127978791664
  endloop
endfacet
facet normal 0.0 0.0 -1.0
  outer loop
    vertex 36.5356549275759 349.385472879082 9.40127978791664
    vertex 37.5963150993557 350.446133050862 9.40127978791664
    vertex 36.8058165859923 349.033391351065 9.40127978791664
  endloop
endfacet
facet normal 0.0 0.0 -1.0
  outer loop
    vertex 36.8058165859923 349.033391351065 9.40127978791664
    vertex 37.5963150993557 350.446133050862 9.40127978791664
    vertex 36.9756473042502 348.623383727739 9.40127978791664
  endloop
endfacet
facet normal 0.0 0.0 -1.0
  outer loop
    vertex 36.9756473042502 348.623383727739 9.40127978791664
    vertex 37.5963150993557 350.446133050862 9.40127978791664
    vertex 37.0335733995588 348.183391351065 9.40127978791664
  endloop
endfacet
facet normal 0.0 0.0 -1.0
  outer loop
    vertex 33.0708316997618 345.920649651268 9.40127978791664
    vertex 34.1314918715416 346.981309823048 9.40127978791664
    vertex 36.1617943438868 345.09242870694 9.40127978791664
  endloop
endfacet
facet normal 0.0 0.0 -1.0
  outer loop
    vertex 34.1314918715416 346.981309823048 9.40127978791664
    vertex 33.0708316997618 345.920649651268 9.40127978791664
    vertex 33.8613302131251 347.333391351065 9.40127978791664
  endloop
endfacet
facet normal 0.0 0.0 -1.0
  outer loop
    vertex 33.8613302131251 347.333391351065 9.40127978791664
    vertex 33.0708316997618 345.920649651268 9.40127978791664
    vertex 33.6914994948672 347.743398974391 9.40127978791664
  endloop
endfacet
facet normal 0.0 0.0 -1.0
  outer loop
    vertex 33.6914994948672 347.743398974391 9.40127978791664
    vertex 33.0708316997618 345.920649651268 9.40127978791664
    vertex 33.6335733995587 348.183391351065 9.40127978791664
  endloop
endfacet
facet normal 0.0 0.0 -1.0
  outer loop
    vertex 36.1617943438868 345.09242870694 9.40127978791664
    vertex 34.1314918715416 346.981309823048 9.40127978791664
    vertex 34.4835733995587 346.711148164632 9.40127978791664
  endloop
endfacet
facet normal 0.0 0.0 -1.0
  outer loop
    vertex 36.1617943438868 345.09242870694 9.40127978791664
    vertex 34.4835733995587 346.711148164632 9.40127978791664
    vertex 34.8935810228845 346.541317446374 9.40127978791664
  endloop
endfacet
facet normal 0.0 0.0 -1.0
  outer loop
    vertex 36.1617943438868 345.09242870694 9.40127978791664
    vertex 34.8935810228845 346.541317446374 9.40127978791664
    vertex 35.3335733995588 346.483391351065 9.40127978791664
  endloop
endfacet
facet normal 0.0 0.0 -1.0
  outer loop
    vertex 36.1617943438868 345.09242870694 9.40127978791664
    vertex 35.3335733995588 346.483391351065 9.40127978791664
    vertex 35.7735657762331 346.541317446374 9.40127978791664
  endloop
endfacet
facet normal 0.0 0.0 -1.0
  outer loop
    vertex 36.1617943438868 345.09242870694 9.40127978791664
    vertex 35.7735657762331 346.541317446374 9.40127978791664
    vertex 36.1835733995588 346.711148164631 9.40127978791664
  endloop
endfacet
facet normal 0.0 0.0 -1.0
  outer loop
    vertex 36.1617943438868 345.09242870694 9.40127978791664
    vertex 36.1835733995588 346.711148164631 9.40127978791664
    vertex 38.4245360436837 347.355170406737 9.40127978791664
  endloop
endfacet
facet normal 0.0 0.0 -1.0
  outer loop
    vertex 38.4245360436837 347.355170406737 9.40127978791664
    vertex 36.1835733995588 346.711148164631 9.40127978791664
    vertex 36.5356549275759 346.981309823048 9.40127978791664
  endloop
endfacet
facet normal 0.0 0.0 -1.0
  outer loop
    vertex 38.4245360436837 347.355170406737 9.40127978791664
    vertex 36.5356549275759 346.981309823048 9.40127978791664
    vertex 36.8058165859924 347.333391351065 9.40127978791664
  endloop
endfacet
facet normal 0.0 0.0 -1.0
  outer loop
    vertex 38.4245360436837 347.355170406737 9.40127978791664
    vertex 36.8058165859924 347.333391351065 9.40127978791664
    vertex 36.9756473042502 347.743398974391 9.40127978791664
  endloop
endfacet
facet normal 0.0 0.0 -1.0
  outer loop
    vertex 38.4245360436837 347.355170406737 9.40127978791664
    vertex 36.9756473042502 347.743398974391 9.40127978791664
    vertex 37.0335733995588 348.183391351065 9.40127978791664
  endloop
endfacet
facet normal 0.0 0.0 -1.0
  outer loop
    vertex 38.4245360436837 347.355170406737 9.40127978791664
    vertex 37.0335733995588 348.183391351065 9.40127978791664
    vertex 37.5963150993557 350.446133050862 9.40127978791664
  endloop
endfacet
facet normal -0.995184726667402 0.0980171403297166 -3.08433644717671e-006
  outer loop
    vertex 70.1710138501969 329.703393656049 10.4013480130652
    vertex 70.2928933781138 330.940731280888 7.00133977235981
    vertex 70.1710262026918 329.70339308408 7.00133658132246
  endloop
endfacet
facet normal -0.995184726667402 0.0980171403297166 -3.08433644717671e-006
  outer loop
    vertex 70.2928933781138 330.940731280888 7.00133977235981
    vertex 70.1710138501969 329.703393656049 10.4013480130652
    vertex 70.2928810256272 330.940731852858 10.4013485250246
  endloop
endfacet
facet normal -0.973876979272772 0.227076263033863 -3.01952233736085e-006
  outer loop
    vertex 69.6861521835932 327.265829451282 10.401345478133
    vertex 69.9684941642611 328.476674617954 7.00133301356914
    vertex 69.6861645361035 327.265828879313 7.00132908437752
  endloop
endfacet
facet normal -0.973876979272772 0.227076263033863 -3.01952233736085e-006
  outer loop
    vertex 69.9684941642611 328.476674617954 7.00133301356914
    vertex 69.6861521835932 327.265829451282 10.401345478133
    vertex 69.9684818117583 328.476675189924 10.4013469959829
  endloop
endfacet
facet normal -0.812846684589341 -0.582477696865554 -2.51305258959722e-006
  outer loop
    vertex 67.1314841177866 342.739225735607 10.4013475589238
    vertex 66.4072873020989 343.749857887427 7.00134735086187
    vertex 67.1314964703085 342.739225163633 7.00134881836154
  endloop
endfacet
facet normal -0.812846684589341 -0.582477696865554 -2.51305258959722e-006
  outer loop
    vertex 66.4072873020989 343.749857887427 7.00134735086187
    vertex 67.1314841177866 342.739225735607 10.4013475589238
    vertex 66.4072749495871 343.7498584594 10.4013428405106
  endloop
endfacet
facet normal -0.881921264345297 -0.471396736823825 -2.7281072023788e-006
  outer loop
    vertex 68.3741435731325 340.586876422395 10.4013557389863
    vertex 67.7880565084605 341.683390736261 7.00134985674436
    vertex 68.3741559256746 340.586875850422 7.00135046156381
  endloop
endfacet
facet normal -0.881921264345297 -0.471396736823825 -2.7281072023788e-006
  outer loop
    vertex 67.7880565084605 341.683390736261 7.00134985674436
    vertex 68.3741435731325 340.586876422395 10.4013557389863
    vertex 67.7880441559285 341.683391308234 10.4013518645615
  endloop
endfacet
facet normal -0.582477696867099 -0.812846684590132 -1.79713672960496e-006
  outer loop
    vertex 62.9000409877648 347.257104201794 7.00133734231985
    vertex 61.8893959115193 347.981313941982 10.4013138208081
    vertex 61.8894082639829 347.981313370009 7.00133385914413
  endloop
endfacet
facet normal -0.582477696867099 -0.812846684590132 -1.79713672960496e-006
  outer loop
    vertex 61.8893959115193 347.981313941982 10.4013138208081
    vertex 62.9000409877648 347.257104201794 7.00133734231985
    vertex 62.9000286352919 347.257104773767 10.4013202678493
  endloop
endfacet
facet normal -0.528067850649901 -0.849202181525308 -1.62821622669739e-006
  outer loop
    vertex 61.8894082639829 347.981313370009 7.00133385914413
    vertex 60.8335614841682 348.637873980138 10.4013071054632
    vertex 60.833573836623 348.637873408165 7.00133001090923
  endloop
endfacet
facet normal -0.528067850649901 -0.849202181525308 -1.62821622669739e-006
  outer loop
    vertex 60.8335614841682 348.637873980138 10.4013071054632
    vertex 61.8894082639829 347.981313370009 7.00133385914413
    vertex 61.8893959115193 347.981313941982 10.4013138208081
  endloop
endfacet
facet normal 0.965925826289068 -0.258819045102523 -9.45640716970145e-018
  outer loop
    vertex 65.0708316588557 350.446132516227 7.00135474904501
    vertex 64.242610755432 347.355170406738 9.40127978791663
    vertex 64.2426107145276 347.355169872102 7.00134418718612
  endloop
endfacet
facet normal 0.965925826289068 -0.258819045102523 -9.45640716970145e-018
  outer loop
    vertex 64.242610755432 347.355170406738 9.40127978791663
    vertex 65.0708316588557 350.446132516227 7.00135474904501
    vertex 65.0708316997601 350.446133050863 9.40127978791663
  endloop
endfacet
facet normal -0.634393284162208 0.773010453361399 -1.97278151633371e-006
  outer loop
    vertex 62.900028635386 317.109677842697 10.4013051977502
    vertex 63.8611443236574 317.898434394161 7.00128068124951
    vertex 62.9000409879413 317.109677270728 7.00127427810875
  endloop
endfacet
facet normal -0.634393284162208 0.773010453361399 -1.97278151633371e-006
  outer loop
    vertex 63.8611443236574 317.898434394161 7.00128068124951
    vertex 62.900028635386 317.109677842697 10.4013051977502
    vertex 63.8611319711039 317.89843496613 10.4013110327538
  endloop
endfacet
facet normal -0.290284677254476 -0.95694033573179 -8.90473267906562e-007
  outer loop
    vertex 57.4409236774266 350.175063196668 7.00131644802319
    vertex 56.2511233412077 350.535982007726 10.4012781507874
    vertex 56.2511356936307 350.535981435753 7.0013113188748
  endloop
endfacet
facet normal -0.290284677254476 -0.95694033573179 -8.90473267906562e-007
  outer loop
    vertex 56.2511233412077 350.535982007726 10.4012781507874
    vertex 57.4409236774266 350.175063196668 7.00131644802319
    vertex 57.4409113249962 350.175063768641 10.4012856421693
  endloop
endfacet
facet normal 0.965925826289067 0.258819045102525 3.31823543452789e-018
  outer loop
    vertex 32.2426107145293 349.011611760757 7.00118939508774
    vertex 33.0708316997618 345.920649651268 9.40127978791664
    vertex 33.0708316588574 345.920649116632 7.0011870252214
  endloop
endfacet
facet normal 0.965925826289067 0.258819045102525 3.31823543452789e-018
  outer loop
    vertex 33.0708316997618 345.920649651268 9.40127978791664
    vertex 32.2426107145293 349.011611760757 7.00118939508774
    vertex 32.2426107554337 349.011612295393 9.40127978791664
  endloop
endfacet
facet normal -0.956940335728177 -0.29028467725264 -2.96223368593305e-006
  outer loop
    vertex 69.6861521834738 337.100953165182 10.4013646187253
    vertex 69.3252462969592 338.290740577021 7.00135036202059
    vertex 69.686164536046 337.100952593209 7.00134965808418
  endloop
endfacet
facet normal -0.956940335728177 -0.29028467725264 -2.96223368593305e-006
  outer loop
    vertex 69.3252462969592 338.290740577021 7.00135036202059
    vertex 69.6861521834738 337.100953165182 10.4013646187253
    vertex 69.325233944397 338.290741148994 10.4013621297513
  endloop
endfacet
facet normal 0.258819045102534 0.965925826289065 2.1636989971788e-018
  outer loop
    vertex 33.0708316997618 345.920649651268 9.40127978791664
    vertex 36.1617943029824 345.092428172304 7.00120057916497
    vertex 33.0708316588574 345.920649116632 7.0011870252214
  endloop
endfacet
facet normal 0.258819045102534 0.965925826289065 2.1636989971788e-018
  outer loop
    vertex 36.1617943029824 345.092428172304 7.00120057916497
    vertex 33.0708316997618 345.920649651268 9.40127978791664
    vertex 36.1617943438868 345.09242870694 9.40127978791664
  endloop
endfacet
facet normal -0.162895473394574 -0.986643332084757 -4.95498696047355e-007
  outer loop
    vertex 55.0402899550063 350.818311063922 7.00130592118811
    vertex 53.8135591364888 351.020843674336 10.4012628539202
    vertex 53.8135714888986 351.020843102363 7.00130027807686
  endloop
endfacet
facet normal -0.162895473394574 -0.986643332084757 -4.95498696047355e-007
  outer loop
    vertex 53.8135591364888 351.020843674336 10.4012628539202
    vertex 55.0402899550063 350.818311063922 7.00130592118811
    vertex 55.0402776025901 350.818311635895 10.4012705438464
  endloop
endfacet
facet normal -0.973876979273052 -0.227076263032716 -3.01529947665788e-006
  outer loop
    vertex 69.9684818116359 335.890107426541 10.4013666218712
    vertex 69.686164536046 337.100952593209 7.00134965808418
    vertex 69.9684941642177 335.890106854567 7.00134852143509
  endloop
endfacet
facet normal -0.973876979273052 -0.227076263032716 -3.01529947665788e-006
  outer loop
    vertex 69.686164536046 337.100952593209 7.00134965808418
    vertex 69.9684818116359 335.890107426541 10.4013666218712
    vertex 69.6861521834738 337.100953165182 10.4013646187253
  endloop
endfacet
facet normal -0.849202181523935 -0.528067850648089 -2.62620278993738e-006
  outer loop
    vertex 67.7880441559285 341.683391308234 10.4013518645615
    vertex 67.1314964703085 342.739225163633 7.00134881836154
    vertex 67.7880565084605 341.683390736261 7.00134985674436
  endloop
endfacet
facet normal -0.849202181523935 -0.528067850648089 -2.62620278993738e-006
  outer loop
    vertex 67.1314964703085 342.739225163633 7.00134881836154
    vertex 67.7880441559285 341.683391308234 10.4013518645615
    vertex 67.1314841177866 342.739225735607 10.4013475589238
  endloop
endfacet
facet normal -0.352250047921132 -0.935905926756738 -1.0826604901707e-006
  outer loop
    vertex 58.6045590515878 349.737101853975 7.0013212866695
    vertex 57.4409113249962 350.175063768641 10.4012856421693
    vertex 57.4409236774266 350.175063196668 7.00131644802319
  endloop
endfacet
facet normal -0.352250047921132 -0.935905926756738 -1.0826604901707e-006
  outer loop
    vertex 57.4409113249962 350.175063768641 10.4012856421693
    vertex 58.6045590515878 349.737101853975 7.0013212866695
    vertex 58.6045466991497 349.737102425948 10.4012929859128
  endloop
endfacet
facet normal 0.707106781186562 -0.707106781186533 -8.82214505731722e-020
  outer loop
    vertex 34.5053524143262 351.274353460554 7.00120531889763
    vertex 32.2426107554337 349.011612295393 9.40127978791664
    vertex 32.2426107145293 349.011611760757 7.00118939508774
  endloop
endfacet
facet normal 0.707106781186562 -0.707106781186533 -8.82214505731722e-020
  outer loop
    vertex 32.2426107554337 349.011612295393 9.40127978791664
    vertex 34.5053524143262 351.274353460554 7.00120531889763
    vertex 34.5053524552307 351.27435399519 9.40127978791664
  endloop
endfacet
facet normal -0.258819045102534 -0.965925826289065 -2.16373198138646e-018
  outer loop
    vertex 37.5963150584512 350.446132516226 7.0012188728412
    vertex 34.5053524552307 351.27435399519 9.40127978791664
    vertex 34.5053524143262 351.274353460554 7.00120531889763
  endloop
endfacet
facet normal -0.258819045102534 -0.965925826289065 -2.16373198138646e-018
  outer loop
    vertex 34.5053524552307 351.27435399519 9.40127978791664
    vertex 37.5963150584512 350.446132516226 7.0012188728412
    vertex 37.5963150993557 350.446133050862 9.40127978791664
  endloop
endfacet
facet normal 0.0 0.0 -1.0
  outer loop
    vertex 33.0708321799664 318.446132892597 9.40127978791663
    vertex 33.691499975072 316.623383569475 9.40127978791663
    vertex 33.6335738797634 316.1833911928 9.40127978791663
  endloop
endfacet
facet normal 0.0 0.0 -1.0
  outer loop
    vertex 33.691499975072 316.623383569475 9.40127978791663
    vertex 33.0708321799664 318.446132892597 9.40127978791663
    vertex 33.8613306933299 317.0333911928 9.40127978791663
  endloop
endfacet
facet normal 0.0 0.0 -1.0
  outer loop
    vertex 33.8613306933299 317.0333911928 9.40127978791663
    vertex 33.0708321799664 318.446132892597 9.40127978791663
    vertex 34.1314923517463 317.385472720817 9.40127978791663
  endloop
endfacet
facet normal 0.0 0.0 -1.0
  outer loop
    vertex 34.1314923517463 317.385472720817 9.40127978791663
    vertex 33.0708321799664 318.446132892597 9.40127978791663
    vertex 36.1617948240915 319.274353836925 9.40127978791663
  endloop
endfacet
facet normal 0.0 0.0 -1.0
  outer loop
    vertex 34.1314923517463 317.385472720817 9.40127978791663
    vertex 36.1617948240915 319.274353836925 9.40127978791663
    vertex 34.4835738797634 317.655634379234 9.40127978791663
  endloop
endfacet
facet normal 0.0 0.0 -1.0
  outer loop
    vertex 34.4835738797634 317.655634379234 9.40127978791663
    vertex 36.1617948240915 319.274353836925 9.40127978791663
    vertex 34.8935815030891 317.825465097492 9.40127978791663
  endloop
endfacet
facet normal 0.0 0.0 -1.0
  outer loop
    vertex 34.8935815030891 317.825465097492 9.40127978791663
    vertex 36.1617948240915 319.274353836925 9.40127978791663
    vertex 35.3335738797634 317.8833911928 9.40127978791663
  endloop
endfacet
facet normal 0.0 0.0 -1.0
  outer loop
    vertex 35.3335738797634 317.8833911928 9.40127978791663
    vertex 36.1617948240915 319.274353836925 9.40127978791663
    vertex 35.7735662564377 317.825465097492 9.40127978791663
  endloop
endfacet
facet normal 0.0 0.0 -1.0
  outer loop
    vertex 35.7735662564377 317.825465097492 9.40127978791663
    vertex 36.1617948240915 319.274353836925 9.40127978791663
    vertex 36.1835738797634 317.655634379234 9.40127978791663
  endloop
endfacet
facet normal 0.0 0.0 -1.0
  outer loop
    vertex 36.1835738797634 317.655634379234 9.40127978791663
    vertex 36.1617948240915 319.274353836925 9.40127978791663
    vertex 38.4245365238884 317.011612137128 9.40127978791663
  endloop
endfacet
facet normal 0.0 0.0 -1.0
  outer loop
    vertex 36.1835738797634 317.655634379234 9.40127978791663
    vertex 38.4245365238884 317.011612137128 9.40127978791663
    vertex 36.5356554077806 317.385472720817 9.40127978791663
  endloop
endfacet
facet normal 0.0 0.0 -1.0
  outer loop
    vertex 36.5356554077806 317.385472720817 9.40127978791663
    vertex 38.4245365238884 317.011612137128 9.40127978791663
    vertex 36.805817066197 317.0333911928 9.40127978791663
  endloop
endfacet
facet normal 0.0 0.0 -1.0
  outer loop
    vertex 36.805817066197 317.0333911928 9.40127978791663
    vertex 38.4245365238884 317.011612137128 9.40127978791663
    vertex 36.9756477844549 316.623383569475 9.40127978791663
  endloop
endfacet
facet normal 0.0 0.0 -1.0
  outer loop
    vertex 36.9756477844549 316.623383569475 9.40127978791663
    vertex 38.4245365238884 317.011612137128 9.40127978791663
    vertex 37.0335738797634 316.1833911928 9.40127978791663
  endloop
endfacet
facet normal 0.0 0.0 -1.0
  outer loop
    vertex 37.0335738797634 316.1833911928 9.40127978791663
    vertex 38.4245365238884 317.011612137128 9.40127978791663
    vertex 37.5963155795604 313.920649493003 9.40127978791663
  endloop
endfacet
facet normal 0.0 0.0 -1.0
  outer loop
    vertex 32.2426112356384 315.355170248472 9.40127978791663
    vertex 33.691499975072 315.743398816126 9.40127978791663
    vertex 34.5053529354353 313.092428548675 9.40127978791663
  endloop
endfacet
facet normal 0.0 0.0 -1.0
  outer loop
    vertex 33.691499975072 315.743398816126 9.40127978791663
    vertex 32.2426112356384 315.355170248472 9.40127978791663
    vertex 33.0708321799664 318.446132892597 9.40127978791663
  endloop
endfacet
facet normal 0.0 0.0 -1.0
  outer loop
    vertex 33.691499975072 315.743398816126 9.40127978791663
    vertex 33.0708321799664 318.446132892597 9.40127978791663
    vertex 33.6335738797634 316.1833911928 9.40127978791663
  endloop
endfacet
facet normal 0.0 0.0 -1.0
  outer loop
    vertex 34.5053529354353 313.092428548675 9.40127978791663
    vertex 33.691499975072 315.743398816126 9.40127978791663
    vertex 33.8613306933299 315.3333911928 9.40127978791663
  endloop
endfacet
facet normal 0.0 0.0 -1.0
  outer loop
    vertex 34.5053529354353 313.092428548675 9.40127978791663
    vertex 33.8613306933299 315.3333911928 9.40127978791663
    vertex 34.1314923517463 314.981309664783 9.40127978791663
  endloop
endfacet
facet normal 0.0 0.0 -1.0
  outer loop
    vertex 34.5053529354353 313.092428548675 9.40127978791663
    vertex 34.1314923517463 314.981309664783 9.40127978791663
    vertex 34.4835738797634 314.711148006367 9.40127978791663
  endloop
endfacet
facet normal 0.0 0.0 -1.0
  outer loop
    vertex 34.5053529354353 313.092428548675 9.40127978791663
    vertex 34.4835738797634 314.711148006367 9.40127978791663
    vertex 34.8935815030891 314.541317288109 9.40127978791663
  endloop
endfacet
facet normal 0.0 0.0 -1.0
  outer loop
    vertex 34.5053529354353 313.092428548675 9.40127978791663
    vertex 34.8935815030891 314.541317288109 9.40127978791663
    vertex 37.5963155795604 313.920649493003 9.40127978791663
  endloop
endfacet
facet normal 0.0 0.0 -1.0
  outer loop
    vertex 37.5963155795604 313.920649493003 9.40127978791663
    vertex 34.8935815030891 314.541317288109 9.40127978791663
    vertex 35.3335738797634 314.4833911928 9.40127978791663
  endloop
endfacet
facet normal 0.0 0.0 -1.0
  outer loop
    vertex 37.5963155795604 313.920649493003 9.40127978791663
    vertex 35.3335738797634 314.4833911928 9.40127978791663
    vertex 35.7735662564377 314.541317288109 9.40127978791663
  endloop
endfacet
facet normal 0.0 0.0 -1.0
  outer loop
    vertex 37.5963155795604 313.920649493003 9.40127978791663
    vertex 35.7735662564377 314.541317288109 9.40127978791663
    vertex 36.1835738797634 314.711148006367 9.40127978791663
  endloop
endfacet
facet normal 0.0 0.0 -1.0
  outer loop
    vertex 37.5963155795604 313.920649493003 9.40127978791663
    vertex 36.1835738797634 314.711148006367 9.40127978791663
    vertex 36.5356554077806 314.981309664783 9.40127978791663
  endloop
endfacet
facet normal 0.0 0.0 -1.0
  outer loop
    vertex 37.5963155795604 313.920649493003 9.40127978791663
    vertex 36.5356554077806 314.981309664783 9.40127978791663
    vertex 36.805817066197 315.3333911928 9.40127978791663
  endloop
endfacet
facet normal 0.0 0.0 -1.0
  outer loop
    vertex 37.5963155795604 313.920649493003 9.40127978791663
    vertex 36.805817066197 315.3333911928 9.40127978791663
    vertex 36.9756477844549 315.743398816126 9.40127978791663
  endloop
endfacet
facet normal 0.0 0.0 -1.0
  outer loop
    vertex 37.5963155795604 313.920649493003 9.40127978791663
    vertex 36.9756477844549 315.743398816126 9.40127978791663
    vertex 37.0335738797634 316.1833911928 9.40127978791663
  endloop
endfacet
facet normal -0.707106781186562 0.707106781186533 -3.42575855841591e-017
  outer loop
    vertex 36.1617943438868 345.09242870694 9.40127978791664
    vertex 38.4245360027793 347.355169872101 7.00121650297487
    vertex 36.1617943029824 345.092428172304 7.00120057916497
  endloop
endfacet
facet normal -0.707106781186562 0.707106781186533 -3.42575855841591e-017
  outer loop
    vertex 38.4245360027793 347.355169872101 7.00121650297487
    vertex 36.1617943438868 345.09242870694 9.40127978791664
    vertex 38.4245360436837 347.355170406737 9.40127978791664
  endloop
endfacet
facet normal -0.965925826289066 0.258819045102528 -1.48605514855711e-017
  outer loop
    vertex 37.5963155795604 313.920649493003 9.40127978791663
    vertex 38.424536482984 317.011611602493 7.00115302848675
    vertex 37.5963155386559 313.920648958368 7.00114246662785
  endloop
endfacet
facet normal -0.965925826289066 0.258819045102528 -1.48605514855711e-017
  outer loop
    vertex 38.424536482984 317.011611602493 7.00115302848675
    vertex 37.5963155795604 313.920649493003 9.40127978791663
    vertex 38.4245365238884 317.011612137128 9.40127978791663
  endloop
endfacet
facet normal 0.258819045102531 -0.965925826289066 -3.26730091057128e-018
  outer loop
    vertex 36.1617947831871 319.27435330229 7.00114657135674
    vertex 33.0708321799664 318.446132892597 9.40127978791663
    vertex 33.070832139062 318.446132357961 7.00112955236785
  endloop
endfacet
facet normal 0.258819045102531 -0.965925826289066 -3.26730091057128e-018
  outer loop
    vertex 33.0708321799664 318.446132892597 9.40127978791663
    vertex 36.1617947831871 319.27435330229 7.00114657135674
    vertex 36.1617948240915 319.274353836925 9.40127978791663
  endloop
endfacet
facet normal -0.707106781186562 -0.707106781186533 3.58613843816803e-020
  outer loop
    vertex 70.4245360436821 349.011612295394 9.40127978791663
    vertex 68.1617943029807 351.274353460555 7.00137176803391
    vertex 70.4245360027777 349.011611760758 7.00137822516391
  endloop
endfacet
facet normal -0.707106781186562 -0.707106781186533 3.58613843816803e-020
  outer loop
    vertex 68.1617943029807 351.274353460555 7.00137176803391
    vertex 70.4245360436821 349.011612295394 9.40127978791663
    vertex 68.1617943438851 351.274353995191 9.40127978791663
  endloop
endfacet
facet normal 0.707106781186555 0.70710678118654 -3.43698959769783e-017
  outer loop
    vertex 64.2426107145276 347.355169872102 7.00134418718612
    vertex 66.505352455229 345.092428706941 9.40127978791663
    vertex 66.5053524143246 345.092428172305 7.00135064431612
  endloop
endfacet
facet normal 0.707106781186555 0.70710678118654 -3.43698959769783e-017
  outer loop
    vertex 66.505352455229 345.092428706941 9.40127978791663
    vertex 64.2426107145276 347.355169872102 7.00134418718612
    vertex 64.242610755432 347.355170406738 9.40127978791663
  endloop
endfacet
facet normal -0.965925826289067 -0.258819045102525 -4.22093050129566e-018
  outer loop
    vertex 38.4245360436837 347.355170406737 9.40127978791664
    vertex 37.5963150584512 350.446132516226 7.0012188728412
    vertex 38.4245360027793 347.355169872101 7.00121650297487
  endloop
endfacet
facet normal -0.965925826289067 -0.258819045102525 -4.22093050129566e-018
  outer loop
    vertex 37.5963150584512 350.446132516226 7.0012188728412
    vertex 38.4245360436837 347.355170406737 9.40127978791664
    vertex 37.5963150993557 350.446133050862 9.40127978791664
  endloop
endfacet
facet normal -0.707106781186562 -0.707106781186533 -3.43082619533164e-017
  outer loop
    vertex 38.4245365238884 317.011612137128 9.40127978791663
    vertex 36.1617947831871 319.27435330229 7.00114657135674
    vertex 38.424536482984 317.011611602493 7.00115302848675
  endloop
endfacet
facet normal -0.707106781186562 -0.707106781186533 -3.43082619533164e-017
  outer loop
    vertex 36.1617947831871 319.27435330229 7.00114657135674
    vertex 38.4245365238884 317.011612137128 9.40127978791663
    vertex 36.1617948240915 319.274353836925 9.40127978791663
  endloop
endfacet
facet normal -0.258819045102534 0.965925826289065 3.283012006288e-018
  outer loop
    vertex 66.505352455229 345.092428706941 9.40127978791663
    vertex 69.5963150584496 345.920649116633 7.00136766330501
    vertex 66.5053524143246 345.092428172305 7.00135064431612
  endloop
endfacet
facet normal -0.258819045102534 0.965925826289065 3.283012006288e-018
  outer loop
    vertex 69.5963150584496 345.920649116633 7.00136766330501
    vertex 66.505352455229 345.092428706941 9.40127978791663
    vertex 69.596315099354 345.920649651269 9.40127978791663
  endloop
endfacet
facet normal -0.258819045102534 0.965925826289065 -8.44381870685703e-018
  outer loop
    vertex 34.5053529354353 313.092428548675 9.40127978791663
    vertex 37.5963155386559 313.920648958368 7.00114246662785
    vertex 34.5053528945309 313.09242801404 7.00112544763896
  endloop
endfacet
facet normal -0.258819045102534 0.965925826289065 -8.44381870685703e-018
  outer loop
    vertex 37.5963155386559 313.920648958368 7.00114246662785
    vertex 34.5053529354353 313.092428548675 9.40127978791663
    vertex 37.5963155795604 313.920649493003 9.40127978791663
  endloop
endfacet
facet normal 0.25881904510253 -0.965925826289066 -3.26545888284676e-018
  outer loop
    vertex 68.1617943029807 351.274353460555 7.00137176803391
    vertex 65.0708316997601 350.446133050863 9.40127978791663
    vertex 65.0708316588557 350.446132516227 7.00135474904501
  endloop
endfacet
facet normal 0.25881904510253 -0.965925826289066 -3.26545888284676e-018
  outer loop
    vertex 65.0708316997601 350.446133050863 9.40127978791663
    vertex 68.1617943029807 351.274353460555 7.00137176803391
    vertex 68.1617943438851 351.274353995191 9.40127978791663
  endloop
endfacet
facet normal 0.965925826289066 -0.258819045102528 -2.20094174761733e-017
  outer loop
    vertex 33.070832139062 318.446132357961 7.00112955236785
    vertex 32.2426112356384 315.355170248472 9.40127978791663
    vertex 32.242611194734 315.355169713837 7.00111899050895
  endloop
endfacet
facet normal 0.965925826289066 -0.258819045102528 -2.20094174761733e-017
  outer loop
    vertex 32.2426112356384 315.355170248472 9.40127978791663
    vertex 33.070832139062 318.446132357961 7.00112955236785
    vertex 33.0708321799664 318.446132892597 9.40127978791663
  endloop
endfacet
facet normal -0.965925768937577 -0.258819259141107 1.61688156633015e-017
  outer loop
    vertex 70.4245367085001 315.355170931308 9.40127978791664
    vertex 69.5963150383441 318.446132857273 7.00131019045003
    vertex 70.4245366675956 315.355170396673 7.00130782058747
  endloop
endfacet
facet normal -0.965925768937577 -0.258819259141107 1.61688156633015e-017
  outer loop
    vertex 69.5963150383441 318.446132857273 7.00131019045003
    vertex 70.4245367085001 315.355170931308 9.40127978791664
    vertex 69.5963150792485 318.446133391908 9.40127978791664
  endloop
endfacet
facet normal 0.965925768937577 0.258819259141106 -4.43723961883065e-018
  outer loop
    vertex 64.2426110122964 317.011610915482 7.00128071269566
    vertex 65.0708326824524 313.920648989517 9.40127978791664
    vertex 65.0708326415479 313.920648454881 7.0012783428331
  endloop
endfacet
facet normal 0.965925768937577 0.258819259141106 -4.43723961883065e-018
  outer loop
    vertex 65.0708326824524 313.920648989517 9.40127978791664
    vertex 64.2426110122964 317.011610915482 7.00128071269566
    vertex 64.2426110532008 317.011611450117 9.40127978791664
  endloop
endfacet
facet normal -0.707106937873667 0.707106624499393 -1.18489919894913e-018
  outer loop
    vertex 68.161795510102 313.092428730112 9.40127978791664
    vertex 70.4245366675956 315.355170396673 7.00130782058747
    vertex 68.1617954691976 313.092428195477 7.00129189677901
  endloop
endfacet
facet normal -0.707106937873667 0.707106624499393 -1.18489919894913e-018
  outer loop
    vertex 70.4245366675956 315.355170396673 7.00130782058747
    vertex 68.161795510102 313.092428730112 9.40127978791664
    vertex 70.4245367085001 315.355170931308 9.40127978791664
  endloop
endfacet
facet normal 0.707106781186555 0.707106781186541 -1.79269155743562e-020
  outer loop
    vertex 32.242611194734 315.355169713837 7.00111899050895
    vertex 34.5053529354353 313.092428548675 9.40127978791663
    vertex 34.5053528945309 313.09242801404 7.00112544763896
  endloop
endfacet
facet normal 0.707106781186555 0.707106781186541 -1.79269155743562e-020
  outer loop
    vertex 34.5053529354353 313.092428548675 9.40127978791663
    vertex 32.242611194734 315.355169713837 7.00111899050895
    vertex 32.2426112356384 315.355170248472 9.40127978791663
  endloop
endfacet
facet normal 0.258818831063919 0.965925883640513 -9.38271948990549e-018
  outer loop
    vertex 65.0708326824524 313.920648989517 9.40127978791664
    vertex 68.1617954691976 313.092428195477 7.00129189677901
    vertex 65.0708326415479 313.920648454881 7.0012783428331
  endloop
endfacet
facet normal 0.258818831063919 0.965925883640513 -9.38271948990549e-018
  outer loop
    vertex 68.1617954691976 313.092428195477 7.00129189677901
    vertex 65.0708326824524 313.920648989517 9.40127978791664
    vertex 68.161795510102 313.092428730112 9.40127978791664
  endloop
endfacet
facet normal 0.707106937873661 -0.707106624499399 -3.31247570115855e-017
  outer loop
    vertex 66.5053522106945 319.274353116677 7.00129663650413
    vertex 64.2426110532008 317.011611450117 9.40127978791664
    vertex 64.2426110122964 317.011610915482 7.00128071269566
  endloop
endfacet
facet normal 0.707106937873661 -0.707106624499399 -3.31247570115855e-017
  outer loop
    vertex 64.2426110532008 317.011611450117 9.40127978791664
    vertex 66.5053522106945 319.274353116677 7.00129663650413
    vertex 66.5053522515989 319.274353651313 9.40127978791664
  endloop
endfacet
facet normal 0.0 0.0 -1.0
  outer loop
    vertex 64.2426110532008 317.011611450117 9.40127978791664
    vertex 65.691499976159 316.623383567387 9.40127978791664
    vertex 65.0708326824524 313.920648989517 9.40127978791664
  endloop
endfacet
facet normal 0.0 0.0 -1.0
  outer loop
    vertex 65.691499976159 316.623383567387 9.40127978791664
    vertex 64.2426110532008 317.011611450117 9.40127978791664
    vertex 66.5053522515989 319.274353651313 9.40127978791664
  endloop
endfacet
facet normal 0.0 0.0 -1.0
  outer loop
    vertex 65.0708326824524 313.920648989517 9.40127978791664
    vertex 65.691499976159 316.623383567387 9.40127978791664
    vertex 65.6335738808504 316.183391190713 9.40127978791664
  endloop
endfacet
facet normal 0.0 0.0 -1.0
  outer loop
    vertex 65.691499976159 316.623383567387 9.40127978791664
    vertex 66.5053522515989 319.274353651313 9.40127978791664
    vertex 65.8613306944169 317.033391190713 9.40127978791664
  endloop
endfacet
facet normal 0.0 0.0 -1.0
  outer loop
    vertex 65.8613306944169 317.033391190713 9.40127978791664
    vertex 66.5053522515989 319.274353651313 9.40127978791664
    vertex 66.1314923528333 317.38547271873 9.40127978791664
  endloop
endfacet
facet normal 0.0 0.0 -1.0
  outer loop
    vertex 66.1314923528333 317.38547271873 9.40127978791664
    vertex 66.5053522515989 319.274353651313 9.40127978791664
    vertex 66.4835738808504 317.655634377146 9.40127978791664
  endloop
endfacet
facet normal 0.0 0.0 -1.0
  outer loop
    vertex 66.4835738808504 317.655634377146 9.40127978791664
    vertex 66.5053522515989 319.274353651313 9.40127978791664
    vertex 66.8935815041762 317.825465095404 9.40127978791664
  endloop
endfacet
facet normal 0.0 0.0 -1.0
  outer loop
    vertex 66.8935815041762 317.825465095404 9.40127978791664
    vertex 66.5053522515989 319.274353651313 9.40127978791664
    vertex 69.5963150792485 318.446133391908 9.40127978791664
  endloop
endfacet
facet normal 0.0 0.0 -1.0
  outer loop
    vertex 66.8935815041762 317.825465095404 9.40127978791664
    vertex 69.5963150792485 318.446133391908 9.40127978791664
    vertex 67.3335738808505 317.883391190713 9.40127978791664
  endloop
endfacet
facet normal 0.0 0.0 -1.0
  outer loop
    vertex 67.3335738808505 317.883391190713 9.40127978791664
    vertex 69.5963150792485 318.446133391908 9.40127978791664
    vertex 67.7735662575248 317.825465095404 9.40127978791664
  endloop
endfacet
facet normal 0.0 0.0 -1.0
  outer loop
    vertex 67.7735662575248 317.825465095404 9.40127978791664
    vertex 69.5963150792485 318.446133391908 9.40127978791664
    vertex 68.1835738808504 317.655634377146 9.40127978791664
  endloop
endfacet
facet normal 0.0 0.0 -1.0
  outer loop
    vertex 68.1835738808504 317.655634377146 9.40127978791664
    vertex 69.5963150792485 318.446133391908 9.40127978791664
    vertex 68.5356554088676 317.38547271873 9.40127978791664
  endloop
endfacet
facet normal 0.0 0.0 -1.0
  outer loop
    vertex 68.5356554088676 317.38547271873 9.40127978791664
    vertex 69.5963150792485 318.446133391908 9.40127978791664
    vertex 68.805817067284 317.033391190713 9.40127978791664
  endloop
endfacet
facet normal 0.0 0.0 -1.0
  outer loop
    vertex 68.805817067284 317.033391190713 9.40127978791664
    vertex 69.5963150792485 318.446133391908 9.40127978791664
    vertex 68.9756477855419 316.623383567387 9.40127978791664
  endloop
endfacet
facet normal 0.0 0.0 -1.0
  outer loop
    vertex 68.9756477855419 316.623383567387 9.40127978791664
    vertex 69.5963150792485 318.446133391908 9.40127978791664
    vertex 69.0335738808505 316.183391190713 9.40127978791664
  endloop
endfacet
facet normal 0.0 0.0 -1.0
  outer loop
    vertex 65.0708326824524 313.920648989517 9.40127978791664
    vertex 66.1314923528333 314.981309662696 9.40127978791664
    vertex 68.161795510102 313.092428730112 9.40127978791664
  endloop
endfacet
facet normal 0.0 0.0 -1.0
  outer loop
    vertex 66.1314923528333 314.981309662696 9.40127978791664
    vertex 65.0708326824524 313.920648989517 9.40127978791664
    vertex 65.8613306944169 315.333391190713 9.40127978791664
  endloop
endfacet
facet normal 0.0 0.0 -1.0
  outer loop
    vertex 65.8613306944169 315.333391190713 9.40127978791664
    vertex 65.0708326824524 313.920648989517 9.40127978791664
    vertex 65.691499976159 315.743398814039 9.40127978791664
  endloop
endfacet
facet normal 0.0 0.0 -1.0
  outer loop
    vertex 65.691499976159 315.743398814039 9.40127978791664
    vertex 65.0708326824524 313.920648989517 9.40127978791664
    vertex 65.6335738808504 316.183391190713 9.40127978791664
  endloop
endfacet
facet normal 0.0 0.0 -1.0
  outer loop
    vertex 68.161795510102 313.092428730112 9.40127978791664
    vertex 66.1314923528333 314.981309662696 9.40127978791664
    vertex 66.4835738808505 314.711148004279 9.40127978791664
  endloop
endfacet
facet normal 0.0 0.0 -1.0
  outer loop
    vertex 68.161795510102 313.092428730112 9.40127978791664
    vertex 66.4835738808505 314.711148004279 9.40127978791664
    vertex 66.8935815041762 314.541317286021 9.40127978791664
  endloop
endfacet
facet normal 0.0 0.0 -1.0
  outer loop
    vertex 68.161795510102 313.092428730112 9.40127978791664
    vertex 66.8935815041762 314.541317286021 9.40127978791664
    vertex 67.3335738808505 314.483391190713 9.40127978791664
  endloop
endfacet
facet normal 0.0 0.0 -1.0
  outer loop
    vertex 68.161795510102 313.092428730112 9.40127978791664
    vertex 67.3335738808505 314.483391190713 9.40127978791664
    vertex 67.7735662575248 314.541317286021 9.40127978791664
  endloop
endfacet
facet normal 0.0 0.0 -1.0
  outer loop
    vertex 68.161795510102 313.092428730112 9.40127978791664
    vertex 67.7735662575248 314.541317286021 9.40127978791664
    vertex 68.1835738808505 314.711148004279 9.40127978791664
  endloop
endfacet
facet normal 0.0 0.0 -1.0
  outer loop
    vertex 68.161795510102 313.092428730112 9.40127978791664
    vertex 68.1835738808505 314.711148004279 9.40127978791664
    vertex 70.4245367085001 315.355170931308 9.40127978791664
  endloop
endfacet
facet normal 0.0 0.0 -1.0
  outer loop
    vertex 70.4245367085001 315.355170931308 9.40127978791664
    vertex 68.1835738808505 314.711148004279 9.40127978791664
    vertex 68.5356554088676 314.981309662696 9.40127978791664
  endloop
endfacet
facet normal 0.0 0.0 -1.0
  outer loop
    vertex 70.4245367085001 315.355170931308 9.40127978791664
    vertex 68.5356554088676 314.981309662696 9.40127978791664
    vertex 68.805817067284 315.333391190713 9.40127978791664
  endloop
endfacet
facet normal 0.0 0.0 -1.0
  outer loop
    vertex 70.4245367085001 315.355170931308 9.40127978791664
    vertex 68.805817067284 315.333391190713 9.40127978791664
    vertex 68.9756477855419 315.743398814039 9.40127978791664
  endloop
endfacet
facet normal 0.0 0.0 -1.0
  outer loop
    vertex 70.4245367085001 315.355170931308 9.40127978791664
    vertex 68.9756477855419 315.743398814039 9.40127978791664
    vertex 69.0335738808505 316.183391190713 9.40127978791664
  endloop
endfacet
facet normal 0.0 0.0 -1.0
  outer loop
    vertex 70.4245367085001 315.355170931308 9.40127978791664
    vertex 69.0335738808505 316.183391190713 9.40127978791664
    vertex 69.5963150792485 318.446133391908 9.40127978791664
  endloop
endfacet
facet normal -0.258818831063923 -0.965925883640512 -4.07831484230855e-018
  outer loop
    vertex 69.5963150383441 318.446132857273 7.00131019045003
    vertex 66.5053522515989 319.274353651313 9.40127978791664
    vertex 66.5053522106945 319.274353116677 7.00129663650413
  endloop
endfacet
facet normal -0.258818831063923 -0.965925883640512 -4.07831484230855e-018
  outer loop
    vertex 66.5053522515989 319.274353651313 9.40127978791664
    vertex 69.5963150383441 318.446132857273 7.00131019045003
    vertex 69.5963150792485 318.446133391908 9.40127978791664
  endloop
endfacet
facet normal -3.55509819426244e-007 -1.05941344521546e-007 0.999999999999931
  outer loop
    vertex 65.6185178261707 344.710961795135 10.401337729527
    vertex 65.6915000498255 347.743398443787 10.4012805951949
    vertex 65.6335739545169 348.183390820462 10.4012806456783
  endloop
endfacet
facet normal -3.55509819426244e-007 -1.05941344521546e-007 0.999999999999931
  outer loop
    vertex 65.6915000498255 347.743398443787 10.4012805951949
    vertex 65.6185178261707 344.710961795135 10.401337729527
    vertex 66.4072749495871 343.7498584594 10.4013428405106
  endloop
endfacet
facet normal -3.55509819426244e-007 -1.05941344521546e-007 0.999999999999931
  outer loop
    vertex 65.6915000498255 347.743398443787 10.4012805951949
    vertex 66.4072749495871 343.7498584594 10.4013428405106
    vertex 65.8613307680833 347.333390820462 10.4012805206608
  endloop
endfacet
facet normal -3.55509819426244e-007 -1.05941344521546e-007 0.999999999999931
  outer loop
    vertex 65.8613307680833 347.333390820462 10.4012805206608
    vertex 66.4072749495871 343.7498584594 10.4013428405106
    vertex 66.1314924264997 346.981309292445 10.4012804271554
  endloop
endfacet
facet normal -3.55509819426244e-007 -1.05941344521546e-007 0.999999999999931
  outer loop
    vertex 66.1314924264997 346.981309292445 10.4012804271554
    vertex 66.4072749495871 343.7498584594 10.4013428405106
    vertex 66.4835739545169 346.711147634028 10.4012803210508
  endloop
endfacet
facet normal -3.55509819426244e-007 -1.05941344521546e-007 0.999999999999931
  outer loop
    vertex 66.4835739545169 346.711147634028 10.4012803210508
    vertex 66.4072749495871 343.7498584594 10.4013428405106
    vertex 67.1314841177866 342.739225735607 10.4013475589238
  endloop
endfacet
facet normal -3.55509819426244e-007 -1.05941344521546e-007 0.999999999999931
  outer loop
    vertex 66.4835739545169 346.711147634028 10.4012803210508
    vertex 67.1314841177866 342.739225735607 10.4013475589238
    vertex 66.8935815778426 346.54131691577 10.4012802095779
  endloop
endfacet
facet normal -3.55509819426244e-007 -1.05941344521546e-007 0.999999999999931
  outer loop
    vertex 66.8935815778426 346.54131691577 10.4012802095779
    vertex 67.1314841177866 342.739225735607 10.4013475589238
    vertex 67.3335739545168 346.483390820462 10.4012801003335
  endloop
endfacet
facet normal -3.55509819426244e-007 -1.05941344521546e-007 0.999999999999931
  outer loop
    vertex 67.3335739545168 346.483390820462 10.4012801003335
    vertex 67.1314841177866 342.739225735607 10.4013475589238
    vertex 67.7880441559285 341.683391308234 10.4013518645615
  endloop
endfacet
facet normal -3.55509819426244e-007 -1.05941344521546e-007 0.999999999999931
  outer loop
    vertex 67.3335739545168 346.483390820462 10.4012801003335
    vertex 67.7880441559285 341.683391308234 10.4013518645615
    vertex 67.7735663311911 346.54131691577 10.4012800007623
  endloop
endfacet
facet normal -3.55509819426244e-007 -1.05941344521546e-007 0.999999999999931
  outer loop
    vertex 67.7735663311911 346.54131691577 10.4012800007623
    vertex 67.7880441559285 341.683391308234 10.4013518645615
    vertex 68.1835739545168 346.711147634028 10.4012799176499
  endloop
endfacet
facet normal -3.55509819426244e-007 -1.05941344521546e-007 0.999999999999931
  outer loop
    vertex 68.1835739545168 346.711147634028 10.4012799176499
    vertex 67.7880441559285 341.683391308234 10.4013518645615
    vertex 68.3741435731325 340.586876422395 10.4013557389863
  endloop
endfacet
facet normal -3.55509819426244e-007 -1.05941344521546e-007 0.999999999999931
  outer loop
    vertex 68.1835739545168 346.711147634028 10.4012799176499
    vertex 68.3741435731325 340.586876422395 10.4013557389863
    vertex 68.5356554825339 346.981309292445 10.4012798566604
  endloop
endfacet
facet normal -3.55509819426244e-007 -1.05941344521546e-007 0.999999999999931
  outer loop
    vertex 68.5356554825339 346.981309292445 10.4012798566604
    vertex 68.3741435731325 340.586876422395 10.4013557389863
    vertex 68.8872726017144 339.454376523171 10.4013591656073
  endloop
endfacet
facet normal -3.55509819426244e-007 -1.05941344521546e-007 0.999999999999931
  outer loop
    vertex 68.5356554825339 346.981309292445 10.4012798566604
    vertex 68.8872726017144 339.454376523171 10.4013591656073
    vertex 68.8058171409503 347.333390820462 10.4012798219501
  endloop
endfacet
facet normal -3.55509819426244e-007 -1.05941344521546e-007 0.999999999999931
  outer loop
    vertex 68.8058171409503 347.333390820462 10.4012798219501
    vertex 68.8872726017144 339.454376523171 10.4013591656073
    vertex 68.9756478592082 347.743398443788 10.4012798158844
  endloop
endfacet
facet normal -3.55509819426244e-007 -1.05941344521546e-007 0.999999999999931
  outer loop
    vertex 68.9756478592082 347.743398443788 10.4012798158844
    vertex 68.8872726017144 339.454376523171 10.4013591656073
    vertex 69.325233944397 338.290741148994 10.4013621297513
  endloop
endfacet
facet normal -3.55509819426244e-007 -1.05941344521546e-007 0.999999999999931
  outer loop
    vertex 68.9756478592082 347.743398443788 10.4012798158844
    vertex 69.325233944397 338.290741148994 10.4013621297513
    vertex 69.0335739545168 348.183390820462 10.4012798388766
  endloop
endfacet
facet normal -3.55509819426244e-007 -1.05941344521546e-007 0.999999999999931
  outer loop
    vertex 52.5762209396826 333.426050763607 10.4012586642765
    vertex 52.5762209398112 330.940731852857 10.4012380508167
    vertex 70.2928810254985 333.426050763607 10.4013691384844
  endloop
endfacet
facet normal -3.55509819426244e-007 -1.05941344521546e-007 0.999999999999931
  outer loop
    vertex 52.5762209398112 330.940731852857 10.4012380508167
    vertex 52.5762209396826 333.426050763607 10.4012586642765
    vertex 52.576220939789 313.224071766697 10.4012416011549
  endloop
endfacet
facet normal -3.55509819426244e-007 -1.05941344521546e-007 0.999999999999931
  outer loop
    vertex 70.2928810254985 333.426050763607 10.4013691384844
    vertex 52.5762209398112 330.940731852857 10.4012380508167
    vertex 70.2928810256272 330.940731852858 10.4013485250246
  endloop
endfacet
facet normal -3.55509819426244e-007 -1.05941344521546e-007 0.999999999999931
  outer loop
    vertex 30.3335741950711 311.183389857238 10.4012846539116
    vertex 32.3742419426952 330.940731852877 10.4012087716368
    vertex 32.3742419424653 333.42605076363 10.4012456497453
  endloop
endfacet
facet normal -3.55509819426244e-007 -1.05941344521546e-007 0.999999999999931
  outer loop
    vertex 32.3742419426952 330.940731852877 10.4012087716368
    vertex 30.3335741950711 311.183389857238 10.4012846539116
    vertex 33.6335739545168 316.183390820462 10.4012802375043
  endloop
endfacet
facet normal -3.55509819426244e-007 -1.05941344521546e-007 0.999999999999931
  outer loop
    vertex 33.6335739545168 316.183390820462 10.4012802375043
    vertex 30.3335741950711 311.183389857238 10.4012846539116
    vertex 33.6915000498254 315.743398443787 10.4012802357468
  endloop
endfacet
facet normal -3.55509819426244e-007 -1.05941344521546e-007 0.999999999999931
  outer loop
    vertex 33.6915000498254 315.743398443787 10.4012802357468
    vertex 30.3335741950711 311.183389857238 10.4012846539116
    vertex 33.8613307680833 315.333390820462 10.4012802344343
  endloop
endfacet
facet normal -3.55509819426244e-007 -1.05941344521546e-007 0.999999999999931
  outer loop
    vertex 33.8613307680833 315.333390820462 10.4012802344343
    vertex 30.3335741950711 311.183389857238 10.4012846539116
    vertex 34.1314924264997 314.981309292445 10.4012802336562
  endloop
endfacet
facet normal -3.55509819426244e-007 -1.05941344521546e-007 0.999999999999931
  outer loop
    vertex 34.1314924264997 314.981309292445 10.4012802336562
    vertex 30.3335741950711 311.183389857238 10.4012846539116
    vertex 34.4835739545169 314.711147634028 10.4012802334658
  endloop
endfacet
facet normal -3.55509819426244e-007 -1.05941344521546e-007 0.999999999999931
  outer loop
    vertex 34.4835739545169 314.711147634028 10.4012802334658
    vertex 30.3335741950711 311.183389857238 10.4012846539116
    vertex 34.8935815778425 314.54131691577 10.4012802338758
  endloop
endfacet
facet normal -3.55509819426244e-007 -1.05941344521546e-007 0.999999999999931
  outer loop
    vertex 34.8935815778425 314.54131691577 10.4012802338758
    vertex 30.3335741950711 311.183389857238 10.4012846539116
    vertex 35.3335739545168 314.483390820462 10.4012802348584
  endloop
endfacet
facet normal -3.55509819426244e-007 -1.05941344521546e-007 0.999999999999931
  outer loop
    vertex 35.3335739545168 314.483390820462 10.4012802348584
    vertex 30.3335741950711 311.183389857238 10.4012846539116
    vertex 72.3335964995154 311.183390097791 10.4012915208401
  endloop
endfacet
facet normal -3.55509819426244e-007 -1.05941344521546e-007 0.999999999999931
  outer loop
    vertex 32.3742419426952 330.940731852877 10.4012087716368
    vertex 33.6335739545168 316.183390820462 10.4012802375043
    vertex 32.4961091181223 329.703393656069 10.4012097795101
  endloop
endfacet
facet normal -3.55509819426244e-007 -1.05941344521546e-007 0.999999999999931
  outer loop
    vertex 32.4961091181223 329.703393656069 10.4012097795101
    vertex 33.6335739545168 316.183390820462 10.4012802375043
    vertex 32.6986411565579 328.476675189943 10.40121128825
  endloop
endfacet
facet normal -3.55509819426244e-007 -1.05941344521546e-007 0.999999999999931
  outer loop
    vertex 32.6986411565579 328.476675189943 10.40121128825
    vertex 33.6335739545168 316.183390820462 10.4012802375043
    vertex 32.98097078472 327.265829451302 10.4012132913958
  endloop
endfacet
facet normal -3.55509819426244e-007 -1.05941344521546e-007 0.999999999999931
  outer loop
    vertex 32.98097078472 327.265829451302 10.4012132913958
    vertex 33.6335739545168 316.183390820462 10.4012802375043
    vertex 33.3418890237968 326.07604146749 10.4012157803698
  endloop
endfacet
facet normal -3.55509819426244e-007 -1.05941344521546e-007 0.999999999999931
  outer loop
    vertex 35.3335739545168 314.483390820462 10.4012802348584
    vertex 72.3335964995154 311.183390097791 10.4012915208401
    vertex 50.0909020284892 313.224071766717 10.4013227961827
  endloop
endfacet
facet normal -3.55509819426244e-007 -1.05941344521546e-007 0.999999999999931
  outer loop
    vertex 35.3335739545168 314.483390820462 10.4012802348584
    vertex 50.0909020284892 313.224071766717 10.4013227961827
    vertex 35.7735663311912 314.54131691577 10.4012802363465
  endloop
endfacet
facet normal -3.55509819426244e-007 -1.05941344521546e-007 0.999999999999931
  outer loop
    vertex 35.7735663311912 314.54131691577 10.4012802363465
    vertex 50.0909020284892 313.224071766717 10.4013227961827
    vertex 48.8535638317052 313.345938942148 10.4013150562009
  endloop
endfacet
facet normal -3.55509819426244e-007 -1.05941344521546e-007 0.999999999999931
  outer loop
    vertex 35.7735663311912 314.54131691577 10.4012802363465
    vertex 48.8535638317052 313.345938942148 10.4013150562009
    vertex 36.1835739545169 314.711147634028 10.4012802382389
  endloop
endfacet
facet normal -3.55509819426244e-007 -1.05941344521546e-007 0.999999999999931
  outer loop
    vertex 36.1835739545169 314.711147634028 10.4012802382389
    vertex 48.8535638317052 313.345938942148 10.4013150562009
    vertex 36.535655482534 314.981309292445 10.4012802404065
  endloop
endfacet
facet normal -3.55509819426244e-007 -1.05941344521546e-007 0.999999999999931
  outer loop
    vertex 36.535655482534 314.981309292445 10.4012802404065
    vertex 48.8535638317052 313.345938942148 10.4013150562009
    vertex 36.8058171409504 315.333390820462 10.4012802427015
  endloop
endfacet
facet normal -3.55509819426244e-007 -1.05941344521546e-007 0.999999999999931
  outer loop
    vertex 36.8058171409504 315.333390820462 10.4012802427015
    vertex 48.8535638317052 313.345938942148 10.4013150562009
    vertex 47.6268453656038 313.548470980589 10.4013073662748
  endloop
endfacet
facet normal -3.55509819426244e-007 -1.05941344521546e-007 0.999999999999931
  outer loop
    vertex 36.8058171409504 315.333390820462 10.4012802427015
    vertex 47.6268453656038 313.548470980589 10.4013073662748
    vertex 36.9756478592083 315.743398443787 10.4012802449677
  endloop
endfacet
facet normal -3.55509819426244e-007 -1.05941344521546e-007 0.999999999999931
  outer loop
    vertex 36.9756478592083 315.743398443787 10.4012802449677
    vertex 47.6268453656038 313.548470980589 10.4013073662748
    vertex 46.4159996269863 313.830800608758 10.4012997593337
  endloop
endfacet
facet normal -3.55509819426244e-007 -1.05941344521546e-007 0.999999999999931
  outer loop
    vertex 36.9756478592083 315.743398443787 10.4012802449677
    vertex 46.4159996269863 313.830800608758 10.4012997593337
    vertex 37.0335739545169 316.183390820462 10.4012802470506
  endloop
endfacet
facet normal -3.55509819426244e-007 -1.05941344521546e-007 0.999999999999931
  outer loop
    vertex 37.0335739545169 316.183390820462 10.4012802470506
    vertex 46.4159996269863 313.830800608758 10.4012997593337
    vertex 45.2262116431977 314.191718847843 10.4012922679518
  endloop
endfacet
facet normal -3.55509819426244e-007 -1.05941344521546e-007 0.999999999999931
  outer loop
    vertex 37.0335739545169 316.183390820462 10.4012802470506
    vertex 45.2262116431977 314.191718847843 10.4012922679518
    vertex 44.0625762690442 314.629680190536 10.4012849242083
  endloop
endfacet
facet normal -3.55509819426244e-007 -1.05941344521546e-007 0.999999999999931
  outer loop
    vertex 37.0335739545169 316.183390820462 10.4012802470506
    vertex 44.0625762690442 314.629680190536 10.4012849242083
    vertex 42.9300763698426 315.142809219129 10.4012777595503
  endloop
endfacet
facet normal -3.55509819426244e-007 -1.05941344521546e-007 0.999999999999931
  outer loop
    vertex 37.0335739545169 316.183390820462 10.4012802470506
    vertex 42.9300763698426 315.142809219129 10.4012777595503
    vertex 41.8335614840257 315.728908636346 10.4012708046579
  endloop
endfacet
facet normal -3.55509819426244e-007 -1.05941344521546e-007 0.999999999999931
  outer loop
    vertex 37.0335739545169 316.183390820462 10.4012802470506
    vertex 41.8335614840257 315.728908636346 10.4012708046579
    vertex 40.7777270566746 316.385468674502 10.401264089313
  endloop
endfacet
facet normal -3.55509819426244e-007 -1.05941344521546e-007 0.999999999999931
  outer loop
    vertex 37.0335739545169 316.183390820462 10.4012802470506
    vertex 40.7777270566746 316.385468674502 10.401264089313
    vertex 39.7670943329019 317.109677842717 10.4012576422719
  endloop
endfacet
facet normal -3.55509819426244e-007 -1.05941344521546e-007 0.999999999999931
  outer loop
    vertex 37.0335739545169 316.183390820462 10.4012802470506
    vertex 39.7670943329019 317.109677842717 10.4012576422719
    vertex 38.805990997186 317.898434966149 10.4012514911416
  endloop
endfacet
facet normal -3.55509819426244e-007 -1.05941344521546e-007 0.999999999999931
  outer loop
    vertex 37.0335739545169 316.183390820462 10.4012802470506
    vertex 38.805990997186 317.898434966149 10.4012514911416
    vertex 37.8985326415616 318.748362465706 10.4012456622623
  endloop
endfacet
facet normal -3.55509819426244e-007 -1.05941344521546e-007 0.999999999999931
  outer loop
    vertex 37.0335739545169 316.183390820462 10.4012802470506
    vertex 37.8985326415616 318.748362465706 10.4012456622623
    vertex 37.0486051420231 319.655820821349 10.4012401805942
  endloop
endfacet
facet normal -3.55509819426244e-007 -1.05941344521546e-007 0.999999999999931
  outer loop
    vertex 50.0909020284892 313.224071766717 10.4013227961827
    vertex 72.3335964995154 311.183390097791 10.4012915208401
    vertex 52.576220939789 313.224071766697 10.4012416011549
  endloop
endfacet
facet normal -3.55509819426244e-007 -1.05941344521546e-007 0.999999999999931
  outer loop
    vertex 50.0909020284892 313.224071766717 10.4013227961827
    vertex 52.576220939789 313.224071766697 10.4012416011549
    vertex 50.0909020285112 330.940731852877 10.4013192458446
  endloop
endfacet
facet normal -3.55509819426244e-007 -1.05941344521546e-007 0.999999999999931
  outer loop
    vertex 50.0909020285112 330.940731852877 10.4013192458446
    vertex 52.576220939789 313.224071766697 10.4012416011549
    vertex 52.5762209396826 333.426050763607 10.4012586642765
  endloop
endfacet
facet normal -3.55509819426244e-007 -1.05941344521546e-007 0.999999999999931
  outer loop
    vertex 52.576220939789 313.224071766697 10.4012416011549
    vertex 72.3335964995154 311.183390097791 10.4012915208401
    vertex 53.8135591365734 313.345938942128 10.4012492922935
  endloop
endfacet
facet normal -3.55509819426244e-007 -1.05941344521546e-007 0.999999999999931
  outer loop
    vertex 53.8135591365734 313.345938942128 10.4012492922935
    vertex 72.3335964995154 311.183390097791 10.4012915208401
    vertex 55.0402776026753 313.54847098057 10.4012569010466
  endloop
endfacet
facet normal -3.55509819426244e-007 -1.05941344521546e-007 0.999999999999931
  outer loop
    vertex 55.0402776026753 313.54847098057 10.4012569010466
    vertex 72.3335964995154 311.183390097791 10.4012915208401
    vertex 56.2511233412935 313.830800608739 10.4012643948326
  endloop
endfacet
facet normal -3.55509819426244e-007 -1.05941344521546e-007 0.999999999999931
  outer loop
    vertex 56.2511233412935 313.830800608739 10.4012643948326
    vertex 72.3335964995154 311.183390097791 10.4012915208401
    vertex 57.440911325083 314.191718847824 10.4012717415617
  endloop
endfacet
facet normal -3.55509819426244e-007 -1.05941344521546e-007 0.999999999999931
  outer loop
    vertex 57.440911325083 314.191718847824 10.4012717415617
    vertex 72.3335964995154 311.183390097791 10.4012915208401
    vertex 58.6045466992375 314.629680190516 10.4012789097743
  endloop
endfacet
facet normal -3.55509819426244e-007 -1.05941344521546e-007 0.999999999999931
  outer loop
    vertex 58.6045466992375 314.629680190516 10.4012789097743
    vertex 72.3335964995154 311.183390097791 10.4012915208401
    vertex 59.7370465984404 315.14280921911 10.4012858687748
  endloop
endfacet
facet normal -3.55509819426244e-007 -1.05941344521546e-007 0.999999999999931
  outer loop
    vertex 59.7370465984404 315.14280921911 10.4012858687748
    vertex 72.3335964995154 311.183390097791 10.4012915208401
    vertex 60.8335614842588 315.728908636326 10.4012925887639
  endloop
endfacet
facet normal -3.55509819426244e-007 -1.05941344521546e-007 0.999999999999931
  outer loop
    vertex 60.8335614842588 315.728908636326 10.4012925887639
    vertex 72.3335964995154 311.183390097791 10.4012915208401
    vertex 61.8893959116115 316.385468674482 10.4012990409655
  endloop
endfacet
facet normal -3.55509819426244e-007 -1.05941344521546e-007 0.999999999999931
  outer loop
    vertex 61.8893959116115 316.385468674482 10.4012990409655
    vertex 72.3335964995154 311.183390097791 10.4012915208401
    vertex 66.4835739545168 314.711147634028 10.4012802345436
  endloop
endfacet
facet normal -3.55509819426244e-007 -1.05941344521546e-007 0.999999999999931
  outer loop
    vertex 61.8893959116115 316.385468674482 10.4012990409655
    vertex 66.4835739545168 314.711147634028 10.4012802345436
    vertex 62.900028635386 317.109677842697 10.4013051977502
  endloop
endfacet
facet normal -3.55509819426244e-007 -1.05941344521546e-007 0.999999999999931
  outer loop
    vertex 62.900028635386 317.109677842697 10.4013051977502
    vertex 66.4835739545168 314.711147634028 10.4012802345436
    vertex 66.1314924264997 314.981309292445 10.4012802342609
  endloop
endfacet
facet normal -3.55509819426244e-007 -1.05941344521546e-007 0.999999999999931
  outer loop
    vertex 62.900028635386 317.109677842697 10.4013051977502
    vertex 66.1314924264997 314.981309292445 10.4012802342609
    vertex 63.8611319711039 317.89843496613 10.4013110327538
  endloop
endfacet
facet normal -3.55509819426244e-007 -1.05941344521546e-007 0.999999999999931
  outer loop
    vertex 63.8611319711039 317.89843496613 10.4013110327538
    vertex 66.1314924264997 314.981309292445 10.4012802342609
    vertex 65.8613307680833 315.333390820462 10.4012802345244
  endloop
endfacet
facet normal -3.55509819426244e-007 -1.05941344521546e-007 0.999999999999931
  outer loop
    vertex 63.8611319711039 317.89843496613 10.4013110327538
    vertex 65.8613307680833 315.333390820462 10.4012802345244
    vertex 65.6915000498254 315.743398443787 10.4012802353164
  endloop
endfacet
facet normal -3.55509819426244e-007 -1.05941344521546e-007 0.999999999999931
  outer loop
    vertex 63.8611319711039 317.89843496613 10.4013110327538
    vertex 65.6915000498254 315.743398443787 10.4012802353164
    vertex 64.7685903267304 318.748362465686 10.4013165209899
  endloop
endfacet
facet normal -3.55509819426244e-007 -1.05941344521546e-007 0.999999999999931
  outer loop
    vertex 64.7685903267304 318.748362465686 10.4013165209899
    vertex 65.6915000498254 315.743398443787 10.4012802353164
    vertex 65.6335739545168 316.183390820462 10.4012802365827
  endloop
endfacet
facet normal -3.55509819426244e-007 -1.05941344521546e-007 0.999999999999931
  outer loop
    vertex 64.7685903267304 318.748362465686 10.4013165209899
    vertex 65.6335739545168 316.183390820462 10.4012802365827
    vertex 65.6185178262711 319.655820821329 10.4013216389569
  endloop
endfacet
facet normal -3.55509819426244e-007 -1.05941344521546e-007 0.999999999999931
  outer loop
    vertex 66.4835739545168 314.711147634028 10.4012802345436
    vertex 72.3335964995154 311.183390097791 10.4012915208401
    vertex 66.8935815778425 314.54131691577 10.4012802353534
  endloop
endfacet
facet normal -3.55509819426244e-007 -1.05941344521546e-007 0.999999999999931
  outer loop
    vertex 66.8935815778425 314.54131691577 10.4012802353534
    vertex 72.3335964995154 311.183390097791 10.4012915208401
    vertex 67.3335739545168 314.483390820462 10.4012802366351
  endloop
endfacet
facet normal -3.55509819426244e-007 -1.05941344521546e-007 0.999999999999931
  outer loop
    vertex 67.3335739545168 314.483390820462 10.4012802366351
    vertex 72.3335964995154 311.183390097791 10.4012915208401
    vertex 67.7735663311911 314.54131691577 10.4012802383013
  endloop
endfacet
facet normal -3.55509819426244e-007 -1.05941344521546e-007 0.999999999999931
  outer loop
    vertex 67.7735663311911 314.54131691577 10.4012802383013
    vertex 72.3335964995154 311.183390097791 10.4012915208401
    vertex 68.1835739545169 314.711147634028 10.4012802402384
  endloop
endfacet
facet normal -3.55509819426244e-007 -1.05941344521546e-007 0.999999999999931
  outer loop
    vertex 68.1835739545169 314.711147634028 10.4012802402384
    vertex 72.3335964995154 311.183390097791 10.4012915208401
    vertex 68.535655482534 314.981309292445 10.4012802423145
  endloop
endfacet
facet normal -3.55509819426244e-007 -1.05941344521546e-007 0.999999999999931
  outer loop
    vertex 68.535655482534 314.981309292445 10.4012802423145
    vertex 72.3335964995154 311.183390097791 10.4012915208401
    vertex 68.8058171409504 315.333390820462 10.4012802443881
  endloop
endfacet
facet normal -3.55509819426244e-007 -1.05941344521546e-007 0.999999999999931
  outer loop
    vertex 68.8058171409504 315.333390820462 10.4012802443881
    vertex 72.3335964995154 311.183390097791 10.4012915208401
    vertex 68.9756478592083 315.743398443787 10.4012802463178
  endloop
endfacet
facet normal -3.55509819426244e-007 -1.05941344521546e-007 0.999999999999931
  outer loop
    vertex 68.9756478592083 315.743398443787 10.4012802463178
    vertex 72.3335964995154 311.183390097791 10.4012915208401
    vertex 69.0335739545168 316.183390820462 10.4012802479722
  endloop
endfacet
facet normal -3.55509819426244e-007 -1.05941344521546e-007 0.999999999999931
  outer loop
    vertex 69.0335739545168 316.183390820462 10.4012802479722
    vertex 72.3335964995154 311.183390097791 10.4012915208401
    vertex 69.3252339445134 326.07604146747 10.4013434660152
  endloop
endfacet
facet normal -3.55509819426244e-007 -1.05941344521546e-007 0.999999999999931
  outer loop
    vertex 69.3252339445134 326.07604146747 10.4013434660152
    vertex 72.3335964995154 311.183390097791 10.4012915208401
    vertex 69.6861521835932 327.265829451282 10.401345478133
  endloop
endfacet
facet normal -3.55509819426244e-007 -1.05941344521546e-007 0.999999999999931
  outer loop
    vertex 69.6861521835932 327.265829451282 10.401345478133
    vertex 72.3335964995154 311.183390097791 10.4012915208401
    vertex 69.9684818117583 328.476675189924 10.4013469959829
  endloop
endfacet
facet normal -3.55509819426244e-007 -1.05941344521546e-007 0.999999999999931
  outer loop
    vertex 69.9684818117583 328.476675189924 10.4013469959829
    vertex 72.3335964995154 311.183390097791 10.4012915208401
    vertex 70.1710138501969 329.703393656049 10.4013480130652
  endloop
endfacet
facet normal -3.55509819426244e-007 -1.05941344521546e-007 0.999999999999931
  outer loop
    vertex 70.1710138501969 329.703393656049 10.4013480130652
    vertex 72.3335964995154 311.183390097791 10.4012915208401
    vertex 70.2928810256272 330.940731852858 10.4013485250246
  endloop
endfacet
facet normal -3.55509819426244e-007 -1.05941344521546e-007 0.999999999999931
  outer loop
    vertex 70.2928810256272 330.940731852858 10.4013485250246
    vertex 72.3335964995154 311.183390097791 10.4012915208401
    vertex 72.3335739546219 353.183390097783 10.4013040348627
  endloop
endfacet
facet normal -3.55509819426244e-007 -1.05941344521546e-007 0.999999999999931
  outer loop
    vertex 30.3335739545167 353.183390828209 10.4012810389542
    vertex 35.3335739545168 349.883390820462 10.4012803842214
    vertex 72.3335739546219 353.183390097783 10.4013040348627
  endloop
endfacet
facet normal -3.55509819426244e-007 -1.05941344521546e-007 0.999999999999931
  outer loop
    vertex 35.3335739545168 349.883390820462 10.4012803842214
    vertex 30.3335739545167 353.183390828209 10.4012810389542
    vertex 34.8935815778426 349.825464725153 10.4012804837926
  endloop
endfacet
facet normal -3.55509819426244e-007 -1.05941344521546e-007 0.999999999999931
  outer loop
    vertex 34.8935815778426 349.825464725153 10.4012804837926
    vertex 30.3335739545167 353.183390828209 10.4012810389542
    vertex 34.4835739545169 349.655634006895 10.4012805669049
  endloop
endfacet
facet normal -3.55509819426244e-007 -1.05941344521546e-007 0.999999999999931
  outer loop
    vertex 34.4835739545169 349.655634006895 10.4012805669049
    vertex 30.3335739545167 353.183390828209 10.4012810389542
    vertex 34.1314924264998 349.385472348479 10.4012806278944
  endloop
endfacet
facet normal -3.55509819426244e-007 -1.05941344521546e-007 0.999999999999931
  outer loop
    vertex 34.1314924264998 349.385472348479 10.4012806278944
    vertex 30.3335739545167 353.183390828209 10.4012810389542
    vertex 33.8613307680833 349.033390820462 10.4012806626048
  endloop
endfacet
facet normal -3.55509819426244e-007 -1.05941344521546e-007 0.999999999999931
  outer loop
    vertex 33.8613307680833 349.033390820462 10.4012806626048
    vertex 30.3335739545167 353.183390828209 10.4012810389542
    vertex 33.6915000498255 348.623383197136 10.4012806686705
  endloop
endfacet
facet normal -3.55509819426244e-007 -1.05941344521546e-007 0.999999999999931
  outer loop
    vertex 33.6915000498255 348.623383197136 10.4012806686705
    vertex 30.3335739545167 353.183390828209 10.4012810389542
    vertex 33.6335739545169 348.183390820462 10.4012806456783
  endloop
endfacet
facet normal -3.55509819426244e-007 -1.05941344521546e-007 0.999999999999931
  outer loop
    vertex 33.6335739545169 348.183390820462 10.4012806456783
    vertex 30.3335739545167 353.183390828209 10.4012810389542
    vertex 30.3335741950711 311.183389857238 10.4012846539116
  endloop
endfacet
facet normal -3.55509819426244e-007 -1.05941344521546e-007 0.999999999999931
  outer loop
    vertex 33.6335739545169 348.183390820462 10.4012806456783
    vertex 30.3335741950711 311.183389857238 10.4012846539116
    vertex 32.3742419424653 333.42605076363 10.4012456497453
  endloop
endfacet
facet normal -3.55509819426244e-007 -1.05941344521546e-007 0.999999999999931
  outer loop
    vertex 33.6335739545169 348.183390820462 10.4012806456783
    vertex 32.3742419424653 333.42605076363 10.4012456497453
    vertex 32.4961091178955 334.663388960438 10.4012461617047
  endloop
endfacet
facet normal -3.55509819426244e-007 -1.05941344521546e-007 0.999999999999931
  outer loop
    vertex 33.6335739545169 348.183390820462 10.4012806456783
    vertex 32.4961091178955 334.663388960438 10.4012461617047
    vertex 32.6986411563341 335.890107426563 10.4012471787869
  endloop
endfacet
facet normal -3.55509819426244e-007 -1.05941344521546e-007 0.999999999999931
  outer loop
    vertex 33.6335739545169 348.183390820462 10.4012806456783
    vertex 32.6986411563341 335.890107426563 10.4012471787869
    vertex 32.9809707844992 337.100953165205 10.4012486966368
  endloop
endfacet
facet normal -3.55509819426244e-007 -1.05941344521546e-007 0.999999999999931
  outer loop
    vertex 33.6335739545169 348.183390820462 10.4012806456783
    vertex 32.9809707844992 337.100953165205 10.4012486966368
    vertex 33.341889023579 338.290741149017 10.4012507087546
  endloop
endfacet
facet normal -3.55509819426244e-007 -1.05941344521546e-007 0.999999999999931
  outer loop
    vertex 72.3335739546219 353.183390097783 10.4013040348627
    vertex 35.3335739545168 349.883390820462 10.4012803842214
    vertex 50.0909020283034 351.14271084979 10.4013525736149
  endloop
endfacet
facet normal -3.55509819426244e-007 -1.05941344521546e-007 0.999999999999931
  outer loop
    vertex 50.0909020283034 351.14271084979 10.4013525736149
    vertex 35.3335739545168 349.883390820462 10.4012803842214
    vertex 35.7735663311911 349.825464725153 10.401280274977
  endloop
endfacet
facet normal -3.55509819426244e-007 -1.05941344521546e-007 0.999999999999931
  outer loop
    vertex 50.0909020283034 351.14271084979 10.4013525736149
    vertex 35.7735663311911 349.825464725153 10.401280274977
    vertex 48.853563831519 351.020843674359 10.4013448824764
  endloop
endfacet
facet normal -3.55509819426244e-007 -1.05941344521546e-007 0.999999999999931
  outer loop
    vertex 48.853563831519 351.020843674359 10.4013448824764
    vertex 35.7735663311911 349.825464725153 10.401280274977
    vertex 36.1835739545168 349.655634006895 10.4012801635041
  endloop
endfacet
facet normal -3.55509819426244e-007 -1.05941344521546e-007 0.999999999999931
  outer loop
    vertex 48.853563831519 351.020843674359 10.4013448824764
    vertex 36.1835739545168 349.655634006895 10.4012801635041
    vertex 36.5356554825339 349.385472348479 10.4012800573995
  endloop
endfacet
facet normal -3.55509819426244e-007 -1.05941344521546e-007 0.999999999999931
  outer loop
    vertex 48.853563831519 351.020843674359 10.4013448824764
    vertex 36.5356554825339 349.385472348479 10.4012800573995
    vertex 36.8058171409503 349.033390820462 10.4012799638941
  endloop
endfacet
facet normal -3.55509819426244e-007 -1.05941344521546e-007 0.999999999999931
  outer loop
    vertex 48.853563831519 351.020843674359 10.4013448824764
    vertex 36.8058171409503 349.033390820462 10.4012799638941
    vertex 47.6268453654172 350.818311635918 10.4013372737232
  endloop
endfacet
facet normal -3.55509819426244e-007 -1.05941344521546e-007 0.999999999999931
  outer loop
    vertex 47.6268453654172 350.818311635918 10.4013372737232
    vertex 36.8058171409503 349.033390820462 10.4012799638941
    vertex 36.9756478592082 348.623383197136 10.40127988936
  endloop
endfacet
facet normal -3.55509819426244e-007 -1.05941344521546e-007 0.999999999999931
  outer loop
    vertex 47.6268453654172 350.818311635918 10.4013372737232
    vertex 36.9756478592082 348.623383197136 10.40127988936
    vertex 46.415999626799 350.535982007749 10.4013297799373
  endloop
endfacet
facet normal -3.55509819426244e-007 -1.05941344521546e-007 0.999999999999931
  outer loop
    vertex 46.415999626799 350.535982007749 10.4013297799373
    vertex 36.9756478592082 348.623383197136 10.40127988936
    vertex 37.0335739545168 348.183390820462 10.4012798388766
  endloop
endfacet
facet normal -3.55509819426244e-007 -1.05941344521546e-007 0.999999999999931
  outer loop
    vertex 46.415999626799 350.535982007749 10.4013297799373
    vertex 37.0335739545168 348.183390820462 10.4012798388766
    vertex 45.2262116430095 350.175063768663 10.4013224332081
  endloop
endfacet
facet normal -3.55509819426244e-007 -1.05941344521546e-007 0.999999999999931
  outer loop
    vertex 45.2262116430095 350.175063768663 10.4013224332081
    vertex 37.0335739545168 348.183390820462 10.4012798388766
    vertex 44.062576268855 349.737102425971 10.4013152649956
  endloop
endfacet
facet normal -3.55509819426244e-007 -1.05941344521546e-007 0.999999999999931
  outer loop
    vertex 44.062576268855 349.737102425971 10.4013152649956
    vertex 37.0335739545168 348.183390820462 10.4012798388766
    vertex 42.9300763696521 349.223973397377 10.401308305995
  endloop
endfacet
facet normal -3.55509819426244e-007 -1.05941344521546e-007 0.999999999999931
  outer loop
    vertex 42.9300763696521 349.223973397377 10.401308305995
    vertex 37.0335739545168 348.183390820462 10.4012798388766
    vertex 41.8335614838337 348.637873980161 10.4013015860059
  endloop
endfacet
facet normal -3.55509819426244e-007 -1.05941344521546e-007 0.999999999999931
  outer loop
    vertex 41.8335614838337 348.637873980161 10.4013015860059
    vertex 37.0335739545168 348.183390820462 10.4012798388766
    vertex 40.7777270564809 347.981313942005 10.4012951338044
  endloop
endfacet
facet normal -3.55509819426244e-007 -1.05941344521546e-007 0.999999999999931
  outer loop
    vertex 40.7777270564809 347.981313942005 10.4012951338044
    vertex 37.0335739545168 348.183390820462 10.4012798388766
    vertex 39.7670943327065 347.25710477379 10.4012889770196
  endloop
endfacet
facet normal -3.55509819426244e-007 -1.05941344521546e-007 0.999999999999931
  outer loop
    vertex 39.7670943327065 347.25710477379 10.4012889770196
    vertex 37.0335739545168 348.183390820462 10.4012798388766
    vertex 38.8059909969886 346.468347650357 10.401283142016
  endloop
endfacet
facet normal -3.55509819426244e-007 -1.05941344521546e-007 0.999999999999931
  outer loop
    vertex 38.8059909969886 346.468347650357 10.401283142016
    vertex 37.0335739545168 348.183390820462 10.4012798388766
    vertex 37.8985326413621 345.618420150801 10.40127765378
  endloop
endfacet
facet normal -3.55509819426244e-007 -1.05941344521546e-007 0.999999999999931
  outer loop
    vertex 37.8985326413621 345.618420150801 10.40127765378
    vertex 37.0335739545168 348.183390820462 10.4012798388766
    vertex 37.0486051418213 344.710961795158 10.4012725358129
  endloop
endfacet
facet normal -3.55509819426244e-007 -1.05941344521546e-007 0.999999999999931
  outer loop
    vertex 72.3335739546219 353.183390097783 10.4013040348627
    vertex 50.0909020283034 351.14271084979 10.4013525736149
    vertex 52.5762209397048 351.142710849767 10.4012551139384
  endloop
endfacet
facet normal -3.55509819426244e-007 -1.05941344521546e-007 0.999999999999931
  outer loop
    vertex 52.5762209397048 351.142710849767 10.4012551139384
    vertex 50.0909020283034 351.14271084979 10.4013525736149
    vertex 50.0909020285112 330.940731852877 10.4013192458446
  endloop
endfacet
facet normal -3.55509819426244e-007 -1.05941344521546e-007 0.999999999999931
  outer loop
    vertex 52.5762209397048 351.142710849767 10.4012551139384
    vertex 50.0909020285112 330.940731852877 10.4013192458446
    vertex 52.5762209396826 333.426050763607 10.4012586642765
  endloop
endfacet
facet normal -3.55509819426244e-007 -1.05941344521546e-007 0.999999999999931
  outer loop
    vertex 72.3335739546219 353.183390097783 10.4013040348627
    vertex 52.5762209397048 351.142710849767 10.4012551139384
    vertex 53.8135591364888 351.020843674336 10.4012628539202
  endloop
endfacet
facet normal -3.55509819426244e-007 -1.05941344521546e-007 0.999999999999931
  outer loop
    vertex 72.3335739546219 353.183390097783 10.4013040348627
    vertex 53.8135591364888 351.020843674336 10.4012628539202
    vertex 55.0402776025901 350.818311635895 10.4012705438464
  endloop
endfacet
facet normal -3.55509819426244e-007 -1.05941344521546e-007 0.999999999999931
  outer loop
    vertex 72.3335739546219 353.183390097783 10.4013040348627
    vertex 55.0402776025901 350.818311635895 10.4012705438464
    vertex 56.2511233412077 350.535982007726 10.4012781507874
  endloop
endfacet
facet normal -3.55509819426244e-007 -1.05941344521546e-007 0.999999999999931
  outer loop
    vertex 72.3335739546219 353.183390097783 10.4013040348627
    vertex 56.2511233412077 350.535982007726 10.4012781507874
    vertex 57.4409113249962 350.175063768641 10.4012856421693
  endloop
endfacet
facet normal -3.55509819426244e-007 -1.05941344521546e-007 0.999999999999931
  outer loop
    vertex 72.3335739546219 353.183390097783 10.4013040348627
    vertex 57.4409113249962 350.175063768641 10.4012856421693
    vertex 58.6045466991497 349.737102425948 10.4012929859128
  endloop
endfacet
facet normal -3.55509819426244e-007 -1.05941344521546e-007 0.999999999999931
  outer loop
    vertex 72.3335739546219 353.183390097783 10.4013040348627
    vertex 58.6045466991497 349.737102425948 10.4012929859128
    vertex 59.7370465983513 349.223973397355 10.4013001505708
  endloop
endfacet
facet normal -3.55509819426244e-007 -1.05941344521546e-007 0.999999999999931
  outer loop
    vertex 72.3335739546219 353.183390097783 10.4013040348627
    vertex 59.7370465983513 349.223973397355 10.4013001505708
    vertex 60.8335614841682 348.637873980138 10.4013071054632
  endloop
endfacet
facet normal -3.55509819426244e-007 -1.05941344521546e-007 0.999999999999931
  outer loop
    vertex 72.3335739546219 353.183390097783 10.4013040348627
    vertex 60.8335614841682 348.637873980138 10.4013071054632
    vertex 61.8893959115193 347.981313941982 10.4013138208081
  endloop
endfacet
facet normal -3.55509819426244e-007 -1.05941344521546e-007 0.999999999999931
  outer loop
    vertex 72.3335739546219 353.183390097783 10.4013040348627
    vertex 61.8893959115193 347.981313941982 10.4013138208081
    vertex 66.4835739545168 349.655634006895 10.4012805669049
  endloop
endfacet
facet normal -3.55509819426244e-007 -1.05941344521546e-007 0.999999999999931
  outer loop
    vertex 66.4835739545168 349.655634006895 10.4012805669049
    vertex 61.8893959115193 347.981313941982 10.4013138208081
    vertex 62.9000286352919 347.257104773767 10.4013202678493
  endloop
endfacet
facet normal -3.55509819426244e-007 -1.05941344521546e-007 0.999999999999931
  outer loop
    vertex 66.4835739545168 349.655634006895 10.4012805669049
    vertex 62.9000286352919 347.257104773767 10.4013202678493
    vertex 66.1314924264997 349.385472348479 10.4012806278944
  endloop
endfacet
facet normal -3.55509819426244e-007 -1.05941344521546e-007 0.999999999999931
  outer loop
    vertex 66.1314924264997 349.385472348479 10.4012806278944
    vertex 62.9000286352919 347.257104773767 10.4013202678493
    vertex 63.8611319710079 346.468347650334 10.4013264189795
  endloop
endfacet
facet normal -3.55509819426244e-007 -1.05941344521546e-007 0.999999999999931
  outer loop
    vertex 66.1314924264997 349.385472348479 10.4012806278944
    vertex 63.8611319710079 346.468347650334 10.4013264189795
    vertex 65.8613307680833 349.033390820462 10.4012806626048
  endloop
endfacet
facet normal -3.55509819426244e-007 -1.05941344521546e-007 0.999999999999931
  outer loop
    vertex 65.8613307680833 349.033390820462 10.4012806626048
    vertex 63.8611319710079 346.468347650334 10.4013264189795
    vertex 65.6915000498255 348.623383197136 10.4012806686705
  endloop
endfacet
facet normal -3.55509819426244e-007 -1.05941344521546e-007 0.999999999999931
  outer loop
    vertex 65.6915000498255 348.623383197136 10.4012806686705
    vertex 63.8611319710079 346.468347650334 10.4013264189795
    vertex 64.7685903266323 345.618420150778 10.4013322478588
  endloop
endfacet
facet normal -3.55509819426244e-007 -1.05941344521546e-007 0.999999999999931
  outer loop
    vertex 65.6915000498255 348.623383197136 10.4012806686705
    vertex 64.7685903266323 345.618420150778 10.4013322478588
    vertex 65.6335739545169 348.183390820462 10.4012806456783
  endloop
endfacet
facet normal -3.55509819426244e-007 -1.05941344521546e-007 0.999999999999931
  outer loop
    vertex 65.6335739545169 348.183390820462 10.4012806456783
    vertex 64.7685903266323 345.618420150778 10.4013322478588
    vertex 65.6185178261707 344.710961795135 10.401337729527
  endloop
endfacet
facet normal -3.55509819426244e-007 -1.05941344521546e-007 0.999999999999931
  outer loop
    vertex 72.3335739546219 353.183390097783 10.4013040348627
    vertex 66.4835739545168 349.655634006895 10.4012805669049
    vertex 66.8935815778426 349.825464725153 10.4012804837926
  endloop
endfacet
facet normal -3.55509819426244e-007 -1.05941344521546e-007 0.999999999999931
  outer loop
    vertex 72.3335739546219 353.183390097783 10.4013040348627
    vertex 66.8935815778426 349.825464725153 10.4012804837926
    vertex 67.3335739545168 349.883390820462 10.4012803842214
  endloop
endfacet
facet normal -3.55509819426244e-007 -1.05941344521546e-007 0.999999999999931
  outer loop
    vertex 72.3335739546219 353.183390097783 10.4013040348627
    vertex 67.3335739545168 349.883390820462 10.4012803842214
    vertex 67.7735663311911 349.825464725153 10.401280274977
  endloop
endfacet
facet normal -3.55509819426244e-007 -1.05941344521546e-007 0.999999999999931
  outer loop
    vertex 72.3335739546219 353.183390097783 10.4013040348627
    vertex 67.7735663311911 349.825464725153 10.401280274977
    vertex 68.1835739545168 349.655634006895 10.4012801635041
  endloop
endfacet
facet normal -3.55509819426244e-007 -1.05941344521546e-007 0.999999999999931
  outer loop
    vertex 72.3335739546219 353.183390097783 10.4013040348627
    vertex 68.1835739545168 349.655634006895 10.4012801635041
    vertex 68.5356554825339 349.385472348479 10.4012800573995
  endloop
endfacet
facet normal -3.55509819426244e-007 -1.05941344521546e-007 0.999999999999931
  outer loop
    vertex 72.3335739546219 353.183390097783 10.4013040348627
    vertex 68.5356554825339 349.385472348479 10.4012800573995
    vertex 68.8058171409503 349.033390820462 10.4012799638941
  endloop
endfacet
facet normal -3.55509819426244e-007 -1.05941344521546e-007 0.999999999999931
  outer loop
    vertex 72.3335739546219 353.183390097783 10.4013040348627
    vertex 68.8058171409503 349.033390820462 10.4012799638941
    vertex 68.9756478592082 348.623383197136 10.40127988936
  endloop
endfacet
facet normal -3.55509819426244e-007 -1.05941344521546e-007 0.999999999999931
  outer loop
    vertex 72.3335739546219 353.183390097783 10.4013040348627
    vertex 68.9756478592082 348.623383197136 10.40127988936
    vertex 69.0335739545168 348.183390820462 10.4012798388766
  endloop
endfacet
facet normal -3.55509819426244e-007 -1.05941344521546e-007 0.999999999999931
  outer loop
    vertex 72.3335739546219 353.183390097783 10.4013040348627
    vertex 69.0335739545168 348.183390820462 10.4012798388766
    vertex 69.325233944397 338.290741148994 10.4013621297513
  endloop
endfacet
facet normal -3.55509819426244e-007 -1.05941344521546e-007 0.999999999999931
  outer loop
    vertex 72.3335739546219 353.183390097783 10.4013040348627
    vertex 69.325233944397 338.290741148994 10.4013621297513
    vertex 69.6861521834738 337.100953165182 10.4013646187253
  endloop
endfacet
facet normal -3.55509819426244e-007 -1.05941344521546e-007 0.999999999999931
  outer loop
    vertex 72.3335739546219 353.183390097783 10.4013040348627
    vertex 69.6861521834738 337.100953165182 10.4013646187253
    vertex 69.9684818116359 335.890107426541 10.4013666218712
  endloop
endfacet
facet normal -3.55509819426244e-007 -1.05941344521546e-007 0.999999999999931
  outer loop
    vertex 72.3335739546219 353.183390097783 10.4013040348627
    vertex 69.9684818116359 335.890107426541 10.4013666218712
    vertex 70.1710138500714 334.663388960415 10.4013681306111
  endloop
endfacet
facet normal -3.55509819426244e-007 -1.05941344521546e-007 0.999999999999931
  outer loop
    vertex 72.3335739546219 353.183390097783 10.4013040348627
    vertex 70.1710138500714 334.663388960415 10.4013681306111
    vertex 70.2928810254985 333.426050763607 10.4013691384844
  endloop
endfacet
facet normal -3.55509819426244e-007 -1.05941344521546e-007 0.999999999999931
  outer loop
    vertex 72.3335739546219 353.183390097783 10.4013040348627
    vertex 70.2928810254985 333.426050763607 10.4013691384844
    vertex 70.2928810256272 330.940731852858 10.4013485250246
  endloop
endfacet
facet normal -3.55509819426244e-007 -1.05941344521546e-007 0.999999999999931
  outer loop
    vertex 65.6185178262711 319.655820821329 10.4013216389569
    vertex 65.6915000498254 316.623383197136 10.4012802382371
    vertex 66.4072749496899 320.616924157065 10.4013263647391
  endloop
endfacet
facet normal -3.55509819426244e-007 -1.05941344521546e-007 0.999999999999931
  outer loop
    vertex 65.6915000498254 316.623383197136 10.4012802382371
    vertex 65.6185178262711 319.655820821329 10.4013216389569
    vertex 65.6335739545168 316.183390820462 10.4012802365827
  endloop
endfacet
facet normal -3.55509819426244e-007 -1.05941344521546e-007 0.999999999999931
  outer loop
    vertex 66.4072749496899 320.616924157065 10.4013263647391
    vertex 65.6915000498254 316.623383197136 10.4012802382371
    vertex 65.8613307680833 317.033390820462 10.4012802401668
  endloop
endfacet
facet normal -3.55509819426244e-007 -1.05941344521546e-007 0.999999999999931
  outer loop
    vertex 66.4072749496899 320.616924157065 10.4013263647391
    vertex 65.8613307680833 317.033390820462 10.4012802401668
    vertex 66.1314924264997 317.385472348479 10.4012802422404
  endloop
endfacet
facet normal -3.55509819426244e-007 -1.05941344521546e-007 0.999999999999931
  outer loop
    vertex 66.4072749496899 320.616924157065 10.4013263647391
    vertex 66.1314924264997 317.385472348479 10.4012802422404
    vertex 66.4835739545168 317.655634006895 10.4012802443165
  endloop
endfacet
facet normal -3.55509819426244e-007 -1.05941344521546e-007 0.999999999999931
  outer loop
    vertex 66.4072749496899 320.616924157065 10.4013263647391
    vertex 66.4835739545168 317.655634006895 10.4012802443165
    vertex 67.1314841178919 321.627556880858 10.4013306780999
  endloop
endfacet
facet normal -3.55509819426244e-007 -1.05941344521546e-007 0.999999999999931
  outer loop
    vertex 67.1314841178919 321.627556880858 10.4013306780999
    vertex 66.4835739545168 317.655634006895 10.4012802443165
    vertex 66.8935815778425 317.825464725153 10.4012802462536
  endloop
endfacet
facet normal -3.55509819426244e-007 -1.05941344521546e-007 0.999999999999931
  outer loop
    vertex 67.1314841178919 321.627556880858 10.4013306780999
    vertex 66.8935815778425 317.825464725153 10.4012802462536
    vertex 67.3335739545168 317.883390820462 10.4012802479198
  endloop
endfacet
facet normal -3.55509819426244e-007 -1.05941344521546e-007 0.999999999999931
  outer loop
    vertex 67.1314841178919 321.627556880858 10.4013306780999
    vertex 67.3335739545168 317.883390820462 10.4012802479198
    vertex 67.7880441560365 322.683391308231 10.4013345605687
  endloop
endfacet
facet normal -3.55509819426244e-007 -1.05941344521546e-007 0.999999999999931
  outer loop
    vertex 67.7880441560365 322.683391308231 10.4013345605687
    vertex 67.3335739545168 317.883390820462 10.4012802479198
    vertex 67.7735663311911 317.825464725153 10.4012802492014
  endloop
endfacet
facet normal -3.55509819426244e-007 -1.05941344521546e-007 0.999999999999931
  outer loop
    vertex 67.7880441560365 322.683391308231 10.4013345605687
    vertex 67.7735663311911 317.825464725153 10.4012802492014
    vertex 68.1835739545168 317.655634006895 10.4012802500112
  endloop
endfacet
facet normal -3.55509819426244e-007 -1.05941344521546e-007 0.999999999999931
  outer loop
    vertex 67.7880441560365 322.683391308231 10.4013345605687
    vertex 68.1835739545168 317.655634006895 10.4012802500112
    vertex 68.3741435732432 323.77990619407 10.4013379955203
  endloop
endfacet
facet normal -3.55509819426244e-007 -1.05941344521546e-007 0.999999999999931
  outer loop
    vertex 68.3741435732432 323.77990619407 10.4013379955203
    vertex 68.1835739545168 317.655634006895 10.4012802500112
    vertex 68.535655482534 317.385472348479 10.401280250294
  endloop
endfacet
facet normal -3.55509819426244e-007 -1.05941344521546e-007 0.999999999999931
  outer loop
    vertex 68.3741435732432 323.77990619407 10.4013379955203
    vertex 68.535655482534 317.385472348479 10.401280250294
    vertex 68.887272601828 324.912406093294 10.4013409682457
  endloop
endfacet
facet normal -3.55509819426244e-007 -1.05941344521546e-007 0.999999999999931
  outer loop
    vertex 68.887272601828 324.912406093294 10.4013409682457
    vertex 68.535655482534 317.385472348479 10.401280250294
    vertex 68.8058171409504 317.033390820462 10.4012802500304
  endloop
endfacet
facet normal -3.55509819426244e-007 -1.05941344521546e-007 0.999999999999931
  outer loop
    vertex 68.887272601828 324.912406093294 10.4013409682457
    vertex 68.8058171409504 317.033390820462 10.4012802500304
    vertex 68.9756478592083 316.623383197136 10.4012802492385
  endloop
endfacet
facet normal -3.55509819426244e-007 -1.05941344521546e-007 0.999999999999931
  outer loop
    vertex 68.887272601828 324.912406093294 10.4013409682457
    vertex 68.9756478592083 316.623383197136 10.4012802492385
    vertex 69.3252339445134 326.07604146747 10.4013434660152
  endloop
endfacet
facet normal -3.55509819426244e-007 -1.05941344521546e-007 0.999999999999931
  outer loop
    vertex 69.3252339445134 326.07604146747 10.4013434660152
    vertex 68.9756478592083 316.623383197136 10.4012802492385
    vertex 69.0335739545168 316.183390820462 10.4012802479722
  endloop
endfacet
facet normal -3.55509819426244e-007 -1.05941344521546e-007 0.999999999999931
  outer loop
    vertex 33.7798503662645 339.454376523193 10.4012532065241
    vertex 33.6335739545169 348.183390820462 10.4012806456783
    vertex 33.341889023579 338.290741149017 10.4012507087546
  endloop
endfacet
facet normal -3.55509819426244e-007 -1.05941344521546e-007 0.999999999999931
  outer loop
    vertex 33.6335739545169 348.183390820462 10.4012806456783
    vertex 33.7798503662645 339.454376523193 10.4012532065241
    vertex 33.6915000498255 347.743398443787 10.4012805951949
  endloop
endfacet
facet normal -3.55509819426244e-007 -1.05941344521546e-007 0.999999999999931
  outer loop
    vertex 33.6915000498255 347.743398443787 10.4012805951949
    vertex 33.7798503662645 339.454376523193 10.4012532065241
    vertex 33.8613307680833 347.333390820462 10.4012805206608
  endloop
endfacet
facet normal -3.55509819426244e-007 -1.05941344521546e-007 0.999999999999931
  outer loop
    vertex 33.8613307680833 347.333390820462 10.4012805206608
    vertex 33.7798503662645 339.454376523193 10.4012532065241
    vertex 34.2929793948493 340.586876422418 10.4012561792495
  endloop
endfacet
facet normal -3.55509819426244e-007 -1.05941344521546e-007 0.999999999999931
  outer loop
    vertex 33.8613307680833 347.333390820462 10.4012805206608
    vertex 34.2929793948493 340.586876422418 10.4012561792495
    vertex 34.1314924264998 346.981309292445 10.4012804271554
  endloop
endfacet
facet normal -3.55509819426244e-007 -1.05941344521546e-007 0.999999999999931
  outer loop
    vertex 34.1314924264998 346.981309292445 10.4012804271554
    vertex 34.2929793948493 340.586876422418 10.4012561792495
    vertex 34.4835739545169 346.711147634028 10.4012803210508
  endloop
endfacet
facet normal -3.55509819426244e-007 -1.05941344521546e-007 0.999999999999931
  outer loop
    vertex 34.4835739545169 346.711147634028 10.4012803210508
    vertex 34.2929793948493 340.586876422418 10.4012561792495
    vertex 34.879078812056 341.683391308257 10.4012596142011
  endloop
endfacet
facet normal -3.55509819426244e-007 -1.05941344521546e-007 0.999999999999931
  outer loop
    vertex 34.4835739545169 346.711147634028 10.4012803210508
    vertex 34.879078812056 341.683391308257 10.4012596142011
    vertex 34.8935815778426 346.54131691577 10.4012802095779
  endloop
endfacet
facet normal -3.55509819426244e-007 -1.05941344521546e-007 0.999999999999931
  outer loop
    vertex 34.8935815778426 346.54131691577 10.4012802095779
    vertex 34.879078812056 341.683391308257 10.4012596142011
    vertex 35.5356388502005 342.739225735629 10.40126349667
  endloop
endfacet
facet normal -3.55509819426244e-007 -1.05941344521546e-007 0.999999999999931
  outer loop
    vertex 34.8935815778426 346.54131691577 10.4012802095779
    vertex 35.5356388502005 342.739225735629 10.40126349667
    vertex 35.3335739545168 346.483390820462 10.4012801003335
  endloop
endfacet
facet normal -3.55509819426244e-007 -1.05941344521546e-007 0.999999999999931
  outer loop
    vertex 35.3335739545168 346.483390820462 10.4012801003335
    vertex 35.5356388502005 342.739225735629 10.40126349667
    vertex 35.7735663311911 346.54131691577 10.4012800007623
  endloop
endfacet
facet normal -3.55509819426244e-007 -1.05941344521546e-007 0.999999999999931
  outer loop
    vertex 35.7735663311911 346.54131691577 10.4012800007623
    vertex 35.5356388502005 342.739225735629 10.40126349667
    vertex 36.2598480184025 343.749858459422 10.4012678100307
  endloop
endfacet
facet normal -3.55509819426244e-007 -1.05941344521546e-007 0.999999999999931
  outer loop
    vertex 35.7735663311911 346.54131691577 10.4012800007623
    vertex 36.2598480184025 343.749858459422 10.4012678100307
    vertex 36.1835739545168 346.711147634028 10.4012799176499
  endloop
endfacet
facet normal -3.55509819426244e-007 -1.05941344521546e-007 0.999999999999931
  outer loop
    vertex 36.1835739545168 346.711147634028 10.4012799176499
    vertex 36.2598480184025 343.749858459422 10.4012678100307
    vertex 36.5356554825339 346.981309292445 10.4012798566604
  endloop
endfacet
facet normal -3.55509819426244e-007 -1.05941344521546e-007 0.999999999999931
  outer loop
    vertex 36.5356554825339 346.981309292445 10.4012798566604
    vertex 36.2598480184025 343.749858459422 10.4012678100307
    vertex 37.0486051418213 344.710961795158 10.4012725358129
  endloop
endfacet
facet normal -3.55509819426244e-007 -1.05941344521546e-007 0.999999999999931
  outer loop
    vertex 36.5356554825339 346.981309292445 10.4012798566604
    vertex 37.0486051418213 344.710961795158 10.4012725358129
    vertex 36.8058171409503 347.333390820462 10.4012798219501
  endloop
endfacet
facet normal -3.55509819426244e-007 -1.05941344521546e-007 0.999999999999931
  outer loop
    vertex 36.8058171409503 347.333390820462 10.4012798219501
    vertex 37.0486051418213 344.710961795158 10.4012725358129
    vertex 36.9756478592082 347.743398443788 10.4012798158844
  endloop
endfacet
facet normal -3.55509819426244e-007 -1.05941344521546e-007 0.999999999999931
  outer loop
    vertex 36.9756478592082 347.743398443788 10.4012798158844
    vertex 37.0486051418213 344.710961795158 10.4012725358129
    vertex 37.0335739545168 348.183390820462 10.4012798388766
  endloop
endfacet
facet normal -3.55509819426244e-007 -1.05941344521546e-007 0.999999999999931
  outer loop
    vertex 32.3742419426952 330.940731852877 10.4012087716368
    vertex 50.0909020282813 333.42605076363 10.4013561239531
    vertex 32.3742419424653 333.42605076363 10.4012456497453
  endloop
endfacet
facet normal -3.55509819426244e-007 -1.05941344521546e-007 0.999999999999931
  outer loop
    vertex 50.0909020282813 333.42605076363 10.4013561239531
    vertex 32.3742419426952 330.940731852877 10.4012087716368
    vertex 50.0909020285112 330.940731852877 10.4013192458446
  endloop
endfacet
facet normal -3.55509819426244e-007 -1.05941344521546e-007 0.999999999999931
  outer loop
    vertex 50.0909020282813 333.42605076363 10.4013561239531
    vertex 50.0909020285112 330.940731852877 10.4013192458446
    vertex 50.0909020283034 351.14271084979 10.4013525736149
  endloop
endfacet
facet normal -3.55509819426244e-007 -1.05941344521546e-007 0.999999999999931
  outer loop
    vertex 33.6335739545168 316.183390820462 10.4012802375043
    vertex 33.7798503664794 324.912406093313 10.4012187445138
    vertex 33.3418890237968 326.07604146749 10.4012157803698
  endloop
endfacet
facet normal -3.55509819426244e-007 -1.05941344521546e-007 0.999999999999931
  outer loop
    vertex 33.7798503664794 324.912406093313 10.4012187445138
    vertex 33.6335739545168 316.183390820462 10.4012802375043
    vertex 33.6915000498254 316.623383197136 10.4012802395872
  endloop
endfacet
facet normal -3.55509819426244e-007 -1.05941344521546e-007 0.999999999999931
  outer loop
    vertex 33.7798503664794 324.912406093313 10.4012187445138
    vertex 33.6915000498254 316.623383197136 10.4012802395872
    vertex 33.8613307680833 317.033390820462 10.4012802418533
  endloop
endfacet
facet normal -3.55509819426244e-007 -1.05941344521546e-007 0.999999999999931
  outer loop
    vertex 33.7798503664794 324.912406093313 10.4012187445138
    vertex 33.8613307680833 317.033390820462 10.4012802418533
    vertex 34.2929793950613 323.779906194089 10.4012221711348
  endloop
endfacet
facet normal -3.55509819426244e-007 -1.05941344521546e-007 0.999999999999931
  outer loop
    vertex 34.2929793950613 323.779906194089 10.4012221711348
    vertex 33.8613307680833 317.033390820462 10.4012802418533
    vertex 34.1314924264997 317.385472348479 10.4012802441484
  endloop
endfacet
facet normal -3.55509819426244e-007 -1.05941344521546e-007 0.999999999999931
  outer loop
    vertex 34.2929793950613 323.779906194089 10.4012221711348
    vertex 34.1314924264997 317.385472348479 10.4012802441484
    vertex 34.4835739545168 317.655634006895 10.401280246316
  endloop
endfacet
facet normal -3.55509819426244e-007 -1.05941344521546e-007 0.999999999999931
  outer loop
    vertex 34.2929793950613 323.779906194089 10.4012221711348
    vertex 34.4835739545168 317.655634006895 10.401280246316
    vertex 34.8790788122653 322.68339130825 10.4012260455597
  endloop
endfacet
facet normal -3.55509819426244e-007 -1.05941344521546e-007 0.999999999999931
  outer loop
    vertex 34.8790788122653 322.68339130825 10.4012260455597
    vertex 34.4835739545168 317.655634006895 10.401280246316
    vertex 34.8935815778425 317.825464725153 10.4012802482084
  endloop
endfacet
facet normal -3.55509819426244e-007 -1.05941344521546e-007 0.999999999999931
  outer loop
    vertex 34.8790788122653 322.68339130825 10.4012260455597
    vertex 34.8935815778425 317.825464725153 10.4012802482084
    vertex 35.5356388504072 321.627556880877 10.4012303511973
  endloop
endfacet
facet normal -3.55509819426244e-007 -1.05941344521546e-007 0.999999999999931
  outer loop
    vertex 35.5356388504072 321.627556880877 10.4012303511973
    vertex 34.8935815778425 317.825464725153 10.4012802482084
    vertex 35.3335739545168 317.883390820462 10.4012802496965
  endloop
endfacet
facet normal -3.55509819426244e-007 -1.05941344521546e-007 0.999999999999931
  outer loop
    vertex 35.5356388504072 321.627556880877 10.4012303511973
    vertex 35.3335739545168 317.883390820462 10.4012802496965
    vertex 35.7735663311912 317.825464725153 10.4012802506791
  endloop
endfacet
facet normal -3.55509819426244e-007 -1.05941344521546e-007 0.999999999999931
  outer loop
    vertex 35.5356388504072 321.627556880877 10.4012303511973
    vertex 35.7735663311912 317.825464725153 10.4012802506791
    vertex 36.2598480186068 320.616924157084 10.4012350696105
  endloop
endfacet
facet normal -3.55509819426244e-007 -1.05941344521546e-007 0.999999999999931
  outer loop
    vertex 36.2598480186068 320.616924157084 10.4012350696105
    vertex 35.7735663311912 317.825464725153 10.4012802506791
    vertex 36.1835739545168 317.655634006895 10.4012802510891
  endloop
endfacet
facet normal -3.55509819426244e-007 -1.05941344521546e-007 0.999999999999931
  outer loop
    vertex 36.2598480186068 320.616924157084 10.4012350696105
    vertex 36.1835739545168 317.655634006895 10.4012802510891
    vertex 36.535655482534 317.385472348479 10.4012802508986
  endloop
endfacet
facet normal -3.55509819426244e-007 -1.05941344521546e-007 0.999999999999931
  outer loop
    vertex 36.2598480186068 320.616924157084 10.4012350696105
    vertex 36.535655482534 317.385472348479 10.4012802508986
    vertex 37.0486051420231 319.655820821349 10.4012401805942
  endloop
endfacet
facet normal -3.55509819426244e-007 -1.05941344521546e-007 0.999999999999931
  outer loop
    vertex 37.0486051420231 319.655820821349 10.4012401805942
    vertex 36.535655482534 317.385472348479 10.4012802508986
    vertex 36.8058171409504 317.033390820462 10.4012802501206
  endloop
endfacet
facet normal -3.55509819426244e-007 -1.05941344521546e-007 0.999999999999931
  outer loop
    vertex 37.0486051420231 319.655820821349 10.4012401805942
    vertex 36.8058171409504 317.033390820462 10.4012802501206
    vertex 36.9756478592083 316.623383197136 10.4012802488081
  endloop
endfacet
facet normal -3.55509819426244e-007 -1.05941344521546e-007 0.999999999999931
  outer loop
    vertex 37.0486051420231 319.655820821349 10.4012401805942
    vertex 36.9756478592083 316.623383197136 10.4012802488081
    vertex 37.0335739545169 316.183390820462 10.4012802470506
  endloop
endfacet
facet normal 6.81740242621776e-008 8.91059580737776e-007 -0.999999999999601
  outer loop
    vertex 64.2426107145276 347.355169872102 7.00134418718612
    vertex 64.7686026791242 345.618419578805 7.00134315545887
    vertex 63.8611443234902 346.468347078361 7.00134044552089
  endloop
endfacet
facet normal 6.81740242621776e-008 8.91059580737776e-007 -0.999999999999601
  outer loop
    vertex 64.7686026791242 345.618419578805 7.00134315545887
    vertex 64.2426107145276 347.355169872102 7.00134418718612
    vertex 66.5053524143246 345.092428172305 7.00135064431612
  endloop
endfacet
facet normal 6.81740242621776e-008 8.91059580737776e-007 -0.999999999999601
  outer loop
    vertex 64.7686026791242 345.618419578805 7.00134315545887
    vertex 66.5053524143246 345.092428172305 7.00135064431612
    vertex 65.6185301786726 344.710961223162 7.00134546052942
  endloop
endfacet
facet normal 6.81740242621776e-008 8.91059580737776e-007 -0.999999999999601
  outer loop
    vertex 65.6185301786726 344.710961223162 7.00134546052942
    vertex 66.5053524143246 345.092428172305 7.00135064431612
    vertex 66.4072873020989 343.749857887427 7.00134735086187
  endloop
endfacet
facet normal 6.81740242621776e-008 8.91059580737776e-007 -0.999999999999601
  outer loop
    vertex 66.4072873020989 343.749857887427 7.00134735086187
    vertex 66.5053524143246 345.092428172305 7.00135064431612
    vertex 67.1314964703085 342.739225163633 7.00134881836154
  endloop
endfacet
facet normal 6.81740242621776e-008 8.91059580737776e-007 -0.999999999999601
  outer loop
    vertex 67.1314964703085 342.739225163633 7.00134881836154
    vertex 66.5053524143246 345.092428172305 7.00135064431612
    vertex 69.5963150584496 345.920649116633 7.00136766330501
  endloop
endfacet
facet normal 6.81740242621776e-008 8.91059580737776e-007 -0.999999999999601
  outer loop
    vertex 67.1314964703085 342.739225163633 7.00134881836154
    vertex 69.5963150584496 345.920649116633 7.00136766330501
    vertex 67.7880565084605 341.683390736261 7.00134985674436
  endloop
endfacet
facet normal 6.81740242621776e-008 8.91059580737776e-007 -0.999999999999601
  outer loop
    vertex 67.7880565084605 341.683390736261 7.00134985674436
    vertex 69.5963150584496 345.920649116633 7.00136766330501
    vertex 68.3741559256746 340.586875850422 7.00135046156381
  endloop
endfacet
facet normal 6.81740242621776e-008 8.91059580737776e-007 -0.999999999999601
  outer loop
    vertex 68.3741559256746 340.586875850422 7.00135046156381
    vertex 69.5963150584496 345.920649116633 7.00136766330501
    vertex 68.8872849542666 339.454375951198 7.00135063022998
  endloop
endfacet
facet normal 6.81740242621776e-008 8.91059580737776e-007 -0.999999999999601
  outer loop
    vertex 68.8872849542666 339.454375951198 7.00135063022998
    vertex 69.5963150584496 345.920649116633 7.00136766330501
    vertex 69.3252462969592 338.290740577021 7.00135036202059
  endloop
endfacet
facet normal 6.81740242621776e-008 8.91059580737776e-007 -0.999999999999601
  outer loop
    vertex 69.3252462969592 338.290740577021 7.00135036202059
    vertex 69.5963150584496 345.920649116633 7.00136766330501
    vertex 69.686164536046 337.100952593209 7.00134965808418
  endloop
endfacet
facet normal 6.81740242621776e-008 8.91059580737776e-007 -0.999999999999601
  outer loop
    vertex 69.686164536046 337.100952593209 7.00134965808418
    vertex 69.5963150584496 345.920649116633 7.00136766330501
    vertex 70.4245360027777 349.011611760758 7.00137822516391
  endloop
endfacet
facet normal 6.81740242621776e-008 8.91059580737776e-007 -0.999999999999601
  outer loop
    vertex 69.686164536046 337.100952593209 7.00134965808418
    vertex 70.4245360027777 349.011611760758 7.00137822516391
    vertex 69.9684941642177 335.890106854567 7.00134852143509
  endloop
endfacet
facet normal 6.81740242621776e-008 8.91059580737776e-007 -0.999999999999601
  outer loop
    vertex 69.9684941642177 335.890106854567 7.00134852143509
    vertex 70.4245360027777 349.011611760758 7.00137822516391
    vertex 70.1710262026628 334.663388388442 7.00134695694064
  endloop
endfacet
facet normal 6.81740242621776e-008 8.91059580737776e-007 -0.999999999999601
  outer loop
    vertex 70.1710262026628 334.663388388442 7.00134695694064
    vertex 70.4245360027777 349.011611760758 7.00137822516391
    vertex 70.2928933780992 333.426050191634 7.00134497130023
  endloop
endfacet
facet normal 6.81740242621776e-008 8.91059580737776e-007 -0.999999999999601
  outer loop
    vertex 70.2928933780992 333.426050191634 7.00134497130023
    vertex 70.4245360027777 349.011611760758 7.00137822516391
    vertex 70.2928933781138 330.940731280888 7.00133977235981
  endloop
endfacet
facet normal 6.81740242621776e-008 8.91059580737776e-007 -0.999999999999601
  outer loop
    vertex 30.333574620032 353.183390123093 7.00128103895386
    vertex 34.5053524143262 351.274353460554 7.00120531889763
    vertex 32.2426107145293 349.011611760757 7.00118939508774
  endloop
endfacet
facet normal 6.81740242621776e-008 8.91059580737776e-007 -0.999999999999601
  outer loop
    vertex 34.5053524143262 351.274353460554 7.00120531889763
    vertex 30.333574620032 353.183390123093 7.00128103895386
    vertex 72.3335746201369 353.183389392667 7.00130403486198
  endloop
endfacet
facet normal 6.81740242621776e-008 8.91059580737776e-007 -0.999999999999601
  outer loop
    vertex 34.5053524143262 351.274353460554 7.00120531889763
    vertex 72.3335746201369 353.183389392667 7.00130403486198
    vertex 37.5963150584512 350.446132516226 7.0012188728412
  endloop
endfacet
facet normal 6.81740242621776e-008 8.91059580737776e-007 -0.999999999999601
  outer loop
    vertex 37.5963150584512 350.446132516226 7.0012188728412
    vertex 72.3335746201369 353.183389392667 7.00130403486198
    vertex 50.0909143814017 351.142710277794 7.00128212247221
  endloop
endfacet
facet normal 6.81740242621776e-008 8.91059580737776e-007 -0.999999999999601
  outer loop
    vertex 37.5963150584512 350.446132516226 7.0012188728412
    vertex 50.0909143814017 351.142710277794 7.00128212247221
    vertex 48.8535761846133 351.020843102363 7.00127574824281
  endloop
endfacet
facet normal 6.81740242621776e-008 8.91059580737776e-007 -0.999999999999601
  outer loop
    vertex 37.5963150584512 350.446132516226 7.0012188728412
    vertex 48.8535761846133 351.020843102363 7.00127574824281
    vertex 47.626857718508 350.818311063922 7.00126925779402
  endloop
endfacet
facet normal 6.81740242621776e-008 8.91059580737776e-007 -0.999999999999601
  outer loop
    vertex 37.5963150584512 350.446132516226 7.0012188728412
    vertex 47.626857718508 350.818311063922 7.00126925779402
    vertex 46.4160119798869 350.535981435753 7.00126267891895
  endloop
endfacet
facet normal 6.81740242621776e-008 8.91059580737776e-007 -0.999999999999601
  outer loop
    vertex 37.5963150584512 350.446132516226 7.0012188728412
    vertex 46.4160119798869 350.535981435753 7.00126267891895
    vertex 45.2262239960952 350.175063196668 7.00125603978935
  endloop
endfacet
facet normal 6.81740242621776e-008 8.91059580737776e-007 -0.999999999999601
  outer loop
    vertex 37.5963150584512 350.446132516226 7.0012188728412
    vertex 45.2262239960952 350.175063196668 7.00125603978935
    vertex 44.0625886219392 349.737101853975 7.00124936883499
  endloop
endfacet
facet normal 6.81740242621776e-008 8.91059580737776e-007 -0.999999999999601
  outer loop
    vertex 37.5963150584512 350.446132516226 7.0012188728412
    vertex 44.0625886219392 349.737101853975 7.00124936883499
    vertex 38.4245360027793 347.355169872101 7.00121650297487
  endloop
endfacet
facet normal 6.81740242621776e-008 8.91059580737776e-007 -0.999999999999601
  outer loop
    vertex 38.4245360027793 347.355169872101 7.00121650297487
    vertex 44.0625886219392 349.737101853975 7.00124936883499
    vertex 42.9300887227354 349.223972825382 7.00124269462193
  endloop
endfacet
facet normal 6.81740242621776e-008 8.91059580737776e-007 -0.999999999999601
  outer loop
    vertex 38.4245360027793 347.355169872101 7.00121650297487
    vertex 42.9300887227354 349.223972825382 7.00124269462193
    vertex 41.8335738369168 348.637873408165 7.00123604573016
  endloop
endfacet
facet normal 6.81740242621776e-008 8.91059580737776e-007 -0.999999999999601
  outer loop
    vertex 38.4245360027793 347.355169872101 7.00121650297487
    vertex 41.8335738369168 348.637873408165 7.00123604573016
    vertex 40.7777394095645 347.98131337001 7.00122945063126
  endloop
endfacet
facet normal 6.81740242621776e-008 8.91059580737776e-007 -0.999999999999601
  outer loop
    vertex 38.4245360027793 347.355169872101 7.00121650297487
    vertex 40.7777394095645 347.98131337001 7.00122945063126
    vertex 39.7671066857911 347.257104201795 7.00122293756646
  endloop
endfacet
facet normal 6.81740242621776e-008 8.91059580737776e-007 -0.999999999999601
  outer loop
    vertex 38.4245360027793 347.355169872101 7.00121650297487
    vertex 39.7671066857911 347.257104201795 7.00122293756646
    vertex 38.806003350075 346.468347078362 7.00121653442571
  endloop
endfacet
facet normal 6.81740242621776e-008 8.91059580737776e-007 -0.999999999999601
  outer loop
    vertex 50.0909143814017 351.142710277794 7.00128212247221
    vertex 72.3335746201369 353.183389392667 7.00130403486198
    vertex 52.5762332921088 351.142710277794 7.00129441370571
  endloop
endfacet
facet normal 6.81740242621776e-008 8.91059580737776e-007 -0.999999999999601
  outer loop
    vertex 50.0909143814017 351.142710277794 7.00128212247221
    vertex 52.5762332921088 351.142710277794 7.00129441370571
    vertex 50.0909143815055 333.426050191634 7.00124506169107
  endloop
endfacet
facet normal 6.81740242621776e-008 8.91059580737776e-007 -0.999999999999601
  outer loop
    vertex 50.0909143815055 333.426050191634 7.00124506169107
    vertex 52.5762332921088 351.142710277794 7.00129441370571
    vertex 50.09091438152 330.940731280888 7.00123986275065
  endloop
endfacet
facet normal 6.81740242621776e-008 8.91059580737776e-007 -0.999999999999601
  outer loop
    vertex 50.09091438152 330.940731280888 7.00123986275065
    vertex 52.5762332921088 351.142710277794 7.00129441370571
    vertex 50.0909143816238 313.224071194728 7.0012028019695
  endloop
endfacet
facet normal 6.81740242621776e-008 8.91059580737776e-007 -0.999999999999601
  outer loop
    vertex 52.5762332921088 351.142710277794 7.00129441370571
    vertex 72.3335746201369 353.183389392667 7.00130403486198
    vertex 53.8135714888986 351.020843102363 7.00130027807686
  endloop
endfacet
facet normal 6.81740242621776e-008 8.91059580737776e-007 -0.999999999999601
  outer loop
    vertex 53.8135714888986 351.020843102363 7.00130027807686
    vertex 72.3335746201369 353.183389392667 7.00130403486198
    vertex 55.0402899550063 350.818311063922 7.00130592118811
  endloop
endfacet
facet normal 6.81740242621776e-008 8.91059580737776e-007 -0.999999999999601
  outer loop
    vertex 55.0402899550063 350.818311063922 7.00130592118811
    vertex 72.3335746201369 353.183389392667 7.00130403486198
    vertex 56.2511356936307 350.535981435753 7.0013113188748
  endloop
endfacet
facet normal 6.81740242621776e-008 8.91059580737776e-007 -0.999999999999601
  outer loop
    vertex 56.2511356936307 350.535981435753 7.0013113188748
    vertex 72.3335746201369 353.183389392667 7.00130403486198
    vertex 57.4409236774266 350.175063196668 7.00131644802319
  endloop
endfacet
facet normal 6.81740242621776e-008 8.91059580737776e-007 -0.999999999999601
  outer loop
    vertex 57.4409236774266 350.175063196668 7.00131644802319
    vertex 72.3335746201369 353.183389392667 7.00130403486198
    vertex 58.6045590515878 349.737101853975 7.0013212866695
  endloop
endfacet
facet normal 6.81740242621776e-008 8.91059580737776e-007 -0.999999999999601
  outer loop
    vertex 58.6045590515878 349.737101853975 7.0013212866695
    vertex 72.3335746201369 353.183389392667 7.00130403486198
    vertex 59.7370589507976 349.223972825382 7.00132581409389
  endloop
endfacet
facet normal 6.81740242621776e-008 8.91059580737776e-007 -0.999999999999601
  outer loop
    vertex 59.7370589507976 349.223972825382 7.00132581409389
    vertex 72.3335746201369 353.183389392667 7.00130403486198
    vertex 65.0708316588557 350.446132516227 7.00135474904501
  endloop
endfacet
facet normal 6.81740242621776e-008 8.91059580737776e-007 -0.999999999999601
  outer loop
    vertex 59.7370589507976 349.223972825382 7.00132581409389
    vertex 65.0708316588557 350.446132516227 7.00135474904501
    vertex 60.833573836623 348.637873408165 7.00133001090923
  endloop
endfacet
facet normal 6.81740242621776e-008 8.91059580737776e-007 -0.999999999999601
  outer loop
    vertex 60.833573836623 348.637873408165 7.00133001090923
    vertex 65.0708316588557 350.446132516227 7.00135474904501
    vertex 61.8894082639829 347.981313370009 7.00133385914413
  endloop
endfacet
facet normal 6.81740242621776e-008 8.91059580737776e-007 -0.999999999999601
  outer loop
    vertex 61.8894082639829 347.981313370009 7.00133385914413
    vertex 65.0708316588557 350.446132516227 7.00135474904501
    vertex 62.9000409877648 347.257104201794 7.00133734231985
  endloop
endfacet
facet normal 6.81740242621776e-008 8.91059580737776e-007 -0.999999999999601
  outer loop
    vertex 62.9000409877648 347.257104201794 7.00133734231985
    vertex 65.0708316588557 350.446132516227 7.00135474904501
    vertex 63.8611443234902 346.468347078361 7.00134044552089
  endloop
endfacet
facet normal 6.81740242621776e-008 8.91059580737776e-007 -0.999999999999601
  outer loop
    vertex 63.8611443234902 346.468347078361 7.00134044552089
    vertex 65.0708316588557 350.446132516227 7.00135474904501
    vertex 64.2426107145276 347.355169872102 7.00134418718612
  endloop
endfacet
facet normal 6.81740242621776e-008 8.91059580737776e-007 -0.999999999999601
  outer loop
    vertex 65.0708316588557 350.446132516227 7.00135474904501
    vertex 72.3335746201369 353.183389392667 7.00130403486198
    vertex 68.1617943029807 351.274353460555 7.00137176803391
  endloop
endfacet
facet normal 6.81740242621776e-008 8.91059580737776e-007 -0.999999999999601
  outer loop
    vertex 68.1617943029807 351.274353460555 7.00137176803391
    vertex 72.3335746201369 353.183389392667 7.00130403486198
    vertex 70.4245360027777 349.011611760758 7.00137822516391
  endloop
endfacet
facet normal 6.81740242621776e-008 8.91059580737776e-007 -0.999999999999601
  outer loop
    vertex 70.4245360027777 349.011611760758 7.00137822516391
    vertex 72.3335746201369 353.183389392667 7.00130403486198
    vertex 70.4245366675956 315.355170396673 7.00130782058747
  endloop
endfacet
facet normal 6.81740242621776e-008 8.91059580737776e-007 -0.999999999999601
  outer loop
    vertex 30.3335746197336 311.183389563155 7.00126374704532
    vertex 34.5053528945309 313.09242801404 7.00112544763896
    vertex 72.3335964115554 311.183389563155 7.00124647776652
  endloop
endfacet
facet normal 6.81740242621776e-008 8.91059580737776e-007 -0.999999999999601
  outer loop
    vertex 34.5053528945309 313.09242801404 7.00112544763896
    vertex 30.3335746197336 311.183389563155 7.00126374704532
    vertex 32.242611194734 315.355169713837 7.00111899050895
  endloop
endfacet
facet normal 6.81740242621776e-008 8.91059580737776e-007 -0.999999999999601
  outer loop
    vertex 32.242611194734 315.355169713837 7.00111899050895
    vertex 30.3335746197336 311.183389563155 7.00126374704532
    vertex 30.333574620032 353.183390123093 7.00128103895386
  endloop
endfacet
facet normal 6.81740242621776e-008 8.91059580737776e-007 -0.999999999999601
  outer loop
    vertex 32.242611194734 315.355169713837 7.00111899050895
    vertex 30.333574620032 353.183390123093 7.00128103895386
    vertex 32.2426107145293 349.011611760757 7.00118939508774
  endloop
endfacet
facet normal 6.81740242621776e-008 8.91059580737776e-007 -0.999999999999601
  outer loop
    vertex 72.3335964115554 311.183389563155 7.00124647776652
    vertex 34.5053528945309 313.09242801404 7.00112544763896
    vertex 37.5963155386559 313.920648958368 7.00114246662785
  endloop
endfacet
facet normal 6.81740242621776e-008 8.91059580737776e-007 -0.999999999999601
  outer loop
    vertex 72.3335964115554 311.183389563155 7.00124647776652
    vertex 37.5963155386559 313.920648958368 7.00114246662785
    vertex 50.0909143816238 313.224071194728 7.0012028019695
  endloop
endfacet
facet normal 6.81740242621776e-008 8.91059580737776e-007 -0.999999999999601
  outer loop
    vertex 50.0909143816238 313.224071194728 7.0012028019695
    vertex 37.5963155386559 313.920648958368 7.00114246662785
    vertex 48.853576184834 313.345938370159 7.00119693759836
  endloop
endfacet
facet normal 6.81740242621776e-008 8.91059580737776e-007 -0.999999999999601
  outer loop
    vertex 48.853576184834 313.345938370159 7.00119693759836
    vertex 37.5963155386559 313.920648958368 7.00114246662785
    vertex 47.6268577187263 313.5484704086 7.00119129448711
  endloop
endfacet
facet normal 6.81740242621776e-008 8.91059580737776e-007 -0.999999999999601
  outer loop
    vertex 47.6268577187263 313.5484704086 7.00119129448711
    vertex 37.5963155386559 313.920648958368 7.00114246662785
    vertex 46.4160119801019 313.830800036769 7.00118589680042
  endloop
endfacet
facet normal 6.81740242621776e-008 8.91059580737776e-007 -0.999999999999601
  outer loop
    vertex 46.4160119801019 313.830800036769 7.00118589680042
    vertex 37.5963155386559 313.920648958368 7.00114246662785
    vertex 45.226223996306 314.191718275854 7.00118076765202
  endloop
endfacet
facet normal 6.81740242621776e-008 8.91059580737776e-007 -0.999999999999601
  outer loop
    vertex 45.226223996306 314.191718275854 7.00118076765202
    vertex 37.5963155386559 313.920648958368 7.00114246662785
    vertex 44.0625886221448 314.629679618547 7.00117592900572
  endloop
endfacet
facet normal 6.81740242621776e-008 8.91059580737776e-007 -0.999999999999601
  outer loop
    vertex 44.0625886221448 314.629679618547 7.00117592900572
    vertex 37.5963155386559 313.920648958368 7.00114246662785
    vertex 38.424536482984 317.011611602493 7.00115302848675
  endloop
endfacet
facet normal 6.81740242621776e-008 8.91059580737776e-007 -0.999999999999601
  outer loop
    vertex 44.0625886221448 314.629679618547 7.00117592900572
    vertex 38.424536482984 317.011611602493 7.00115302848675
    vertex 42.930088722935 315.142808647141 7.00117140158133
  endloop
endfacet
facet normal 6.81740242621776e-008 8.91059580737776e-007 -0.999999999999601
  outer loop
    vertex 42.930088722935 315.142808647141 7.00117140158133
    vertex 38.424536482984 317.011611602493 7.00115302848675
    vertex 41.8335738371095 315.728908064357 7.00116720476598
  endloop
endfacet
facet normal 6.81740242621776e-008 8.91059580737776e-007 -0.999999999999601
  outer loop
    vertex 41.8335738371095 315.728908064357 7.00116720476598
    vertex 38.424536482984 317.011611602493 7.00115302848675
    vertex 40.7777394097496 316.385468102513 7.00116335653108
  endloop
endfacet
facet normal 6.81740242621776e-008 8.91059580737776e-007 -0.999999999999601
  outer loop
    vertex 40.7777394097496 316.385468102513 7.00116335653108
    vertex 38.424536482984 317.011611602493 7.00115302848675
    vertex 39.7671066859677 317.109677270728 7.00115987335537
  endloop
endfacet
facet normal 6.81740242621776e-008 8.91059580737776e-007 -0.999999999999601
  outer loop
    vertex 39.7671066859677 317.109677270728 7.00115987335537
    vertex 38.424536482984 317.011611602493 7.00115302848675
    vertex 38.8060033502423 317.898434394161 7.00115677015433
  endloop
endfacet
facet normal 6.81740242621776e-008 8.91059580737776e-007 -0.999999999999601
  outer loop
    vertex 72.3335964115554 311.183389563155 7.00124647776652
    vertex 50.0909143816238 313.224071194728 7.0012028019695
    vertex 52.5762332923307 313.224071194728 7.001215093203
  endloop
endfacet
facet normal 6.81740242621776e-008 8.91059580737776e-007 -0.999999999999601
  outer loop
    vertex 52.5762332923307 313.224071194728 7.001215093203
    vertex 50.0909143816238 313.224071194728 7.0012028019695
    vertex 52.5762332922124 333.426050191634 7.00125735292457
  endloop
endfacet
facet normal 6.81740242621776e-008 8.91059580737776e-007 -0.999999999999601
  outer loop
    vertex 52.5762332922124 333.426050191634 7.00125735292457
    vertex 50.0909143816238 313.224071194728 7.0012028019695
    vertex 52.5762332921088 351.142710277794 7.00129441370571
  endloop
endfacet
facet normal 6.81740242621776e-008 8.91059580737776e-007 -0.999999999999601
  outer loop
    vertex 52.5762332923307 313.224071194728 7.001215093203
    vertex 52.5762332922124 333.426050191634 7.00125735292457
    vertex 52.576233292227 330.940731280888 7.00125215398415
  endloop
endfacet
facet normal 6.81740242621776e-008 8.91059580737776e-007 -0.999999999999601
  outer loop
    vertex 72.3335964115554 311.183389563155 7.00124647776652
    vertex 52.5762332923307 313.224071194728 7.001215093203
    vertex 53.8135714891191 313.345938370159 7.00122146743241
  endloop
endfacet
facet normal 6.81740242621776e-008 8.91059580737776e-007 -0.999999999999601
  outer loop
    vertex 72.3335964115554 311.183389563155 7.00124647776652
    vertex 53.8135714891191 313.345938370159 7.00122146743241
    vertex 55.0402899552244 313.5484704086 7.0012279578812
  endloop
endfacet
facet normal 6.81740242621776e-008 8.91059580737776e-007 -0.999999999999601
  outer loop
    vertex 72.3335964115554 311.183389563155 7.00124647776652
    vertex 55.0402899552244 313.5484704086 7.0012279578812
    vertex 56.2511356938455 313.830800036769 7.00123453675626
  endloop
endfacet
facet normal 6.81740242621776e-008 8.91059580737776e-007 -0.999999999999601
  outer loop
    vertex 72.3335964115554 311.183389563155 7.00124647776652
    vertex 56.2511356938455 313.830800036769 7.00123453675626
    vertex 57.4409236776371 314.191718275854 7.00124117588587
  endloop
endfacet
facet normal 6.81740242621776e-008 8.91059580737776e-007 -0.999999999999601
  outer loop
    vertex 72.3335964115554 311.183389563155 7.00124647776652
    vertex 57.4409236776371 314.191718275854 7.00124117588587
    vertex 58.6045590517932 314.629679618547 7.00124784684022
  endloop
endfacet
facet normal 6.81740242621776e-008 8.91059580737776e-007 -0.999999999999601
  outer loop
    vertex 72.3335964115554 311.183389563155 7.00124647776652
    vertex 58.6045590517932 314.629679618547 7.00124784684022
    vertex 59.737058950997 315.14280864714 7.00125452105329
  endloop
endfacet
facet normal 6.81740242621776e-008 8.91059580737776e-007 -0.999999999999601
  outer loop
    vertex 72.3335964115554 311.183389563155 7.00124647776652
    vertex 59.737058950997 315.14280864714 7.00125452105329
    vertex 65.0708326415479 313.920648454881 7.0012783428331
  endloop
endfacet
facet normal 6.81740242621776e-008 8.91059580737776e-007 -0.999999999999601
  outer loop
    vertex 65.0708326415479 313.920648454881 7.0012783428331
    vertex 59.737058950997 315.14280864714 7.00125452105329
    vertex 60.8335738368156 315.728908064357 7.00126116994506
  endloop
endfacet
facet normal 6.81740242621776e-008 8.91059580737776e-007 -0.999999999999601
  outer loop
    vertex 65.0708326415479 313.920648454881 7.0012783428331
    vertex 60.8335738368156 315.728908064357 7.00126116994506
    vertex 61.8894082641679 316.385468102513 7.00126776504396
  endloop
endfacet
facet normal 6.81740242621776e-008 8.91059580737776e-007 -0.999999999999601
  outer loop
    vertex 65.0708326415479 313.920648454881 7.0012783428331
    vertex 61.8894082641679 316.385468102513 7.00126776504396
    vertex 62.9000409879413 317.109677270728 7.00127427810875
  endloop
endfacet
facet normal 6.81740242621776e-008 8.91059580737776e-007 -0.999999999999601
  outer loop
    vertex 65.0708326415479 313.920648454881 7.0012783428331
    vertex 62.9000409879413 317.109677270728 7.00127427810875
    vertex 63.8611443236574 317.898434394161 7.00128068124951
  endloop
endfacet
facet normal 6.81740242621776e-008 8.91059580737776e-007 -0.999999999999601
  outer loop
    vertex 65.0708326415479 313.920648454881 7.0012783428331
    vertex 63.8611443236574 317.898434394161 7.00128068124951
    vertex 64.2426110122964 317.011610915482 7.00128071269566
  endloop
endfacet
facet normal 6.81740242621776e-008 8.91059580737776e-007 -0.999999999999601
  outer loop
    vertex 72.3335964115554 311.183389563155 7.00124647776652
    vertex 65.0708326415479 313.920648454881 7.0012783428331
    vertex 68.1617954691976 313.092428195477 7.00129189677901
  endloop
endfacet
facet normal 6.81740242621776e-008 8.91059580737776e-007 -0.999999999999601
  outer loop
    vertex 72.3335964115554 311.183389563155 7.00124647776652
    vertex 68.1617954691976 313.092428195477 7.00129189677901
    vertex 70.4245366675956 315.355170396673 7.00130782058747
  endloop
endfacet
facet normal 6.81740242621776e-008 8.91059580737776e-007 -0.999999999999601
  outer loop
    vertex 72.3335964115554 311.183389563155 7.00124647776652
    vertex 70.4245366675956 315.355170396673 7.00130782058747
    vertex 72.3335746201369 353.183389392667 7.00130403486198
  endloop
endfacet
facet normal 6.81740242621776e-008 8.91059580737776e-007 -0.999999999999601
  outer loop
    vertex 64.7686026792815 318.748361893717 7.00128694704699
    vertex 64.2426110122964 317.011610915482 7.00128071269566
    vertex 63.8611443236574 317.898434394161 7.00128068124951
  endloop
endfacet
facet normal 6.81740242621776e-008 8.91059580737776e-007 -0.999999999999601
  outer loop
    vertex 64.2426110122964 317.011610915482 7.00128071269566
    vertex 64.7686026792815 318.748361893717 7.00128694704699
    vertex 66.5053522106945 319.274353116677 7.00129663650413
  endloop
endfacet
facet normal 6.81740242621776e-008 8.91059580737776e-007 -0.999999999999601
  outer loop
    vertex 66.5053522106945 319.274353116677 7.00129663650413
    vertex 64.7686026792815 318.748361893717 7.00128694704699
    vertex 65.6185301788192 319.65582024936 7.00129304867009
  endloop
endfacet
facet normal 6.81740242621776e-008 8.91059580737776e-007 -0.999999999999601
  outer loop
    vertex 66.5053522106945 319.274353116677 7.00129663650413
    vertex 65.6185301788192 319.65582024936 7.00129304867009
    vertex 66.4072873022343 320.616923585095 7.00129895999072
  endloop
endfacet
facet normal 6.81740242621776e-008 8.91059580737776e-007 -0.999999999999601
  outer loop
    vertex 66.5053522106945 319.274353116677 7.00129663650413
    vertex 66.4072873022343 320.616923585095 7.00129895999072
    vertex 67.131496470432 321.627556308889 7.00130465569571
  endloop
endfacet
facet normal 6.81740242621776e-008 8.91059580737776e-007 -0.999999999999601
  outer loop
    vertex 66.5053522106945 319.274353116677 7.00129663650413
    vertex 67.131496470432 321.627556308889 7.00130465569571
    vertex 69.5963150383441 318.446132857273 7.00131019045003
  endloop
endfacet
facet normal 6.81740242621776e-008 8.91059580737776e-007 -0.999999999999601
  outer loop
    vertex 69.5963150383441 318.446132857273 7.00131019045003
    vertex 67.131496470432 321.627556308889 7.00130465569571
    vertex 67.7880565085717 322.683390736261 7.00131011139516
  endloop
endfacet
facet normal 6.81740242621776e-008 8.91059580737776e-007 -0.999999999999601
  outer loop
    vertex 69.5963150383441 318.446132857273 7.00131019045003
    vertex 67.7880565085717 322.683390736261 7.00131011139516
    vertex 68.374155925773 323.7799056221 7.00131530372694
  endloop
endfacet
facet normal 6.81740242621776e-008 8.91059580737776e-007 -0.999999999999601
  outer loop
    vertex 69.5963150383441 318.446132857273 7.00131019045003
    vertex 68.374155925773 323.7799056221 7.00131530372694
    vertex 68.8872849543518 324.912405521324 7.00132021045668
  endloop
endfacet
facet normal 6.81740242621776e-008 8.91059580737776e-007 -0.999999999999601
  outer loop
    vertex 69.5963150383441 318.446132857273 7.00131019045003
    vertex 68.8872849543518 324.912405521324 7.00132021045668
    vertex 69.3252462970307 326.076040895501 7.001324810573
  endloop
endfacet
facet normal 6.81740242621776e-008 8.91059580737776e-007 -0.999999999999601
  outer loop
    vertex 69.5963150383441 318.446132857273 7.00131019045003
    vertex 69.3252462970307 326.076040895501 7.001324810573
    vertex 69.6861645361035 327.265828879313 7.00132908437752
  endloop
endfacet
facet normal 6.81740242621776e-008 8.91059580737776e-007 -0.999999999999601
  outer loop
    vertex 69.5963150383441 318.446132857273 7.00131019045003
    vertex 69.6861645361035 327.265828879313 7.00132908437752
    vertex 70.4245366675956 315.355170396673 7.00130782058747
  endloop
endfacet
facet normal 6.81740242621776e-008 8.91059580737776e-007 -0.999999999999601
  outer loop
    vertex 70.4245366675956 315.355170396673 7.00130782058747
    vertex 69.6861645361035 327.265828879313 7.00132908437752
    vertex 69.9684941642611 328.476674617954 7.00133301356914
  endloop
endfacet
facet normal 6.81740242621776e-008 8.91059580737776e-007 -0.999999999999601
  outer loop
    vertex 70.4245366675956 315.355170396673 7.00130782058747
    vertex 69.9684941642611 328.476674617954 7.00133301356914
    vertex 70.1710262026918 329.70339308408 7.00133658132246
  endloop
endfacet
facet normal 6.81740242621776e-008 8.91059580737776e-007 -0.999999999999601
  outer loop
    vertex 70.4245366675956 315.355170396673 7.00130782058747
    vertex 70.1710262026918 329.70339308408 7.00133658132246
    vertex 70.2928933781138 330.940731280888 7.00133977235981
  endloop
endfacet
facet normal 6.81740242621776e-008 8.91059580737776e-007 -0.999999999999601
  outer loop
    vertex 70.4245366675956 315.355170396673 7.00130782058747
    vertex 70.2928933781138 330.940731280888 7.00133977235981
    vertex 70.4245360027777 349.011611760758 7.00137822516391
  endloop
endfacet
facet normal 6.81740242621776e-008 8.91059580737776e-007 -0.999999999999601
  outer loop
    vertex 70.2928933780992 333.426050191634 7.00134497130023
    vertex 52.576233292227 330.940731280888 7.00125215398415
    vertex 52.5762332922124 333.426050191634 7.00125735292457
  endloop
endfacet
facet normal 6.81740242621776e-008 8.91059580737776e-007 -0.999999999999601
  outer loop
    vertex 52.576233292227 330.940731280888 7.00125215398415
    vertex 70.2928933780992 333.426050191634 7.00134497130023
    vertex 70.2928933781138 330.940731280888 7.00133977235981
  endloop
endfacet
facet normal 6.81740242621776e-008 8.91059580737776e-007 -0.999999999999601
  outer loop
    vertex 32.242611194734 315.355169713837 7.00111899050895
    vertex 32.3742542956332 330.940731280889 7.00115224437498
    vertex 33.070832139062 318.446132357961 7.00112955236785
  endloop
endfacet
facet normal 6.81740242621776e-008 8.91059580737776e-007 -0.999999999999601
  outer loop
    vertex 32.3742542956332 330.940731280889 7.00115224437498
    vertex 32.242611194734 315.355169713837 7.00111899050895
    vertex 32.3742542956186 333.426050191634 7.0011574433154
  endloop
endfacet
facet normal 6.81740242621776e-008 8.91059580737776e-007 -0.999999999999601
  outer loop
    vertex 33.070832139062 318.446132357961 7.00112955236785
    vertex 32.3742542956332 330.940731280889 7.00115224437498
    vertex 32.4961214710696 329.70339308408 7.00115025873457
  endloop
endfacet
facet normal 6.81740242621776e-008 8.91059580737776e-007 -0.999999999999601
  outer loop
    vertex 33.070832139062 318.446132357961 7.00112955236785
    vertex 32.4961214710696 329.70339308408 7.00115025873457
    vertex 32.6986535095147 328.476674617955 7.00114869424012
  endloop
endfacet
facet normal 6.81740242621776e-008 8.91059580737776e-007 -0.999999999999601
  outer loop
    vertex 33.070832139062 318.446132357961 7.00112955236785
    vertex 32.6986535095147 328.476674617955 7.00114869424012
    vertex 32.9809831376865 327.265828879314 7.00114755759104
  endloop
endfacet
facet normal 6.81740242621776e-008 8.91059580737776e-007 -0.999999999999601
  outer loop
    vertex 33.070832139062 318.446132357961 7.00112955236785
    vertex 32.9809831376865 327.265828879314 7.00114755759104
    vertex 33.3419013767732 326.076040895501 7.00114685365462
  endloop
endfacet
facet normal 6.81740242621776e-008 8.91059580737776e-007 -0.999999999999601
  outer loop
    vertex 33.070832139062 318.446132357961 7.00112955236785
    vertex 33.3419013767732 326.076040895501 7.00114685365462
    vertex 33.7798627194658 324.912405521325 7.00114658544524
  endloop
endfacet
facet normal 6.81740242621776e-008 8.91059580737776e-007 -0.999999999999601
  outer loop
    vertex 33.070832139062 318.446132357961 7.00112955236785
    vertex 33.7798627194658 324.912405521325 7.00114658544524
    vertex 36.1617947831871 319.27435330229 7.00114657135674
  endloop
endfacet
facet normal 6.81740242621776e-008 8.91059580737776e-007 -0.999999999999601
  outer loop
    vertex 36.1617947831871 319.27435330229 7.00114657135674
    vertex 33.7798627194658 324.912405521325 7.00114658544524
    vertex 34.2929917480578 323.7799056221 7.0011467541114
  endloop
endfacet
facet normal 6.81740242621776e-008 8.91059580737776e-007 -0.999999999999601
  outer loop
    vertex 36.1617947831871 319.27435330229 7.00114657135674
    vertex 34.2929917480578 323.7799056221 7.0011467541114
    vertex 34.879091165272 322.683390736261 7.00114735893086
  endloop
endfacet
facet normal 6.81740242621776e-008 8.91059580737776e-007 -0.999999999999601
  outer loop
    vertex 36.1617947831871 319.27435330229 7.00114657135674
    vertex 34.879091165272 322.683390736261 7.00114735893086
    vertex 35.535651203424 321.627556308889 7.00114839731367
  endloop
endfacet
facet normal 6.81740242621776e-008 8.91059580737776e-007 -0.999999999999601
  outer loop
    vertex 36.1617947831871 319.27435330229 7.00114657135674
    vertex 35.535651203424 321.627556308889 7.00114839731367
    vertex 36.2598603716336 320.616923585096 7.00114986481334
  endloop
endfacet
facet normal 6.81740242621776e-008 8.91059580737776e-007 -0.999999999999601
  outer loop
    vertex 36.1617947831871 319.27435330229 7.00114657135674
    vertex 36.2598603716336 320.616923585096 7.00114986481334
    vertex 38.424536482984 317.011611602493 7.00115302848675
  endloop
endfacet
facet normal 6.81740242621776e-008 8.91059580737776e-007 -0.999999999999601
  outer loop
    vertex 38.424536482984 317.011611602493 7.00115302848675
    vertex 36.2598603716336 320.616923585096 7.00114986481334
    vertex 37.0486174950599 319.65582024936 7.00115175514579
  endloop
endfacet
facet normal 6.81740242621776e-008 8.91059580737776e-007 -0.999999999999601
  outer loop
    vertex 38.424536482984 317.011611602493 7.00115302848675
    vertex 37.0486174950599 319.65582024936 7.00115175514579
    vertex 37.8985449946083 318.748361893717 7.00115406021635
  endloop
endfacet
facet normal 6.81740242621776e-008 8.91059580737776e-007 -0.999999999999601
  outer loop
    vertex 38.424536482984 317.011611602493 7.00115302848675
    vertex 37.8985449946083 318.748361893717 7.00115406021635
    vertex 38.8060033502423 317.898434394161 7.00115677015433
  endloop
endfacet
facet normal 6.81740242621776e-008 8.91059580737776e-007 -0.999999999999601
  outer loop
    vertex 50.0909143815055 333.426050191634 7.00124506169107
    vertex 32.3742542956332 330.940731280889 7.00115224437498
    vertex 32.3742542956186 333.426050191634 7.0011574433154
  endloop
endfacet
facet normal 6.81740242621776e-008 8.91059580737776e-007 -0.999999999999601
  outer loop
    vertex 32.3742542956332 330.940731280889 7.00115224437498
    vertex 50.0909143815055 333.426050191634 7.00124506169107
    vertex 50.09091438152 330.940731280888 7.00123986275065
  endloop
endfacet
facet normal 6.81740242621776e-008 8.91059580737776e-007 -0.999999999999601
  outer loop
    vertex 32.2426107145293 349.011611760757 7.00118939508774
    vertex 32.3742542956186 333.426050191634 7.0011574433154
    vertex 32.242611194734 315.355169713837 7.00111899050895
  endloop
endfacet
facet normal 6.81740242621776e-008 8.91059580737776e-007 -0.999999999999601
  outer loop
    vertex 32.3742542956186 333.426050191634 7.0011574433154
    vertex 32.2426107145293 349.011611760757 7.00118939508774
    vertex 33.0708316588574 345.920649116632 7.0011870252214
  endloop
endfacet
facet normal 6.81740242621776e-008 8.91059580737776e-007 -0.999999999999601
  outer loop
    vertex 32.3742542956186 333.426050191634 7.0011574433154
    vertex 33.0708316588574 345.920649116632 7.0011870252214
    vertex 32.4961214710406 334.663388388442 7.00116063435275
  endloop
endfacet
facet normal 6.81740242621776e-008 8.91059580737776e-007 -0.999999999999601
  outer loop
    vertex 32.4961214710406 334.663388388442 7.00116063435275
    vertex 33.0708316588574 345.920649116632 7.0011870252214
    vertex 32.6986535094713 335.890106854568 7.00116420210607
  endloop
endfacet
facet normal 6.81740242621776e-008 8.91059580737776e-007 -0.999999999999601
  outer loop
    vertex 32.6986535094713 335.890106854568 7.00116420210607
    vertex 33.0708316588574 345.920649116632 7.0011870252214
    vertex 32.9809831376289 337.100952593209 7.00116813129769
  endloop
endfacet
facet normal 6.81740242621776e-008 8.91059580737776e-007 -0.999999999999601
  outer loop
    vertex 32.9809831376289 337.100952593209 7.00116813129769
    vertex 33.0708316588574 345.920649116632 7.0011870252214
    vertex 33.3419013767016 338.290740577021 7.00117240510221
  endloop
endfacet
facet normal 6.81740242621776e-008 8.91059580737776e-007 -0.999999999999601
  outer loop
    vertex 33.3419013767016 338.290740577021 7.00117240510221
    vertex 33.0708316588574 345.920649116632 7.0011870252214
    vertex 33.7798627193806 339.454375951198 7.00117700521854
  endloop
endfacet
facet normal 6.81740242621776e-008 8.91059580737776e-007 -0.999999999999601
  outer loop
    vertex 33.7798627193806 339.454375951198 7.00117700521854
    vertex 33.0708316588574 345.920649116632 7.0011870252214
    vertex 36.1617943029824 345.092428172304 7.00120057916497
  endloop
endfacet
facet normal 6.81740242621776e-008 8.91059580737776e-007 -0.999999999999601
  outer loop
    vertex 33.7798627193806 339.454375951198 7.00117700521854
    vertex 36.1617943029824 345.092428172304 7.00120057916497
    vertex 34.2929917479595 340.586875850422 7.00118191194828
  endloop
endfacet
facet normal 6.81740242621776e-008 8.91059580737776e-007 -0.999999999999601
  outer loop
    vertex 34.2929917479595 340.586875850422 7.00118191194828
    vertex 36.1617943029824 345.092428172304 7.00120057916497
    vertex 34.8790911651607 341.683390736261 7.00118710428006
  endloop
endfacet
facet normal 6.81740242621776e-008 8.91059580737776e-007 -0.999999999999601
  outer loop
    vertex 34.8790911651607 341.683390736261 7.00118710428006
    vertex 36.1617943029824 345.092428172304 7.00120057916497
    vertex 35.5356512033003 342.739225163634 7.00119255997951
  endloop
endfacet
facet normal 6.81740242621776e-008 8.91059580737776e-007 -0.999999999999601
  outer loop
    vertex 35.5356512033003 342.739225163634 7.00119255997951
    vertex 36.1617943029824 345.092428172304 7.00120057916497
    vertex 36.2598603714981 343.749857887427 7.00119825568449
  endloop
endfacet
facet normal 6.81740242621776e-008 8.91059580737776e-007 -0.999999999999601
  outer loop
    vertex 36.2598603714981 343.749857887427 7.00119825568449
    vertex 36.1617943029824 345.092428172304 7.00120057916497
    vertex 38.4245360027793 347.355169872101 7.00121650297487
  endloop
endfacet
facet normal 6.81740242621776e-008 8.91059580737776e-007 -0.999999999999601
  outer loop
    vertex 36.2598603714981 343.749857887427 7.00119825568449
    vertex 38.4245360027793 347.355169872101 7.00121650297487
    vertex 37.0486174949132 344.710961223162 7.00120416700512
  endloop
endfacet
facet normal 6.81740242621776e-008 8.91059580737776e-007 -0.999999999999601
  outer loop
    vertex 37.0486174949132 344.710961223162 7.00120416700512
    vertex 38.4245360027793 347.355169872101 7.00121650297487
    vertex 37.8985449944509 345.618419578805 7.00121026862822
  endloop
endfacet
facet normal 6.81740242621776e-008 8.91059580737776e-007 -0.999999999999601
  outer loop
    vertex 37.8985449944509 345.618419578805 7.00121026862822
    vertex 38.4245360027793 347.355169872101 7.00121650297487
    vertex 38.806003350075 346.468347078362 7.00121653442571
  endloop
endfacet
facet normal 0.999999999999857 5.2781316979394e-007 8.24194717149428e-008
  outer loop
    vertex 72.3335746201369 353.183389392667 7.00130403486198
    vertex 72.3335964995154 311.183390097791 10.4012915208401
    vertex 72.3335964115554 311.183389563155 7.00124647776652
  endloop
endfacet
facet normal 0.999999999999857 5.2781316979394e-007 8.24194717149428e-008
  outer loop
    vertex 72.3335964995154 311.183390097791 10.4012915208401
    vertex 72.3335746201369 353.183389392667 7.00130403486198
    vertex 72.3335739546219 353.183390097783 10.4013040348627
  endloop
endfacet
facet normal -0.999999999999989 -2.86016652631066e-009 -1.46497862504197e-007
  outer loop
    vertex 30.3335741950711 311.183389857238 10.4012846539116
    vertex 30.333574620032 353.183390123093 7.00128103895386
    vertex 30.3335746197336 311.183389563155 7.00126374704532
  endloop
endfacet
facet normal -0.999999999999989 -2.86016652631066e-009 -1.46497862504197e-007
  outer loop
    vertex 30.333574620032 353.183390123093 7.00128103895386
    vertex 30.3335741950711 311.183389857238 10.4012846539116
    vertex 30.3335739545167 353.183390828209 10.4012810389542
  endloop
endfacet
facet normal 2.86371963295562e-009 -1.0 -3.00687720978508e-008
  outer loop
    vertex 72.3335964995154 311.183390097791 10.4012915208401
    vertex 30.3335746197336 311.183389563155 7.00126374704532
    vertex 72.3335964115554 311.183389563155 7.00124647776652
  endloop
endfacet
facet normal 2.86371963295562e-009 -1.0 -3.00687720978508e-008
  outer loop
    vertex 30.3335746197336 311.183389563155 7.00126374704532
    vertex 72.3335964995154 311.183390097791 10.4012915208401
    vertex 30.3335741950711 311.183389857238 10.4012846539116
  endloop
endfacet
endsolid Remix of isaac879 Pan Tilt Camera Mount
