solid Remix of isaac879 Pan Tilt Camera Mount
facet normal 0.0 -1.0 0.0
  outer loop
    vertex 22.9054667000102 32.1370350605597 -54.1000000262632
    vertex 19.7300467000097 32.1370350605597 -51.7000000262639
    vertex 19.7300467000102 32.1370350605597 -54.1000000262639
  endloop
endfacet
facet normal 0.0 -1.0 0.0
  outer loop
    vertex 19.7300467000097 32.1370350605597 -51.7000000262639
    vertex 22.9054667000102 32.1370350605597 -54.1000000262632
    vertex 22.9054667000097 32.1370350605597 -51.7000000262632
  endloop
endfacet
facet normal 0.866024482002783 0.500001596569262 1.87222083830452e-013
  outer loop
    vertex 18.1423267000102 29.3870350605597 -54.1000000262643
    vertex 19.7300467000097 26.6370350605597 -51.7000000262639
    vertex 19.7300467000102 26.6370350605597 -54.1000000262639
  endloop
endfacet
facet normal 0.866024482002783 0.500001596569262 1.87222083830452e-013
  outer loop
    vertex 19.7300467000097 26.6370350605597 -51.7000000262639
    vertex 18.1423267000102 29.3870350605597 -54.1000000262643
    vertex 18.1423267000097 29.3870350605597 -51.7000000262643
  endloop
endfacet
facet normal 0.866024482002786 -0.500001596569257 1.87246371542505e-013
  outer loop
    vertex 19.7300467000102 32.1370350605597 -54.1000000262639
    vertex 18.1423267000097 29.3870350605597 -51.7000000262643
    vertex 18.1423267000102 29.3870350605597 -54.1000000262643
  endloop
endfacet
facet normal 0.866024482002786 -0.500001596569257 1.87246371542505e-013
  outer loop
    vertex 18.1423267000097 29.3870350605597 -51.7000000262643
    vertex 19.7300467000102 32.1370350605597 -54.1000000262639
    vertex 19.7300467000097 32.1370350605597 -51.7000000262639
  endloop
endfacet
facet normal 2.15502335376407e-013 0.0 -1.0
  outer loop
    vertex 19.7300467000097 32.1370350605597 -51.7000000262639
    vertex 19.7177567000096 29.3870350605597 -51.7000000262639
    vertex 18.1423267000097 29.3870350605597 -51.7000000262643
  endloop
endfacet
facet normal 2.15502335376407e-013 0.0 -1.0
  outer loop
    vertex 19.7177567000096 29.3870350605597 -51.7000000262639
    vertex 19.7300467000097 32.1370350605597 -51.7000000262639
    vertex 19.7420667000096 29.6648750605597 -51.7000000262639
  endloop
endfacet
facet normal 2.15502335376407e-013 0.0 -1.0
  outer loop
    vertex 19.7420667000096 29.6648750605597 -51.7000000262639
    vertex 19.7300467000097 32.1370350605597 -51.7000000262639
    vertex 19.8142467000097 29.9342650605597 -51.7000000262639
  endloop
endfacet
facet normal 2.15502335376407e-013 0.0 -1.0
  outer loop
    vertex 19.8142467000097 29.9342650605597 -51.7000000262639
    vertex 19.7300467000097 32.1370350605597 -51.7000000262639
    vertex 19.9321167000096 30.1870350605597 -51.7000000262639
  endloop
endfacet
facet normal 2.15502335376407e-013 0.0 -1.0
  outer loop
    vertex 19.9321167000096 30.1870350605597 -51.7000000262639
    vertex 19.7300467000097 32.1370350605597 -51.7000000262639
    vertex 20.0920867000097 30.4154950605597 -51.7000000262639
  endloop
endfacet
facet normal 2.15502335376407e-013 0.0 -1.0
  outer loop
    vertex 20.0920867000097 30.4154950605597 -51.7000000262639
    vertex 19.7300467000097 32.1370350605597 -51.7000000262639
    vertex 20.2892967000097 30.6127050605597 -51.7000000262638
  endloop
endfacet
facet normal 2.15502335376407e-013 0.0 -1.0
  outer loop
    vertex 20.2892967000097 30.6127050605597 -51.7000000262638
    vertex 19.7300467000097 32.1370350605597 -51.7000000262639
    vertex 20.5177567000096 30.7726750605597 -51.7000000262638
  endloop
endfacet
facet normal 2.15502335376407e-013 0.0 -1.0
  outer loop
    vertex 20.5177567000096 30.7726750605597 -51.7000000262638
    vertex 19.7300467000097 32.1370350605597 -51.7000000262639
    vertex 22.9054667000097 32.1370350605597 -51.7000000262632
  endloop
endfacet
facet normal 2.15502335376407e-013 0.0 -1.0
  outer loop
    vertex 20.5177567000096 30.7726750605597 -51.7000000262638
    vertex 22.9054667000097 32.1370350605597 -51.7000000262632
    vertex 20.7705267000096 30.8905450605597 -51.7000000262637
  endloop
endfacet
facet normal 2.15502335376407e-013 0.0 -1.0
  outer loop
    vertex 20.7705267000096 30.8905450605597 -51.7000000262637
    vertex 22.9054667000097 32.1370350605597 -51.7000000262632
    vertex 21.0399167000097 30.9627250605597 -51.7000000262637
  endloop
endfacet
facet normal 2.15502335376407e-013 0.0 -1.0
  outer loop
    vertex 21.0399167000097 30.9627250605597 -51.7000000262637
    vertex 22.9054667000097 32.1370350605597 -51.7000000262632
    vertex 21.3177567000096 30.9870350605597 -51.7000000262636
  endloop
endfacet
facet normal 2.15502335376407e-013 0.0 -1.0
  outer loop
    vertex 21.3177567000096 30.9870350605597 -51.7000000262636
    vertex 22.9054667000097 32.1370350605597 -51.7000000262632
    vertex 21.5955967000097 30.9627250605597 -51.7000000262635
  endloop
endfacet
facet normal 2.15502335376407e-013 0.0 -1.0
  outer loop
    vertex 21.5955967000097 30.9627250605597 -51.7000000262635
    vertex 22.9054667000097 32.1370350605597 -51.7000000262632
    vertex 21.8649867000097 30.8905450605597 -51.7000000262635
  endloop
endfacet
facet normal 2.15502335376407e-013 0.0 -1.0
  outer loop
    vertex 21.8649867000097 30.8905450605597 -51.7000000262635
    vertex 22.9054667000097 32.1370350605597 -51.7000000262632
    vertex 22.1177567000097 30.7726750605597 -51.7000000262634
  endloop
endfacet
facet normal 2.15502335376407e-013 0.0 -1.0
  outer loop
    vertex 22.1177567000097 30.7726750605597 -51.7000000262634
    vertex 22.9054667000097 32.1370350605597 -51.7000000262632
    vertex 22.3462167000096 30.6127050605597 -51.7000000262634
  endloop
endfacet
facet normal 2.15502335376407e-013 0.0 -1.0
  outer loop
    vertex 22.3462167000096 30.6127050605597 -51.7000000262634
    vertex 22.9054667000097 32.1370350605597 -51.7000000262632
    vertex 22.5434267000097 30.4154950605597 -51.7000000262633
  endloop
endfacet
facet normal 2.15502335376407e-013 0.0 -1.0
  outer loop
    vertex 22.5434267000097 30.4154950605597 -51.7000000262633
    vertex 22.9054667000097 32.1370350605597 -51.7000000262632
    vertex 22.7033967000096 30.1870350605597 -51.7000000262633
  endloop
endfacet
facet normal 2.15502335376407e-013 0.0 -1.0
  outer loop
    vertex 22.7033967000096 30.1870350605597 -51.7000000262633
    vertex 22.9054667000097 32.1370350605597 -51.7000000262632
    vertex 22.8212667000096 29.9342650605597 -51.7000000262633
  endloop
endfacet
facet normal 2.15502335376407e-013 0.0 -1.0
  outer loop
    vertex 22.8212667000096 29.9342650605597 -51.7000000262633
    vertex 22.9054667000097 32.1370350605597 -51.7000000262632
    vertex 22.8934467000097 29.6648750605597 -51.7000000262632
  endloop
endfacet
facet normal 2.15502335376407e-013 0.0 -1.0
  outer loop
    vertex 22.8934467000097 29.6648750605597 -51.7000000262632
    vertex 22.9054667000097 32.1370350605597 -51.7000000262632
    vertex 22.9177567000097 29.3870350605597 -51.7000000262632
  endloop
endfacet
facet normal 2.15502335376407e-013 0.0 -1.0
  outer loop
    vertex 22.9177567000097 29.3870350605597 -51.7000000262632
    vertex 22.9054667000097 32.1370350605597 -51.7000000262632
    vertex 24.4931867000097 29.3870350605597 -51.7000000262629
  endloop
endfacet
facet normal 2.15502335376407e-013 0.0 -1.0
  outer loop
    vertex 19.7177567000096 29.3870350605597 -51.7000000262639
    vertex 19.7300467000097 26.6370350605597 -51.7000000262639
    vertex 18.1423267000097 29.3870350605597 -51.7000000262643
  endloop
endfacet
facet normal 2.15502335376407e-013 0.0 -1.0
  outer loop
    vertex 19.7300467000097 26.6370350605597 -51.7000000262639
    vertex 19.7177567000096 29.3870350605597 -51.7000000262639
    vertex 19.7420667000096 29.1091950605597 -51.7000000262639
  endloop
endfacet
facet normal 2.15502335376407e-013 0.0 -1.0
  outer loop
    vertex 19.7300467000097 26.6370350605597 -51.7000000262639
    vertex 19.7420667000096 29.1091950605597 -51.7000000262639
    vertex 19.8142467000097 28.8398050605597 -51.7000000262639
  endloop
endfacet
facet normal 2.15502335376407e-013 0.0 -1.0
  outer loop
    vertex 19.7300467000097 26.6370350605597 -51.7000000262639
    vertex 19.8142467000097 28.8398050605597 -51.7000000262639
    vertex 19.9321167000096 28.5870350605597 -51.7000000262639
  endloop
endfacet
facet normal 2.15502335376407e-013 0.0 -1.0
  outer loop
    vertex 19.7300467000097 26.6370350605597 -51.7000000262639
    vertex 19.9321167000096 28.5870350605597 -51.7000000262639
    vertex 20.0920867000097 28.3585750605597 -51.7000000262639
  endloop
endfacet
facet normal 2.15502335376407e-013 0.0 -1.0
  outer loop
    vertex 19.7300467000097 26.6370350605597 -51.7000000262639
    vertex 20.0920867000097 28.3585750605597 -51.7000000262639
    vertex 20.2892967000097 28.1613650605597 -51.7000000262638
  endloop
endfacet
facet normal 2.15502335376407e-013 0.0 -1.0
  outer loop
    vertex 19.7300467000097 26.6370350605597 -51.7000000262639
    vertex 20.2892967000097 28.1613650605597 -51.7000000262638
    vertex 20.5177567000096 28.0013950605597 -51.7000000262638
  endloop
endfacet
facet normal 2.15502335376407e-013 0.0 -1.0
  outer loop
    vertex 19.7300467000097 26.6370350605597 -51.7000000262639
    vertex 20.5177567000096 28.0013950605597 -51.7000000262638
    vertex 22.9054667000097 26.6370350605597 -51.7000000262632
  endloop
endfacet
facet normal 2.15502335376407e-013 0.0 -1.0
  outer loop
    vertex 22.9054667000097 26.6370350605597 -51.7000000262632
    vertex 20.5177567000096 28.0013950605597 -51.7000000262638
    vertex 20.7705267000096 27.8835250605597 -51.7000000262637
  endloop
endfacet
facet normal 2.15502335376407e-013 0.0 -1.0
  outer loop
    vertex 22.9054667000097 26.6370350605597 -51.7000000262632
    vertex 20.7705267000096 27.8835250605597 -51.7000000262637
    vertex 21.0399167000097 27.8113450605597 -51.7000000262637
  endloop
endfacet
facet normal 2.15502335376407e-013 0.0 -1.0
  outer loop
    vertex 22.9054667000097 26.6370350605597 -51.7000000262632
    vertex 21.0399167000097 27.8113450605597 -51.7000000262637
    vertex 21.3177567000096 27.7870350605597 -51.7000000262636
  endloop
endfacet
facet normal 2.15502335376407e-013 0.0 -1.0
  outer loop
    vertex 22.9054667000097 26.6370350605597 -51.7000000262632
    vertex 21.3177567000096 27.7870350605597 -51.7000000262636
    vertex 21.5955967000097 27.8113450605597 -51.7000000262635
  endloop
endfacet
facet normal 2.15502335376407e-013 0.0 -1.0
  outer loop
    vertex 22.9054667000097 26.6370350605597 -51.7000000262632
    vertex 21.5955967000097 27.8113450605597 -51.7000000262635
    vertex 21.8649867000097 27.8835250605597 -51.7000000262635
  endloop
endfacet
facet normal 2.15502335376407e-013 0.0 -1.0
  outer loop
    vertex 22.9054667000097 26.6370350605597 -51.7000000262632
    vertex 21.8649867000097 27.8835250605597 -51.7000000262635
    vertex 22.1177567000097 28.0013950605597 -51.7000000262634
  endloop
endfacet
facet normal 2.15502335376407e-013 0.0 -1.0
  outer loop
    vertex 22.9054667000097 26.6370350605597 -51.7000000262632
    vertex 22.1177567000097 28.0013950605597 -51.7000000262634
    vertex 22.3462167000096 28.1613650605597 -51.7000000262634
  endloop
endfacet
facet normal 2.15502335376407e-013 0.0 -1.0
  outer loop
    vertex 22.9054667000097 26.6370350605597 -51.7000000262632
    vertex 22.3462167000096 28.1613650605597 -51.7000000262634
    vertex 22.5434267000097 28.3585750605597 -51.7000000262633
  endloop
endfacet
facet normal 2.15502335376407e-013 0.0 -1.0
  outer loop
    vertex 22.9054667000097 26.6370350605597 -51.7000000262632
    vertex 22.5434267000097 28.3585750605597 -51.7000000262633
    vertex 22.7033967000096 28.5870350605597 -51.7000000262633
  endloop
endfacet
facet normal 2.15502335376407e-013 0.0 -1.0
  outer loop
    vertex 22.9054667000097 26.6370350605597 -51.7000000262632
    vertex 22.7033967000096 28.5870350605597 -51.7000000262633
    vertex 22.8212667000096 28.8398050605597 -51.7000000262633
  endloop
endfacet
facet normal 2.15502335376407e-013 0.0 -1.0
  outer loop
    vertex 22.9054667000097 26.6370350605597 -51.7000000262632
    vertex 22.8212667000096 28.8398050605597 -51.7000000262633
    vertex 22.8934467000097 29.1091950605597 -51.7000000262632
  endloop
endfacet
facet normal 2.15502335376407e-013 0.0 -1.0
  outer loop
    vertex 22.9054667000097 26.6370350605597 -51.7000000262632
    vertex 22.8934467000097 29.1091950605597 -51.7000000262632
    vertex 22.9177567000097 29.3870350605597 -51.7000000262632
  endloop
endfacet
facet normal 2.15502335376407e-013 0.0 -1.0
  outer loop
    vertex 22.9054667000097 26.6370350605597 -51.7000000262632
    vertex 22.9177567000097 29.3870350605597 -51.7000000262632
    vertex 24.4931867000097 29.3870350605597 -51.7000000262629
  endloop
endfacet
facet normal -0.866024482002783 0.500001596569262 -1.87232415577057e-013
  outer loop
    vertex 24.4931867000097 29.3870350605597 -51.7000000262629
    vertex 22.9054667000102 26.6370350605597 -54.1000000262632
    vertex 22.9054667000097 26.6370350605597 -51.7000000262632
  endloop
endfacet
facet normal -0.866024482002783 0.500001596569262 -1.87232415577057e-013
  outer loop
    vertex 22.9054667000102 26.6370350605597 -54.1000000262632
    vertex 24.4931867000097 29.3870350605597 -51.7000000262629
    vertex 24.4931867000102 29.3870350605597 -54.1000000262629
  endloop
endfacet
facet normal -0.866024482002786 -0.500001596569257 -1.87232415577057e-013
  outer loop
    vertex 22.9054667000097 32.1370350605597 -51.7000000262632
    vertex 24.4931867000102 29.3870350605597 -54.1000000262629
    vertex 24.4931867000097 29.3870350605597 -51.7000000262629
  endloop
endfacet
facet normal -0.866024482002786 -0.500001596569257 -1.87232415577057e-013
  outer loop
    vertex 24.4931867000102 29.3870350605597 -54.1000000262629
    vertex 22.9054667000097 32.1370350605597 -51.7000000262632
    vertex 22.9054667000102 32.1370350605597 -54.1000000262632
  endloop
endfacet
facet normal 0.0 1.0 0.0
  outer loop
    vertex 19.7300467000097 26.6370350605597 -51.7000000262639
    vertex 22.9054667000102 26.6370350605597 -54.1000000262632
    vertex 19.7300467000102 26.6370350605597 -54.1000000262639
  endloop
endfacet
facet normal 0.0 1.0 0.0
  outer loop
    vertex 22.9054667000102 26.6370350605597 -54.1000000262632
    vertex 19.7300467000097 26.6370350605597 -51.7000000262639
    vertex 22.9054667000097 26.6370350605597 -51.7000000262632
  endloop
endfacet
facet normal -0.819148855060434 -0.573576303703184 0.00231885389209377
  outer loop
    vertex 59.6144277000097 -6.65550493944029 -51.7000000262553
    vertex 59.7743977000097 -6.88396493944029 -51.7000000262553
    vertex 59.6914307000091 -6.75496493944029 -49.1000000262553
  endloop
endfacet
facet normal -0.760465068560178 -0.649374701507996 -0.00231873697618061
  outer loop
    vertex 59.5103207000091 -6.54287193944029 -49.1000000262554
    vertex 59.6144277000097 -6.65550493944029 -51.7000000262553
    vertex 59.6914307000091 -6.75496493944029 -49.1000000262553
  endloop
endfacet
facet normal -0.707104880251803 -0.707104880251702 0.00231876008023848
  outer loop
    vertex 59.4172167000097 -6.45829393944029 -51.7000000262554
    vertex 59.6144277000097 -6.65550493944029 -51.7000000262553
    vertex 59.5103207000091 -6.54287193944029 -49.1000000262554
  endloop
endfacet
facet normal -0.636150941946523 -0.771561146111628 -0.00231880819892843
  outer loop
    vertex 59.5103207000091 -6.54287193944029 -49.1000000262554
    vertex 59.2951329000091 -6.36544993944029 -49.1000000262554
    vertex 59.4172167000097 -6.45829393944029 -51.7000000262554
  endloop
endfacet
facet normal -0.86602543654873 -0.499999943250579 -1.87235878134065e-013
  outer loop
    vertex 59.9764697000097 -4.93396493944029 -51.7000000262553
    vertex 61.5641827000102 -7.68396493944029 -54.1000000262549
    vertex 61.5641827000097 -7.68396493944029 -51.7000000262549
  endloop
endfacet
facet normal -0.86602543654873 -0.499999943250579 -1.87235878134065e-013
  outer loop
    vertex 61.5641827000102 -7.68396493944029 -54.1000000262549
    vertex 59.9764697000097 -4.93396493944029 -51.7000000262553
    vertex 59.9764697000102 -4.93396493944029 -54.1000000262553
  endloop
endfacet
facet normal -0.573576303876325 -0.819148855307809 0.00231872367487288
  outer loop
    vertex 59.2951329000091 -6.36544993944029 -49.1000000262554
    vertex 59.1887567000097 -6.29832393944029 -51.7000000262554
    vertex 59.4172167000097 -6.45829393944029 -51.7000000262554
  endloop
endfacet
facet normal -0.492504617125628 -0.870306741486228 -0.00231901564500895
  outer loop
    vertex 59.2951329000091 -6.36544993944029 -49.1000000262554
    vertex 59.0524053000091 -6.22809093944029 -49.1000000262554
    vertex 59.1887567000097 -6.29832393944029 -51.7000000262554
  endloop
endfacet
facet normal -0.861676838382221 -0.50745211439095 -0.00231900749773752
  outer loop
    vertex 59.6914307000091 -6.75496493944029 -49.1000000262553
    vertex 59.7743977000097 -6.88396493944029 -51.7000000262553
    vertex 59.8329587000091 -6.99528593944029 -49.1000000262553
  endloop
endfacet
facet normal -0.422615473900347 -0.906306121168314 0.00231861010761387
  outer loop
    vertex 59.0524053000091 -6.22809093944029 -49.1000000262554
    vertex 58.9359889000097 -6.18045693944029 -51.7000000262555
    vertex 59.1887567000097 -6.29832393944029 -51.7000000262554
  endloop
endfacet
facet normal 0.86602543654873 -0.499999943250579 1.87235878134065e-013
  outer loop
    vertex 56.8010437000102 -4.93396493944029 -54.1000000262559
    vertex 55.2133307000097 -7.68396493944029 -51.7000000262563
    vertex 55.2133307000102 -7.68396493944029 -54.1000000262563
  endloop
endfacet
facet normal 0.86602543654873 -0.499999943250579 1.87235878134065e-013
  outer loop
    vertex 55.2133307000097 -7.68396493944029 -51.7000000262563
    vertex 56.8010437000102 -4.93396493944029 -54.1000000262559
    vertex 56.8010437000097 -4.93396493944029 -51.7000000262559
  endloop
endfacet
facet normal 0.0 1.0 0.0
  outer loop
    vertex 56.8010437000097 -10.4339649394403 -51.7000000262559
    vertex 59.9764697000102 -10.4339649394403 -54.1000000262553
    vertex 56.8010437000102 -10.4339649394403 -54.1000000262559
  endloop
endfacet
facet normal 0.0 1.0 0.0
  outer loop
    vertex 59.9764697000102 -10.4339649394403 -54.1000000262553
    vertex 56.8010437000097 -10.4339649394403 -51.7000000262559
    vertex 59.9764697000097 -10.4339649394403 -51.7000000262553
  endloop
endfacet
facet normal 0.0 -1.0 0.0
  outer loop
    vertex 59.9764697000102 -4.93396493944029 -54.1000000262553
    vertex 56.8010437000097 -4.93396493944029 -51.7000000262559
    vertex 56.8010437000102 -4.93396493944029 -54.1000000262559
  endloop
endfacet
facet normal 0.0 -1.0 0.0
  outer loop
    vertex 56.8010437000097 -4.93396493944029 -51.7000000262559
    vertex 59.9764697000102 -4.93396493944029 -54.1000000262553
    vertex 59.9764697000097 -4.93396493944029 -51.7000000262553
  endloop
endfacet
facet normal -0.996191891184801 0.087156975100221 0.00231897154570373
  outer loop
    vertex 59.9887567000097 -7.68396493944029 -51.7000000262552
    vertex 59.9644487000097 -7.96180193944029 -51.7000000262553
    vertex 59.9838127000091 -7.80965193944029 -49.1000000262553
  endloop
endfacet
facet normal -0.999960069542831 -0.00863036017105986 -0.0023186641012371
  outer loop
    vertex 59.9814057000091 -7.53076393944029 -49.1000000262553
    vertex 59.9887567000097 -7.68396493944029 -51.7000000262552
    vertex 59.9838127000091 -7.80965193944029 -49.1000000262553
  endloop
endfacet
facet normal -0.936702015322039 -0.350119919585856 -0.00231870671368677
  outer loop
    vertex 59.8329587000091 -6.99528593944029 -49.1000000262553
    vertex 59.8922647000097 -7.13673293944029 -51.7000000262553
    vertex 59.9306067000091 -7.25653093944029 -49.1000000262553
  endloop
endfacet
facet normal -0.965923383669315 -0.258817771401765 0.00231907038374112
  outer loop
    vertex 59.8922647000097 -7.13673293944029 -51.7000000262553
    vertex 59.9644487000097 -7.40612793944029 -51.7000000262553
    vertex 59.9306067000091 -7.25653093944029 -49.1000000262553
  endloop
endfacet
facet normal -0.906306249353873 -0.422615199283934 0.00231855910322877
  outer loop
    vertex 59.7743977000097 -6.88396493944029 -51.7000000262553
    vertex 59.8922647000097 -7.13673293944029 -51.7000000262553
    vertex 59.8329587000091 -6.99528593944029 -49.1000000262553
  endloop
endfacet
facet normal 2.15502381863606e-013 -1.05153202812235e-030 -1.0
  outer loop
    vertex 56.8010437000097 -4.93396493944029 -51.7000000262559
    vertex 56.7887567000096 -7.68396493944029 -51.7000000262559
    vertex 55.2133307000097 -7.68396493944029 -51.7000000262563
  endloop
endfacet
facet normal 2.15502381863606e-013 -1.05153202812235e-030 -1.0
  outer loop
    vertex 56.7887567000096 -7.68396493944029 -51.7000000262559
    vertex 56.8010437000097 -4.93396493944029 -51.7000000262559
    vertex 56.8130647000096 -7.40612793944029 -51.7000000262559
  endloop
endfacet
facet normal 2.15502381863606e-013 -1.05153202812235e-030 -1.0
  outer loop
    vertex 56.8130647000096 -7.40612793944029 -51.7000000262559
    vertex 56.8010437000097 -4.93396493944029 -51.7000000262559
    vertex 56.8852487000097 -7.13673293944029 -51.7000000262559
  endloop
endfacet
facet normal 2.15502381863606e-013 -1.05153202812235e-030 -1.0
  outer loop
    vertex 56.8852487000097 -7.13673293944029 -51.7000000262559
    vertex 56.8010437000097 -4.93396493944029 -51.7000000262559
    vertex 57.0031157000096 -6.88396493944029 -51.7000000262559
  endloop
endfacet
facet normal 2.15502381863606e-013 -1.05153202812235e-030 -1.0
  outer loop
    vertex 57.0031157000096 -6.88396493944029 -51.7000000262559
    vertex 56.8010437000097 -4.93396493944029 -51.7000000262559
    vertex 57.1630857000097 -6.65550493944029 -51.7000000262558
  endloop
endfacet
facet normal 2.15502381863606e-013 -1.05153202812235e-030 -1.0
  outer loop
    vertex 57.1630857000097 -6.65550493944029 -51.7000000262558
    vertex 56.8010437000097 -4.93396493944029 -51.7000000262559
    vertex 57.3602967000097 -6.45829393944029 -51.7000000262558
  endloop
endfacet
facet normal 2.15502381863606e-013 -1.05153202812235e-030 -1.0
  outer loop
    vertex 57.3602967000097 -6.45829393944029 -51.7000000262558
    vertex 56.8010437000097 -4.93396493944029 -51.7000000262559
    vertex 57.5887567000097 -6.29832393944029 -51.7000000262558
  endloop
endfacet
facet normal 2.15502381863606e-013 -1.05153202812235e-030 -1.0
  outer loop
    vertex 57.5887567000097 -6.29832393944029 -51.7000000262558
    vertex 56.8010437000097 -4.93396493944029 -51.7000000262559
    vertex 59.9764697000097 -4.93396493944029 -51.7000000262553
  endloop
endfacet
facet normal 2.15502381863606e-013 -1.05153202812235e-030 -1.0
  outer loop
    vertex 57.5887567000097 -6.29832393944029 -51.7000000262558
    vertex 59.9764697000097 -4.93396493944029 -51.7000000262553
    vertex 57.8415245000097 -6.18045693944029 -51.7000000262557
  endloop
endfacet
facet normal 2.15502381863606e-013 -1.05153202812235e-030 -1.0
  outer loop
    vertex 57.8415245000097 -6.18045693944029 -51.7000000262557
    vertex 59.9764697000097 -4.93396493944029 -51.7000000262553
    vertex 58.1109196000097 -6.10827493944029 -51.7000000262556
  endloop
endfacet
facet normal 2.15502381863606e-013 -1.05153202812235e-030 -1.0
  outer loop
    vertex 58.1109196000097 -6.10827493944029 -51.7000000262556
    vertex 59.9764697000097 -4.93396493944029 -51.7000000262553
    vertex 58.3887567000097 -6.08396493944029 -51.7000000262556
  endloop
endfacet
facet normal 2.15502381863606e-013 -1.05153202812235e-030 -1.0
  outer loop
    vertex 58.3887567000097 -6.08396493944029 -51.7000000262556
    vertex 59.9764697000097 -4.93396493944029 -51.7000000262553
    vertex 58.6665938000096 -6.10827493944029 -51.7000000262555
  endloop
endfacet
facet normal 2.15502381863606e-013 -1.05153202812235e-030 -1.0
  outer loop
    vertex 58.6665938000096 -6.10827493944029 -51.7000000262555
    vertex 59.9764697000097 -4.93396493944029 -51.7000000262553
    vertex 58.9359889000097 -6.18045693944029 -51.7000000262555
  endloop
endfacet
facet normal 2.15502381863606e-013 -1.05153202812235e-030 -1.0
  outer loop
    vertex 58.9359889000097 -6.18045693944029 -51.7000000262555
    vertex 59.9764697000097 -4.93396493944029 -51.7000000262553
    vertex 59.1887567000097 -6.29832393944029 -51.7000000262554
  endloop
endfacet
facet normal 2.15502381863606e-013 -1.05153202812235e-030 -1.0
  outer loop
    vertex 59.1887567000097 -6.29832393944029 -51.7000000262554
    vertex 59.9764697000097 -4.93396493944029 -51.7000000262553
    vertex 59.4172167000097 -6.45829393944029 -51.7000000262554
  endloop
endfacet
facet normal 2.15502381863606e-013 -1.05153202812235e-030 -1.0
  outer loop
    vertex 59.4172167000097 -6.45829393944029 -51.7000000262554
    vertex 59.9764697000097 -4.93396493944029 -51.7000000262553
    vertex 59.6144277000097 -6.65550493944029 -51.7000000262553
  endloop
endfacet
facet normal 2.15502381863606e-013 -1.05153202812235e-030 -1.0
  outer loop
    vertex 59.6144277000097 -6.65550493944029 -51.7000000262553
    vertex 59.9764697000097 -4.93396493944029 -51.7000000262553
    vertex 59.7743977000097 -6.88396493944029 -51.7000000262553
  endloop
endfacet
facet normal 2.15502381863606e-013 -1.05153202812235e-030 -1.0
  outer loop
    vertex 59.7743977000097 -6.88396493944029 -51.7000000262553
    vertex 59.9764697000097 -4.93396493944029 -51.7000000262553
    vertex 59.8922647000097 -7.13673293944029 -51.7000000262553
  endloop
endfacet
facet normal 2.15502381863606e-013 -1.05153202812235e-030 -1.0
  outer loop
    vertex 59.8922647000097 -7.13673293944029 -51.7000000262553
    vertex 59.9764697000097 -4.93396493944029 -51.7000000262553
    vertex 59.9644487000097 -7.40612793944029 -51.7000000262553
  endloop
endfacet
facet normal 2.15502381863606e-013 -1.05153202812235e-030 -1.0
  outer loop
    vertex 59.9644487000097 -7.40612793944029 -51.7000000262553
    vertex 59.9764697000097 -4.93396493944029 -51.7000000262553
    vertex 59.9887567000097 -7.68396493944029 -51.7000000262552
  endloop
endfacet
facet normal 2.15502381863606e-013 -1.05153202812235e-030 -1.0
  outer loop
    vertex 59.9887567000097 -7.68396493944029 -51.7000000262552
    vertex 59.9764697000097 -4.93396493944029 -51.7000000262553
    vertex 61.5641827000097 -7.68396493944029 -51.7000000262549
  endloop
endfacet
facet normal 2.15502381863606e-013 -1.05153202812235e-030 -1.0
  outer loop
    vertex 56.7887567000096 -7.68396493944029 -51.7000000262559
    vertex 56.8010437000097 -10.4339649394403 -51.7000000262559
    vertex 55.2133307000097 -7.68396493944029 -51.7000000262563
  endloop
endfacet
facet normal 2.15502381863606e-013 -1.05153202812235e-030 -1.0
  outer loop
    vertex 56.8010437000097 -10.4339649394403 -51.7000000262559
    vertex 56.7887567000096 -7.68396493944029 -51.7000000262559
    vertex 56.8130647000096 -7.96180193944029 -51.7000000262559
  endloop
endfacet
facet normal 2.15502381863606e-013 -1.05153202812235e-030 -1.0
  outer loop
    vertex 56.8010437000097 -10.4339649394403 -51.7000000262559
    vertex 56.8130647000096 -7.96180193944029 -51.7000000262559
    vertex 56.8852487000097 -8.23119693944029 -51.7000000262559
  endloop
endfacet
facet normal 2.15502381863606e-013 -1.05153202812235e-030 -1.0
  outer loop
    vertex 56.8010437000097 -10.4339649394403 -51.7000000262559
    vertex 56.8852487000097 -8.23119693944029 -51.7000000262559
    vertex 57.0031157000096 -8.48396493944029 -51.7000000262559
  endloop
endfacet
facet normal 2.15502381863606e-013 -1.05153202812235e-030 -1.0
  outer loop
    vertex 56.8010437000097 -10.4339649394403 -51.7000000262559
    vertex 57.0031157000096 -8.48396493944029 -51.7000000262559
    vertex 57.1630857000097 -8.71242493944029 -51.7000000262558
  endloop
endfacet
facet normal 2.15502381863606e-013 -1.05153202812235e-030 -1.0
  outer loop
    vertex 56.8010437000097 -10.4339649394403 -51.7000000262559
    vertex 57.1630857000097 -8.71242493944029 -51.7000000262558
    vertex 57.3602967000097 -8.90963593944029 -51.7000000262558
  endloop
endfacet
facet normal 2.15502381863606e-013 -1.05153202812235e-030 -1.0
  outer loop
    vertex 56.8010437000097 -10.4339649394403 -51.7000000262559
    vertex 57.3602967000097 -8.90963593944029 -51.7000000262558
    vertex 57.5887567000097 -9.06960593944029 -51.7000000262558
  endloop
endfacet
facet normal 2.15502381863606e-013 -1.05153202812235e-030 -1.0
  outer loop
    vertex 56.8010437000097 -10.4339649394403 -51.7000000262559
    vertex 57.5887567000097 -9.06960593944029 -51.7000000262558
    vertex 59.9764697000097 -10.4339649394403 -51.7000000262553
  endloop
endfacet
facet normal 2.15502381863606e-013 -1.05153202812235e-030 -1.0
  outer loop
    vertex 59.9764697000097 -10.4339649394403 -51.7000000262553
    vertex 57.5887567000097 -9.06960593944029 -51.7000000262558
    vertex 57.8415245000097 -9.18747293944028 -51.7000000262557
  endloop
endfacet
facet normal 2.15502381863606e-013 -1.05153202812235e-030 -1.0
  outer loop
    vertex 59.9764697000097 -10.4339649394403 -51.7000000262553
    vertex 57.8415245000097 -9.18747293944028 -51.7000000262557
    vertex 58.1109196000097 -9.25965693944028 -51.7000000262556
  endloop
endfacet
facet normal 2.15502381863606e-013 -1.05153202812235e-030 -1.0
  outer loop
    vertex 59.9764697000097 -10.4339649394403 -51.7000000262553
    vertex 58.1109196000097 -9.25965693944028 -51.7000000262556
    vertex 58.3887567000097 -9.28396493944029 -51.7000000262556
  endloop
endfacet
facet normal 2.15502381863606e-013 -1.05153202812235e-030 -1.0
  outer loop
    vertex 59.9764697000097 -10.4339649394403 -51.7000000262553
    vertex 58.3887567000097 -9.28396493944029 -51.7000000262556
    vertex 58.6665938000096 -9.25965693944028 -51.7000000262555
  endloop
endfacet
facet normal 2.15502381863606e-013 -1.05153202812235e-030 -1.0
  outer loop
    vertex 59.9764697000097 -10.4339649394403 -51.7000000262553
    vertex 58.6665938000096 -9.25965693944028 -51.7000000262555
    vertex 58.9359889000097 -9.18747293944028 -51.7000000262555
  endloop
endfacet
facet normal 2.15502381863606e-013 -1.05153202812235e-030 -1.0
  outer loop
    vertex 59.9764697000097 -10.4339649394403 -51.7000000262553
    vertex 58.9359889000097 -9.18747293944028 -51.7000000262555
    vertex 59.1887567000097 -9.06960593944029 -51.7000000262554
  endloop
endfacet
facet normal 2.15502381863606e-013 -1.05153202812235e-030 -1.0
  outer loop
    vertex 59.9764697000097 -10.4339649394403 -51.7000000262553
    vertex 59.1887567000097 -9.06960593944029 -51.7000000262554
    vertex 59.4172167000097 -8.90963593944029 -51.7000000262554
  endloop
endfacet
facet normal 2.15502381863606e-013 -1.05153202812235e-030 -1.0
  outer loop
    vertex 59.9764697000097 -10.4339649394403 -51.7000000262553
    vertex 59.4172167000097 -8.90963593944029 -51.7000000262554
    vertex 59.6144277000097 -8.71242493944029 -51.7000000262553
  endloop
endfacet
facet normal 2.15502381863606e-013 -1.05153202812235e-030 -1.0
  outer loop
    vertex 59.9764697000097 -10.4339649394403 -51.7000000262553
    vertex 59.6144277000097 -8.71242493944029 -51.7000000262553
    vertex 59.7743977000097 -8.48396493944029 -51.7000000262553
  endloop
endfacet
facet normal 2.15502381863606e-013 -1.05153202812235e-030 -1.0
  outer loop
    vertex 59.9764697000097 -10.4339649394403 -51.7000000262553
    vertex 59.7743977000097 -8.48396493944029 -51.7000000262553
    vertex 59.8922647000097 -8.23119693944029 -51.7000000262553
  endloop
endfacet
facet normal 2.15502381863606e-013 -1.05153202812235e-030 -1.0
  outer loop
    vertex 59.9764697000097 -10.4339649394403 -51.7000000262553
    vertex 59.8922647000097 -8.23119693944029 -51.7000000262553
    vertex 59.9644487000097 -7.96180193944029 -51.7000000262553
  endloop
endfacet
facet normal 2.15502381863606e-013 -1.05153202812235e-030 -1.0
  outer loop
    vertex 59.9764697000097 -10.4339649394403 -51.7000000262553
    vertex 59.9644487000097 -7.96180193944029 -51.7000000262553
    vertex 59.9887567000097 -7.68396493944029 -51.7000000262552
  endloop
endfacet
facet normal 2.15502381863606e-013 -1.05153202812235e-030 -1.0
  outer loop
    vertex 59.9764697000097 -10.4339649394403 -51.7000000262553
    vertex 59.9887567000097 -7.68396493944029 -51.7000000262552
    vertex 61.5641827000097 -7.68396493944029 -51.7000000262549
  endloop
endfacet
facet normal -0.866025436548729 0.49999994325058 -1.87211590502322e-013
  outer loop
    vertex 61.5641827000097 -7.68396493944029 -51.7000000262549
    vertex 59.9764697000102 -10.4339649394403 -54.1000000262553
    vertex 59.9764697000097 -10.4339649394403 -51.7000000262553
  endloop
endfacet
facet normal -0.866025436548729 0.49999994325058 -1.87211590502322e-013
  outer loop
    vertex 59.9764697000102 -10.4339649394403 -54.1000000262553
    vertex 61.5641827000097 -7.68396493944029 -51.7000000262549
    vertex 61.5641827000102 -7.68396493944029 -54.1000000262549
  endloop
endfacet
facet normal 0.866025436548729 0.49999994325058 1.87211590502322e-013
  outer loop
    vertex 55.2133307000102 -7.68396493944029 -54.1000000262563
    vertex 56.8010437000097 -10.4339649394403 -51.7000000262559
    vertex 56.8010437000102 -10.4339649394403 -54.1000000262559
  endloop
endfacet
facet normal 0.866025436548729 0.49999994325058 1.87211590502322e-013
  outer loop
    vertex 56.8010437000097 -10.4339649394403 -51.7000000262559
    vertex 55.2133307000102 -7.68396493944029 -54.1000000262563
    vertex 55.2133307000097 -7.68396493944029 -51.7000000262563
  endloop
endfacet
facet normal -0.983269659955366 -0.182141155353458 -0.00231847746743606
  outer loop
    vertex 59.9306067000091 -7.25653093944029 -49.1000000262553
    vertex 59.9644487000097 -7.40612793944029 -51.7000000262553
    vertex 59.9814057000091 -7.53076393944029 -49.1000000262553
  endloop
endfacet
facet normal -0.996191891004313 -0.0871569750844318 0.00231904967252537
  outer loop
    vertex 59.9644487000097 -7.40612793944029 -51.7000000262553
    vertex 59.9887567000097 -7.68396493944029 -51.7000000262552
    vertex 59.9814057000091 -7.53076393944029 -49.1000000262553
  endloop
endfacet
facet normal 0.936702015322096 0.350119919585708 -0.00231870671327347
  outer loop
    vertex 56.8469067000091 -8.11139893944029 -49.1000000262559
    vertex 56.9445547000091 -8.37264393944029 -49.1000000262559
    vertex 56.8852487000097 -8.23119693944029 -51.7000000262559
  endloop
endfacet
facet normal 0.906306249353938 0.422615199283793 0.00231855910362855
  outer loop
    vertex 56.8852487000097 -8.23119693944029 -51.7000000262559
    vertex 56.9445547000091 -8.37264393944029 -49.1000000262559
    vertex 57.0031157000096 -8.48396493944029 -51.7000000262559
  endloop
endfacet
facet normal 0.861676838382227 0.507452114390941 -0.0023190074973643
  outer loop
    vertex 56.9445547000091 -8.37264393944029 -49.1000000262559
    vertex 57.0860827000091 -8.61296493944029 -49.1000000262559
    vertex 57.0031157000096 -8.48396493944029 -51.7000000262559
  endloop
endfacet
facet normal 0.819148855060423 0.573576303703199 0.00231885389245019
  outer loop
    vertex 57.0031157000096 -8.48396493944029 -51.7000000262559
    vertex 57.0860827000091 -8.61296493944029 -49.1000000262559
    vertex 57.1630857000097 -8.71242493944029 -51.7000000262558
  endloop
endfacet
facet normal 0.942606565749889 -0.333897417690462 -0.0023187636450428
  outer loop
    vertex 56.9328827000091 -7.02031593944029 -49.1000000262559
    vertex 56.8397587000091 -7.28320893944029 -49.1000000262559
    vertex 56.8852487000097 -7.13673293944029 -51.7000000262559
  endloop
endfacet
facet normal 0.760465068560166 0.649374701508011 -0.00231873697584954
  outer loop
    vertex 57.0860827000091 -8.61296493944029 -49.1000000262559
    vertex 57.2671927000091 -8.82505793944029 -49.1000000262558
    vertex 57.1630857000097 -8.71242493944029 -51.7000000262558
  endloop
endfacet
facet normal 0.707104880251721 0.707104880251782 0.00231876008055198
  outer loop
    vertex 57.2671927000091 -8.82505793944029 -49.1000000262558
    vertex 57.3602967000097 -8.90963593944029 -51.7000000262558
    vertex 57.1630857000097 -8.71242493944029 -51.7000000262558
  endloop
endfacet
facet normal -0.0871640601568127 -0.996191266893875 0.00232085789216937
  outer loop
    vertex 58.5144440000091 -6.08890493944029 -49.1000000262556
    vertex 58.3887567000097 -6.08396493944029 -51.7000000262556
    vertex 58.6665938000096 -6.10827493944029 -51.7000000262555
  endloop
endfacet
facet normal 0.819148855391575 -0.573576303935054 0.00231867955416078
  outer loop
    vertex 57.1630857000097 -6.65550493944029 -51.7000000262558
    vertex 57.0702417000091 -6.77758893944029 -49.1000000262559
    vertex 57.0031157000096 -6.88396493944029 -51.7000000262559
  endloop
endfacet
facet normal -0.333898207606129 -0.942606285849526 -0.00231880020168942
  outer loop
    vertex 59.0524053000091 -6.22809093944029 -49.1000000262554
    vertex 58.7895130000091 -6.13496693944029 -49.1000000262555
    vertex 58.9359889000097 -6.18045693944029 -51.7000000262555
  endloop
endfacet
facet normal 0.573576303703134 -0.819148855060469 0.00231885389239406
  outer loop
    vertex 57.4597567000091 -6.38129093944029 -49.1000000262558
    vertex 57.3602967000097 -6.45829393944029 -51.7000000262558
    vertex 57.5887567000097 -6.29832393944029 -51.7000000262558
  endloop
endfacet
facet normal 0.0871640603622615 -0.996191269242107 0.00231984201286869
  outer loop
    vertex 58.2355560000091 -6.09131493944029 -49.1000000262556
    vertex 58.1109196000097 -6.10827493944029 -51.7000000262556
    vertex 58.3887567000097 -6.08396493944029 -51.7000000262556
  endloop
endfacet
facet normal 0.350119096441286 -0.936702322967893 -0.00231871811372109
  outer loop
    vertex 57.9613229000091 -6.14211493944029 -49.1000000262557
    vertex 57.7000772000091 -6.23976293944029 -49.1000000262557
    vertex 57.8415245000097 -6.18045693944029 -51.7000000262557
  endloop
endfacet
facet normal 0.870306219683639 -0.492505539266483 -0.00231900232961848
  outer loop
    vertex 57.0702417000091 -6.77758893944029 -49.1000000262559
    vertex 56.9328827000091 -7.02031593944029 -49.1000000262559
    vertex 57.0031157000096 -6.88396493944029 -51.7000000262559
  endloop
endfacet
facet normal 0.9961918911848 -0.0871569751002228 0.0023189715461185
  outer loop
    vertex 56.8130647000096 -7.40612793944029 -51.7000000262559
    vertex 56.7937007000091 -7.55827793944029 -49.1000000262559
    vertex 56.7887567000096 -7.68396493944029 -51.7000000262559
  endloop
endfacet
facet normal -0.25881099087774 -0.965925199753683 0.00231937096843734
  outer loop
    vertex 58.7895130000091 -6.13496693944029 -49.1000000262555
    vertex 58.6665938000096 -6.10827493944029 -51.7000000262555
    vertex 58.9359889000097 -6.18045693944029 -51.7000000262555
  endloop
endfacet
facet normal -0.165156107639316 -0.986264716517812 -0.00231712353355398
  outer loop
    vertex 58.7895130000091 -6.13496693944029 -49.1000000262555
    vertex 58.5144440000091 -6.08890493944029 -49.1000000262556
    vertex 58.6665938000096 -6.10827493944029 -51.7000000262555
  endloop
endfacet
facet normal 0.649374701507985 -0.760465068560188 -0.00231873697587876
  outer loop
    vertex 57.4597567000091 -6.38129093944029 -49.1000000262558
    vertex 57.2476637000091 -6.56240093944029 -49.1000000262558
    vertex 57.3602967000097 -6.45829393944029 -51.7000000262558
  endloop
endfacet
facet normal 0.707104880251721 -0.707104880251783 0.00231876008054387
  outer loop
    vertex 57.2476637000091 -6.56240093944029 -49.1000000262558
    vertex 57.1630857000097 -6.65550493944029 -51.7000000262558
    vertex 57.3602967000097 -6.45829393944029 -51.7000000262558
  endloop
endfacet
facet normal 0.983269659955338 0.182141155353615 -0.00231847746701754
  outer loop
    vertex 56.7961077000091 -7.83716593944029 -49.1000000262559
    vertex 56.8469067000091 -8.11139893944029 -49.1000000262559
    vertex 56.8130647000096 -7.96180193944029 -51.7000000262559
  endloop
endfacet
facet normal 0.2588109908785 -0.96592519975636 0.0023193697690571
  outer loop
    vertex 57.9613229000091 -6.14211493944029 -49.1000000262557
    vertex 57.8415245000097 -6.18045693944029 -51.7000000262557
    vertex 58.1109196000097 -6.10827493944029 -51.7000000262556
  endloop
endfacet
facet normal 0.507452898362084 -0.861676376835793 -0.00231895387228532
  outer loop
    vertex 57.7000772000091 -6.23976293944029 -49.1000000262557
    vertex 57.4597567000091 -6.38129093944029 -49.1000000262558
    vertex 57.5887567000097 -6.29832393944029 -51.7000000262558
  endloop
endfacet
facet normal 0.965923383669274 0.258817771401915 0.00231907038415204
  outer loop
    vertex 56.8130647000096 -7.96180193944029 -51.7000000262559
    vertex 56.8469067000091 -8.11139893944029 -49.1000000262559
    vertex 56.8852487000097 -8.23119693944029 -51.7000000262559
  endloop
endfacet
facet normal 0.00864111596564732 -0.999959979014007 -0.00231764647347435
  outer loop
    vertex 58.5144440000091 -6.08890493944029 -49.1000000262556
    vertex 58.2355560000091 -6.09131493944029 -49.1000000262556
    vertex 58.3887567000097 -6.08396493944029 -51.7000000262556
  endloop
endfacet
facet normal 0.182144558105175 -0.983269031836932 -0.00231753816221656
  outer loop
    vertex 58.2355560000091 -6.09131493944029 -49.1000000262556
    vertex 57.9613229000091 -6.14211493944029 -49.1000000262557
    vertex 58.1109196000097 -6.10827493944029 -51.7000000262556
  endloop
endfacet
facet normal 0.986267049257269 -0.165142156166808 -0.0023185784301779
  outer loop
    vertex 56.8397587000091 -7.28320893944029 -49.1000000262559
    vertex 56.7937007000091 -7.55827793944029 -49.1000000262559
    vertex 56.8130647000096 -7.40612793944029 -51.7000000262559
  endloop
endfacet
facet normal 0.906306249072588 -0.422615199152608 0.00231869298921254
  outer loop
    vertex 57.0031157000096 -6.88396493944029 -51.7000000262559
    vertex 56.9328827000091 -7.02031593944029 -49.1000000262559
    vertex 56.8852487000097 -7.13673293944029 -51.7000000262559
  endloop
endfacet
facet normal 0.999960069542833 0.00863036017089828 -0.00231866410081278
  outer loop
    vertex 56.7937007000091 -7.55827793944029 -49.1000000262559
    vertex 56.7961077000091 -7.83716593944029 -49.1000000262559
    vertex 56.7887567000096 -7.68396493944029 -51.7000000262559
  endloop
endfacet
facet normal 0.422615473885038 -0.906306121135484 0.00231862573055383
  outer loop
    vertex 57.7000772000091 -6.23976293944029 -49.1000000262557
    vertex 57.5887567000097 -6.29832393944029 -51.7000000262558
    vertex 57.8415245000097 -6.18045693944029 -51.7000000262557
  endloop
endfacet
facet normal 0.771561436277223 -0.636150589936167 -0.00231883024293112
  outer loop
    vertex 57.2476637000091 -6.56240093944029 -49.1000000262558
    vertex 57.0702417000091 -6.77758893944029 -49.1000000262559
    vertex 57.1630857000097 -6.65550493944029 -51.7000000262558
  endloop
endfacet
facet normal 0.965923383945101 -0.258817771475823 0.00231894724674539
  outer loop
    vertex 56.8852487000097 -7.13673293944029 -51.7000000262559
    vertex 56.8397587000091 -7.28320893944029 -49.1000000262559
    vertex 56.8130647000096 -7.40612793944029 -51.7000000262559
  endloop
endfacet
facet normal 0.996191891004312 0.0871569750844301 0.00231904967295743
  outer loop
    vertex 56.7887567000096 -7.68396493944029 -51.7000000262559
    vertex 56.7961077000091 -7.83716593944029 -49.1000000262559
    vertex 56.8130647000096 -7.96180193944029 -51.7000000262559
  endloop
endfacet
facet normal -0.649374701507984 0.760465068560188 -0.00231873697617175
  outer loop
    vertex 59.5298497000091 -8.80552893944028 -49.1000000262553
    vertex 59.4172167000097 -8.90963593944029 -51.7000000262554
    vertex 59.3177567000091 -8.98663893944028 -49.1000000262554
  endloop
endfacet
facet normal 0.333898207606112 0.942606285849533 -0.00231880020153766
  outer loop
    vertex 57.9880004000091 -9.23296293944028 -49.1000000262557
    vertex 57.8415245000097 -9.18747293944028 -51.7000000262557
    vertex 57.7251081000091 -9.13983893944028 -49.1000000262557
  endloop
endfacet
facet normal -0.258817681784967 0.965923407766833 0.00231903505034356
  outer loop
    vertex 58.8161905000091 -9.22581493944028 -49.1000000262555
    vertex 58.9359889000097 -9.18747293944028 -51.7000000262555
    vertex 58.6665938000096 -9.25965693944028 -51.7000000262555
  endloop
endfacet
facet normal -0.965923383945143 0.258817771475672 0.00231894724631877
  outer loop
    vertex 59.9644487000097 -7.96180193944029 -51.7000000262553
    vertex 59.8922647000097 -8.23119693944029 -51.7000000262553
    vertex 59.9377547000091 -8.08472093944029 -49.1000000262552
  endloop
endfacet
facet normal -0.986267049257242 0.165142156166965 -0.00231857843059807
  outer loop
    vertex 59.9838127000091 -7.80965193944029 -49.1000000262553
    vertex 59.9644487000097 -7.96180193944029 -51.7000000262553
    vertex 59.9377547000091 -8.08472093944029 -49.1000000262552
  endloop
endfacet
facet normal -0.707104880251803 0.707104880251702 0.00231876008023155
  outer loop
    vertex 59.6144277000097 -8.71242493944029 -51.7000000262553
    vertex 59.4172167000097 -8.90963593944029 -51.7000000262554
    vertex 59.5298497000091 -8.80552893944028 -49.1000000262553
  endloop
endfacet
facet normal -0.0871569439553534 0.996191893755498 0.00231903777414404
  outer loop
    vertex 58.5419574000091 -9.27661393944029 -49.1000000262556
    vertex 58.6665938000096 -9.25965693944028 -51.7000000262555
    vertex 58.3887567000097 -9.28396493944029 -51.7000000262556
  endloop
endfacet
facet normal -0.350119096441214 0.936702322967919 -0.00231871811387541
  outer loop
    vertex 59.0774362000091 -9.12816693944029 -49.1000000262555
    vertex 58.9359889000097 -9.18747293944028 -51.7000000262555
    vertex 58.8161905000091 -9.22581493944028 -49.1000000262555
  endloop
endfacet
facet normal -0.771561436277222 0.636150589936167 -0.00231883024326584
  outer loop
    vertex 59.7072717000091 -8.59034093944029 -49.1000000262553
    vertex 59.6144277000097 -8.71242493944029 -51.7000000262553
    vertex 59.5298497000091 -8.80552893944028 -49.1000000262553
  endloop
endfacet
facet normal 0.087156943966997 0.996191893888755 0.00231898009235651
  outer loop
    vertex 58.2630694000091 -9.27902093944028 -49.1000000262556
    vertex 58.3887567000097 -9.28396493944029 -51.7000000262556
    vertex 58.1109196000097 -9.25965693944028 -51.7000000262556
  endloop
endfacet
facet normal -0.182141091128175 0.983269671793842 -0.00231850233298944
  outer loop
    vertex 58.8161905000091 -9.22581493944028 -49.1000000262555
    vertex 58.6665938000096 -9.25965693944028 -51.7000000262555
    vertex 58.5419574000091 -9.27661393944029 -49.1000000262556
  endloop
endfacet
facet normal 0.636150941946524 0.771561146111628 -0.00231880819864138
  outer loop
    vertex 57.4823805000091 -9.00247993944029 -49.1000000262558
    vertex 57.3602967000097 -8.90963593944029 -51.7000000262558
    vertex 57.2671927000091 -8.82505793944029 -49.1000000262558
  endloop
endfacet
facet normal 0.573576303876324 0.819148855307809 0.00231872367513166
  outer loop
    vertex 57.4823805000091 -9.00247993944029 -49.1000000262558
    vertex 57.5887567000097 -9.06960593944029 -51.7000000262558
    vertex 57.3602967000097 -8.90963593944029 -51.7000000262558
  endloop
endfacet
facet normal -0.90630624907253 0.422615199152733 0.00231869298881029
  outer loop
    vertex 59.8922647000097 -8.23119693944029 -51.7000000262553
    vertex 59.7743977000097 -8.48396493944029 -51.7000000262553
    vertex 59.8446307000091 -8.34761393944029 -49.1000000262553
  endloop
endfacet
facet normal 0.42261547390033 0.906306121168321 0.00231861010780565
  outer loop
    vertex 57.7251081000091 -9.13983893944028 -49.1000000262557
    vertex 57.8415245000097 -9.18747293944028 -51.7000000262557
    vertex 57.5887567000097 -9.06960593944029 -51.7000000262558
  endloop
endfacet
facet normal 0.258817681828448 0.96592340792895 0.00231896267119489
  outer loop
    vertex 57.9880004000091 -9.23296293944028 -49.1000000262557
    vertex 58.1109196000097 -9.25965693944028 -51.7000000262556
    vertex 57.8415245000097 -9.18747293944028 -51.7000000262557
  endloop
endfacet
facet normal -0.870306219683635 0.492505539266487 -0.00231900232999742
  outer loop
    vertex 59.8446307000091 -8.34761393944029 -49.1000000262553
    vertex 59.7743977000097 -8.48396493944029 -51.7000000262553
    vertex 59.7072717000091 -8.59034093944029 -49.1000000262553
  endloop
endfacet
facet normal -0.00863036017103974 0.999960069540523 -0.00231866509682322
  outer loop
    vertex 58.5419574000091 -9.27661393944029 -49.1000000262556
    vertex 58.3887567000097 -9.28396493944029 -51.7000000262556
    vertex 58.2630694000091 -9.27902093944028 -49.1000000262556
  endloop
endfacet
facet normal -0.942606565749888 0.333897417690462 -0.0023187636454681
  outer loop
    vertex 59.9377547000091 -8.08472093944029 -49.1000000262552
    vertex 59.8922647000097 -8.23119693944029 -51.7000000262553
    vertex 59.8446307000091 -8.34761393944029 -49.1000000262553
  endloop
endfacet
facet normal 0.492504617125629 0.870306741486228 -0.00231901564478673
  outer loop
    vertex 57.7251081000091 -9.13983893944028 -49.1000000262557
    vertex 57.5887567000097 -9.06960593944029 -51.7000000262558
    vertex 57.4823805000091 -9.00247993944029 -49.1000000262558
  endloop
endfacet
facet normal 0.165142156171827 0.986267049286292 -0.00231856572716626
  outer loop
    vertex 58.2630694000091 -9.27902093944028 -49.1000000262556
    vertex 58.1109196000097 -9.25965693944028 -51.7000000262556
    vertex 57.9880004000091 -9.23296293944028 -49.1000000262557
  endloop
endfacet
facet normal -0.422615473885022 0.906306121135492 0.00231862573037137
  outer loop
    vertex 59.0774362000091 -9.12816693944029 -49.1000000262555
    vertex 59.1887567000097 -9.06960593944029 -51.7000000262554
    vertex 58.9359889000097 -9.18747293944028 -51.7000000262555
  endloop
endfacet
facet normal -0.573576303703135 0.819148855060469 0.00231885389213525
  outer loop
    vertex 59.3177567000091 -8.98663893944028 -49.1000000262554
    vertex 59.4172167000097 -8.90963593944029 -51.7000000262554
    vertex 59.1887567000097 -9.06960593944029 -51.7000000262554
  endloop
endfacet
facet normal -0.819148855391566 0.573576303935068 0.00231867955380438
  outer loop
    vertex 59.7743977000097 -8.48396493944029 -51.7000000262553
    vertex 59.6144277000097 -8.71242493944029 -51.7000000262553
    vertex 59.7072717000091 -8.59034093944029 -49.1000000262553
  endloop
endfacet
facet normal -0.507452898362153 0.861676376835751 -0.00231895387250944
  outer loop
    vertex 59.3177567000091 -8.98663893944028 -49.1000000262554
    vertex 59.1887567000097 -9.06960593944029 -51.7000000262554
    vertex 59.0774362000091 -9.12816693944029 -49.1000000262555
  endloop
endfacet
facet normal -0.819151057385177 -0.573577845793181 -1.77689330937374e-013
  outer loop
    vertex 96.6854267000091 30.4154950605597 -49.1000000262473
    vertex 96.8453967000097 30.1870350605597 -51.7000000262473
    vertex 96.8453967000091 30.1870350605597 -49.1000000262473
  endloop
endfacet
facet normal -0.819151057385177 -0.573577845793181 -1.77689330937374e-013
  outer loop
    vertex 96.8453967000097 30.1870350605597 -51.7000000262473
    vertex 96.6854267000091 30.4154950605597 -49.1000000262473
    vertex 96.6854267000097 30.4154950605597 -51.7000000262473
  endloop
endfacet
facet normal -0.573577845793219 -0.819151057385151 -1.19441316597065e-013
  outer loop
    vertex 96.4882167000096 30.6127050605597 -51.7000000262474
    vertex 96.2597567000091 30.7726750605597 -49.1000000262474
    vertex 96.2597567000097 30.7726750605597 -51.7000000262474
  endloop
endfacet
facet normal -0.573577845793219 -0.819151057385151 -1.19441316597065e-013
  outer loop
    vertex 96.2597567000091 30.7726750605597 -49.1000000262474
    vertex 96.4882167000096 30.6127050605597 -51.7000000262474
    vertex 96.4882167000091 30.6127050605597 -49.1000000262474
  endloop
endfacet
facet normal -0.965928365707461 -0.258809567678076 -2.0114815641069e-013
  outer loop
    vertex 96.9632667000091 29.9342650605597 -49.1000000262473
    vertex 97.0354467000097 29.6648750605597 -51.7000000262473
    vertex 97.0354467000091 29.6648750605597 -49.1000000262473
  endloop
endfacet
facet normal -0.965928365707461 -0.258809567678076 -2.0114815641069e-013
  outer loop
    vertex 97.0354467000097 29.6648750605597 -51.7000000262473
    vertex 96.9632667000091 29.9342650605597 -49.1000000262473
    vertex 96.9632667000096 29.9342650605597 -51.7000000262473
  endloop
endfacet
facet normal 0.0871633920278734 -0.99619402883685 1.89076717002781e-014
  outer loop
    vertex 95.4597567000097 30.9870350605597 -51.7000000262476
    vertex 95.1819167000091 30.9627250605597 -49.1000000262477
    vertex 95.1819167000097 30.9627250605597 -51.7000000262477
  endloop
endfacet
facet normal 0.0871633920278734 -0.99619402883685 1.89076717002781e-014
  outer loop
    vertex 95.1819167000091 30.9627250605597 -49.1000000262477
    vertex 95.4597567000097 30.9870350605597 -51.7000000262476
    vertex 95.4597567000091 30.9870350605597 -49.1000000262476
  endloop
endfacet
facet normal 0.819151057385215 0.573577845793126 1.70580410357236e-013
  outer loop
    vertex 94.0741167000097 28.5870350605597 -51.7000000262479
    vertex 94.2340867000091 28.3585750605597 -49.1000000262479
    vertex 94.2340867000097 28.3585750605597 -51.7000000262479
  endloop
endfacet
facet normal 0.819151057385215 0.573577845793126 1.70580410357236e-013
  outer loop
    vertex 94.2340867000091 28.3585750605597 -49.1000000262479
    vertex 94.0741167000097 28.5870350605597 -51.7000000262479
    vertex 94.0741167000091 28.5870350605597 -49.1000000262479
  endloop
endfacet
facet normal 0.573577845793208 0.819151057385158 1.24420110004235e-013
  outer loop
    vertex 94.4312967000091 28.1613650605597 -49.1000000262478
    vertex 94.6597567000097 28.0013950605597 -51.7000000262478
    vertex 94.4312967000097 28.1613650605597 -51.7000000262478
  endloop
endfacet
facet normal 0.573577845793208 0.819151057385158 1.24420110004235e-013
  outer loop
    vertex 94.6597567000097 28.0013950605597 -51.7000000262478
    vertex 94.4312967000091 28.1613650605597 -49.1000000262478
    vertex 94.6597567000091 28.0013950605597 -49.1000000262478
  endloop
endfacet
facet normal -0.422622423899456 -0.906305846178512 -8.80129677467466e-014
  outer loop
    vertex 96.2597567000097 30.7726750605597 -51.7000000262474
    vertex 96.0069867000091 30.8905450605597 -49.1000000262475
    vertex 96.0069867000097 30.8905450605597 -51.7000000262475
  endloop
endfacet
facet normal -0.422622423899456 -0.906305846178512 -8.80129677467466e-014
  outer loop
    vertex 96.0069867000091 30.8905450605597 -49.1000000262475
    vertex 96.2597567000097 30.7726750605597 -51.7000000262474
    vertex 96.2597567000091 30.7726750605597 -49.1000000262474
  endloop
endfacet
facet normal 0.422622423899456 -0.906305846178512 9.53449281971845e-014
  outer loop
    vertex 94.9125267000097 30.8905450605597 -51.7000000262477
    vertex 94.6597567000091 30.7726750605597 -49.1000000262478
    vertex 94.6597567000097 30.7726750605597 -51.7000000262478
  endloop
endfacet
facet normal 0.422622423899456 -0.906305846178512 9.53449281971845e-014
  outer loop
    vertex 94.6597567000091 30.7726750605597 -49.1000000262478
    vertex 94.9125267000097 30.8905450605597 -51.7000000262477
    vertex 94.9125267000091 30.8905450605597 -49.1000000262477
  endloop
endfacet
facet normal 0.996194028836858 -0.0871633920277897 2.16094470623358e-013
  outer loop
    vertex 93.8840667000096 29.6648750605597 -51.7000000262479
    vertex 93.8597567000091 29.3870350605597 -49.1000000262479
    vertex 93.8597567000097 29.3870350605597 -51.7000000262479
  endloop
endfacet
facet normal 0.996194028836858 -0.0871633920277897 2.16094470623358e-013
  outer loop
    vertex 93.8597567000091 29.3870350605597 -49.1000000262479
    vertex 93.8840667000096 29.6648750605597 -51.7000000262479
    vertex 93.8840667000091 29.6648750605597 -49.1000000262479
  endloop
endfacet
facet normal 0.422622423899423 0.906305846178528 9.5343755959152e-014
  outer loop
    vertex 94.6597567000091 28.0013950605597 -49.1000000262478
    vertex 94.9125267000097 27.8835250605597 -51.7000000262477
    vertex 94.6597567000097 28.0013950605597 -51.7000000262478
  endloop
endfacet
facet normal 0.422622423899423 0.906305846178528 9.5343755959152e-014
  outer loop
    vertex 94.9125267000097 27.8835250605597 -51.7000000262477
    vertex 94.6597567000091 28.0013950605597 -49.1000000262478
    vertex 94.9125267000091 27.8835250605597 -49.1000000262477
  endloop
endfacet
facet normal -0.707106781186507 -0.707106781186588 -1.47252504966912e-013
  outer loop
    vertex 96.6854267000097 30.4154950605597 -51.7000000262473
    vertex 96.4882167000091 30.6127050605597 -49.1000000262474
    vertex 96.4882167000096 30.6127050605597 -51.7000000262474
  endloop
endfacet
facet normal -0.707106781186507 -0.707106781186588 -1.47252504966912e-013
  outer loop
    vertex 96.4882167000091 30.6127050605597 -49.1000000262474
    vertex 96.6854267000097 30.4154950605597 -51.7000000262473
    vertex 96.6854267000091 30.4154950605597 -49.1000000262473
  endloop
endfacet
facet normal -0.258809567678001 -0.965928365707482 -5.38959174650405e-014
  outer loop
    vertex 96.0069867000097 30.8905450605597 -51.7000000262475
    vertex 95.7375967000091 30.9627250605597 -49.1000000262475
    vertex 95.7375967000097 30.9627250605597 -51.7000000262475
  endloop
endfacet
facet normal -0.258809567678001 -0.965928365707482 -5.38959174650405e-014
  outer loop
    vertex 95.7375967000091 30.9627250605597 -49.1000000262475
    vertex 96.0069867000097 30.8905450605597 -51.7000000262475
    vertex 96.0069867000091 30.8905450605597 -49.1000000262475
  endloop
endfacet
facet normal 0.258809567678021 -0.965928365707476 5.61413176606319e-014
  outer loop
    vertex 95.1819167000097 30.9627250605597 -51.7000000262477
    vertex 94.9125267000091 30.8905450605597 -49.1000000262477
    vertex 94.9125267000097 30.8905450605597 -51.7000000262477
  endloop
endfacet
facet normal 0.258809567678021 -0.965928365707476 5.61413176606319e-014
  outer loop
    vertex 94.9125267000091 30.8905450605597 -49.1000000262477
    vertex 95.1819167000097 30.9627250605597 -51.7000000262477
    vertex 95.1819167000091 30.9627250605597 -49.1000000262477
  endloop
endfacet
facet normal 0.819151057385215 -0.573577845793126 1.70580410357236e-013
  outer loop
    vertex 94.2340867000097 30.4154950605597 -51.7000000262479
    vertex 94.0741167000091 30.1870350605597 -49.1000000262479
    vertex 94.0741167000097 30.1870350605597 -51.7000000262479
  endloop
endfacet
facet normal 0.819151057385215 -0.573577845793126 1.70580410357236e-013
  outer loop
    vertex 94.0741167000091 30.1870350605597 -49.1000000262479
    vertex 94.2340867000097 30.4154950605597 -51.7000000262479
    vertex 94.2340867000091 30.4154950605597 -49.1000000262479
  endloop
endfacet
facet normal 0.707106781186507 0.707106781186588 1.47252504966912e-013
  outer loop
    vertex 94.2340867000091 28.3585750605597 -49.1000000262479
    vertex 94.4312967000097 28.1613650605597 -51.7000000262478
    vertex 94.2340867000097 28.3585750605597 -51.7000000262479
  endloop
endfacet
facet normal 0.707106781186507 0.707106781186588 1.47252504966912e-013
  outer loop
    vertex 94.4312967000097 28.1613650605597 -51.7000000262478
    vertex 94.2340867000091 28.3585750605597 -49.1000000262479
    vertex 94.4312967000091 28.1613650605597 -49.1000000262478
  endloop
endfacet
facet normal 0.573577845793181 -0.819151057385177 1.24420110004229e-013
  outer loop
    vertex 94.6597567000097 30.7726750605597 -51.7000000262478
    vertex 94.4312967000091 30.6127050605597 -49.1000000262478
    vertex 94.4312967000097 30.6127050605597 -51.7000000262478
  endloop
endfacet
facet normal 0.573577845793181 -0.819151057385177 1.24420110004229e-013
  outer loop
    vertex 94.4312967000091 30.6127050605597 -49.1000000262478
    vertex 94.6597567000097 30.7726750605597 -51.7000000262478
    vertex 94.6597567000091 30.7726750605597 -49.1000000262478
  endloop
endfacet
facet normal 0.906305846178481 -0.422622423899522 1.96599440421286e-013
  outer loop
    vertex 94.0741167000097 30.1870350605597 -51.7000000262479
    vertex 93.9562467000091 29.9342650605597 -49.1000000262479
    vertex 93.9562467000097 29.9342650605597 -51.7000000262479
  endloop
endfacet
facet normal 0.906305846178481 -0.422622423899522 1.96599440421286e-013
  outer loop
    vertex 93.9562467000091 29.9342650605597 -49.1000000262479
    vertex 94.0741167000097 30.1870350605597 -51.7000000262479
    vertex 94.0741167000091 30.1870350605597 -49.1000000262479
  endloop
endfacet
facet normal 0.996194028836857 0.0871633920278002 2.16094921580363e-013
  outer loop
    vertex 93.8597567000097 29.3870350605597 -51.7000000262479
    vertex 93.8840667000091 29.1091950605597 -49.1000000262479
    vertex 93.8840667000096 29.1091950605597 -51.7000000262479
  endloop
endfacet
facet normal 0.996194028836857 0.0871633920278002 2.16094921580363e-013
  outer loop
    vertex 93.8840667000091 29.1091950605597 -49.1000000262479
    vertex 93.8597567000097 29.3870350605597 -51.7000000262479
    vertex 93.8597567000091 29.3870350605597 -49.1000000262479
  endloop
endfacet
facet normal -0.996194028836851 -0.0871633920278699 -2.0745114085588e-013
  outer loop
    vertex 97.0354467000091 29.6648750605597 -49.1000000262473
    vertex 97.0597567000097 29.3870350605597 -51.7000000262473
    vertex 97.0597567000091 29.3870350605597 -49.1000000262473
  endloop
endfacet
facet normal -0.996194028836851 -0.0871633920278699 -2.0745114085588e-013
  outer loop
    vertex 97.0597567000097 29.3870350605597 -51.7000000262473
    vertex 97.0354467000091 29.6648750605597 -49.1000000262473
    vertex 97.0354467000097 29.6648750605597 -51.7000000262473
  endloop
endfacet
facet normal 0.707106781186507 -0.707106781186588 1.47252504966912e-013
  outer loop
    vertex 94.4312967000097 30.6127050605597 -51.7000000262478
    vertex 94.2340867000091 30.4154950605597 -49.1000000262479
    vertex 94.2340867000097 30.4154950605597 -51.7000000262479
  endloop
endfacet
facet normal 0.707106781186507 -0.707106781186588 1.47252504966912e-013
  outer loop
    vertex 94.2340867000091 30.4154950605597 -49.1000000262479
    vertex 94.4312967000097 30.6127050605597 -51.7000000262478
    vertex 94.4312967000091 30.6127050605597 -49.1000000262478
  endloop
endfacet
facet normal 0.906305846178474 0.422622423899538 1.96598268183259e-013
  outer loop
    vertex 93.9562467000097 28.8398050605597 -51.7000000262479
    vertex 94.0741167000091 28.5870350605597 -49.1000000262479
    vertex 94.0741167000097 28.5870350605597 -51.7000000262479
  endloop
endfacet
facet normal 0.906305846178474 0.422622423899538 1.96598268183259e-013
  outer loop
    vertex 94.0741167000091 28.5870350605597 -49.1000000262479
    vertex 93.9562467000097 28.8398050605597 -51.7000000262479
    vertex 93.9562467000091 28.8398050605597 -49.1000000262479
  endloop
endfacet
facet normal -0.99619402883685 0.0871633920278805 -2.07450689898875e-013
  outer loop
    vertex 97.0597567000091 29.3870350605597 -49.1000000262473
    vertex 97.0354467000097 29.1091950605597 -51.7000000262473
    vertex 97.0354467000091 29.1091950605597 -49.1000000262473
  endloop
endfacet
facet normal -0.99619402883685 0.0871633920278805 -2.07450689898875e-013
  outer loop
    vertex 97.0354467000097 29.1091950605597 -51.7000000262473
    vertex 97.0597567000091 29.3870350605597 -49.1000000262473
    vertex 97.0597567000097 29.3870350605597 -51.7000000262473
  endloop
endfacet
facet normal -0.906305846178543 -0.42262242389939 -1.96596638912939e-013
  outer loop
    vertex 96.8453967000091 30.1870350605597 -49.1000000262473
    vertex 96.9632667000096 29.9342650605597 -51.7000000262473
    vertex 96.9632667000091 29.9342650605597 -49.1000000262473
  endloop
endfacet
facet normal -0.906305846178543 -0.42262242389939 -1.96596638912939e-013
  outer loop
    vertex 96.9632667000096 29.9342650605597 -51.7000000262473
    vertex 96.8453967000091 30.1870350605597 -49.1000000262473
    vertex 96.8453967000097 30.1870350605597 -51.7000000262473
  endloop
endfacet
facet normal -0.0871633920278734 -0.99619402883685 -1.89084422783938e-014
  outer loop
    vertex 95.7375967000097 30.9627250605597 -51.7000000262475
    vertex 95.4597567000091 30.9870350605597 -49.1000000262476
    vertex 95.4597567000097 30.9870350605597 -51.7000000262476
  endloop
endfacet
facet normal -0.0871633920278734 -0.99619402883685 -1.89084422783938e-014
  outer loop
    vertex 95.4597567000091 30.9870350605597 -49.1000000262476
    vertex 95.7375967000097 30.9627250605597 -51.7000000262475
    vertex 95.7375967000091 30.9627250605597 -49.1000000262475
  endloop
endfacet
facet normal 0.965928365707482 -0.258809567678001 2.09532259158755e-013
  outer loop
    vertex 93.9562467000097 29.9342650605597 -51.7000000262479
    vertex 93.8840667000091 29.6648750605597 -49.1000000262479
    vertex 93.8840667000096 29.6648750605597 -51.7000000262479
  endloop
endfacet
facet normal 0.965928365707482 -0.258809567678001 2.09532259158755e-013
  outer loop
    vertex 93.8840667000091 29.6648750605597 -49.1000000262479
    vertex 93.9562467000097 29.9342650605597 -51.7000000262479
    vertex 93.9562467000091 29.9342650605597 -49.1000000262479
  endloop
endfacet
facet normal 0.965928365707484 0.258809567677991 2.09529670801155e-013
  outer loop
    vertex 93.8840667000096 29.1091950605597 -51.7000000262479
    vertex 93.9562467000091 28.8398050605597 -49.1000000262479
    vertex 93.9562467000097 28.8398050605597 -51.7000000262479
  endloop
endfacet
facet normal 0.965928365707484 0.258809567677991 2.09529670801155e-013
  outer loop
    vertex 93.9562467000091 28.8398050605597 -49.1000000262479
    vertex 93.8840667000096 29.1091950605597 -51.7000000262479
    vertex 93.8840667000091 29.1091950605597 -49.1000000262479
  endloop
endfacet
facet normal 0.0871633920278805 -0.99619402883685 1.81514151331741e-014
  outer loop
    vertex 21.3177567000096 30.9870350605597 -51.7000000262636
    vertex 21.0399167000091 30.9627250605597 -49.1000000262637
    vertex 21.0399167000097 30.9627250605597 -51.7000000262637
  endloop
endfacet
facet normal 0.0871633920278805 -0.99619402883685 1.81514151331741e-014
  outer loop
    vertex 21.0399167000091 30.9627250605597 -49.1000000262637
    vertex 21.3177567000096 30.9870350605597 -51.7000000262636
    vertex 21.3177567000091 30.9870350605597 -49.1000000262636
  endloop
endfacet
facet normal 0.258809567678001 -0.965928365707482 5.38959174650405e-014
  outer loop
    vertex 21.0399167000097 30.9627250605597 -51.7000000262637
    vertex 20.7705267000091 30.8905450605597 -49.1000000262637
    vertex 20.7705267000096 30.8905450605597 -51.7000000262637
  endloop
endfacet
facet normal 0.258809567678001 -0.965928365707482 5.38959174650405e-014
  outer loop
    vertex 20.7705267000091 30.8905450605597 -49.1000000262637
    vertex 21.0399167000097 30.9627250605597 -51.7000000262637
    vertex 21.0399167000091 30.9627250605597 -49.1000000262637
  endloop
endfacet
facet normal -0.996194028836843 0.0871633920279607 -2.16094922415123e-013
  outer loop
    vertex 22.9177567000091 29.3870350605597 -49.1000000262632
    vertex 22.8934467000097 29.1091950605597 -51.7000000262632
    vertex 22.8934467000091 29.1091950605597 -49.1000000262633
  endloop
endfacet
facet normal -0.996194028836843 0.0871633920279607 -2.16094922415123e-013
  outer loop
    vertex 22.8934467000097 29.1091950605597 -51.7000000262632
    vertex 22.9177567000091 29.3870350605597 -49.1000000262632
    vertex 22.9177567000097 29.3870350605597 -51.7000000262632
  endloop
endfacet
facet normal -0.906305846178512 -0.422622423899456 -1.88729407969888e-013
  outer loop
    vertex 22.7033967000091 30.1870350605597 -49.1000000262633
    vertex 22.8212667000096 29.9342650605597 -51.7000000262633
    vertex 22.8212667000091 29.9342650605597 -49.1000000262633
  endloop
endfacet
facet normal -0.906305846178512 -0.422622423899456 -1.88729407969888e-013
  outer loop
    vertex 22.8212667000096 29.9342650605597 -51.7000000262633
    vertex 22.7033967000091 30.1870350605597 -49.1000000262633
    vertex 22.7033967000096 30.1870350605597 -51.7000000262633
  endloop
endfacet
facet normal -0.996194028836844 -0.0871633920279502 -2.16095373372129e-013
  outer loop
    vertex 22.8934467000091 29.6648750605597 -49.1000000262633
    vertex 22.9177567000097 29.3870350605597 -51.7000000262632
    vertex 22.9177567000091 29.3870350605597 -49.1000000262632
  endloop
endfacet
facet normal -0.996194028836844 -0.0871633920279502 -2.16095373372129e-013
  outer loop
    vertex 22.9177567000097 29.3870350605597 -51.7000000262632
    vertex 22.8934467000091 29.6648750605597 -49.1000000262633
    vertex 22.8934467000097 29.6648750605597 -51.7000000262632
  endloop
endfacet
facet normal -0.819151057385177 -0.573577845793181 -1.77689330937374e-013
  outer loop
    vertex 22.5434267000091 30.4154950605597 -49.1000000262633
    vertex 22.7033967000096 30.1870350605597 -51.7000000262633
    vertex 22.7033967000091 30.1870350605597 -49.1000000262633
  endloop
endfacet
facet normal -0.819151057385177 -0.573577845793181 -1.77689330937374e-013
  outer loop
    vertex 22.7033967000096 30.1870350605597 -51.7000000262633
    vertex 22.5434267000091 30.4154950605597 -49.1000000262633
    vertex 22.5434267000097 30.4154950605597 -51.7000000262633
  endloop
endfacet
facet normal -0.422622423899456 -0.906305846178512 -9.53465574675206e-014
  outer loop
    vertex 22.1177567000097 30.7726750605597 -51.7000000262634
    vertex 21.8649867000091 30.8905450605597 -49.1000000262635
    vertex 21.8649867000097 30.8905450605597 -51.7000000262635
  endloop
endfacet
facet normal -0.422622423899456 -0.906305846178512 -9.53465574675206e-014
  outer loop
    vertex 21.8649867000091 30.8905450605597 -49.1000000262635
    vertex 22.1177567000097 30.7726750605597 -51.7000000262634
    vertex 22.1177567000091 30.7726750605597 -49.1000000262634
  endloop
endfacet
facet normal 0.422622423899456 -0.906305846178512 8.80097092060736e-014
  outer loop
    vertex 20.7705267000096 30.8905450605597 -51.7000000262637
    vertex 20.5177567000091 30.7726750605597 -49.1000000262638
    vertex 20.5177567000096 30.7726750605597 -51.7000000262638
  endloop
endfacet
facet normal 0.422622423899456 -0.906305846178512 8.80097092060736e-014
  outer loop
    vertex 20.5177567000091 30.7726750605597 -49.1000000262638
    vertex 20.7705267000096 30.8905450605597 -51.7000000262637
    vertex 20.7705267000091 30.8905450605597 -49.1000000262637
  endloop
endfacet
facet normal -0.258809567677963 0.965928365707492 -5.38959174650328e-014
  outer loop
    vertex 95.7375967000091 27.8113450605597 -49.1000000262475
    vertex 96.0069867000097 27.8835250605597 -51.7000000262475
    vertex 95.7375967000097 27.8113450605597 -51.7000000262475
  endloop
endfacet
facet normal -0.258809567677963 0.965928365707492 -5.38959174650328e-014
  outer loop
    vertex 96.0069867000097 27.8835250605597 -51.7000000262475
    vertex 95.7375967000091 27.8113450605597 -49.1000000262475
    vertex 96.0069867000091 27.8835250605597 -49.1000000262475
  endloop
endfacet
facet normal -0.707106781186507 0.707106781186588 -1.47252504966912e-013
  outer loop
    vertex 96.4882167000091 28.1613650605597 -49.1000000262474
    vertex 96.6854267000097 28.3585750605597 -51.7000000262473
    vertex 96.4882167000096 28.1613650605597 -51.7000000262474
  endloop
endfacet
facet normal -0.707106781186507 0.707106781186588 -1.47252504966912e-013
  outer loop
    vertex 96.6854267000097 28.3585750605597 -51.7000000262473
    vertex 96.4882167000091 28.1613650605597 -49.1000000262474
    vertex 96.6854267000091 28.3585750605597 -49.1000000262473
  endloop
endfacet
facet normal 0.707106781186548 -0.707106781186548 1.53387568712654e-013
  outer loop
    vertex 20.2892967000097 30.6127050605597 -51.7000000262638
    vertex 20.0920867000091 30.4154950605597 -49.1000000262638
    vertex 20.0920867000097 30.4154950605597 -51.7000000262639
  endloop
endfacet
facet normal 0.707106781186548 -0.707106781186548 1.53387568712654e-013
  outer loop
    vertex 20.0920867000091 30.4154950605597 -49.1000000262638
    vertex 20.2892967000097 30.6127050605597 -51.7000000262638
    vertex 20.2892967000091 30.6127050605597 -49.1000000262638
  endloop
endfacet
facet normal 0.573577845793181 -0.819151057385177 1.24419719145897e-013
  outer loop
    vertex 20.5177567000096 30.7726750605597 -51.7000000262638
    vertex 20.2892967000091 30.6127050605597 -49.1000000262638
    vertex 20.2892967000097 30.6127050605597 -51.7000000262638
  endloop
endfacet
facet normal 0.573577845793181 -0.819151057385177 1.24419719145897e-013
  outer loop
    vertex 20.2892967000091 30.6127050605597 -49.1000000262638
    vertex 20.5177567000096 30.7726750605597 -51.7000000262638
    vertex 20.5177567000091 30.7726750605597 -49.1000000262638
  endloop
endfacet
facet normal 0.906305846178543 -0.42262242389939 1.96598268183274e-013
  outer loop
    vertex 19.9321167000096 30.1870350605597 -51.7000000262639
    vertex 19.8142467000091 29.9342650605597 -49.1000000262639
    vertex 19.8142467000097 29.9342650605597 -51.7000000262639
  endloop
endfacet
facet normal 0.906305846178543 -0.42262242389939 1.96598268183274e-013
  outer loop
    vertex 19.8142467000091 29.9342650605597 -49.1000000262639
    vertex 19.9321167000096 30.1870350605597 -51.7000000262639
    vertex 19.9321167000091 30.1870350605597 -49.1000000262639
  endloop
endfacet
facet normal 0.965928365707482 -0.258809567678001 2.09528724613633e-013
  outer loop
    vertex 19.8142467000097 29.9342650605597 -51.7000000262639
    vertex 19.7420667000091 29.6648750605597 -49.1000000262639
    vertex 19.7420667000096 29.6648750605597 -51.7000000262639
  endloop
endfacet
facet normal 0.965928365707482 -0.258809567678001 2.09528724613633e-013
  outer loop
    vertex 19.7420667000091 29.6648750605597 -49.1000000262639
    vertex 19.8142467000097 29.9342650605597 -51.7000000262639
    vertex 19.8142467000091 29.9342650605597 -49.1000000262639
  endloop
endfacet
facet normal 0.99619402883685 0.0871633920278805 2.07451332480144e-013
  outer loop
    vertex 19.7177567000096 29.3870350605597 -51.7000000262639
    vertex 19.7420667000091 29.1091950605597 -49.1000000262639
    vertex 19.7420667000096 29.1091950605597 -51.7000000262639
  endloop
endfacet
facet normal 0.99619402883685 0.0871633920278805 2.07451332480144e-013
  outer loop
    vertex 19.7420667000091 29.1091950605597 -49.1000000262639
    vertex 19.7177567000096 29.3870350605597 -51.7000000262639
    vertex 19.7177567000091 29.3870350605597 -49.1000000262639
  endloop
endfacet
facet normal 0.819151057385139 -0.573577845793235 1.70580019498888e-013
  outer loop
    vertex 20.0920867000097 30.4154950605597 -51.7000000262639
    vertex 19.9321167000091 30.1870350605597 -49.1000000262639
    vertex 19.9321167000096 30.1870350605597 -51.7000000262639
  endloop
endfacet
facet normal 0.819151057385139 -0.573577845793235 1.70580019498888e-013
  outer loop
    vertex 19.9321167000091 30.1870350605597 -49.1000000262639
    vertex 20.0920867000097 30.4154950605597 -51.7000000262639
    vertex 20.0920867000091 30.4154950605597 -49.1000000262638
  endloop
endfacet
facet normal 0.965928365707484 0.258809567677991 2.09528724613633e-013
  outer loop
    vertex 19.7420667000096 29.1091950605597 -51.7000000262639
    vertex 19.8142467000091 28.8398050605597 -49.1000000262639
    vertex 19.8142467000097 28.8398050605597 -51.7000000262639
  endloop
endfacet
facet normal 0.965928365707484 0.258809567677991 2.09528724613633e-013
  outer loop
    vertex 19.8142467000091 28.8398050605597 -49.1000000262639
    vertex 19.7420667000096 29.1091950605597 -51.7000000262639
    vertex 19.7420667000091 29.1091950605597 -49.1000000262639
  endloop
endfacet
facet normal 0.906305846178536 0.422622423899405 1.96598268183273e-013
  outer loop
    vertex 19.8142467000097 28.8398050605597 -51.7000000262639
    vertex 19.9321167000091 28.5870350605597 -49.1000000262639
    vertex 19.9321167000096 28.5870350605597 -51.7000000262639
  endloop
endfacet
facet normal 0.906305846178536 0.422622423899405 1.96598268183273e-013
  outer loop
    vertex 19.9321167000091 28.5870350605597 -49.1000000262639
    vertex 19.8142467000097 28.8398050605597 -51.7000000262639
    vertex 19.8142467000091 28.8398050605597 -49.1000000262639
  endloop
endfacet
facet normal -0.422622423899423 0.906305846178528 -8.80129677467398e-014
  outer loop
    vertex 96.0069867000091 27.8835250605597 -49.1000000262475
    vertex 96.2597567000097 28.0013950605597 -51.7000000262474
    vertex 96.0069867000097 27.8835250605597 -51.7000000262475
  endloop
endfacet
facet normal -0.422622423899423 0.906305846178528 -8.80129677467398e-014
  outer loop
    vertex 96.2597567000097 28.0013950605597 -51.7000000262474
    vertex 96.0069867000091 27.8835250605597 -49.1000000262475
    vertex 96.2597567000091 28.0013950605597 -49.1000000262474
  endloop
endfacet
facet normal -0.573577845793181 -0.819151057385177 -1.24419719145897e-013
  outer loop
    vertex 22.3462167000096 30.6127050605597 -51.7000000262634
    vertex 22.1177567000091 30.7726750605597 -49.1000000262634
    vertex 22.1177567000097 30.7726750605597 -51.7000000262634
  endloop
endfacet
facet normal -0.573577845793181 -0.819151057385177 -1.24419719145897e-013
  outer loop
    vertex 22.1177567000091 30.7726750605597 -49.1000000262634
    vertex 22.3462167000096 30.6127050605597 -51.7000000262634
    vertex 22.3462167000091 30.6127050605597 -49.1000000262634
  endloop
endfacet
facet normal 0.996194028836851 -0.0871633920278699 2.07451332480145e-013
  outer loop
    vertex 19.7420667000096 29.6648750605597 -51.7000000262639
    vertex 19.7177567000091 29.3870350605597 -49.1000000262639
    vertex 19.7177567000096 29.3870350605597 -51.7000000262639
  endloop
endfacet
facet normal 0.996194028836851 -0.0871633920278699 2.07451332480145e-013
  outer loop
    vertex 19.7177567000091 29.3870350605597 -49.1000000262639
    vertex 19.7420667000096 29.6648750605597 -51.7000000262639
    vertex 19.7420667000091 29.6648750605597 -49.1000000262639
  endloop
endfacet
facet normal -0.819151057385177 0.573577845793181 -1.77687211917571e-013
  outer loop
    vertex 96.8453967000091 28.5870350605597 -49.1000000262473
    vertex 96.6854267000097 28.3585750605597 -51.7000000262473
    vertex 96.6854267000091 28.3585750605597 -49.1000000262473
  endloop
endfacet
facet normal -0.819151057385177 0.573577845793181 -1.77687211917571e-013
  outer loop
    vertex 96.6854267000097 28.3585750605597 -51.7000000262473
    vertex 96.8453967000091 28.5870350605597 -49.1000000262473
    vertex 96.8453967000097 28.5870350605597 -51.7000000262473
  endloop
endfacet
facet normal -0.707106781186548 -0.707106781186548 -1.53387568712654e-013
  outer loop
    vertex 22.3462167000091 30.6127050605597 -49.1000000262634
    vertex 22.5434267000097 30.4154950605597 -51.7000000262633
    vertex 22.5434267000091 30.4154950605597 -49.1000000262633
  endloop
endfacet
facet normal -0.707106781186548 -0.707106781186548 -1.53387568712654e-013
  outer loop
    vertex 22.5434267000097 30.4154950605597 -51.7000000262633
    vertex 22.3462167000091 30.6127050605597 -49.1000000262634
    vertex 22.3462167000096 30.6127050605597 -51.7000000262634
  endloop
endfacet
facet normal -0.258809567678001 -0.965928365707482 -5.83869313768175e-014
  outer loop
    vertex 21.8649867000097 30.8905450605597 -51.7000000262635
    vertex 21.5955967000091 30.9627250605597 -49.1000000262635
    vertex 21.5955967000097 30.9627250605597 -51.7000000262635
  endloop
endfacet
facet normal -0.258809567678001 -0.965928365707482 -5.83869313768175e-014
  outer loop
    vertex 21.5955967000091 30.9627250605597 -49.1000000262635
    vertex 21.8649867000097 30.8905450605597 -51.7000000262635
    vertex 21.8649867000091 30.8905450605597 -49.1000000262635
  endloop
endfacet
facet normal 0.258809567677983 0.965928365707486 5.61413176606238e-014
  outer loop
    vertex 94.9125267000091 27.8835250605597 -49.1000000262477
    vertex 95.1819167000097 27.8113450605597 -51.7000000262477
    vertex 94.9125267000097 27.8835250605597 -51.7000000262477
  endloop
endfacet
facet normal 0.258809567677983 0.965928365707486 5.61413176606238e-014
  outer loop
    vertex 95.1819167000097 27.8113450605597 -51.7000000262477
    vertex 94.9125267000091 27.8835250605597 -49.1000000262477
    vertex 95.1819167000091 27.8113450605597 -49.1000000262477
  endloop
endfacet
facet normal -0.0871633920278734 0.99619402883685 -1.89079913213886e-014
  outer loop
    vertex 95.4597567000091 27.7870350605597 -49.1000000262476
    vertex 95.7375967000097 27.8113450605597 -51.7000000262475
    vertex 95.4597567000097 27.7870350605597 -51.7000000262476
  endloop
endfacet
facet normal -0.0871633920278734 0.99619402883685 -1.89079913213886e-014
  outer loop
    vertex 95.7375967000097 27.8113450605597 -51.7000000262475
    vertex 95.4597567000091 27.7870350605597 -49.1000000262476
    vertex 95.7375967000091 27.8113450605597 -49.1000000262475
  endloop
endfacet
facet normal 0.0871633920278734 0.99619402883685 1.89076717002781e-014
  outer loop
    vertex 95.1819167000091 27.8113450605597 -49.1000000262477
    vertex 95.4597567000097 27.7870350605597 -51.7000000262476
    vertex 95.1819167000097 27.8113450605597 -51.7000000262477
  endloop
endfacet
facet normal 0.0871633920278734 0.99619402883685 1.89076717002781e-014
  outer loop
    vertex 95.4597567000097 27.7870350605597 -51.7000000262476
    vertex 95.1819167000091 27.8113450605597 -49.1000000262477
    vertex 95.4597567000091 27.7870350605597 -49.1000000262476
  endloop
endfacet
facet normal -0.573577845793246 0.819151057385132 -1.19443435616874e-013
  outer loop
    vertex 96.2597567000091 28.0013950605597 -49.1000000262474
    vertex 96.4882167000096 28.1613650605597 -51.7000000262474
    vertex 96.2597567000097 28.0013950605597 -51.7000000262474
  endloop
endfacet
facet normal -0.573577845793246 0.819151057385132 -1.19443435616874e-013
  outer loop
    vertex 96.4882167000096 28.1613650605597 -51.7000000262474
    vertex 96.2597567000091 28.0013950605597 -49.1000000262474
    vertex 96.4882167000091 28.1613650605597 -49.1000000262474
  endloop
endfacet
facet normal -0.965928365707464 0.258809567678066 -2.0114949541305e-013
  outer loop
    vertex 97.0354467000091 29.1091950605597 -49.1000000262473
    vertex 96.9632667000096 28.8398050605597 -51.7000000262473
    vertex 96.9632667000091 28.8398050605597 -49.1000000262473
  endloop
endfacet
facet normal -0.965928365707464 0.258809567678066 -2.0114949541305e-013
  outer loop
    vertex 96.9632667000096 28.8398050605597 -51.7000000262473
    vertex 97.0354467000091 29.1091950605597 -49.1000000262473
    vertex 97.0354467000097 29.1091950605597 -51.7000000262473
  endloop
endfacet
facet normal -0.965928365707482 -0.258809567678001 -2.09528528206215e-013
  outer loop
    vertex 22.8212667000091 29.9342650605597 -49.1000000262633
    vertex 22.8934467000097 29.6648750605597 -51.7000000262632
    vertex 22.8934467000091 29.6648750605597 -49.1000000262633
  endloop
endfacet
facet normal -0.965928365707482 -0.258809567678001 -2.09528528206215e-013
  outer loop
    vertex 22.8934467000097 29.6648750605597 -51.7000000262632
    vertex 22.8212667000091 29.9342650605597 -49.1000000262633
    vertex 22.8212667000096 29.9342650605597 -51.7000000262633
  endloop
endfacet
facet normal -0.906305846178536 0.422622423899405 -1.96596638912937e-013
  outer loop
    vertex 96.9632667000091 28.8398050605597 -49.1000000262473
    vertex 96.8453967000097 28.5870350605597 -51.7000000262473
    vertex 96.8453967000091 28.5870350605597 -49.1000000262473
  endloop
endfacet
facet normal -0.906305846178536 0.422622423899405 -1.96596638912937e-013
  outer loop
    vertex 96.8453967000097 28.5870350605597 -51.7000000262473
    vertex 96.9632667000091 28.8398050605597 -49.1000000262473
    vertex 96.9632667000096 28.8398050605597 -51.7000000262473
  endloop
endfacet
facet normal -0.0871633920278734 -0.99619402883685 -1.89076717002781e-014
  outer loop
    vertex 21.5955967000097 30.9627250605597 -51.7000000262635
    vertex 21.3177567000091 30.9870350605597 -49.1000000262636
    vertex 21.3177567000096 30.9870350605597 -51.7000000262636
  endloop
endfacet
facet normal -0.0871633920278734 -0.99619402883685 -1.89076717002781e-014
  outer loop
    vertex 21.3177567000091 30.9870350605597 -49.1000000262636
    vertex 21.5955967000097 30.9627250605597 -51.7000000262635
    vertex 21.5955967000091 30.9627250605597 -49.1000000262635
  endloop
endfacet
facet normal 0.573577845793208 0.819151057385158 1.24421838165705e-013
  outer loop
    vertex 20.2892967000091 28.1613650605597 -49.1000000262638
    vertex 20.5177567000096 28.0013950605597 -51.7000000262638
    vertex 20.2892967000097 28.1613650605597 -51.7000000262638
  endloop
endfacet
facet normal 0.573577845793208 0.819151057385158 1.24421838165705e-013
  outer loop
    vertex 20.5177567000096 28.0013950605597 -51.7000000262638
    vertex 20.2892967000091 28.1613650605597 -49.1000000262638
    vertex 20.5177567000091 28.0013950605597 -49.1000000262638
  endloop
endfacet
facet normal 0.819151057385139 0.573577845793235 1.70580019498888e-013
  outer loop
    vertex 19.9321167000096 28.5870350605597 -51.7000000262639
    vertex 20.0920867000091 28.3585750605597 -49.1000000262638
    vertex 20.0920867000097 28.3585750605597 -51.7000000262639
  endloop
endfacet
facet normal 0.819151057385139 0.573577845793235 1.70580019498888e-013
  outer loop
    vertex 20.0920867000091 28.3585750605597 -49.1000000262638
    vertex 19.9321167000096 28.5870350605597 -51.7000000262639
    vertex 19.9321167000091 28.5870350605597 -49.1000000262639
  endloop
endfacet
facet normal 0.707106781186548 0.707106781186548 1.53387568712654e-013
  outer loop
    vertex 20.0920867000097 28.3585750605597 -51.7000000262639
    vertex 20.2892967000091 28.1613650605597 -49.1000000262638
    vertex 20.2892967000097 28.1613650605597 -51.7000000262638
  endloop
endfacet
facet normal 0.707106781186548 0.707106781186548 1.53387568712654e-013
  outer loop
    vertex 20.2892967000091 28.1613650605597 -49.1000000262638
    vertex 20.0920867000097 28.3585750605597 -51.7000000262639
    vertex 20.0920867000091 28.3585750605597 -49.1000000262638
  endloop
endfacet
facet normal 0.258809567677963 0.965928365707492 5.38959174650328e-014
  outer loop
    vertex 20.7705267000091 27.8835250605597 -49.1000000262637
    vertex 21.0399167000097 27.8113450605597 -51.7000000262637
    vertex 20.7705267000096 27.8835250605597 -51.7000000262637
  endloop
endfacet
facet normal 0.258809567677963 0.965928365707492 5.38959174650328e-014
  outer loop
    vertex 21.0399167000097 27.8113450605597 -51.7000000262637
    vertex 20.7705267000091 27.8835250605597 -49.1000000262637
    vertex 21.0399167000091 27.8113450605597 -49.1000000262637
  endloop
endfacet
facet normal 0.0871633920278805 0.99619402883685 1.81509641761689e-014
  outer loop
    vertex 21.0399167000091 27.8113450605597 -49.1000000262637
    vertex 21.3177567000096 27.7870350605597 -51.7000000262636
    vertex 21.0399167000097 27.8113450605597 -51.7000000262637
  endloop
endfacet
facet normal 0.0871633920278805 0.99619402883685 1.81509641761689e-014
  outer loop
    vertex 21.3177567000096 27.7870350605597 -51.7000000262636
    vertex 21.0399167000091 27.8113450605597 -49.1000000262637
    vertex 21.3177567000091 27.7870350605597 -49.1000000262636
  endloop
endfacet
facet normal -0.819151057385177 0.573577845793181 -1.77687211917571e-013
  outer loop
    vertex 22.7033967000091 28.5870350605597 -49.1000000262633
    vertex 22.5434267000097 28.3585750605597 -51.7000000262633
    vertex 22.5434267000091 28.3585750605597 -49.1000000262633
  endloop
endfacet
facet normal -0.819151057385177 0.573577845793181 -1.77687211917571e-013
  outer loop
    vertex 22.5434267000097 28.3585750605597 -51.7000000262633
    vertex 22.7033967000091 28.5870350605597 -49.1000000262633
    vertex 22.7033967000096 28.5870350605597 -51.7000000262633
  endloop
endfacet
facet normal 0.422622423899423 0.906305846178528 8.80097092060667e-014
  outer loop
    vertex 20.5177567000091 28.0013950605597 -49.1000000262638
    vertex 20.7705267000096 27.8835250605597 -51.7000000262637
    vertex 20.5177567000096 28.0013950605597 -51.7000000262638
  endloop
endfacet
facet normal 0.422622423899423 0.906305846178528 8.80097092060667e-014
  outer loop
    vertex 20.7705267000096 27.8835250605597 -51.7000000262637
    vertex 20.5177567000091 28.0013950605597 -49.1000000262638
    vertex 20.7705267000091 27.8835250605597 -49.1000000262637
  endloop
endfacet
facet normal -0.258809567677963 0.965928365707492 -5.8388270379168e-014
  outer loop
    vertex 21.5955967000091 27.8113450605597 -49.1000000262635
    vertex 21.8649867000097 27.8835250605597 -51.7000000262635
    vertex 21.5955967000097 27.8113450605597 -51.7000000262635
  endloop
endfacet
facet normal -0.258809567677963 0.965928365707492 -5.8388270379168e-014
  outer loop
    vertex 21.8649867000097 27.8835250605597 -51.7000000262635
    vertex 21.5955967000091 27.8113450605597 -49.1000000262635
    vertex 21.8649867000091 27.8835250605597 -49.1000000262635
  endloop
endfacet
facet normal -0.0871633920278734 0.99619402883685 -1.89076717002781e-014
  outer loop
    vertex 21.3177567000091 27.7870350605597 -49.1000000262636
    vertex 21.5955967000097 27.8113450605597 -51.7000000262635
    vertex 21.3177567000096 27.7870350605597 -51.7000000262636
  endloop
endfacet
facet normal -0.0871633920278734 0.99619402883685 -1.89076717002781e-014
  outer loop
    vertex 21.5955967000097 27.8113450605597 -51.7000000262635
    vertex 21.3177567000091 27.7870350605597 -49.1000000262636
    vertex 21.5955967000091 27.8113450605597 -49.1000000262635
  endloop
endfacet
facet normal -0.422622423899423 0.906305846178528 -9.53465574675132e-014
  outer loop
    vertex 21.8649867000091 27.8835250605597 -49.1000000262635
    vertex 22.1177567000097 28.0013950605597 -51.7000000262634
    vertex 21.8649867000097 27.8835250605597 -51.7000000262635
  endloop
endfacet
facet normal -0.422622423899423 0.906305846178528 -9.53465574675132e-014
  outer loop
    vertex 22.1177567000097 28.0013950605597 -51.7000000262634
    vertex 21.8649867000091 27.8835250605597 -49.1000000262635
    vertex 22.1177567000091 28.0013950605597 -49.1000000262634
  endloop
endfacet
facet normal -0.573577845793208 0.819151057385158 -1.24421838165705e-013
  outer loop
    vertex 22.1177567000091 28.0013950605597 -49.1000000262634
    vertex 22.3462167000096 28.1613650605597 -51.7000000262634
    vertex 22.1177567000097 28.0013950605597 -51.7000000262634
  endloop
endfacet
facet normal -0.573577845793208 0.819151057385158 -1.24421838165705e-013
  outer loop
    vertex 22.3462167000096 28.1613650605597 -51.7000000262634
    vertex 22.1177567000091 28.0013950605597 -49.1000000262634
    vertex 22.3462167000091 28.1613650605597 -49.1000000262634
  endloop
endfacet
facet normal -0.965928365707484 0.258809567677991 -2.09528528206215e-013
  outer loop
    vertex 22.8934467000091 29.1091950605597 -49.1000000262633
    vertex 22.8212667000096 28.8398050605597 -51.7000000262633
    vertex 22.8212667000091 28.8398050605597 -49.1000000262633
  endloop
endfacet
facet normal -0.965928365707484 0.258809567677991 -2.09528528206215e-013
  outer loop
    vertex 22.8212667000096 28.8398050605597 -51.7000000262633
    vertex 22.8934467000091 29.1091950605597 -49.1000000262633
    vertex 22.8934467000097 29.1091950605597 -51.7000000262632
  endloop
endfacet
facet normal -0.906305846178505 0.422622423899472 -1.88731594490375e-013
  outer loop
    vertex 22.8212667000091 28.8398050605597 -49.1000000262633
    vertex 22.7033967000096 28.5870350605597 -51.7000000262633
    vertex 22.7033967000091 28.5870350605597 -49.1000000262633
  endloop
endfacet
facet normal -0.906305846178505 0.422622423899472 -1.88731594490375e-013
  outer loop
    vertex 22.7033967000096 28.5870350605597 -51.7000000262633
    vertex 22.8212667000091 28.8398050605597 -49.1000000262633
    vertex 22.8212667000096 28.8398050605597 -51.7000000262633
  endloop
endfacet
facet normal -0.707106781186548 0.707106781186548 -1.53387568712654e-013
  outer loop
    vertex 22.5434267000091 28.3585750605597 -49.1000000262633
    vertex 22.3462167000096 28.1613650605597 -51.7000000262634
    vertex 22.3462167000091 28.1613650605597 -49.1000000262634
  endloop
endfacet
facet normal -0.707106781186548 0.707106781186548 -1.53387568712654e-013
  outer loop
    vertex 22.3462167000096 28.1613650605597 -51.7000000262634
    vertex 22.5434267000091 28.3585750605597 -49.1000000262633
    vertex 22.5434267000097 28.3585750605597 -51.7000000262633
  endloop
endfacet
facet normal -0.760465068560258 0.649374701507903 -0.00231873697617607
  outer loop
    vertex 59.6912867000091 65.5290350605598 -49.1000000262576
    vertex 59.6142837000097 65.4295750605597 -51.7000000262576
    vertex 59.5101767000091 65.3169420605597 -49.1000000262577
  endloop
endfacet
facet normal -0.86602543654873 0.499999943250578 -1.87260165765808e-013
  outer loop
    vertex 61.5640387000097 66.4580350605597 -51.7000000262572
    vertex 59.9763257000102 63.7080350605597 -54.1000000262575
    vertex 59.9763257000097 63.7080350605597 -51.7000000262575
  endloop
endfacet
facet normal -0.86602543654873 0.499999943250578 -1.87260165765808e-013
  outer loop
    vertex 59.9763257000102 63.7080350605597 -54.1000000262575
    vertex 61.5640387000097 66.4580350605597 -51.7000000262572
    vertex 61.5640387000102 66.4580350605597 -54.1000000262572
  endloop
endfacet
facet normal -0.573576303876311 0.819148855307818 0.00231872367488559
  outer loop
    vertex 59.2949889000091 65.1395200605597 -49.1000000262577
    vertex 59.4170727000097 65.2323640605597 -51.7000000262576
    vertex 59.1886127000097 65.0723940605597 -51.7000000262577
  endloop
endfacet
facet normal -0.707104880251793 0.707104880251712 0.00231876008025007
  outer loop
    vertex 59.6142837000097 65.4295750605597 -51.7000000262576
    vertex 59.4170727000097 65.2323640605597 -51.7000000262576
    vertex 59.5101767000091 65.3169420605597 -49.1000000262577
  endloop
endfacet
facet normal -0.636150941946535 0.771561146111618 -0.00231880819891664
  outer loop
    vertex 59.5101767000091 65.3169420605597 -49.1000000262577
    vertex 59.4170727000097 65.2323640605597 -51.7000000262576
    vertex 59.2949889000091 65.1395200605597 -49.1000000262577
  endloop
endfacet
facet normal -0.492504617125544 0.870306741486276 -0.00231901564500132
  outer loop
    vertex 59.2949889000091 65.1395200605597 -49.1000000262577
    vertex 59.1886127000097 65.0723940605597 -51.7000000262577
    vertex 59.0522613000091 65.0021610605597 -49.1000000262577
  endloop
endfacet
facet normal -0.86167683838214 0.507452114391088 -0.00231900749772809
  outer loop
    vertex 59.8328147000091 65.7693560605597 -49.1000000262576
    vertex 59.7742537000097 65.6580350605597 -51.7000000262576
    vertex 59.6912867000091 65.5290350605598 -49.1000000262576
  endloop
endfacet
facet normal -0.422615473900364 0.906306121168306 0.00231861010761475
  outer loop
    vertex 59.0522613000091 65.0021610605597 -49.1000000262577
    vertex 59.1886127000097 65.0723940605597 -51.7000000262577
    vertex 58.9358449000097 64.9545270605597 -51.7000000262578
  endloop
endfacet
facet normal 0.86602543654873 0.499999943250578 1.87260165765808e-013
  outer loop
    vertex 55.2131867000102 66.4580350605597 -54.1000000262586
    vertex 56.8008997000097 63.7080350605597 -51.7000000262582
    vertex 56.8008997000102 63.7080350605597 -54.1000000262582
  endloop
endfacet
facet normal 0.86602543654873 0.499999943250578 1.87260165765808e-013
  outer loop
    vertex 56.8008997000097 63.7080350605597 -51.7000000262582
    vertex 55.2131867000102 66.4580350605597 -54.1000000262586
    vertex 55.2131867000097 66.4580350605597 -51.7000000262586
  endloop
endfacet
facet normal 0.0 -1.0 0.0
  outer loop
    vertex 59.9763257000102 69.2080350605597 -54.1000000262575
    vertex 56.8008997000097 69.2080350605597 -51.7000000262582
    vertex 56.8008997000102 69.2080350605597 -54.1000000262582
  endloop
endfacet
facet normal 0.0 -1.0 0.0
  outer loop
    vertex 56.8008997000097 69.2080350605597 -51.7000000262582
    vertex 59.9763257000102 69.2080350605597 -54.1000000262575
    vertex 59.9763257000097 69.2080350605597 -51.7000000262575
  endloop
endfacet
facet normal 0.0 1.0 0.0
  outer loop
    vertex 56.8008997000097 63.7080350605597 -51.7000000262582
    vertex 59.9763257000102 63.7080350605597 -54.1000000262575
    vertex 56.8008997000102 63.7080350605597 -54.1000000262582
  endloop
endfacet
facet normal 0.0 1.0 0.0
  outer loop
    vertex 59.9763257000102 63.7080350605597 -54.1000000262575
    vertex 56.8008997000097 63.7080350605597 -51.7000000262582
    vertex 59.9763257000097 63.7080350605597 -51.7000000262575
  endloop
endfacet
facet normal -0.81914885506044 0.573576303703175 0.00231885389209309
  outer loop
    vertex 59.7742537000097 65.6580350605597 -51.7000000262576
    vertex 59.6142837000097 65.4295750605597 -51.7000000262576
    vertex 59.6912867000091 65.5290350605598 -49.1000000262576
  endloop
endfacet
facet normal 0.866025436548727 -0.499999943250585 1.87260165765809e-013
  outer loop
    vertex 56.8008997000102 69.2080350605597 -54.1000000262582
    vertex 55.2131867000097 66.4580350605597 -51.7000000262586
    vertex 55.2131867000102 66.4580350605597 -54.1000000262586
  endloop
endfacet
facet normal 0.866025436548727 -0.499999943250585 1.87260165765809e-013
  outer loop
    vertex 55.2131867000097 66.4580350605597 -51.7000000262586
    vertex 56.8008997000102 69.2080350605597 -54.1000000262582
    vertex 56.8008997000097 69.2080350605597 -51.7000000262582
  endloop
endfacet
facet normal 0.760465068560179 -0.649374701507996 -0.00231873697585967
  outer loop
    vertex 57.2670487000091 67.5991280605598 -49.1000000262581
    vertex 57.0859387000091 67.3870350605597 -49.1000000262582
    vertex 57.1629417000097 67.4864950605597 -51.7000000262581
  endloop
endfacet
facet normal 0.707104880251711 -0.707104880251793 0.00231876008054515
  outer loop
    vertex 57.2670487000091 67.5991280605598 -49.1000000262581
    vertex 57.1629417000097 67.4864950605597 -51.7000000262581
    vertex 57.3601527000097 67.6837060605597 -51.7000000262581
  endloop
endfacet
facet normal 0.93670201532209 -0.350119919585721 -0.00231870671327263
  outer loop
    vertex 56.9444107000091 67.1467140605597 -49.1000000262582
    vertex 56.8467627000091 66.8854690605597 -49.1000000262582
    vertex 56.8851047000097 67.0052670605597 -51.7000000262582
  endloop
endfacet
facet normal -0.0871640601568127 0.996191266893875 0.00232085789217369
  outer loop
    vertex 58.5143000000091 64.8629750605597 -49.1000000262579
    vertex 58.6664498000096 64.8823450605597 -51.7000000262578
    vertex 58.3886127000097 64.8580350605597 -51.7000000262579
  endloop
endfacet
facet normal 0.942606565749889 0.333897417690462 -0.0023187636450428
  outer loop
    vertex 56.8396147000091 66.0572790605597 -49.1000000262582
    vertex 56.9327387000091 65.7943860605597 -49.1000000262582
    vertex 56.8851047000097 65.9108030605597 -51.7000000262582
  endloop
endfacet
facet normal -0.258810990877722 0.965925199753688 0.00231937096843849
  outer loop
    vertex 58.7893690000091 64.9090370605597 -49.1000000262578
    vertex 58.9358449000097 64.9545270605597 -51.7000000262578
    vertex 58.6664498000096 64.8823450605597 -51.7000000262578
  endloop
endfacet
facet normal 0.90630624935388 -0.422615199283919 0.00231855910363669
  outer loop
    vertex 57.0029717000097 67.2580350605597 -51.7000000262582
    vertex 56.9444107000091 67.1467140605597 -49.1000000262582
    vertex 56.8851047000097 67.0052670605597 -51.7000000262582
  endloop
endfacet
facet normal 0.861676838382161 -0.507452114391052 -0.00231900749735668
  outer loop
    vertex 57.0859387000091 67.3870350605597 -49.1000000262582
    vertex 56.9444107000091 67.1467140605597 -49.1000000262582
    vertex 57.0029717000097 67.2580350605597 -51.7000000262582
  endloop
endfacet
facet normal 0.350119096441339 0.936702322967873 -0.00231871811371977
  outer loop
    vertex 57.9611789000091 64.9161850605597 -49.100000026258
    vertex 57.8413805000097 64.9545270605597 -51.700000026258
    vertex 57.6999332000091 65.0138330605597 -49.100000026258
  endloop
endfacet
facet normal -0.165156107639336 0.986264716517809 -0.00231712353355088
  outer loop
    vertex 58.7893690000091 64.9090370605597 -49.1000000262578
    vertex 58.6664498000096 64.8823450605597 -51.7000000262578
    vertex 58.5143000000091 64.8629750605597 -49.1000000262579
  endloop
endfacet
facet normal -0.866025436548727 -0.499999943250585 -1.87260165765809e-013
  outer loop
    vertex 59.9763257000097 69.2080350605597 -51.7000000262575
    vertex 61.5640387000102 66.4580350605597 -54.1000000262572
    vertex 61.5640387000097 66.4580350605597 -51.7000000262572
  endloop
endfacet
facet normal -0.866025436548727 -0.499999943250585 -1.87260165765809e-013
  outer loop
    vertex 61.5640387000102 66.4580350605597 -54.1000000262572
    vertex 59.9763257000097 69.2080350605597 -51.7000000262575
    vertex 59.9763257000102 69.2080350605597 -54.1000000262575
  endloop
endfacet
facet normal 0.649374701507997 0.760465068560178 -0.0023187369758762
  outer loop
    vertex 57.4596127000091 65.1553610605597 -49.1000000262581
    vertex 57.3601527000097 65.2323640605597 -51.7000000262581
    vertex 57.2475197000091 65.3364710605597 -49.1000000262581
  endloop
endfacet
facet normal 0.707104880251711 0.707104880251793 0.00231876008054456
  outer loop
    vertex 57.2475197000091 65.3364710605597 -49.1000000262581
    vertex 57.3601527000097 65.2323640605597 -51.7000000262581
    vertex 57.1629417000097 65.4295750605597 -51.7000000262581
  endloop
endfacet
facet normal 0.258810990878481 0.965925199756365 0.00231936976906223
  outer loop
    vertex 57.9611789000091 64.9161850605597 -49.100000026258
    vertex 58.1107756000097 64.8823450605597 -51.7000000262579
    vertex 57.8413805000097 64.9545270605597 -51.700000026258
  endloop
endfacet
facet normal -0.9961918911848 -0.087156975100228 0.0023189715457035
  outer loop
    vertex 59.9643047000097 66.7358720605597 -51.7000000262575
    vertex 59.9886127000097 66.4580350605597 -51.7000000262575
    vertex 59.9836687000091 66.5837220605597 -49.1000000262575
  endloop
endfacet
facet normal -0.965923383669318 0.258817771401755 0.00231907038372318
  outer loop
    vertex 59.9643047000097 66.1801980605597 -51.7000000262575
    vertex 59.8921207000097 65.9108030605597 -51.7000000262576
    vertex 59.9304627000091 66.0306010605597 -49.1000000262576
  endloop
endfacet
facet normal 0.819148855060489 -0.573576303703104 0.0023188538924434
  outer loop
    vertex 57.1629417000097 67.4864950605597 -51.7000000262581
    vertex 57.0859387000091 67.3870350605597 -49.1000000262582
    vertex 57.0029717000097 67.2580350605597 -51.7000000262582
  endloop
endfacet
facet normal 0.57357630370312 0.819148855060478 0.00231885389239841
  outer loop
    vertex 57.4596127000091 65.1553610605597 -49.1000000262581
    vertex 57.5886127000097 65.0723940605597 -51.7000000262581
    vertex 57.3601527000097 65.2323640605597 -51.7000000262581
  endloop
endfacet
facet normal 0.9961918911848 0.0871569751002211 0.00231897154615337
  outer loop
    vertex 56.7886127000097 66.4580350605597 -51.7000000262582
    vertex 56.7935567000091 66.3323480605597 -49.1000000262582
    vertex 56.8129207000097 66.1801980605597 -51.7000000262582
  endloop
endfacet
facet normal 0.0871640603622615 0.996191269242107 0.00231984201287517
  outer loop
    vertex 58.2354120000091 64.8653850605597 -49.1000000262579
    vertex 58.3886127000097 64.8580350605597 -51.7000000262579
    vertex 58.1107756000097 64.8823450605597 -51.7000000262579
  endloop
endfacet
facet normal 0.983269659955368 -0.182141155353451 -0.00231847746700871
  outer loop
    vertex 56.8467627000091 66.8854690605597 -49.1000000262582
    vertex 56.7959637000091 66.6112360605597 -49.1000000262582
    vertex 56.8129207000097 66.7358720605597 -51.7000000262582
  endloop
endfacet
facet normal -0.983269659955335 0.182141155353622 -0.0023184774674437
  outer loop
    vertex 59.9812617000091 66.3048340605597 -49.1000000262575
    vertex 59.9643047000097 66.1801980605597 -51.7000000262575
    vertex 59.9304627000091 66.0306010605597 -49.1000000262576
  endloop
endfacet
facet normal 0.507452898362038 0.861676376835819 -0.0023189538722828
  outer loop
    vertex 57.6999332000091 65.0138330605597 -49.100000026258
    vertex 57.5886127000097 65.0723940605597 -51.7000000262581
    vertex 57.4596127000091 65.1553610605597 -49.1000000262581
  endloop
endfacet
facet normal -0.333898207606129 0.942606285849526 -0.00231880020168942
  outer loop
    vertex 59.0522613000091 65.0021610605597 -49.1000000262577
    vertex 58.9358449000097 64.9545270605597 -51.7000000262578
    vertex 58.7893690000091 64.9090370605597 -49.1000000262578
  endloop
endfacet
facet normal 0.870306219683639 0.492505539266483 -0.00231900232960123
  outer loop
    vertex 56.9327387000091 65.7943860605597 -49.1000000262582
    vertex 57.0700977000091 65.5516590605597 -49.1000000262582
    vertex 57.0029717000097 65.6580350605597 -51.7000000262582
  endloop
endfacet
facet normal 0.819148855391658 0.573576303934936 0.00231867955417052
  outer loop
    vertex 57.0029717000097 65.6580350605597 -51.7000000262582
    vertex 57.0700977000091 65.5516590605597 -49.1000000262582
    vertex 57.1629417000097 65.4295750605597 -51.7000000262581
  endloop
endfacet
facet normal 2.15502381863606e-013 2.10306405624473e-030 -1.0
  outer loop
    vertex 56.8008997000097 69.2080350605597 -51.7000000262582
    vertex 56.7886127000097 66.4580350605597 -51.7000000262582
    vertex 55.2131867000097 66.4580350605597 -51.7000000262586
  endloop
endfacet
facet normal 2.15502381863606e-013 2.10306405624473e-030 -1.0
  outer loop
    vertex 56.7886127000097 66.4580350605597 -51.7000000262582
    vertex 56.8008997000097 69.2080350605597 -51.7000000262582
    vertex 56.8129207000097 66.7358720605597 -51.7000000262582
  endloop
endfacet
facet normal 2.15502381863606e-013 2.10306405624473e-030 -1.0
  outer loop
    vertex 56.8129207000097 66.7358720605597 -51.7000000262582
    vertex 56.8008997000097 69.2080350605597 -51.7000000262582
    vertex 56.8851047000097 67.0052670605597 -51.7000000262582
  endloop
endfacet
facet normal 2.15502381863606e-013 2.10306405624473e-030 -1.0
  outer loop
    vertex 56.8851047000097 67.0052670605597 -51.7000000262582
    vertex 56.8008997000097 69.2080350605597 -51.7000000262582
    vertex 57.0029717000097 67.2580350605597 -51.7000000262582
  endloop
endfacet
facet normal 2.15502381863606e-013 2.10306405624473e-030 -1.0
  outer loop
    vertex 57.0029717000097 67.2580350605597 -51.7000000262582
    vertex 56.8008997000097 69.2080350605597 -51.7000000262582
    vertex 57.1629417000097 67.4864950605597 -51.7000000262581
  endloop
endfacet
facet normal 2.15502381863606e-013 2.10306405624473e-030 -1.0
  outer loop
    vertex 57.1629417000097 67.4864950605597 -51.7000000262581
    vertex 56.8008997000097 69.2080350605597 -51.7000000262582
    vertex 57.3601527000097 67.6837060605597 -51.7000000262581
  endloop
endfacet
facet normal 2.15502381863606e-013 2.10306405624473e-030 -1.0
  outer loop
    vertex 57.3601527000097 67.6837060605597 -51.7000000262581
    vertex 56.8008997000097 69.2080350605597 -51.7000000262582
    vertex 57.5886127000097 67.8436760605597 -51.7000000262581
  endloop
endfacet
facet normal 2.15502381863606e-013 2.10306405624473e-030 -1.0
  outer loop
    vertex 57.5886127000097 67.8436760605597 -51.7000000262581
    vertex 56.8008997000097 69.2080350605597 -51.7000000262582
    vertex 59.9763257000097 69.2080350605597 -51.7000000262575
  endloop
endfacet
facet normal 2.15502381863606e-013 2.10306405624473e-030 -1.0
  outer loop
    vertex 57.5886127000097 67.8436760605597 -51.7000000262581
    vertex 59.9763257000097 69.2080350605597 -51.7000000262575
    vertex 57.8413805000097 67.9615430605597 -51.700000026258
  endloop
endfacet
facet normal 2.15502381863606e-013 2.10306405624473e-030 -1.0
  outer loop
    vertex 57.8413805000097 67.9615430605597 -51.700000026258
    vertex 59.9763257000097 69.2080350605597 -51.7000000262575
    vertex 58.1107756000097 68.0337270605597 -51.7000000262579
  endloop
endfacet
facet normal 2.15502381863606e-013 2.10306405624473e-030 -1.0
  outer loop
    vertex 58.1107756000097 68.0337270605597 -51.7000000262579
    vertex 59.9763257000097 69.2080350605597 -51.7000000262575
    vertex 58.3886127000097 68.0580350605597 -51.7000000262579
  endloop
endfacet
facet normal 2.15502381863606e-013 2.10306405624473e-030 -1.0
  outer loop
    vertex 58.3886127000097 68.0580350605597 -51.7000000262579
    vertex 59.9763257000097 69.2080350605597 -51.7000000262575
    vertex 58.6664498000096 68.0337270605597 -51.7000000262578
  endloop
endfacet
facet normal 2.15502381863606e-013 2.10306405624473e-030 -1.0
  outer loop
    vertex 58.6664498000096 68.0337270605597 -51.7000000262578
    vertex 59.9763257000097 69.2080350605597 -51.7000000262575
    vertex 58.9358449000097 67.9615430605597 -51.7000000262578
  endloop
endfacet
facet normal 2.15502381863606e-013 2.10306405624473e-030 -1.0
  outer loop
    vertex 58.9358449000097 67.9615430605597 -51.7000000262578
    vertex 59.9763257000097 69.2080350605597 -51.7000000262575
    vertex 59.1886127000097 67.8436760605597 -51.7000000262577
  endloop
endfacet
facet normal 2.15502381863606e-013 2.10306405624473e-030 -1.0
  outer loop
    vertex 59.1886127000097 67.8436760605597 -51.7000000262577
    vertex 59.9763257000097 69.2080350605597 -51.7000000262575
    vertex 59.4170727000097 67.6837060605597 -51.7000000262576
  endloop
endfacet
facet normal 2.15502381863606e-013 2.10306405624473e-030 -1.0
  outer loop
    vertex 59.4170727000097 67.6837060605597 -51.7000000262576
    vertex 59.9763257000097 69.2080350605597 -51.7000000262575
    vertex 59.6142837000097 67.4864950605597 -51.7000000262576
  endloop
endfacet
facet normal 2.15502381863606e-013 2.10306405624473e-030 -1.0
  outer loop
    vertex 59.6142837000097 67.4864950605597 -51.7000000262576
    vertex 59.9763257000097 69.2080350605597 -51.7000000262575
    vertex 59.7742537000097 67.2580350605597 -51.7000000262576
  endloop
endfacet
facet normal 2.15502381863606e-013 2.10306405624473e-030 -1.0
  outer loop
    vertex 59.7742537000097 67.2580350605597 -51.7000000262576
    vertex 59.9763257000097 69.2080350605597 -51.7000000262575
    vertex 59.8921207000097 67.0052670605597 -51.7000000262576
  endloop
endfacet
facet normal 2.15502381863606e-013 2.10306405624473e-030 -1.0
  outer loop
    vertex 59.8921207000097 67.0052670605597 -51.7000000262576
    vertex 59.9763257000097 69.2080350605597 -51.7000000262575
    vertex 59.9643047000097 66.7358720605597 -51.7000000262575
  endloop
endfacet
facet normal 2.15502381863606e-013 2.10306405624473e-030 -1.0
  outer loop
    vertex 59.9643047000097 66.7358720605597 -51.7000000262575
    vertex 59.9763257000097 69.2080350605597 -51.7000000262575
    vertex 59.9886127000097 66.4580350605597 -51.7000000262575
  endloop
endfacet
facet normal 2.15502381863606e-013 2.10306405624473e-030 -1.0
  outer loop
    vertex 59.9886127000097 66.4580350605597 -51.7000000262575
    vertex 59.9763257000097 69.2080350605597 -51.7000000262575
    vertex 61.5640387000097 66.4580350605597 -51.7000000262572
  endloop
endfacet
facet normal 2.15502381863606e-013 2.10306405624473e-030 -1.0
  outer loop
    vertex 56.7886127000097 66.4580350605597 -51.7000000262582
    vertex 56.8008997000097 63.7080350605597 -51.7000000262582
    vertex 55.2131867000097 66.4580350605597 -51.7000000262586
  endloop
endfacet
facet normal 2.15502381863606e-013 2.10306405624473e-030 -1.0
  outer loop
    vertex 56.8008997000097 63.7080350605597 -51.7000000262582
    vertex 56.7886127000097 66.4580350605597 -51.7000000262582
    vertex 56.8129207000097 66.1801980605597 -51.7000000262582
  endloop
endfacet
facet normal 2.15502381863606e-013 2.10306405624473e-030 -1.0
  outer loop
    vertex 56.8008997000097 63.7080350605597 -51.7000000262582
    vertex 56.8129207000097 66.1801980605597 -51.7000000262582
    vertex 56.8851047000097 65.9108030605597 -51.7000000262582
  endloop
endfacet
facet normal 2.15502381863606e-013 2.10306405624473e-030 -1.0
  outer loop
    vertex 56.8008997000097 63.7080350605597 -51.7000000262582
    vertex 56.8851047000097 65.9108030605597 -51.7000000262582
    vertex 57.0029717000097 65.6580350605597 -51.7000000262582
  endloop
endfacet
facet normal 2.15502381863606e-013 2.10306405624473e-030 -1.0
  outer loop
    vertex 56.8008997000097 63.7080350605597 -51.7000000262582
    vertex 57.0029717000097 65.6580350605597 -51.7000000262582
    vertex 57.1629417000097 65.4295750605597 -51.7000000262581
  endloop
endfacet
facet normal 2.15502381863606e-013 2.10306405624473e-030 -1.0
  outer loop
    vertex 56.8008997000097 63.7080350605597 -51.7000000262582
    vertex 57.1629417000097 65.4295750605597 -51.7000000262581
    vertex 57.3601527000097 65.2323640605597 -51.7000000262581
  endloop
endfacet
facet normal 2.15502381863606e-013 2.10306405624473e-030 -1.0
  outer loop
    vertex 56.8008997000097 63.7080350605597 -51.7000000262582
    vertex 57.3601527000097 65.2323640605597 -51.7000000262581
    vertex 57.5886127000097 65.0723940605597 -51.7000000262581
  endloop
endfacet
facet normal 2.15502381863606e-013 2.10306405624473e-030 -1.0
  outer loop
    vertex 56.8008997000097 63.7080350605597 -51.7000000262582
    vertex 57.5886127000097 65.0723940605597 -51.7000000262581
    vertex 59.9763257000097 63.7080350605597 -51.7000000262575
  endloop
endfacet
facet normal 2.15502381863606e-013 2.10306405624473e-030 -1.0
  outer loop
    vertex 59.9763257000097 63.7080350605597 -51.7000000262575
    vertex 57.5886127000097 65.0723940605597 -51.7000000262581
    vertex 57.8413805000097 64.9545270605597 -51.700000026258
  endloop
endfacet
facet normal 2.15502381863606e-013 2.10306405624473e-030 -1.0
  outer loop
    vertex 59.9763257000097 63.7080350605597 -51.7000000262575
    vertex 57.8413805000097 64.9545270605597 -51.700000026258
    vertex 58.1107756000097 64.8823450605597 -51.7000000262579
  endloop
endfacet
facet normal 2.15502381863606e-013 2.10306405624473e-030 -1.0
  outer loop
    vertex 59.9763257000097 63.7080350605597 -51.7000000262575
    vertex 58.1107756000097 64.8823450605597 -51.7000000262579
    vertex 58.3886127000097 64.8580350605597 -51.7000000262579
  endloop
endfacet
facet normal 2.15502381863606e-013 2.10306405624473e-030 -1.0
  outer loop
    vertex 59.9763257000097 63.7080350605597 -51.7000000262575
    vertex 58.3886127000097 64.8580350605597 -51.7000000262579
    vertex 58.6664498000096 64.8823450605597 -51.7000000262578
  endloop
endfacet
facet normal 2.15502381863606e-013 2.10306405624473e-030 -1.0
  outer loop
    vertex 59.9763257000097 63.7080350605597 -51.7000000262575
    vertex 58.6664498000096 64.8823450605597 -51.7000000262578
    vertex 58.9358449000097 64.9545270605597 -51.7000000262578
  endloop
endfacet
facet normal 2.15502381863606e-013 2.10306405624473e-030 -1.0
  outer loop
    vertex 59.9763257000097 63.7080350605597 -51.7000000262575
    vertex 58.9358449000097 64.9545270605597 -51.7000000262578
    vertex 59.1886127000097 65.0723940605597 -51.7000000262577
  endloop
endfacet
facet normal 2.15502381863606e-013 2.10306405624473e-030 -1.0
  outer loop
    vertex 59.9763257000097 63.7080350605597 -51.7000000262575
    vertex 59.1886127000097 65.0723940605597 -51.7000000262577
    vertex 59.4170727000097 65.2323640605597 -51.7000000262576
  endloop
endfacet
facet normal 2.15502381863606e-013 2.10306405624473e-030 -1.0
  outer loop
    vertex 59.9763257000097 63.7080350605597 -51.7000000262575
    vertex 59.4170727000097 65.2323640605597 -51.7000000262576
    vertex 59.6142837000097 65.4295750605597 -51.7000000262576
  endloop
endfacet
facet normal 2.15502381863606e-013 2.10306405624473e-030 -1.0
  outer loop
    vertex 59.9763257000097 63.7080350605597 -51.7000000262575
    vertex 59.6142837000097 65.4295750605597 -51.7000000262576
    vertex 59.7742537000097 65.6580350605597 -51.7000000262576
  endloop
endfacet
facet normal 2.15502381863606e-013 2.10306405624473e-030 -1.0
  outer loop
    vertex 59.9763257000097 63.7080350605597 -51.7000000262575
    vertex 59.7742537000097 65.6580350605597 -51.7000000262576
    vertex 59.8921207000097 65.9108030605597 -51.7000000262576
  endloop
endfacet
facet normal 2.15502381863606e-013 2.10306405624473e-030 -1.0
  outer loop
    vertex 59.9763257000097 63.7080350605597 -51.7000000262575
    vertex 59.8921207000097 65.9108030605597 -51.7000000262576
    vertex 59.9643047000097 66.1801980605597 -51.7000000262575
  endloop
endfacet
facet normal 2.15502381863606e-013 2.10306405624473e-030 -1.0
  outer loop
    vertex 59.9763257000097 63.7080350605597 -51.7000000262575
    vertex 59.9643047000097 66.1801980605597 -51.7000000262575
    vertex 59.9886127000097 66.4580350605597 -51.7000000262575
  endloop
endfacet
facet normal 2.15502381863606e-013 2.10306405624473e-030 -1.0
  outer loop
    vertex 59.9763257000097 63.7080350605597 -51.7000000262575
    vertex 59.9886127000097 66.4580350605597 -51.7000000262575
    vertex 61.5640387000097 66.4580350605597 -51.7000000262572
  endloop
endfacet
facet normal -0.999960069542831 0.00863036017106004 -0.00231866410123706
  outer loop
    vertex 59.9836687000091 66.5837220605597 -49.1000000262575
    vertex 59.9886127000097 66.4580350605597 -51.7000000262575
    vertex 59.9812617000091 66.3048340605597 -49.1000000262575
  endloop
endfacet
facet normal -0.936702015322153 0.350119919585553 -0.00231870671368963
  outer loop
    vertex 59.9304627000091 66.0306010605597 -49.1000000262576
    vertex 59.8921207000097 65.9108030605597 -51.7000000262576
    vertex 59.8328147000091 65.7693560605597 -49.1000000262576
  endloop
endfacet
facet normal -0.906306249353866 0.42261519928395 0.00231855910324551
  outer loop
    vertex 59.8921207000097 65.9108030605597 -51.7000000262576
    vertex 59.7742537000097 65.6580350605597 -51.7000000262576
    vertex 59.8328147000091 65.7693560605597 -49.1000000262576
  endloop
endfacet
facet normal -0.996191891004313 0.08715697508443 0.00231904967252564
  outer loop
    vertex 59.9886127000097 66.4580350605597 -51.7000000262575
    vertex 59.9643047000097 66.1801980605597 -51.7000000262575
    vertex 59.9812617000091 66.3048340605597 -49.1000000262575
  endloop
endfacet
facet normal 0.906306249072519 0.422615199152756 0.00231869298922045
  outer loop
    vertex 56.8851047000097 65.9108030605597 -51.7000000262582
    vertex 56.9327387000091 65.7943860605597 -49.1000000262582
    vertex 57.0029717000097 65.6580350605597 -51.7000000262582
  endloop
endfacet
facet normal 0.258817681828505 -0.965923407928935 0.00231896267118695
  outer loop
    vertex 57.9878564000091 68.0070330605597 -49.100000026258
    vertex 57.8413805000097 67.9615430605597 -51.700000026258
    vertex 58.1107756000097 68.0337270605597 -51.7000000262579
  endloop
endfacet
facet normal 0.333898207606058 -0.942606285849552 -0.00231880020154008
  outer loop
    vertex 57.9878564000091 68.0070330605597 -49.100000026258
    vertex 57.7249641000091 67.9139090605597 -49.100000026258
    vertex 57.8413805000097 67.9615430605597 -51.700000026258
  endloop
endfacet
facet normal -0.965923383945146 -0.258817771475662 0.00231894724631939
  outer loop
    vertex 59.8921207000097 67.0052670605597 -51.7000000262576
    vertex 59.9643047000097 66.7358720605597 -51.7000000262575
    vertex 59.9376107000091 66.8587910605597 -49.1000000262575
  endloop
endfacet
facet normal -0.906306249072534 -0.422615199152725 0.00231869298882561
  outer loop
    vertex 59.7742537000097 67.2580350605597 -51.7000000262576
    vertex 59.8921207000097 67.0052670605597 -51.7000000262576
    vertex 59.8444867000091 67.1216840605597 -49.1000000262576
  endloop
endfacet
facet normal 0.965923383945144 0.258817771475662 0.00231894724675522
  outer loop
    vertex 56.8129207000097 66.1801980605597 -51.7000000262582
    vertex 56.8396147000091 66.0572790605597 -49.1000000262582
    vertex 56.8851047000097 65.9108030605597 -51.7000000262582
  endloop
endfacet
facet normal -0.870306219683638 -0.492505539266483 -0.00231900232998309
  outer loop
    vertex 59.7071277000091 67.3644110605597 -49.1000000262576
    vertex 59.7742537000097 67.2580350605597 -51.7000000262576
    vertex 59.8444867000091 67.1216840605597 -49.1000000262576
  endloop
endfacet
facet normal 0.771561436277215 0.636150589936177 -0.0023188302429305
  outer loop
    vertex 57.0700977000091 65.5516590605597 -49.1000000262582
    vertex 57.2475197000091 65.3364710605597 -49.1000000262581
    vertex 57.1629417000097 65.4295750605597 -51.7000000262581
  endloop
endfacet
facet normal 0.165142156171853 -0.986267049286288 -0.00231856572717425
  outer loop
    vertex 58.2629254000091 68.0530910605597 -49.1000000262579
    vertex 57.9878564000091 68.0070330605597 -49.100000026258
    vertex 58.1107756000097 68.0337270605597 -51.7000000262579
  endloop
endfacet
facet normal 0.996191891004311 -0.0871569750844371 0.00231904967295747
  outer loop
    vertex 56.8129207000097 66.7358720605597 -51.7000000262582
    vertex 56.7959637000091 66.6112360605597 -49.1000000262582
    vertex 56.7886127000097 66.4580350605597 -51.7000000262582
  endloop
endfacet
facet normal 0.0086411159656271 0.999959979014007 -0.00231764647346904
  outer loop
    vertex 58.5143000000091 64.8629750605597 -49.1000000262579
    vertex 58.3886127000097 64.8580350605597 -51.7000000262579
    vertex 58.2354120000091 64.8653850605597 -49.1000000262579
  endloop
endfacet
facet normal 0.986267049257244 0.165142156166962 -0.00231857843015251
  outer loop
    vertex 56.7935567000091 66.3323480605597 -49.1000000262582
    vertex 56.8396147000091 66.0572790605597 -49.1000000262582
    vertex 56.8129207000097 66.1801980605597 -51.7000000262582
  endloop
endfacet
facet normal -0.771561436277214 -0.636150589936177 -0.00231883024325183
  outer loop
    vertex 59.5297057000091 67.5795990605597 -49.1000000262576
    vertex 59.6142837000097 67.4864950605597 -51.7000000262576
    vertex 59.7071277000091 67.3644110605597 -49.1000000262576
  endloop
endfacet
facet normal 0.422615473900296 -0.906306121168337 0.00231861010780244
  outer loop
    vertex 57.7249641000091 67.9139090605597 -49.100000026258
    vertex 57.5886127000097 67.8436760605597 -51.7000000262581
    vertex 57.8413805000097 67.9615430605597 -51.700000026258
  endloop
endfacet
facet normal 0.999960069542831 -0.00863036017122181 -0.00231866410079374
  outer loop
    vertex 56.7959637000091 66.6112360605597 -49.1000000262582
    vertex 56.7935567000091 66.3323480605597 -49.1000000262582
    vertex 56.7886127000097 66.4580350605597 -51.7000000262582
  endloop
endfacet
facet normal 0.182144558105175 0.983269031836932 -0.00231753816221016
  outer loop
    vertex 58.2354120000091 64.8653850605597 -49.1000000262579
    vertex 58.1107756000097 64.8823450605597 -51.7000000262579
    vertex 57.9611789000091 64.9161850605597 -49.100000026258
  endloop
endfacet
facet normal 0.422615473885054 0.906306121135476 0.00231862573055294
  outer loop
    vertex 57.6999332000091 65.0138330605597 -49.100000026258
    vertex 57.8413805000097 64.9545270605597 -51.700000026258
    vertex 57.5886127000097 65.0723940605597 -51.7000000262581
  endloop
endfacet
facet normal -0.707104880251793 -0.707104880251712 0.00231876008024452
  outer loop
    vertex 59.4170727000097 67.6837060605597 -51.7000000262576
    vertex 59.6142837000097 67.4864950605597 -51.7000000262576
    vertex 59.5297057000091 67.5795990605597 -49.1000000262576
  endloop
endfacet
facet normal -0.182141091128107 -0.983269671793855 -0.0023185023329925
  outer loop
    vertex 58.8160465000091 67.9998850605597 -49.1000000262578
    vertex 58.5418134000091 68.0506840605597 -49.1000000262579
    vertex 58.6664498000096 68.0337270605597 -51.7000000262578
  endloop
endfacet
facet normal -0.942606565749939 -0.333897417690319 -0.00231876364545911
  outer loop
    vertex 59.8444867000091 67.1216840605597 -49.1000000262576
    vertex 59.8921207000097 67.0052670605597 -51.7000000262576
    vertex 59.9376107000091 66.8587910605597 -49.1000000262575
  endloop
endfacet
facet normal -0.258817681785023 -0.965923407766818 0.00231903505034941
  outer loop
    vertex 58.8160465000091 67.9998850605597 -49.1000000262578
    vertex 58.6664498000096 68.0337270605597 -51.7000000262578
    vertex 58.9358449000097 67.9615430605597 -51.7000000262578
  endloop
endfacet
facet normal -0.0871569439553333 -0.9961918937555 0.00231903777413853
  outer loop
    vertex 58.5418134000091 68.0506840605597 -49.1000000262579
    vertex 58.3886127000097 68.0580350605597 -51.7000000262579
    vertex 58.6664498000096 68.0337270605597 -51.7000000262578
  endloop
endfacet
facet normal 0.965923383669317 -0.258817771401754 0.00231907038416122
  outer loop
    vertex 56.8851047000097 67.0052670605597 -51.7000000262582
    vertex 56.8467627000091 66.8854690605597 -49.1000000262582
    vertex 56.8129207000097 66.7358720605597 -51.7000000262582
  endloop
endfacet
facet normal -0.986267049257243 -0.165142156166962 -0.00231857843059751
  outer loop
    vertex 59.9376107000091 66.8587910605597 -49.1000000262575
    vertex 59.9643047000097 66.7358720605597 -51.7000000262575
    vertex 59.9836687000091 66.5837220605597 -49.1000000262575
  endloop
endfacet
facet normal 0.636150941946567 -0.771561146111592 -0.00231880819864301
  outer loop
    vertex 57.4822365000091 67.7765500605597 -49.1000000262581
    vertex 57.2670487000091 67.5991280605598 -49.1000000262581
    vertex 57.3601527000097 67.6837060605597 -51.7000000262581
  endloop
endfacet
facet normal 0.573576303876365 -0.81914885530778 0.0023187236751305
  outer loop
    vertex 57.4822365000091 67.7765500605597 -49.1000000262581
    vertex 57.3601527000097 67.6837060605597 -51.7000000262581
    vertex 57.5886127000097 67.8436760605597 -51.7000000262581
  endloop
endfacet
facet normal -0.00863036017103974 -0.999960069540523 -0.00231866509682755
  outer loop
    vertex 58.5418134000091 68.0506840605597 -49.1000000262579
    vertex 58.2629254000091 68.0530910605597 -49.1000000262579
    vertex 58.3886127000097 68.0580350605597 -51.7000000262579
  endloop
endfacet
facet normal 0.0871569439669769 -0.996191893888757 0.00231898009235121
  outer loop
    vertex 58.2629254000091 68.0530910605597 -49.1000000262579
    vertex 58.1107756000097 68.0337270605597 -51.7000000262579
    vertex 58.3886127000097 68.0580350605597 -51.7000000262579
  endloop
endfacet
facet normal -0.35011909644132 -0.93670232296788 -0.00231871811387075
  outer loop
    vertex 59.0772922000091 67.9022370605597 -49.1000000262577
    vertex 58.8160465000091 67.9998850605597 -49.1000000262578
    vertex 58.9358449000097 67.9615430605597 -51.7000000262578
  endloop
endfacet
facet normal -0.649374701507996 -0.760465068560179 -0.00231873697615792
  outer loop
    vertex 59.5297057000091 67.5795990605597 -49.1000000262576
    vertex 59.3176127000091 67.7607090605597 -49.1000000262577
    vertex 59.4170727000097 67.6837060605597 -51.7000000262576
  endloop
endfacet
facet normal 0.492504617125606 -0.870306741486242 -0.0023190156447918
  outer loop
    vertex 57.7249641000091 67.9139090605597 -49.100000026258
    vertex 57.4822365000091 67.7765500605597 -49.1000000262581
    vertex 57.5886127000097 67.8436760605597 -51.7000000262581
  endloop
endfacet
facet normal -0.422615473884989 -0.906306121135507 0.00231862573036581
  outer loop
    vertex 59.0772922000091 67.9022370605597 -49.1000000262577
    vertex 58.9358449000097 67.9615430605597 -51.7000000262578
    vertex 59.1886127000097 67.8436760605597 -51.7000000262577
  endloop
endfacet
facet normal -0.819148855391556 -0.573576303935082 0.00231867955381881
  outer loop
    vertex 59.6142837000097 67.4864950605597 -51.7000000262576
    vertex 59.7742537000097 67.2580350605597 -51.7000000262576
    vertex 59.7071277000091 67.3644110605597 -49.1000000262576
  endloop
endfacet
facet normal -0.573576303703176 -0.81914885506044 0.00231885389214636
  outer loop
    vertex 59.3176127000091 67.7607090605597 -49.1000000262577
    vertex 59.1886127000097 67.8436760605597 -51.7000000262577
    vertex 59.4170727000097 67.6837060605597 -51.7000000262576
  endloop
endfacet
facet normal -0.507452898362027 -0.861676376835826 -0.00231895387251115
  outer loop
    vertex 59.3176127000091 67.7607090605597 -49.1000000262577
    vertex 59.0772922000091 67.9022370605597 -49.1000000262577
    vertex 59.1886127000097 67.8436760605597 -51.7000000262577
  endloop
endfacet
facet normal -8.67648920311465e-014 1.48477336184166e-013 1.0
  outer loop
    vertex 55.5764221431146 72.2939687598197 -49.1000000262656
    vertex 56.8467627000091 66.8854690605597 -49.1000000262582
    vertex 58.3887567000108 72.3860350605597 -49.1000000262654
  endloop
endfacet
facet normal -8.67648920311465e-014 1.48477336184166e-013 1.0
  outer loop
    vertex 56.8467627000091 66.8854690605597 -49.1000000262582
    vertex 55.5764221431146 72.2939687598197 -49.1000000262656
    vertex 56.7959637000091 66.6112360605597 -49.1000000262582
  endloop
endfacet
facet normal -8.67648920311465e-014 1.48477336184166e-013 1.0
  outer loop
    vertex 56.7959637000091 66.6112360605597 -49.1000000262582
    vertex 55.5764221431146 72.2939687598197 -49.1000000262656
    vertex 56.7935567000091 66.3323480605597 -49.1000000262582
  endloop
endfacet
facet normal -8.67648920311465e-014 1.48477336184166e-013 1.0
  outer loop
    vertex 58.3887567000108 72.3860350605597 -49.1000000262654
    vertex 56.8467627000091 66.8854690605597 -49.1000000262582
    vertex 56.9444107000091 67.1467140605597 -49.1000000262582
  endloop
endfacet
facet normal -8.67648920311465e-014 1.48477336184166e-013 1.0
  outer loop
    vertex 58.3887567000108 72.3860350605597 -49.1000000262654
    vertex 56.9444107000091 67.1467140605597 -49.1000000262582
    vertex 57.0859387000091 67.3870350605597 -49.1000000262582
  endloop
endfacet
facet normal -8.67648920311465e-014 1.48477336184166e-013 1.0
  outer loop
    vertex 58.3887567000108 72.3860350605597 -49.1000000262654
    vertex 57.0859387000091 67.3870350605597 -49.1000000262582
    vertex 57.2670487000091 67.5991280605598 -49.1000000262581
  endloop
endfacet
facet normal -8.67648920311465e-014 1.48477336184166e-013 1.0
  outer loop
    vertex 58.3887567000108 72.3860350605597 -49.1000000262654
    vertex 57.2670487000091 67.5991280605598 -49.1000000262581
    vertex 57.4822365000091 67.7765500605597 -49.1000000262581
  endloop
endfacet
facet normal -8.67648920311465e-014 1.48477336184166e-013 1.0
  outer loop
    vertex 58.3887567000108 72.3860350605597 -49.1000000262654
    vertex 57.4822365000091 67.7765500605597 -49.1000000262581
    vertex 57.7249641000091 67.9139090605597 -49.100000026258
  endloop
endfacet
facet normal -8.67648920311465e-014 1.48477336184166e-013 1.0
  outer loop
    vertex 58.3887567000108 72.3860350605597 -49.1000000262654
    vertex 57.7249641000091 67.9139090605597 -49.100000026258
    vertex 57.9878564000091 68.0070330605597 -49.100000026258
  endloop
endfacet
facet normal -8.67648920311465e-014 1.48477336184166e-013 1.0
  outer loop
    vertex 58.3887567000108 72.3860350605597 -49.1000000262654
    vertex 57.9878564000091 68.0070330605597 -49.100000026258
    vertex 58.2629254000091 68.0530910605597 -49.1000000262579
  endloop
endfacet
facet normal -8.67648920311465e-014 1.48477336184166e-013 1.0
  outer loop
    vertex 58.3887567000108 72.3860350605597 -49.1000000262654
    vertex 58.2629254000091 68.0530910605597 -49.1000000262579
    vertex 58.5418134000091 68.0506840605597 -49.1000000262579
  endloop
endfacet
facet normal -8.67648920311465e-014 1.48477336184166e-013 1.0
  outer loop
    vertex 58.3887567000108 72.3860350605597 -49.1000000262654
    vertex 58.5418134000091 68.0506840605597 -49.1000000262579
    vertex 61.2010912569069 72.2939687598196 -49.1000000262652
  endloop
endfacet
facet normal -8.67648920311465e-014 1.48477336184166e-013 1.0
  outer loop
    vertex 61.2010912569069 72.2939687598196 -49.1000000262652
    vertex 58.5418134000091 68.0506840605597 -49.1000000262579
    vertex 58.8160465000091 67.9998850605597 -49.1000000262578
  endloop
endfacet
facet normal -8.67648920311465e-014 1.48477336184166e-013 1.0
  outer loop
    vertex 61.2010912569069 72.2939687598196 -49.1000000262652
    vertex 58.8160465000091 67.9998850605597 -49.1000000262578
    vertex 59.0772922000091 67.9022370605597 -49.1000000262577
  endloop
endfacet
facet normal -8.67648920311465e-014 1.48477336184166e-013 1.0
  outer loop
    vertex 61.2010912569069 72.2939687598196 -49.1000000262652
    vertex 59.0772922000091 67.9022370605597 -49.1000000262577
    vertex 59.3176127000091 67.7607090605597 -49.1000000262577
  endloop
endfacet
facet normal -8.67648920311465e-014 1.48477336184166e-013 1.0
  outer loop
    vertex 61.2010912569069 72.2939687598196 -49.1000000262652
    vertex 59.3176127000091 67.7607090605597 -49.1000000262577
    vertex 59.5297057000091 67.5795990605597 -49.1000000262576
  endloop
endfacet
facet normal -8.67648920311465e-014 1.48477336184166e-013 1.0
  outer loop
    vertex 61.2010912569069 72.2939687598196 -49.1000000262652
    vertex 59.5297057000091 67.5795990605597 -49.1000000262576
    vertex 59.7071277000091 67.3644110605597 -49.1000000262576
  endloop
endfacet
facet normal -8.67648920311465e-014 1.48477336184166e-013 1.0
  outer loop
    vertex 61.2010912569069 72.2939687598196 -49.1000000262652
    vertex 59.7071277000091 67.3644110605597 -49.1000000262576
    vertex 59.8444867000091 67.1216840605597 -49.1000000262576
  endloop
endfacet
facet normal -8.67648920311465e-014 1.48477336184166e-013 1.0
  outer loop
    vertex 61.2010912569069 72.2939687598196 -49.1000000262652
    vertex 59.8444867000091 67.1216840605597 -49.1000000262576
    vertex 59.9376107000091 66.8587910605597 -49.1000000262575
  endloop
endfacet
facet normal -8.67648920311465e-014 1.48477336184166e-013 1.0
  outer loop
    vertex 61.2010912569069 72.2939687598196 -49.1000000262652
    vertex 59.9376107000091 66.8587910605597 -49.1000000262575
    vertex 59.9836687000091 66.5837220605597 -49.1000000262575
  endloop
endfacet
facet normal -8.67648920311465e-014 1.48477336184166e-013 1.0
  outer loop
    vertex 61.2010912569069 72.2939687598196 -49.1000000262652
    vertex 59.9836687000091 66.5837220605597 -49.1000000262575
    vertex 59.9838127000091 -7.80965193944029 -49.1000000262553
  endloop
endfacet
facet normal -8.67648920311465e-014 1.48477336184166e-013 1.0
  outer loop
    vertex 61.2010912569069 72.2939687598196 -49.1000000262652
    vertex 59.9838127000091 -7.80965193944029 -49.1000000262553
    vertex 61.2010912569049 -13.5218986387003 -49.1000000262524
  endloop
endfacet
facet normal -8.67648920311465e-014 1.48477336184166e-013 1.0
  outer loop
    vertex 61.2010912569069 72.2939687598196 -49.1000000262652
    vertex 61.2010912569049 -13.5218986387003 -49.1000000262524
    vertex 64.0013829654709 -13.2460939785143 -49.1000000262522
  endloop
endfacet
facet normal -8.67648920311465e-014 1.48477336184166e-013 1.0
  outer loop
    vertex 61.2010912569069 72.2939687598196 -49.1000000262652
    vertex 64.0013829654709 -13.2460939785143 -49.1000000262522
    vertex 64.001382965473 72.0181640996335 -49.1000000262649
  endloop
endfacet
facet normal -8.67648920311465e-014 1.48477336184166e-013 1.0
  outer loop
    vertex 64.001382965473 72.0181640996335 -49.1000000262649
    vertex 64.0013829654709 -13.2460939785143 -49.1000000262522
    vertex 66.7776405467022 -12.7877319967794 -49.100000026252
  endloop
endfacet
facet normal -8.67648920311465e-014 1.48477336184166e-013 1.0
  outer loop
    vertex 64.001382965473 72.0181640996335 -49.1000000262649
    vertex 66.7776405467022 -12.7877319967794 -49.100000026252
    vertex 66.7776405467043 71.5598021178985 -49.1000000262646
  endloop
endfacet
facet normal -8.67648920311465e-014 1.48477336184166e-013 1.0
  outer loop
    vertex 66.7776405467043 71.5598021178985 -49.1000000262646
    vertex 66.7776405467022 -12.7877319967794 -49.100000026252
    vertex 69.5179756394172 -12.1487754698705 -49.1000000262519
  endloop
endfacet
facet normal -8.67648920311465e-014 1.48477336184166e-013 1.0
  outer loop
    vertex 66.7776405467043 71.5598021178985 -49.1000000262646
    vertex 69.5179756394172 -12.1487754698705 -49.1000000262519
    vertex 69.5179756394191 70.9208455909895 -49.1000000262642
  endloop
endfacet
facet normal -8.67648920311465e-014 1.48477336184166e-013 1.0
  outer loop
    vertex 69.5179756394191 70.9208455909895 -49.1000000262642
    vertex 69.5179756394172 -12.1487754698705 -49.1000000262519
    vertex 72.2106537080448 -11.3319605077302 -49.1000000262518
  endloop
endfacet
facet normal -8.67648920311465e-014 1.48477336184166e-013 1.0
  outer loop
    vertex 69.5179756394191 70.9208455909895 -49.1000000262642
    vertex 72.2106537080448 -11.3319605077302 -49.1000000262518
    vertex 72.2106537080467 70.104030628849 -49.1000000262639
  endloop
endfacet
facet normal -8.67648920311465e-014 1.48477336184166e-013 1.0
  outer loop
    vertex 72.2106537080467 70.104030628849 -49.1000000262639
    vertex 72.2106537080448 -11.3319605077302 -49.1000000262518
    vertex 74.8441442917078 -10.3407848374261 -49.1000000262517
  endloop
endfacet
facet normal -8.67648920311465e-014 1.48477336184166e-013 1.0
  outer loop
    vertex 72.2106537080467 70.104030628849 -49.1000000262639
    vertex 74.8441442917078 -10.3407848374261 -49.1000000262517
    vertex 74.8441442917096 69.1128549585447 -49.1000000262635
  endloop
endfacet
facet normal -8.67648920311465e-014 1.48477336184166e-013 1.0
  outer loop
    vertex 74.8441442917096 69.1128549585447 -49.1000000262635
    vertex 74.8441442917078 -10.3407848374261 -49.1000000262517
    vertex 77.4071703794259 -9.1794928253464 -49.1000000262517
  endloop
endfacet
facet normal -8.67648920311465e-014 1.48477336184166e-013 1.0
  outer loop
    vertex 74.8441442917096 69.1128549585447 -49.1000000262635
    vertex 77.4071703794259 -9.1794928253464 -49.1000000262517
    vertex 77.4071703794278 67.951562946465 -49.1000000262631
  endloop
endfacet
facet normal -8.67648920311465e-014 1.48477336184166e-013 1.0
  outer loop
    vertex 77.4071703794278 67.951562946465 -49.1000000262631
    vertex 77.4071703794259 -9.1794928253464 -49.1000000262517
    vertex 79.888756700009 -7.85305730217173 -49.1000000262516
  endloop
endfacet
facet normal -8.67648920311465e-014 1.48477336184166e-013 1.0
  outer loop
    vertex 77.4071703794278 67.951562946465 -49.1000000262631
    vertex 79.888756700009 -7.85305730217173 -49.1000000262516
    vertex 79.8887567000107 66.6251274232902 -49.1000000262627
  endloop
endfacet
facet normal -8.67648920311465e-014 1.48477336184166e-013 1.0
  outer loop
    vertex 79.8887567000107 66.6251274232902 -49.1000000262627
    vertex 79.888756700009 -7.85305730217173 -49.1000000262516
    vertex 82.2782767198519 -6.36715826845038 -49.1000000262517
  endloop
endfacet
facet normal -8.67648920311465e-014 1.48477336184166e-013 1.0
  outer loop
    vertex 79.8887567000107 66.6251274232902 -49.1000000262627
    vertex 82.2782767198519 -6.36715826845038 -49.1000000262517
    vertex 82.2782767198536 65.1392283895687 -49.1000000262623
  endloop
endfacet
facet normal -8.67648920311465e-014 1.48477336184166e-013 1.0
  outer loop
    vertex 82.2782767198536 65.1392283895687 -49.1000000262623
    vertex 82.2782767198519 -6.36715826845038 -49.1000000262517
    vertex 84.5654981473841 -4.72815857196409 -49.1000000262517
  endloop
endfacet
facet normal -8.67648920311465e-014 1.48477336184166e-013 1.0
  outer loop
    vertex 82.2782767198536 65.1392283895687 -49.1000000262623
    vertex 84.5654981473841 -4.72815857196409 -49.1000000262517
    vertex 84.5654981473856 63.5002286930824 -49.1000000262618
  endloop
endfacet
facet normal -8.67648920311465e-014 1.48477336184166e-013 1.0
  outer loop
    vertex 84.5654981473856 63.5002286930824 -49.1000000262618
    vertex 84.5654981473841 -4.72815857196409 -49.1000000262517
    vertex 86.7406267493121 -2.94307666103706 -49.1000000262518
  endloop
endfacet
facet normal -8.67648920311465e-014 1.48477336184166e-013 1.0
  outer loop
    vertex 84.5654981473856 63.5002286930824 -49.1000000262618
    vertex 86.7406267493121 -2.94307666103706 -49.1000000262518
    vertex 86.7406267493135 61.7151467821552 -49.1000000262614
  endloop
endfacet
facet normal -8.67648920311465e-014 1.48477336184166e-013 1.0
  outer loop
    vertex 86.7406267493135 61.7151467821552 -49.1000000262614
    vertex 86.7406267493121 -2.94307666103706 -49.1000000262518
    vertex 88.7943482910308 -1.01955653046261 -49.1000000262519
  endloop
endfacet
facet normal -8.67648920311465e-014 1.48477336184166e-013 1.0
  outer loop
    vertex 86.7406267493135 61.7151467821552 -49.1000000262614
    vertex 88.7943482910308 -1.01955653046261 -49.1000000262519
    vertex 88.7943482910321 59.7916266515807 -49.1000000262609
  endloop
endfacet
facet normal -8.67648920311465e-014 1.48477336184166e-013 1.0
  outer loop
    vertex 88.7943482910321 59.7916266515807 -49.1000000262609
    vertex 88.7943482910308 -1.01955653046261 -49.1000000262519
    vertex 90.7178684216053 1.03416501125593 -49.100000026252
  endloop
endfacet
facet normal -8.67648920311465e-014 1.48477336184166e-013 1.0
  outer loop
    vertex 88.7943482910321 59.7916266515807 -49.1000000262609
    vertex 90.7178684216053 1.03416501125593 -49.100000026252
    vertex 90.7178684216065 57.7379051098621 -49.1000000262604
  endloop
endfacet
facet normal -8.67648920311465e-014 1.48477336184166e-013 1.0
  outer loop
    vertex 90.7178684216065 57.7379051098621 -49.1000000262604
    vertex 90.7178684216053 1.03416501125593 -49.100000026252
    vertex 92.5029503325325 3.20929361318387 -49.1000000262522
  endloop
endfacet
facet normal -8.67648920311465e-014 1.48477336184166e-013 1.0
  outer loop
    vertex 90.7178684216065 57.7379051098621 -49.1000000262604
    vertex 92.5029503325325 3.20929361318387 -49.1000000262522
    vertex 92.5029503325336 55.5627765079341 -49.10000002626
  endloop
endfacet
facet normal -8.67648920311465e-014 1.48477336184166e-013 1.0
  outer loop
    vertex 92.5029503325336 55.5627765079341 -49.10000002626
    vertex 92.5029503325325 3.20929361318387 -49.1000000262522
    vertex 94.1419500290188 5.49651504071594 -49.1000000262524
  endloop
endfacet
facet normal -8.67648920311465e-014 1.48477336184166e-013 1.0
  outer loop
    vertex 92.5029503325336 55.5627765079341 -49.10000002626
    vertex 94.1419500290188 5.49651504071594 -49.1000000262524
    vertex 93.8597567000091 29.3870350605597 -49.1000000262479
  endloop
endfacet
facet normal -8.67648920311465e-014 1.48477336184166e-013 1.0
  outer loop
    vertex 93.8597567000091 29.3870350605597 -49.1000000262479
    vertex 94.1419500290188 5.49651504071594 -49.1000000262524
    vertex 93.8840667000091 29.1091950605597 -49.1000000262479
  endloop
endfacet
facet normal -8.67648920311465e-014 1.48477336184166e-013 1.0
  outer loop
    vertex 93.8840667000091 29.1091950605597 -49.1000000262479
    vertex 94.1419500290188 5.49651504071594 -49.1000000262524
    vertex 93.9562467000091 28.8398050605597 -49.1000000262479
  endloop
endfacet
facet normal -8.67648920311465e-014 1.48477336184166e-013 1.0
  outer loop
    vertex 93.9562467000091 28.8398050605597 -49.1000000262479
    vertex 94.1419500290188 5.49651504071594 -49.1000000262524
    vertex 94.0741167000091 28.5870350605597 -49.1000000262479
  endloop
endfacet
facet normal -8.67648920311465e-014 1.48477336184166e-013 1.0
  outer loop
    vertex 94.0741167000091 28.5870350605597 -49.1000000262479
    vertex 94.1419500290188 5.49651504071594 -49.1000000262524
    vertex 94.2340867000091 28.3585750605597 -49.1000000262479
  endloop
endfacet
facet normal -8.67648920311465e-014 1.48477336184166e-013 1.0
  outer loop
    vertex 94.2340867000091 28.3585750605597 -49.1000000262479
    vertex 94.1419500290188 5.49651504071594 -49.1000000262524
    vertex 95.6278490627403 7.88603506055881 -49.1000000262526
  endloop
endfacet
facet normal -8.67648920311465e-014 1.48477336184166e-013 1.0
  outer loop
    vertex 94.2340867000091 28.3585750605597 -49.1000000262479
    vertex 95.6278490627403 7.88603506055881 -49.1000000262526
    vertex 94.4312967000091 28.1613650605597 -49.1000000262478
  endloop
endfacet
facet normal -8.67648920311465e-014 1.48477336184166e-013 1.0
  outer loop
    vertex 94.4312967000091 28.1613650605597 -49.1000000262478
    vertex 95.6278490627403 7.88603506055881 -49.1000000262526
    vertex 94.6597567000091 28.0013950605597 -49.1000000262478
  endloop
endfacet
facet normal -8.67648920311465e-014 1.48477336184166e-013 1.0
  outer loop
    vertex 94.6597567000091 28.0013950605597 -49.1000000262478
    vertex 95.6278490627403 7.88603506055881 -49.1000000262526
    vertex 94.9125267000091 27.8835250605597 -49.1000000262477
  endloop
endfacet
facet normal -8.67648920311465e-014 1.48477336184166e-013 1.0
  outer loop
    vertex 94.9125267000091 27.8835250605597 -49.1000000262477
    vertex 95.6278490627403 7.88603506055881 -49.1000000262526
    vertex 95.1819167000091 27.8113450605597 -49.1000000262477
  endloop
endfacet
facet normal -8.67648920311465e-014 1.48477336184166e-013 1.0
  outer loop
    vertex 95.1819167000091 27.8113450605597 -49.1000000262477
    vertex 95.6278490627403 7.88603506055881 -49.1000000262526
    vertex 95.4597567000091 27.7870350605597 -49.1000000262476
  endloop
endfacet
facet normal -8.67648920311465e-014 1.48477336184166e-013 1.0
  outer loop
    vertex 95.4597567000091 27.7870350605597 -49.1000000262476
    vertex 95.6278490627403 7.88603506055881 -49.1000000262526
    vertex 95.7375967000091 27.8113450605597 -49.1000000262475
  endloop
endfacet
facet normal -8.67648920311465e-014 1.48477336184166e-013 1.0
  outer loop
    vertex 95.7375967000091 27.8113450605597 -49.1000000262475
    vertex 95.6278490627403 7.88603506055881 -49.1000000262526
    vertex 96.9542845859151 10.3676213811417 -49.1000000262529
  endloop
endfacet
facet normal -8.67648920311465e-014 1.48477336184166e-013 1.0
  outer loop
    vertex 95.7375967000091 27.8113450605597 -49.1000000262475
    vertex 96.9542845859151 10.3676213811417 -49.1000000262529
    vertex 96.0069867000091 27.8835250605597 -49.1000000262475
  endloop
endfacet
facet normal -8.67648920311465e-014 1.48477336184166e-013 1.0
  outer loop
    vertex 96.0069867000091 27.8835250605597 -49.1000000262475
    vertex 96.9542845859151 10.3676213811417 -49.1000000262529
    vertex 96.2597567000091 28.0013950605597 -49.1000000262474
  endloop
endfacet
facet normal -8.67648920311465e-014 1.48477336184166e-013 1.0
  outer loop
    vertex 96.2597567000091 28.0013950605597 -49.1000000262474
    vertex 96.9542845859151 10.3676213811417 -49.1000000262529
    vertex 96.4882167000091 28.1613650605597 -49.1000000262474
  endloop
endfacet
facet normal -8.67648920311465e-014 1.48477336184166e-013 1.0
  outer loop
    vertex 96.4882167000091 28.1613650605597 -49.1000000262474
    vertex 96.9542845859151 10.3676213811417 -49.1000000262529
    vertex 96.6854267000091 28.3585750605597 -49.1000000262473
  endloop
endfacet
facet normal -8.67648920311465e-014 1.48477336184166e-013 1.0
  outer loop
    vertex 96.6854267000091 28.3585750605597 -49.1000000262473
    vertex 96.9542845859151 10.3676213811417 -49.1000000262529
    vertex 96.8453967000091 28.5870350605597 -49.1000000262473
  endloop
endfacet
facet normal -8.67648920311465e-014 1.48477336184166e-013 1.0
  outer loop
    vertex 96.8453967000091 28.5870350605597 -49.1000000262473
    vertex 96.9542845859151 10.3676213811417 -49.1000000262529
    vertex 96.9632667000091 28.8398050605597 -49.1000000262473
  endloop
endfacet
facet normal -8.67648920311465e-014 1.48477336184166e-013 1.0
  outer loop
    vertex 96.9632667000091 28.8398050605597 -49.1000000262473
    vertex 96.9542845859151 10.3676213811417 -49.1000000262529
    vertex 98.1155765979949 12.9306474688599 -49.1000000262531
  endloop
endfacet
facet normal -8.67648920311465e-014 1.48477336184166e-013 1.0
  outer loop
    vertex 96.9632667000091 28.8398050605597 -49.1000000262473
    vertex 98.1155765979949 12.9306474688599 -49.1000000262531
    vertex 97.0354467000091 29.1091950605597 -49.1000000262473
  endloop
endfacet
facet normal -8.67648920311465e-014 1.48477336184166e-013 1.0
  outer loop
    vertex 97.0354467000091 29.1091950605597 -49.1000000262473
    vertex 98.1155765979949 12.9306474688599 -49.1000000262531
    vertex 97.0597567000091 29.3870350605597 -49.1000000262473
  endloop
endfacet
facet normal -8.67648920311465e-014 1.48477336184166e-013 1.0
  outer loop
    vertex 93.8597567000091 29.3870350605597 -49.1000000262479
    vertex 94.1419500290199 53.275555080402 -49.1000000262595
    vertex 92.5029503325336 55.5627765079341 -49.10000002626
  endloop
endfacet
facet normal -8.67648920311465e-014 1.48477336184166e-013 1.0
  outer loop
    vertex 94.1419500290199 53.275555080402 -49.1000000262595
    vertex 93.8597567000091 29.3870350605597 -49.1000000262479
    vertex 93.8840667000091 29.6648750605597 -49.1000000262479
  endloop
endfacet
facet normal -8.67648920311465e-014 1.48477336184166e-013 1.0
  outer loop
    vertex 94.1419500290199 53.275555080402 -49.1000000262595
    vertex 93.8840667000091 29.6648750605597 -49.1000000262479
    vertex 93.9562467000091 29.9342650605597 -49.1000000262479
  endloop
endfacet
facet normal -8.67648920311465e-014 1.48477336184166e-013 1.0
  outer loop
    vertex 94.1419500290199 53.275555080402 -49.1000000262595
    vertex 93.9562467000091 29.9342650605597 -49.1000000262479
    vertex 94.0741167000091 30.1870350605597 -49.1000000262479
  endloop
endfacet
facet normal -8.67648920311465e-014 1.48477336184166e-013 1.0
  outer loop
    vertex 94.1419500290199 53.275555080402 -49.1000000262595
    vertex 94.0741167000091 30.1870350605597 -49.1000000262479
    vertex 94.2340867000091 30.4154950605597 -49.1000000262479
  endloop
endfacet
facet normal -8.67648920311465e-014 1.48477336184166e-013 1.0
  outer loop
    vertex 94.1419500290199 53.275555080402 -49.1000000262595
    vertex 94.2340867000091 30.4154950605597 -49.1000000262479
    vertex 95.6278490627413 50.886035060559 -49.100000026259
  endloop
endfacet
facet normal -8.67648920311465e-014 1.48477336184166e-013 1.0
  outer loop
    vertex 95.6278490627413 50.886035060559 -49.100000026259
    vertex 94.2340867000091 30.4154950605597 -49.1000000262479
    vertex 94.4312967000091 30.6127050605597 -49.1000000262478
  endloop
endfacet
facet normal -8.67648920311465e-014 1.48477336184166e-013 1.0
  outer loop
    vertex 95.6278490627413 50.886035060559 -49.100000026259
    vertex 94.4312967000091 30.6127050605597 -49.1000000262478
    vertex 94.6597567000091 30.7726750605597 -49.1000000262478
  endloop
endfacet
facet normal -8.67648920311465e-014 1.48477336184166e-013 1.0
  outer loop
    vertex 95.6278490627413 50.886035060559 -49.100000026259
    vertex 94.6597567000091 30.7726750605597 -49.1000000262478
    vertex 94.9125267000091 30.8905450605597 -49.1000000262477
  endloop
endfacet
facet normal -8.67648920311465e-014 1.48477336184166e-013 1.0
  outer loop
    vertex 95.6278490627413 50.886035060559 -49.100000026259
    vertex 94.9125267000091 30.8905450605597 -49.1000000262477
    vertex 95.1819167000091 30.9627250605597 -49.1000000262477
  endloop
endfacet
facet normal -8.67648920311465e-014 1.48477336184166e-013 1.0
  outer loop
    vertex 95.6278490627413 50.886035060559 -49.100000026259
    vertex 95.1819167000091 30.9627250605597 -49.1000000262477
    vertex 95.4597567000091 30.9870350605597 -49.1000000262476
  endloop
endfacet
facet normal -8.67648920311465e-014 1.48477336184166e-013 1.0
  outer loop
    vertex 95.6278490627413 50.886035060559 -49.100000026259
    vertex 95.4597567000091 30.9870350605597 -49.1000000262476
    vertex 95.7375967000091 30.9627250605597 -49.1000000262475
  endloop
endfacet
facet normal -8.67648920311465e-014 1.48477336184166e-013 1.0
  outer loop
    vertex 95.6278490627413 50.886035060559 -49.100000026259
    vertex 95.7375967000091 30.9627250605597 -49.1000000262475
    vertex 96.954284585916 48.404448739976 -49.1000000262585
  endloop
endfacet
facet normal -8.67648920311465e-014 1.48477336184166e-013 1.0
  outer loop
    vertex 96.954284585916 48.404448739976 -49.1000000262585
    vertex 95.7375967000091 30.9627250605597 -49.1000000262475
    vertex 96.0069867000091 30.8905450605597 -49.1000000262475
  endloop
endfacet
facet normal -8.67648920311465e-014 1.48477336184166e-013 1.0
  outer loop
    vertex 96.954284585916 48.404448739976 -49.1000000262585
    vertex 96.0069867000091 30.8905450605597 -49.1000000262475
    vertex 96.2597567000091 30.7726750605597 -49.1000000262474
  endloop
endfacet
facet normal -8.67648920311465e-014 1.48477336184166e-013 1.0
  outer loop
    vertex 96.954284585916 48.404448739976 -49.1000000262585
    vertex 96.2597567000091 30.7726750605597 -49.1000000262474
    vertex 96.4882167000091 30.6127050605597 -49.1000000262474
  endloop
endfacet
facet normal -8.67648920311465e-014 1.48477336184166e-013 1.0
  outer loop
    vertex 96.954284585916 48.404448739976 -49.1000000262585
    vertex 96.4882167000091 30.6127050605597 -49.1000000262474
    vertex 96.6854267000091 30.4154950605597 -49.1000000262473
  endloop
endfacet
facet normal -8.67648920311465e-014 1.48477336184166e-013 1.0
  outer loop
    vertex 96.954284585916 48.404448739976 -49.1000000262585
    vertex 96.6854267000091 30.4154950605597 -49.1000000262473
    vertex 96.8453967000091 30.1870350605597 -49.1000000262473
  endloop
endfacet
facet normal -8.67648920311465e-014 1.48477336184166e-013 1.0
  outer loop
    vertex 96.954284585916 48.404448739976 -49.1000000262585
    vertex 96.8453967000091 30.1870350605597 -49.1000000262473
    vertex 96.9632667000091 29.9342650605597 -49.1000000262473
  endloop
endfacet
facet normal -8.67648920311465e-014 1.48477336184166e-013 1.0
  outer loop
    vertex 96.954284585916 48.404448739976 -49.1000000262585
    vertex 96.9632667000091 29.9342650605597 -49.1000000262473
    vertex 98.1155765979957 45.8414226522578 -49.100000026258
  endloop
endfacet
facet normal -8.67648920311465e-014 1.48477336184166e-013 1.0
  outer loop
    vertex 98.1155765979957 45.8414226522578 -49.100000026258
    vertex 96.9632667000091 29.9342650605597 -49.1000000262473
    vertex 97.0354467000091 29.6648750605597 -49.1000000262473
  endloop
endfacet
facet normal -8.67648920311465e-014 1.48477336184166e-013 1.0
  outer loop
    vertex 98.1155765979957 45.8414226522578 -49.100000026258
    vertex 97.0354467000091 29.6648750605597 -49.1000000262473
    vertex 97.0597567000091 29.3870350605597 -49.1000000262473
  endloop
endfacet
facet normal -8.67648920311465e-014 1.48477336184166e-013 1.0
  outer loop
    vertex 98.1155765979957 45.8414226522578 -49.100000026258
    vertex 97.0597567000091 29.3870350605597 -49.1000000262473
    vertex 98.1155765979949 12.9306474688599 -49.1000000262531
  endloop
endfacet
facet normal -8.67648920311465e-014 1.48477336184166e-013 1.0
  outer loop
    vertex 98.1155765979957 45.8414226522578 -49.100000026258
    vertex 98.1155765979949 12.9306474688599 -49.1000000262531
    vertex 99.1067522682992 15.5641380525228 -49.1000000262534
  endloop
endfacet
facet normal -8.67648920311465e-014 1.48477336184166e-013 1.0
  outer loop
    vertex 98.1155765979957 45.8414226522578 -49.100000026258
    vertex 99.1067522682992 15.5641380525228 -49.1000000262534
    vertex 99.1067522682998 43.2079320685949 -49.1000000262576
  endloop
endfacet
facet normal -8.67648920311465e-014 1.48477336184166e-013 1.0
  outer loop
    vertex 99.1067522682998 43.2079320685949 -49.1000000262576
    vertex 99.1067522682992 15.5641380525228 -49.1000000262534
    vertex 99.9235672304397 18.2568161211504 -49.1000000262538
  endloop
endfacet
facet normal -8.67648920311465e-014 1.48477336184166e-013 1.0
  outer loop
    vertex 99.1067522682998 43.2079320685949 -49.1000000262576
    vertex 99.9235672304397 18.2568161211504 -49.1000000262538
    vertex 99.9235672304402 40.5152539999673 -49.1000000262571
  endloop
endfacet
facet normal -8.67648920311465e-014 1.48477336184166e-013 1.0
  outer loop
    vertex 99.9235672304402 40.5152539999673 -49.1000000262571
    vertex 99.9235672304397 18.2568161211504 -49.1000000262538
    vertex 100.562523757349 20.9971512138652 -49.1000000262541
  endloop
endfacet
facet normal -8.67648920311465e-014 1.48477336184166e-013 1.0
  outer loop
    vertex 99.9235672304402 40.5152539999673 -49.1000000262571
    vertex 100.562523757349 20.9971512138652 -49.1000000262541
    vertex 100.562523757349 37.7749189072524 -49.1000000262566
  endloop
endfacet
facet normal -8.67648920311465e-014 1.48477336184166e-013 1.0
  outer loop
    vertex 100.562523757349 37.7749189072524 -49.1000000262566
    vertex 100.562523757349 20.9971512138652 -49.1000000262541
    vertex 101.020885739084 23.7734087950966 -49.1000000262545
  endloop
endfacet
facet normal -8.67648920311465e-014 1.48477336184166e-013 1.0
  outer loop
    vertex 100.562523757349 37.7749189072524 -49.1000000262566
    vertex 101.020885739084 23.7734087950966 -49.1000000262545
    vertex 101.020885739084 34.9986613260211 -49.1000000262562
  endloop
endfacet
facet normal -8.67648920311465e-014 1.48477336184166e-013 1.0
  outer loop
    vertex 101.020885739084 34.9986613260211 -49.1000000262562
    vertex 101.020885739084 23.7734087950966 -49.1000000262545
    vertex 101.29669039927 26.5737005036626 -49.1000000262549
  endloop
endfacet
facet normal -8.67648920311465e-014 1.48477336184166e-013 1.0
  outer loop
    vertex 101.020885739084 34.9986613260211 -49.1000000262562
    vertex 101.29669039927 26.5737005036626 -49.1000000262549
    vertex 101.29669039927 32.198369617455 -49.1000000262557
  endloop
endfacet
facet normal -8.67648920311465e-014 1.48477336184166e-013 1.0
  outer loop
    vertex 101.29669039927 32.198369617455 -49.1000000262557
    vertex 101.29669039927 26.5737005036626 -49.1000000262549
    vertex 101.38875670001 29.3860350605588 -49.1000000262553
  endloop
endfacet
facet normal -8.67648920311465e-014 1.48477336184166e-013 1.0
  outer loop
    vertex 56.7937007000091 -7.55827793944029 -49.1000000262559
    vertex 56.8396147000091 66.0572790605597 -49.1000000262582
    vertex 56.7935567000091 66.3323480605597 -49.1000000262582
  endloop
endfacet
facet normal -8.67648920311465e-014 1.48477336184166e-013 1.0
  outer loop
    vertex 56.8396147000091 66.0572790605597 -49.1000000262582
    vertex 56.7937007000091 -7.55827793944029 -49.1000000262559
    vertex 56.8397587000091 -7.28320893944029 -49.1000000262559
  endloop
endfacet
facet normal -8.67648920311465e-014 1.48477336184166e-013 1.0
  outer loop
    vertex 56.8396147000091 66.0572790605597 -49.1000000262582
    vertex 56.8397587000091 -7.28320893944029 -49.1000000262559
    vertex 56.9327387000091 65.7943860605597 -49.1000000262582
  endloop
endfacet
facet normal -8.67648920311465e-014 1.48477336184166e-013 1.0
  outer loop
    vertex 56.9327387000091 65.7943860605597 -49.1000000262582
    vertex 56.8397587000091 -7.28320893944029 -49.1000000262559
    vertex 56.9328827000091 -7.02031593944029 -49.1000000262559
  endloop
endfacet
facet normal -8.67648920311465e-014 1.48477336184166e-013 1.0
  outer loop
    vertex 56.9327387000091 65.7943860605597 -49.1000000262582
    vertex 56.9328827000091 -7.02031593944029 -49.1000000262559
    vertex 57.0700977000091 65.5516590605597 -49.1000000262582
  endloop
endfacet
facet normal -8.67648920311465e-014 1.48477336184166e-013 1.0
  outer loop
    vertex 57.0700977000091 65.5516590605597 -49.1000000262582
    vertex 56.9328827000091 -7.02031593944029 -49.1000000262559
    vertex 57.0702417000091 -6.77758893944029 -49.1000000262559
  endloop
endfacet
facet normal -8.67648920311465e-014 1.48477336184166e-013 1.0
  outer loop
    vertex 57.0700977000091 65.5516590605597 -49.1000000262582
    vertex 57.0702417000091 -6.77758893944029 -49.1000000262559
    vertex 57.2475197000091 65.3364710605597 -49.1000000262581
  endloop
endfacet
facet normal -8.67648920311465e-014 1.48477336184166e-013 1.0
  outer loop
    vertex 57.2475197000091 65.3364710605597 -49.1000000262581
    vertex 57.0702417000091 -6.77758893944029 -49.1000000262559
    vertex 57.2476637000091 -6.56240093944029 -49.1000000262558
  endloop
endfacet
facet normal -8.67648920311465e-014 1.48477336184166e-013 1.0
  outer loop
    vertex 57.2475197000091 65.3364710605597 -49.1000000262581
    vertex 57.2476637000091 -6.56240093944029 -49.1000000262558
    vertex 57.4596127000091 65.1553610605597 -49.1000000262581
  endloop
endfacet
facet normal -8.67648920311465e-014 1.48477336184166e-013 1.0
  outer loop
    vertex 57.4596127000091 65.1553610605597 -49.1000000262581
    vertex 57.2476637000091 -6.56240093944029 -49.1000000262558
    vertex 57.4597567000091 -6.38129093944029 -49.1000000262558
  endloop
endfacet
facet normal -8.67648920311465e-014 1.48477336184166e-013 1.0
  outer loop
    vertex 57.4596127000091 65.1553610605597 -49.1000000262581
    vertex 57.4597567000091 -6.38129093944029 -49.1000000262558
    vertex 57.6999332000091 65.0138330605597 -49.100000026258
  endloop
endfacet
facet normal -8.67648920311465e-014 1.48477336184166e-013 1.0
  outer loop
    vertex 57.6999332000091 65.0138330605597 -49.100000026258
    vertex 57.4597567000091 -6.38129093944029 -49.1000000262558
    vertex 57.7000772000091 -6.23976293944029 -49.1000000262557
  endloop
endfacet
facet normal -8.67648920311465e-014 1.48477336184166e-013 1.0
  outer loop
    vertex 57.6999332000091 65.0138330605597 -49.100000026258
    vertex 57.7000772000091 -6.23976293944029 -49.1000000262557
    vertex 57.9611789000091 64.9161850605597 -49.100000026258
  endloop
endfacet
facet normal -8.67648920311465e-014 1.48477336184166e-013 1.0
  outer loop
    vertex 57.9611789000091 64.9161850605597 -49.100000026258
    vertex 57.7000772000091 -6.23976293944029 -49.1000000262557
    vertex 57.9613229000091 -6.14211493944029 -49.1000000262557
  endloop
endfacet
facet normal -8.67648920311465e-014 1.48477336184166e-013 1.0
  outer loop
    vertex 57.9611789000091 64.9161850605597 -49.100000026258
    vertex 57.9613229000091 -6.14211493944029 -49.1000000262557
    vertex 58.2354120000091 64.8653850605597 -49.1000000262579
  endloop
endfacet
facet normal -8.67648920311465e-014 1.48477336184166e-013 1.0
  outer loop
    vertex 58.2354120000091 64.8653850605597 -49.1000000262579
    vertex 57.9613229000091 -6.14211493944029 -49.1000000262557
    vertex 58.2355560000091 -6.09131493944029 -49.1000000262556
  endloop
endfacet
facet normal -8.67648920311465e-014 1.48477336184166e-013 1.0
  outer loop
    vertex 58.2354120000091 64.8653850605597 -49.1000000262579
    vertex 58.2355560000091 -6.09131493944029 -49.1000000262556
    vertex 58.5143000000091 64.8629750605597 -49.1000000262579
  endloop
endfacet
facet normal -8.67648920311465e-014 1.48477336184166e-013 1.0
  outer loop
    vertex 58.5143000000091 64.8629750605597 -49.1000000262579
    vertex 58.2355560000091 -6.09131493944029 -49.1000000262556
    vertex 58.5144440000091 -6.08890493944029 -49.1000000262556
  endloop
endfacet
facet normal -8.67648920311465e-014 1.48477336184166e-013 1.0
  outer loop
    vertex 58.5143000000091 64.8629750605597 -49.1000000262579
    vertex 58.5144440000091 -6.08890493944029 -49.1000000262556
    vertex 58.7893690000091 64.9090370605597 -49.1000000262578
  endloop
endfacet
facet normal -8.67648920311465e-014 1.48477336184166e-013 1.0
  outer loop
    vertex 58.7893690000091 64.9090370605597 -49.1000000262578
    vertex 58.5144440000091 -6.08890493944029 -49.1000000262556
    vertex 58.7895130000091 -6.13496693944029 -49.1000000262555
  endloop
endfacet
facet normal -8.67648920311465e-014 1.48477336184166e-013 1.0
  outer loop
    vertex 58.7893690000091 64.9090370605597 -49.1000000262578
    vertex 58.7895130000091 -6.13496693944029 -49.1000000262555
    vertex 59.0522613000091 65.0021610605597 -49.1000000262577
  endloop
endfacet
facet normal -8.67648920311465e-014 1.48477336184166e-013 1.0
  outer loop
    vertex 59.0522613000091 65.0021610605597 -49.1000000262577
    vertex 58.7895130000091 -6.13496693944029 -49.1000000262555
    vertex 59.0524053000091 -6.22809093944029 -49.1000000262554
  endloop
endfacet
facet normal -8.67648920311465e-014 1.48477336184166e-013 1.0
  outer loop
    vertex 59.0522613000091 65.0021610605597 -49.1000000262577
    vertex 59.0524053000091 -6.22809093944029 -49.1000000262554
    vertex 59.2949889000091 65.1395200605597 -49.1000000262577
  endloop
endfacet
facet normal -8.67648920311465e-014 1.48477336184166e-013 1.0
  outer loop
    vertex 59.2949889000091 65.1395200605597 -49.1000000262577
    vertex 59.0524053000091 -6.22809093944029 -49.1000000262554
    vertex 59.2951329000091 -6.36544993944029 -49.1000000262554
  endloop
endfacet
facet normal -8.67648920311465e-014 1.48477336184166e-013 1.0
  outer loop
    vertex 59.2949889000091 65.1395200605597 -49.1000000262577
    vertex 59.2951329000091 -6.36544993944029 -49.1000000262554
    vertex 59.5101767000091 65.3169420605597 -49.1000000262577
  endloop
endfacet
facet normal -8.67648920311465e-014 1.48477336184166e-013 1.0
  outer loop
    vertex 59.5101767000091 65.3169420605597 -49.1000000262577
    vertex 59.2951329000091 -6.36544993944029 -49.1000000262554
    vertex 59.5103207000091 -6.54287193944029 -49.1000000262554
  endloop
endfacet
facet normal -8.67648920311465e-014 1.48477336184166e-013 1.0
  outer loop
    vertex 59.5101767000091 65.3169420605597 -49.1000000262577
    vertex 59.5103207000091 -6.54287193944029 -49.1000000262554
    vertex 59.6912867000091 65.5290350605598 -49.1000000262576
  endloop
endfacet
facet normal -8.67648920311465e-014 1.48477336184166e-013 1.0
  outer loop
    vertex 59.6912867000091 65.5290350605598 -49.1000000262576
    vertex 59.5103207000091 -6.54287193944029 -49.1000000262554
    vertex 59.6914307000091 -6.75496493944029 -49.1000000262553
  endloop
endfacet
facet normal -8.67648920311465e-014 1.48477336184166e-013 1.0
  outer loop
    vertex 59.6912867000091 65.5290350605598 -49.1000000262576
    vertex 59.6914307000091 -6.75496493944029 -49.1000000262553
    vertex 59.8328147000091 65.7693560605597 -49.1000000262576
  endloop
endfacet
facet normal -8.67648920311465e-014 1.48477336184166e-013 1.0
  outer loop
    vertex 59.8328147000091 65.7693560605597 -49.1000000262576
    vertex 59.6914307000091 -6.75496493944029 -49.1000000262553
    vertex 59.8329587000091 -6.99528593944029 -49.1000000262553
  endloop
endfacet
facet normal -8.67648920311465e-014 1.48477336184166e-013 1.0
  outer loop
    vertex 59.8328147000091 65.7693560605597 -49.1000000262576
    vertex 59.8329587000091 -6.99528593944029 -49.1000000262553
    vertex 59.9304627000091 66.0306010605597 -49.1000000262576
  endloop
endfacet
facet normal -8.67648920311465e-014 1.48477336184166e-013 1.0
  outer loop
    vertex 59.9304627000091 66.0306010605597 -49.1000000262576
    vertex 59.8329587000091 -6.99528593944029 -49.1000000262553
    vertex 59.9306067000091 -7.25653093944029 -49.1000000262553
  endloop
endfacet
facet normal -8.67648920311465e-014 1.48477336184166e-013 1.0
  outer loop
    vertex 59.9304627000091 66.0306010605597 -49.1000000262576
    vertex 59.9306067000091 -7.25653093944029 -49.1000000262553
    vertex 59.9812617000091 66.3048340605597 -49.1000000262575
  endloop
endfacet
facet normal -8.67648920311465e-014 1.48477336184166e-013 1.0
  outer loop
    vertex 59.9812617000091 66.3048340605597 -49.1000000262575
    vertex 59.9306067000091 -7.25653093944029 -49.1000000262553
    vertex 59.9814057000091 -7.53076393944029 -49.1000000262553
  endloop
endfacet
facet normal -8.67648920311465e-014 1.48477336184166e-013 1.0
  outer loop
    vertex 59.9812617000091 66.3048340605597 -49.1000000262575
    vertex 59.9814057000091 -7.53076393944029 -49.1000000262553
    vertex 59.9836687000091 66.5837220605597 -49.1000000262575
  endloop
endfacet
facet normal -8.67648920311465e-014 1.48477336184166e-013 1.0
  outer loop
    vertex 59.9836687000091 66.5837220605597 -49.1000000262575
    vertex 59.9814057000091 -7.53076393944029 -49.1000000262553
    vertex 59.9838127000091 -7.80965193944029 -49.1000000262553
  endloop
endfacet
facet normal -8.67648920311465e-014 1.48477336184166e-013 1.0
  outer loop
    vertex 19.7177567000091 29.3870350605597 -49.1000000262639
    vertex 19.8232288141048 48.4044487399775 -49.1000000262652
    vertex 18.661936802025 45.8414226522594 -49.1000000262649
  endloop
endfacet
facet normal -8.67648920311465e-014 1.48477336184166e-013 1.0
  outer loop
    vertex 19.8232288141048 48.4044487399775 -49.1000000262652
    vertex 19.7177567000091 29.3870350605597 -49.1000000262639
    vertex 19.7420667000091 29.6648750605597 -49.1000000262639
  endloop
endfacet
facet normal -8.67648920311465e-014 1.48477336184166e-013 1.0
  outer loop
    vertex 19.8232288141048 48.4044487399775 -49.1000000262652
    vertex 19.7420667000091 29.6648750605597 -49.1000000262639
    vertex 19.8142467000091 29.9342650605597 -49.1000000262639
  endloop
endfacet
facet normal -8.67648920311465e-014 1.48477336184166e-013 1.0
  outer loop
    vertex 19.8232288141048 48.4044487399775 -49.1000000262652
    vertex 19.8142467000091 29.9342650605597 -49.1000000262639
    vertex 19.9321167000091 30.1870350605597 -49.1000000262639
  endloop
endfacet
facet normal -8.67648920311465e-014 1.48477336184166e-013 1.0
  outer loop
    vertex 19.8232288141048 48.4044487399775 -49.1000000262652
    vertex 19.9321167000091 30.1870350605597 -49.1000000262639
    vertex 21.1496643372796 50.8860350605605 -49.1000000262655
  endloop
endfacet
facet normal -8.67648920311465e-014 1.48477336184166e-013 1.0
  outer loop
    vertex 21.1496643372796 50.8860350605605 -49.1000000262655
    vertex 19.9321167000091 30.1870350605597 -49.1000000262639
    vertex 20.0920867000091 30.4154950605597 -49.1000000262638
  endloop
endfacet
facet normal -8.67648920311465e-014 1.48477336184166e-013 1.0
  outer loop
    vertex 21.1496643372796 50.8860350605605 -49.1000000262655
    vertex 20.0920867000091 30.4154950605597 -49.1000000262638
    vertex 20.2892967000091 30.6127050605597 -49.1000000262638
  endloop
endfacet
facet normal -8.67648920311465e-014 1.48477336184166e-013 1.0
  outer loop
    vertex 21.1496643372796 50.8860350605605 -49.1000000262655
    vertex 20.2892967000091 30.6127050605597 -49.1000000262638
    vertex 20.5177567000091 30.7726750605597 -49.1000000262638
  endloop
endfacet
facet normal -8.67648920311465e-014 1.48477336184166e-013 1.0
  outer loop
    vertex 21.1496643372796 50.8860350605605 -49.1000000262655
    vertex 20.5177567000091 30.7726750605597 -49.1000000262638
    vertex 20.7705267000091 30.8905450605597 -49.1000000262637
  endloop
endfacet
facet normal -8.67648920311465e-014 1.48477336184166e-013 1.0
  outer loop
    vertex 21.1496643372796 50.8860350605605 -49.1000000262655
    vertex 20.7705267000091 30.8905450605597 -49.1000000262637
    vertex 21.0399167000091 30.9627250605597 -49.1000000262637
  endloop
endfacet
facet normal -8.67648920311465e-014 1.48477336184166e-013 1.0
  outer loop
    vertex 21.1496643372796 50.8860350605605 -49.1000000262655
    vertex 21.0399167000091 30.9627250605597 -49.1000000262637
    vertex 21.3177567000091 30.9870350605597 -49.1000000262636
  endloop
endfacet
facet normal -8.67648920311465e-014 1.48477336184166e-013 1.0
  outer loop
    vertex 21.1496643372796 50.8860350605605 -49.1000000262655
    vertex 21.3177567000091 30.9870350605597 -49.1000000262636
    vertex 22.635563371001 53.2755550804033 -49.1000000262657
  endloop
endfacet
facet normal -8.67648920311465e-014 1.48477336184166e-013 1.0
  outer loop
    vertex 22.635563371001 53.2755550804033 -49.1000000262657
    vertex 21.3177567000091 30.9870350605597 -49.1000000262636
    vertex 21.5955967000091 30.9627250605597 -49.1000000262635
  endloop
endfacet
facet normal -8.67648920311465e-014 1.48477336184166e-013 1.0
  outer loop
    vertex 22.635563371001 53.2755550804033 -49.1000000262657
    vertex 21.5955967000091 30.9627250605597 -49.1000000262635
    vertex 21.8649867000091 30.8905450605597 -49.1000000262635
  endloop
endfacet
facet normal -8.67648920311465e-014 1.48477336184166e-013 1.0
  outer loop
    vertex 22.635563371001 53.2755550804033 -49.1000000262657
    vertex 21.8649867000091 30.8905450605597 -49.1000000262635
    vertex 22.1177567000091 30.7726750605597 -49.1000000262634
  endloop
endfacet
facet normal -8.67648920311465e-014 1.48477336184166e-013 1.0
  outer loop
    vertex 22.635563371001 53.2755550804033 -49.1000000262657
    vertex 22.1177567000091 30.7726750605597 -49.1000000262634
    vertex 22.3462167000091 30.6127050605597 -49.1000000262634
  endloop
endfacet
facet normal -8.67648920311465e-014 1.48477336184166e-013 1.0
  outer loop
    vertex 22.635563371001 53.2755550804033 -49.1000000262657
    vertex 22.3462167000091 30.6127050605597 -49.1000000262634
    vertex 22.5434267000091 30.4154950605597 -49.1000000262633
  endloop
endfacet
facet normal -8.67648920311465e-014 1.48477336184166e-013 1.0
  outer loop
    vertex 22.635563371001 53.2755550804033 -49.1000000262657
    vertex 22.5434267000091 30.4154950605597 -49.1000000262633
    vertex 22.7033967000091 30.1870350605597 -49.1000000262633
  endloop
endfacet
facet normal -8.67648920311465e-014 1.48477336184166e-013 1.0
  outer loop
    vertex 22.635563371001 53.2755550804033 -49.1000000262657
    vertex 22.7033967000091 30.1870350605597 -49.1000000262633
    vertex 24.2745630674874 55.5627765079354 -49.1000000262659
  endloop
endfacet
facet normal -8.67648920311465e-014 1.48477336184166e-013 1.0
  outer loop
    vertex 24.2745630674874 55.5627765079354 -49.1000000262659
    vertex 22.7033967000091 30.1870350605597 -49.1000000262633
    vertex 22.8212667000091 29.9342650605597 -49.1000000262633
  endloop
endfacet
facet normal -8.67648920311465e-014 1.48477336184166e-013 1.0
  outer loop
    vertex 24.2745630674874 55.5627765079354 -49.1000000262659
    vertex 22.8212667000091 29.9342650605597 -49.1000000262633
    vertex 22.8934467000091 29.6648750605597 -49.1000000262633
  endloop
endfacet
facet normal -8.67648920311465e-014 1.48477336184166e-013 1.0
  outer loop
    vertex 24.2745630674874 55.5627765079354 -49.1000000262659
    vertex 22.8934467000091 29.6648750605597 -49.1000000262633
    vertex 22.9177567000091 29.3870350605597 -49.1000000262632
  endloop
endfacet
facet normal -8.67648920311465e-014 1.48477336184166e-013 1.0
  outer loop
    vertex 24.2745630674874 55.5627765079354 -49.1000000262659
    vertex 22.9177567000091 29.3870350605597 -49.1000000262632
    vertex 24.2745630674863 3.20929361318545 -49.1000000262581
  endloop
endfacet
facet normal -8.67648920311465e-014 1.48477336184166e-013 1.0
  outer loop
    vertex 24.2745630674874 55.5627765079354 -49.1000000262659
    vertex 24.2745630674863 3.20929361318545 -49.1000000262581
    vertex 26.0596449784134 1.03416501125744 -49.1000000262576
  endloop
endfacet
facet normal -8.67648920311465e-014 1.48477336184166e-013 1.0
  outer loop
    vertex 24.2745630674874 55.5627765079354 -49.1000000262659
    vertex 26.0596449784134 1.03416501125744 -49.1000000262576
    vertex 26.0596449784145 57.7379051098633 -49.1000000262661
  endloop
endfacet
facet normal -8.67648920311465e-014 1.48477336184166e-013 1.0
  outer loop
    vertex 26.0596449784145 57.7379051098633 -49.1000000262661
    vertex 26.0596449784134 1.03416501125744 -49.1000000262576
    vertex 27.9831651089878 -1.01955653046118 -49.1000000262572
  endloop
endfacet
facet normal -8.67648920311465e-014 1.48477336184166e-013 1.0
  outer loop
    vertex 26.0596449784145 57.7379051098633 -49.1000000262661
    vertex 27.9831651089878 -1.01955653046118 -49.1000000262572
    vertex 27.9831651089891 59.7916266515819 -49.1000000262662
  endloop
endfacet
facet normal -8.67648920311465e-014 1.48477336184166e-013 1.0
  outer loop
    vertex 27.9831651089891 59.7916266515819 -49.1000000262662
    vertex 27.9831651089878 -1.01955653046118 -49.1000000262572
    vertex 30.0368866507064 -2.94307666103571 -49.1000000262567
  endloop
endfacet
facet normal -8.67648920311465e-014 1.48477336184166e-013 1.0
  outer loop
    vertex 27.9831651089891 59.7916266515819 -49.1000000262662
    vertex 30.0368866507064 -2.94307666103571 -49.1000000262567
    vertex 30.0368866507077 61.7151467821563 -49.1000000262663
  endloop
endfacet
facet normal -8.67648920311465e-014 1.48477336184166e-013 1.0
  outer loop
    vertex 30.0368866507077 61.7151467821563 -49.1000000262663
    vertex 30.0368866507064 -2.94307666103571 -49.1000000262567
    vertex 32.2120152526343 -4.72815857196284 -49.1000000262562
  endloop
endfacet
facet normal -8.67648920311465e-014 1.48477336184166e-013 1.0
  outer loop
    vertex 30.0368866507077 61.7151467821563 -49.1000000262663
    vertex 32.2120152526343 -4.72815857196284 -49.1000000262562
    vertex 32.2120152526357 63.5002286930833 -49.1000000262664
  endloop
endfacet
facet normal -8.67648920311465e-014 1.48477336184166e-013 1.0
  outer loop
    vertex 32.2120152526357 63.5002286930833 -49.1000000262664
    vertex 32.2120152526343 -4.72815857196284 -49.1000000262562
    vertex 34.4992366801663 -6.36715826844922 -49.1000000262558
  endloop
endfacet
facet normal -8.67648920311465e-014 1.48477336184166e-013 1.0
  outer loop
    vertex 32.2120152526357 63.5002286930833 -49.1000000262664
    vertex 34.4992366801663 -6.36715826844922 -49.1000000262558
    vertex 34.4992366801678 65.1392283895696 -49.1000000262664
  endloop
endfacet
facet normal -8.67648920311465e-014 1.48477336184166e-013 1.0
  outer loop
    vertex 34.4992366801678 65.1392283895696 -49.1000000262664
    vertex 34.4992366801663 -6.36715826844922 -49.1000000262558
    vertex 36.8887567000092 -7.85305730217069 -49.1000000262554
  endloop
endfacet
facet normal -8.67648920311465e-014 1.48477336184166e-013 1.0
  outer loop
    vertex 34.4992366801678 65.1392283895696 -49.1000000262664
    vertex 36.8887567000092 -7.85305730217069 -49.1000000262554
    vertex 36.8887567000107 66.625127423291 -49.1000000262664
  endloop
endfacet
facet normal -8.67648920311465e-014 1.48477336184166e-013 1.0
  outer loop
    vertex 36.8887567000107 66.625127423291 -49.1000000262664
    vertex 36.8887567000092 -7.85305730217069 -49.1000000262554
    vertex 39.3703430205921 -9.17949282534548 -49.100000026255
  endloop
endfacet
facet normal -8.67648920311465e-014 1.48477336184166e-013 1.0
  outer loop
    vertex 36.8887567000107 66.625127423291 -49.1000000262664
    vertex 39.3703430205921 -9.17949282534548 -49.100000026255
    vertex 39.3703430205937 67.9515629464657 -49.1000000262664
  endloop
endfacet
facet normal -8.67648920311465e-014 1.48477336184166e-013 1.0
  outer loop
    vertex 39.3703430205937 67.9515629464657 -49.1000000262664
    vertex 39.3703430205921 -9.17949282534548 -49.100000026255
    vertex 41.9333691083103 -10.3407848374253 -49.1000000262546
  endloop
endfacet
facet normal -8.67648920311465e-014 1.48477336184166e-013 1.0
  outer loop
    vertex 39.3703430205937 67.9515629464657 -49.1000000262664
    vertex 41.9333691083103 -10.3407848374253 -49.1000000262546
    vertex 41.9333691083119 69.1128549585454 -49.1000000262664
  endloop
endfacet
facet normal -8.67648920311465e-014 1.48477336184166e-013 1.0
  outer loop
    vertex 41.9333691083119 69.1128549585454 -49.1000000262664
    vertex 41.9333691083103 -10.3407848374253 -49.1000000262546
    vertex 44.5668596919732 -11.3319605077295 -49.1000000262542
  endloop
endfacet
facet normal -8.67648920311465e-014 1.48477336184166e-013 1.0
  outer loop
    vertex 41.9333691083119 69.1128549585454 -49.1000000262664
    vertex 44.5668596919732 -11.3319605077295 -49.1000000262542
    vertex 44.5668596919748 70.1040306288495 -49.1000000262663
  endloop
endfacet
facet normal -8.67648920311465e-014 1.48477336184166e-013 1.0
  outer loop
    vertex 44.5668596919748 70.1040306288495 -49.1000000262663
    vertex 44.5668596919732 -11.3319605077295 -49.1000000262542
    vertex 47.2595377606008 -12.14877546987 -49.1000000262538
  endloop
endfacet
facet normal -8.67648920311465e-014 1.48477336184166e-013 1.0
  outer loop
    vertex 44.5668596919748 70.1040306288495 -49.1000000262663
    vertex 47.2595377606008 -12.14877546987 -49.1000000262538
    vertex 47.2595377606024 70.9208455909899 -49.1000000262662
  endloop
endfacet
facet normal -8.67648920311465e-014 1.48477336184166e-013 1.0
  outer loop
    vertex 47.2595377606024 70.9208455909899 -49.1000000262662
    vertex 47.2595377606008 -12.14877546987 -49.1000000262538
    vertex 49.9998728533156 -12.787731996779 -49.1000000262535
  endloop
endfacet
facet normal -8.67648920311465e-014 1.48477336184166e-013 1.0
  outer loop
    vertex 47.2595377606024 70.9208455909899 -49.1000000262662
    vertex 49.9998728533156 -12.787731996779 -49.1000000262535
    vertex 49.9998728533173 71.5598021178988 -49.100000026266
  endloop
endfacet
facet normal -8.67648920311465e-014 1.48477336184166e-013 1.0
  outer loop
    vertex 49.9998728533173 71.5598021178988 -49.100000026266
    vertex 49.9998728533156 -12.787731996779 -49.1000000262535
    vertex 52.7761304345469 -13.246093978514 -49.1000000262532
  endloop
endfacet
facet normal -8.67648920311465e-014 1.48477336184166e-013 1.0
  outer loop
    vertex 49.9998728533173 71.5598021178988 -49.100000026266
    vertex 52.7761304345469 -13.246093978514 -49.1000000262532
    vertex 52.7761304345486 72.0181640996337 -49.1000000262659
  endloop
endfacet
facet normal -8.67648920311465e-014 1.48477336184166e-013 1.0
  outer loop
    vertex 52.7761304345486 72.0181640996337 -49.1000000262659
    vertex 52.7761304345469 -13.246093978514 -49.1000000262532
    vertex 55.5764221431129 -13.5218986387002 -49.1000000262529
  endloop
endfacet
facet normal -8.67648920311465e-014 1.48477336184166e-013 1.0
  outer loop
    vertex 52.7761304345486 72.0181640996337 -49.1000000262659
    vertex 55.5764221431129 -13.5218986387002 -49.1000000262529
    vertex 55.5764221431146 72.2939687598197 -49.1000000262656
  endloop
endfacet
facet normal -8.67648920311465e-014 1.48477336184166e-013 1.0
  outer loop
    vertex 55.5764221431146 72.2939687598197 -49.1000000262656
    vertex 55.5764221431129 -13.5218986387002 -49.1000000262529
    vertex 56.7961077000091 -7.83716593944029 -49.1000000262559
  endloop
endfacet
facet normal -8.67648920311465e-014 1.48477336184166e-013 1.0
  outer loop
    vertex 56.7961077000091 -7.83716593944029 -49.1000000262559
    vertex 55.5764221431129 -13.5218986387002 -49.1000000262529
    vertex 56.8469067000091 -8.11139893944029 -49.1000000262559
  endloop
endfacet
facet normal -8.67648920311465e-014 1.48477336184166e-013 1.0
  outer loop
    vertex 56.8469067000091 -8.11139893944029 -49.1000000262559
    vertex 55.5764221431129 -13.5218986387002 -49.1000000262529
    vertex 58.3887567000091 -13.6139649394403 -49.1000000262527
  endloop
endfacet
facet normal -8.67648920311465e-014 1.48477336184166e-013 1.0
  outer loop
    vertex 55.5764221431146 72.2939687598197 -49.1000000262656
    vertex 56.7961077000091 -7.83716593944029 -49.1000000262559
    vertex 56.7937007000091 -7.55827793944029 -49.1000000262559
  endloop
endfacet
facet normal -8.67648920311465e-014 1.48477336184166e-013 1.0
  outer loop
    vertex 55.5764221431146 72.2939687598197 -49.1000000262656
    vertex 56.7937007000091 -7.55827793944029 -49.1000000262559
    vertex 56.7935567000091 66.3323480605597 -49.1000000262582
  endloop
endfacet
facet normal -8.67648920311465e-014 1.48477336184166e-013 1.0
  outer loop
    vertex 56.8469067000091 -8.11139893944029 -49.1000000262559
    vertex 58.3887567000091 -13.6139649394403 -49.1000000262527
    vertex 56.9445547000091 -8.37264393944029 -49.1000000262559
  endloop
endfacet
facet normal -8.67648920311465e-014 1.48477336184166e-013 1.0
  outer loop
    vertex 56.9445547000091 -8.37264393944029 -49.1000000262559
    vertex 58.3887567000091 -13.6139649394403 -49.1000000262527
    vertex 57.0860827000091 -8.61296493944029 -49.1000000262559
  endloop
endfacet
facet normal -8.67648920311465e-014 1.48477336184166e-013 1.0
  outer loop
    vertex 57.0860827000091 -8.61296493944029 -49.1000000262559
    vertex 58.3887567000091 -13.6139649394403 -49.1000000262527
    vertex 57.2671927000091 -8.82505793944029 -49.1000000262558
  endloop
endfacet
facet normal -8.67648920311465e-014 1.48477336184166e-013 1.0
  outer loop
    vertex 57.2671927000091 -8.82505793944029 -49.1000000262558
    vertex 58.3887567000091 -13.6139649394403 -49.1000000262527
    vertex 57.4823805000091 -9.00247993944029 -49.1000000262558
  endloop
endfacet
facet normal -8.67648920311465e-014 1.48477336184166e-013 1.0
  outer loop
    vertex 57.4823805000091 -9.00247993944029 -49.1000000262558
    vertex 58.3887567000091 -13.6139649394403 -49.1000000262527
    vertex 57.7251081000091 -9.13983893944028 -49.1000000262557
  endloop
endfacet
facet normal -8.67648920311465e-014 1.48477336184166e-013 1.0
  outer loop
    vertex 57.7251081000091 -9.13983893944028 -49.1000000262557
    vertex 58.3887567000091 -13.6139649394403 -49.1000000262527
    vertex 57.9880004000091 -9.23296293944028 -49.1000000262557
  endloop
endfacet
facet normal -8.67648920311465e-014 1.48477336184166e-013 1.0
  outer loop
    vertex 57.9880004000091 -9.23296293944028 -49.1000000262557
    vertex 58.3887567000091 -13.6139649394403 -49.1000000262527
    vertex 58.2630694000091 -9.27902093944028 -49.1000000262556
  endloop
endfacet
facet normal -8.67648920311465e-014 1.48477336184166e-013 1.0
  outer loop
    vertex 58.2630694000091 -9.27902093944028 -49.1000000262556
    vertex 58.3887567000091 -13.6139649394403 -49.1000000262527
    vertex 58.5419574000091 -9.27661393944029 -49.1000000262556
  endloop
endfacet
facet normal -8.67648920311465e-014 1.48477336184166e-013 1.0
  outer loop
    vertex 58.5419574000091 -9.27661393944029 -49.1000000262556
    vertex 58.3887567000091 -13.6139649394403 -49.1000000262527
    vertex 61.2010912569049 -13.5218986387003 -49.1000000262524
  endloop
endfacet
facet normal -8.67648920311465e-014 1.48477336184166e-013 1.0
  outer loop
    vertex 58.5419574000091 -9.27661393944029 -49.1000000262556
    vertex 61.2010912569049 -13.5218986387003 -49.1000000262524
    vertex 58.8161905000091 -9.22581493944028 -49.1000000262555
  endloop
endfacet
facet normal -8.67648920311465e-014 1.48477336184166e-013 1.0
  outer loop
    vertex 58.8161905000091 -9.22581493944028 -49.1000000262555
    vertex 61.2010912569049 -13.5218986387003 -49.1000000262524
    vertex 59.0774362000091 -9.12816693944029 -49.1000000262555
  endloop
endfacet
facet normal -8.67648920311465e-014 1.48477336184166e-013 1.0
  outer loop
    vertex 59.0774362000091 -9.12816693944029 -49.1000000262555
    vertex 61.2010912569049 -13.5218986387003 -49.1000000262524
    vertex 59.3177567000091 -8.98663893944028 -49.1000000262554
  endloop
endfacet
facet normal -8.67648920311465e-014 1.48477336184166e-013 1.0
  outer loop
    vertex 59.3177567000091 -8.98663893944028 -49.1000000262554
    vertex 61.2010912569049 -13.5218986387003 -49.1000000262524
    vertex 59.5298497000091 -8.80552893944028 -49.1000000262553
  endloop
endfacet
facet normal -8.67648920311465e-014 1.48477336184166e-013 1.0
  outer loop
    vertex 59.5298497000091 -8.80552893944028 -49.1000000262553
    vertex 61.2010912569049 -13.5218986387003 -49.1000000262524
    vertex 59.7072717000091 -8.59034093944029 -49.1000000262553
  endloop
endfacet
facet normal -8.67648920311465e-014 1.48477336184166e-013 1.0
  outer loop
    vertex 59.7072717000091 -8.59034093944029 -49.1000000262553
    vertex 61.2010912569049 -13.5218986387003 -49.1000000262524
    vertex 59.8446307000091 -8.34761393944029 -49.1000000262553
  endloop
endfacet
facet normal -8.67648920311465e-014 1.48477336184166e-013 1.0
  outer loop
    vertex 59.8446307000091 -8.34761393944029 -49.1000000262553
    vertex 61.2010912569049 -13.5218986387003 -49.1000000262524
    vertex 59.9377547000091 -8.08472093944029 -49.1000000262552
  endloop
endfacet
facet normal -8.67648920311465e-014 1.48477336184166e-013 1.0
  outer loop
    vertex 59.9377547000091 -8.08472093944029 -49.1000000262552
    vertex 61.2010912569049 -13.5218986387003 -49.1000000262524
    vertex 59.9838127000091 -7.80965193944029 -49.1000000262553
  endloop
endfacet
facet normal -8.67648920311465e-014 1.48477336184166e-013 1.0
  outer loop
    vertex 15.48082300075 26.5737005036645 -49.1000000262623
    vertex 15.4808230007501 32.1983696174567 -49.1000000262632
    vertex 15.38875670001 29.3860350605606 -49.1000000262628
  endloop
endfacet
facet normal -8.67648920311465e-014 1.48477336184166e-013 1.0
  outer loop
    vertex 15.4808230007501 32.1983696174567 -49.1000000262632
    vertex 15.48082300075 26.5737005036645 -49.1000000262623
    vertex 15.756627660936 23.7734087950984 -49.1000000262619
  endloop
endfacet
facet normal -8.67648920311465e-014 1.48477336184166e-013 1.0
  outer loop
    vertex 15.4808230007501 32.1983696174567 -49.1000000262632
    vertex 15.756627660936 23.7734087950984 -49.1000000262619
    vertex 15.7566276609363 34.9986613260228 -49.1000000262636
  endloop
endfacet
facet normal -8.67648920311465e-014 1.48477336184166e-013 1.0
  outer loop
    vertex 15.7566276609363 34.9986613260228 -49.1000000262636
    vertex 15.756627660936 23.7734087950984 -49.1000000262619
    vertex 16.2149896426709 20.9971512138671 -49.1000000262615
  endloop
endfacet
facet normal -8.67648920311465e-014 1.48477336184166e-013 1.0
  outer loop
    vertex 15.7566276609363 34.9986613260228 -49.1000000262636
    vertex 16.2149896426709 20.9971512138671 -49.1000000262615
    vertex 16.2149896426712 37.7749189072541 -49.1000000262639
  endloop
endfacet
facet normal -8.67648920311465e-014 1.48477336184166e-013 1.0
  outer loop
    vertex 16.2149896426712 37.7749189072541 -49.1000000262639
    vertex 16.2149896426709 20.9971512138671 -49.1000000262615
    vertex 16.8539461695798 18.2568161211522 -49.100000026261
  endloop
endfacet
facet normal -8.67648920311465e-014 1.48477336184166e-013 1.0
  outer loop
    vertex 16.2149896426712 37.7749189072541 -49.1000000262639
    vertex 16.8539461695798 18.2568161211522 -49.100000026261
    vertex 16.8539461695803 40.5152539999689 -49.1000000262643
  endloop
endfacet
facet normal -8.67648920311465e-014 1.48477336184166e-013 1.0
  outer loop
    vertex 16.8539461695803 40.5152539999689 -49.1000000262643
    vertex 16.8539461695798 18.2568161211522 -49.100000026261
    vertex 17.6707611317202 15.5641380525246 -49.1000000262605
  endloop
endfacet
facet normal -8.67648920311465e-014 1.48477336184166e-013 1.0
  outer loop
    vertex 16.8539461695803 40.5152539999689 -49.1000000262643
    vertex 17.6707611317202 15.5641380525246 -49.1000000262605
    vertex 17.6707611317207 43.2079320685965 -49.1000000262646
  endloop
endfacet
facet normal -8.67648920311465e-014 1.48477336184166e-013 1.0
  outer loop
    vertex 17.6707611317207 43.2079320685965 -49.1000000262646
    vertex 17.6707611317202 15.5641380525246 -49.1000000262605
    vertex 18.6619368020243 12.9306474688617 -49.10000002626
  endloop
endfacet
facet normal -8.67648920311465e-014 1.48477336184166e-013 1.0
  outer loop
    vertex 17.6707611317207 43.2079320685965 -49.1000000262646
    vertex 18.6619368020243 12.9306474688617 -49.10000002626
    vertex 18.661936802025 45.8414226522594 -49.1000000262649
  endloop
endfacet
facet normal -8.67648920311465e-014 1.48477336184166e-013 1.0
  outer loop
    vertex 18.661936802025 45.8414226522594 -49.1000000262649
    vertex 18.6619368020243 12.9306474688617 -49.10000002626
    vertex 19.823228814104 10.3676213811435 -49.1000000262596
  endloop
endfacet
facet normal -8.67648920311465e-014 1.48477336184166e-013 1.0
  outer loop
    vertex 18.661936802025 45.8414226522594 -49.1000000262649
    vertex 19.823228814104 10.3676213811435 -49.1000000262596
    vertex 19.7177567000091 29.3870350605597 -49.1000000262639
  endloop
endfacet
facet normal -8.67648920311465e-014 1.48477336184166e-013 1.0
  outer loop
    vertex 19.7177567000091 29.3870350605597 -49.1000000262639
    vertex 19.823228814104 10.3676213811435 -49.1000000262596
    vertex 19.7420667000091 29.1091950605597 -49.1000000262639
  endloop
endfacet
facet normal -8.67648920311465e-014 1.48477336184166e-013 1.0
  outer loop
    vertex 19.7420667000091 29.1091950605597 -49.1000000262639
    vertex 19.823228814104 10.3676213811435 -49.1000000262596
    vertex 19.8142467000091 28.8398050605597 -49.1000000262639
  endloop
endfacet
facet normal -8.67648920311465e-014 1.48477336184166e-013 1.0
  outer loop
    vertex 19.8142467000091 28.8398050605597 -49.1000000262639
    vertex 19.823228814104 10.3676213811435 -49.1000000262596
    vertex 19.9321167000091 28.5870350605597 -49.1000000262639
  endloop
endfacet
facet normal -8.67648920311465e-014 1.48477336184166e-013 1.0
  outer loop
    vertex 19.9321167000091 28.5870350605597 -49.1000000262639
    vertex 19.823228814104 10.3676213811435 -49.1000000262596
    vertex 21.1496643372787 7.88603506056051 -49.1000000262591
  endloop
endfacet
facet normal -8.67648920311465e-014 1.48477336184166e-013 1.0
  outer loop
    vertex 19.9321167000091 28.5870350605597 -49.1000000262639
    vertex 21.1496643372787 7.88603506056051 -49.1000000262591
    vertex 20.0920867000091 28.3585750605597 -49.1000000262638
  endloop
endfacet
facet normal -8.67648920311465e-014 1.48477336184166e-013 1.0
  outer loop
    vertex 20.0920867000091 28.3585750605597 -49.1000000262638
    vertex 21.1496643372787 7.88603506056051 -49.1000000262591
    vertex 20.2892967000091 28.1613650605597 -49.1000000262638
  endloop
endfacet
facet normal -8.67648920311465e-014 1.48477336184166e-013 1.0
  outer loop
    vertex 20.2892967000091 28.1613650605597 -49.1000000262638
    vertex 21.1496643372787 7.88603506056051 -49.1000000262591
    vertex 20.5177567000091 28.0013950605597 -49.1000000262638
  endloop
endfacet
facet normal -8.67648920311465e-014 1.48477336184166e-013 1.0
  outer loop
    vertex 20.5177567000091 28.0013950605597 -49.1000000262638
    vertex 21.1496643372787 7.88603506056051 -49.1000000262591
    vertex 20.7705267000091 27.8835250605597 -49.1000000262637
  endloop
endfacet
facet normal -8.67648920311465e-014 1.48477336184166e-013 1.0
  outer loop
    vertex 20.7705267000091 27.8835250605597 -49.1000000262637
    vertex 21.1496643372787 7.88603506056051 -49.1000000262591
    vertex 21.0399167000091 27.8113450605597 -49.1000000262637
  endloop
endfacet
facet normal -8.67648920311465e-014 1.48477336184166e-013 1.0
  outer loop
    vertex 21.0399167000091 27.8113450605597 -49.1000000262637
    vertex 21.1496643372787 7.88603506056051 -49.1000000262591
    vertex 21.3177567000091 27.7870350605597 -49.1000000262636
  endloop
endfacet
facet normal -8.67648920311465e-014 1.48477336184166e-013 1.0
  outer loop
    vertex 21.3177567000091 27.7870350605597 -49.1000000262636
    vertex 21.1496643372787 7.88603506056051 -49.1000000262591
    vertex 22.635563371 5.49651504071758 -49.1000000262586
  endloop
endfacet
facet normal -8.67648920311465e-014 1.48477336184166e-013 1.0
  outer loop
    vertex 21.3177567000091 27.7870350605597 -49.1000000262636
    vertex 22.635563371 5.49651504071758 -49.1000000262586
    vertex 21.5955967000091 27.8113450605597 -49.1000000262635
  endloop
endfacet
facet normal -8.67648920311465e-014 1.48477336184166e-013 1.0
  outer loop
    vertex 21.5955967000091 27.8113450605597 -49.1000000262635
    vertex 22.635563371 5.49651504071758 -49.1000000262586
    vertex 21.8649867000091 27.8835250605597 -49.1000000262635
  endloop
endfacet
facet normal -8.67648920311465e-014 1.48477336184166e-013 1.0
  outer loop
    vertex 21.8649867000091 27.8835250605597 -49.1000000262635
    vertex 22.635563371 5.49651504071758 -49.1000000262586
    vertex 22.1177567000091 28.0013950605597 -49.1000000262634
  endloop
endfacet
facet normal -8.67648920311465e-014 1.48477336184166e-013 1.0
  outer loop
    vertex 22.1177567000091 28.0013950605597 -49.1000000262634
    vertex 22.635563371 5.49651504071758 -49.1000000262586
    vertex 22.3462167000091 28.1613650605597 -49.1000000262634
  endloop
endfacet
facet normal -8.67648920311465e-014 1.48477336184166e-013 1.0
  outer loop
    vertex 22.3462167000091 28.1613650605597 -49.1000000262634
    vertex 22.635563371 5.49651504071758 -49.1000000262586
    vertex 22.5434267000091 28.3585750605597 -49.1000000262633
  endloop
endfacet
facet normal -8.67648920311465e-014 1.48477336184166e-013 1.0
  outer loop
    vertex 22.5434267000091 28.3585750605597 -49.1000000262633
    vertex 22.635563371 5.49651504071758 -49.1000000262586
    vertex 22.7033967000091 28.5870350605597 -49.1000000262633
  endloop
endfacet
facet normal -8.67648920311465e-014 1.48477336184166e-013 1.0
  outer loop
    vertex 22.7033967000091 28.5870350605597 -49.1000000262633
    vertex 22.635563371 5.49651504071758 -49.1000000262586
    vertex 24.2745630674863 3.20929361318545 -49.1000000262581
  endloop
endfacet
facet normal -8.67648920311465e-014 1.48477336184166e-013 1.0
  outer loop
    vertex 22.7033967000091 28.5870350605597 -49.1000000262633
    vertex 24.2745630674863 3.20929361318545 -49.1000000262581
    vertex 22.8212667000091 28.8398050605597 -49.1000000262633
  endloop
endfacet
facet normal -8.67648920311465e-014 1.48477336184166e-013 1.0
  outer loop
    vertex 22.8212667000091 28.8398050605597 -49.1000000262633
    vertex 24.2745630674863 3.20929361318545 -49.1000000262581
    vertex 22.8934467000091 29.1091950605597 -49.1000000262633
  endloop
endfacet
facet normal -8.67648920311465e-014 1.48477336184166e-013 1.0
  outer loop
    vertex 22.8934467000091 29.1091950605597 -49.1000000262633
    vertex 24.2745630674863 3.20929361318545 -49.1000000262581
    vertex 22.9177567000091 29.3870350605597 -49.1000000262632
  endloop
endfacet
facet normal 0.22707626303434 -0.973876979277342 1.50599655895357e-013
  outer loop
    vertex 69.5179756394173 -12.1487754698713 -54.1000000262534
    vertex 66.7776405467022 -12.7877319967794 -49.100000026252
    vertex 66.7776405467024 -12.7877319967802 -54.1000000262535
  endloop
endfacet
facet normal 0.22707626303434 -0.973876979277342 1.50599655895357e-013
  outer loop
    vertex 66.7776405467022 -12.7877319967794 -49.100000026252
    vertex 69.5179756394173 -12.1487754698713 -54.1000000262534
    vertex 69.5179756394172 -12.1487754698705 -49.1000000262519
  endloop
endfacet
facet normal 0.910863824921179 0.412707029804388 -3.49530694979051e-014
  outer loop
    vertex 96.9542845859161 48.4044487399753 -54.10000002626
    vertex 98.1155765979957 45.8414226522578 -49.100000026258
    vertex 98.1155765979958 45.8414226522571 -54.1000000262595
  endloop
endfacet
facet normal 0.910863824921179 0.412707029804388 -3.49530694979051e-014
  outer loop
    vertex 98.1155765979957 45.8414226522578 -49.100000026258
    vertex 96.9542845859161 48.4044487399753 -54.10000002626
    vertex 96.954284585916 48.404448739976 -49.1000000262585
  endloop
endfacet
facet normal 0.729864072697818 -0.683592302022891 1.27740032021181e-013
  outer loop
    vertex 90.7178684216054 1.03416501125514 -54.1000000262535
    vertex 88.7943482910308 -1.01955653046261 -49.1000000262519
    vertex 88.7943482910309 -1.0195565304634 -54.1000000262534
  endloop
endfacet
facet normal 0.729864072697818 -0.683592302022891 1.27740032021181e-013
  outer loop
    vertex 88.7943482910308 -1.01955653046261 -49.1000000262519
    vertex 90.7178684216054 1.03416501125514 -54.1000000262535
    vertex 90.7178684216053 1.03416501125593 -49.100000026252
  endloop
endfacet
facet normal 0.956940335732204 -0.290284677254478 6.97780121966054e-014
  outer loop
    vertex 99.9235672304398 18.2568161211497 -54.1000000262553
    vertex 99.1067522682992 15.5641380525228 -49.1000000262534
    vertex 99.1067522682994 15.564138052522 -54.1000000262549
  endloop
endfacet
facet normal 0.956940335732204 -0.290284677254478 6.97780121966054e-014
  outer loop
    vertex 99.1067522682992 15.5641380525228 -49.1000000262534
    vertex 99.9235672304398 18.2568161211497 -54.1000000262553
    vertex 99.9235672304397 18.2568161211504 -49.1000000262538
  endloop
endfacet
facet normal 0.0980171403295322 -0.9951847266722 1.50268703363469e-013
  outer loop
    vertex 64.0013829654711 -13.246093978515 -54.1000000262537
    vertex 61.2010912569049 -13.5218986387003 -49.1000000262524
    vertex 61.201091256905 -13.5218986387011 -54.1000000262539
  endloop
endfacet
facet normal 0.0980171403295322 -0.9951847266722 1.50268703363469e-013
  outer loop
    vertex 61.2010912569049 -13.5218986387003 -49.1000000262524
    vertex 64.0013829654711 -13.246093978515 -54.1000000262537
    vertex 64.0013829654709 -13.2460939785143 -49.1000000262522
  endloop
endfacet
facet normal 0.634393284163626 -0.773010453362753 1.39229803312506e-013
  outer loop
    vertex 86.7406267493121 -2.94307666103706 -49.1000000262518
    vertex 84.5654981473842 -4.72815857196488 -54.1000000262532
    vertex 86.7406267493122 -2.94307666103785 -54.1000000262532
  endloop
endfacet
facet normal 0.634393284163626 -0.773010453362753 1.39229803312506e-013
  outer loop
    vertex 84.5654981473842 -4.72815857196488 -54.1000000262532
    vertex 86.7406267493121 -2.94307666103706 -49.1000000262518
    vertex 84.5654981473841 -4.72815857196409 -49.1000000262517
  endloop
endfacet
facet normal 0.849202181526565 -0.52806785065039 1.06374080370018e-013
  outer loop
    vertex 95.6278490627405 7.88603506055802 -54.1000000262541
    vertex 94.1419500290188 5.49651504071594 -49.1000000262524
    vertex 94.141950029019 5.49651504071515 -54.1000000262539
  endloop
endfacet
facet normal 0.849202181526565 -0.52806785065039 1.06374080370018e-013
  outer loop
    vertex 94.1419500290188 5.49651504071594 -49.1000000262524
    vertex 95.6278490627405 7.88603506055802 -54.1000000262541
    vertex 95.6278490627403 7.88603506055881 -49.1000000262526
  endloop
endfacet
facet normal 0.995184726672194 -0.0980171403295947 4.10980569082854e-014
  outer loop
    vertex 101.29669039927 26.5737005036619 -54.1000000262564
    vertex 101.020885739084 23.7734087950966 -49.1000000262545
    vertex 101.020885739084 23.7734087950958 -54.100000026256
  endloop
endfacet
facet normal 0.995184726672194 -0.0980171403295947 4.10980569082854e-014
  outer loop
    vertex 101.020885739084 23.7734087950966 -49.1000000262545
    vertex 101.29669039927 26.5737005036619 -54.1000000262564
    vertex 101.29669039927 26.5737005036626 -49.1000000262549
  endloop
endfacet
facet normal 0.999464587476366 0.0327190828217677 2.23332580605997e-014
  outer loop
    vertex 101.29669039927 32.1983696174542 -54.1000000262572
    vertex 101.38875670001 29.3860350605588 -49.1000000262553
    vertex 101.38875670001 29.3860350605581 -54.1000000262568
  endloop
endfacet
facet normal 0.999464587476366 0.0327190828217677 2.23332580605997e-014
  outer loop
    vertex 101.38875670001 29.3860350605588 -49.1000000262553
    vertex 101.29669039927 32.1983696174542 -54.1000000262572
    vertex 101.29669039927 32.198369617455 -49.1000000262557
  endloop
endfacet
facet normal 0.935905926757314 -0.352250047921266 8.09751002051019e-014
  outer loop
    vertex 99.1067522682994 15.564138052522 -54.1000000262549
    vertex 98.1155765979949 12.9306474688599 -49.1000000262531
    vertex 98.115576597995 12.9306474688591 -54.1000000262546
  endloop
endfacet
facet normal 0.935905926757314 -0.352250047921266 8.09751002051019e-014
  outer loop
    vertex 98.1155765979949 12.9306474688599 -49.1000000262531
    vertex 99.1067522682994 15.564138052522 -54.1000000262549
    vertex 99.1067522682992 15.5641380525228 -49.1000000262534
  endloop
endfacet
facet normal 0.528067850650343 -0.849202181526595 1.44338141732605e-013
  outer loop
    vertex 82.2782767198519 -6.36715826845038 -49.1000000262517
    vertex 79.8887567000091 -7.85305730217247 -54.1000000262531
    vertex 82.278276719852 -6.36715826845117 -54.1000000262531
  endloop
endfacet
facet normal 0.528067850650343 -0.849202181526595 1.44338141732605e-013
  outer loop
    vertex 79.8887567000091 -7.85305730217247 -54.1000000262531
    vertex 82.2782767198519 -6.36715826845038 -49.1000000262517
    vertex 79.888756700009 -7.85305730217173 -49.1000000262516
  endloop
endfacet
facet normal 0.986643332084876 -0.162895473394606 5.02247894254865e-014
  outer loop
    vertex 101.020885739084 23.7734087950958 -54.100000026256
    vertex 100.562523757349 20.9971512138652 -49.1000000262541
    vertex 100.562523757349 20.9971512138645 -54.1000000262556
  endloop
endfacet
facet normal 0.986643332084876 -0.162895473394606 5.02247894254865e-014
  outer loop
    vertex 100.562523757349 20.9971512138652 -49.1000000262541
    vertex 101.020885739084 23.7734087950958 -54.100000026256
    vertex 101.020885739084 23.7734087950966 -49.1000000262545
  endloop
endfacet
facet normal 0.999464587476365 -0.0327190828217999 3.17811322647163e-014
  outer loop
    vertex 101.38875670001 29.3860350605581 -54.1000000262568
    vertex 101.29669039927 26.5737005036626 -49.1000000262549
    vertex 101.29669039927 26.5737005036619 -54.1000000262564
  endloop
endfacet
facet normal 0.999464587476365 -0.0327190828217999 3.17811322647163e-014
  outer loop
    vertex 101.29669039927 26.5737005036626 -49.1000000262549
    vertex 101.38875670001 29.3860350605581 -54.1000000262568
    vertex 101.38875670001 29.3860350605588 -49.1000000262553
  endloop
endfacet
facet normal 0.986643332084882 0.162895473394574 3.19145727971879e-015
  outer loop
    vertex 100.562523757349 37.7749189072517 -54.1000000262581
    vertex 101.020885739084 34.9986613260211 -49.1000000262562
    vertex 101.020885739084 34.9986613260203 -54.1000000262576
  endloop
endfacet
facet normal 0.986643332084882 0.162895473394574 3.19145727971879e-015
  outer loop
    vertex 101.020885739084 34.9986613260211 -49.1000000262562
    vertex 100.562523757349 37.7749189072517 -54.1000000262581
    vertex 100.562523757349 37.7749189072524 -49.1000000262566
  endloop
endfacet
facet normal 0.956940335732213 0.290284677254449 -1.60139643538006e-014
  outer loop
    vertex 99.1067522682999 43.2079320685941 -54.100000026259
    vertex 99.9235672304402 40.5152539999673 -49.1000000262571
    vertex 99.9235672304403 40.5152539999666 -54.1000000262585
  endloop
endfacet
facet normal 0.956940335732213 0.290284677254449 -1.60139643538006e-014
  outer loop
    vertex 99.9235672304402 40.5152539999673 -49.1000000262571
    vertex 99.1067522682999 43.2079320685941 -54.100000026259
    vertex 99.1067522682998 43.2079320685949 -49.1000000262576
  endloop
endfacet
facet normal 0.973876979277341 0.227076263034343 -6.43146914559574e-015
  outer loop
    vertex 99.9235672304403 40.5152539999666 -54.1000000262585
    vertex 100.562523757349 37.7749189072524 -49.1000000262566
    vertex 100.562523757349 37.7749189072517 -54.1000000262581
  endloop
endfacet
facet normal 0.973876979277341 0.227076263034343 -6.43146914559574e-015
  outer loop
    vertex 100.562523757349 37.7749189072524 -49.1000000262566
    vertex 99.9235672304403 40.5152539999666 -54.1000000262585
    vertex 99.9235672304402 40.5152539999673 -49.1000000262571
  endloop
endfacet
facet normal 0.812846684591603 -0.582477696867819 1.1399215658983e-013
  outer loop
    vertex 94.141950029019 5.49651504071515 -54.1000000262539
    vertex 92.5029503325325 3.20929361318387 -49.1000000262522
    vertex 92.5029503325326 3.20929361318308 -54.1000000262537
  endloop
endfacet
facet normal 0.812846684591603 -0.582477696867819 1.1399215658983e-013
  outer loop
    vertex 92.5029503325325 3.20929361318387 -49.1000000262522
    vertex 94.141950029019 5.49651504071515 -54.1000000262539
    vertex 94.1419500290188 5.49651504071594 -49.1000000262524
  endloop
endfacet
facet normal 0.471396736825967 -0.881921264348371 1.43575119094347e-013
  outer loop
    vertex 79.8887567000091 -7.85305730217247 -54.1000000262531
    vertex 77.4071703794259 -9.1794928253464 -49.1000000262517
    vertex 77.4071703794261 -9.17949282534715 -54.1000000262531
  endloop
endfacet
facet normal 0.471396736825967 -0.881921264348371 1.43575119094347e-013
  outer loop
    vertex 77.4071703794259 -9.1794928253464 -49.1000000262517
    vertex 79.8887567000091 -7.85305730217247 -54.1000000262531
    vertex 79.888756700009 -7.85305730217173 -49.1000000262516
  endloop
endfacet
facet normal 0.0327190828217494 -0.999464587476366 1.49137003514232e-013
  outer loop
    vertex 61.201091256905 -13.5218986387011 -54.1000000262539
    vertex 58.3887567000091 -13.6139649394403 -49.1000000262527
    vertex 58.3887567000092 -13.613964939441 -54.1000000262541
  endloop
endfacet
facet normal 0.0327190828217494 -0.999464587476366 1.49137003514232e-013
  outer loop
    vertex 58.3887567000091 -13.6139649394403 -49.1000000262527
    vertex 61.201091256905 -13.5218986387011 -54.1000000262539
    vertex 61.2010912569049 -13.5218986387003 -49.1000000262524
  endloop
endfacet
facet normal 0.412707029804376 -0.910863824921184 1.46270188187834e-013
  outer loop
    vertex 77.4071703794261 -9.17949282534715 -54.1000000262531
    vertex 74.8441442917078 -10.3407848374261 -49.1000000262517
    vertex 74.8441442917079 -10.3407848374268 -54.1000000262532
  endloop
endfacet
facet normal 0.412707029804376 -0.910863824921184 1.46270188187834e-013
  outer loop
    vertex 74.8441442917078 -10.3407848374261 -49.1000000262517
    vertex 77.4071703794261 -9.17949282534715 -54.1000000262531
    vertex 77.4071703794259 -9.1794928253464 -49.1000000262517
  endloop
endfacet
facet normal 0.881921264348341 -0.471396736826024 9.8320394702748e-014
  outer loop
    vertex 96.9542845859153 10.3676213811409 -54.1000000262543
    vertex 95.6278490627403 7.88603506055881 -49.1000000262526
    vertex 95.6278490627405 7.88603506055802 -54.1000000262541
  endloop
endfacet
facet normal 0.881921264348341 -0.471396736826024 9.8320394702748e-014
  outer loop
    vertex 95.6278490627403 7.88603506055881 -49.1000000262526
    vertex 96.9542845859153 10.3676213811409 -54.1000000262543
    vertex 96.9542845859151 10.3676213811417 -49.1000000262529
  endloop
endfacet
facet normal 0.91086382492117 -0.412707029804408 8.98234219045839e-014
  outer loop
    vertex 98.115576597995 12.9306474688591 -54.1000000262546
    vertex 96.9542845859151 10.3676213811417 -49.1000000262529
    vertex 96.9542845859153 10.3676213811409 -54.1000000262543
  endloop
endfacet
facet normal 0.91086382492117 -0.412707029804408 8.98234219045839e-014
  outer loop
    vertex 96.9542845859151 10.3676213811417 -49.1000000262529
    vertex 98.115576597995 12.9306474688591 -54.1000000262546
    vertex 98.1155765979949 12.9306474688599 -49.1000000262531
  endloop
endfacet
facet normal 0.16289547339456 -0.986643332084884 1.5075634865064e-013
  outer loop
    vertex 66.7776405467024 -12.7877319967802 -54.1000000262535
    vertex 64.0013829654709 -13.2460939785143 -49.1000000262522
    vertex 64.0013829654711 -13.246093978515 -54.1000000262537
  endloop
endfacet
facet normal 0.16289547339456 -0.986643332084884 1.5075634865064e-013
  outer loop
    vertex 64.0013829654709 -13.2460939785143 -49.1000000262522
    vertex 66.7776405467024 -12.7877319967802 -54.1000000262535
    vertex 66.7776405467022 -12.7877319967794 -49.100000026252
  endloop
endfacet
facet normal 0.290284677254441 -0.956940335732215 1.49805499199286e-013
  outer loop
    vertex 72.2106537080449 -11.331960507731 -54.1000000262533
    vertex 69.5179756394172 -12.1487754698705 -49.1000000262519
    vertex 69.5179756394173 -12.1487754698713 -54.1000000262534
  endloop
endfacet
facet normal 0.290284677254441 -0.956940335732215 1.49805499199286e-013
  outer loop
    vertex 69.5179756394172 -12.1487754698705 -49.1000000262519
    vertex 72.2106537080449 -11.331960507731 -54.1000000262533
    vertex 72.2106537080448 -11.3319605077302 -49.1000000262518
  endloop
endfacet
facet normal 0.683592302022848 -0.729864072697857 1.33749173009959e-013
  outer loop
    vertex 88.7943482910308 -1.01955653046261 -49.1000000262519
    vertex 86.7406267493122 -2.94307666103785 -54.1000000262532
    vertex 88.7943482910309 -1.0195565304634 -54.1000000262534
  endloop
endfacet
facet normal 0.683592302022848 -0.729864072697857 1.33749173009959e-013
  outer loop
    vertex 86.7406267493122 -2.94307666103785 -54.1000000262532
    vertex 88.7943482910308 -1.01955653046261 -49.1000000262519
    vertex 86.7406267493121 -2.94307666103706 -49.1000000262518
  endloop
endfacet
facet normal 0.773010453362723 -0.634393284163663 1.21113529002394e-013
  outer loop
    vertex 92.5029503325326 3.20929361318308 -54.1000000262537
    vertex 90.7178684216053 1.03416501125593 -49.100000026252
    vertex 90.7178684216054 1.03416501125514 -54.1000000262535
  endloop
endfacet
facet normal 0.773010453362723 -0.634393284163663 1.21113529002394e-013
  outer loop
    vertex 90.7178684216053 1.03416501125593 -49.100000026252
    vertex 92.5029503325326 3.20929361318308 -54.1000000262537
    vertex 92.5029503325325 3.20929361318387 -49.1000000262522
  endloop
endfacet
facet normal 0.352250047921201 -0.935905926757338 1.48362639415096e-013
  outer loop
    vertex 74.8441442917079 -10.3407848374268 -54.1000000262532
    vertex 72.2106537080448 -11.3319605077302 -49.1000000262518
    vertex 72.2106537080449 -11.331960507731 -54.1000000262533
  endloop
endfacet
facet normal 0.352250047921201 -0.935905926757338 1.48362639415096e-013
  outer loop
    vertex 72.2106537080448 -11.3319605077302 -49.1000000262518
    vertex 74.8441442917079 -10.3407848374268 -54.1000000262532
    vertex 74.8441442917078 -10.3407848374261 -49.1000000262517
  endloop
endfacet
facet normal 0.97387697927733 -0.227076263034391 5.914541192575e-014
  outer loop
    vertex 100.562523757349 20.9971512138645 -54.1000000262556
    vertex 99.9235672304397 18.2568161211504 -49.1000000262538
    vertex 99.9235672304398 18.2568161211497 -54.1000000262553
  endloop
endfacet
facet normal 0.97387697927733 -0.227076263034391 5.914541192575e-014
  outer loop
    vertex 99.9235672304397 18.2568161211504 -49.1000000262538
    vertex 100.562523757349 20.9971512138645 -54.1000000262556
    vertex 100.562523757349 20.9971512138652 -49.1000000262541
  endloop
endfacet
facet normal 0.58247769686778 -0.812846684591631 1.4413422579644e-013
  outer loop
    vertex 84.5654981473841 -4.72815857196409 -49.1000000262517
    vertex 82.278276719852 -6.36715826845117 -54.1000000262531
    vertex 84.5654981473842 -4.72815857196488 -54.1000000262532
  endloop
endfacet
facet normal 0.58247769686778 -0.812846684591631 1.4413422579644e-013
  outer loop
    vertex 82.278276719852 -6.36715826845117 -54.1000000262531
    vertex 84.5654981473841 -4.72815857196409 -49.1000000262517
    vertex 82.2782767198519 -6.36715826845038 -49.1000000262517
  endloop
endfacet
facet normal 0.9951847266722 0.0980171403295304 1.27870664408115e-014
  outer loop
    vertex 101.020885739084 34.9986613260203 -54.1000000262576
    vertex 101.29669039927 32.198369617455 -49.1000000262557
    vertex 101.29669039927 32.1983696174542 -54.1000000262572
  endloop
endfacet
facet normal 0.9951847266722 0.0980171403295304 1.27870664408115e-014
  outer loop
    vertex 101.29669039927 32.198369617455 -49.1000000262557
    vertex 101.020885739084 34.9986613260203 -54.1000000262576
    vertex 101.020885739084 34.9986613260211 -49.1000000262562
  endloop
endfacet
facet normal 0.935905926757337 0.352250047921203 -2.55187072137922e-014
  outer loop
    vertex 98.1155765979958 45.8414226522571 -54.1000000262595
    vertex 99.1067522682998 43.2079320685949 -49.1000000262576
    vertex 99.1067522682999 43.2079320685941 -54.100000026259
  endloop
endfacet
facet normal 0.935905926757337 0.352250047921203 -2.55187072137922e-014
  outer loop
    vertex 99.1067522682998 43.2079320685949 -49.1000000262576
    vertex 98.1155765979958 45.8414226522571 -54.1000000262595
    vertex 98.1155765979957 45.8414226522578 -49.100000026258
  endloop
endfacet
facet normal 0.0980171403295709 0.995184726672196 -1.67975946428221e-013
  outer loop
    vertex 61.2010912569069 72.2939687598196 -49.1000000262652
    vertex 64.0013829654731 72.0181640996326 -54.1000000262664
    vertex 61.2010912569071 72.2939687598188 -54.1000000262666
  endloop
endfacet
facet normal 0.0980171403295709 0.995184726672196 -1.67975946428221e-013
  outer loop
    vertex 64.0013829654731 72.0181640996326 -54.1000000262664
    vertex 61.2010912569069 72.2939687598196 -49.1000000262652
    vertex 64.001382965473 72.0181640996335 -49.1000000262649
  endloop
endfacet
facet normal -0.227076263034357 0.973876979277337 -1.73123170105979e-013
  outer loop
    vertex 47.2595377606024 70.9208455909899 -49.1000000262662
    vertex 49.9998728533174 71.5598021178979 -54.1000000262675
    vertex 47.2595377606025 70.920845590989 -54.1000000262676
  endloop
endfacet
facet normal -0.227076263034357 0.973876979277337 -1.73123170105979e-013
  outer loop
    vertex 49.9998728533174 71.5598021178979 -54.1000000262675
    vertex 47.2595377606024 70.9208455909899 -49.1000000262662
    vertex 49.9998728533173 71.5598021178988 -49.100000026266
  endloop
endfacet
facet normal 0.773010453362749 0.634393284163631 -7.06719410788543e-014
  outer loop
    vertex 90.7178684216067 57.7379051098614 -54.1000000262619
    vertex 92.5029503325336 55.5627765079341 -49.10000002626
    vertex 92.5029503325337 55.5627765079334 -54.1000000262614
  endloop
endfacet
facet normal 0.773010453362749 0.634393284163631 -7.06719410788543e-014
  outer loop
    vertex 92.5029503325336 55.5627765079341 -49.10000002626
    vertex 90.7178684216067 57.7379051098614 -54.1000000262619
    vertex 90.7178684216065 57.7379051098621 -49.1000000262604
  endloop
endfacet
facet normal -0.290284677254437 0.956940335732217 -1.71932006585723e-013
  outer loop
    vertex 44.5668596919748 70.1040306288495 -49.1000000262663
    vertex 47.2595377606025 70.920845590989 -54.1000000262676
    vertex 44.566859691975 70.1040306288487 -54.1000000262678
  endloop
endfacet
facet normal -0.290284677254437 0.956940335732217 -1.71932006585723e-013
  outer loop
    vertex 47.2595377606025 70.920845590989 -54.1000000262676
    vertex 44.5668596919748 70.1040306288495 -49.1000000262663
    vertex 47.2595377606024 70.9208455909899 -49.1000000262662
  endloop
endfacet
facet normal -0.0327190828217597 0.999464587476366 -1.72248859885294e-013
  outer loop
    vertex 55.5764221431146 72.2939687598197 -49.1000000262656
    vertex 58.3887567000109 72.3860350605589 -54.1000000262669
    vertex 55.5764221431148 72.2939687598189 -54.1000000262671
  endloop
endfacet
facet normal -0.0327190828217597 0.999464587476366 -1.72248859885294e-013
  outer loop
    vertex 58.3887567000109 72.3860350605589 -54.1000000262669
    vertex 55.5764221431146 72.2939687598197 -49.1000000262656
    vertex 58.3887567000108 72.3860350605597 -49.1000000262654
  endloop
endfacet
facet normal -0.352250047921216 0.935905926757332 -1.69997146285329e-013
  outer loop
    vertex 41.9333691083119 69.1128549585454 -49.1000000262664
    vertex 44.566859691975 70.1040306288487 -54.1000000262678
    vertex 41.933369108312 69.1128549585445 -54.1000000262678
  endloop
endfacet
facet normal -0.352250047921216 0.935905926757332 -1.69997146285329e-013
  outer loop
    vertex 44.566859691975 70.1040306288487 -54.1000000262678
    vertex 41.9333691083119 69.1128549585454 -49.1000000262664
    vertex 44.5668596919748 70.1040306288495 -49.1000000262663
  endloop
endfacet
facet normal 0.729864072697845 0.683592302022861 -7.89443089705325e-014
  outer loop
    vertex 88.7943482910322 59.79162665158 -54.1000000262624
    vertex 90.7178684216065 57.7379051098621 -49.1000000262604
    vertex 90.7178684216067 57.7379051098614 -54.1000000262619
  endloop
endfacet
facet normal 0.729864072697845 0.683592302022861 -7.89443089705325e-014
  outer loop
    vertex 90.7178684216065 57.7379051098621 -49.1000000262604
    vertex 88.7943482910322 59.79162665158 -54.1000000262624
    vertex 88.7943482910321 59.7916266515807 -49.1000000262609
  endloop
endfacet
facet normal -0.162895473394569 0.986643332084882 -1.73572413409653e-013
  outer loop
    vertex 49.9998728533173 71.5598021178988 -49.100000026266
    vertex 52.7761304345487 72.0181640996328 -54.1000000262673
    vertex 49.9998728533174 71.5598021178979 -54.1000000262675
  endloop
endfacet
facet normal -0.162895473394569 0.986643332084882 -1.73572413409653e-013
  outer loop
    vertex 52.7761304345487 72.0181640996328 -54.1000000262673
    vertex 49.9998728533173 71.5598021178988 -49.100000026266
    vertex 52.7761304345486 72.0181640996337 -49.1000000262659
  endloop
endfacet
facet normal 0.881921264348366 0.471396736825977 -4.41870273414987e-014
  outer loop
    vertex 95.6278490627414 50.8860350605583 -54.1000000262605
    vertex 96.954284585916 48.404448739976 -49.1000000262585
    vertex 96.9542845859161 48.4044487399753 -54.10000002626
  endloop
endfacet
facet normal 0.881921264348366 0.471396736825977 -4.41870273414987e-014
  outer loop
    vertex 96.954284585916 48.404448739976 -49.1000000262585
    vertex 95.6278490627414 50.8860350605583 -54.1000000262605
    vertex 95.6278490627413 50.886035060559 -49.100000026259
  endloop
endfacet
facet normal 0.0327190828218003 0.999464587476365 -1.70475351071665e-013
  outer loop
    vertex 58.3887567000108 72.3860350605597 -49.1000000262654
    vertex 61.2010912569071 72.2939687598188 -54.1000000262666
    vertex 58.3887567000109 72.3860350605589 -54.1000000262669
  endloop
endfacet
facet normal 0.0327190828218003 0.999464587476365 -1.70475351071665e-013
  outer loop
    vertex 61.2010912569071 72.2939687598188 -54.1000000262666
    vertex 58.3887567000108 72.3860350605597 -49.1000000262654
    vertex 61.2010912569069 72.2939687598196 -49.1000000262652
  endloop
endfacet
facet normal -0.0980171403295471 0.995184726672198 -1.73279502870351e-013
  outer loop
    vertex 52.7761304345486 72.0181640996337 -49.1000000262659
    vertex 55.5764221431148 72.2939687598189 -54.1000000262671
    vertex 52.7761304345487 72.0181640996328 -54.1000000262673
  endloop
endfacet
facet normal -0.0980171403295471 0.995184726672198 -1.73279502870351e-013
  outer loop
    vertex 55.5764221431148 72.2939687598189 -54.1000000262671
    vertex 52.7761304345486 72.0181640996337 -49.1000000262659
    vertex 55.5764221431146 72.2939687598197 -49.1000000262656
  endloop
endfacet
facet normal -0.528067850650361 0.849202181526583 -1.36905252504886e-013
  outer loop
    vertex 34.499236680168 65.1392283895689 -54.1000000262679
    vertex 36.8887567000107 66.625127423291 -49.1000000262664
    vertex 36.8887567000108 66.6251274232903 -54.1000000262679
  endloop
endfacet
facet normal -0.528067850650361 0.849202181526583 -1.36905252504886e-013
  outer loop
    vertex 36.8887567000107 66.625127423291 -49.1000000262664
    vertex 34.499236680168 65.1392283895689 -54.1000000262679
    vertex 34.4992366801678 65.1392283895696 -49.1000000262664
  endloop
endfacet
facet normal -0.582477696867785 0.812846684591628 -1.33126649659264e-013
  outer loop
    vertex 32.2120152526358 63.5002286930826 -54.1000000262678
    vertex 34.4992366801678 65.1392283895696 -49.1000000262664
    vertex 34.499236680168 65.1392283895689 -54.1000000262679
  endloop
endfacet
facet normal -0.582477696867785 0.812846684591628 -1.33126649659264e-013
  outer loop
    vertex 34.4992366801678 65.1392283895696 -49.1000000262664
    vertex 32.2120152526358 63.5002286930826 -54.1000000262678
    vertex 32.2120152526357 63.5002286930833 -49.1000000262664
  endloop
endfacet
facet normal -0.634393284163627 0.773010453362752 -1.28798265679256e-013
  outer loop
    vertex 30.0368866507078 61.7151467821556 -54.1000000262678
    vertex 32.2120152526357 63.5002286930833 -49.1000000262664
    vertex 32.2120152526358 63.5002286930826 -54.1000000262678
  endloop
endfacet
facet normal -0.634393284163627 0.773010453362752 -1.28798265679256e-013
  outer loop
    vertex 32.2120152526357 63.5002286930833 -49.1000000262664
    vertex 30.0368866507078 61.7151467821556 -54.1000000262678
    vertex 30.0368866507077 61.7151467821563 -49.1000000262663
  endloop
endfacet
facet normal -0.683592302022857 0.729864072697849 -1.23873516500105e-013
  outer loop
    vertex 27.9831651089892 59.7916266515811 -54.1000000262677
    vertex 30.0368866507077 61.7151467821563 -49.1000000262663
    vertex 30.0368866507078 61.7151467821556 -54.1000000262678
  endloop
endfacet
facet normal -0.683592302022857 0.729864072697849 -1.23873516500105e-013
  outer loop
    vertex 30.0368866507077 61.7151467821563 -49.1000000262663
    vertex 27.9831651089892 59.7916266515811 -54.1000000262677
    vertex 27.9831651089891 59.7916266515819 -49.1000000262662
  endloop
endfacet
facet normal -0.412707029804361 0.910863824921191 -1.55014858717091e-013
  outer loop
    vertex 39.3703430205937 67.9515629464657 -49.1000000262664
    vertex 41.933369108312 69.1128549585445 -54.1000000262678
    vertex 39.3703430205938 67.951562946465 -54.1000000262679
  endloop
endfacet
facet normal -0.412707029804361 0.910863824921191 -1.55014858717091e-013
  outer loop
    vertex 41.933369108312 69.1128549585445 -54.1000000262678
    vertex 39.3703430205937 67.9515629464657 -49.1000000262664
    vertex 41.9333691083119 69.1128549585454 -49.1000000262664
  endloop
endfacet
facet normal -0.729864072697818 0.683592302022891 -1.18467518562695e-013
  outer loop
    vertex 26.0596449784145 57.7379051098633 -49.1000000262661
    vertex 27.9831651089892 59.7916266515811 -54.1000000262677
    vertex 26.0596449784146 57.7379051098626 -54.1000000262675
  endloop
endfacet
facet normal -0.729864072697818 0.683592302022891 -1.18467518562695e-013
  outer loop
    vertex 27.9831651089892 59.7916266515811 -54.1000000262677
    vertex 26.0596449784145 57.7379051098633 -49.1000000262661
    vertex 27.9831651089891 59.7916266515819 -49.1000000262662
  endloop
endfacet
facet normal 0.849202181526586 0.528067850650358 -5.32519085078765e-014
  outer loop
    vertex 94.14195002902 53.2755550804012 -54.100000026261
    vertex 95.6278490627413 50.886035060559 -49.100000026259
    vertex 95.6278490627414 50.8860350605583 -54.1000000262605
  endloop
endfacet
facet normal 0.849202181526586 0.528067850650358 -5.32519085078765e-014
  outer loop
    vertex 95.6278490627413 50.886035060559 -49.100000026259
    vertex 94.14195002902 53.2755550804012 -54.100000026261
    vertex 94.1419500290199 53.275555080402 -49.1000000262595
  endloop
endfacet
facet normal -0.471396736825977 0.881921264348366 -1.40100796291574e-013
  outer loop
    vertex 36.8887567000107 66.625127423291 -49.1000000262664
    vertex 39.3703430205938 67.951562946465 -54.1000000262679
    vertex 36.8887567000108 66.6251274232903 -54.1000000262679
  endloop
endfacet
facet normal -0.471396736825977 0.881921264348366 -1.40100796291574e-013
  outer loop
    vertex 39.3703430205938 67.951562946465 -54.1000000262679
    vertex 36.8887567000107 66.625127423291 -49.1000000262664
    vertex 39.3703430205937 67.9515629464657 -49.1000000262664
  endloop
endfacet
facet normal -0.773010453362729 0.634393284163655 -1.12508370272587e-013
  outer loop
    vertex 24.2745630674874 55.5627765079354 -49.1000000262659
    vertex 26.0596449784146 57.7379051098626 -54.1000000262675
    vertex 24.2745630674875 55.5627765079347 -54.1000000262673
  endloop
endfacet
facet normal -0.773010453362729 0.634393284163655 -1.12508370272587e-013
  outer loop
    vertex 26.0596449784146 57.7379051098626 -54.1000000262675
    vertex 24.2745630674874 55.5627765079354 -49.1000000262659
    vertex 26.0596449784145 57.7379051098633 -49.1000000262661
  endloop
endfacet
facet normal -0.812846684591601 0.582477696867822 -1.06117276959836e-013
  outer loop
    vertex 22.635563371001 53.2755550804033 -49.1000000262657
    vertex 24.2745630674875 55.5627765079347 -54.1000000262673
    vertex 22.6355633710012 53.2755550804026 -54.1000000262672
  endloop
endfacet
facet normal -0.812846684591601 0.582477696867822 -1.06117276959836e-013
  outer loop
    vertex 24.2745630674875 55.5627765079347 -54.1000000262673
    vertex 22.635563371001 53.2755550804033 -49.1000000262657
    vertex 24.2745630674874 55.5627765079354 -49.1000000262659
  endloop
endfacet
facet normal 0.412707029804388 0.910863824921179 -1.32684167742207e-013
  outer loop
    vertex 74.8441442917096 69.1128549585447 -49.1000000262635
    vertex 77.4071703794279 67.9515629464643 -54.1000000262646
    vertex 74.8441442917097 69.1128549585439 -54.100000026265
  endloop
endfacet
facet normal 0.412707029804388 0.910863824921179 -1.32684167742207e-013
  outer loop
    vertex 77.4071703794279 67.9515629464643 -54.1000000262646
    vertex 74.8441442917096 69.1128549585447 -49.1000000262635
    vertex 77.4071703794278 67.951562946465 -49.1000000262631
  endloop
endfacet
facet normal 0.528067850650377 0.849202181526574 -1.08324439090843e-013
  outer loop
    vertex 79.8887567000107 66.6251274232902 -49.1000000262627
    vertex 82.2782767198537 65.139228389568 -54.1000000262637
    vertex 79.8887567000108 66.6251274232895 -54.1000000262642
  endloop
endfacet
facet normal 0.528067850650377 0.849202181526574 -1.08324439090843e-013
  outer loop
    vertex 82.2782767198537 65.139228389568 -54.1000000262637
    vertex 79.8887567000107 66.6251274232902 -49.1000000262627
    vertex 82.2782767198536 65.1392283895687 -49.1000000262623
  endloop
endfacet
facet normal 0.290284677254481 0.956940335732203 -1.5620657363436e-013
  outer loop
    vertex 69.5179756394191 70.9208455909895 -49.1000000262642
    vertex 72.2106537080468 70.1040306288482 -54.1000000262653
    vertex 69.5179756394193 70.9208455909886 -54.1000000262657
  endloop
endfacet
facet normal 0.290284677254481 0.956940335732203 -1.5620657363436e-013
  outer loop
    vertex 72.2106537080468 70.1040306288482 -54.1000000262653
    vertex 69.5179756394191 70.9208455909895 -49.1000000262642
    vertex 72.2106537080467 70.104030628849 -49.1000000262639
  endloop
endfacet
facet normal 0.582477696867823 0.8128466845916 -1.01585460357153e-013
  outer loop
    vertex 82.2782767198536 65.1392283895687 -49.1000000262623
    vertex 84.5654981473857 63.5002286930816 -54.1000000262633
    vertex 82.2782767198537 65.139228389568 -54.1000000262637
  endloop
endfacet
facet normal 0.582477696867823 0.8128466845916 -1.01585460357153e-013
  outer loop
    vertex 84.5654981473857 63.5002286930816 -54.1000000262633
    vertex 82.2782767198536 65.1392283895687 -49.1000000262623
    vertex 84.5654981473856 63.5002286930824 -49.1000000262618
  endloop
endfacet
facet normal 0.812846684591627 0.582477696867786 -6.20697841178508e-014
  outer loop
    vertex 92.5029503325337 55.5627765079334 -54.1000000262614
    vertex 94.1419500290199 53.275555080402 -49.1000000262595
    vertex 94.14195002902 53.2755550804012 -54.100000026261
  endloop
endfacet
facet normal 0.812846684591627 0.582477696867786 -6.20697841178508e-014
  outer loop
    vertex 94.1419500290199 53.275555080402 -49.1000000262595
    vertex 92.5029503325337 55.5627765079334 -54.1000000262614
    vertex 92.5029503325336 55.5627765079341 -49.10000002626
  endloop
endfacet
facet normal 0.352250047921254 0.935905926757318 -1.50936470208251e-013
  outer loop
    vertex 72.2106537080467 70.104030628849 -49.1000000262639
    vertex 74.8441442917097 69.1128549585439 -54.100000026265
    vertex 72.2106537080468 70.1040306288482 -54.1000000262653
  endloop
endfacet
facet normal 0.352250047921254 0.935905926757318 -1.50936470208251e-013
  outer loop
    vertex 74.8441442917097 69.1128549585439 -54.100000026265
    vertex 72.2106537080467 70.104030628849 -49.1000000262639
    vertex 74.8441442917096 69.1128549585447 -49.1000000262635
  endloop
endfacet
facet normal 0.634393284163659 0.773010453362726 -9.44215653479508e-014
  outer loop
    vertex 84.5654981473856 63.5002286930824 -49.1000000262618
    vertex 86.7406267493137 61.7151467821545 -54.1000000262628
    vertex 84.5654981473857 63.5002286930816 -54.1000000262633
  endloop
endfacet
facet normal 0.634393284163659 0.773010453362726 -9.44215653479508e-014
  outer loop
    vertex 86.7406267493137 61.7151467821545 -54.1000000262628
    vertex 84.5654981473856 63.5002286930824 -49.1000000262618
    vertex 86.7406267493135 61.7151467821552 -49.1000000262614
  endloop
endfacet
facet normal 0.471396736826015 0.881921264348346 -1.14578800622789e-013
  outer loop
    vertex 77.4071703794278 67.951562946465 -49.1000000262631
    vertex 79.8887567000108 66.6251274232895 -54.1000000262642
    vertex 77.4071703794279 67.9515629464643 -54.1000000262646
  endloop
endfacet
facet normal 0.471396736826015 0.881921264348346 -1.14578800622789e-013
  outer loop
    vertex 79.8887567000108 66.6251274232895 -54.1000000262642
    vertex 77.4071703794278 67.951562946465 -49.1000000262631
    vertex 79.8887567000107 66.6251274232902 -49.1000000262627
  endloop
endfacet
facet normal 0.683592302022888 0.72986407269782 -8.68643122313085e-014
  outer loop
    vertex 86.7406267493135 61.7151467821552 -49.1000000262614
    vertex 88.7943482910322 59.79162665158 -54.1000000262624
    vertex 86.7406267493137 61.7151467821545 -54.1000000262628
  endloop
endfacet
facet normal 0.683592302022888 0.72986407269782 -8.68643122313085e-014
  outer loop
    vertex 88.7943482910322 59.79162665158 -54.1000000262624
    vertex 86.7406267493135 61.7151467821552 -49.1000000262614
    vertex 88.7943482910321 59.7916266515807 -49.1000000262609
  endloop
endfacet
facet normal 0.227076263034387 0.97387697927733 -1.60821398365568e-013
  outer loop
    vertex 66.7776405467043 71.5598021178985 -49.1000000262646
    vertex 69.5179756394193 70.9208455909886 -54.1000000262657
    vertex 66.7776405467044 71.5598021178976 -54.100000026266
  endloop
endfacet
facet normal 0.227076263034387 0.97387697927733 -1.60821398365568e-013
  outer loop
    vertex 69.5179756394193 70.9208455909886 -54.1000000262657
    vertex 66.7776405467043 71.5598021178985 -49.1000000262646
    vertex 69.5179756394191 70.9208455909895 -49.1000000262642
  endloop
endfacet
facet normal 0.162895473394613 0.986643332084875 -1.64758394467702e-013
  outer loop
    vertex 64.001382965473 72.0181640996335 -49.1000000262649
    vertex 66.7776405467044 71.5598021178976 -54.100000026266
    vertex 64.0013829654731 72.0181640996326 -54.1000000262664
  endloop
endfacet
facet normal 0.162895473394613 0.986643332084875 -1.64758394467702e-013
  outer loop
    vertex 66.7776405467044 71.5598021178976 -54.100000026266
    vertex 64.001382965473 72.0181640996335 -49.1000000262649
    vertex 66.7776405467043 71.5598021178985 -49.1000000262646
  endloop
endfacet
facet normal -0.973876979277337 -0.227076263034359 6.4260194556623e-015
  outer loop
    vertex 16.8539461695798 18.2568161211522 -49.100000026261
    vertex 16.214989642671 20.9971512138664 -54.1000000262629
    vertex 16.85394616958 18.2568161211515 -54.1000000262625
  endloop
endfacet
facet normal -0.973876979277337 -0.227076263034359 6.4260194556623e-015
  outer loop
    vertex 16.214989642671 20.9971512138664 -54.1000000262629
    vertex 16.8539461695798 18.2568161211522 -49.100000026261
    vertex 16.2149896426709 20.9971512138671 -49.1000000262615
  endloop
endfacet
facet normal -0.910863824921163 0.412707029804423 -8.42447342436937e-014
  outer loop
    vertex 18.661936802025 45.8414226522594 -49.1000000262649
    vertex 19.8232288141049 48.4044487399768 -54.1000000262667
    vertex 18.6619368020251 45.8414226522587 -54.1000000262664
  endloop
endfacet
facet normal -0.910863824921163 0.412707029804423 -8.42447342436937e-014
  outer loop
    vertex 19.8232288141049 48.4044487399768 -54.1000000262667
    vertex 18.661936802025 45.8414226522594 -49.1000000262649
    vertex 19.8232288141048 48.4044487399775 -49.1000000262652
  endloop
endfacet
facet normal -0.849202181526573 0.528067850650378 -9.92348014195904e-014
  outer loop
    vertex 21.1496643372796 50.8860350605605 -49.1000000262655
    vertex 22.6355633710012 53.2755550804026 -54.1000000262672
    vertex 21.1496643372797 50.8860350605597 -54.1000000262669
  endloop
endfacet
facet normal -0.849202181526573 0.528067850650378 -9.92348014195904e-014
  outer loop
    vertex 22.6355633710012 53.2755550804026 -54.1000000262672
    vertex 21.1496643372796 50.8860350605605 -49.1000000262655
    vertex 22.635563371001 53.2755550804033 -49.1000000262657
  endloop
endfacet
facet normal -0.227076263034398 -0.973876979277328 1.38308049670726e-013
  outer loop
    vertex 49.9998728533157 -12.7877319967798 -54.100000026255
    vertex 47.2595377606008 -12.14877546987 -49.1000000262538
    vertex 47.2595377606009 -12.1487754698707 -54.1000000262553
  endloop
endfacet
facet normal -0.227076263034398 -0.973876979277328 1.38308049670726e-013
  outer loop
    vertex 47.2595377606008 -12.14877546987 -49.1000000262538
    vertex 49.9998728533157 -12.7877319967798 -54.100000026255
    vertex 49.9998728533156 -12.787731996779 -49.1000000262535
  endloop
endfacet
facet normal -0.162895473394607 -0.986643332084876 1.41942329708689e-013
  outer loop
    vertex 52.776130434547 -13.2460939785147 -54.1000000262547
    vertex 49.9998728533156 -12.787731996779 -49.1000000262535
    vertex 49.9998728533157 -12.7877319967798 -54.100000026255
  endloop
endfacet
facet normal -0.162895473394607 -0.986643332084876 1.41942329708689e-013
  outer loop
    vertex 49.9998728533156 -12.787731996779 -49.1000000262535
    vertex 52.776130434547 -13.2460939785147 -54.1000000262547
    vertex 52.7761304345469 -13.246093978514 -49.1000000262532
  endloop
endfacet
facet normal -0.849202181526593 -0.528067850650346 6.04030074565636e-014
  outer loop
    vertex 22.635563371 5.49651504071758 -49.1000000262586
    vertex 21.1496643372788 7.88603506055972 -54.1000000262605
    vertex 22.6355633710002 5.49651504071679 -54.1000000262601
  endloop
endfacet
facet normal -0.849202181526593 -0.528067850650346 6.04030074565636e-014
  outer loop
    vertex 21.1496643372788 7.88603506055972 -54.1000000262605
    vertex 22.635563371 5.49651504071758 -49.1000000262586
    vertex 21.1496643372787 7.88603506056051 -49.1000000262591
  endloop
endfacet
facet normal -0.973876979277329 0.227076263034392 -5.91454119257501e-014
  outer loop
    vertex 16.2149896426712 37.7749189072541 -49.1000000262639
    vertex 16.8539461695804 40.5152539999682 -54.1000000262658
    vertex 16.2149896426714 37.7749189072534 -54.1000000262654
  endloop
endfacet
facet normal -0.973876979277329 0.227076263034392 -5.91454119257501e-014
  outer loop
    vertex 16.8539461695804 40.5152539999682 -54.1000000262658
    vertex 16.2149896426712 37.7749189072541 -49.1000000262639
    vertex 16.8539461695803 40.5152539999689 -49.1000000262643
  endloop
endfacet
facet normal -0.956940335732203 0.290284677254482 -6.78198871585075e-014
  outer loop
    vertex 16.8539461695803 40.5152539999689 -49.1000000262643
    vertex 17.6707611317209 43.2079320685958 -54.1000000262661
    vertex 16.8539461695804 40.5152539999682 -54.1000000262658
  endloop
endfacet
facet normal -0.956940335732203 0.290284677254482 -6.78198871585075e-014
  outer loop
    vertex 17.6707611317209 43.2079320685958 -54.1000000262661
    vertex 16.8539461695803 40.5152539999689 -49.1000000262643
    vertex 17.6707611317207 43.2079320685965 -49.1000000262646
  endloop
endfacet
facet normal -0.986643332084884 -0.162895473394559 -3.19421784411934e-015
  outer loop
    vertex 16.2149896426709 20.9971512138671 -49.1000000262615
    vertex 15.7566276609362 23.7734087950977 -54.1000000262634
    vertex 16.214989642671 20.9971512138664 -54.1000000262629
  endloop
endfacet
facet normal -0.986643332084884 -0.162895473394559 -3.19421784411934e-015
  outer loop
    vertex 15.7566276609362 23.7734087950977 -54.1000000262634
    vertex 16.2149896426709 20.9971512138671 -49.1000000262615
    vertex 15.756627660936 23.7734087950984 -49.1000000262619
  endloop
endfacet
facet normal -0.935905926757318 0.352250047921253 -7.61940501126104e-014
  outer loop
    vertex 17.6707611317207 43.2079320685965 -49.1000000262646
    vertex 18.6619368020251 45.8414226522587 -54.1000000262664
    vertex 17.6707611317209 43.2079320685958 -54.1000000262661
  endloop
endfacet
facet normal -0.935905926757318 0.352250047921253 -7.61940501126104e-014
  outer loop
    vertex 18.6619368020251 45.8414226522587 -54.1000000262664
    vertex 17.6707611317207 43.2079320685965 -49.1000000262646
    vertex 18.661936802025 45.8414226522594 -49.1000000262649
  endloop
endfacet
facet normal -0.683592302022889 -0.729864072697819 9.67563056419222e-014
  outer loop
    vertex 30.0368866507065 -2.9430766610365 -54.1000000262582
    vertex 27.9831651089878 -1.01955653046118 -49.1000000262572
    vertex 27.983165108988 -1.01955653046197 -54.1000000262586
  endloop
endfacet
facet normal -0.683592302022889 -0.729864072697819 9.67563056419222e-014
  outer loop
    vertex 27.9831651089878 -1.01955653046118 -49.1000000262572
    vertex 30.0368866507065 -2.9430766610365 -54.1000000262582
    vertex 30.0368866507064 -2.94307666103571 -49.1000000262567
  endloop
endfacet
facet normal -0.999464587476366 -0.032719082821768 -2.23327924527409e-014
  outer loop
    vertex 15.48082300075 26.5737005036645 -49.1000000262623
    vertex 15.3887567000101 29.3860350605599 -54.1000000262642
    vertex 15.4808230007501 26.5737005036637 -54.1000000262638
  endloop
endfacet
facet normal -0.999464587476366 -0.032719082821768 -2.23327924527409e-014
  outer loop
    vertex 15.3887567000101 29.3860350605599 -54.1000000262642
    vertex 15.48082300075 26.5737005036645 -49.1000000262623
    vertex 15.38875670001 29.3860350605606 -49.1000000262628
  endloop
endfacet
facet normal -0.582477696867823 -0.8128466845916 1.12593036494328e-013
  outer loop
    vertex 34.4992366801665 -6.36715826845001 -54.1000000262573
    vertex 32.2120152526343 -4.72815857196284 -49.1000000262562
    vertex 32.2120152526344 -4.72815857196363 -54.1000000262577
  endloop
endfacet
facet normal -0.582477696867823 -0.8128466845916 1.12593036494328e-013
  outer loop
    vertex 32.2120152526343 -4.72815857196284 -49.1000000262562
    vertex 34.4992366801665 -6.36715826845001 -54.1000000262573
    vertex 34.4992366801663 -6.36715826844922 -49.1000000262558
  endloop
endfacet
facet normal -0.881921264348346 0.471396736826014 -9.19367364191002e-014
  outer loop
    vertex 19.8232288141048 48.4044487399775 -49.1000000262652
    vertex 21.1496643372797 50.8860350605597 -54.1000000262669
    vertex 19.8232288141049 48.4044487399768 -54.1000000262667
  endloop
endfacet
facet normal -0.881921264348346 0.471396736826014 -9.19367364191002e-014
  outer loop
    vertex 21.1496643372797 50.8860350605597 -54.1000000262669
    vertex 19.8232288141048 48.4044487399775 -49.1000000262652
    vertex 21.1496643372796 50.8860350605605 -49.1000000262655
  endloop
endfacet
facet normal -0.986643332084879 0.162895473394591 -5.02275499898842e-014
  outer loop
    vertex 15.7566276609363 34.9986613260228 -49.1000000262636
    vertex 16.2149896426714 37.7749189072534 -54.1000000262654
    vertex 15.7566276609364 34.9986613260221 -54.100000026265
  endloop
endfacet
facet normal -0.986643332084879 0.162895473394591 -5.02275499898842e-014
  outer loop
    vertex 16.2149896426714 37.7749189072534 -54.1000000262654
    vertex 15.7566276609363 34.9986613260228 -49.1000000262636
    vertex 16.2149896426712 37.7749189072541 -49.1000000262639
  endloop
endfacet
facet normal -0.995184726672194 0.0980171403295955 -4.10936689781096e-014
  outer loop
    vertex 15.4808230007501 32.1983696174567 -49.1000000262632
    vertex 15.7566276609364 34.9986613260221 -54.100000026265
    vertex 15.4808230007502 32.198369617456 -54.1000000262646
  endloop
endfacet
facet normal -0.995184726672194 0.0980171403295955 -4.10936689781096e-014
  outer loop
    vertex 15.7566276609364 34.9986613260221 -54.100000026265
    vertex 15.4808230007501 32.1983696174567 -49.1000000262632
    vertex 15.7566276609363 34.9986613260228 -49.1000000262636
  endloop
endfacet
facet normal -0.999464587476365 0.0327190828218 -3.17820648755799e-014
  outer loop
    vertex 15.38875670001 29.3860350605606 -49.1000000262628
    vertex 15.4808230007502 32.198369617456 -54.1000000262646
    vertex 15.3887567000101 29.3860350605599 -54.1000000262642
  endloop
endfacet
facet normal -0.999464587476365 0.0327190828218 -3.17820648755799e-014
  outer loop
    vertex 15.4808230007502 32.198369617456 -54.1000000262646
    vertex 15.38875670001 29.3860350605606 -49.1000000262628
    vertex 15.4808230007501 32.1983696174567 -49.1000000262632
  endloop
endfacet
facet normal -0.910863824921184 -0.412707029804376 4.05327134905205e-014
  outer loop
    vertex 19.823228814104 10.3676213811435 -49.1000000262596
    vertex 18.6619368020244 12.9306474688609 -54.1000000262615
    vertex 19.8232288141041 10.3676213811427 -54.100000026261
  endloop
endfacet
facet normal -0.910863824921184 -0.412707029804376 4.05327134905205e-014
  outer loop
    vertex 18.6619368020244 12.9306474688609 -54.1000000262615
    vertex 19.823228814104 10.3676213811435 -49.1000000262596
    vertex 18.6619368020243 12.9306474688617 -49.10000002626
  endloop
endfacet
facet normal -0.881921264348364 -0.471396736825981 5.056013412385e-014
  outer loop
    vertex 21.1496643372787 7.88603506056051 -49.1000000262591
    vertex 19.8232288141041 10.3676213811427 -54.100000026261
    vertex 21.1496643372788 7.88603506055972 -54.1000000262605
  endloop
endfacet
facet normal -0.881921264348364 -0.471396736825981 5.056013412385e-014
  outer loop
    vertex 19.8232288141041 10.3676213811427 -54.100000026261
    vertex 21.1496643372787 7.88603506056051 -49.1000000262591
    vertex 19.823228814104 10.3676213811435 -49.1000000262596
  endloop
endfacet
facet normal -0.9951847266722 -0.0980171403295312 -1.27914543709873e-014
  outer loop
    vertex 15.756627660936 23.7734087950984 -49.1000000262619
    vertex 15.4808230007501 26.5737005036637 -54.1000000262638
    vertex 15.7566276609362 23.7734087950977 -54.1000000262634
  endloop
endfacet
facet normal -0.9951847266722 -0.0980171403295312 -1.27914543709873e-014
  outer loop
    vertex 15.4808230007501 26.5737005036637 -54.1000000262638
    vertex 15.756627660936 23.7734087950984 -49.1000000262619
    vertex 15.48082300075 26.5737005036645 -49.1000000262623
  endloop
endfacet
facet normal -0.773010453362749 -0.634393284163631 7.92345000129685e-014
  outer loop
    vertex 26.0596449784134 1.03416501125744 -49.1000000262576
    vertex 24.2745630674865 3.20929361318466 -54.1000000262596
    vertex 26.0596449784135 1.03416501125665 -54.1000000262591
  endloop
endfacet
facet normal -0.773010453362749 -0.634393284163631 7.92345000129685e-014
  outer loop
    vertex 24.2745630674865 3.20929361318466 -54.1000000262596
    vertex 26.0596449784134 1.03416501125744 -49.1000000262576
    vertex 24.2745630674863 3.20929361318545 -49.1000000262581
  endloop
endfacet
facet normal -0.729864072697847 -0.683592302022859 8.82168224290182e-014
  outer loop
    vertex 27.9831651089878 -1.01955653046118 -49.1000000262572
    vertex 26.0596449784135 1.03416501125665 -54.1000000262591
    vertex 27.983165108988 -1.01955653046197 -54.1000000262586
  endloop
endfacet
facet normal -0.729864072697847 -0.683592302022859 8.82168224290182e-014
  outer loop
    vertex 26.0596449784135 1.03416501125665 -54.1000000262591
    vertex 27.9831651089878 -1.01955653046118 -49.1000000262572
    vertex 26.0596449784134 1.03416501125744 -49.1000000262576
  endloop
endfacet
facet normal -0.471396736826019 -0.881921264348344 1.18053123425562e-013
  outer loop
    vertex 39.3703430205923 -9.17949282534622 -54.1000000262564
    vertex 36.8887567000092 -7.85305730217069 -49.1000000262554
    vertex 36.8887567000094 -7.85305730217144 -54.1000000262568
  endloop
endfacet
facet normal -0.471396736826019 -0.881921264348344 1.18053123425562e-013
  outer loop
    vertex 36.8887567000092 -7.85305730217069 -49.1000000262554
    vertex 39.3703430205923 -9.17949282534622 -54.1000000262564
    vertex 39.3703430205921 -9.17949282534548 -49.100000026255
  endloop
endfacet
facet normal -0.412707029804411 -0.910863824921168 1.2395797285531e-013
  outer loop
    vertex 41.9333691083105 -10.340784837426 -54.100000026256
    vertex 39.3703430205921 -9.17949282534548 -49.100000026255
    vertex 39.3703430205923 -9.17949282534622 -54.1000000262564
  endloop
endfacet
facet normal -0.412707029804411 -0.910863824921168 1.2395797285531e-013
  outer loop
    vertex 39.3703430205921 -9.17949282534548 -49.100000026255
    vertex 41.9333691083105 -10.340784837426 -54.100000026256
    vertex 41.9333691083103 -10.3407848374253 -49.1000000262546
  endloop
endfacet
facet normal -0.352250047921255 -0.935905926757318 1.29286194171426e-013
  outer loop
    vertex 44.5668596919733 -11.3319605077303 -54.1000000262557
    vertex 41.9333691083103 -10.3407848374253 -49.1000000262546
    vertex 41.9333691083105 -10.340784837426 -54.100000026256
  endloop
endfacet
facet normal -0.352250047921255 -0.935905926757318 1.29286194171426e-013
  outer loop
    vertex 41.9333691083103 -10.3407848374253 -49.1000000262546
    vertex 44.5668596919733 -11.3319605077303 -54.1000000262557
    vertex 44.5668596919732 -11.3319605077295 -49.1000000262542
  endloop
endfacet
facet normal -0.956940335732214 -0.290284677254447 1.79709467241456e-014
  outer loop
    vertex 17.6707611317202 15.5641380525246 -49.1000000262605
    vertex 16.85394616958 18.2568161211515 -54.1000000262625
    vertex 17.6707611317203 15.5641380525238 -54.100000026262
  endloop
endfacet
facet normal -0.956940335732214 -0.290284677254447 1.79709467241456e-014
  outer loop
    vertex 16.85394616958 18.2568161211515 -54.1000000262625
    vertex 17.6707611317202 15.5641380525246 -49.1000000262605
    vertex 16.8539461695798 18.2568161211522 -49.100000026261
  endloop
endfacet
facet normal -0.935905926757336 -0.352250047921207 3.02866355141623e-014
  outer loop
    vertex 18.6619368020243 12.9306474688617 -49.10000002626
    vertex 17.6707611317203 15.5641380525238 -54.100000026262
    vertex 18.6619368020244 12.9306474688609 -54.1000000262615
  endloop
endfacet
facet normal -0.935905926757336 -0.352250047921207 3.02866355141623e-014
  outer loop
    vertex 17.6707611317203 15.5641380525238 -54.100000026262
    vertex 18.6619368020243 12.9306474688617 -49.10000002626
    vertex 17.6707611317202 15.5641380525246 -49.1000000262605
  endloop
endfacet
facet normal -0.812846684591625 -0.582477696867788 6.99707395082086e-014
  outer loop
    vertex 24.2745630674863 3.20929361318545 -49.1000000262581
    vertex 22.6355633710002 5.49651504071679 -54.1000000262601
    vertex 24.2745630674865 3.20929361318466 -54.1000000262596
  endloop
endfacet
facet normal -0.812846684591625 -0.582477696867788 6.99707395082086e-014
  outer loop
    vertex 22.6355633710002 5.49651504071679 -54.1000000262601
    vertex 24.2745630674863 3.20929361318545 -49.1000000262581
    vertex 22.635563371 5.49651504071758 -49.1000000262586
  endloop
endfacet
facet normal -0.290284677254479 -0.956940335732204 1.34085421162585e-013
  outer loop
    vertex 47.2595377606009 -12.1487754698707 -54.1000000262553
    vertex 44.5668596919732 -11.3319605077295 -49.1000000262542
    vertex 44.5668596919733 -11.3319605077303 -54.1000000262557
  endloop
endfacet
facet normal -0.290284677254479 -0.956940335732204 1.34085421162585e-013
  outer loop
    vertex 44.5668596919732 -11.3319605077295 -49.1000000262542
    vertex 47.2595377606009 -12.1487754698707 -54.1000000262553
    vertex 47.2595377606008 -12.14877546987 -49.1000000262538
  endloop
endfacet
facet normal -0.634393284163662 -0.773010453362724 1.04887051443352e-013
  outer loop
    vertex 32.2120152526344 -4.72815857196363 -54.1000000262577
    vertex 30.0368866507064 -2.94307666103571 -49.1000000262567
    vertex 30.0368866507065 -2.9430766610365 -54.1000000262582
  endloop
endfacet
facet normal -0.634393284163662 -0.773010453362724 1.04887051443352e-013
  outer loop
    vertex 30.0368866507064 -2.94307666103571 -49.1000000262567
    vertex 32.2120152526344 -4.72815857196363 -54.1000000262577
    vertex 32.2120152526343 -4.72815857196284 -49.1000000262562
  endloop
endfacet
facet normal -0.528067850650373 -0.849202181526576 1.15738320215156e-013
  outer loop
    vertex 36.8887567000094 -7.85305730217144 -54.1000000262568
    vertex 34.4992366801663 -6.36715826844922 -49.1000000262558
    vertex 34.4992366801665 -6.36715826845001 -54.1000000262573
  endloop
endfacet
facet normal -0.528067850650373 -0.849202181526576 1.15738320215156e-013
  outer loop
    vertex 34.4992366801663 -6.36715826844922 -49.1000000262558
    vertex 36.8887567000094 -7.85305730217144 -54.1000000262568
    vertex 36.8887567000092 -7.85305730217069 -49.1000000262554
  endloop
endfacet
facet normal -0.0980171403295834 -0.995184726672195 1.44962362458669e-013
  outer loop
    vertex 55.5764221431131 -13.5218986387009 -54.1000000262544
    vertex 52.7761304345469 -13.246093978514 -49.1000000262532
    vertex 52.776130434547 -13.2460939785147 -54.1000000262547
  endloop
endfacet
facet normal -0.0980171403295834 -0.995184726672195 1.44962362458669e-013
  outer loop
    vertex 52.7761304345469 -13.246093978514 -49.1000000262532
    vertex 55.5764221431131 -13.5218986387009 -54.1000000262544
    vertex 55.5764221431129 -13.5218986387002 -49.1000000262529
  endloop
endfacet
facet normal -0.0327190828217968 -0.999464587476365 1.47365592028687e-013
  outer loop
    vertex 58.3887567000092 -13.613964939441 -54.1000000262541
    vertex 55.5764221431129 -13.5218986387002 -49.1000000262529
    vertex 55.5764221431131 -13.5218986387009 -54.1000000262544
  endloop
endfacet
facet normal -0.0327190828217968 -0.999464587476365 1.47365592028687e-013
  outer loop
    vertex 55.5764221431129 -13.5218986387002 -49.1000000262529
    vertex 58.3887567000092 -13.613964939441 -54.1000000262541
    vertex 58.3887567000091 -13.6139649394403 -49.1000000262527
  endloop
endfacet
facet normal 8.67689475900438e-014 -1.48481880208271e-013 -1.0
  outer loop
    vertex 55.5764221431148 72.2939687598189 -54.1000000262671
    vertex 55.2131867000102 66.4580350605597 -54.1000000262586
    vertex 52.7761304345487 72.0181640996328 -54.1000000262673
  endloop
endfacet
facet normal 8.67689475900438e-014 -1.48481880208271e-013 -1.0
  outer loop
    vertex 55.2131867000102 66.4580350605597 -54.1000000262586
    vertex 55.5764221431148 72.2939687598189 -54.1000000262671
    vertex 56.8008997000102 69.2080350605597 -54.1000000262582
  endloop
endfacet
facet normal 8.67689475900438e-014 -1.48481880208271e-013 -1.0
  outer loop
    vertex 56.8008997000102 69.2080350605597 -54.1000000262582
    vertex 55.5764221431148 72.2939687598189 -54.1000000262671
    vertex 58.3887567000109 72.3860350605589 -54.1000000262669
  endloop
endfacet
facet normal 8.67689475900438e-014 -1.48481880208271e-013 -1.0
  outer loop
    vertex 56.8008997000102 69.2080350605597 -54.1000000262582
    vertex 58.3887567000109 72.3860350605589 -54.1000000262669
    vertex 59.9763257000102 69.2080350605597 -54.1000000262575
  endloop
endfacet
facet normal 8.67689475900438e-014 -1.48481880208271e-013 -1.0
  outer loop
    vertex 59.9763257000102 69.2080350605597 -54.1000000262575
    vertex 58.3887567000109 72.3860350605589 -54.1000000262669
    vertex 61.2010912569071 72.2939687598188 -54.1000000262666
  endloop
endfacet
facet normal 8.67689475900438e-014 -1.48481880208271e-013 -1.0
  outer loop
    vertex 59.9763257000102 69.2080350605597 -54.1000000262575
    vertex 61.2010912569071 72.2939687598188 -54.1000000262666
    vertex 61.5640387000102 66.4580350605597 -54.1000000262572
  endloop
endfacet
facet normal 8.67689475900438e-014 -1.48481880208271e-013 -1.0
  outer loop
    vertex 61.5640387000102 66.4580350605597 -54.1000000262572
    vertex 61.2010912569071 72.2939687598188 -54.1000000262666
    vertex 64.0013829654731 72.0181640996326 -54.1000000262664
  endloop
endfacet
facet normal 8.67689475900438e-014 -1.48481880208271e-013 -1.0
  outer loop
    vertex 92.5029503325337 55.5627765079334 -54.1000000262614
    vertex 92.2843267000102 29.3870350605597 -54.1000000262483
    vertex 90.7178684216067 57.7379051098614 -54.1000000262619
  endloop
endfacet
facet normal 8.67689475900438e-014 -1.48481880208271e-013 -1.0
  outer loop
    vertex 92.2843267000102 29.3870350605597 -54.1000000262483
    vertex 92.5029503325337 55.5627765079334 -54.1000000262614
    vertex 93.8720467000102 32.1370350605597 -54.1000000262479
  endloop
endfacet
facet normal 8.67689475900438e-014 -1.48481880208271e-013 -1.0
  outer loop
    vertex 93.8720467000102 32.1370350605597 -54.1000000262479
    vertex 92.5029503325337 55.5627765079334 -54.1000000262614
    vertex 94.14195002902 53.2755550804012 -54.100000026261
  endloop
endfacet
facet normal 8.67689475900438e-014 -1.48481880208271e-013 -1.0
  outer loop
    vertex 93.8720467000102 32.1370350605597 -54.1000000262479
    vertex 94.14195002902 53.2755550804012 -54.100000026261
    vertex 97.0474667000102 32.1370350605597 -54.1000000262473
  endloop
endfacet
facet normal 8.67689475900438e-014 -1.48481880208271e-013 -1.0
  outer loop
    vertex 97.0474667000102 32.1370350605597 -54.1000000262473
    vertex 94.14195002902 53.2755550804012 -54.100000026261
    vertex 95.6278490627414 50.8860350605583 -54.1000000262605
  endloop
endfacet
facet normal 8.67689475900438e-014 -1.48481880208271e-013 -1.0
  outer loop
    vertex 97.0474667000102 32.1370350605597 -54.1000000262473
    vertex 95.6278490627414 50.8860350605583 -54.1000000262605
    vertex 96.9542845859161 48.4044487399753 -54.10000002626
  endloop
endfacet
facet normal 8.67689475900438e-014 -1.48481880208271e-013 -1.0
  outer loop
    vertex 97.0474667000102 32.1370350605597 -54.1000000262473
    vertex 96.9542845859161 48.4044487399753 -54.10000002626
    vertex 98.1155765979958 45.8414226522571 -54.1000000262595
  endloop
endfacet
facet normal 8.67689475900438e-014 -1.48481880208271e-013 -1.0
  outer loop
    vertex 97.0474667000102 32.1370350605597 -54.1000000262473
    vertex 98.1155765979958 45.8414226522571 -54.1000000262595
    vertex 98.6351867000102 29.3870350605597 -54.1000000262469
  endloop
endfacet
facet normal 8.67689475900438e-014 -1.48481880208271e-013 -1.0
  outer loop
    vertex 98.6351867000102 29.3870350605597 -54.1000000262469
    vertex 98.1155765979958 45.8414226522571 -54.1000000262595
    vertex 99.1067522682999 43.2079320685941 -54.100000026259
  endloop
endfacet
facet normal 8.67689475900438e-014 -1.48481880208271e-013 -1.0
  outer loop
    vertex 98.6351867000102 29.3870350605597 -54.1000000262469
    vertex 99.1067522682999 43.2079320685941 -54.100000026259
    vertex 99.1067522682994 15.564138052522 -54.1000000262549
  endloop
endfacet
facet normal 8.67689475900438e-014 -1.48481880208271e-013 -1.0
  outer loop
    vertex 99.1067522682994 15.564138052522 -54.1000000262549
    vertex 99.1067522682999 43.2079320685941 -54.100000026259
    vertex 99.9235672304398 18.2568161211497 -54.1000000262553
  endloop
endfacet
facet normal 8.67689475900438e-014 -1.48481880208271e-013 -1.0
  outer loop
    vertex 99.9235672304398 18.2568161211497 -54.1000000262553
    vertex 99.1067522682999 43.2079320685941 -54.100000026259
    vertex 99.9235672304403 40.5152539999666 -54.1000000262585
  endloop
endfacet
facet normal 8.67689475900438e-014 -1.48481880208271e-013 -1.0
  outer loop
    vertex 99.9235672304398 18.2568161211497 -54.1000000262553
    vertex 99.9235672304403 40.5152539999666 -54.1000000262585
    vertex 100.562523757349 20.9971512138645 -54.1000000262556
  endloop
endfacet
facet normal 8.67689475900438e-014 -1.48481880208271e-013 -1.0
  outer loop
    vertex 100.562523757349 20.9971512138645 -54.1000000262556
    vertex 99.9235672304403 40.5152539999666 -54.1000000262585
    vertex 100.562523757349 37.7749189072517 -54.1000000262581
  endloop
endfacet
facet normal 8.67689475900438e-014 -1.48481880208271e-013 -1.0
  outer loop
    vertex 100.562523757349 20.9971512138645 -54.1000000262556
    vertex 100.562523757349 37.7749189072517 -54.1000000262581
    vertex 101.020885739084 23.7734087950958 -54.100000026256
  endloop
endfacet
facet normal 8.67689475900438e-014 -1.48481880208271e-013 -1.0
  outer loop
    vertex 101.020885739084 23.7734087950958 -54.100000026256
    vertex 100.562523757349 37.7749189072517 -54.1000000262581
    vertex 101.020885739084 34.9986613260203 -54.1000000262576
  endloop
endfacet
facet normal 8.67689475900438e-014 -1.48481880208271e-013 -1.0
  outer loop
    vertex 101.020885739084 23.7734087950958 -54.100000026256
    vertex 101.020885739084 34.9986613260203 -54.1000000262576
    vertex 101.29669039927 26.5737005036619 -54.1000000262564
  endloop
endfacet
facet normal 8.67689475900438e-014 -1.48481880208271e-013 -1.0
  outer loop
    vertex 101.29669039927 26.5737005036619 -54.1000000262564
    vertex 101.020885739084 34.9986613260203 -54.1000000262576
    vertex 101.29669039927 32.1983696174542 -54.1000000262572
  endloop
endfacet
facet normal 8.67689475900438e-014 -1.48481880208271e-013 -1.0
  outer loop
    vertex 101.29669039927 26.5737005036619 -54.1000000262564
    vertex 101.29669039927 32.1983696174542 -54.1000000262572
    vertex 101.38875670001 29.3860350605581 -54.1000000262568
  endloop
endfacet
facet normal 8.67689475900438e-014 -1.48481880208271e-013 -1.0
  outer loop
    vertex 56.8008997000102 63.7080350605597 -54.1000000262582
    vertex 55.3887567000111 54.3860350605597 -54.100000026259
    vertex 55.2131867000102 66.4580350605597 -54.1000000262586
  endloop
endfacet
facet normal 8.67689475900438e-014 -1.48481880208271e-013 -1.0
  outer loop
    vertex 55.3887567000111 54.3860350605597 -54.100000026259
    vertex 56.8008997000102 63.7080350605597 -54.1000000262582
    vertex 61.3887567000111 54.3860350605597 -54.100000026259
  endloop
endfacet
facet normal 8.67689475900438e-014 -1.48481880208271e-013 -1.0
  outer loop
    vertex 61.3887567000111 54.3860350605597 -54.100000026259
    vertex 56.8008997000102 63.7080350605597 -54.1000000262582
    vertex 59.9763257000102 63.7080350605597 -54.1000000262575
  endloop
endfacet
facet normal 8.67689475900438e-014 -1.48481880208271e-013 -1.0
  outer loop
    vertex 61.3887567000111 54.3860350605597 -54.100000026259
    vertex 59.9763257000102 63.7080350605597 -54.1000000262575
    vertex 61.5640387000102 66.4580350605597 -54.1000000262572
  endloop
endfacet
facet normal 8.67689475900438e-014 -1.48481880208271e-013 -1.0
  outer loop
    vertex 61.3887567000111 54.3860350605597 -54.100000026259
    vertex 61.5640387000102 66.4580350605597 -54.1000000262572
    vertex 61.3887567000111 32.3860350605597 -54.100000026259
  endloop
endfacet
facet normal 8.67689475900438e-014 -1.48481880208271e-013 -1.0
  outer loop
    vertex 61.3887567000111 32.3860350605597 -54.100000026259
    vertex 61.5640387000102 66.4580350605597 -54.1000000262572
    vertex 83.3887567000111 32.3860350605597 -54.100000026259
  endloop
endfacet
facet normal 8.67689475900438e-014 -1.48481880208271e-013 -1.0
  outer loop
    vertex 83.3887567000111 32.3860350605597 -54.100000026259
    vertex 61.5640387000102 66.4580350605597 -54.1000000262572
    vertex 64.0013829654731 72.0181640996326 -54.1000000262664
  endloop
endfacet
facet normal 8.67689475900438e-014 -1.48481880208271e-013 -1.0
  outer loop
    vertex 83.3887567000111 32.3860350605597 -54.100000026259
    vertex 64.0013829654731 72.0181640996326 -54.1000000262664
    vertex 66.7776405467044 71.5598021178976 -54.100000026266
  endloop
endfacet
facet normal 8.67689475900438e-014 -1.48481880208271e-013 -1.0
  outer loop
    vertex 83.3887567000111 32.3860350605597 -54.100000026259
    vertex 66.7776405467044 71.5598021178976 -54.100000026266
    vertex 69.5179756394193 70.9208455909886 -54.1000000262657
  endloop
endfacet
facet normal 8.67689475900438e-014 -1.48481880208271e-013 -1.0
  outer loop
    vertex 83.3887567000111 32.3860350605597 -54.100000026259
    vertex 69.5179756394193 70.9208455909886 -54.1000000262657
    vertex 72.2106537080468 70.1040306288482 -54.1000000262653
  endloop
endfacet
facet normal 8.67689475900438e-014 -1.48481880208271e-013 -1.0
  outer loop
    vertex 83.3887567000111 32.3860350605597 -54.100000026259
    vertex 72.2106537080468 70.1040306288482 -54.1000000262653
    vertex 74.8441442917097 69.1128549585439 -54.100000026265
  endloop
endfacet
facet normal 8.67689475900438e-014 -1.48481880208271e-013 -1.0
  outer loop
    vertex 83.3887567000111 32.3860350605597 -54.100000026259
    vertex 74.8441442917097 69.1128549585439 -54.100000026265
    vertex 77.4071703794279 67.9515629464643 -54.1000000262646
  endloop
endfacet
facet normal 8.67689475900438e-014 -1.48481880208271e-013 -1.0
  outer loop
    vertex 83.3887567000111 32.3860350605597 -54.100000026259
    vertex 77.4071703794279 67.9515629464643 -54.1000000262646
    vertex 79.8887567000108 66.6251274232895 -54.1000000262642
  endloop
endfacet
facet normal 8.67689475900438e-014 -1.48481880208271e-013 -1.0
  outer loop
    vertex 83.3887567000111 32.3860350605597 -54.100000026259
    vertex 79.8887567000108 66.6251274232895 -54.1000000262642
    vertex 82.2782767198537 65.139228389568 -54.1000000262637
  endloop
endfacet
facet normal 8.67689475900438e-014 -1.48481880208271e-013 -1.0
  outer loop
    vertex 83.3887567000111 32.3860350605597 -54.100000026259
    vertex 82.2782767198537 65.139228389568 -54.1000000262637
    vertex 84.5654981473857 63.5002286930816 -54.1000000262633
  endloop
endfacet
facet normal 8.67689475900438e-014 -1.48481880208271e-013 -1.0
  outer loop
    vertex 83.3887567000111 32.3860350605597 -54.100000026259
    vertex 84.5654981473857 63.5002286930816 -54.1000000262633
    vertex 83.3887567000111 26.3860350605597 -54.100000026259
  endloop
endfacet
facet normal 8.67689475900438e-014 -1.48481880208271e-013 -1.0
  outer loop
    vertex 83.3887567000111 26.3860350605597 -54.100000026259
    vertex 84.5654981473857 63.5002286930816 -54.1000000262633
    vertex 84.5654981473842 -4.72815857196488 -54.1000000262532
  endloop
endfacet
facet normal 8.67689475900438e-014 -1.48481880208271e-013 -1.0
  outer loop
    vertex 84.5654981473842 -4.72815857196488 -54.1000000262532
    vertex 84.5654981473857 63.5002286930816 -54.1000000262633
    vertex 86.7406267493122 -2.94307666103785 -54.1000000262532
  endloop
endfacet
facet normal 8.67689475900438e-014 -1.48481880208271e-013 -1.0
  outer loop
    vertex 86.7406267493122 -2.94307666103785 -54.1000000262532
    vertex 84.5654981473857 63.5002286930816 -54.1000000262633
    vertex 86.7406267493137 61.7151467821545 -54.1000000262628
  endloop
endfacet
facet normal 8.67689475900438e-014 -1.48481880208271e-013 -1.0
  outer loop
    vertex 86.7406267493122 -2.94307666103785 -54.1000000262532
    vertex 86.7406267493137 61.7151467821545 -54.1000000262628
    vertex 88.7943482910309 -1.0195565304634 -54.1000000262534
  endloop
endfacet
facet normal 8.67689475900438e-014 -1.48481880208271e-013 -1.0
  outer loop
    vertex 88.7943482910309 -1.0195565304634 -54.1000000262534
    vertex 86.7406267493137 61.7151467821545 -54.1000000262628
    vertex 88.7943482910322 59.79162665158 -54.1000000262624
  endloop
endfacet
facet normal 8.67689475900438e-014 -1.48481880208271e-013 -1.0
  outer loop
    vertex 88.7943482910309 -1.0195565304634 -54.1000000262534
    vertex 88.7943482910322 59.79162665158 -54.1000000262624
    vertex 90.7178684216054 1.03416501125514 -54.1000000262535
  endloop
endfacet
facet normal 8.67689475900438e-014 -1.48481880208271e-013 -1.0
  outer loop
    vertex 90.7178684216054 1.03416501125514 -54.1000000262535
    vertex 88.7943482910322 59.79162665158 -54.1000000262624
    vertex 90.7178684216067 57.7379051098614 -54.1000000262619
  endloop
endfacet
facet normal 8.67689475900438e-014 -1.48481880208271e-013 -1.0
  outer loop
    vertex 90.7178684216054 1.03416501125514 -54.1000000262535
    vertex 90.7178684216067 57.7379051098614 -54.1000000262619
    vertex 92.5029503325326 3.20929361318308 -54.1000000262537
  endloop
endfacet
facet normal 8.67689475900438e-014 -1.48481880208271e-013 -1.0
  outer loop
    vertex 92.5029503325326 3.20929361318308 -54.1000000262537
    vertex 90.7178684216067 57.7379051098614 -54.1000000262619
    vertex 92.2843267000102 29.3870350605597 -54.1000000262483
  endloop
endfacet
facet normal 8.67689475900438e-014 -1.48481880208271e-013 -1.0
  outer loop
    vertex 92.5029503325326 3.20929361318308 -54.1000000262537
    vertex 92.2843267000102 29.3870350605597 -54.1000000262483
    vertex 93.8720467000102 26.6370350605597 -54.1000000262479
  endloop
endfacet
facet normal 8.67689475900438e-014 -1.48481880208271e-013 -1.0
  outer loop
    vertex 92.5029503325326 3.20929361318308 -54.1000000262537
    vertex 93.8720467000102 26.6370350605597 -54.1000000262479
    vertex 94.141950029019 5.49651504071515 -54.1000000262539
  endloop
endfacet
facet normal 8.67689475900438e-014 -1.48481880208271e-013 -1.0
  outer loop
    vertex 94.141950029019 5.49651504071515 -54.1000000262539
    vertex 93.8720467000102 26.6370350605597 -54.1000000262479
    vertex 97.0474667000102 26.6370350605597 -54.1000000262473
  endloop
endfacet
facet normal 8.67689475900438e-014 -1.48481880208271e-013 -1.0
  outer loop
    vertex 94.141950029019 5.49651504071515 -54.1000000262539
    vertex 97.0474667000102 26.6370350605597 -54.1000000262473
    vertex 95.6278490627405 7.88603506055802 -54.1000000262541
  endloop
endfacet
facet normal 8.67689475900438e-014 -1.48481880208271e-013 -1.0
  outer loop
    vertex 95.6278490627405 7.88603506055802 -54.1000000262541
    vertex 97.0474667000102 26.6370350605597 -54.1000000262473
    vertex 96.9542845859153 10.3676213811409 -54.1000000262543
  endloop
endfacet
facet normal 8.67689475900438e-014 -1.48481880208271e-013 -1.0
  outer loop
    vertex 96.9542845859153 10.3676213811409 -54.1000000262543
    vertex 97.0474667000102 26.6370350605597 -54.1000000262473
    vertex 98.115576597995 12.9306474688591 -54.1000000262546
  endloop
endfacet
facet normal 8.67689475900438e-014 -1.48481880208271e-013 -1.0
  outer loop
    vertex 98.115576597995 12.9306474688591 -54.1000000262546
    vertex 97.0474667000102 26.6370350605597 -54.1000000262473
    vertex 98.6351867000102 29.3870350605597 -54.1000000262469
  endloop
endfacet
facet normal 8.67689475900438e-014 -1.48481880208271e-013 -1.0
  outer loop
    vertex 98.115576597995 12.9306474688591 -54.1000000262546
    vertex 98.6351867000102 29.3870350605597 -54.1000000262469
    vertex 99.1067522682994 15.564138052522 -54.1000000262549
  endloop
endfacet
facet normal 8.67689475900438e-014 -1.48481880208271e-013 -1.0
  outer loop
    vertex 83.3887567000111 26.3860350605597 -54.100000026259
    vertex 61.3887567000111 4.38603506055972 -54.100000026259
    vertex 61.3887567000111 26.3860350605597 -54.100000026259
  endloop
endfacet
facet normal 8.67689475900438e-014 -1.48481880208271e-013 -1.0
  outer loop
    vertex 61.3887567000111 4.38603506055972 -54.100000026259
    vertex 83.3887567000111 26.3860350605597 -54.100000026259
    vertex 61.5641827000102 -7.68396493944029 -54.1000000262549
  endloop
endfacet
facet normal 8.67689475900438e-014 -1.48481880208271e-013 -1.0
  outer loop
    vertex 61.5641827000102 -7.68396493944029 -54.1000000262549
    vertex 83.3887567000111 26.3860350605597 -54.100000026259
    vertex 64.0013829654711 -13.246093978515 -54.1000000262537
  endloop
endfacet
facet normal 8.67689475900438e-014 -1.48481880208271e-013 -1.0
  outer loop
    vertex 64.0013829654711 -13.246093978515 -54.1000000262537
    vertex 83.3887567000111 26.3860350605597 -54.100000026259
    vertex 66.7776405467024 -12.7877319967802 -54.1000000262535
  endloop
endfacet
facet normal 8.67689475900438e-014 -1.48481880208271e-013 -1.0
  outer loop
    vertex 66.7776405467024 -12.7877319967802 -54.1000000262535
    vertex 83.3887567000111 26.3860350605597 -54.100000026259
    vertex 69.5179756394173 -12.1487754698713 -54.1000000262534
  endloop
endfacet
facet normal 8.67689475900438e-014 -1.48481880208271e-013 -1.0
  outer loop
    vertex 69.5179756394173 -12.1487754698713 -54.1000000262534
    vertex 83.3887567000111 26.3860350605597 -54.100000026259
    vertex 72.2106537080449 -11.331960507731 -54.1000000262533
  endloop
endfacet
facet normal 8.67689475900438e-014 -1.48481880208271e-013 -1.0
  outer loop
    vertex 72.2106537080449 -11.331960507731 -54.1000000262533
    vertex 83.3887567000111 26.3860350605597 -54.100000026259
    vertex 74.8441442917079 -10.3407848374268 -54.1000000262532
  endloop
endfacet
facet normal 8.67689475900438e-014 -1.48481880208271e-013 -1.0
  outer loop
    vertex 74.8441442917079 -10.3407848374268 -54.1000000262532
    vertex 83.3887567000111 26.3860350605597 -54.100000026259
    vertex 77.4071703794261 -9.17949282534715 -54.1000000262531
  endloop
endfacet
facet normal 8.67689475900438e-014 -1.48481880208271e-013 -1.0
  outer loop
    vertex 77.4071703794261 -9.17949282534715 -54.1000000262531
    vertex 83.3887567000111 26.3860350605597 -54.100000026259
    vertex 79.8887567000091 -7.85305730217247 -54.1000000262531
  endloop
endfacet
facet normal 8.67689475900438e-014 -1.48481880208271e-013 -1.0
  outer loop
    vertex 79.8887567000091 -7.85305730217247 -54.1000000262531
    vertex 83.3887567000111 26.3860350605597 -54.100000026259
    vertex 82.278276719852 -6.36715826845117 -54.1000000262531
  endloop
endfacet
facet normal 8.67689475900438e-014 -1.48481880208271e-013 -1.0
  outer loop
    vertex 82.278276719852 -6.36715826845117 -54.1000000262531
    vertex 83.3887567000111 26.3860350605597 -54.100000026259
    vertex 84.5654981473842 -4.72815857196488 -54.1000000262532
  endloop
endfacet
facet normal 8.67689475900438e-014 -1.48481880208271e-013 -1.0
  outer loop
    vertex 55.2133307000102 -7.68396493944029 -54.1000000262563
    vertex 55.5764221431131 -13.5218986387009 -54.1000000262544
    vertex 52.776130434547 -13.2460939785147 -54.1000000262547
  endloop
endfacet
facet normal 8.67689475900438e-014 -1.48481880208271e-013 -1.0
  outer loop
    vertex 55.5764221431131 -13.5218986387009 -54.1000000262544
    vertex 55.2133307000102 -7.68396493944029 -54.1000000262563
    vertex 56.8010437000102 -10.4339649394403 -54.1000000262559
  endloop
endfacet
facet normal 8.67689475900438e-014 -1.48481880208271e-013 -1.0
  outer loop
    vertex 55.5764221431131 -13.5218986387009 -54.1000000262544
    vertex 56.8010437000102 -10.4339649394403 -54.1000000262559
    vertex 58.3887567000092 -13.613964939441 -54.1000000262541
  endloop
endfacet
facet normal 8.67689475900438e-014 -1.48481880208271e-013 -1.0
  outer loop
    vertex 58.3887567000092 -13.613964939441 -54.1000000262541
    vertex 56.8010437000102 -10.4339649394403 -54.1000000262559
    vertex 59.9764697000102 -10.4339649394403 -54.1000000262553
  endloop
endfacet
facet normal 8.67689475900438e-014 -1.48481880208271e-013 -1.0
  outer loop
    vertex 58.3887567000092 -13.613964939441 -54.1000000262541
    vertex 59.9764697000102 -10.4339649394403 -54.1000000262553
    vertex 61.201091256905 -13.5218986387011 -54.1000000262539
  endloop
endfacet
facet normal 8.67689475900438e-014 -1.48481880208271e-013 -1.0
  outer loop
    vertex 61.201091256905 -13.5218986387011 -54.1000000262539
    vertex 59.9764697000102 -10.4339649394403 -54.1000000262553
    vertex 61.5641827000102 -7.68396493944029 -54.1000000262549
  endloop
endfacet
facet normal 8.67689475900438e-014 -1.48481880208271e-013 -1.0
  outer loop
    vertex 61.201091256905 -13.5218986387011 -54.1000000262539
    vertex 61.5641827000102 -7.68396493944029 -54.1000000262549
    vertex 64.0013829654711 -13.246093978515 -54.1000000262537
  endloop
endfacet
facet normal 8.67689475900438e-014 -1.48481880208271e-013 -1.0
  outer loop
    vertex 18.6619368020251 45.8414226522587 -54.1000000262664
    vertex 18.1423267000102 29.3870350605597 -54.1000000262643
    vertex 17.6707611317209 43.2079320685958 -54.1000000262661
  endloop
endfacet
facet normal 8.67689475900438e-014 -1.48481880208271e-013 -1.0
  outer loop
    vertex 18.1423267000102 29.3870350605597 -54.1000000262643
    vertex 18.6619368020251 45.8414226522587 -54.1000000262664
    vertex 19.7300467000102 32.1370350605597 -54.1000000262639
  endloop
endfacet
facet normal 8.67689475900438e-014 -1.48481880208271e-013 -1.0
  outer loop
    vertex 19.7300467000102 32.1370350605597 -54.1000000262639
    vertex 18.6619368020251 45.8414226522587 -54.1000000262664
    vertex 19.8232288141049 48.4044487399768 -54.1000000262667
  endloop
endfacet
facet normal 8.67689475900438e-014 -1.48481880208271e-013 -1.0
  outer loop
    vertex 19.7300467000102 32.1370350605597 -54.1000000262639
    vertex 19.8232288141049 48.4044487399768 -54.1000000262667
    vertex 22.9054667000102 32.1370350605597 -54.1000000262632
  endloop
endfacet
facet normal 8.67689475900438e-014 -1.48481880208271e-013 -1.0
  outer loop
    vertex 22.9054667000102 32.1370350605597 -54.1000000262632
    vertex 19.8232288141049 48.4044487399768 -54.1000000262667
    vertex 21.1496643372797 50.8860350605597 -54.1000000262669
  endloop
endfacet
facet normal 8.67689475900438e-014 -1.48481880208271e-013 -1.0
  outer loop
    vertex 22.9054667000102 32.1370350605597 -54.1000000262632
    vertex 21.1496643372797 50.8860350605597 -54.1000000262669
    vertex 22.6355633710012 53.2755550804026 -54.1000000262672
  endloop
endfacet
facet normal 8.67689475900438e-014 -1.48481880208271e-013 -1.0
  outer loop
    vertex 22.9054667000102 32.1370350605597 -54.1000000262632
    vertex 22.6355633710012 53.2755550804026 -54.1000000262672
    vertex 24.2745630674875 55.5627765079347 -54.1000000262673
  endloop
endfacet
facet normal 8.67689475900438e-014 -1.48481880208271e-013 -1.0
  outer loop
    vertex 22.9054667000102 32.1370350605597 -54.1000000262632
    vertex 24.2745630674875 55.5627765079347 -54.1000000262673
    vertex 24.4931867000102 29.3870350605597 -54.1000000262629
  endloop
endfacet
facet normal 8.67689475900438e-014 -1.48481880208271e-013 -1.0
  outer loop
    vertex 24.4931867000102 29.3870350605597 -54.1000000262629
    vertex 24.2745630674875 55.5627765079347 -54.1000000262673
    vertex 26.0596449784146 57.7379051098626 -54.1000000262675
  endloop
endfacet
facet normal 8.67689475900438e-014 -1.48481880208271e-013 -1.0
  outer loop
    vertex 24.4931867000102 29.3870350605597 -54.1000000262629
    vertex 26.0596449784146 57.7379051098626 -54.1000000262675
    vertex 26.0596449784135 1.03416501125665 -54.1000000262591
  endloop
endfacet
facet normal 8.67689475900438e-014 -1.48481880208271e-013 -1.0
  outer loop
    vertex 26.0596449784135 1.03416501125665 -54.1000000262591
    vertex 26.0596449784146 57.7379051098626 -54.1000000262675
    vertex 27.983165108988 -1.01955653046197 -54.1000000262586
  endloop
endfacet
facet normal 8.67689475900438e-014 -1.48481880208271e-013 -1.0
  outer loop
    vertex 27.983165108988 -1.01955653046197 -54.1000000262586
    vertex 26.0596449784146 57.7379051098626 -54.1000000262675
    vertex 27.9831651089892 59.7916266515811 -54.1000000262677
  endloop
endfacet
facet normal 8.67689475900438e-014 -1.48481880208271e-013 -1.0
  outer loop
    vertex 27.983165108988 -1.01955653046197 -54.1000000262586
    vertex 27.9831651089892 59.7916266515811 -54.1000000262677
    vertex 30.0368866507065 -2.9430766610365 -54.1000000262582
  endloop
endfacet
facet normal 8.67689475900438e-014 -1.48481880208271e-013 -1.0
  outer loop
    vertex 30.0368866507065 -2.9430766610365 -54.1000000262582
    vertex 27.9831651089892 59.7916266515811 -54.1000000262677
    vertex 30.0368866507078 61.7151467821556 -54.1000000262678
  endloop
endfacet
facet normal 8.67689475900438e-014 -1.48481880208271e-013 -1.0
  outer loop
    vertex 30.0368866507065 -2.9430766610365 -54.1000000262582
    vertex 30.0368866507078 61.7151467821556 -54.1000000262678
    vertex 32.2120152526344 -4.72815857196363 -54.1000000262577
  endloop
endfacet
facet normal 8.67689475900438e-014 -1.48481880208271e-013 -1.0
  outer loop
    vertex 32.2120152526344 -4.72815857196363 -54.1000000262577
    vertex 30.0368866507078 61.7151467821556 -54.1000000262678
    vertex 32.2120152526358 63.5002286930826 -54.1000000262678
  endloop
endfacet
facet normal 8.67689475900438e-014 -1.48481880208271e-013 -1.0
  outer loop
    vertex 32.2120152526344 -4.72815857196363 -54.1000000262577
    vertex 32.2120152526358 63.5002286930826 -54.1000000262678
    vertex 33.3887567000111 26.3860350605597 -54.100000026259
  endloop
endfacet
facet normal 8.67689475900438e-014 -1.48481880208271e-013 -1.0
  outer loop
    vertex 32.2120152526344 -4.72815857196363 -54.1000000262577
    vertex 33.3887567000111 26.3860350605597 -54.100000026259
    vertex 34.4992366801665 -6.36715826845001 -54.1000000262573
  endloop
endfacet
facet normal 8.67689475900438e-014 -1.48481880208271e-013 -1.0
  outer loop
    vertex 33.3887567000111 26.3860350605597 -54.100000026259
    vertex 32.2120152526358 63.5002286930826 -54.1000000262678
    vertex 33.3887567000111 32.3860350605597 -54.100000026259
  endloop
endfacet
facet normal 8.67689475900438e-014 -1.48481880208271e-013 -1.0
  outer loop
    vertex 34.4992366801665 -6.36715826845001 -54.1000000262573
    vertex 33.3887567000111 26.3860350605597 -54.100000026259
    vertex 55.3887567000111 26.3860350605597 -54.100000026259
  endloop
endfacet
facet normal 8.67689475900438e-014 -1.48481880208271e-013 -1.0
  outer loop
    vertex 34.4992366801665 -6.36715826845001 -54.1000000262573
    vertex 55.3887567000111 26.3860350605597 -54.100000026259
    vertex 36.8887567000094 -7.85305730217144 -54.1000000262568
  endloop
endfacet
facet normal 8.67689475900438e-014 -1.48481880208271e-013 -1.0
  outer loop
    vertex 36.8887567000094 -7.85305730217144 -54.1000000262568
    vertex 55.3887567000111 26.3860350605597 -54.100000026259
    vertex 39.3703430205923 -9.17949282534622 -54.1000000262564
  endloop
endfacet
facet normal 8.67689475900438e-014 -1.48481880208271e-013 -1.0
  outer loop
    vertex 39.3703430205923 -9.17949282534622 -54.1000000262564
    vertex 55.3887567000111 26.3860350605597 -54.100000026259
    vertex 41.9333691083105 -10.340784837426 -54.100000026256
  endloop
endfacet
facet normal 8.67689475900438e-014 -1.48481880208271e-013 -1.0
  outer loop
    vertex 41.9333691083105 -10.340784837426 -54.100000026256
    vertex 55.3887567000111 26.3860350605597 -54.100000026259
    vertex 44.5668596919733 -11.3319605077303 -54.1000000262557
  endloop
endfacet
facet normal 8.67689475900438e-014 -1.48481880208271e-013 -1.0
  outer loop
    vertex 44.5668596919733 -11.3319605077303 -54.1000000262557
    vertex 55.3887567000111 26.3860350605597 -54.100000026259
    vertex 47.2595377606009 -12.1487754698707 -54.1000000262553
  endloop
endfacet
facet normal 8.67689475900438e-014 -1.48481880208271e-013 -1.0
  outer loop
    vertex 47.2595377606009 -12.1487754698707 -54.1000000262553
    vertex 55.3887567000111 26.3860350605597 -54.100000026259
    vertex 49.9998728533157 -12.7877319967798 -54.100000026255
  endloop
endfacet
facet normal 8.67689475900438e-014 -1.48481880208271e-013 -1.0
  outer loop
    vertex 49.9998728533157 -12.7877319967798 -54.100000026255
    vertex 55.3887567000111 26.3860350605597 -54.100000026259
    vertex 52.776130434547 -13.2460939785147 -54.1000000262547
  endloop
endfacet
facet normal 8.67689475900438e-014 -1.48481880208271e-013 -1.0
  outer loop
    vertex 52.776130434547 -13.2460939785147 -54.1000000262547
    vertex 55.3887567000111 26.3860350605597 -54.100000026259
    vertex 55.2133307000102 -7.68396493944029 -54.1000000262563
  endloop
endfacet
facet normal 8.67689475900438e-014 -1.48481880208271e-013 -1.0
  outer loop
    vertex 55.2133307000102 -7.68396493944029 -54.1000000262563
    vertex 55.3887567000111 26.3860350605597 -54.100000026259
    vertex 55.3887567000111 4.38603506055972 -54.100000026259
  endloop
endfacet
facet normal 8.67689475900438e-014 -1.48481880208271e-013 -1.0
  outer loop
    vertex 55.2133307000102 -7.68396493944029 -54.1000000262563
    vertex 55.3887567000111 4.38603506055972 -54.100000026259
    vertex 56.8010437000102 -4.93396493944029 -54.1000000262559
  endloop
endfacet
facet normal 8.67689475900438e-014 -1.48481880208271e-013 -1.0
  outer loop
    vertex 56.8010437000102 -4.93396493944029 -54.1000000262559
    vertex 55.3887567000111 4.38603506055972 -54.100000026259
    vertex 61.3887567000111 4.38603506055972 -54.100000026259
  endloop
endfacet
facet normal 8.67689475900438e-014 -1.48481880208271e-013 -1.0
  outer loop
    vertex 56.8010437000102 -4.93396493944029 -54.1000000262559
    vertex 61.3887567000111 4.38603506055972 -54.100000026259
    vertex 59.9764697000102 -4.93396493944029 -54.1000000262553
  endloop
endfacet
facet normal 8.67689475900438e-014 -1.48481880208271e-013 -1.0
  outer loop
    vertex 59.9764697000102 -4.93396493944029 -54.1000000262553
    vertex 61.3887567000111 4.38603506055972 -54.100000026259
    vertex 61.5641827000102 -7.68396493944029 -54.1000000262549
  endloop
endfacet
facet normal 8.67689475900438e-014 -1.48481880208271e-013 -1.0
  outer loop
    vertex 34.499236680168 65.1392283895689 -54.1000000262679
    vertex 33.3887567000111 32.3860350605597 -54.100000026259
    vertex 32.2120152526358 63.5002286930826 -54.1000000262678
  endloop
endfacet
facet normal 8.67689475900438e-014 -1.48481880208271e-013 -1.0
  outer loop
    vertex 33.3887567000111 32.3860350605597 -54.100000026259
    vertex 34.499236680168 65.1392283895689 -54.1000000262679
    vertex 55.3887567000111 32.3860350605597 -54.100000026259
  endloop
endfacet
facet normal 8.67689475900438e-014 -1.48481880208271e-013 -1.0
  outer loop
    vertex 55.3887567000111 32.3860350605597 -54.100000026259
    vertex 34.499236680168 65.1392283895689 -54.1000000262679
    vertex 36.8887567000108 66.6251274232903 -54.1000000262679
  endloop
endfacet
facet normal 8.67689475900438e-014 -1.48481880208271e-013 -1.0
  outer loop
    vertex 55.3887567000111 32.3860350605597 -54.100000026259
    vertex 36.8887567000108 66.6251274232903 -54.1000000262679
    vertex 39.3703430205938 67.951562946465 -54.1000000262679
  endloop
endfacet
facet normal 8.67689475900438e-014 -1.48481880208271e-013 -1.0
  outer loop
    vertex 55.3887567000111 32.3860350605597 -54.100000026259
    vertex 39.3703430205938 67.951562946465 -54.1000000262679
    vertex 41.933369108312 69.1128549585445 -54.1000000262678
  endloop
endfacet
facet normal 8.67689475900438e-014 -1.48481880208271e-013 -1.0
  outer loop
    vertex 55.3887567000111 32.3860350605597 -54.100000026259
    vertex 41.933369108312 69.1128549585445 -54.1000000262678
    vertex 44.566859691975 70.1040306288487 -54.1000000262678
  endloop
endfacet
facet normal 8.67689475900438e-014 -1.48481880208271e-013 -1.0
  outer loop
    vertex 55.3887567000111 32.3860350605597 -54.100000026259
    vertex 44.566859691975 70.1040306288487 -54.1000000262678
    vertex 47.2595377606025 70.920845590989 -54.1000000262676
  endloop
endfacet
facet normal 8.67689475900438e-014 -1.48481880208271e-013 -1.0
  outer loop
    vertex 55.3887567000111 32.3860350605597 -54.100000026259
    vertex 47.2595377606025 70.920845590989 -54.1000000262676
    vertex 49.9998728533174 71.5598021178979 -54.1000000262675
  endloop
endfacet
facet normal 8.67689475900438e-014 -1.48481880208271e-013 -1.0
  outer loop
    vertex 55.3887567000111 32.3860350605597 -54.100000026259
    vertex 49.9998728533174 71.5598021178979 -54.1000000262675
    vertex 52.7761304345487 72.0181640996328 -54.1000000262673
  endloop
endfacet
facet normal 8.67689475900438e-014 -1.48481880208271e-013 -1.0
  outer loop
    vertex 55.3887567000111 32.3860350605597 -54.100000026259
    vertex 52.7761304345487 72.0181640996328 -54.1000000262673
    vertex 55.2131867000102 66.4580350605597 -54.1000000262586
  endloop
endfacet
facet normal 8.67689475900438e-014 -1.48481880208271e-013 -1.0
  outer loop
    vertex 55.3887567000111 32.3860350605597 -54.100000026259
    vertex 55.2131867000102 66.4580350605597 -54.1000000262586
    vertex 55.3887567000111 54.3860350605597 -54.100000026259
  endloop
endfacet
facet normal 8.67689475900438e-014 -1.48481880208271e-013 -1.0
  outer loop
    vertex 15.4808230007502 32.198369617456 -54.1000000262646
    vertex 15.4808230007501 26.5737005036637 -54.1000000262638
    vertex 15.3887567000101 29.3860350605599 -54.1000000262642
  endloop
endfacet
facet normal 8.67689475900438e-014 -1.48481880208271e-013 -1.0
  outer loop
    vertex 15.4808230007501 26.5737005036637 -54.1000000262638
    vertex 15.4808230007502 32.198369617456 -54.1000000262646
    vertex 15.7566276609362 23.7734087950977 -54.1000000262634
  endloop
endfacet
facet normal 8.67689475900438e-014 -1.48481880208271e-013 -1.0
  outer loop
    vertex 15.7566276609362 23.7734087950977 -54.1000000262634
    vertex 15.4808230007502 32.198369617456 -54.1000000262646
    vertex 15.7566276609364 34.9986613260221 -54.100000026265
  endloop
endfacet
facet normal 8.67689475900438e-014 -1.48481880208271e-013 -1.0
  outer loop
    vertex 15.7566276609362 23.7734087950977 -54.1000000262634
    vertex 15.7566276609364 34.9986613260221 -54.100000026265
    vertex 16.214989642671 20.9971512138664 -54.1000000262629
  endloop
endfacet
facet normal 8.67689475900438e-014 -1.48481880208271e-013 -1.0
  outer loop
    vertex 16.214989642671 20.9971512138664 -54.1000000262629
    vertex 15.7566276609364 34.9986613260221 -54.100000026265
    vertex 16.2149896426714 37.7749189072534 -54.1000000262654
  endloop
endfacet
facet normal 8.67689475900438e-014 -1.48481880208271e-013 -1.0
  outer loop
    vertex 16.214989642671 20.9971512138664 -54.1000000262629
    vertex 16.2149896426714 37.7749189072534 -54.1000000262654
    vertex 16.85394616958 18.2568161211515 -54.1000000262625
  endloop
endfacet
facet normal 8.67689475900438e-014 -1.48481880208271e-013 -1.0
  outer loop
    vertex 16.85394616958 18.2568161211515 -54.1000000262625
    vertex 16.2149896426714 37.7749189072534 -54.1000000262654
    vertex 16.8539461695804 40.5152539999682 -54.1000000262658
  endloop
endfacet
facet normal 8.67689475900438e-014 -1.48481880208271e-013 -1.0
  outer loop
    vertex 16.85394616958 18.2568161211515 -54.1000000262625
    vertex 16.8539461695804 40.5152539999682 -54.1000000262658
    vertex 17.6707611317203 15.5641380525238 -54.100000026262
  endloop
endfacet
facet normal 8.67689475900438e-014 -1.48481880208271e-013 -1.0
  outer loop
    vertex 17.6707611317203 15.5641380525238 -54.100000026262
    vertex 16.8539461695804 40.5152539999682 -54.1000000262658
    vertex 17.6707611317209 43.2079320685958 -54.1000000262661
  endloop
endfacet
facet normal 8.67689475900438e-014 -1.48481880208271e-013 -1.0
  outer loop
    vertex 17.6707611317203 15.5641380525238 -54.100000026262
    vertex 17.6707611317209 43.2079320685958 -54.1000000262661
    vertex 18.6619368020244 12.9306474688609 -54.1000000262615
  endloop
endfacet
facet normal 8.67689475900438e-014 -1.48481880208271e-013 -1.0
  outer loop
    vertex 18.6619368020244 12.9306474688609 -54.1000000262615
    vertex 17.6707611317209 43.2079320685958 -54.1000000262661
    vertex 18.1423267000102 29.3870350605597 -54.1000000262643
  endloop
endfacet
facet normal 8.67689475900438e-014 -1.48481880208271e-013 -1.0
  outer loop
    vertex 18.6619368020244 12.9306474688609 -54.1000000262615
    vertex 18.1423267000102 29.3870350605597 -54.1000000262643
    vertex 19.7300467000102 26.6370350605597 -54.1000000262639
  endloop
endfacet
facet normal 8.67689475900438e-014 -1.48481880208271e-013 -1.0
  outer loop
    vertex 18.6619368020244 12.9306474688609 -54.1000000262615
    vertex 19.7300467000102 26.6370350605597 -54.1000000262639
    vertex 19.8232288141041 10.3676213811427 -54.100000026261
  endloop
endfacet
facet normal 8.67689475900438e-014 -1.48481880208271e-013 -1.0
  outer loop
    vertex 19.8232288141041 10.3676213811427 -54.100000026261
    vertex 19.7300467000102 26.6370350605597 -54.1000000262639
    vertex 22.9054667000102 26.6370350605597 -54.1000000262632
  endloop
endfacet
facet normal 8.67689475900438e-014 -1.48481880208271e-013 -1.0
  outer loop
    vertex 19.8232288141041 10.3676213811427 -54.100000026261
    vertex 22.9054667000102 26.6370350605597 -54.1000000262632
    vertex 21.1496643372788 7.88603506055972 -54.1000000262605
  endloop
endfacet
facet normal 8.67689475900438e-014 -1.48481880208271e-013 -1.0
  outer loop
    vertex 21.1496643372788 7.88603506055972 -54.1000000262605
    vertex 22.9054667000102 26.6370350605597 -54.1000000262632
    vertex 22.6355633710002 5.49651504071679 -54.1000000262601
  endloop
endfacet
facet normal 8.67689475900438e-014 -1.48481880208271e-013 -1.0
  outer loop
    vertex 22.6355633710002 5.49651504071679 -54.1000000262601
    vertex 22.9054667000102 26.6370350605597 -54.1000000262632
    vertex 24.2745630674865 3.20929361318466 -54.1000000262596
  endloop
endfacet
facet normal 8.67689475900438e-014 -1.48481880208271e-013 -1.0
  outer loop
    vertex 24.2745630674865 3.20929361318466 -54.1000000262596
    vertex 22.9054667000102 26.6370350605597 -54.1000000262632
    vertex 24.4931867000102 29.3870350605597 -54.1000000262629
  endloop
endfacet
facet normal 8.67689475900438e-014 -1.48481880208271e-013 -1.0
  outer loop
    vertex 24.2745630674865 3.20929361318466 -54.1000000262596
    vertex 24.4931867000102 29.3870350605597 -54.1000000262629
    vertex 26.0596449784135 1.03416501125665 -54.1000000262591
  endloop
endfacet
facet normal 2.15502342834169e-013 0.0 -1.0
  outer loop
    vertex 93.8720467000097 32.1370350605597 -51.7000000262479
    vertex 93.8597567000097 29.3870350605597 -51.7000000262479
    vertex 92.2843267000096 29.3870350605597 -51.7000000262483
  endloop
endfacet
facet normal 2.15502342834169e-013 0.0 -1.0
  outer loop
    vertex 93.8597567000097 29.3870350605597 -51.7000000262479
    vertex 93.8720467000097 32.1370350605597 -51.7000000262479
    vertex 93.8840667000096 29.6648750605597 -51.7000000262479
  endloop
endfacet
facet normal 2.15502342834169e-013 0.0 -1.0
  outer loop
    vertex 93.8840667000096 29.6648750605597 -51.7000000262479
    vertex 93.8720467000097 32.1370350605597 -51.7000000262479
    vertex 93.9562467000097 29.9342650605597 -51.7000000262479
  endloop
endfacet
facet normal 2.15502342834169e-013 0.0 -1.0
  outer loop
    vertex 93.9562467000097 29.9342650605597 -51.7000000262479
    vertex 93.8720467000097 32.1370350605597 -51.7000000262479
    vertex 94.0741167000097 30.1870350605597 -51.7000000262479
  endloop
endfacet
facet normal 2.15502342834169e-013 0.0 -1.0
  outer loop
    vertex 94.0741167000097 30.1870350605597 -51.7000000262479
    vertex 93.8720467000097 32.1370350605597 -51.7000000262479
    vertex 94.2340867000097 30.4154950605597 -51.7000000262479
  endloop
endfacet
facet normal 2.15502342834169e-013 0.0 -1.0
  outer loop
    vertex 94.2340867000097 30.4154950605597 -51.7000000262479
    vertex 93.8720467000097 32.1370350605597 -51.7000000262479
    vertex 94.4312967000097 30.6127050605597 -51.7000000262478
  endloop
endfacet
facet normal 2.15502342834169e-013 0.0 -1.0
  outer loop
    vertex 94.4312967000097 30.6127050605597 -51.7000000262478
    vertex 93.8720467000097 32.1370350605597 -51.7000000262479
    vertex 94.6597567000097 30.7726750605597 -51.7000000262478
  endloop
endfacet
facet normal 2.15502342834169e-013 0.0 -1.0
  outer loop
    vertex 94.6597567000097 30.7726750605597 -51.7000000262478
    vertex 93.8720467000097 32.1370350605597 -51.7000000262479
    vertex 97.0474667000097 32.1370350605597 -51.7000000262473
  endloop
endfacet
facet normal 2.15502342834169e-013 0.0 -1.0
  outer loop
    vertex 94.6597567000097 30.7726750605597 -51.7000000262478
    vertex 97.0474667000097 32.1370350605597 -51.7000000262473
    vertex 94.9125267000097 30.8905450605597 -51.7000000262477
  endloop
endfacet
facet normal 2.15502342834169e-013 0.0 -1.0
  outer loop
    vertex 94.9125267000097 30.8905450605597 -51.7000000262477
    vertex 97.0474667000097 32.1370350605597 -51.7000000262473
    vertex 95.1819167000097 30.9627250605597 -51.7000000262477
  endloop
endfacet
facet normal 2.15502342834169e-013 0.0 -1.0
  outer loop
    vertex 95.1819167000097 30.9627250605597 -51.7000000262477
    vertex 97.0474667000097 32.1370350605597 -51.7000000262473
    vertex 95.4597567000097 30.9870350605597 -51.7000000262476
  endloop
endfacet
facet normal 2.15502342834169e-013 0.0 -1.0
  outer loop
    vertex 95.4597567000097 30.9870350605597 -51.7000000262476
    vertex 97.0474667000097 32.1370350605597 -51.7000000262473
    vertex 95.7375967000097 30.9627250605597 -51.7000000262475
  endloop
endfacet
facet normal 2.15502342834169e-013 0.0 -1.0
  outer loop
    vertex 95.7375967000097 30.9627250605597 -51.7000000262475
    vertex 97.0474667000097 32.1370350605597 -51.7000000262473
    vertex 96.0069867000097 30.8905450605597 -51.7000000262475
  endloop
endfacet
facet normal 2.15502342834169e-013 0.0 -1.0
  outer loop
    vertex 96.0069867000097 30.8905450605597 -51.7000000262475
    vertex 97.0474667000097 32.1370350605597 -51.7000000262473
    vertex 96.2597567000097 30.7726750605597 -51.7000000262474
  endloop
endfacet
facet normal 2.15502342834169e-013 0.0 -1.0
  outer loop
    vertex 96.2597567000097 30.7726750605597 -51.7000000262474
    vertex 97.0474667000097 32.1370350605597 -51.7000000262473
    vertex 96.4882167000096 30.6127050605597 -51.7000000262474
  endloop
endfacet
facet normal 2.15502342834169e-013 0.0 -1.0
  outer loop
    vertex 96.4882167000096 30.6127050605597 -51.7000000262474
    vertex 97.0474667000097 32.1370350605597 -51.7000000262473
    vertex 96.6854267000097 30.4154950605597 -51.7000000262473
  endloop
endfacet
facet normal 2.15502342834169e-013 0.0 -1.0
  outer loop
    vertex 96.6854267000097 30.4154950605597 -51.7000000262473
    vertex 97.0474667000097 32.1370350605597 -51.7000000262473
    vertex 96.8453967000097 30.1870350605597 -51.7000000262473
  endloop
endfacet
facet normal 2.15502342834169e-013 0.0 -1.0
  outer loop
    vertex 96.8453967000097 30.1870350605597 -51.7000000262473
    vertex 97.0474667000097 32.1370350605597 -51.7000000262473
    vertex 96.9632667000096 29.9342650605597 -51.7000000262473
  endloop
endfacet
facet normal 2.15502342834169e-013 0.0 -1.0
  outer loop
    vertex 96.9632667000096 29.9342650605597 -51.7000000262473
    vertex 97.0474667000097 32.1370350605597 -51.7000000262473
    vertex 97.0354467000097 29.6648750605597 -51.7000000262473
  endloop
endfacet
facet normal 2.15502342834169e-013 0.0 -1.0
  outer loop
    vertex 97.0354467000097 29.6648750605597 -51.7000000262473
    vertex 97.0474667000097 32.1370350605597 -51.7000000262473
    vertex 97.0597567000097 29.3870350605597 -51.7000000262473
  endloop
endfacet
facet normal 2.15502342834169e-013 0.0 -1.0
  outer loop
    vertex 97.0597567000097 29.3870350605597 -51.7000000262473
    vertex 97.0474667000097 32.1370350605597 -51.7000000262473
    vertex 98.6351867000096 29.3870350605597 -51.7000000262469
  endloop
endfacet
facet normal 2.15502342834169e-013 0.0 -1.0
  outer loop
    vertex 93.8597567000097 29.3870350605597 -51.7000000262479
    vertex 93.8720467000097 26.6370350605597 -51.7000000262479
    vertex 92.2843267000096 29.3870350605597 -51.7000000262483
  endloop
endfacet
facet normal 2.15502342834169e-013 0.0 -1.0
  outer loop
    vertex 93.8720467000097 26.6370350605597 -51.7000000262479
    vertex 93.8597567000097 29.3870350605597 -51.7000000262479
    vertex 93.8840667000096 29.1091950605597 -51.7000000262479
  endloop
endfacet
facet normal 2.15502342834169e-013 0.0 -1.0
  outer loop
    vertex 93.8720467000097 26.6370350605597 -51.7000000262479
    vertex 93.8840667000096 29.1091950605597 -51.7000000262479
    vertex 93.9562467000097 28.8398050605597 -51.7000000262479
  endloop
endfacet
facet normal 2.15502342834169e-013 0.0 -1.0
  outer loop
    vertex 93.8720467000097 26.6370350605597 -51.7000000262479
    vertex 93.9562467000097 28.8398050605597 -51.7000000262479
    vertex 94.0741167000097 28.5870350605597 -51.7000000262479
  endloop
endfacet
facet normal 2.15502342834169e-013 0.0 -1.0
  outer loop
    vertex 93.8720467000097 26.6370350605597 -51.7000000262479
    vertex 94.0741167000097 28.5870350605597 -51.7000000262479
    vertex 94.2340867000097 28.3585750605597 -51.7000000262479
  endloop
endfacet
facet normal 2.15502342834169e-013 0.0 -1.0
  outer loop
    vertex 93.8720467000097 26.6370350605597 -51.7000000262479
    vertex 94.2340867000097 28.3585750605597 -51.7000000262479
    vertex 94.4312967000097 28.1613650605597 -51.7000000262478
  endloop
endfacet
facet normal 2.15502342834169e-013 0.0 -1.0
  outer loop
    vertex 93.8720467000097 26.6370350605597 -51.7000000262479
    vertex 94.4312967000097 28.1613650605597 -51.7000000262478
    vertex 94.6597567000097 28.0013950605597 -51.7000000262478
  endloop
endfacet
facet normal 2.15502342834169e-013 0.0 -1.0
  outer loop
    vertex 93.8720467000097 26.6370350605597 -51.7000000262479
    vertex 94.6597567000097 28.0013950605597 -51.7000000262478
    vertex 97.0474667000097 26.6370350605597 -51.7000000262473
  endloop
endfacet
facet normal 2.15502342834169e-013 0.0 -1.0
  outer loop
    vertex 97.0474667000097 26.6370350605597 -51.7000000262473
    vertex 94.6597567000097 28.0013950605597 -51.7000000262478
    vertex 94.9125267000097 27.8835250605597 -51.7000000262477
  endloop
endfacet
facet normal 2.15502342834169e-013 0.0 -1.0
  outer loop
    vertex 97.0474667000097 26.6370350605597 -51.7000000262473
    vertex 94.9125267000097 27.8835250605597 -51.7000000262477
    vertex 95.1819167000097 27.8113450605597 -51.7000000262477
  endloop
endfacet
facet normal 2.15502342834169e-013 0.0 -1.0
  outer loop
    vertex 97.0474667000097 26.6370350605597 -51.7000000262473
    vertex 95.1819167000097 27.8113450605597 -51.7000000262477
    vertex 95.4597567000097 27.7870350605597 -51.7000000262476
  endloop
endfacet
facet normal 2.15502342834169e-013 0.0 -1.0
  outer loop
    vertex 97.0474667000097 26.6370350605597 -51.7000000262473
    vertex 95.4597567000097 27.7870350605597 -51.7000000262476
    vertex 95.7375967000097 27.8113450605597 -51.7000000262475
  endloop
endfacet
facet normal 2.15502342834169e-013 0.0 -1.0
  outer loop
    vertex 97.0474667000097 26.6370350605597 -51.7000000262473
    vertex 95.7375967000097 27.8113450605597 -51.7000000262475
    vertex 96.0069867000097 27.8835250605597 -51.7000000262475
  endloop
endfacet
facet normal 2.15502342834169e-013 0.0 -1.0
  outer loop
    vertex 97.0474667000097 26.6370350605597 -51.7000000262473
    vertex 96.0069867000097 27.8835250605597 -51.7000000262475
    vertex 96.2597567000097 28.0013950605597 -51.7000000262474
  endloop
endfacet
facet normal 2.15502342834169e-013 0.0 -1.0
  outer loop
    vertex 97.0474667000097 26.6370350605597 -51.7000000262473
    vertex 96.2597567000097 28.0013950605597 -51.7000000262474
    vertex 96.4882167000096 28.1613650605597 -51.7000000262474
  endloop
endfacet
facet normal 2.15502342834169e-013 0.0 -1.0
  outer loop
    vertex 97.0474667000097 26.6370350605597 -51.7000000262473
    vertex 96.4882167000096 28.1613650605597 -51.7000000262474
    vertex 96.6854267000097 28.3585750605597 -51.7000000262473
  endloop
endfacet
facet normal 2.15502342834169e-013 0.0 -1.0
  outer loop
    vertex 97.0474667000097 26.6370350605597 -51.7000000262473
    vertex 96.6854267000097 28.3585750605597 -51.7000000262473
    vertex 96.8453967000097 28.5870350605597 -51.7000000262473
  endloop
endfacet
facet normal 2.15502342834169e-013 0.0 -1.0
  outer loop
    vertex 97.0474667000097 26.6370350605597 -51.7000000262473
    vertex 96.8453967000097 28.5870350605597 -51.7000000262473
    vertex 96.9632667000096 28.8398050605597 -51.7000000262473
  endloop
endfacet
facet normal 2.15502342834169e-013 0.0 -1.0
  outer loop
    vertex 97.0474667000097 26.6370350605597 -51.7000000262473
    vertex 96.9632667000096 28.8398050605597 -51.7000000262473
    vertex 97.0354467000097 29.1091950605597 -51.7000000262473
  endloop
endfacet
facet normal 2.15502342834169e-013 0.0 -1.0
  outer loop
    vertex 97.0474667000097 26.6370350605597 -51.7000000262473
    vertex 97.0354467000097 29.1091950605597 -51.7000000262473
    vertex 97.0597567000097 29.3870350605597 -51.7000000262473
  endloop
endfacet
facet normal 2.15502342834169e-013 0.0 -1.0
  outer loop
    vertex 97.0474667000097 26.6370350605597 -51.7000000262473
    vertex 97.0597567000097 29.3870350605597 -51.7000000262473
    vertex 98.6351867000096 29.3870350605597 -51.7000000262469
  endloop
endfacet
facet normal 0.86602448200278 0.500001596569267 1.95393656495843e-013
  outer loop
    vertex 92.2843267000102 29.3870350605597 -54.1000000262483
    vertex 93.8720467000097 26.6370350605597 -51.7000000262479
    vertex 93.8720467000102 26.6370350605597 -54.1000000262479
  endloop
endfacet
facet normal 0.86602448200278 0.500001596569267 1.95393656495843e-013
  outer loop
    vertex 93.8720467000097 26.6370350605597 -51.7000000262479
    vertex 92.2843267000102 29.3870350605597 -54.1000000262483
    vertex 92.2843267000096 29.3870350605597 -51.7000000262483
  endloop
endfacet
facet normal -0.866024482002789 -0.500001596569252 -1.95365744564946e-013
  outer loop
    vertex 97.0474667000097 32.1370350605597 -51.7000000262473
    vertex 98.6351867000102 29.3870350605597 -54.1000000262469
    vertex 98.6351867000096 29.3870350605597 -51.7000000262469
  endloop
endfacet
facet normal -0.866024482002789 -0.500001596569252 -1.95365744564946e-013
  outer loop
    vertex 98.6351867000102 29.3870350605597 -54.1000000262469
    vertex 97.0474667000097 32.1370350605597 -51.7000000262473
    vertex 97.0474667000102 32.1370350605597 -54.1000000262473
  endloop
endfacet
facet normal 0.0 1.0 0.0
  outer loop
    vertex 93.8720467000097 26.6370350605597 -51.7000000262479
    vertex 97.0474667000102 26.6370350605597 -54.1000000262473
    vertex 93.8720467000102 26.6370350605597 -54.1000000262479
  endloop
endfacet
facet normal 0.0 1.0 0.0
  outer loop
    vertex 97.0474667000102 26.6370350605597 -54.1000000262473
    vertex 93.8720467000097 26.6370350605597 -51.7000000262479
    vertex 97.0474667000097 26.6370350605597 -51.7000000262473
  endloop
endfacet
facet normal -0.866024482002786 0.500001596569256 -1.95365744564946e-013
  outer loop
    vertex 98.6351867000096 29.3870350605597 -51.7000000262469
    vertex 97.0474667000102 26.6370350605597 -54.1000000262473
    vertex 97.0474667000097 26.6370350605597 -51.7000000262473
  endloop
endfacet
facet normal -0.866024482002786 0.500001596569256 -1.95365744564946e-013
  outer loop
    vertex 97.0474667000102 26.6370350605597 -54.1000000262473
    vertex 98.6351867000096 29.3870350605597 -51.7000000262469
    vertex 98.6351867000102 29.3870350605597 -54.1000000262469
  endloop
endfacet
facet normal 0.866024482002783 -0.500001596569262 1.95345081071735e-013
  outer loop
    vertex 93.8720467000102 32.1370350605597 -54.1000000262479
    vertex 92.2843267000096 29.3870350605597 -51.7000000262483
    vertex 92.2843267000102 29.3870350605597 -54.1000000262483
  endloop
endfacet
facet normal 0.866024482002783 -0.500001596569262 1.95345081071735e-013
  outer loop
    vertex 92.2843267000096 29.3870350605597 -51.7000000262483
    vertex 93.8720467000102 32.1370350605597 -54.1000000262479
    vertex 93.8720467000097 32.1370350605597 -51.7000000262479
  endloop
endfacet
facet normal 0.0 -1.0 0.0
  outer loop
    vertex 97.0474667000102 32.1370350605597 -54.1000000262473
    vertex 93.8720467000097 32.1370350605597 -51.7000000262479
    vertex 93.8720467000102 32.1370350605597 -54.1000000262479
  endloop
endfacet
facet normal 0.0 -1.0 0.0
  outer loop
    vertex 93.8720467000097 32.1370350605597 -51.7000000262479
    vertex 97.0474667000102 32.1370350605597 -54.1000000262473
    vertex 97.0474667000097 32.1370350605597 -51.7000000262473
  endloop
endfacet
facet normal -1.0 0.0 0.0
  outer loop
    vertex 57.3887567000111 28.3860350605597 -56.100000026259
    vertex 57.3887567000111 4.38603506055972 -134.100000026259
    vertex 57.3887567000111 4.38603506055972 -56.100000026259
  endloop
endfacet
facet normal -1.0 0.0 0.0
  outer loop
    vertex 57.3887567000111 4.38603506055972 -134.100000026259
    vertex 57.3887567000111 28.3860350605597 -56.100000026259
    vertex 57.3887567000111 28.3860350605597 -134.100000026259
  endloop
endfacet
facet normal -1.0 0.0 0.0
  outer loop
    vertex 33.3887567000111 32.3860350605597 -54.100000026259
    vertex 33.3887567000111 28.3860350605597 -56.100000026259
    vertex 33.3887567000111 26.3860350605597 -54.100000026259
  endloop
endfacet
facet normal -1.0 0.0 0.0
  outer loop
    vertex 33.3887567000111 28.3860350605597 -56.100000026259
    vertex 33.3887567000111 32.3860350605597 -54.100000026259
    vertex 33.3887567000111 30.3860350605597 -56.100000026259
  endloop
endfacet
facet normal -1.0 0.0 0.0
  outer loop
    vertex 33.3887567000111 28.3860350605597 -56.100000026259
    vertex 33.3887567000111 30.3860350605597 -56.100000026259
    vertex 33.3887567000111 28.3860350605597 -134.100000026259
  endloop
endfacet
facet normal -1.0 0.0 0.0
  outer loop
    vertex 33.3887567000111 30.3860350605597 -134.100000026259
    vertex 33.3887567000111 28.3860350605597 -134.100000026259
    vertex 33.3887567000111 30.3860350605597 -56.100000026259
  endloop
endfacet
facet normal -1.0 0.0 0.0
  outer loop
    vertex 57.3887567000111 54.3860350605597 -56.100000026259
    vertex 57.3887567000111 30.3860350605597 -134.100000026259
    vertex 57.3887567000111 30.3860350605597 -56.100000026259
  endloop
endfacet
facet normal -1.0 0.0 0.0
  outer loop
    vertex 57.3887567000111 30.3860350605597 -134.100000026259
    vertex 57.3887567000111 54.3860350605597 -56.100000026259
    vertex 57.3887567000111 54.3860350605597 -134.100000026259
  endloop
endfacet
facet normal 3.55979888258471e-015 1.0 1.03568336319573e-016
  outer loop
    vertex 57.3887567000111 54.3860350605597 -56.100000026259
    vertex 59.3887567000111 54.3860350605597 -134.100000026259
    vertex 57.3887567000111 54.3860350605597 -134.100000026259
  endloop
endfacet
facet normal 3.55979888258471e-015 1.0 1.03568336319573e-016
  outer loop
    vertex 59.3887567000111 54.3860350605597 -134.100000026259
    vertex 57.3887567000111 54.3860350605597 -56.100000026259
    vertex 59.3887567000111 54.3860350605597 -56.100000026259
  endloop
endfacet
facet normal 3.55979888258471e-015 1.0 1.03568336319573e-016
  outer loop
    vertex 59.3887567000111 54.3860350605597 -56.100000026259
    vertex 57.3887567000111 54.3860350605597 -56.100000026259
    vertex 55.3887567000111 54.3860350605597 -54.100000026259
  endloop
endfacet
facet normal 3.55979888258471e-015 1.0 1.03568336319573e-016
  outer loop
    vertex 59.3887567000111 54.3860350605597 -56.100000026259
    vertex 55.3887567000111 54.3860350605597 -54.100000026259
    vertex 61.3887567000111 54.3860350605597 -54.100000026259
  endloop
endfacet
facet normal 1.0 0.0 0.0
  outer loop
    vertex 59.3887567000111 54.3860350605597 -134.100000026259
    vertex 59.3887567000111 30.3860350605597 -56.100000026259
    vertex 59.3887567000111 30.3860350605597 -134.100000026259
  endloop
endfacet
facet normal 1.0 0.0 0.0
  outer loop
    vertex 59.3887567000111 30.3860350605597 -56.100000026259
    vertex 59.3887567000111 54.3860350605597 -134.100000026259
    vertex 59.3887567000111 54.3860350605597 -56.100000026259
  endloop
endfacet
facet normal 1.0 0.0 0.0
  outer loop
    vertex 83.3887567000111 30.3860350605597 -134.100000026259
    vertex 83.3887567000111 28.3860350605597 -56.100000026259
    vertex 83.3887567000111 28.3860350605597 -134.100000026259
  endloop
endfacet
facet normal 1.0 0.0 0.0
  outer loop
    vertex 83.3887567000111 28.3860350605597 -56.100000026259
    vertex 83.3887567000111 32.3860350605597 -54.100000026259
    vertex 83.3887567000111 26.3860350605597 -54.100000026259
  endloop
endfacet
facet normal 1.0 0.0 0.0
  outer loop
    vertex 83.3887567000111 32.3860350605597 -54.100000026259
    vertex 83.3887567000111 28.3860350605597 -56.100000026259
    vertex 83.3887567000111 30.3860350605597 -56.100000026259
  endloop
endfacet
facet normal 1.0 0.0 0.0
  outer loop
    vertex 83.3887567000111 30.3860350605597 -56.100000026259
    vertex 83.3887567000111 28.3860350605597 -56.100000026259
    vertex 83.3887567000111 30.3860350605597 -134.100000026259
  endloop
endfacet
facet normal 0.0 -1.0 0.0
  outer loop
    vertex 83.3887567000111 28.3860350605597 -56.100000026259
    vertex 59.3887567000111 28.3860350605597 -134.100000026259
    vertex 83.3887567000111 28.3860350605597 -134.100000026259
  endloop
endfacet
facet normal 0.0 -1.0 0.0
  outer loop
    vertex 59.3887567000111 28.3860350605597 -134.100000026259
    vertex 83.3887567000111 28.3860350605597 -56.100000026259
    vertex 59.3887567000111 28.3860350605597 -56.100000026259
  endloop
endfacet
facet normal 0.0 -1.0 0.0
  outer loop
    vertex 59.3887567000111 4.38603506055972 -56.100000026259
    vertex 57.3887567000111 4.38603506055972 -134.100000026259
    vertex 59.3887567000111 4.38603506055972 -134.100000026259
  endloop
endfacet
facet normal 0.0 -1.0 0.0
  outer loop
    vertex 57.3887567000111 4.38603506055972 -134.100000026259
    vertex 59.3887567000111 4.38603506055972 -56.100000026259
    vertex 57.3887567000111 4.38603506055972 -56.100000026259
  endloop
endfacet
facet normal 0.0 -1.0 0.0
  outer loop
    vertex 57.3887567000111 4.38603506055972 -56.100000026259
    vertex 59.3887567000111 4.38603506055972 -56.100000026259
    vertex 61.3887567000111 4.38603506055972 -54.100000026259
  endloop
endfacet
facet normal 0.0 -1.0 0.0
  outer loop
    vertex 57.3887567000111 4.38603506055972 -56.100000026259
    vertex 61.3887567000111 4.38603506055972 -54.100000026259
    vertex 55.3887567000111 4.38603506055972 -54.100000026259
  endloop
endfacet
facet normal 0.0 1.0 0.0
  outer loop
    vertex 59.3887567000111 54.3860350605597 -134.100000026259
    vertex 58.3887567000111 54.3860350605597 -135.100000026259
    vertex 57.3887567000111 54.3860350605597 -134.100000026259
  endloop
endfacet
facet normal 0.707106781186548 -3.6200211649694e-018 -0.707106781186547
  outer loop
    vertex 58.3887567000111 54.3860350605597 -135.100000026259
    vertex 59.3887567000111 30.3860350605597 -134.100000026259
    vertex 58.3887567000111 29.3860350605597 -135.100000026259
  endloop
endfacet
facet normal 0.707106781186548 -3.6200211649694e-018 -0.707106781186547
  outer loop
    vertex 59.3887567000111 30.3860350605597 -134.100000026259
    vertex 58.3887567000111 54.3860350605597 -135.100000026259
    vertex 59.3887567000111 54.3860350605597 -134.100000026259
  endloop
endfacet
facet normal -0.707106781186548 -2.41334744331293e-018 -0.707106781186548
  outer loop
    vertex 57.3887567000111 30.3860350605597 -134.100000026259
    vertex 58.3887567000111 54.3860350605597 -135.100000026259
    vertex 58.3887567000111 29.3860350605597 -135.100000026259
  endloop
endfacet
facet normal -0.707106781186548 -2.41334744331293e-018 -0.707106781186548
  outer loop
    vertex 58.3887567000111 54.3860350605597 -135.100000026259
    vertex 57.3887567000111 30.3860350605597 -134.100000026259
    vertex 57.3887567000111 54.3860350605597 -134.100000026259
  endloop
endfacet
facet normal -1.0 0.0 0.0
  outer loop
    vertex 33.3887567000111 30.3860350605597 -134.100000026259
    vertex 33.3887567000111 29.3860350605597 -135.100000026259
    vertex 33.3887567000111 28.3860350605597 -134.100000026259
  endloop
endfacet
facet normal 0.0 -1.0 0.0
  outer loop
    vertex 57.3887567000111 4.38603506055972 -134.100000026259
    vertex 58.3887567000111 4.38603506055972 -135.100000026259
    vertex 59.3887567000111 4.38603506055972 -134.100000026259
  endloop
endfacet
facet normal 1.0 0.0 0.0
  outer loop
    vertex 83.3887567000111 30.3860350605597 -134.100000026259
    vertex 83.3887567000111 28.3860350605597 -134.100000026259
    vertex 83.3887567000111 29.3860350605597 -135.100000026259
  endloop
endfacet
facet normal -0.707106781186548 -1.20667372165647e-018 -0.707106781186547
  outer loop
    vertex 57.3887567000111 28.3860350605597 -134.100000026259
    vertex 58.3887567000111 4.38603506055972 -135.100000026259
    vertex 57.3887567000111 4.38603506055972 -134.100000026259
  endloop
endfacet
facet normal -0.707106781186548 -1.20667372165647e-018 -0.707106781186547
  outer loop
    vertex 58.3887567000111 4.38603506055972 -135.100000026259
    vertex 57.3887567000111 28.3860350605597 -134.100000026259
    vertex 58.3887567000111 29.3860350605597 -135.100000026259
  endloop
endfacet
facet normal 0.707106781186548 -1.20667372165647e-018 -0.707106781186548
  outer loop
    vertex 58.3887567000111 29.3860350605597 -135.100000026259
    vertex 59.3887567000111 4.38603506055972 -134.100000026259
    vertex 58.3887567000111 4.38603506055972 -135.100000026259
  endloop
endfacet
facet normal 0.707106781186548 -1.20667372165647e-018 -0.707106781186548
  outer loop
    vertex 59.3887567000111 4.38603506055972 -134.100000026259
    vertex 58.3887567000111 29.3860350605597 -135.100000026259
    vertex 59.3887567000111 28.3860350605597 -134.100000026259
  endloop
endfacet
facet normal -6.63670546911047e-017 0.707106781186544 -0.707106781186551
  outer loop
    vertex 57.3887567000111 30.3860350605597 -134.100000026259
    vertex 33.3887567000111 29.3860350605597 -135.100000026259
    vertex 33.3887567000111 30.3860350605597 -134.100000026259
  endloop
endfacet
facet normal -6.63670546911047e-017 0.707106781186544 -0.707106781186551
  outer loop
    vertex 33.3887567000111 29.3860350605597 -135.100000026259
    vertex 57.3887567000111 30.3860350605597 -134.100000026259
    vertex 58.3887567000111 29.3860350605597 -135.100000026259
  endloop
endfacet
facet normal 1.8100105824847e-018 -0.707106781186548 -0.707106781186548
  outer loop
    vertex 57.3887567000111 28.3860350605597 -134.100000026259
    vertex 33.3887567000111 29.3860350605597 -135.100000026259
    vertex 58.3887567000111 29.3860350605597 -135.100000026259
  endloop
endfacet
facet normal 1.8100105824847e-018 -0.707106781186548 -0.707106781186548
  outer loop
    vertex 33.3887567000111 29.3860350605597 -135.100000026259
    vertex 57.3887567000111 28.3860350605597 -134.100000026259
    vertex 33.3887567000111 28.3860350605597 -134.100000026259
  endloop
endfacet
facet normal -3.6200211649694e-018 -0.707106781186548 -0.707106781186547
  outer loop
    vertex 83.3887567000111 28.3860350605597 -134.100000026259
    vertex 58.3887567000111 29.3860350605597 -135.100000026259
    vertex 83.3887567000111 29.3860350605597 -135.100000026259
  endloop
endfacet
facet normal -3.6200211649694e-018 -0.707106781186548 -0.707106781186547
  outer loop
    vertex 58.3887567000111 29.3860350605597 -135.100000026259
    vertex 83.3887567000111 28.3860350605597 -134.100000026259
    vertex 59.3887567000111 28.3860350605597 -134.100000026259
  endloop
endfacet
facet normal 0.0 0.707106781186545 -0.70710678118655
  outer loop
    vertex 59.3887567000111 30.3860350605597 -134.100000026259
    vertex 83.3887567000111 29.3860350605597 -135.100000026259
    vertex 58.3887567000111 29.3860350605597 -135.100000026259
  endloop
endfacet
facet normal 0.0 0.707106781186545 -0.70710678118655
  outer loop
    vertex 83.3887567000111 29.3860350605597 -135.100000026259
    vertex 59.3887567000111 30.3860350605597 -134.100000026259
    vertex 83.3887567000111 30.3860350605597 -134.100000026259
  endloop
endfacet
facet normal 0.0 -1.0 0.0
  outer loop
    vertex 57.3887567000111 28.3860350605597 -56.100000026259
    vertex 33.3887567000111 28.3860350605597 -134.100000026259
    vertex 57.3887567000111 28.3860350605597 -134.100000026259
  endloop
endfacet
facet normal 0.0 -1.0 0.0
  outer loop
    vertex 33.3887567000111 28.3860350605597 -134.100000026259
    vertex 57.3887567000111 28.3860350605597 -56.100000026259
    vertex 33.3887567000111 28.3860350605597 -56.100000026259
  endloop
endfacet
facet normal 0.0 1.0 0.0
  outer loop
    vertex 33.3887567000111 30.3860350605597 -56.100000026259
    vertex 57.3887567000111 30.3860350605597 -134.100000026259
    vertex 33.3887567000111 30.3860350605597 -134.100000026259
  endloop
endfacet
facet normal 0.0 1.0 0.0
  outer loop
    vertex 57.3887567000111 30.3860350605597 -134.100000026259
    vertex 33.3887567000111 30.3860350605597 -56.100000026259
    vertex 57.3887567000111 30.3860350605597 -56.100000026259
  endloop
endfacet
facet normal -0.707106781186548 0.0 -0.707106781186548
  outer loop
    vertex 55.3887567000111 32.3860350605597 -54.100000026259
    vertex 57.3887567000111 54.3860350605597 -56.100000026259
    vertex 57.3887567000111 30.3860350605597 -56.100000026259
  endloop
endfacet
facet normal -0.707106781186548 0.0 -0.707106781186548
  outer loop
    vertex 57.3887567000111 54.3860350605597 -56.100000026259
    vertex 55.3887567000111 32.3860350605597 -54.100000026259
    vertex 55.3887567000111 54.3860350605597 -54.100000026259
  endloop
endfacet
facet normal 1.41112523147674e-018 -0.707106781186547 -0.707106781186549
  outer loop
    vertex 57.3887567000111 28.3860350605597 -56.100000026259
    vertex 33.3887567000111 26.3860350605597 -54.100000026259
    vertex 33.3887567000111 28.3860350605597 -56.100000026259
  endloop
endfacet
facet normal 1.41112523147674e-018 -0.707106781186547 -0.707106781186549
  outer loop
    vertex 33.3887567000111 26.3860350605597 -54.100000026259
    vertex 57.3887567000111 28.3860350605597 -56.100000026259
    vertex 55.3887567000111 26.3860350605597 -54.100000026259
  endloop
endfacet
facet normal 5.35666902283053e-017 0.707106781186547 -0.707106781186548
  outer loop
    vertex 55.3887567000111 32.3860350605597 -54.100000026259
    vertex 33.3887567000111 30.3860350605597 -56.100000026259
    vertex 33.3887567000111 32.3860350605597 -54.100000026259
  endloop
endfacet
facet normal 5.35666902283053e-017 0.707106781186547 -0.707106781186548
  outer loop
    vertex 33.3887567000111 30.3860350605597 -56.100000026259
    vertex 55.3887567000111 32.3860350605597 -54.100000026259
    vertex 57.3887567000111 30.3860350605597 -56.100000026259
  endloop
endfacet
facet normal -1.820351548605e-016 0.707106781186548 -0.707106781186547
  outer loop
    vertex 59.3887567000111 30.3860350605597 -56.100000026259
    vertex 83.3887567000111 32.3860350605597 -54.100000026259
    vertex 83.3887567000111 30.3860350605597 -56.100000026259
  endloop
endfacet
facet normal -1.820351548605e-016 0.707106781186548 -0.707106781186547
  outer loop
    vertex 83.3887567000111 32.3860350605597 -54.100000026259
    vertex 59.3887567000111 30.3860350605597 -56.100000026259
    vertex 61.3887567000111 32.3860350605597 -54.100000026259
  endloop
endfacet
facet normal 0.0 1.0 0.0
  outer loop
    vertex 59.3887567000111 30.3860350605597 -56.100000026259
    vertex 83.3887567000111 30.3860350605597 -134.100000026259
    vertex 59.3887567000111 30.3860350605597 -134.100000026259
  endloop
endfacet
facet normal 0.0 1.0 0.0
  outer loop
    vertex 83.3887567000111 30.3860350605597 -134.100000026259
    vertex 59.3887567000111 30.3860350605597 -56.100000026259
    vertex 83.3887567000111 30.3860350605597 -56.100000026259
  endloop
endfacet
facet normal 0.707106781186548 -1.81094404706183e-016 -0.707106781186547
  outer loop
    vertex 59.3887567000111 28.3860350605597 -56.100000026259
    vertex 61.3887567000111 4.38603506055972 -54.100000026259
    vertex 59.3887567000111 4.38603506055972 -56.100000026259
  endloop
endfacet
facet normal 0.707106781186548 -1.81094404706183e-016 -0.707106781186547
  outer loop
    vertex 61.3887567000111 4.38603506055972 -54.100000026259
    vertex 59.3887567000111 28.3860350605597 -56.100000026259
    vertex 61.3887567000111 26.3860350605597 -54.100000026259
  endloop
endfacet
facet normal 1.0 -2.34997206878992e-016 -7.23068328858435e-017
  outer loop
    vertex 59.3887567000111 28.3860350605597 -134.100000026259
    vertex 59.3887567000111 4.38603506055972 -56.100000026259
    vertex 59.3887567000111 4.38603506055972 -134.100000026259
  endloop
endfacet
facet normal 1.0 -2.34997206878992e-016 -7.23068328858435e-017
  outer loop
    vertex 59.3887567000111 4.38603506055972 -56.100000026259
    vertex 59.3887567000111 28.3860350605597 -134.100000026259
    vertex 59.3887567000111 28.3860350605597 -56.100000026259
  endloop
endfacet
facet normal 0.707106781186546 1.65572027159938e-016 -0.707106781186549
  outer loop
    vertex 61.3887567000111 54.3860350605597 -54.100000026259
    vertex 59.3887567000111 30.3860350605597 -56.100000026259
    vertex 59.3887567000111 54.3860350605597 -56.100000026259
  endloop
endfacet
facet normal 0.707106781186546 1.65572027159938e-016 -0.707106781186549
  outer loop
    vertex 59.3887567000111 30.3860350605597 -56.100000026259
    vertex 61.3887567000111 54.3860350605597 -54.100000026259
    vertex 61.3887567000111 32.3860350605597 -54.100000026259
  endloop
endfacet
facet normal -8.27860135799692e-017 -0.707106781186547 -0.707106781186548
  outer loop
    vertex 83.3887567000111 28.3860350605597 -56.100000026259
    vertex 61.3887567000111 26.3860350605597 -54.100000026259
    vertex 59.3887567000111 28.3860350605597 -56.100000026259
  endloop
endfacet
facet normal -8.27860135799692e-017 -0.707106781186547 -0.707106781186548
  outer loop
    vertex 61.3887567000111 26.3860350605597 -54.100000026259
    vertex 83.3887567000111 28.3860350605597 -56.100000026259
    vertex 83.3887567000111 26.3860350605597 -54.100000026259
  endloop
endfacet
facet normal -0.707106781186548 0.0 -0.707106781186548
  outer loop
    vertex 55.3887567000111 26.3860350605597 -54.100000026259
    vertex 57.3887567000111 4.38603506055972 -56.100000026259
    vertex 55.3887567000111 4.38603506055972 -54.100000026259
  endloop
endfacet
facet normal -0.707106781186548 0.0 -0.707106781186548
  outer loop
    vertex 57.3887567000111 4.38603506055972 -56.100000026259
    vertex 55.3887567000111 26.3860350605597 -54.100000026259
    vertex 57.3887567000111 28.3860350605597 -56.100000026259
  endloop
endfacet
endsolid Remix of isaac879 Pan Tilt Camera Mount
