solid Updated Camera Mount Top Tripod
facet normal 0.793353340291184 -0.608761429008788 0.0
  outer loop
    vertex 339.297303162564 45.7585400656708 3.00002190228717
    vertex 339.631032270019 46.1934643061625 2.19022869952568e-005
    vertex 339.631032270019 46.1934643061625 3.00002190228717
  endloop
endfacet
facet normal 0.793353340291184 -0.608761429008788 0.0
  outer loop
    vertex 339.631032270019 46.1934643061625 2.19022869952568e-005
    vertex 339.297303162564 45.7585400656708 3.00002190228717
    vertex 339.297303162564 45.7585400656708 2.19022869952568e-005
  endloop
endfacet
facet normal 0.92387953251122 -0.382683432365252 0.0
  outer loop
    vertex 339.087512275304 45.2520600603862 3.00002190228717
    vertex 339.297303162564 45.7585400656708 2.19022869952568e-005
    vertex 339.297303162564 45.7585400656708 3.00002190228717
  endloop
endfacet
facet normal 0.92387953251122 -0.382683432365252 0.0
  outer loop
    vertex 339.297303162564 45.7585400656708 2.19022869952568e-005
    vertex 339.087512275304 45.2520600603862 3.00002190228717
    vertex 339.087512275304 45.2520600603862 2.19022869952568e-005
  endloop
endfacet
facet normal 0.382683432364924 -0.923879532511355 0.0
  outer loop
    vertex 340.572436515796 46.7369843008778 3.00002190228717
    vertex 340.065956510511 46.5271934136181 2.19022869952568e-005
    vertex 340.572436515796 46.7369843008778 2.19022869952568e-005
  endloop
endfacet
facet normal 0.382683432364924 -0.923879532511355 0.0
  outer loop
    vertex 340.065956510511 46.5271934136181 2.19022869952568e-005
    vertex 340.572436515796 46.7369843008778 3.00002190228717
    vertex 340.065956510511 46.5271934136181 3.00002190228717
  endloop
endfacet
facet normal 0.608761429008921 -0.793353340291081 0.0
  outer loop
    vertex 340.065956510511 46.5271934136181 3.00002190228717
    vertex 339.631032270019 46.1934643061625 2.19022869952568e-005
    vertex 340.065956510511 46.5271934136181 2.19022869952568e-005
  endloop
endfacet
facet normal 0.608761429008921 -0.793353340291081 0.0
  outer loop
    vertex 339.631032270019 46.1934643061625 2.19022869952568e-005
    vertex 340.065956510511 46.5271934136181 3.00002190228717
    vertex 339.631032270019 46.1934643061625 3.00002190228717
  endloop
endfacet
facet normal 0.130526192219989 -0.991444861373819 0.0
  outer loop
    vertex 341.115956510511 46.8085400656708 3.00002190228717
    vertex 340.572436515796 46.7369843008778 2.19022869952568e-005
    vertex 341.115956510511 46.8085400656708 2.19022869952568e-005
  endloop
endfacet
facet normal 0.130526192219989 -0.991444861373819 0.0
  outer loop
    vertex 340.572436515796 46.7369843008778 2.19022869952568e-005
    vertex 341.115956510511 46.8085400656708 3.00002190228717
    vertex 340.572436515796 46.7369843008778 3.00002190228717
  endloop
endfacet
facet normal -0.130526192220029 -0.991444861373813 0.0
  outer loop
    vertex 341.659476505226 46.7369843008779 3.00002190228717
    vertex 341.115956510511 46.8085400656708 2.19022869952568e-005
    vertex 341.659476505226 46.7369843008779 2.19022869952568e-005
  endloop
endfacet
facet normal -0.130526192220029 -0.991444861373813 0.0
  outer loop
    vertex 341.115956510511 46.8085400656708 2.19022869952568e-005
    vertex 341.659476505226 46.7369843008779 3.00002190228717
    vertex 341.115956510511 46.8085400656708 3.00002190228717
  endloop
endfacet
facet normal -0.382683432365134 -0.923879532511269 0.0
  outer loop
    vertex 342.165956510511 46.5271934136181 3.00002190228717
    vertex 341.659476505226 46.7369843008779 2.19022869952568e-005
    vertex 342.165956510511 46.5271934136181 2.19022869952568e-005
  endloop
endfacet
facet normal -0.382683432365134 -0.923879532511269 0.0
  outer loop
    vertex 341.659476505226 46.7369843008779 2.19022869952568e-005
    vertex 342.165956510511 46.5271934136181 3.00002190228717
    vertex 341.659476505226 46.7369843008779 3.00002190228717
  endloop
endfacet
facet normal -0.60876142900872 0.793353340291236 0.0
  outer loop
    vertex 342.165956510511 42.8898867177234 3.00002190228717
    vertex 342.600880751003 43.223615825179 2.19022869952568e-005
    vertex 342.165956510511 42.8898867177234 2.19022869952568e-005
  endloop
endfacet
facet normal -0.60876142900872 0.793353340291236 0.0
  outer loop
    vertex 342.600880751003 43.223615825179 2.19022869952568e-005
    vertex 342.165956510511 42.8898867177234 3.00002190228717
    vertex 342.600880751003 43.223615825179 3.00002190228717
  endloop
endfacet
facet normal -0.382683432365098 0.923879532511284 0.0
  outer loop
    vertex 341.659476505226 42.6800958304638 3.00002190228717
    vertex 342.165956510511 42.8898867177234 2.19022869952568e-005
    vertex 341.659476505226 42.6800958304638 2.19022869952568e-005
  endloop
endfacet
facet normal -0.382683432365098 0.923879532511284 0.0
  outer loop
    vertex 342.165956510511 42.8898867177234 2.19022869952568e-005
    vertex 341.659476505226 42.6800958304638 3.00002190228717
    vertex 342.165956510511 42.8898867177234 3.00002190228717
  endloop
endfacet
facet normal -0.793353340291168 0.608761429008808 0.0
  outer loop
    vertex 342.600880751003 43.223615825179 2.19022869952568e-005
    vertex 342.934609858458 43.6585400656708 3.00002190228717
    vertex 342.934609858458 43.6585400656708 2.19022869952568e-005
  endloop
endfacet
facet normal -0.793353340291168 0.608761429008808 0.0
  outer loop
    vertex 342.934609858458 43.6585400656708 3.00002190228717
    vertex 342.600880751003 43.223615825179 2.19022869952568e-005
    vertex 342.600880751003 43.223615825179 3.00002190228717
  endloop
endfacet
facet normal -0.92387953251131 0.382683432365034 0.0
  outer loop
    vertex 342.934609858458 43.6585400656708 2.19022869952568e-005
    vertex 343.144400745718 44.1650200709554 3.00002190228717
    vertex 343.144400745718 44.1650200709554 2.19022869952568e-005
  endloop
endfacet
facet normal -0.92387953251131 0.382683432365034 0.0
  outer loop
    vertex 343.144400745718 44.1650200709554 3.00002190228717
    vertex 342.934609858458 43.6585400656708 2.19022869952568e-005
    vertex 342.934609858458 43.6585400656708 3.00002190228717
  endloop
endfacet
facet normal 0.923879532511287 0.38268343236509 0.0
  outer loop
    vertex 339.297303162563 43.6585400656707 3.00002190228717
    vertex 339.087512275304 44.1650200709555 2.19022869952568e-005
    vertex 339.087512275304 44.1650200709555 3.00002190228717
  endloop
endfacet
facet normal 0.923879532511287 0.38268343236509 0.0
  outer loop
    vertex 339.087512275304 44.1650200709555 2.19022869952568e-005
    vertex 339.297303162563 43.6585400656707 3.00002190228717
    vertex 339.297303162563 43.6585400656707 2.19022869952568e-005
  endloop
endfacet
facet normal 0.793353340291152 0.60876142900883 0.0
  outer loop
    vertex 339.631032270019 43.223615825179 3.00002190228717
    vertex 339.297303162563 43.6585400656707 2.19022869952568e-005
    vertex 339.297303162563 43.6585400656707 3.00002190228717
  endloop
endfacet
facet normal 0.793353340291152 0.60876142900883 0.0
  outer loop
    vertex 339.297303162563 43.6585400656707 2.19022869952568e-005
    vertex 339.631032270019 43.223615825179 3.00002190228717
    vertex 339.631032270019 43.223615825179 2.19022869952568e-005
  endloop
endfacet
facet normal -0.608761429008689 -0.79335334029126 0.0
  outer loop
    vertex 342.600880751003 46.1934643061625 3.00002190228717
    vertex 342.165956510511 46.5271934136181 2.19022869952568e-005
    vertex 342.600880751003 46.1934643061625 2.19022869952568e-005
  endloop
endfacet
facet normal -0.608761429008689 -0.79335334029126 0.0
  outer loop
    vertex 342.165956510511 46.5271934136181 2.19022869952568e-005
    vertex 342.600880751003 46.1934643061625 3.00002190228717
    vertex 342.165956510511 46.5271934136181 3.00002190228717
  endloop
endfacet
facet normal 0.991444861373812 0.130526192220038 0.0
  outer loop
    vertex 339.087512275304 44.1650200709555 3.00002190228717
    vertex 339.015956510511 44.7085400656708 2.19022869952568e-005
    vertex 339.015956510511 44.7085400656708 3.00002190228717
  endloop
endfacet
facet normal 0.991444861373812 0.130526192220038 0.0
  outer loop
    vertex 339.015956510511 44.7085400656708 2.19022869952568e-005
    vertex 339.087512275304 44.1650200709555 3.00002190228717
    vertex 339.087512275304 44.1650200709555 2.19022869952568e-005
  endloop
endfacet
facet normal -0.130526192220009 0.991444861373816 0.0
  outer loop
    vertex 341.115956510511 42.6085400656708 3.00002190228717
    vertex 341.659476505226 42.6800958304638 2.19022869952568e-005
    vertex 341.115956510511 42.6085400656708 2.19022869952568e-005
  endloop
endfacet
facet normal -0.130526192220009 0.991444861373816 0.0
  outer loop
    vertex 341.659476505226 42.6800958304638 2.19022869952568e-005
    vertex 341.115956510511 42.6085400656708 3.00002190228717
    vertex 341.659476505226 42.6800958304638 3.00002190228717
  endloop
endfacet
facet normal -0.991444861373823 0.130526192219957 0.0
  outer loop
    vertex 343.144400745718 44.1650200709554 2.19022869952568e-005
    vertex 343.215956510511 44.7085400656707 3.00002190228717
    vertex 343.215956510511 44.7085400656707 2.19022869952568e-005
  endloop
endfacet
facet normal -0.991444861373823 0.130526192219957 0.0
  outer loop
    vertex 343.215956510511 44.7085400656707 3.00002190228717
    vertex 343.144400745718 44.1650200709554 2.19022869952568e-005
    vertex 343.144400745718 44.1650200709554 3.00002190228717
  endloop
endfacet
facet normal -0.991444861373826 -0.130526192219937 0.0
  outer loop
    vertex 343.215956510511 44.7085400656707 2.19022869952568e-005
    vertex 343.144400745718 45.252060060386 3.00002190228717
    vertex 343.144400745718 45.252060060386 2.19022869952568e-005
  endloop
endfacet
facet normal -0.991444861373826 -0.130526192219937 0.0
  outer loop
    vertex 343.144400745718 45.252060060386 3.00002190228717
    vertex 343.215956510511 44.7085400656707 2.19022869952568e-005
    vertex 343.215956510511 44.7085400656707 3.00002190228717
  endloop
endfacet
facet normal -0.923879532511357 -0.382683432364921 0.0
  outer loop
    vertex 343.144400745718 45.252060060386 2.19022869952568e-005
    vertex 342.934609858459 45.7585400656708 3.00002190228717
    vertex 342.934609858459 45.7585400656708 2.19022869952568e-005
  endloop
endfacet
facet normal -0.923879532511357 -0.382683432364921 0.0
  outer loop
    vertex 342.934609858459 45.7585400656708 3.00002190228717
    vertex 343.144400745718 45.252060060386 2.19022869952568e-005
    vertex 343.144400745718 45.252060060386 3.00002190228717
  endloop
endfacet
facet normal 0.99144486137381 -0.130526192220058 0.0
  outer loop
    vertex 339.015956510511 44.7085400656708 3.00002190228717
    vertex 339.087512275304 45.2520600603862 2.19022869952568e-005
    vertex 339.087512275304 45.2520600603862 3.00002190228717
  endloop
endfacet
facet normal 0.99144486137381 -0.130526192220058 0.0
  outer loop
    vertex 339.087512275304 45.2520600603862 2.19022869952568e-005
    vertex 339.015956510511 44.7085400656708 3.00002190228717
    vertex 339.015956510511 44.7085400656708 2.19022869952568e-005
  endloop
endfacet
facet normal 0.382683432364943 0.923879532511348 0.0
  outer loop
    vertex 340.065956510511 42.8898867177234 3.00002190228717
    vertex 340.572436515796 42.6800958304637 2.19022869952568e-005
    vertex 340.065956510511 42.8898867177234 2.19022869952568e-005
  endloop
endfacet
facet normal 0.382683432364943 0.923879532511348 0.0
  outer loop
    vertex 340.572436515796 42.6800958304637 2.19022869952568e-005
    vertex 340.065956510511 42.8898867177234 3.00002190228717
    vertex 340.572436515796 42.6800958304637 3.00002190228717
  endloop
endfacet
facet normal -0.793353340291168 -0.608761429008808 0.0
  outer loop
    vertex 342.934609858459 45.7585400656708 2.19022869952568e-005
    vertex 342.600880751003 46.1934643061625 3.00002190228717
    vertex 342.600880751003 46.1934643061625 2.19022869952568e-005
  endloop
endfacet
facet normal -0.793353340291168 -0.608761429008808 0.0
  outer loop
    vertex 342.600880751003 46.1934643061625 3.00002190228717
    vertex 342.934609858459 45.7585400656708 2.19022869952568e-005
    vertex 342.934609858459 45.7585400656708 3.00002190228717
  endloop
endfacet
facet normal 0.608761429008885 0.793353340291109 0.0
  outer loop
    vertex 339.631032270019 43.223615825179 3.00002190228717
    vertex 340.065956510511 42.8898867177234 2.19022869952568e-005
    vertex 339.631032270019 43.223615825179 2.19022869952568e-005
  endloop
endfacet
facet normal 0.608761429008885 0.793353340291109 0.0
  outer loop
    vertex 340.065956510511 42.8898867177234 2.19022869952568e-005
    vertex 339.631032270019 43.223615825179 3.00002190228717
    vertex 340.065956510511 42.8898867177234 3.00002190228717
  endloop
endfacet
facet normal 0.130526192220049 0.991444861373811 0.0
  outer loop
    vertex 340.572436515796 42.6800958304637 3.00002190228717
    vertex 341.115956510511 42.6085400656708 2.19022869952568e-005
    vertex 340.572436515796 42.6800958304637 2.19022869952568e-005
  endloop
endfacet
facet normal 0.130526192220049 0.991444861373811 0.0
  outer loop
    vertex 341.115956510511 42.6085400656708 2.19022869952568e-005
    vertex 340.572436515796 42.6800958304637 3.00002190228717
    vertex 341.115956510511 42.6085400656708 3.00002190228717
  endloop
endfacet
facet normal 0.13052619221999 0.991444861373819 0.0
  outer loop
    vertex 415.572436515796 62.6800958304627 3.00002190228663
    vertex 416.115956510511 62.6085400656698 2.190228672454e-005
    vertex 415.572436515796 62.6800958304627 2.190228672454e-005
  endloop
endfacet
facet normal 0.13052619221999 0.991444861373819 0.0
  outer loop
    vertex 416.115956510511 62.6085400656698 2.190228672454e-005
    vertex 415.572436515796 62.6800958304627 3.00002190228663
    vertex 416.115956510511 62.6085400656698 3.00002190228663
  endloop
endfacet
facet normal -0.130526192219955 0.991444861373823 0.0
  outer loop
    vertex 416.115956510511 62.6085400656698 3.00002190228663
    vertex 416.659476505227 62.6800958304628 2.190228672454e-005
    vertex 416.115956510511 62.6085400656698 2.190228672454e-005
  endloop
endfacet
facet normal -0.130526192219955 0.991444861373823 0.0
  outer loop
    vertex 416.659476505227 62.6800958304628 2.190228672454e-005
    vertex 416.115956510511 62.6085400656698 3.00002190228663
    vertex 416.659476505227 62.6800958304628 3.00002190228663
  endloop
endfacet
facet normal -0.608761429008852 0.793353340291135 0.0
  outer loop
    vertex 417.165956510511 62.8898867177225 3.00002190228663
    vertex 417.600880751003 63.2236158251781 2.190228672454e-005
    vertex 417.165956510511 62.8898867177225 2.190228672454e-005
  endloop
endfacet
facet normal -0.608761429008852 0.793353340291135 0.0
  outer loop
    vertex 417.600880751003 63.2236158251781 2.190228672454e-005
    vertex 417.165956510511 62.8898867177225 3.00002190228663
    vertex 417.600880751003 63.2236158251781 3.00002190228663
  endloop
endfacet
facet normal -0.793353340291151 0.608761429008831 0.0
  outer loop
    vertex 417.600880751003 63.2236158251781 2.190228672454e-005
    vertex 417.934609858459 63.6585400656697 3.00002190228663
    vertex 417.934609858459 63.6585400656697 2.190228672454e-005
  endloop
endfacet
facet normal -0.793353340291151 0.608761429008831 0.0
  outer loop
    vertex 417.934609858459 63.6585400656697 3.00002190228663
    vertex 417.600880751003 63.2236158251781 2.190228672454e-005
    vertex 417.600880751003 63.2236158251781 3.00002190228663
  endloop
endfacet
facet normal 0.991444861373817 -0.130526192219998 0.0
  outer loop
    vertex 414.015956510511 64.7085400656698 3.00002190228663
    vertex 414.087512275304 65.2520600603851 2.190228672454e-005
    vertex 414.087512275304 65.2520600603851 3.00002190228663
  endloop
endfacet
facet normal 0.991444861373817 -0.130526192219998 0.0
  outer loop
    vertex 414.087512275304 65.2520600603851 2.190228672454e-005
    vertex 414.015956510511 64.7085400656698 3.00002190228663
    vertex 414.015956510511 64.7085400656698 2.190228672454e-005
  endloop
endfacet
facet normal 0.923879532511297 -0.382683432365065 0.0
  outer loop
    vertex 414.087512275304 65.2520600603851 3.00002190228663
    vertex 414.297303162563 65.7585400656698 2.190228672454e-005
    vertex 414.297303162563 65.7585400656698 3.00002190228663
  endloop
endfacet
facet normal 0.923879532511297 -0.382683432365065 0.0
  outer loop
    vertex 414.297303162563 65.7585400656698 2.190228672454e-005
    vertex 414.087512275304 65.2520600603851 3.00002190228663
    vertex 414.087512275304 65.2520600603851 2.190228672454e-005
  endloop
endfacet
facet normal -0.923879532511282 0.382683432365101 0.0
  outer loop
    vertex 417.934609858459 63.6585400656697 2.190228672454e-005
    vertex 418.144400745718 64.1650200709544 3.00002190228663
    vertex 418.144400745718 64.1650200709544 2.190228672454e-005
  endloop
endfacet
facet normal -0.923879532511282 0.382683432365101 0.0
  outer loop
    vertex 418.144400745718 64.1650200709544 3.00002190228663
    vertex 417.934609858459 63.6585400656697 2.190228672454e-005
    vertex 417.934609858459 63.6585400656697 3.00002190228663
  endloop
endfacet
facet normal -0.923879532511173 -0.382683432365364 0.0
  outer loop
    vertex 418.144400745718 65.2520600603851 2.190228672454e-005
    vertex 417.934609858458 65.7585400656698 3.00002190228663
    vertex 417.934609858458 65.7585400656698 2.190228672454e-005
  endloop
endfacet
facet normal -0.923879532511173 -0.382683432365364 0.0
  outer loop
    vertex 417.934609858458 65.7585400656698 3.00002190228663
    vertex 418.144400745718 65.2520600603851 2.190228672454e-005
    vertex 418.144400745718 65.2520600603851 3.00002190228663
  endloop
endfacet
facet normal -0.99144486137382 -0.130526192219977 0.0
  outer loop
    vertex 418.215956510511 64.7085400656698 2.190228672454e-005
    vertex 418.144400745718 65.2520600603851 3.00002190228663
    vertex 418.144400745718 65.2520600603851 2.190228672454e-005
  endloop
endfacet
facet normal -0.99144486137382 -0.130526192219977 0.0
  outer loop
    vertex 418.144400745718 65.2520600603851 3.00002190228663
    vertex 418.215956510511 64.7085400656698 2.190228672454e-005
    vertex 418.215956510511 64.7085400656698 3.00002190228663
  endloop
endfacet
facet normal -0.793353340291233 -0.608761429008723 0.0
  outer loop
    vertex 417.934609858458 65.7585400656698 2.190228672454e-005
    vertex 417.600880751002 66.1934643061615 3.00002190228663
    vertex 417.600880751002 66.1934643061615 2.190228672454e-005
  endloop
endfacet
facet normal -0.793353340291233 -0.608761429008723 0.0
  outer loop
    vertex 417.600880751002 66.1934643061615 3.00002190228663
    vertex 417.934609858458 65.7585400656698 2.190228672454e-005
    vertex 417.934609858458 65.7585400656698 3.00002190228663
  endloop
endfacet
facet normal -0.608761429008904 -0.793353340291094 0.0
  outer loop
    vertex 417.600880751002 66.1934643061615 3.00002190228663
    vertex 417.165956510511 66.5271934136172 2.190228672454e-005
    vertex 417.600880751002 66.1934643061615 2.190228672454e-005
  endloop
endfacet
facet normal -0.608761429008904 -0.793353340291094 0.0
  outer loop
    vertex 417.165956510511 66.5271934136172 2.190228672454e-005
    vertex 417.600880751002 66.1934643061615 3.00002190228663
    vertex 417.165956510511 66.5271934136172 3.00002190228663
  endloop
endfacet
facet normal 0.382683432365074 -0.923879532511293 0.0
  outer loop
    vertex 415.572436515795 66.7369843008769 3.00002190228663
    vertex 415.065956510511 66.5271934136171 2.190228672454e-005
    vertex 415.572436515795 66.7369843008769 2.190228672454e-005
  endloop
endfacet
facet normal 0.382683432365074 -0.923879532511293 0.0
  outer loop
    vertex 415.065956510511 66.5271934136171 2.190228672454e-005
    vertex 415.572436515795 66.7369843008769 3.00002190228663
    vertex 415.065956510511 66.5271934136171 3.00002190228663
  endloop
endfacet
facet normal 0.130526192220029 -0.991444861373813 0.0
  outer loop
    vertex 416.115956510511 66.8085400656698 3.00002190228663
    vertex 415.572436515795 66.7369843008769 2.190228672454e-005
    vertex 416.115956510511 66.8085400656698 2.190228672454e-005
  endloop
endfacet
facet normal 0.130526192220029 -0.991444861373813 0.0
  outer loop
    vertex 415.572436515795 66.7369843008769 2.190228672454e-005
    vertex 416.115956510511 66.8085400656698 3.00002190228663
    vertex 415.572436515795 66.7369843008769 3.00002190228663
  endloop
endfacet
facet normal 0.382683432365092 0.923879532511286 0.0
  outer loop
    vertex 415.065956510511 62.8898867177225 3.00002190228663
    vertex 415.572436515796 62.6800958304627 2.190228672454e-005
    vertex 415.065956510511 62.8898867177225 2.190228672454e-005
  endloop
endfacet
facet normal 0.382683432365092 0.923879532511286 0.0
  outer loop
    vertex 415.572436515796 62.6800958304627 2.190228672454e-005
    vertex 415.065956510511 62.8898867177225 3.00002190228663
    vertex 415.572436515796 62.6800958304627 3.00002190228663
  endloop
endfacet
facet normal -0.130526192220017 -0.991444861373815 0.0
  outer loop
    vertex 416.659476505226 66.7369843008768 3.00002190228663
    vertex 416.115956510511 66.8085400656698 2.190228672454e-005
    vertex 416.659476505226 66.7369843008768 2.190228672454e-005
  endloop
endfacet
facet normal -0.130526192220017 -0.991444861373815 0.0
  outer loop
    vertex 416.115956510511 66.8085400656698 2.190228672454e-005
    vertex 416.659476505226 66.7369843008768 3.00002190228663
    vertex 416.115956510511 66.8085400656698 3.00002190228663
  endloop
endfacet
facet normal -0.382683432365074 0.923879532511293 0.0
  outer loop
    vertex 416.659476505227 62.6800958304628 3.00002190228663
    vertex 417.165956510511 62.8898867177225 2.190228672454e-005
    vertex 416.659476505227 62.6800958304628 2.190228672454e-005
  endloop
endfacet
facet normal -0.382683432365074 0.923879532511293 0.0
  outer loop
    vertex 417.165956510511 62.8898867177225 2.190228672454e-005
    vertex 416.659476505227 62.6800958304628 3.00002190228663
    vertex 417.165956510511 62.8898867177225 3.00002190228663
  endloop
endfacet
facet normal -0.382683432365092 -0.923879532511286 0.0
  outer loop
    vertex 417.165956510511 66.5271934136172 3.00002190228663
    vertex 416.659476505226 66.7369843008768 2.190228672454e-005
    vertex 417.165956510511 66.5271934136172 2.190228672454e-005
  endloop
endfacet
facet normal -0.382683432365092 -0.923879532511286 0.0
  outer loop
    vertex 416.659476505226 66.7369843008768 2.190228672454e-005
    vertex 417.165956510511 66.5271934136172 3.00002190228663
    vertex 416.659476505226 66.7369843008768 3.00002190228663
  endloop
endfacet
facet normal 0.60876142900868 -0.793353340291267 0.0
  outer loop
    vertex 415.065956510511 66.5271934136171 3.00002190228663
    vertex 414.631032270019 66.1934643061615 2.190228672454e-005
    vertex 415.065956510511 66.5271934136171 2.190228672454e-005
  endloop
endfacet
facet normal 0.60876142900868 -0.793353340291267 0.0
  outer loop
    vertex 414.631032270019 66.1934643061615 2.190228672454e-005
    vertex 415.065956510511 66.5271934136171 3.00002190228663
    vertex 414.631032270019 66.1934643061615 3.00002190228663
  endloop
endfacet
facet normal -0.991444861373796 0.130526192220159 0.0
  outer loop
    vertex 418.144400745718 64.1650200709544 2.190228672454e-005
    vertex 418.215956510511 64.7085400656698 3.00002190228663
    vertex 418.215956510511 64.7085400656698 2.190228672454e-005
  endloop
endfacet
facet normal -0.991444861373796 0.130526192220159 0.0
  outer loop
    vertex 418.215956510511 64.7085400656698 3.00002190228663
    vertex 418.144400745718 64.1650200709544 2.190228672454e-005
    vertex 418.144400745718 64.1650200709544 3.00002190228663
  endloop
endfacet
facet normal 0.793353340291221 -0.608761429008739 0.0
  outer loop
    vertex 414.297303162563 65.7585400656698 3.00002190228663
    vertex 414.631032270019 66.1934643061615 2.190228672454e-005
    vertex 414.631032270019 66.1934643061615 3.00002190228663
  endloop
endfacet
facet normal 0.793353340291221 -0.608761429008739 0.0
  outer loop
    vertex 414.631032270019 66.1934643061615 2.190228672454e-005
    vertex 414.297303162563 65.7585400656698 3.00002190228663
    vertex 414.297303162563 65.7585400656698 2.190228672454e-005
  endloop
endfacet
facet normal 0.991444861373799 0.130526192220139 0.0
  outer loop
    vertex 414.087512275304 64.1650200709545 3.00002190228663
    vertex 414.015956510511 64.7085400656698 2.190228672454e-005
    vertex 414.015956510511 64.7085400656698 3.00002190228663
  endloop
endfacet
facet normal 0.991444861373799 0.130526192220139 0.0
  outer loop
    vertex 414.015956510511 64.7085400656698 2.190228672454e-005
    vertex 414.087512275304 64.1650200709545 3.00002190228663
    vertex 414.087512275304 64.1650200709545 2.190228672454e-005
  endloop
endfacet
facet normal 0.923879532511413 0.382683432364784 0.0
  outer loop
    vertex 414.297303162564 63.6585400656698 3.00002190228663
    vertex 414.087512275304 64.1650200709545 2.190228672454e-005
    vertex 414.087512275304 64.1650200709545 3.00002190228663
  endloop
endfacet
facet normal 0.923879532511413 0.382683432364784 0.0
  outer loop
    vertex 414.087512275304 64.1650200709545 2.190228672454e-005
    vertex 414.297303162564 63.6585400656698 3.00002190228663
    vertex 414.297303162564 63.6585400656698 2.190228672454e-005
  endloop
endfacet
facet normal 0.608761429008778 0.793353340291191 0.0
  outer loop
    vertex 414.63103227002 63.2236158251781 3.00002190228663
    vertex 415.065956510511 62.8898867177225 2.190228672454e-005
    vertex 414.63103227002 63.2236158251781 2.190228672454e-005
  endloop
endfacet
facet normal 0.608761429008778 0.793353340291191 0.0
  outer loop
    vertex 415.065956510511 62.8898867177225 2.190228672454e-005
    vertex 414.63103227002 63.2236158251781 3.00002190228663
    vertex 415.065956510511 62.8898867177225 3.00002190228663
  endloop
endfacet
facet normal 0.793353340291133 0.608761429008854 0.0
  outer loop
    vertex 414.63103227002 63.2236158251781 3.00002190228663
    vertex 414.297303162564 63.6585400656698 2.190228672454e-005
    vertex 414.297303162564 63.6585400656698 3.00002190228663
  endloop
endfacet
facet normal 0.793353340291133 0.608761429008854 0.0
  outer loop
    vertex 414.297303162564 63.6585400656698 2.190228672454e-005
    vertex 414.63103227002 63.2236158251781 3.00002190228663
    vertex 414.63103227002 63.2236158251781 2.190228672454e-005
  endloop
endfacet
facet normal -0.608761429008849 -0.793353340291136 0.0
  outer loop
    vertex 417.600880751003 121.193464306162 3.00002190228717
    vertex 417.165956510512 121.527193413617 2.19022872659735e-005
    vertex 417.600880751003 121.193464306162 2.19022872659735e-005
  endloop
endfacet
facet normal -0.608761429008849 -0.793353340291136 0.0
  outer loop
    vertex 417.165956510512 121.527193413617 2.19022872659735e-005
    vertex 417.600880751003 121.193464306162 3.00002190228717
    vertex 417.165956510512 121.527193413617 3.00002190228717
  endloop
endfacet
facet normal -0.382683432364963 -0.923879532511339 0.0
  outer loop
    vertex 417.165956510512 121.527193413617 3.00002190228717
    vertex 416.659476505227 121.736984300877 2.19022872659735e-005
    vertex 417.165956510512 121.527193413617 2.19022872659735e-005
  endloop
endfacet
facet normal -0.382683432364963 -0.923879532511339 0.0
  outer loop
    vertex 416.659476505227 121.736984300877 2.19022872659735e-005
    vertex 417.165956510512 121.527193413617 3.00002190228717
    vertex 416.659476505227 121.736984300877 3.00002190228717
  endloop
endfacet
facet normal 0.382683432365068 -0.923879532511296 0.0
  outer loop
    vertex 415.572436515796 121.736984300877 3.00002190228717
    vertex 415.065956510512 121.527193413617 2.19022872659735e-005
    vertex 415.572436515796 121.736984300877 2.19022872659735e-005
  endloop
endfacet
facet normal 0.382683432365068 -0.923879532511296 0.0
  outer loop
    vertex 415.065956510512 121.527193413617 2.19022872659735e-005
    vertex 415.572436515796 121.736984300877 3.00002190228717
    vertex 415.065956510512 121.527193413617 3.00002190228717
  endloop
endfacet
facet normal 0.1305261922201 -0.991444861373804 0.0
  outer loop
    vertex 416.115956510512 121.80854006567 3.00002190228717
    vertex 415.572436515796 121.736984300877 2.19022872659735e-005
    vertex 416.115956510512 121.80854006567 2.19022872659735e-005
  endloop
endfacet
facet normal 0.1305261922201 -0.991444861373804 0.0
  outer loop
    vertex 415.572436515796 121.736984300877 2.19022872659735e-005
    vertex 416.115956510512 121.80854006567 3.00002190228717
    vertex 415.572436515796 121.736984300877 3.00002190228717
  endloop
endfacet
facet normal 0.923879532511333 -0.382683432364978 0.0
  outer loop
    vertex 414.087512275305 120.252060060385 3.00002190228717
    vertex 414.297303162564 120.75854006567 2.19022872659735e-005
    vertex 414.297303162564 120.75854006567 3.00002190228717
  endloop
endfacet
facet normal 0.923879532511333 -0.382683432364978 0.0
  outer loop
    vertex 414.297303162564 120.75854006567 2.19022872659735e-005
    vertex 414.087512275305 120.252060060385 3.00002190228717
    vertex 414.087512275305 120.252060060385 2.19022872659735e-005
  endloop
endfacet
facet normal 0.991444861373816 -0.130526192220008 0.0
  outer loop
    vertex 414.015956510512 119.70854006567 3.00002190228717
    vertex 414.087512275305 120.252060060385 2.19022872659735e-005
    vertex 414.087512275305 120.252060060385 3.00002190228717
  endloop
endfacet
facet normal 0.991444861373816 -0.130526192220008 0.0
  outer loop
    vertex 414.087512275305 120.252060060385 2.19022872659735e-005
    vertex 414.015956510512 119.70854006567 3.00002190228717
    vertex 414.015956510512 119.70854006567 2.19022872659735e-005
  endloop
endfacet
facet normal -0.923879532511231 -0.382683432365223 0.0
  outer loop
    vertex 418.144400745719 120.252060060385 2.19022872659735e-005
    vertex 417.934609858459 120.75854006567 3.00002190228717
    vertex 417.934609858459 120.75854006567 2.19022872659735e-005
  endloop
endfacet
facet normal -0.923879532511231 -0.382683432365223 0.0
  outer loop
    vertex 417.934609858459 120.75854006567 3.00002190228717
    vertex 418.144400745719 120.252060060385 2.19022872659735e-005
    vertex 418.144400745719 120.252060060385 3.00002190228717
  endloop
endfacet
facet normal -0.13052619222014 -0.991444861373799 0.0
  outer loop
    vertex 416.659476505227 121.736984300877 3.00002190228717
    vertex 416.115956510512 121.80854006567 2.19022872659735e-005
    vertex 416.659476505227 121.736984300877 2.19022872659735e-005
  endloop
endfacet
facet normal -0.13052619222014 -0.991444861373799 0.0
  outer loop
    vertex 416.115956510512 121.80854006567 2.19022872659735e-005
    vertex 416.659476505227 121.736984300877 3.00002190228717
    vertex 416.115956510512 121.80854006567 3.00002190228717
  endloop
endfacet
facet normal 0.793353340291241 -0.608761429008713 0.0
  outer loop
    vertex 414.297303162564 120.75854006567 3.00002190228717
    vertex 414.63103227002 121.193464306162 2.19022872659735e-005
    vertex 414.63103227002 121.193464306162 3.00002190228717
  endloop
endfacet
facet normal 0.793353340291241 -0.608761429008713 0.0
  outer loop
    vertex 414.63103227002 121.193464306162 2.19022872659735e-005
    vertex 414.297303162564 120.75854006567 3.00002190228717
    vertex 414.297303162564 120.75854006567 2.19022872659735e-005
  endloop
endfacet
facet normal 0.991444861373827 0.130526192219927 0.0
  outer loop
    vertex 414.087512275305 119.165020070955 3.00002190228717
    vertex 414.015956510512 119.70854006567 2.19022872659735e-005
    vertex 414.015956510512 119.70854006567 3.00002190228717
  endloop
endfacet
facet normal 0.991444861373827 0.130526192219927 0.0
  outer loop
    vertex 414.015956510512 119.70854006567 2.19022872659735e-005
    vertex 414.087512275305 119.165020070955 3.00002190228717
    vertex 414.087512275305 119.165020070955 2.19022872659735e-005
  endloop
endfacet
facet normal 0.923879532511333 0.382683432364978 0.0
  outer loop
    vertex 414.297303162565 118.65854006567 3.00002190228717
    vertex 414.087512275305 119.165020070955 2.19022872659735e-005
    vertex 414.087512275305 119.165020070955 3.00002190228717
  endloop
endfacet
facet normal 0.923879532511333 0.382683432364978 0.0
  outer loop
    vertex 414.087512275305 119.165020070955 2.19022872659735e-005
    vertex 414.297303162565 118.65854006567 3.00002190228717
    vertex 414.297303162565 118.65854006567 2.19022872659735e-005
  endloop
endfacet
facet normal 0.793353340291217 0.608761429008745 0.0
  outer loop
    vertex 414.63103227002 118.223615825178 3.00002190228717
    vertex 414.297303162565 118.65854006567 2.19022872659735e-005
    vertex 414.297303162565 118.65854006567 3.00002190228717
  endloop
endfacet
facet normal 0.793353340291217 0.608761429008745 0.0
  outer loop
    vertex 414.297303162565 118.65854006567 2.19022872659735e-005
    vertex 414.63103227002 118.223615825178 3.00002190228717
    vertex 414.63103227002 118.223615825178 2.19022872659735e-005
  endloop
endfacet
facet normal -0.793353340291169 0.608761429008807 0.0
  outer loop
    vertex 417.600880751004 118.223615825178 2.19022872659735e-005
    vertex 417.934609858459 118.65854006567 3.00002190228717
    vertex 417.934609858459 118.65854006567 2.19022872659735e-005
  endloop
endfacet
facet normal -0.793353340291169 0.608761429008807 0.0
  outer loop
    vertex 417.934609858459 118.65854006567 3.00002190228717
    vertex 417.600880751004 118.223615825178 2.19022872659735e-005
    vertex 417.600880751004 118.223615825178 3.00002190228717
  endloop
endfacet
facet normal -0.382683432364984 0.92387953251133 0.0
  outer loop
    vertex 416.659476505227 117.680095830463 3.00002190228717
    vertex 417.165956510512 117.889886717722 2.19022872659735e-005
    vertex 416.659476505227 117.680095830463 2.19022872659735e-005
  endloop
endfacet
facet normal -0.382683432364984 0.92387953251133 0.0
  outer loop
    vertex 417.165956510512 117.889886717722 2.19022872659735e-005
    vertex 416.659476505227 117.680095830463 3.00002190228717
    vertex 417.165956510512 117.889886717722 3.00002190228717
  endloop
endfacet
facet normal -0.923879532511261 0.382683432365153 0.0
  outer loop
    vertex 417.934609858459 118.65854006567 2.19022872659735e-005
    vertex 418.144400745719 119.165020070954 3.00002190228717
    vertex 418.144400745719 119.165020070954 2.19022872659735e-005
  endloop
endfacet
facet normal -0.923879532511261 0.382683432365153 0.0
  outer loop
    vertex 418.144400745719 119.165020070954 3.00002190228717
    vertex 417.934609858459 118.65854006567 2.19022872659735e-005
    vertex 417.934609858459 118.65854006567 3.00002190228717
  endloop
endfacet
facet normal -0.608761429008843 0.793353340291141 0.0
  outer loop
    vertex 417.165956510512 117.889886717722 3.00002190228717
    vertex 417.600880751004 118.223615825178 2.19022872659735e-005
    vertex 417.165956510512 117.889886717722 2.19022872659735e-005
  endloop
endfacet
facet normal -0.608761429008843 0.793353340291141 0.0
  outer loop
    vertex 417.600880751004 118.223615825178 2.19022872659735e-005
    vertex 417.165956510512 117.889886717722 3.00002190228717
    vertex 417.600880751004 118.223615825178 3.00002190228717
  endloop
endfacet
facet normal 0.1305261922201 0.991444861373804 0.0
  outer loop
    vertex 415.572436515797 117.680095830463 3.00002190228717
    vertex 416.115956510512 117.60854006567 2.19022872659735e-005
    vertex 415.572436515797 117.680095830463 2.19022872659735e-005
  endloop
endfacet
facet normal 0.1305261922201 0.991444861373804 0.0
  outer loop
    vertex 416.115956510512 117.60854006567 2.19022872659735e-005
    vertex 415.572436515797 117.680095830463 3.00002190228717
    vertex 416.115956510512 117.60854006567 3.00002190228717
  endloop
endfacet
facet normal -0.130526192220059 0.991444861373809 0.0
  outer loop
    vertex 416.115956510512 117.60854006567 3.00002190228717
    vertex 416.659476505227 117.680095830463 2.19022872659735e-005
    vertex 416.115956510512 117.60854006567 2.19022872659735e-005
  endloop
endfacet
facet normal -0.130526192220059 0.991444861373809 0.0
  outer loop
    vertex 416.659476505227 117.680095830463 2.19022872659735e-005
    vertex 416.115956510512 117.60854006567 3.00002190228717
    vertex 416.659476505227 117.680095830463 3.00002190228717
  endloop
endfacet
facet normal -0.991444861373816 0.130526192220008 0.0
  outer loop
    vertex 418.144400745719 119.165020070954 2.19022872659735e-005
    vertex 418.215956510512 119.70854006567 3.00002190228717
    vertex 418.215956510512 119.70854006567 2.19022872659735e-005
  endloop
endfacet
facet normal -0.991444861373816 0.130526192220008 0.0
  outer loop
    vertex 418.215956510512 119.70854006567 3.00002190228717
    vertex 418.144400745719 119.165020070954 2.19022872659735e-005
    vertex 418.144400745719 119.165020070954 3.00002190228717
  endloop
endfacet
facet normal 0.382683432365083 0.92387953251129 0.0
  outer loop
    vertex 415.065956510512 117.889886717722 3.00002190228717
    vertex 415.572436515797 117.680095830463 2.19022872659735e-005
    vertex 415.065956510512 117.889886717722 2.19022872659735e-005
  endloop
endfacet
facet normal 0.382683432365083 0.92387953251129 0.0
  outer loop
    vertex 415.572436515797 117.680095830463 2.19022872659735e-005
    vertex 415.065956510512 117.889886717722 3.00002190228717
    vertex 415.572436515797 117.680095830463 3.00002190228717
  endloop
endfacet
facet normal 0.608761429008644 -0.793353340291294 0.0
  outer loop
    vertex 415.065956510512 121.527193413617 3.00002190228717
    vertex 414.63103227002 121.193464306162 2.19022872659735e-005
    vertex 415.065956510512 121.527193413617 2.19022872659735e-005
  endloop
endfacet
facet normal 0.608761429008644 -0.793353340291294 0.0
  outer loop
    vertex 414.63103227002 121.193464306162 2.19022872659735e-005
    vertex 415.065956510512 121.527193413617 3.00002190228717
    vertex 414.63103227002 121.193464306162 3.00002190228717
  endloop
endfacet
facet normal -0.991444861373832 -0.130526192219887 0.0
  outer loop
    vertex 418.215956510512 119.70854006567 2.19022872659735e-005
    vertex 418.144400745719 120.252060060385 3.00002190228717
    vertex 418.144400745719 120.252060060385 2.19022872659735e-005
  endloop
endfacet
facet normal -0.991444861373832 -0.130526192219887 0.0
  outer loop
    vertex 418.144400745719 120.252060060385 3.00002190228717
    vertex 418.215956510512 119.70854006567 2.19022872659735e-005
    vertex 418.215956510512 119.70854006567 3.00002190228717
  endloop
endfacet
facet normal -0.793353340291229 -0.608761429008729 0.0
  outer loop
    vertex 417.934609858459 120.75854006567 2.19022872659735e-005
    vertex 417.600880751003 121.193464306162 3.00002190228717
    vertex 417.600880751003 121.193464306162 2.19022872659735e-005
  endloop
endfacet
facet normal -0.793353340291229 -0.608761429008729 0.0
  outer loop
    vertex 417.600880751003 121.193464306162 3.00002190228717
    vertex 417.934609858459 120.75854006567 2.19022872659735e-005
    vertex 417.934609858459 120.75854006567 3.00002190228717
  endloop
endfacet
facet normal 0.60876142900873 0.793353340291228 0.0
  outer loop
    vertex 414.63103227002 118.223615825178 3.00002190228717
    vertex 415.065956510512 117.889886717722 2.19022872659735e-005
    vertex 414.63103227002 118.223615825178 2.19022872659735e-005
  endloop
endfacet
facet normal 0.60876142900873 0.793353340291228 0.0
  outer loop
    vertex 415.065956510512 117.889886717722 2.19022872659735e-005
    vertex 414.63103227002 118.223615825178 3.00002190228717
    vertex 415.065956510512 117.889886717722 3.00002190228717
  endloop
endfacet
facet normal -0.991444861373835 -0.130526192219867 0.0
  outer loop
    vertex 343.215956510512 119.708540065671 2.19022870403762e-005
    vertex 343.144400745719 120.252060060386 3.00002190228717
    vertex 343.144400745719 120.252060060386 2.19022870403762e-005
  endloop
endfacet
facet normal -0.991444861373835 -0.130526192219867 0.0
  outer loop
    vertex 343.144400745719 120.252060060386 3.00002190228717
    vertex 343.215956510512 119.708540065671 2.19022870403762e-005
    vertex 343.215956510512 119.708540065671 3.00002190228717
  endloop
endfacet
facet normal -0.923879532511361 -0.38268343236491 0.0
  outer loop
    vertex 343.144400745719 120.252060060386 2.19022870403762e-005
    vertex 342.934609858459 120.758540065671 3.00002190228717
    vertex 342.934609858459 120.758540065671 2.19022870403762e-005
  endloop
endfacet
facet normal -0.923879532511361 -0.38268343236491 0.0
  outer loop
    vertex 342.934609858459 120.758540065671 3.00002190228717
    vertex 343.144400745719 120.252060060386 2.19022870403762e-005
    vertex 343.144400745719 120.252060060386 3.00002190228717
  endloop
endfacet
facet normal -0.991444861373821 0.130526192219968 0.0
  outer loop
    vertex 343.144400745719 119.165020070955 2.19022870403762e-005
    vertex 343.215956510512 119.708540065671 3.00002190228717
    vertex 343.215956510512 119.708540065671 2.19022870403762e-005
  endloop
endfacet
facet normal -0.991444861373821 0.130526192219968 0.0
  outer loop
    vertex 343.215956510512 119.708540065671 3.00002190228717
    vertex 343.144400745719 119.165020070955 2.19022870403762e-005
    vertex 343.144400745719 119.165020070955 3.00002190228717
  endloop
endfacet
facet normal -0.793353340291194 -0.608761429008775 0.0
  outer loop
    vertex 342.934609858459 120.758540065671 2.19022870403762e-005
    vertex 342.600880751004 121.193464306162 3.00002190228717
    vertex 342.600880751004 121.193464306162 2.19022870403762e-005
  endloop
endfacet
facet normal -0.793353340291194 -0.608761429008775 0.0
  outer loop
    vertex 342.600880751004 121.193464306162 3.00002190228717
    vertex 342.934609858459 120.758540065671 2.19022870403762e-005
    vertex 342.934609858459 120.758540065671 3.00002190228717
  endloop
endfacet
facet normal -0.60876142900872 -0.793353340291236 0.0
  outer loop
    vertex 342.600880751004 121.193464306162 3.00002190228717
    vertex 342.165956510512 121.527193413618 2.19022870403762e-005
    vertex 342.600880751004 121.193464306162 2.19022870403762e-005
  endloop
endfacet
facet normal -0.60876142900872 -0.793353340291236 0.0
  outer loop
    vertex 342.165956510512 121.527193413618 2.19022870403762e-005
    vertex 342.600880751004 121.193464306162 3.00002190228717
    vertex 342.165956510512 121.527193413618 3.00002190228717
  endloop
endfacet
facet normal -0.3826834323651 -0.923879532511282 0.0
  outer loop
    vertex 342.165956510512 121.527193413618 3.00002190228717
    vertex 341.659476505227 121.736984300878 2.19022870403762e-005
    vertex 342.165956510512 121.527193413618 2.19022870403762e-005
  endloop
endfacet
facet normal -0.3826834323651 -0.923879532511282 0.0
  outer loop
    vertex 341.659476505227 121.736984300878 2.19022870403762e-005
    vertex 342.165956510512 121.527193413618 3.00002190228717
    vertex 341.659476505227 121.736984300878 3.00002190228717
  endloop
endfacet
facet normal 0.608761429008866 0.793353340291124 0.0
  outer loop
    vertex 339.63103227002 118.223615825179 3.00002190228717
    vertex 340.065956510512 117.889886717723 2.19022870403762e-005
    vertex 339.63103227002 118.223615825179 2.19022870403762e-005
  endloop
endfacet
facet normal 0.608761429008866 0.793353340291124 0.0
  outer loop
    vertex 340.065956510512 117.889886717723 2.19022870403762e-005
    vertex 339.63103227002 118.223615825179 3.00002190228717
    vertex 340.065956510512 117.889886717723 3.00002190228717
  endloop
endfacet
facet normal -0.923879532511349 0.382683432364939 0.0
  outer loop
    vertex 342.934609858459 118.658540065671 2.19022870403762e-005
    vertex 343.144400745719 119.165020070955 3.00002190228717
    vertex 343.144400745719 119.165020070955 2.19022870403762e-005
  endloop
endfacet
facet normal -0.923879532511349 0.382683432364939 0.0
  outer loop
    vertex 343.144400745719 119.165020070955 3.00002190228717
    vertex 342.934609858459 118.658540065671 2.19022870403762e-005
    vertex 342.934609858459 118.658540065671 3.00002190228717
  endloop
endfacet
facet normal 0.923879532511204 -0.382683432365291 0.0
  outer loop
    vertex 339.087512275305 120.252060060386 3.00002190228717
    vertex 339.297303162565 120.758540065671 2.19022870403762e-005
    vertex 339.297303162565 120.758540065671 3.00002190228717
  endloop
endfacet
facet normal 0.923879532511204 -0.382683432365291 0.0
  outer loop
    vertex 339.297303162565 120.758540065671 2.19022870403762e-005
    vertex 339.087512275305 120.252060060386 3.00002190228717
    vertex 339.087512275305 120.252060060386 2.19022870403762e-005
  endloop
endfacet
facet normal 0.793353340291248 -0.608761429008703 0.0
  outer loop
    vertex 339.297303162565 120.758540065671 3.00002190228717
    vertex 339.63103227002 121.193464306163 2.19022870403762e-005
    vertex 339.63103227002 121.193464306163 3.00002190228717
  endloop
endfacet
facet normal 0.793353340291248 -0.608761429008703 0.0
  outer loop
    vertex 339.63103227002 121.193464306163 2.19022870403762e-005
    vertex 339.297303162565 120.758540065671 3.00002190228717
    vertex 339.297303162565 120.758540065671 2.19022870403762e-005
  endloop
endfacet
facet normal -0.793353340291264 0.608761429008683 0.0
  outer loop
    vertex 342.600880751004 118.223615825179 2.19022870403762e-005
    vertex 342.934609858459 118.658540065671 3.00002190228717
    vertex 342.934609858459 118.658540065671 2.19022870403762e-005
  endloop
endfacet
facet normal -0.793353340291264 0.608761429008683 0.0
  outer loop
    vertex 342.934609858459 118.658540065671 3.00002190228717
    vertex 342.600880751004 118.223615825179 2.19022870403762e-005
    vertex 342.600880751004 118.223615825179 3.00002190228717
  endloop
endfacet
facet normal -0.608761429008635 0.793353340291301 0.0
  outer loop
    vertex 342.165956510512 117.889886717723 3.00002190228717
    vertex 342.600880751004 118.223615825179 2.19022870403762e-005
    vertex 342.165956510512 117.889886717723 2.19022870403762e-005
  endloop
endfacet
facet normal -0.608761429008635 0.793353340291301 0.0
  outer loop
    vertex 342.600880751004 118.223615825179 2.19022870403762e-005
    vertex 342.165956510512 117.889886717723 3.00002190228717
    vertex 342.600880751004 118.223615825179 3.00002190228717
  endloop
endfacet
facet normal 0.991444861373803 -0.130526192220109 0.0
  outer loop
    vertex 339.015956510512 119.708540065671 3.00002190228717
    vertex 339.087512275305 120.252060060386 2.19022870403762e-005
    vertex 339.087512275305 120.252060060386 3.00002190228717
  endloop
endfacet
facet normal 0.991444861373803 -0.130526192220109 0.0
  outer loop
    vertex 339.087512275305 120.252060060386 2.19022870403762e-005
    vertex 339.015956510512 119.708540065671 3.00002190228717
    vertex 339.015956510512 119.708540065671 2.19022870403762e-005
  endloop
endfacet
facet normal 0.382683432364984 0.923879532511331 0.0
  outer loop
    vertex 340.065956510512 117.889886717723 3.00002190228717
    vertex 340.572436515797 117.680095830464 2.19022870403762e-005
    vertex 340.065956510512 117.889886717723 2.19022870403762e-005
  endloop
endfacet
facet normal 0.382683432364984 0.923879532511331 0.0
  outer loop
    vertex 340.572436515797 117.680095830464 2.19022870403762e-005
    vertex 340.065956510512 117.889886717723 3.00002190228717
    vertex 340.572436515797 117.680095830464 3.00002190228717
  endloop
endfacet
facet normal 0.793353340291209 0.608761429008755 0.0
  outer loop
    vertex 339.63103227002 118.223615825179 3.00002190228717
    vertex 339.297303162565 118.658540065671 2.19022870403762e-005
    vertex 339.297303162565 118.658540065671 3.00002190228717
  endloop
endfacet
facet normal 0.793353340291209 0.608761429008755 0.0
  outer loop
    vertex 339.297303162565 118.658540065671 2.19022870403762e-005
    vertex 339.63103227002 118.223615825179 3.00002190228717
    vertex 339.63103227002 118.223615825179 2.19022870403762e-005
  endloop
endfacet
facet normal 0.991444861373811 0.130526192220049 0.0
  outer loop
    vertex 339.087512275305 119.165020070956 3.00002190228717
    vertex 339.015956510512 119.708540065671 2.19022870403762e-005
    vertex 339.015956510512 119.708540065671 3.00002190228717
  endloop
endfacet
facet normal 0.991444861373811 0.130526192220049 0.0
  outer loop
    vertex 339.015956510512 119.708540065671 2.19022870403762e-005
    vertex 339.087512275305 119.165020070956 3.00002190228717
    vertex 339.087512275305 119.165020070956 2.19022870403762e-005
  endloop
endfacet
facet normal 0.92387953251123 0.382683432365226 0.0
  outer loop
    vertex 339.297303162565 118.658540065671 3.00002190228717
    vertex 339.087512275305 119.165020070956 2.19022870403762e-005
    vertex 339.087512275305 119.165020070956 3.00002190228717
  endloop
endfacet
facet normal 0.92387953251123 0.382683432365226 0.0
  outer loop
    vertex 339.087512275305 119.165020070956 2.19022870403762e-005
    vertex 339.297303162565 118.658540065671 3.00002190228717
    vertex 339.297303162565 118.658540065671 2.19022870403762e-005
  endloop
endfacet
facet normal 0.382683432364949 -0.923879532511345 0.0
  outer loop
    vertex 340.572436515797 121.736984300878 3.00002190228717
    vertex 340.065956510512 121.527193413618 2.19022870403762e-005
    vertex 340.572436515797 121.736984300878 2.19022870403762e-005
  endloop
endfacet
facet normal 0.382683432364949 -0.923879532511345 0.0
  outer loop
    vertex 340.065956510512 121.527193413618 2.19022870403762e-005
    vertex 340.572436515797 121.736984300878 3.00002190228717
    vertex 340.065956510512 121.527193413618 3.00002190228717
  endloop
endfacet
facet normal -0.38268343236508 0.923879532511291 0.0
  outer loop
    vertex 341.659476505227 117.680095830464 3.00002190228717
    vertex 342.165956510512 117.889886717723 2.19022870403762e-005
    vertex 341.659476505227 117.680095830464 2.19022870403762e-005
  endloop
endfacet
facet normal -0.38268343236508 0.923879532511291 0.0
  outer loop
    vertex 342.165956510512 117.889886717723 2.19022870403762e-005
    vertex 341.659476505227 117.680095830464 3.00002190228717
    vertex 342.165956510512 117.889886717723 3.00002190228717
  endloop
endfacet
facet normal 0.130526192220115 0.991444861373802 0.0
  outer loop
    vertex 340.572436515797 117.680095830464 3.00002190228717
    vertex 341.115956510512 117.608540065671 2.19022870403762e-005
    vertex 340.572436515797 117.680095830464 2.19022870403762e-005
  endloop
endfacet
facet normal 0.130526192220115 0.991444861373802 0.0
  outer loop
    vertex 341.115956510512 117.608540065671 2.19022870403762e-005
    vertex 340.572436515797 117.680095830464 3.00002190228717
    vertex 341.115956510512 117.608540065671 3.00002190228717
  endloop
endfacet
facet normal 0.608761429008806 -0.793353340291169 0.0
  outer loop
    vertex 340.065956510512 121.527193413618 3.00002190228717
    vertex 339.63103227002 121.193464306163 2.19022870403762e-005
    vertex 340.065956510512 121.527193413618 2.19022870403762e-005
  endloop
endfacet
facet normal 0.608761429008806 -0.793353340291169 0.0
  outer loop
    vertex 339.63103227002 121.193464306163 2.19022870403762e-005
    vertex 340.065956510512 121.527193413618 3.00002190228717
    vertex 339.63103227002 121.193464306163 3.00002190228717
  endloop
endfacet
facet normal -0.1305261922201 0.991444861373804 0.0
  outer loop
    vertex 341.115956510512 117.608540065671 3.00002190228717
    vertex 341.659476505227 117.680095830464 2.19022870403762e-005
    vertex 341.115956510512 117.608540065671 2.19022870403762e-005
  endloop
endfacet
facet normal -0.1305261922201 0.991444861373804 0.0
  outer loop
    vertex 341.659476505227 117.680095830464 2.19022870403762e-005
    vertex 341.115956510512 117.608540065671 3.00002190228717
    vertex 341.659476505227 117.680095830464 3.00002190228717
  endloop
endfacet
facet normal 0.13052619222008 -0.991444861373807 0.0
  outer loop
    vertex 341.115956510512 121.808540065671 3.00002190228717
    vertex 340.572436515797 121.736984300878 2.19022870403762e-005
    vertex 341.115956510512 121.808540065671 2.19022870403762e-005
  endloop
endfacet
facet normal 0.13052619222008 -0.991444861373807 0.0
  outer loop
    vertex 340.572436515797 121.736984300878 2.19022870403762e-005
    vertex 341.115956510512 121.808540065671 3.00002190228717
    vertex 340.572436515797 121.736984300878 3.00002190228717
  endloop
endfacet
facet normal -0.1305261922201 -0.991444861373804 0.0
  outer loop
    vertex 341.659476505227 121.736984300878 3.00002190228717
    vertex 341.115956510512 121.808540065671 2.19022870403762e-005
    vertex 341.659476505227 121.736984300878 2.19022870403762e-005
  endloop
endfacet
facet normal -0.1305261922201 -0.991444861373804 0.0
  outer loop
    vertex 341.115956510512 121.808540065671 2.19022870403762e-005
    vertex 341.659476505227 121.736984300878 3.00002190228717
    vertex 341.115956510512 121.808540065671 3.00002190228717
  endloop
endfacet
facet normal -1.0 -1.11967125143802e-012 -6.70233891563019e-012
  outer loop
    vertex 391.615956510489 52.0083325867476 3.00002191486021
    vertex 391.615956510375 97.3083325867475 11.6000218905041
    vertex 391.61595651049 101.608332586747 3.00002191485996
  endloop
endfacet
facet normal -1.0 -1.11967125143802e-012 -6.70233891563019e-012
  outer loop
    vertex 391.615956510375 97.3083325867475 11.6000218905041
    vertex 391.615956510489 52.0083325867476 3.00002191486021
    vertex 391.615956510489 56.3083325867475 11.6000219442511
  endloop
endfacet
facet normal 2.62944773812077e-009 -0.894427190493304 -0.447213596513181
  outer loop
    vertex 391.61595651049 101.608332586747 3.00002191485996
    vertex 350.365956510397 97.3083324654832 11.6000218904984
    vertex 350.365956510512 101.608332465483 3.00002191485398
  endloop
endfacet
facet normal 2.62944773812077e-009 -0.894427190493304 -0.447213596513181
  outer loop
    vertex 350.365956510397 97.3083324654832 11.6000218904984
    vertex 391.61595651049 101.608332586747 3.00002191485996
    vertex 391.615956510375 97.3083325867475 11.6000218905041
  endloop
endfacet
facet normal 1.0 -1.30824954418721e-014 1.63867470735871e-014
  outer loop
    vertex 396.615956510489 56.3083325867475 11.6000219442511
    vertex 396.615956510489 106.608332586747 3.00002191486018
    vertex 396.61595651049 106.608332586747 11.6000219148602
  endloop
endfacet
facet normal 1.0 -1.30824954418721e-014 1.63867470735871e-014
  outer loop
    vertex 396.615956510489 106.608332586747 3.00002191486018
    vertex 396.615956510489 56.3083325867475 11.6000219442511
    vertex 396.615956510489 52.0083325867475 3.00002191486021
  endloop
endfacet
facet normal -2.36581852148262e-009 1.0 4.6866590832518e-011
  outer loop
    vertex 345.365956510512 106.608332465483 11.6000219148543
    vertex 369.973754307493 106.608332524918 3.00002191486036
    vertex 345.365956510512 106.608332465483 3.00002191485416
  endloop
endfacet
facet normal -2.36581852148262e-009 1.0 4.6866590832518e-011
  outer loop
    vertex 369.973754307493 106.608332524918 3.00002191486036
    vertex 396.61595651049 106.608332586747 11.6000219148602
    vertex 396.615956510489 106.608332586747 3.00002191486018
  endloop
endfacet
facet normal -2.36581852148262e-009 1.0 4.6866590832518e-011
  outer loop
    vertex 396.61595651049 106.608332586747 11.6000219148602
    vertex 369.973754307493 106.608332524918 3.00002191486036
    vertex 345.365956510512 106.608332465483 11.6000219148543
  endloop
endfacet
facet normal -7.08722066986517e-015 -0.894427191611265 0.44721359427726
  outer loop
    vertex 396.615956510489 56.3083325867475 11.6000219442511
    vertex 391.615956510489 52.0083325867476 3.00002191486021
    vertex 396.615956510489 52.0083325867475 3.00002191486021
  endloop
endfacet
facet normal -7.08722066986517e-015 -0.894427191611265 0.44721359427726
  outer loop
    vertex 391.615956510489 52.0083325867476 3.00002191486021
    vertex 396.615956510489 56.3083325867475 11.6000219442511
    vertex 391.615956510489 56.3083325867475 11.6000219442511
  endloop
endfacet
facet normal 1.0 -4.51191003055362e-014 3.00792039988419e-014
  outer loop
    vertex 396.615956510489 47.0083045850822 11.6000219148661
    vertex 396.615956510489 47.0083337400267 8.60002191486155
    vertex 396.615956510489 51.0083368033868 11.6000219148661
  endloop
endfacet
facet normal 2.5291214996661e-006 -0.999999999996682 4.90306906019589e-007
  outer loop
    vertex 387.615811190075 42.008439320499 3.00002191486021
    vertex 345.365956510511 42.0083366821226 11.6000219148602
    vertex 345.365956510511 42.0083324654832 3.00002191485416
  endloop
endfacet
facet normal 2.5291214996661e-006 -0.999999999996682 4.90306906019589e-007
  outer loop
    vertex 345.365956510511 42.0083366821226 11.6000219148602
    vertex 387.615811190075 42.008439320499 3.00002191486021
    vertex 387.615811190075 42.0084435371384 11.6000219148662
  endloop
endfacet
facet normal 0.707109335607058 -0.707104226756311 -8.39466805730467e-007
  outer loop
    vertex 396.615956510489 47.0083045850822 11.6000219148661
    vertex 396.615956510489 47.0083325867474 3.00002191486018
    vertex 396.615956510489 47.0083337400267 8.60002191486155
  endloop
endfacet
facet normal 0.707109335607058 -0.707104226756311 -8.39466805730467e-007
  outer loop
    vertex 396.615956510489 47.0083325867474 3.00002191486018
    vertex 396.615956510489 47.0083045850822 11.6000219148661
    vertex 393.615956510489 44.0083003684428 3.00002191486018
  endloop
endfacet
facet normal 0.707109335607058 -0.707104226756311 -8.39466805730467e-007
  outer loop
    vertex 393.615956510489 44.0083003684428 3.00002191486018
    vertex 396.615956510489 47.0083045850822 11.6000219148661
    vertex 393.615956510489 44.0083045850822 11.6000219148661
  endloop
endfacet
facet normal 0.707094154855825 -0.707119407291729 3.46705532496413e-007
  outer loop
    vertex 391.615815084956 46.0083045850823 11.6000219148661
    vertex 387.615811190075 42.008439320499 3.00002191486021
    vertex 391.615815084956 46.0083003684429 3.00002191486021
  endloop
endfacet
facet normal 0.707094154855825 -0.707119407291729 3.46705532496413e-007
  outer loop
    vertex 387.615811190075 42.008439320499 3.00002191486021
    vertex 391.615815084956 46.0083045850823 11.6000219148661
    vertex 387.615811190075 42.0084435371384 11.6000219148662
  endloop
endfacet
facet normal -1.0 6.76791955811497e-014 -1.04929317232828e-014
  outer loop
    vertex 393.615956510489 46.0083003684428 3.00002191486021
    vertex 393.615956510489 44.0083045850822 11.6000219148661
    vertex 393.615956510489 46.0083045850822 11.6000219148661
  endloop
endfacet
facet normal -1.0 6.76791955811497e-014 -1.04929317232828e-014
  outer loop
    vertex 393.615956510489 44.0083045850822 11.6000219148661
    vertex 393.615956510489 46.0083003684428 3.00002191486021
    vertex 393.615956510489 44.0083003684428 3.00002191486018
  endloop
endfacet
facet normal -2.81976708368738e-014 -0.99999999999988 4.90306906021148e-007
  outer loop
    vertex 393.615956510489 46.0083045850822 11.6000219148661
    vertex 391.615815084956 46.0083003684429 3.00002191486021
    vertex 393.615956510489 46.0083003684428 3.00002191486021
  endloop
endfacet
facet normal -2.81976708368738e-014 -0.99999999999988 4.90306906021148e-007
  outer loop
    vertex 391.615815084956 46.0083003684429 3.00002191486021
    vertex 393.615956510489 46.0083045850822 11.6000219148661
    vertex 391.615815084956 46.0083045850823 11.6000219148661
  endloop
endfacet
facet normal -1.0 2.33117229223959e-014 -2.60066751113232e-029
  outer loop
    vertex 336.11595651051 44.7085400656708 2.1902286972697e-005
    vertex 336.115956510512 119.708540065671 3.00002190228717
    vertex 336.115956510512 119.708540065671 2.19022869952568e-005
  endloop
endfacet
facet normal -1.0 2.33117229223959e-014 -2.60066751113232e-029
  outer loop
    vertex 336.115956510512 119.708540065671 3.00002190228717
    vertex 336.11595651051 44.7085400656708 2.1902286972697e-005
    vertex 336.11595651051 44.7085400656708 3.00002190228717
  endloop
endfacet
facet normal -1.25724561059949e-008 2.81803734810324e-008 -1.0
  outer loop
    vertex 418.144400745718 65.2520600603851 2.190228672454e-005
    vertex 418.215956510512 119.70854006567 2.19022872659735e-005
    vertex 418.215956510511 64.7085400656698 2.190228672454e-005
  endloop
endfacet
facet normal -1.25724561059949e-008 2.81803734810324e-008 -1.0
  outer loop
    vertex 418.215956510512 119.70854006567 2.19022872659735e-005
    vertex 418.144400745718 65.2520600603851 2.190228672454e-005
    vertex 418.144400745719 119.165020070954 2.19022872659735e-005
  endloop
endfacet
facet normal -1.25724561059949e-008 2.81803734810324e-008 -1.0
  outer loop
    vertex 418.144400745719 119.165020070954 2.19022872659735e-005
    vertex 418.144400745718 65.2520600603851 2.190228672454e-005
    vertex 417.934609858458 65.7585400656698 2.190228672454e-005
  endloop
endfacet
facet normal -1.25724561059949e-008 2.81803734810324e-008 -1.0
  outer loop
    vertex 418.144400745719 119.165020070954 2.19022872659735e-005
    vertex 417.934609858458 65.7585400656698 2.190228672454e-005
    vertex 417.934609858459 118.65854006567 2.19022872659735e-005
  endloop
endfacet
facet normal -1.25724561059949e-008 2.81803734810324e-008 -1.0
  outer loop
    vertex 417.934609858459 118.65854006567 2.19022872659735e-005
    vertex 417.934609858458 65.7585400656698 2.190228672454e-005
    vertex 417.600880751004 118.223615825178 2.19022872659735e-005
  endloop
endfacet
facet normal -1.25724561059949e-008 2.81803734810324e-008 -1.0
  outer loop
    vertex 417.600880751004 118.223615825178 2.19022872659735e-005
    vertex 417.934609858458 65.7585400656698 2.190228672454e-005
    vertex 417.600880751002 66.1934643061615 2.190228672454e-005
  endloop
endfacet
facet normal -1.25724561059949e-008 2.81803734810324e-008 -1.0
  outer loop
    vertex 417.600880751004 118.223615825178 2.19022872659735e-005
    vertex 417.600880751002 66.1934643061615 2.190228672454e-005
    vertex 417.165956510512 117.889886717722 2.19022872659735e-005
  endloop
endfacet
facet normal -1.25724561059949e-008 2.81803734810324e-008 -1.0
  outer loop
    vertex 417.165956510512 117.889886717722 2.19022872659735e-005
    vertex 417.600880751002 66.1934643061615 2.190228672454e-005
    vertex 417.165956510511 66.5271934136172 2.190228672454e-005
  endloop
endfacet
facet normal -1.25724561059949e-008 2.81803734810324e-008 -1.0
  outer loop
    vertex 417.165956510512 117.889886717722 2.19022872659735e-005
    vertex 417.165956510511 66.5271934136172 2.190228672454e-005
    vertex 416.659476505227 117.680095830463 2.19022872659735e-005
  endloop
endfacet
facet normal -1.25724561059949e-008 2.81803734810324e-008 -1.0
  outer loop
    vertex 416.659476505227 117.680095830463 2.19022872659735e-005
    vertex 417.165956510511 66.5271934136172 2.190228672454e-005
    vertex 416.659476505226 66.7369843008768 2.190228672454e-005
  endloop
endfacet
facet normal -1.25724561059949e-008 2.81803734810324e-008 -1.0
  outer loop
    vertex 416.659476505227 117.680095830463 2.19022872659735e-005
    vertex 416.659476505226 66.7369843008768 2.190228672454e-005
    vertex 416.115956510512 117.60854006567 2.19022872659735e-005
  endloop
endfacet
facet normal -1.25724561059949e-008 2.81803734810324e-008 -1.0
  outer loop
    vertex 416.115956510512 117.60854006567 2.19022872659735e-005
    vertex 416.659476505226 66.7369843008768 2.190228672454e-005
    vertex 416.115956510511 66.8085400656698 2.190228672454e-005
  endloop
endfacet
facet normal -1.25724561059949e-008 2.81803734810324e-008 -1.0
  outer loop
    vertex 416.115956510512 117.60854006567 2.19022872659735e-005
    vertex 416.115956510511 66.8085400656698 2.190228672454e-005
    vertex 415.572436515797 117.680095830463 2.19022872659735e-005
  endloop
endfacet
facet normal -1.25724561059949e-008 2.81803734810324e-008 -1.0
  outer loop
    vertex 415.572436515797 117.680095830463 2.19022872659735e-005
    vertex 416.115956510511 66.8085400656698 2.190228672454e-005
    vertex 415.572436515795 66.7369843008769 2.190228672454e-005
  endloop
endfacet
facet normal -1.25724561059949e-008 2.81803734810324e-008 -1.0
  outer loop
    vertex 415.572436515797 117.680095830463 2.19022872659735e-005
    vertex 415.572436515795 66.7369843008769 2.190228672454e-005
    vertex 415.065956510512 117.889886717722 2.19022872659735e-005
  endloop
endfacet
facet normal -1.25724561059949e-008 2.81803734810324e-008 -1.0
  outer loop
    vertex 415.065956510512 117.889886717722 2.19022872659735e-005
    vertex 415.572436515795 66.7369843008769 2.190228672454e-005
    vertex 415.065956510511 66.5271934136171 2.190228672454e-005
  endloop
endfacet
facet normal -1.25724561059949e-008 2.81803734810324e-008 -1.0
  outer loop
    vertex 415.065956510512 117.889886717722 2.19022872659735e-005
    vertex 415.065956510511 66.5271934136171 2.190228672454e-005
    vertex 414.63103227002 118.223615825178 2.19022872659735e-005
  endloop
endfacet
facet normal -1.25724561059949e-008 2.81803734810324e-008 -1.0
  outer loop
    vertex 414.63103227002 118.223615825178 2.19022872659735e-005
    vertex 415.065956510511 66.5271934136171 2.190228672454e-005
    vertex 414.631032270019 66.1934643061615 2.190228672454e-005
  endloop
endfacet
facet normal -1.25724561059949e-008 2.81803734810324e-008 -1.0
  outer loop
    vertex 414.63103227002 118.223615825178 2.19022872659735e-005
    vertex 414.631032270019 66.1934643061615 2.190228672454e-005
    vertex 414.297303162565 118.65854006567 2.19022872659735e-005
  endloop
endfacet
facet normal -1.25724561059949e-008 2.81803734810324e-008 -1.0
  outer loop
    vertex 414.297303162565 118.65854006567 2.19022872659735e-005
    vertex 414.631032270019 66.1934643061615 2.190228672454e-005
    vertex 414.297303162563 65.7585400656698 2.190228672454e-005
  endloop
endfacet
facet normal -1.25724561059949e-008 2.81803734810324e-008 -1.0
  outer loop
    vertex 414.297303162565 118.65854006567 2.19022872659735e-005
    vertex 414.297303162563 65.7585400656698 2.190228672454e-005
    vertex 414.087512275305 119.165020070955 2.19022872659735e-005
  endloop
endfacet
facet normal -1.25724561059949e-008 2.81803734810324e-008 -1.0
  outer loop
    vertex 414.087512275305 119.165020070955 2.19022872659735e-005
    vertex 414.297303162563 65.7585400656698 2.190228672454e-005
    vertex 414.087512275304 65.2520600603851 2.190228672454e-005
  endloop
endfacet
facet normal -1.25724561059949e-008 2.81803734810324e-008 -1.0
  outer loop
    vertex 414.087512275305 119.165020070955 2.19022872659735e-005
    vertex 414.087512275304 65.2520600603851 2.190228672454e-005
    vertex 414.015956510512 119.70854006567 2.19022872659735e-005
  endloop
endfacet
facet normal -1.25724561059949e-008 2.81803734810324e-008 -1.0
  outer loop
    vertex 414.015956510512 119.70854006567 2.19022872659735e-005
    vertex 414.087512275304 65.2520600603851 2.190228672454e-005
    vertex 414.015956510511 64.7085400656698 2.190228672454e-005
  endloop
endfacet
facet normal -1.25724561059949e-008 2.81803734810324e-008 -1.0
  outer loop
    vertex 421.073180817381 64.0559091045693 2.19022871757346e-005
    vertex 421.115956510512 119.70854006567 2.19022872208541e-005
    vertex 421.115956510512 64.7085400656696 2.19022871757346e-005
  endloop
endfacet
facet normal -1.25724561059949e-008 2.81803734810324e-008 -1.0
  outer loop
    vertex 421.115956510512 119.70854006567 2.19022872208541e-005
    vertex 421.073180817381 64.0559091045693 2.19022871757346e-005
    vertex 421.073180817381 120.36117102677 2.19022872208541e-005
  endloop
endfacet
facet normal -1.25724561059949e-008 2.81803734810324e-008 -1.0
  outer loop
    vertex 421.073180817381 120.36117102677 2.19022872208541e-005
    vertex 421.073180817381 64.0559091045693 2.19022871757346e-005
    vertex 420.945585641957 63.4144448401568 2.19022871757346e-005
  endloop
endfacet
facet normal -1.25724561059949e-008 2.81803734810324e-008 -1.0
  outer loop
    vertex 421.073180817381 120.36117102677 2.19022872208541e-005
    vertex 420.945585641957 63.4144448401568 2.19022871757346e-005
    vertex 420.945585641957 121.002635291182 2.19022872208541e-005
  endloop
endfacet
facet normal -1.25724561059949e-008 2.81803734810324e-008 -1.0
  outer loop
    vertex 420.945585641957 121.002635291182 2.19022872208541e-005
    vertex 420.945585641957 63.4144448401568 2.19022871757346e-005
    vertex 420.735354173069 62.7951229038439 2.19022871757346e-005
  endloop
endfacet
facet normal -1.25724561059949e-008 2.81803734810324e-008 -1.0
  outer loop
    vertex 420.945585641957 121.002635291182 2.19022872208541e-005
    vertex 420.735354173069 62.7951229038439 2.19022871757346e-005
    vertex 420.735354173068 121.621957227495 2.19022872208541e-005
  endloop
endfacet
facet normal -1.25724561059949e-008 2.81803734810324e-008 -1.0
  outer loop
    vertex 420.735354173068 121.621957227495 2.19022872208541e-005
    vertex 420.735354173069 62.7951229038439 2.19022871757346e-005
    vertex 420.446083529434 62.2085400656693 2.19022871757346e-005
  endloop
endfacet
facet normal -1.25724561059949e-008 2.81803734810324e-008 -1.0
  outer loop
    vertex 420.735354173068 121.621957227495 2.19022872208541e-005
    vertex 420.446083529434 62.2085400656693 2.19022871757346e-005
    vertex 420.446083529434 122.20854006567 2.19022872208541e-005
  endloop
endfacet
facet normal -1.25724561059949e-008 2.81803734810324e-008 -1.0
  outer loop
    vertex 420.446083529434 122.20854006567 2.19022872208541e-005
    vertex 420.446083529434 62.2085400656693 2.19022871757346e-005
    vertex 420.082723211968 61.6647329206256 2.19022871757346e-005
  endloop
endfacet
facet normal -1.25724561059949e-008 2.81803734810324e-008 -1.0
  outer loop
    vertex 420.446083529434 122.20854006567 2.19022872208541e-005
    vertex 420.082723211968 61.6647329206256 2.19022871757346e-005
    vertex 420.082723211968 122.752347210713 2.19022872208541e-005
  endloop
endfacet
facet normal -1.25724561059949e-008 2.81803734810324e-008 -1.0
  outer loop
    vertex 420.082723211968 122.752347210713 2.19022872208541e-005
    vertex 420.082723211968 61.6647329206256 2.19022871757346e-005
    vertex 419.651490416445 61.1730061597364 2.19022871757346e-005
  endloop
endfacet
facet normal -1.25724561059949e-008 2.81803734810324e-008 -1.0
  outer loop
    vertex 420.082723211968 122.752347210713 2.19022872208541e-005
    vertex 419.651490416445 61.1730061597364 2.19022871757346e-005
    vertex 419.651490416445 123.244073971602 2.19022872208541e-005
  endloop
endfacet
facet normal -1.25724561059949e-008 2.81803734810324e-008 -1.0
  outer loop
    vertex 419.651490416445 123.244073971602 2.19022872208541e-005
    vertex 419.651490416445 61.1730061597364 2.19022871757346e-005
    vertex 419.159763655555 60.7417733642128 2.19022871757346e-005
  endloop
endfacet
facet normal -1.25724561059949e-008 2.81803734810324e-008 -1.0
  outer loop
    vertex 419.651490416445 123.244073971602 2.19022872208541e-005
    vertex 419.159763655555 60.7417733642128 2.19022871757346e-005
    vertex 419.159763655556 123.675306767126 2.19022872208541e-005
  endloop
endfacet
facet normal -1.25724561059949e-008 2.81803734810324e-008 -1.0
  outer loop
    vertex 419.159763655556 123.675306767126 2.19022872208541e-005
    vertex 419.159763655555 60.7417733642128 2.19022871757346e-005
    vertex 418.615956510511 60.3784130467468 2.19022871757346e-005
  endloop
endfacet
facet normal -1.25724561059949e-008 2.81803734810324e-008 -1.0
  outer loop
    vertex 419.159763655556 123.675306767126 2.19022872208541e-005
    vertex 418.615956510511 60.3784130467468 2.19022871757346e-005
    vertex 418.615956510512 124.038667084592 2.19022872208541e-005
  endloop
endfacet
facet normal -1.25724561059949e-008 2.81803734810324e-008 -1.0
  outer loop
    vertex 418.615956510512 124.038667084592 2.19022872208541e-005
    vertex 418.615956510511 60.3784130467468 2.19022871757346e-005
    vertex 418.215956510511 64.7085400656698 2.190228672454e-005
  endloop
endfacet
facet normal -1.25724561059949e-008 2.81803734810324e-008 -1.0
  outer loop
    vertex 418.215956510511 64.7085400656698 2.190228672454e-005
    vertex 418.615956510511 60.3784130467468 2.19022871757346e-005
    vertex 418.029373672337 60.0891424031125 2.19022871757346e-005
  endloop
endfacet
facet normal -1.25724561059949e-008 2.81803734810324e-008 -1.0
  outer loop
    vertex 418.215956510511 64.7085400656698 2.190228672454e-005
    vertex 418.029373672337 60.0891424031125 2.19022871757346e-005
    vertex 418.144400745718 64.1650200709544 2.190228672454e-005
  endloop
endfacet
facet normal -1.25724561059949e-008 2.81803734810324e-008 -1.0
  outer loop
    vertex 418.144400745718 64.1650200709544 2.190228672454e-005
    vertex 418.029373672337 60.0891424031125 2.19022871757346e-005
    vertex 417.934609858459 63.6585400656697 2.190228672454e-005
  endloop
endfacet
facet normal -1.25724561059949e-008 2.81803734810324e-008 -1.0
  outer loop
    vertex 417.934609858459 63.6585400656697 2.190228672454e-005
    vertex 418.029373672337 60.0891424031125 2.19022871757346e-005
    vertex 417.410051736024 59.8789109342236 2.19022871757346e-005
  endloop
endfacet
facet normal -1.25724561059949e-008 2.81803734810324e-008 -1.0
  outer loop
    vertex 417.934609858459 63.6585400656697 2.190228672454e-005
    vertex 417.410051736024 59.8789109342236 2.19022871757346e-005
    vertex 417.600880751003 63.2236158251781 2.190228672454e-005
  endloop
endfacet
facet normal -1.25724561059949e-008 2.81803734810324e-008 -1.0
  outer loop
    vertex 417.600880751003 63.2236158251781 2.190228672454e-005
    vertex 417.410051736024 59.8789109342236 2.19022871757346e-005
    vertex 417.165956510511 62.8898867177225 2.190228672454e-005
  endloop
endfacet
facet normal -1.25724561059949e-008 2.81803734810324e-008 -1.0
  outer loop
    vertex 417.165956510511 62.8898867177225 2.190228672454e-005
    vertex 417.410051736024 59.8789109342236 2.19022871757346e-005
    vertex 416.768587471611 59.7513157587999 2.19022871757346e-005
  endloop
endfacet
facet normal -1.25724561059949e-008 2.81803734810324e-008 -1.0
  outer loop
    vertex 417.165956510511 62.8898867177225 2.190228672454e-005
    vertex 416.768587471611 59.7513157587999 2.19022871757346e-005
    vertex 416.659476505227 62.6800958304628 2.190228672454e-005
  endloop
endfacet
facet normal -1.25724561059949e-008 2.81803734810324e-008 -1.0
  outer loop
    vertex 416.659476505227 62.6800958304628 2.190228672454e-005
    vertex 416.768587471611 59.7513157587999 2.19022871757346e-005
    vertex 416.115956510511 59.708540065669 2.19022871757346e-005
  endloop
endfacet
facet normal -1.25724561059949e-008 2.81803734810324e-008 -1.0
  outer loop
    vertex 416.659476505227 62.6800958304628 2.190228672454e-005
    vertex 416.115956510511 59.708540065669 2.19022871757346e-005
    vertex 416.115956510511 62.6085400656698 2.190228672454e-005
  endloop
endfacet
facet normal -1.25724561059949e-008 2.81803734810324e-008 -1.0
  outer loop
    vertex 416.115956510511 62.6085400656698 2.190228672454e-005
    vertex 416.115956510511 59.708540065669 2.19022871757346e-005
    vertex 415.572436515796 62.6800958304627 2.190228672454e-005
  endloop
endfacet
facet normal -1.25724561059949e-008 2.81803734810324e-008 -1.0
  outer loop
    vertex 415.572436515796 62.6800958304627 2.190228672454e-005
    vertex 416.115956510511 59.708540065669 2.19022871757346e-005
    vertex 398.173754159729 59.7085400656692 6.74753196747702e-006
  endloop
endfacet
facet normal -1.25724561059949e-008 2.81803734810324e-008 -1.0
  outer loop
    vertex 415.572436515796 62.6800958304627 2.190228672454e-005
    vertex 398.173754159729 59.7085400656692 6.74753196747702e-006
    vertex 415.065956510511 62.8898867177225 2.190228672454e-005
  endloop
endfacet
facet normal -1.25724561059949e-008 2.81803734810324e-008 -1.0
  outer loop
    vertex 415.065956510511 62.8898867177225 2.190228672454e-005
    vertex 398.173754159729 59.7085400656692 6.74753196747702e-006
    vertex 414.63103227002 63.2236158251781 2.190228672454e-005
  endloop
endfacet
facet normal -1.25724561059949e-008 2.81803734810324e-008 -1.0
  outer loop
    vertex 414.63103227002 63.2236158251781 2.190228672454e-005
    vertex 398.173754159729 59.7085400656692 6.74753196747702e-006
    vertex 414.297303162564 63.6585400656698 2.190228672454e-005
  endloop
endfacet
facet normal -1.25724561059949e-008 2.81803734810324e-008 -1.0
  outer loop
    vertex 414.297303162564 63.6585400656698 2.190228672454e-005
    vertex 398.173754159729 59.7085400656692 6.74753196747702e-006
    vertex 414.087512275304 64.1650200709545 2.190228672454e-005
  endloop
endfacet
facet normal -1.25724561059949e-008 2.81803734810324e-008 -1.0
  outer loop
    vertex 414.087512275304 64.1650200709545 2.190228672454e-005
    vertex 398.173754159729 59.7085400656692 6.74753196747702e-006
    vertex 414.015956510511 64.7085400656698 2.190228672454e-005
  endloop
endfacet
facet normal -1.25724561059949e-008 2.81803734810324e-008 -1.0
  outer loop
    vertex 392.673754250401 39.7085400656693 0.0
    vertex 390.823134975283 75.5002699414426 2.19180002996922e-005
    vertex 390.865956510511 76.8083325260455 2.19180002996922e-005
  endloop
endfacet
facet normal -1.25724561059949e-008 2.81803734810324e-008 -1.0
  outer loop
    vertex 390.823134975283 75.5002699414426 2.19180002996922e-005
    vertex 392.673754250401 39.7085400656693 0.0
    vertex 390.694853737988 74.1978086816445 2.19180002996922e-005
  endloop
endfacet
facet normal -1.25724561059949e-008 2.81803734810324e-008 -1.0
  outer loop
    vertex 390.694853737988 74.1978086816445 2.19180002996922e-005
    vertex 392.673754250401 39.7085400656693 0.0
    vertex 390.481662118576 72.906526085723 2.19180002996922e-005
  endloop
endfacet
facet normal -1.25724561059949e-008 2.81803734810324e-008 -1.0
  outer loop
    vertex 390.481662118576 72.906526085723 2.19180002996922e-005
    vertex 392.673754250401 39.7085400656693 0.0
    vertex 390.184473036293 71.6319516239951 2.19180002996922e-005
  endloop
endfacet
facet normal -1.25724561059949e-008 2.81803734810324e-008 -1.0
  outer loop
    vertex 390.184473036293 71.6319516239951 2.19180002996922e-005
    vertex 392.673754250401 39.7085400656693 0.0
    vertex 389.804559100413 70.3795432199823 2.19180002996922e-005
  endloop
endfacet
facet normal -1.25724561059949e-008 2.81803734810324e-008 -1.0
  outer loop
    vertex 389.804559100413 70.3795432199823 2.19180002996922e-005
    vertex 392.673754250401 39.7085400656693 0.0
    vertex 389.343547160737 69.1546638787437 2.19180002996922e-005
  endloop
endfacet
facet normal -1.25724561059949e-008 2.81803734810324e-008 -1.0
  outer loop
    vertex 389.343547160737 69.1546638787437 2.19180002996922e-005
    vertex 392.673754250401 39.7085400656693 0.0
    vertex 388.803411341165 67.9625587216655 2.19180002996922e-005
  endloop
endfacet
facet normal -1.25724561059949e-008 2.81803734810324e-008 -1.0
  outer loop
    vertex 388.803411341165 67.9625587216655 2.19180002996922e-005
    vertex 392.673754250401 39.7085400656693 0.0
    vertex 388.1864645862 66.8083325260456 2.19180002996922e-005
  endloop
endfacet
facet normal -1.25724561059949e-008 2.81803734810324e-008 -1.0
  outer loop
    vertex 388.1864645862 66.8083325260456 2.19180002996922e-005
    vertex 392.673754250401 39.7085400656693 0.0
    vertex 387.495348756562 65.6969278656535 2.19180002996922e-005
  endloop
endfacet
facet normal -1.25724561059949e-008 2.81803734810324e-008 -1.0
  outer loop
    vertex 387.495348756562 65.6969278656535 2.19180002996922e-005
    vertex 392.673754250401 39.7085400656693 0.0
    vertex 386.733023316336 64.6331039458712 2.19180002996922e-005
  endloop
endfacet
facet normal -1.25724561059949e-008 2.81803734810324e-008 -1.0
  outer loop
    vertex 386.733023316336 64.6331039458712 2.19180002996922e-005
    vertex 392.673754250401 39.7085400656693 0.0
    vertex 385.902752660091 63.6214162240442 2.19180002996922e-005
  endloop
endfacet
facet normal -1.25724561059949e-008 2.81803734810324e-008 -1.0
  outer loop
    vertex 385.902752660091 63.6214162240442 2.19180002996922e-005
    vertex 392.673754250401 39.7085400656693 0.0
    vertex 385.008092134242 62.6661969023147 2.19180002996922e-005
  endloop
endfacet
facet normal -1.25724561059949e-008 2.81803734810324e-008 -1.0
  outer loop
    vertex 385.008092134242 62.6661969023147 2.19180002996922e-005
    vertex 392.673754250401 39.7085400656693 0.0
    vertex 384.052872812512 61.7715363764661 2.19180002996922e-005
  endloop
endfacet
facet normal -1.25724561059949e-008 2.81803734810324e-008 -1.0
  outer loop
    vertex 384.052872812512 61.7715363764661 2.19180002996922e-005
    vertex 392.673754250401 39.7085400656693 0.0
    vertex 383.041185090685 60.9412657202209 2.19180002996922e-005
  endloop
endfacet
facet normal -1.25724561059949e-008 2.81803734810324e-008 -1.0
  outer loop
    vertex 383.041185090685 60.9412657202209 2.19180002996922e-005
    vertex 392.673754250401 39.7085400656693 0.0
    vertex 381.977361170903 60.1789402799948 2.19180002996922e-005
  endloop
endfacet
facet normal -1.25724561059949e-008 2.81803734810324e-008 -1.0
  outer loop
    vertex 381.977361170903 60.1789402799948 2.19180002996922e-005
    vertex 392.673754250401 39.7085400656693 0.0
    vertex 380.865956510511 59.4878244503569 2.19180002996922e-005
  endloop
endfacet
facet normal -1.25724561059949e-008 2.81803734810324e-008 -1.0
  outer loop
    vertex 380.865956510511 59.4878244503569 2.19180002996922e-005
    vertex 392.673754250401 39.7085400656693 0.0
    vertex 379.711730314891 58.8708776953919 2.19180002996922e-005
  endloop
endfacet
facet normal -1.25724561059949e-008 2.81803734810324e-008 -1.0
  outer loop
    vertex 379.711730314891 58.8708776953919 2.19180002996922e-005
    vertex 392.673754250401 39.7085400656693 0.0
    vertex 341.115956510511 39.70854006567 2.1902286972697e-005
  endloop
endfacet
facet normal -1.25724561059949e-008 2.81803734810324e-008 -1.0
  outer loop
    vertex 379.711730314891 58.8708776953919 2.19180002996922e-005
    vertex 341.115956510511 39.70854006567 2.1902286972697e-005
    vertex 378.519625157813 58.33074187582 2.19180002996922e-005
  endloop
endfacet
facet normal -1.25724561059949e-008 2.81803734810324e-008 -1.0
  outer loop
    vertex 378.519625157813 58.33074187582 2.19180002996922e-005
    vertex 341.115956510511 39.70854006567 2.1902286972697e-005
    vertex 377.294745816574 57.8697299361436 2.19180002996922e-005
  endloop
endfacet
facet normal -1.25724561059949e-008 2.81803734810324e-008 -1.0
  outer loop
    vertex 377.294745816574 57.8697299361436 2.19180002996922e-005
    vertex 341.115956510511 39.70854006567 2.1902286972697e-005
    vertex 376.042337412561 57.4898160002644 2.19180002996922e-005
  endloop
endfacet
facet normal -1.25724561059949e-008 2.81803734810324e-008 -1.0
  outer loop
    vertex 376.042337412561 57.4898160002644 2.19180002996922e-005
    vertex 341.115956510511 39.70854006567 2.1902286972697e-005
    vertex 374.767762950834 57.1926269179812 2.19180002996922e-005
  endloop
endfacet
facet normal -1.25724561059949e-008 2.81803734810324e-008 -1.0
  outer loop
    vertex 374.767762950834 57.1926269179812 2.19180002996922e-005
    vertex 341.115956510511 39.70854006567 2.1902286972697e-005
    vertex 373.476480354912 56.9794352985696 2.19180002996922e-005
  endloop
endfacet
facet normal -1.25724561059949e-008 2.81803734810324e-008 -1.0
  outer loop
    vertex 373.476480354912 56.9794352985696 2.19180002996922e-005
    vertex 341.115956510511 39.70854006567 2.1902286972697e-005
    vertex 372.174019095114 56.8511540612737 2.19180002996922e-005
  endloop
endfacet
facet normal -1.25724561059949e-008 2.81803734810324e-008 -1.0
  outer loop
    vertex 372.174019095114 56.8511540612737 2.19180002996922e-005
    vertex 341.115956510511 39.70854006567 2.1902286972697e-005
    vertex 370.865956510511 56.8083325260458 2.19180002996922e-005
  endloop
endfacet
facet normal -1.25724561059949e-008 2.81803734810324e-008 -1.0
  outer loop
    vertex 370.865956510511 56.8083325260458 2.19180002996922e-005
    vertex 341.115956510511 39.70854006567 2.1902286972697e-005
    vertex 369.557893925908 56.8511540612738 2.19180002996922e-005
  endloop
endfacet
facet normal -1.25724561059949e-008 2.81803734810324e-008 -1.0
  outer loop
    vertex 369.557893925908 56.8511540612738 2.19180002996922e-005
    vertex 341.115956510511 39.70854006567 2.1902286972697e-005
    vertex 368.25543266611 56.9794352985696 2.19180002996922e-005
  endloop
endfacet
facet normal -1.25724561059949e-008 2.81803734810324e-008 -1.0
  outer loop
    vertex 368.25543266611 56.9794352985696 2.19180002996922e-005
    vertex 341.115956510511 39.70854006567 2.1902286972697e-005
    vertex 366.964150070189 57.1926269179813 2.19180002996922e-005
  endloop
endfacet
facet normal -1.25724561059949e-008 2.81803734810324e-008 -1.0
  outer loop
    vertex 366.964150070189 57.1926269179813 2.19180002996922e-005
    vertex 341.115956510511 39.70854006567 2.1902286972697e-005
    vertex 365.689575608461 57.4898160002645 2.19180002996922e-005
  endloop
endfacet
facet normal -1.25724561059949e-008 2.81803734810324e-008 -1.0
  outer loop
    vertex 365.689575608461 57.4898160002645 2.19180002996922e-005
    vertex 341.115956510511 39.70854006567 2.1902286972697e-005
    vertex 364.437167204448 57.8697299361438 2.19180002996922e-005
  endloop
endfacet
facet normal -1.25724561059949e-008 2.81803734810324e-008 -1.0
  outer loop
    vertex 364.437167204448 57.8697299361438 2.19180002996922e-005
    vertex 341.115956510511 39.70854006567 2.1902286972697e-005
    vertex 363.212287863209 58.3307418758202 2.19180002996922e-005
  endloop
endfacet
facet normal -1.25724561059949e-008 2.81803734810324e-008 -1.0
  outer loop
    vertex 363.212287863209 58.3307418758202 2.19180002996922e-005
    vertex 341.115956510511 39.70854006567 2.1902286972697e-005
    vertex 362.020182706131 58.8708776953921 2.19180002996922e-005
  endloop
endfacet
facet normal -1.25724561059949e-008 2.81803734810324e-008 -1.0
  outer loop
    vertex 362.020182706131 58.8708776953921 2.19180002996922e-005
    vertex 341.115956510511 39.70854006567 2.1902286972697e-005
    vertex 360.865956510511 59.4878244503572 2.19180002996922e-005
  endloop
endfacet
facet normal -1.25724561059949e-008 2.81803734810324e-008 -1.0
  outer loop
    vertex 360.865956510511 59.4878244503572 2.19180002996922e-005
    vertex 341.115956510511 39.70854006567 2.1902286972697e-005
    vertex 359.754551850119 60.1789402799951 2.19180002996922e-005
  endloop
endfacet
facet normal -1.25724561059949e-008 2.81803734810324e-008 -1.0
  outer loop
    vertex 359.754551850119 60.1789402799951 2.19180002996922e-005
    vertex 341.115956510511 39.70854006567 2.1902286972697e-005
    vertex 358.690727930337 60.9412657202213 2.19180002996922e-005
  endloop
endfacet
facet normal -1.25724561059949e-008 2.81803734810324e-008 -1.0
  outer loop
    vertex 358.690727930337 60.9412657202213 2.19180002996922e-005
    vertex 341.115956510511 39.70854006567 2.1902286972697e-005
    vertex 357.67904020851 61.7715363764664 2.19180002996922e-005
  endloop
endfacet
facet normal -1.25724561059949e-008 2.81803734810324e-008 -1.0
  outer loop
    vertex 357.67904020851 61.7715363764664 2.19180002996922e-005
    vertex 341.115956510511 39.70854006567 2.1902286972697e-005
    vertex 356.72382088678 62.6661969023151 2.19180002996922e-005
  endloop
endfacet
facet normal -1.25724561059949e-008 2.81803734810324e-008 -1.0
  outer loop
    vertex 356.72382088678 62.6661969023151 2.19180002996922e-005
    vertex 341.115956510511 39.70854006567 2.1902286972697e-005
    vertex 355.829160360932 63.6214162240447 2.19180002996922e-005
  endloop
endfacet
facet normal -1.25724561059949e-008 2.81803734810324e-008 -1.0
  outer loop
    vertex 355.829160360932 63.6214162240447 2.19180002996922e-005
    vertex 341.115956510511 39.70854006567 2.1902286972697e-005
    vertex 354.998889704686 64.6331039458716 2.19180002996922e-005
  endloop
endfacet
facet normal -1.25724561059949e-008 2.81803734810324e-008 -1.0
  outer loop
    vertex 354.998889704686 64.6331039458716 2.19180002996922e-005
    vertex 341.115956510511 39.70854006567 2.1902286972697e-005
    vertex 354.236564264461 65.6969278656539 2.19180002996922e-005
  endloop
endfacet
facet normal -1.25724561059949e-008 2.81803734810324e-008 -1.0
  outer loop
    vertex 354.236564264461 65.6969278656539 2.19180002996922e-005
    vertex 341.115956510511 39.70854006567 2.1902286972697e-005
    vertex 342.934609858458 43.6585400656708 2.19022869952568e-005
  endloop
endfacet
facet normal -1.25724561059949e-008 2.81803734810324e-008 -1.0
  outer loop
    vertex 354.236564264461 65.6969278656539 2.19180002996922e-005
    vertex 342.934609858458 43.6585400656708 2.19022869952568e-005
    vertex 353.545448434823 66.808332526046 2.19180002996922e-005
  endloop
endfacet
facet normal -1.25724561059949e-008 2.81803734810324e-008 -1.0
  outer loop
    vertex 353.545448434823 66.808332526046 2.19180002996922e-005
    vertex 342.934609858458 43.6585400656708 2.19022869952568e-005
    vertex 343.144400745718 44.1650200709554 2.19022869952568e-005
  endloop
endfacet
facet normal -1.25724561059949e-008 2.81803734810324e-008 -1.0
  outer loop
    vertex 353.545448434823 66.808332526046 2.19180002996922e-005
    vertex 343.144400745718 44.1650200709554 2.19022869952568e-005
    vertex 352.928501679857 67.962558721666 2.19180002996922e-005
  endloop
endfacet
facet normal -1.25724561059949e-008 2.81803734810324e-008 -1.0
  outer loop
    vertex 352.928501679857 67.962558721666 2.19180002996922e-005
    vertex 343.144400745718 44.1650200709554 2.19022869952568e-005
    vertex 352.388365860286 69.1546638787442 2.19180002996922e-005
  endloop
endfacet
facet normal -1.25724561059949e-008 2.81803734810324e-008 -1.0
  outer loop
    vertex 352.388365860286 69.1546638787442 2.19180002996922e-005
    vertex 343.144400745718 44.1650200709554 2.19022869952568e-005
    vertex 351.927353920609 70.3795432199828 2.19180002996922e-005
  endloop
endfacet
facet normal -1.25724561059949e-008 2.81803734810324e-008 -1.0
  outer loop
    vertex 351.927353920609 70.3795432199828 2.19180002996922e-005
    vertex 343.144400745718 44.1650200709554 2.19022869952568e-005
    vertex 351.54743998473 71.6319516239956 2.19180002996922e-005
  endloop
endfacet
facet normal -1.25724561059949e-008 2.81803734810324e-008 -1.0
  outer loop
    vertex 351.54743998473 71.6319516239956 2.19180002996922e-005
    vertex 343.144400745718 44.1650200709554 2.19022869952568e-005
    vertex 351.250250902447 72.9065260857234 2.19180002996922e-005
  endloop
endfacet
facet normal -1.25724561059949e-008 2.81803734810324e-008 -1.0
  outer loop
    vertex 351.250250902447 72.9065260857234 2.19180002996922e-005
    vertex 343.144400745718 44.1650200709554 2.19022869952568e-005
    vertex 351.037059283035 74.197808681645 2.19180002996922e-005
  endloop
endfacet
facet normal -1.25724561059949e-008 2.81803734810324e-008 -1.0
  outer loop
    vertex 351.037059283035 74.197808681645 2.19180002996922e-005
    vertex 343.144400745718 44.1650200709554 2.19022869952568e-005
    vertex 350.908778045739 75.5002699414432 2.19180002996922e-005
  endloop
endfacet
facet normal -1.25724561059949e-008 2.81803734810324e-008 -1.0
  outer loop
    vertex 350.908778045739 75.5002699414432 2.19180002996922e-005
    vertex 343.144400745718 44.1650200709554 2.19022869952568e-005
    vertex 350.865956510512 76.8083325260461 2.19180002996922e-005
  endloop
endfacet
facet normal -1.25724561059949e-008 2.81803734810324e-008 -1.0
  outer loop
    vertex 350.865956510512 76.8083325260461 2.19180002996922e-005
    vertex 343.144400745718 44.1650200709554 2.19022869952568e-005
    vertex 343.215956510511 44.7085400656707 2.19022869952568e-005
  endloop
endfacet
facet normal -1.25724561059949e-008 2.81803734810324e-008 -1.0
  outer loop
    vertex 342.934609858458 43.6585400656708 2.19022869952568e-005
    vertex 341.115956510511 39.70854006567 2.1902286972697e-005
    vertex 342.600880751003 43.223615825179 2.19022869952568e-005
  endloop
endfacet
facet normal -1.25724561059949e-008 2.81803734810324e-008 -1.0
  outer loop
    vertex 342.600880751003 43.223615825179 2.19022869952568e-005
    vertex 341.115956510511 39.70854006567 2.1902286972697e-005
    vertex 342.165956510511 42.8898867177234 2.19022869952568e-005
  endloop
endfacet
facet normal -1.25724561059949e-008 2.81803734810324e-008 -1.0
  outer loop
    vertex 342.165956510511 42.8898867177234 2.19022869952568e-005
    vertex 341.115956510511 39.70854006567 2.1902286972697e-005
    vertex 341.659476505226 42.6800958304638 2.19022869952568e-005
  endloop
endfacet
facet normal -1.25724561059949e-008 2.81803734810324e-008 -1.0
  outer loop
    vertex 341.659476505226 42.6800958304638 2.19022869952568e-005
    vertex 341.115956510511 39.70854006567 2.1902286972697e-005
    vertex 341.115956510511 42.6085400656708 2.19022869952568e-005
  endloop
endfacet
facet normal -1.25724561059949e-008 2.81803734810324e-008 -1.0
  outer loop
    vertex 341.115956510511 42.6085400656708 2.19022869952568e-005
    vertex 341.115956510511 39.70854006567 2.1902286972697e-005
    vertex 340.572436515796 42.6800958304637 2.19022869952568e-005
  endloop
endfacet
facet normal -1.25724561059949e-008 2.81803734810324e-008 -1.0
  outer loop
    vertex 340.572436515796 42.6800958304637 2.19022869952568e-005
    vertex 341.115956510511 39.70854006567 2.1902286972697e-005
    vertex 340.46332554941 39.751315758801 2.1902286972697e-005
  endloop
endfacet
facet normal -1.25724561059949e-008 2.81803734810324e-008 -1.0
  outer loop
    vertex 340.572436515796 42.6800958304637 2.19022869952568e-005
    vertex 340.46332554941 39.751315758801 2.1902286972697e-005
    vertex 340.065956510511 42.8898867177234 2.19022869952568e-005
  endloop
endfacet
facet normal -1.25724561059949e-008 2.81803734810324e-008 -1.0
  outer loop
    vertex 340.065956510511 42.8898867177234 2.19022869952568e-005
    vertex 340.46332554941 39.751315758801 2.1902286972697e-005
    vertex 339.821861284998 39.8789109342247 2.1902286972697e-005
  endloop
endfacet
facet normal -1.25724561059949e-008 2.81803734810324e-008 -1.0
  outer loop
    vertex 340.065956510511 42.8898867177234 2.19022869952568e-005
    vertex 339.821861284998 39.8789109342247 2.1902286972697e-005
    vertex 339.631032270019 43.223615825179 2.19022869952568e-005
  endloop
endfacet
facet normal -1.25724561059949e-008 2.81803734810324e-008 -1.0
  outer loop
    vertex 339.631032270019 43.223615825179 2.19022869952568e-005
    vertex 339.821861284998 39.8789109342247 2.1902286972697e-005
    vertex 339.202539348685 40.0891424031137 2.1902286972697e-005
  endloop
endfacet
facet normal -1.25724561059949e-008 2.81803734810324e-008 -1.0
  outer loop
    vertex 339.631032270019 43.223615825179 2.19022869952568e-005
    vertex 339.202539348685 40.0891424031137 2.1902286972697e-005
    vertex 339.297303162563 43.6585400656707 2.19022869952568e-005
  endloop
endfacet
facet normal -1.25724561059949e-008 2.81803734810324e-008 -1.0
  outer loop
    vertex 339.297303162563 43.6585400656707 2.19022869952568e-005
    vertex 339.202539348685 40.0891424031137 2.1902286972697e-005
    vertex 339.087512275304 44.1650200709555 2.19022869952568e-005
  endloop
endfacet
facet normal -1.25724561059949e-008 2.81803734810324e-008 -1.0
  outer loop
    vertex 339.087512275304 44.1650200709555 2.19022869952568e-005
    vertex 339.202539348685 40.0891424031137 2.1902286972697e-005
    vertex 338.61595651051 40.378413046748 2.1902286972697e-005
  endloop
endfacet
facet normal -1.25724561059949e-008 2.81803734810324e-008 -1.0
  outer loop
    vertex 339.087512275304 44.1650200709555 2.19022869952568e-005
    vertex 338.61595651051 40.378413046748 2.1902286972697e-005
    vertex 339.015956510511 44.7085400656708 2.19022869952568e-005
  endloop
endfacet
facet normal -1.25724561059949e-008 2.81803734810324e-008 -1.0
  outer loop
    vertex 339.015956510511 44.7085400656708 2.19022869952568e-005
    vertex 338.61595651051 40.378413046748 2.1902286972697e-005
    vertex 339.015956510512 119.708540065671 2.19022870403762e-005
  endloop
endfacet
facet normal -1.25724561059949e-008 2.81803734810324e-008 -1.0
  outer loop
    vertex 339.015956510512 119.708540065671 2.19022870403762e-005
    vertex 338.61595651051 40.378413046748 2.1902286972697e-005
    vertex 338.615956510512 124.038667084593 2.19022869952568e-005
  endloop
endfacet
facet normal -1.25724561059949e-008 2.81803734810324e-008 -1.0
  outer loop
    vertex 338.615956510512 124.038667084593 2.19022869952568e-005
    vertex 338.61595651051 40.378413046748 2.1902286972697e-005
    vertex 338.072149365468 123.675306767127 2.19022869952568e-005
  endloop
endfacet
facet normal -1.25724561059949e-008 2.81803734810324e-008 -1.0
  outer loop
    vertex 338.072149365468 123.675306767127 2.19022869952568e-005
    vertex 338.61595651051 40.378413046748 2.1902286972697e-005
    vertex 338.072149365467 40.741773364214 2.1902286972697e-005
  endloop
endfacet
facet normal -1.25724561059949e-008 2.81803734810324e-008 -1.0
  outer loop
    vertex 338.072149365468 123.675306767127 2.19022869952568e-005
    vertex 338.072149365467 40.741773364214 2.1902286972697e-005
    vertex 337.580422604579 123.244073971604 2.19022869952568e-005
  endloop
endfacet
facet normal -1.25724561059949e-008 2.81803734810324e-008 -1.0
  outer loop
    vertex 337.580422604579 123.244073971604 2.19022869952568e-005
    vertex 338.072149365467 40.741773364214 2.1902286972697e-005
    vertex 337.580422604577 41.1730061597375 2.1902286972697e-005
  endloop
endfacet
facet normal -1.25724561059949e-008 2.81803734810324e-008 -1.0
  outer loop
    vertex 337.580422604579 123.244073971604 2.19022869952568e-005
    vertex 337.580422604577 41.1730061597375 2.1902286972697e-005
    vertex 337.149189809056 122.752347210714 2.19022869952568e-005
  endloop
endfacet
facet normal -1.25724561059949e-008 2.81803734810324e-008 -1.0
  outer loop
    vertex 337.149189809056 122.752347210714 2.19022869952568e-005
    vertex 337.580422604577 41.1730061597375 2.1902286972697e-005
    vertex 337.149189809054 41.6647329206268 2.1902286972697e-005
  endloop
endfacet
facet normal -1.25724561059949e-008 2.81803734810324e-008 -1.0
  outer loop
    vertex 337.149189809056 122.752347210714 2.19022869952568e-005
    vertex 337.149189809054 41.6647329206268 2.1902286972697e-005
    vertex 336.78582949159 122.208540065671 2.19022869952568e-005
  endloop
endfacet
facet normal -1.25724561059949e-008 2.81803734810324e-008 -1.0
  outer loop
    vertex 336.78582949159 122.208540065671 2.19022869952568e-005
    vertex 337.149189809054 41.6647329206268 2.1902286972697e-005
    vertex 336.785829491588 42.2085400656705 2.1902286972697e-005
  endloop
endfacet
facet normal -1.25724561059949e-008 2.81803734810324e-008 -1.0
  outer loop
    vertex 336.78582949159 122.208540065671 2.19022869952568e-005
    vertex 336.785829491588 42.2085400656705 2.1902286972697e-005
    vertex 336.496558847956 121.621957227496 2.19022869952568e-005
  endloop
endfacet
facet normal -1.25724561059949e-008 2.81803734810324e-008 -1.0
  outer loop
    vertex 336.496558847956 121.621957227496 2.19022869952568e-005
    vertex 336.785829491588 42.2085400656705 2.1902286972697e-005
    vertex 336.496558847954 42.7951229038451 2.1902286972697e-005
  endloop
endfacet
facet normal -1.25724561059949e-008 2.81803734810324e-008 -1.0
  outer loop
    vertex 336.496558847956 121.621957227496 2.19022869952568e-005
    vertex 336.496558847954 42.7951229038451 2.1902286972697e-005
    vertex 336.286327379067 121.002635291183 2.19022869952568e-005
  endloop
endfacet
facet normal -1.25724561059949e-008 2.81803734810324e-008 -1.0
  outer loop
    vertex 336.286327379067 121.002635291183 2.19022869952568e-005
    vertex 336.496558847954 42.7951229038451 2.1902286972697e-005
    vertex 336.286327379065 43.414444840158 2.1902286972697e-005
  endloop
endfacet
facet normal -1.25724561059949e-008 2.81803734810324e-008 -1.0
  outer loop
    vertex 336.286327379067 121.002635291183 2.19022869952568e-005
    vertex 336.286327379065 43.414444840158 2.1902286972697e-005
    vertex 336.158732203643 120.361171026771 2.19022869952568e-005
  endloop
endfacet
facet normal -1.25724561059949e-008 2.81803734810324e-008 -1.0
  outer loop
    vertex 336.158732203643 120.361171026771 2.19022869952568e-005
    vertex 336.286327379065 43.414444840158 2.1902286972697e-005
    vertex 336.158732203641 44.0559091045704 2.1902286972697e-005
  endloop
endfacet
facet normal -1.25724561059949e-008 2.81803734810324e-008 -1.0
  outer loop
    vertex 336.158732203643 120.361171026771 2.19022869952568e-005
    vertex 336.158732203641 44.0559091045704 2.1902286972697e-005
    vertex 336.115956510512 119.708540065671 2.19022869952568e-005
  endloop
endfacet
facet normal -1.25724561059949e-008 2.81803734810324e-008 -1.0
  outer loop
    vertex 336.115956510512 119.708540065671 2.19022869952568e-005
    vertex 336.158732203641 44.0559091045704 2.1902286972697e-005
    vertex 336.11595651051 44.7085400656708 2.1902286972697e-005
  endloop
endfacet
facet normal -1.25724561059949e-008 2.81803734810324e-008 -1.0
  outer loop
    vertex 418.615956510512 124.038667084592 2.19022872208541e-005
    vertex 418.215956510512 119.70854006567 2.19022872659735e-005
    vertex 418.029373672338 124.327937728226 2.19022872208541e-005
  endloop
endfacet
facet normal -1.25724561059949e-008 2.81803734810324e-008 -1.0
  outer loop
    vertex 418.215956510512 119.70854006567 2.19022872659735e-005
    vertex 418.615956510512 124.038667084592 2.19022872208541e-005
    vertex 418.215956510511 64.7085400656698 2.190228672454e-005
  endloop
endfacet
facet normal -1.25724561059949e-008 2.81803734810324e-008 -1.0
  outer loop
    vertex 418.029373672338 124.327937728226 2.19022872208541e-005
    vertex 418.215956510512 119.70854006567 2.19022872659735e-005
    vertex 418.144400745719 120.252060060385 2.19022872659735e-005
  endloop
endfacet
facet normal -1.25724561059949e-008 2.81803734810324e-008 -1.0
  outer loop
    vertex 418.029373672338 124.327937728226 2.19022872208541e-005
    vertex 418.144400745719 120.252060060385 2.19022872659735e-005
    vertex 417.934609858459 120.75854006567 2.19022872659735e-005
  endloop
endfacet
facet normal -1.25724561059949e-008 2.81803734810324e-008 -1.0
  outer loop
    vertex 418.029373672338 124.327937728226 2.19022872208541e-005
    vertex 417.934609858459 120.75854006567 2.19022872659735e-005
    vertex 417.410051736025 124.538169197115 2.19022872208541e-005
  endloop
endfacet
facet normal -1.25724561059949e-008 2.81803734810324e-008 -1.0
  outer loop
    vertex 417.410051736025 124.538169197115 2.19022872208541e-005
    vertex 417.934609858459 120.75854006567 2.19022872659735e-005
    vertex 417.600880751003 121.193464306162 2.19022872659735e-005
  endloop
endfacet
facet normal -1.25724561059949e-008 2.81803734810324e-008 -1.0
  outer loop
    vertex 417.410051736025 124.538169197115 2.19022872208541e-005
    vertex 417.600880751003 121.193464306162 2.19022872659735e-005
    vertex 417.165956510512 121.527193413617 2.19022872659735e-005
  endloop
endfacet
facet normal -1.25724561059949e-008 2.81803734810324e-008 -1.0
  outer loop
    vertex 417.410051736025 124.538169197115 2.19022872208541e-005
    vertex 417.165956510512 121.527193413617 2.19022872659735e-005
    vertex 416.768587471612 124.665764372539 2.19022872208541e-005
  endloop
endfacet
facet normal -1.25724561059949e-008 2.81803734810324e-008 -1.0
  outer loop
    vertex 416.768587471612 124.665764372539 2.19022872208541e-005
    vertex 417.165956510512 121.527193413617 2.19022872659735e-005
    vertex 416.659476505227 121.736984300877 2.19022872659735e-005
  endloop
endfacet
facet normal -1.25724561059949e-008 2.81803734810324e-008 -1.0
  outer loop
    vertex 416.768587471612 124.665764372539 2.19022872208541e-005
    vertex 416.659476505227 121.736984300877 2.19022872659735e-005
    vertex 416.115956510512 124.70854006567 2.19022872208541e-005
  endloop
endfacet
facet normal -1.25724561059949e-008 2.81803734810324e-008 -1.0
  outer loop
    vertex 416.115956510512 124.70854006567 2.19022872208541e-005
    vertex 416.659476505227 121.736984300877 2.19022872659735e-005
    vertex 416.115956510512 121.80854006567 2.19022872659735e-005
  endloop
endfacet
facet normal -1.25724561059949e-008 2.81803734810324e-008 -1.0
  outer loop
    vertex 416.115956510512 124.70854006567 2.19022872208541e-005
    vertex 416.115956510512 121.80854006567 2.19022872659735e-005
    vertex 341.115956510512 124.708540065671 2.19022869952568e-005
  endloop
endfacet
facet normal -1.25724561059949e-008 2.81803734810324e-008 -1.0
  outer loop
    vertex 341.115956510512 124.708540065671 2.19022869952568e-005
    vertex 416.115956510512 121.80854006567 2.19022872659735e-005
    vertex 415.572436515796 121.736984300877 2.19022872659735e-005
  endloop
endfacet
facet normal -1.25724561059949e-008 2.81803734810324e-008 -1.0
  outer loop
    vertex 341.115956510512 124.708540065671 2.19022869952568e-005
    vertex 415.572436515796 121.736984300877 2.19022872659735e-005
    vertex 415.065956510512 121.527193413617 2.19022872659735e-005
  endloop
endfacet
facet normal -1.25724561059949e-008 2.81803734810324e-008 -1.0
  outer loop
    vertex 341.115956510512 124.708540065671 2.19022869952568e-005
    vertex 415.065956510512 121.527193413617 2.19022872659735e-005
    vertex 414.63103227002 121.193464306162 2.19022872659735e-005
  endloop
endfacet
facet normal -1.25724561059949e-008 2.81803734810324e-008 -1.0
  outer loop
    vertex 341.115956510512 124.708540065671 2.19022869952568e-005
    vertex 414.63103227002 121.193464306162 2.19022872659735e-005
    vertex 414.297303162564 120.75854006567 2.19022872659735e-005
  endloop
endfacet
facet normal -1.25724561059949e-008 2.81803734810324e-008 -1.0
  outer loop
    vertex 341.115956510512 124.708540065671 2.19022869952568e-005
    vertex 414.297303162564 120.75854006567 2.19022872659735e-005
    vertex 414.087512275305 120.252060060385 2.19022872659735e-005
  endloop
endfacet
facet normal -1.25724561059949e-008 2.81803734810324e-008 -1.0
  outer loop
    vertex 341.115956510512 124.708540065671 2.19022869952568e-005
    vertex 414.087512275305 120.252060060385 2.19022872659735e-005
    vertex 414.015956510512 119.70854006567 2.19022872659735e-005
  endloop
endfacet
facet normal -1.25724561059949e-008 2.81803734810324e-008 -1.0
  outer loop
    vertex 341.115956510512 124.708540065671 2.19022869952568e-005
    vertex 414.015956510512 119.70854006567 2.19022872659735e-005
    vertex 383.041185090686 92.6753993318702 2.19180002996922e-005
  endloop
endfacet
facet normal -1.25724561059949e-008 2.81803734810324e-008 -1.0
  outer loop
    vertex 383.041185090686 92.6753993318702 2.19180002996922e-005
    vertex 414.015956510512 119.70854006567 2.19022872659735e-005
    vertex 384.052872812513 91.8451286756251 2.19180002996922e-005
  endloop
endfacet
facet normal -1.25724561059949e-008 2.81803734810324e-008 -1.0
  outer loop
    vertex 384.052872812513 91.8451286756251 2.19180002996922e-005
    vertex 414.015956510512 119.70854006567 2.19022872659735e-005
    vertex 414.015956510511 64.7085400656698 2.190228672454e-005
  endloop
endfacet
facet normal -1.25724561059949e-008 2.81803734810324e-008 -1.0
  outer loop
    vertex 384.052872812513 91.8451286756251 2.19180002996922e-005
    vertex 414.015956510511 64.7085400656698 2.190228672454e-005
    vertex 385.008092134243 90.9504681497765 2.19180002996922e-005
  endloop
endfacet
facet normal -1.25724561059949e-008 2.81803734810324e-008 -1.0
  outer loop
    vertex 385.008092134243 90.9504681497765 2.19180002996922e-005
    vertex 414.015956510511 64.7085400656698 2.190228672454e-005
    vertex 385.902752660091 89.9952488280469 2.19180002996922e-005
  endloop
endfacet
facet normal -1.25724561059949e-008 2.81803734810324e-008 -1.0
  outer loop
    vertex 385.902752660091 89.9952488280469 2.19180002996922e-005
    vertex 414.015956510511 64.7085400656698 2.190228672454e-005
    vertex 386.733023316336 88.9835611062199 2.19180002996922e-005
  endloop
endfacet
facet normal -1.25724561059949e-008 2.81803734810324e-008 -1.0
  outer loop
    vertex 386.733023316336 88.9835611062199 2.19180002996922e-005
    vertex 414.015956510511 64.7085400656698 2.190228672454e-005
    vertex 387.495348756562 87.9197371864375 2.19180002996922e-005
  endloop
endfacet
facet normal -1.25724561059949e-008 2.81803734810324e-008 -1.0
  outer loop
    vertex 387.495348756562 87.9197371864375 2.19180002996922e-005
    vertex 414.015956510511 64.7085400656698 2.190228672454e-005
    vertex 388.1864645862 86.8083325260454 2.19180002996922e-005
  endloop
endfacet
facet normal -1.25724561059949e-008 2.81803734810324e-008 -1.0
  outer loop
    vertex 388.1864645862 86.8083325260454 2.19180002996922e-005
    vertex 414.015956510511 64.7085400656698 2.190228672454e-005
    vertex 388.803411341165 85.6541063304254 2.19180002996922e-005
  endloop
endfacet
facet normal -1.25724561059949e-008 2.81803734810324e-008 -1.0
  outer loop
    vertex 388.803411341165 85.6541063304254 2.19180002996922e-005
    vertex 414.015956510511 64.7085400656698 2.190228672454e-005
    vertex 389.343547160737 84.4620011733472 2.19180002996922e-005
  endloop
endfacet
facet normal -1.25724561059949e-008 2.81803734810324e-008 -1.0
  outer loop
    vertex 389.343547160737 84.4620011733472 2.19180002996922e-005
    vertex 414.015956510511 64.7085400656698 2.190228672454e-005
    vertex 389.804559100414 83.2371218321086 2.19180002996922e-005
  endloop
endfacet
facet normal -1.25724561059949e-008 2.81803734810324e-008 -1.0
  outer loop
    vertex 389.804559100414 83.2371218321086 2.19180002996922e-005
    vertex 414.015956510511 64.7085400656698 2.190228672454e-005
    vertex 398.173754159729 59.7085400656692 6.74753196747702e-006
  endloop
endfacet
facet normal -1.25724561059949e-008 2.81803734810324e-008 -1.0
  outer loop
    vertex 389.804559100414 83.2371218321086 2.19180002996922e-005
    vertex 398.173754159729 59.7085400656692 6.74753196747702e-006
    vertex 390.184473036293 81.9847134280958 2.19180002996922e-005
  endloop
endfacet
facet normal -1.25724561059949e-008 2.81803734810324e-008 -1.0
  outer loop
    vertex 390.184473036293 81.9847134280958 2.19180002996922e-005
    vertex 398.173754159729 59.7085400656692 6.74753196747702e-006
    vertex 390.481662118576 80.710138966368 2.19180002996922e-005
  endloop
endfacet
facet normal -1.25724561059949e-008 2.81803734810324e-008 -1.0
  outer loop
    vertex 390.481662118576 80.710138966368 2.19180002996922e-005
    vertex 398.173754159729 59.7085400656692 6.74753196747702e-006
    vertex 398.173754159729 47.0083325867474 6.88728873932121e-006
  endloop
endfacet
facet normal -1.25724561059949e-008 2.81803734810324e-008 -1.0
  outer loop
    vertex 390.481662118576 80.710138966368 2.19180002996922e-005
    vertex 398.173754159729 47.0083325867474 6.88728873932121e-006
    vertex 390.694853737988 79.4188563704464 2.19180002996922e-005
  endloop
endfacet
facet normal -1.25724561059949e-008 2.81803734810324e-008 -1.0
  outer loop
    vertex 390.694853737988 79.4188563704464 2.19180002996922e-005
    vertex 398.173754159729 47.0083325867474 6.88728873932121e-006
    vertex 390.823134975283 78.1163951106482 2.19180002996922e-005
  endloop
endfacet
facet normal -1.25724561059949e-008 2.81803734810324e-008 -1.0
  outer loop
    vertex 390.823134975283 78.1163951106482 2.19180002996922e-005
    vertex 398.173754159729 47.0083325867474 6.88728873932121e-006
    vertex 392.673754250401 39.7085400656693 0.0
  endloop
endfacet
facet normal -1.25724561059949e-008 2.81803734810324e-008 -1.0
  outer loop
    vertex 390.823134975283 78.1163951106482 2.19180002996922e-005
    vertex 392.673754250401 39.7085400656693 0.0
    vertex 390.865956510511 76.8083325260455 2.19180002996922e-005
  endloop
endfacet
facet normal -1.25724561059949e-008 2.81803734810324e-008 -1.0
  outer loop
    vertex 341.115956510512 124.708540065671 2.19022869952568e-005
    vertex 383.041185090686 92.6753993318702 2.19180002996922e-005
    vertex 381.977361170904 93.4377247720965 2.19180002996922e-005
  endloop
endfacet
facet normal -1.25724561059949e-008 2.81803734810324e-008 -1.0
  outer loop
    vertex 341.115956510512 124.708540065671 2.19022869952568e-005
    vertex 381.977361170904 93.4377247720965 2.19180002996922e-005
    vertex 380.865956510512 94.1288406017344 2.19180002996922e-005
  endloop
endfacet
facet normal -1.25724561059949e-008 2.81803734810324e-008 -1.0
  outer loop
    vertex 341.115956510512 124.708540065671 2.19022869952568e-005
    vertex 380.865956510512 94.1288406017344 2.19180002996922e-005
    vertex 379.711730314892 94.7457873566994 2.19180002996922e-005
  endloop
endfacet
facet normal -1.25724561059949e-008 2.81803734810324e-008 -1.0
  outer loop
    vertex 341.115956510512 124.708540065671 2.19022869952568e-005
    vertex 379.711730314892 94.7457873566994 2.19180002996922e-005
    vertex 378.519625157813 95.2859231762714 2.19180002996922e-005
  endloop
endfacet
facet normal -1.25724561059949e-008 2.81803734810324e-008 -1.0
  outer loop
    vertex 341.115956510512 124.708540065671 2.19022869952568e-005
    vertex 378.519625157813 95.2859231762714 2.19180002996922e-005
    vertex 377.294745816575 95.7469351159477 2.19180002996922e-005
  endloop
endfacet
facet normal -1.25724561059949e-008 2.81803734810324e-008 -1.0
  outer loop
    vertex 341.115956510512 124.708540065671 2.19022869952568e-005
    vertex 377.294745816575 95.7469351159477 2.19180002996922e-005
    vertex 376.042337412562 96.126849051827 2.19180002996922e-005
  endloop
endfacet
facet normal -1.25724561059949e-008 2.81803734810324e-008 -1.0
  outer loop
    vertex 341.115956510512 124.708540065671 2.19022869952568e-005
    vertex 376.042337412562 96.126849051827 2.19180002996922e-005
    vertex 374.767762950834 96.4240381341103 2.19180002996922e-005
  endloop
endfacet
facet normal -1.25724561059949e-008 2.81803734810324e-008 -1.0
  outer loop
    vertex 341.115956510512 124.708540065671 2.19022869952568e-005
    vertex 374.767762950834 96.4240381341103 2.19180002996922e-005
    vertex 373.476480354913 96.6372297535219 2.19180002996922e-005
  endloop
endfacet
facet normal -1.25724561059949e-008 2.81803734810324e-008 -1.0
  outer loop
    vertex 341.115956510512 124.708540065671 2.19022869952568e-005
    vertex 373.476480354913 96.6372297535219 2.19180002996922e-005
    vertex 372.174019095115 96.7655109908178 2.19180002996922e-005
  endloop
endfacet
facet normal -1.25724561059949e-008 2.81803734810324e-008 -1.0
  outer loop
    vertex 341.115956510512 124.708540065671 2.19022869952568e-005
    vertex 372.174019095115 96.7655109908178 2.19180002996922e-005
    vertex 370.865956510512 96.8083325260458 2.19180002996922e-005
  endloop
endfacet
facet normal -1.25724561059949e-008 2.81803734810324e-008 -1.0
  outer loop
    vertex 341.115956510512 124.708540065671 2.19022869952568e-005
    vertex 370.865956510512 96.8083325260458 2.19180002996922e-005
    vertex 369.557893925909 96.7655109908179 2.19180002996922e-005
  endloop
endfacet
facet normal -1.25724561059949e-008 2.81803734810324e-008 -1.0
  outer loop
    vertex 341.115956510512 124.708540065671 2.19022869952568e-005
    vertex 369.557893925909 96.7655109908179 2.19180002996922e-005
    vertex 368.255432666111 96.637229753522 2.19180002996922e-005
  endloop
endfacet
facet normal -1.25724561059949e-008 2.81803734810324e-008 -1.0
  outer loop
    vertex 341.115956510512 124.708540065671 2.19022869952568e-005
    vertex 368.255432666111 96.637229753522 2.19180002996922e-005
    vertex 366.964150070189 96.4240381341104 2.19180002996922e-005
  endloop
endfacet
facet normal -1.25724561059949e-008 2.81803734810324e-008 -1.0
  outer loop
    vertex 341.115956510512 124.708540065671 2.19022869952568e-005
    vertex 366.964150070189 96.4240381341104 2.19180002996922e-005
    vertex 365.689575608461 96.1268490518272 2.19180002996922e-005
  endloop
endfacet
facet normal -1.25724561059949e-008 2.81803734810324e-008 -1.0
  outer loop
    vertex 341.115956510512 124.708540065671 2.19022869952568e-005
    vertex 365.689575608461 96.1268490518272 2.19180002996922e-005
    vertex 364.437167204448 95.746935115948 2.19180002996922e-005
  endloop
endfacet
facet normal -1.25724561059949e-008 2.81803734810324e-008 -1.0
  outer loop
    vertex 341.115956510512 124.708540065671 2.19022869952568e-005
    vertex 364.437167204448 95.746935115948 2.19180002996922e-005
    vertex 363.21228786321 95.2859231762716 2.19180002996922e-005
  endloop
endfacet
facet normal -1.25724561059949e-008 2.81803734810324e-008 -1.0
  outer loop
    vertex 341.115956510512 124.708540065671 2.19022869952568e-005
    vertex 363.21228786321 95.2859231762716 2.19180002996922e-005
    vertex 362.020182706131 94.7457873566996 2.19180002996922e-005
  endloop
endfacet
facet normal -1.25724561059949e-008 2.81803734810324e-008 -1.0
  outer loop
    vertex 341.115956510512 124.708540065671 2.19022869952568e-005
    vertex 362.020182706131 94.7457873566996 2.19180002996922e-005
    vertex 360.865956510512 94.1288406017347 2.19180002996922e-005
  endloop
endfacet
facet normal -1.25724561059949e-008 2.81803734810324e-008 -1.0
  outer loop
    vertex 341.115956510512 124.708540065671 2.19022869952568e-005
    vertex 360.865956510512 94.1288406017347 2.19180002996922e-005
    vertex 359.75455185012 93.4377247720968 2.19180002996922e-005
  endloop
endfacet
facet normal -1.25724561059949e-008 2.81803734810324e-008 -1.0
  outer loop
    vertex 341.115956510512 124.708540065671 2.19022869952568e-005
    vertex 359.75455185012 93.4377247720968 2.19180002996922e-005
    vertex 358.690727930337 92.6753993318706 2.19180002996922e-005
  endloop
endfacet
facet normal -1.25724561059949e-008 2.81803734810324e-008 -1.0
  outer loop
    vertex 341.115956510512 124.708540065671 2.19022869952568e-005
    vertex 358.690727930337 92.6753993318706 2.19180002996922e-005
    vertex 357.67904020851 91.8451286756255 2.19180002996922e-005
  endloop
endfacet
facet normal -1.25724561059949e-008 2.81803734810324e-008 -1.0
  outer loop
    vertex 341.115956510512 124.708540065671 2.19022869952568e-005
    vertex 357.67904020851 91.8451286756255 2.19180002996922e-005
    vertex 356.723820886781 90.9504681497768 2.19180002996922e-005
  endloop
endfacet
facet normal -1.25724561059949e-008 2.81803734810324e-008 -1.0
  outer loop
    vertex 341.115956510512 124.708540065671 2.19022869952568e-005
    vertex 356.723820886781 90.9504681497768 2.19180002996922e-005
    vertex 342.934609858459 120.758540065671 2.19022870403762e-005
  endloop
endfacet
facet normal -1.25724561059949e-008 2.81803734810324e-008 -1.0
  outer loop
    vertex 342.934609858459 120.758540065671 2.19022870403762e-005
    vertex 356.723820886781 90.9504681497768 2.19180002996922e-005
    vertex 355.829160360932 89.9952488280473 2.19180002996922e-005
  endloop
endfacet
facet normal -1.25724561059949e-008 2.81803734810324e-008 -1.0
  outer loop
    vertex 342.934609858459 120.758540065671 2.19022870403762e-005
    vertex 355.829160360932 89.9952488280473 2.19180002996922e-005
    vertex 343.144400745719 120.252060060386 2.19022870403762e-005
  endloop
endfacet
facet normal -1.25724561059949e-008 2.81803734810324e-008 -1.0
  outer loop
    vertex 343.144400745719 120.252060060386 2.19022870403762e-005
    vertex 355.829160360932 89.9952488280473 2.19180002996922e-005
    vertex 354.998889704687 88.9835611062203 2.19180002996922e-005
  endloop
endfacet
facet normal -1.25724561059949e-008 2.81803734810324e-008 -1.0
  outer loop
    vertex 343.144400745719 120.252060060386 2.19022870403762e-005
    vertex 354.998889704687 88.9835611062203 2.19180002996922e-005
    vertex 354.236564264461 87.919737186438 2.19180002996922e-005
  endloop
endfacet
facet normal -1.25724561059949e-008 2.81803734810324e-008 -1.0
  outer loop
    vertex 343.144400745719 120.252060060386 2.19022870403762e-005
    vertex 354.236564264461 87.919737186438 2.19180002996922e-005
    vertex 353.545448434823 86.808332526046 2.19180002996922e-005
  endloop
endfacet
facet normal -1.25724561059949e-008 2.81803734810324e-008 -1.0
  outer loop
    vertex 343.144400745719 120.252060060386 2.19022870403762e-005
    vertex 353.545448434823 86.808332526046 2.19180002996922e-005
    vertex 352.928501679858 85.654106330426 2.19180002996922e-005
  endloop
endfacet
facet normal -1.25724561059949e-008 2.81803734810324e-008 -1.0
  outer loop
    vertex 343.144400745719 120.252060060386 2.19022870403762e-005
    vertex 352.928501679858 85.654106330426 2.19180002996922e-005
    vertex 352.388365860286 84.4620011733478 2.19180002996922e-005
  endloop
endfacet
facet normal -1.25724561059949e-008 2.81803734810324e-008 -1.0
  outer loop
    vertex 343.144400745719 120.252060060386 2.19022870403762e-005
    vertex 352.388365860286 84.4620011733478 2.19180002996922e-005
    vertex 351.92735392061 83.2371218321092 2.19180002996922e-005
  endloop
endfacet
facet normal -1.25724561059949e-008 2.81803734810324e-008 -1.0
  outer loop
    vertex 343.144400745719 120.252060060386 2.19022870403762e-005
    vertex 351.92735392061 83.2371218321092 2.19180002996922e-005
    vertex 351.54743998473 81.9847134280964 2.19180002996922e-005
  endloop
endfacet
facet normal -1.25724561059949e-008 2.81803734810324e-008 -1.0
  outer loop
    vertex 343.144400745719 120.252060060386 2.19022870403762e-005
    vertex 351.54743998473 81.9847134280964 2.19180002996922e-005
    vertex 351.250250902447 80.7101389663686 2.19180002996922e-005
  endloop
endfacet
facet normal -1.25724561059949e-008 2.81803734810324e-008 -1.0
  outer loop
    vertex 343.144400745719 120.252060060386 2.19022870403762e-005
    vertex 351.250250902447 80.7101389663686 2.19180002996922e-005
    vertex 351.037059283035 79.418856370447 2.19180002996922e-005
  endloop
endfacet
facet normal -1.25724561059949e-008 2.81803734810324e-008 -1.0
  outer loop
    vertex 343.144400745719 120.252060060386 2.19022870403762e-005
    vertex 351.037059283035 79.418856370447 2.19180002996922e-005
    vertex 350.908778045739 78.1163951106489 2.19180002996922e-005
  endloop
endfacet
facet normal -1.25724561059949e-008 2.81803734810324e-008 -1.0
  outer loop
    vertex 343.144400745719 120.252060060386 2.19022870403762e-005
    vertex 350.908778045739 78.1163951106489 2.19180002996922e-005
    vertex 350.865956510512 76.8083325260461 2.19180002996922e-005
  endloop
endfacet
facet normal -1.25724561059949e-008 2.81803734810324e-008 -1.0
  outer loop
    vertex 343.144400745719 120.252060060386 2.19022870403762e-005
    vertex 350.865956510512 76.8083325260461 2.19180002996922e-005
    vertex 343.215956510512 119.708540065671 2.19022870403762e-005
  endloop
endfacet
facet normal -1.25724561059949e-008 2.81803734810324e-008 -1.0
  outer loop
    vertex 343.215956510512 119.708540065671 2.19022870403762e-005
    vertex 350.865956510512 76.8083325260461 2.19180002996922e-005
    vertex 343.215956510511 44.7085400656707 2.19022869952568e-005
  endloop
endfacet
facet normal -1.25724561059949e-008 2.81803734810324e-008 -1.0
  outer loop
    vertex 341.115956510512 124.708540065671 2.19022869952568e-005
    vertex 342.934609858459 120.758540065671 2.19022870403762e-005
    vertex 342.600880751004 121.193464306162 2.19022870403762e-005
  endloop
endfacet
facet normal -1.25724561059949e-008 2.81803734810324e-008 -1.0
  outer loop
    vertex 341.115956510512 124.708540065671 2.19022869952568e-005
    vertex 342.600880751004 121.193464306162 2.19022870403762e-005
    vertex 342.165956510512 121.527193413618 2.19022870403762e-005
  endloop
endfacet
facet normal -1.25724561059949e-008 2.81803734810324e-008 -1.0
  outer loop
    vertex 341.115956510512 124.708540065671 2.19022869952568e-005
    vertex 342.165956510512 121.527193413618 2.19022870403762e-005
    vertex 341.659476505227 121.736984300878 2.19022870403762e-005
  endloop
endfacet
facet normal -1.25724561059949e-008 2.81803734810324e-008 -1.0
  outer loop
    vertex 341.115956510512 124.708540065671 2.19022869952568e-005
    vertex 341.659476505227 121.736984300878 2.19022870403762e-005
    vertex 341.115956510512 121.808540065671 2.19022870403762e-005
  endloop
endfacet
facet normal -1.25724561059949e-008 2.81803734810324e-008 -1.0
  outer loop
    vertex 341.115956510512 124.708540065671 2.19022869952568e-005
    vertex 341.115956510512 121.808540065671 2.19022870403762e-005
    vertex 340.572436515797 121.736984300878 2.19022870403762e-005
  endloop
endfacet
facet normal -1.25724561059949e-008 2.81803734810324e-008 -1.0
  outer loop
    vertex 341.115956510512 124.708540065671 2.19022869952568e-005
    vertex 340.572436515797 121.736984300878 2.19022870403762e-005
    vertex 340.463325549412 124.66576437254 2.19022869952568e-005
  endloop
endfacet
facet normal -1.25724561059949e-008 2.81803734810324e-008 -1.0
  outer loop
    vertex 340.463325549412 124.66576437254 2.19022869952568e-005
    vertex 340.572436515797 121.736984300878 2.19022870403762e-005
    vertex 340.065956510512 121.527193413618 2.19022870403762e-005
  endloop
endfacet
facet normal -1.25724561059949e-008 2.81803734810324e-008 -1.0
  outer loop
    vertex 340.463325549412 124.66576437254 2.19022869952568e-005
    vertex 340.065956510512 121.527193413618 2.19022870403762e-005
    vertex 339.821861285 124.538169197116 2.19022869952568e-005
  endloop
endfacet
facet normal -1.25724561059949e-008 2.81803734810324e-008 -1.0
  outer loop
    vertex 339.821861285 124.538169197116 2.19022869952568e-005
    vertex 340.065956510512 121.527193413618 2.19022870403762e-005
    vertex 339.63103227002 121.193464306163 2.19022870403762e-005
  endloop
endfacet
facet normal -1.25724561059949e-008 2.81803734810324e-008 -1.0
  outer loop
    vertex 339.821861285 124.538169197116 2.19022869952568e-005
    vertex 339.63103227002 121.193464306163 2.19022870403762e-005
    vertex 339.202539348687 124.327937728227 2.19022869952568e-005
  endloop
endfacet
facet normal -1.25724561059949e-008 2.81803734810324e-008 -1.0
  outer loop
    vertex 339.202539348687 124.327937728227 2.19022869952568e-005
    vertex 339.63103227002 121.193464306163 2.19022870403762e-005
    vertex 339.297303162565 120.758540065671 2.19022870403762e-005
  endloop
endfacet
facet normal -1.25724561059949e-008 2.81803734810324e-008 -1.0
  outer loop
    vertex 339.202539348687 124.327937728227 2.19022869952568e-005
    vertex 339.297303162565 120.758540065671 2.19022870403762e-005
    vertex 339.087512275305 120.252060060386 2.19022870403762e-005
  endloop
endfacet
facet normal -1.25724561059949e-008 2.81803734810324e-008 -1.0
  outer loop
    vertex 339.202539348687 124.327937728227 2.19022869952568e-005
    vertex 339.087512275305 120.252060060386 2.19022870403762e-005
    vertex 338.615956510512 124.038667084593 2.19022869952568e-005
  endloop
endfacet
facet normal -1.25724561059949e-008 2.81803734810324e-008 -1.0
  outer loop
    vertex 338.615956510512 124.038667084593 2.19022869952568e-005
    vertex 339.087512275305 120.252060060386 2.19022870403762e-005
    vertex 339.015956510512 119.708540065671 2.19022870403762e-005
  endloop
endfacet
facet normal -1.25724561059949e-008 2.81803734810324e-008 -1.0
  outer loop
    vertex 343.144400745718 45.252060060386 2.19022869952568e-005
    vertex 343.215956510512 119.708540065671 2.19022870403762e-005
    vertex 343.215956510511 44.7085400656707 2.19022869952568e-005
  endloop
endfacet
facet normal -1.25724561059949e-008 2.81803734810324e-008 -1.0
  outer loop
    vertex 343.215956510512 119.708540065671 2.19022870403762e-005
    vertex 343.144400745718 45.252060060386 2.19022869952568e-005
    vertex 343.144400745719 119.165020070955 2.19022870403762e-005
  endloop
endfacet
facet normal -1.25724561059949e-008 2.81803734810324e-008 -1.0
  outer loop
    vertex 343.144400745719 119.165020070955 2.19022870403762e-005
    vertex 343.144400745718 45.252060060386 2.19022869952568e-005
    vertex 342.934609858459 45.7585400656708 2.19022869952568e-005
  endloop
endfacet
facet normal -1.25724561059949e-008 2.81803734810324e-008 -1.0
  outer loop
    vertex 343.144400745719 119.165020070955 2.19022870403762e-005
    vertex 342.934609858459 45.7585400656708 2.19022869952568e-005
    vertex 342.934609858459 118.658540065671 2.19022870403762e-005
  endloop
endfacet
facet normal -1.25724561059949e-008 2.81803734810324e-008 -1.0
  outer loop
    vertex 342.934609858459 118.658540065671 2.19022870403762e-005
    vertex 342.934609858459 45.7585400656708 2.19022869952568e-005
    vertex 342.600880751003 46.1934643061625 2.19022869952568e-005
  endloop
endfacet
facet normal -1.25724561059949e-008 2.81803734810324e-008 -1.0
  outer loop
    vertex 342.934609858459 118.658540065671 2.19022870403762e-005
    vertex 342.600880751003 46.1934643061625 2.19022869952568e-005
    vertex 342.600880751004 118.223615825179 2.19022870403762e-005
  endloop
endfacet
facet normal -1.25724561059949e-008 2.81803734810324e-008 -1.0
  outer loop
    vertex 342.600880751004 118.223615825179 2.19022870403762e-005
    vertex 342.600880751003 46.1934643061625 2.19022869952568e-005
    vertex 342.165956510511 46.5271934136181 2.19022869952568e-005
  endloop
endfacet
facet normal -1.25724561059949e-008 2.81803734810324e-008 -1.0
  outer loop
    vertex 342.600880751004 118.223615825179 2.19022870403762e-005
    vertex 342.165956510511 46.5271934136181 2.19022869952568e-005
    vertex 342.165956510512 117.889886717723 2.19022870403762e-005
  endloop
endfacet
facet normal -1.25724561059949e-008 2.81803734810324e-008 -1.0
  outer loop
    vertex 342.165956510512 117.889886717723 2.19022870403762e-005
    vertex 342.165956510511 46.5271934136181 2.19022869952568e-005
    vertex 341.659476505227 117.680095830464 2.19022870403762e-005
  endloop
endfacet
facet normal -1.25724561059949e-008 2.81803734810324e-008 -1.0
  outer loop
    vertex 341.659476505227 117.680095830464 2.19022870403762e-005
    vertex 342.165956510511 46.5271934136181 2.19022869952568e-005
    vertex 341.659476505226 46.7369843008779 2.19022869952568e-005
  endloop
endfacet
facet normal -1.25724561059949e-008 2.81803734810324e-008 -1.0
  outer loop
    vertex 341.659476505227 117.680095830464 2.19022870403762e-005
    vertex 341.659476505226 46.7369843008779 2.19022869952568e-005
    vertex 341.115956510512 117.608540065671 2.19022870403762e-005
  endloop
endfacet
facet normal -1.25724561059949e-008 2.81803734810324e-008 -1.0
  outer loop
    vertex 341.115956510512 117.608540065671 2.19022870403762e-005
    vertex 341.659476505226 46.7369843008779 2.19022869952568e-005
    vertex 341.115956510511 46.8085400656708 2.19022869952568e-005
  endloop
endfacet
facet normal -1.25724561059949e-008 2.81803734810324e-008 -1.0
  outer loop
    vertex 341.115956510512 117.608540065671 2.19022870403762e-005
    vertex 341.115956510511 46.8085400656708 2.19022869952568e-005
    vertex 340.572436515797 117.680095830464 2.19022870403762e-005
  endloop
endfacet
facet normal -1.25724561059949e-008 2.81803734810324e-008 -1.0
  outer loop
    vertex 340.572436515797 117.680095830464 2.19022870403762e-005
    vertex 341.115956510511 46.8085400656708 2.19022869952568e-005
    vertex 340.572436515796 46.7369843008778 2.19022869952568e-005
  endloop
endfacet
facet normal -1.25724561059949e-008 2.81803734810324e-008 -1.0
  outer loop
    vertex 340.572436515797 117.680095830464 2.19022870403762e-005
    vertex 340.572436515796 46.7369843008778 2.19022869952568e-005
    vertex 340.065956510512 117.889886717723 2.19022870403762e-005
  endloop
endfacet
facet normal -1.25724561059949e-008 2.81803734810324e-008 -1.0
  outer loop
    vertex 340.065956510512 117.889886717723 2.19022870403762e-005
    vertex 340.572436515796 46.7369843008778 2.19022869952568e-005
    vertex 340.065956510511 46.5271934136181 2.19022869952568e-005
  endloop
endfacet
facet normal -1.25724561059949e-008 2.81803734810324e-008 -1.0
  outer loop
    vertex 340.065956510512 117.889886717723 2.19022870403762e-005
    vertex 340.065956510511 46.5271934136181 2.19022869952568e-005
    vertex 339.63103227002 118.223615825179 2.19022870403762e-005
  endloop
endfacet
facet normal -1.25724561059949e-008 2.81803734810324e-008 -1.0
  outer loop
    vertex 339.63103227002 118.223615825179 2.19022870403762e-005
    vertex 340.065956510511 46.5271934136181 2.19022869952568e-005
    vertex 339.631032270019 46.1934643061625 2.19022869952568e-005
  endloop
endfacet
facet normal -1.25724561059949e-008 2.81803734810324e-008 -1.0
  outer loop
    vertex 339.63103227002 118.223615825179 2.19022870403762e-005
    vertex 339.631032270019 46.1934643061625 2.19022869952568e-005
    vertex 339.297303162565 118.658540065671 2.19022870403762e-005
  endloop
endfacet
facet normal -1.25724561059949e-008 2.81803734810324e-008 -1.0
  outer loop
    vertex 339.297303162565 118.658540065671 2.19022870403762e-005
    vertex 339.631032270019 46.1934643061625 2.19022869952568e-005
    vertex 339.297303162564 45.7585400656708 2.19022869952568e-005
  endloop
endfacet
facet normal -1.25724561059949e-008 2.81803734810324e-008 -1.0
  outer loop
    vertex 339.297303162565 118.658540065671 2.19022870403762e-005
    vertex 339.297303162564 45.7585400656708 2.19022869952568e-005
    vertex 339.087512275304 45.2520600603862 2.19022869952568e-005
  endloop
endfacet
facet normal -1.25724561059949e-008 2.81803734810324e-008 -1.0
  outer loop
    vertex 339.297303162565 118.658540065671 2.19022870403762e-005
    vertex 339.087512275304 45.2520600603862 2.19022869952568e-005
    vertex 339.087512275305 119.165020070956 2.19022870403762e-005
  endloop
endfacet
facet normal -1.25724561059949e-008 2.81803734810324e-008 -1.0
  outer loop
    vertex 339.087512275305 119.165020070956 2.19022870403762e-005
    vertex 339.087512275304 45.2520600603862 2.19022869952568e-005
    vertex 339.015956510511 44.7085400656708 2.19022869952568e-005
  endloop
endfacet
facet normal -1.25724561059949e-008 2.81803734810324e-008 -1.0
  outer loop
    vertex 339.087512275305 119.165020070956 2.19022870403762e-005
    vertex 339.015956510511 44.7085400656708 2.19022869952568e-005
    vertex 339.015956510512 119.708540065671 2.19022870403762e-005
  endloop
endfacet
facet normal 1.0 3.69159248624437e-015 3.00796424805114e-014
  outer loop
    vertex 421.115956510512 64.7085400656697 3.00002190228663
    vertex 421.115956510512 119.70854006567 2.19022872208541e-005
    vertex 421.115956510512 119.70854006567 3.00002190228717
  endloop
endfacet
facet normal 1.0 3.69159248624437e-015 3.00796424805114e-014
  outer loop
    vertex 421.115956510512 119.70854006567 2.19022872208541e-005
    vertex 421.115956510512 64.7085400656697 3.00002190228663
    vertex 421.115956510512 64.7085400656696 2.19022871757346e-005
  endloop
endfacet
facet normal -0.9978589232386 0.0654031292301983 0.0
  outer loop
    vertex 336.115956510512 119.708540065671 2.19022869952568e-005
    vertex 336.158732203643 120.361171026771 3.00002190228717
    vertex 336.158732203643 120.361171026771 2.19022869952568e-005
  endloop
endfacet
facet normal -0.9978589232386 0.0654031292301983 0.0
  outer loop
    vertex 336.158732203643 120.361171026771 3.00002190228717
    vertex 336.115956510512 119.708540065671 2.19022869952568e-005
    vertex 336.115956510512 119.708540065671 3.00002190228717
  endloop
endfacet
facet normal -0.980785280403211 0.195090322016225 0.0
  outer loop
    vertex 336.158732203643 120.361171026771 2.19022869952568e-005
    vertex 336.286327379067 121.002635291183 3.00002190228717
    vertex 336.286327379067 121.002635291183 2.19022869952568e-005
  endloop
endfacet
facet normal -0.980785280403211 0.195090322016225 0.0
  outer loop
    vertex 336.286327379067 121.002635291183 3.00002190228717
    vertex 336.158732203643 120.361171026771 2.19022869952568e-005
    vertex 336.158732203643 120.361171026771 3.00002190228717
  endloop
endfacet
facet normal -0.946930129495099 0.32143946530318 0.0
  outer loop
    vertex 336.286327379067 121.002635291183 2.19022869952568e-005
    vertex 336.496558847956 121.621957227496 3.00002190228717
    vertex 336.496558847956 121.621957227496 2.19022869952568e-005
  endloop
endfacet
facet normal -0.946930129495099 0.32143946530318 0.0
  outer loop
    vertex 336.496558847956 121.621957227496 3.00002190228717
    vertex 336.286327379067 121.002635291183 2.19022869952568e-005
    vertex 336.286327379067 121.002635291183 3.00002190228717
  endloop
endfacet
facet normal -0.89687274153272 0.442288690218938 0.0
  outer loop
    vertex 336.496558847956 121.621957227496 2.19022869952568e-005
    vertex 336.78582949159 122.208540065671 3.00002190228717
    vertex 336.78582949159 122.208540065671 2.19022869952568e-005
  endloop
endfacet
facet normal -0.89687274153272 0.442288690218938 0.0
  outer loop
    vertex 336.78582949159 122.208540065671 3.00002190228717
    vertex 336.496558847956 121.621957227496 2.19022869952568e-005
    vertex 336.496558847956 121.621957227496 3.00002190228717
  endloop
endfacet
facet normal -0.831469612302513 0.55557023301965 0.0
  outer loop
    vertex 336.78582949159 122.208540065671 2.19022869952568e-005
    vertex 337.149189809056 122.752347210714 3.00002190228717
    vertex 337.149189809056 122.752347210714 2.19022869952568e-005
  endloop
endfacet
facet normal -0.831469612302513 0.55557023301965 0.0
  outer loop
    vertex 337.149189809056 122.752347210714 3.00002190228717
    vertex 336.78582949159 122.208540065671 2.19022869952568e-005
    vertex 336.78582949159 122.208540065671 3.00002190228717
  endloop
endfacet
facet normal -0.751839807478966 0.659345815100082 0.0
  outer loop
    vertex 337.149189809056 122.752347210714 2.19022869952568e-005
    vertex 337.580422604579 123.244073971604 3.00002190228717
    vertex 337.580422604579 123.244073971604 2.19022869952568e-005
  endloop
endfacet
facet normal -0.751839807478966 0.659345815100082 0.0
  outer loop
    vertex 337.580422604579 123.244073971604 3.00002190228717
    vertex 337.149189809056 122.752347210714 2.19022869952568e-005
    vertex 337.149189809056 122.752347210714 3.00002190228717
  endloop
endfacet
facet normal -0.65934581510006 0.751839807478985 0.0
  outer loop
    vertex 337.580422604579 123.244073971604 3.00002190228717
    vertex 338.072149365468 123.675306767127 2.19022869952568e-005
    vertex 337.580422604579 123.244073971604 2.19022869952568e-005
  endloop
endfacet
facet normal -0.65934581510006 0.751839807478985 0.0
  outer loop
    vertex 338.072149365468 123.675306767127 2.19022869952568e-005
    vertex 337.580422604579 123.244073971604 3.00002190228717
    vertex 338.072149365468 123.675306767127 3.00002190228717
  endloop
endfacet
facet normal -0.555570233019626 0.831469612302529 0.0
  outer loop
    vertex 338.072149365468 123.675306767127 3.00002190228717
    vertex 338.615956510512 124.038667084593 2.19022869952568e-005
    vertex 338.072149365468 123.675306767127 2.19022869952568e-005
  endloop
endfacet
facet normal -0.555570233019626 0.831469612302529 0.0
  outer loop
    vertex 338.615956510512 124.038667084593 2.19022869952568e-005
    vertex 338.072149365468 123.675306767127 3.00002190228717
    vertex 338.615956510512 124.038667084593 3.00002190228717
  endloop
endfacet
facet normal -0.442288690218903 0.896872741532737 0.0
  outer loop
    vertex 338.615956510512 124.038667084593 3.00002190228717
    vertex 339.202539348687 124.327937728227 2.19022869952568e-005
    vertex 338.615956510512 124.038667084593 2.19022869952568e-005
  endloop
endfacet
facet normal -0.442288690218903 0.896872741532737 0.0
  outer loop
    vertex 339.202539348687 124.327937728227 2.19022869952568e-005
    vertex 338.615956510512 124.038667084593 3.00002190228717
    vertex 339.202539348687 124.327937728227 3.00002190228717
  endloop
endfacet
facet normal -0.32143946530318 0.946930129495099 0.0
  outer loop
    vertex 339.202539348687 124.327937728227 3.00002190228717
    vertex 339.821861285 124.538169197116 2.19022869952568e-005
    vertex 339.202539348687 124.327937728227 2.19022869952568e-005
  endloop
endfacet
facet normal -0.32143946530318 0.946930129495099 0.0
  outer loop
    vertex 339.821861285 124.538169197116 2.19022869952568e-005
    vertex 339.202539348687 124.327937728227 3.00002190228717
    vertex 339.821861285 124.538169197116 3.00002190228717
  endloop
endfacet
facet normal -0.195090322016125 0.980785280403231 0.0
  outer loop
    vertex 339.821861285 124.538169197116 3.00002190228717
    vertex 340.463325549412 124.66576437254 2.19022869952568e-005
    vertex 339.821861285 124.538169197116 2.19022869952568e-005
  endloop
endfacet
facet normal -0.195090322016125 0.980785280403231 0.0
  outer loop
    vertex 340.463325549412 124.66576437254 2.19022869952568e-005
    vertex 339.821861285 124.538169197116 3.00002190228717
    vertex 340.463325549412 124.66576437254 3.00002190228717
  endloop
endfacet
facet normal -0.0654031292301639 0.997858923238602 0.0
  outer loop
    vertex 340.463325549412 124.66576437254 3.00002190228717
    vertex 341.115956510512 124.708540065671 2.19022869952568e-005
    vertex 340.463325549412 124.66576437254 2.19022869952568e-005
  endloop
endfacet
facet normal -0.0654031292301639 0.997858923238602 0.0
  outer loop
    vertex 341.115956510512 124.708540065671 2.19022869952568e-005
    vertex 340.463325549412 124.66576437254 3.00002190228717
    vertex 341.115956510512 124.708540065671 3.00002190228717
  endloop
endfacet
facet normal -0.065403129230159 -0.997858923238602 0.0
  outer loop
    vertex 341.115956510511 39.70854006567 3.00002190228717
    vertex 340.46332554941 39.751315758801 2.1902286972697e-005
    vertex 341.115956510511 39.70854006567 2.1902286972697e-005
  endloop
endfacet
facet normal -0.065403129230159 -0.997858923238602 0.0
  outer loop
    vertex 340.46332554941 39.751315758801 2.1902286972697e-005
    vertex 341.115956510511 39.70854006567 3.00002190228717
    vertex 340.46332554941 39.751315758801 3.00002190228717
  endloop
endfacet
facet normal -0.195090322016135 -0.980785280403229 0.0
  outer loop
    vertex 340.46332554941 39.751315758801 3.00002190228717
    vertex 339.821861284998 39.8789109342247 2.1902286972697e-005
    vertex 340.46332554941 39.751315758801 2.1902286972697e-005
  endloop
endfacet
facet normal -0.195090322016135 -0.980785280403229 0.0
  outer loop
    vertex 339.821861284998 39.8789109342247 2.1902286972697e-005
    vertex 340.46332554941 39.751315758801 3.00002190228717
    vertex 339.821861284998 39.8789109342247 3.00002190228717
  endloop
endfacet
facet normal -0.321439465303166 -0.946930129495104 0.0
  outer loop
    vertex 339.821861284998 39.8789109342247 3.00002190228717
    vertex 339.202539348685 40.0891424031137 2.1902286972697e-005
    vertex 339.821861284998 39.8789109342247 2.1902286972697e-005
  endloop
endfacet
facet normal -0.321439465303166 -0.946930129495104 0.0
  outer loop
    vertex 339.202539348685 40.0891424031137 2.1902286972697e-005
    vertex 339.821861284998 39.8789109342247 3.00002190228717
    vertex 339.202539348685 40.0891424031137 3.00002190228717
  endloop
endfacet
facet normal -0.442288690219008 -0.896872741532685 0.0
  outer loop
    vertex 339.202539348685 40.0891424031137 3.00002190228717
    vertex 338.61595651051 40.378413046748 2.1902286972697e-005
    vertex 339.202539348685 40.0891424031137 2.1902286972697e-005
  endloop
endfacet
facet normal -0.442288690219008 -0.896872741532685 0.0
  outer loop
    vertex 338.61595651051 40.378413046748 2.1902286972697e-005
    vertex 339.202539348685 40.0891424031137 3.00002190228717
    vertex 338.61595651051 40.378413046748 3.00002190228717
  endloop
endfacet
facet normal -0.55557023301966 -0.831469612302507 0.0
  outer loop
    vertex 338.61595651051 40.378413046748 3.00002190228717
    vertex 338.072149365467 40.741773364214 2.1902286972697e-005
    vertex 338.61595651051 40.378413046748 2.1902286972697e-005
  endloop
endfacet
facet normal -0.55557023301966 -0.831469612302507 0.0
  outer loop
    vertex 338.072149365467 40.741773364214 2.1902286972697e-005
    vertex 338.61595651051 40.378413046748 3.00002190228717
    vertex 338.072149365467 40.741773364214 3.00002190228717
  endloop
endfacet
facet normal -0.65934581510005 -0.751839807478994 0.0
  outer loop
    vertex 338.072149365467 40.741773364214 3.00002190228717
    vertex 337.580422604577 41.1730061597375 2.1902286972697e-005
    vertex 338.072149365467 40.741773364214 2.1902286972697e-005
  endloop
endfacet
facet normal -0.65934581510005 -0.751839807478994 0.0
  outer loop
    vertex 337.580422604577 41.1730061597375 2.1902286972697e-005
    vertex 338.072149365467 40.741773364214 3.00002190228717
    vertex 337.580422604577 41.1730061597375 3.00002190228717
  endloop
endfacet
facet normal -0.751839807479022 -0.659345815100018 0.0
  outer loop
    vertex 337.580422604577 41.1730061597375 2.1902286972697e-005
    vertex 337.149189809054 41.6647329206268 3.00002190228717
    vertex 337.149189809054 41.6647329206268 2.1902286972697e-005
  endloop
endfacet
facet normal -0.751839807479022 -0.659345815100018 0.0
  outer loop
    vertex 337.149189809054 41.6647329206268 3.00002190228717
    vertex 337.580422604577 41.1730061597375 2.1902286972697e-005
    vertex 337.580422604577 41.1730061597375 3.00002190228717
  endloop
endfacet
facet normal -0.831469612302529 -0.555570233019626 0.0
  outer loop
    vertex 337.149189809054 41.6647329206268 2.1902286972697e-005
    vertex 336.785829491588 42.2085400656705 3.00002190228717
    vertex 336.785829491588 42.2085400656705 2.1902286972697e-005
  endloop
endfacet
facet normal -0.831469612302529 -0.555570233019626 0.0
  outer loop
    vertex 336.785829491588 42.2085400656705 3.00002190228717
    vertex 337.149189809054 41.6647329206268 2.1902286972697e-005
    vertex 337.149189809054 41.6647329206268 3.00002190228717
  endloop
endfacet
facet normal -0.896872741532694 -0.442288690218991 0.0
  outer loop
    vertex 336.785829491588 42.2085400656705 2.1902286972697e-005
    vertex 336.496558847954 42.7951229038451 3.00002190228717
    vertex 336.496558847954 42.7951229038451 2.1902286972697e-005
  endloop
endfacet
facet normal -0.896872741532694 -0.442288690218991 0.0
  outer loop
    vertex 336.496558847954 42.7951229038451 3.00002190228717
    vertex 336.785829491588 42.2085400656705 2.1902286972697e-005
    vertex 336.785829491588 42.2085400656705 3.00002190228717
  endloop
endfacet
facet normal -0.946930129495091 -0.321439465303205 0.0
  outer loop
    vertex 336.496558847954 42.7951229038451 2.1902286972697e-005
    vertex 336.286327379065 43.414444840158 3.00002190228717
    vertex 336.286327379065 43.414444840158 2.1902286972697e-005
  endloop
endfacet
facet normal -0.946930129495091 -0.321439465303205 0.0
  outer loop
    vertex 336.286327379065 43.414444840158 3.00002190228717
    vertex 336.496558847954 42.7951229038451 2.1902286972697e-005
    vertex 336.496558847954 42.7951229038451 3.00002190228717
  endloop
endfacet
facet normal -0.980785280403259 -0.195090322015986 0.0
  outer loop
    vertex 336.286327379065 43.414444840158 2.1902286972697e-005
    vertex 336.158732203641 44.0559091045704 3.00002190228717
    vertex 336.158732203641 44.0559091045704 2.1902286972697e-005
  endloop
endfacet
facet normal -0.980785280403259 -0.195090322015986 0.0
  outer loop
    vertex 336.158732203641 44.0559091045704 3.00002190228717
    vertex 336.286327379065 43.414444840158 2.1902286972697e-005
    vertex 336.286327379065 43.414444840158 3.00002190228717
  endloop
endfacet
facet normal -0.997858923238599 -0.0654031292302076 0.0
  outer loop
    vertex 336.158732203641 44.0559091045704 2.1902286972697e-005
    vertex 336.11595651051 44.7085400656708 3.00002190228717
    vertex 336.11595651051 44.7085400656708 2.1902286972697e-005
  endloop
endfacet
facet normal -0.997858923238599 -0.0654031292302076 0.0
  outer loop
    vertex 336.11595651051 44.7085400656708 3.00002190228717
    vertex 336.158732203641 44.0559091045704 2.1902286972697e-005
    vertex 336.158732203641 44.0559091045704 3.00002190228717
  endloop
endfacet
facet normal 0.0654031292301856 0.997858923238601 0.0
  outer loop
    vertex 416.115956510512 124.70854006567 3.00002190228717
    vertex 416.768587471612 124.665764372539 2.19022872208541e-005
    vertex 416.115956510512 124.70854006567 2.19022872208541e-005
  endloop
endfacet
facet normal 0.0654031292301856 0.997858923238601 0.0
  outer loop
    vertex 416.768587471612 124.665764372539 2.19022872208541e-005
    vertex 416.115956510512 124.70854006567 3.00002190228717
    vertex 416.768587471612 124.665764372539 3.00002190228717
  endloop
endfacet
facet normal 0.195090322016089 0.980785280403238 0.0
  outer loop
    vertex 416.768587471612 124.665764372539 3.00002190228717
    vertex 417.410051736025 124.538169197115 2.19022872208541e-005
    vertex 416.768587471612 124.665764372539 2.19022872208541e-005
  endloop
endfacet
facet normal 0.195090322016089 0.980785280403238 0.0
  outer loop
    vertex 417.410051736025 124.538169197115 2.19022872208541e-005
    vertex 416.768587471612 124.665764372539 3.00002190228717
    vertex 417.410051736025 124.538169197115 3.00002190228717
  endloop
endfacet
facet normal 0.321439465303201 0.946930129495092 0.0
  outer loop
    vertex 417.410051736025 124.538169197115 3.00002190228717
    vertex 418.029373672338 124.327937728226 2.19022872208541e-005
    vertex 417.410051736025 124.538169197115 2.19022872208541e-005
  endloop
endfacet
facet normal 0.321439465303201 0.946930129495092 0.0
  outer loop
    vertex 418.029373672338 124.327937728226 2.19022872208541e-005
    vertex 417.410051736025 124.538169197115 3.00002190228717
    vertex 418.029373672338 124.327937728226 3.00002190228717
  endloop
endfacet
facet normal 0.442288690219007 0.896872741532685 0.0
  outer loop
    vertex 418.029373672338 124.327937728226 3.00002190228717
    vertex 418.615956510512 124.038667084592 2.19022872208541e-005
    vertex 418.029373672338 124.327937728226 2.19022872208541e-005
  endloop
endfacet
facet normal 0.442288690219007 0.896872741532685 0.0
  outer loop
    vertex 418.615956510512 124.038667084592 2.19022872208541e-005
    vertex 418.029373672338 124.327937728226 3.00002190228717
    vertex 418.615956510512 124.038667084592 3.00002190228717
  endloop
endfacet
facet normal 0.555570233019582 0.831469612302558 0.0
  outer loop
    vertex 418.615956510512 124.038667084592 3.00002190228717
    vertex 419.159763655556 123.675306767126 2.19022872208541e-005
    vertex 418.615956510512 124.038667084592 2.19022872208541e-005
  endloop
endfacet
facet normal 0.555570233019582 0.831469612302558 0.0
  outer loop
    vertex 419.159763655556 123.675306767126 2.19022872208541e-005
    vertex 418.615956510512 124.038667084592 3.00002190228717
    vertex 419.159763655556 123.675306767126 3.00002190228717
  endloop
endfacet
facet normal 0.659345815100157 0.7518398074789 0.0
  outer loop
    vertex 419.159763655556 123.675306767126 3.00002190228717
    vertex 419.651490416445 123.244073971602 2.19022872208541e-005
    vertex 419.159763655556 123.675306767126 2.19022872208541e-005
  endloop
endfacet
facet normal 0.659345815100157 0.7518398074789 0.0
  outer loop
    vertex 419.651490416445 123.244073971602 2.19022872208541e-005
    vertex 419.159763655556 123.675306767126 3.00002190228717
    vertex 419.651490416445 123.244073971602 3.00002190228717
  endloop
endfacet
facet normal 0.751839807478926 0.659345815100128 0.0
  outer loop
    vertex 420.082723211968 122.752347210713 3.00002190228717
    vertex 419.651490416445 123.244073971602 2.19022872208541e-005
    vertex 419.651490416445 123.244073971602 3.00002190228717
  endloop
endfacet
facet normal 0.751839807478926 0.659345815100128 0.0
  outer loop
    vertex 419.651490416445 123.244073971602 2.19022872208541e-005
    vertex 420.082723211968 122.752347210713 3.00002190228717
    vertex 420.082723211968 122.752347210713 2.19022872208541e-005
  endloop
endfacet
facet normal 0.831469612302516 0.555570233019646 0.0
  outer loop
    vertex 420.446083529434 122.20854006567 3.00002190228717
    vertex 420.082723211968 122.752347210713 2.19022872208541e-005
    vertex 420.082723211968 122.752347210713 3.00002190228717
  endloop
endfacet
facet normal 0.831469612302516 0.555570233019646 0.0
  outer loop
    vertex 420.082723211968 122.752347210713 2.19022872208541e-005
    vertex 420.446083529434 122.20854006567 3.00002190228717
    vertex 420.446083529434 122.20854006567 2.19022872208541e-005
  endloop
endfacet
facet normal 0.896872741532723 0.442288690218931 0.0
  outer loop
    vertex 420.735354173068 121.621957227495 3.00002190228717
    vertex 420.446083529434 122.20854006567 2.19022872208541e-005
    vertex 420.446083529434 122.20854006567 3.00002190228717
  endloop
endfacet
facet normal 0.896872741532723 0.442288690218931 0.0
  outer loop
    vertex 420.446083529434 122.20854006567 2.19022872208541e-005
    vertex 420.735354173068 121.621957227495 3.00002190228717
    vertex 420.735354173068 121.621957227495 2.19022872208541e-005
  endloop
endfacet
facet normal 0.946930129495087 0.321439465303216 0.0
  outer loop
    vertex 420.945585641957 121.002635291182 3.00002190228717
    vertex 420.735354173068 121.621957227495 2.19022872208541e-005
    vertex 420.735354173068 121.621957227495 3.00002190228717
  endloop
endfacet
facet normal 0.946930129495087 0.321439465303216 0.0
  outer loop
    vertex 420.735354173068 121.621957227495 2.19022872208541e-005
    vertex 420.945585641957 121.002635291182 3.00002190228717
    vertex 420.945585641957 121.002635291182 2.19022872208541e-005
  endloop
endfacet
facet normal 0.980785280403249 0.195090322016036 0.0
  outer loop
    vertex 421.073180817381 120.36117102677 3.00002190228717
    vertex 420.945585641957 121.002635291182 2.19022872208541e-005
    vertex 420.945585641957 121.002635291182 3.00002190228717
  endloop
endfacet
facet normal 0.980785280403249 0.195090322016036 0.0
  outer loop
    vertex 420.945585641957 121.002635291182 2.19022872208541e-005
    vertex 421.073180817381 120.36117102677 3.00002190228717
    vertex 421.073180817381 120.36117102677 2.19022872208541e-005
  endloop
endfacet
facet normal 0.997858923238603 0.0654031292301467 0.0
  outer loop
    vertex 421.115956510512 119.70854006567 3.00002190228717
    vertex 421.073180817381 120.36117102677 2.19022872208541e-005
    vertex 421.073180817381 120.36117102677 3.00002190228717
  endloop
endfacet
facet normal 0.997858923238603 0.0654031292301467 0.0
  outer loop
    vertex 421.073180817381 120.36117102677 2.19022872208541e-005
    vertex 421.115956510512 119.70854006567 3.00002190228717
    vertex 421.115956510512 119.70854006567 2.19022872208541e-005
  endloop
endfacet
facet normal 0.997858923238588 -0.0654031292303782 6.19978757153222e-014
  outer loop
    vertex 421.073180817381 64.0559091045694 3.00002190228663
    vertex 421.115956510512 64.7085400656696 2.19022871757346e-005
    vertex 421.115956510512 64.7085400656697 3.00002190228663
  endloop
endfacet
facet normal 0.997858923238588 -0.0654031292303782 6.19978757153222e-014
  outer loop
    vertex 421.115956510512 64.7085400656696 2.19022871757346e-005
    vertex 421.073180817381 64.0559091045694 3.00002190228663
    vertex 421.073180817381 64.0559091045693 2.19022871757346e-005
  endloop
endfacet
facet normal 0.980785280403269 -0.195090322015937 6.48744727129631e-014
  outer loop
    vertex 420.945585641957 63.4144448401569 3.00002190228663
    vertex 421.073180817381 64.0559091045693 2.19022871757346e-005
    vertex 421.073180817381 64.0559091045694 3.00002190228663
  endloop
endfacet
facet normal 0.980785280403269 -0.195090322015937 6.48744727129631e-014
  outer loop
    vertex 421.073180817381 64.0559091045693 2.19022871757346e-005
    vertex 420.945585641957 63.4144448401569 3.00002190228663
    vertex 420.945585641957 63.4144448401568 2.19022871757346e-005
  endloop
endfacet
facet normal 0.946930129495074 -0.321439465303254 6.66387161721696e-014
  outer loop
    vertex 420.735354173068 62.795122903844 3.00002190228663
    vertex 420.945585641957 63.4144448401568 2.19022871757346e-005
    vertex 420.945585641957 63.4144448401569 3.00002190228663
  endloop
endfacet
facet normal 0.946930129495074 -0.321439465303254 6.66387161721696e-014
  outer loop
    vertex 420.945585641957 63.4144448401568 2.19022871757346e-005
    vertex 420.735354173068 62.795122903844 3.00002190228663
    vertex 420.735354173069 62.7951229038439 2.19022871757346e-005
  endloop
endfacet
facet normal 0.896872741532625 -0.442288690219129 6.72619738699751e-014
  outer loop
    vertex 420.446083529434 62.2085400656694 3.00002190228663
    vertex 420.735354173069 62.7951229038439 2.19022871757346e-005
    vertex 420.735354173068 62.795122903844 3.00002190228663
  endloop
endfacet
facet normal 0.896872741532625 -0.442288690219129 6.72619738699751e-014
  outer loop
    vertex 420.735354173069 62.7951229038439 2.19022871757346e-005
    vertex 420.446083529434 62.2085400656694 3.00002190228663
    vertex 420.446083529434 62.2085400656693 2.19022871757346e-005
  endloop
endfacet
facet normal 0.83146961230266 -0.555570233019431 6.67343605463256e-014
  outer loop
    vertex 420.082723211968 61.6647329206257 3.00002190228663
    vertex 420.446083529434 62.2085400656693 2.19022871757346e-005
    vertex 420.446083529434 62.2085400656694 3.00002190228663
  endloop
endfacet
facet normal 0.83146961230266 -0.555570233019431 6.67343605463256e-014
  outer loop
    vertex 420.446083529434 62.2085400656693 2.19022871757346e-005
    vertex 420.082723211968 61.6647329206257 3.00002190228663
    vertex 420.082723211968 61.6647329206256 2.19022871757346e-005
  endloop
endfacet
facet normal 0.751839807478933 -0.65934581510012 6.50590604801207e-014
  outer loop
    vertex 419.651490416444 61.1730061597365 3.00002190228663
    vertex 420.082723211968 61.6647329206256 2.19022871757346e-005
    vertex 420.082723211968 61.6647329206257 3.00002190228663
  endloop
endfacet
facet normal 0.751839807478933 -0.65934581510012 6.50590604801207e-014
  outer loop
    vertex 420.082723211968 61.6647329206256 2.19022871757346e-005
    vertex 419.651490416444 61.1730061597365 3.00002190228663
    vertex 419.651490416445 61.1730061597364 2.19022871757346e-005
  endloop
endfacet
facet normal 0.659345815099939 -0.751839807479092 6.22887307316204e-014
  outer loop
    vertex 419.651490416444 61.1730061597365 3.00002190228663
    vertex 419.159763655555 60.7417733642128 2.19022871757346e-005
    vertex 419.651490416445 61.1730061597364 2.19022871757346e-005
  endloop
endfacet
facet normal 0.659345815099939 -0.751839807479092 6.22887307316204e-014
  outer loop
    vertex 419.159763655555 60.7417733642128 2.19022871757346e-005
    vertex 419.651490416444 61.1730061597365 3.00002190228663
    vertex 419.159763655555 60.7417733642129 3.00002190228663
  endloop
endfacet
facet normal 0.5555702330197 -0.83146961230248 5.84294501672818e-014
  outer loop
    vertex 419.159763655555 60.7417733642129 3.00002190228663
    vertex 418.615956510511 60.3784130467468 2.19022871757346e-005
    vertex 419.159763655555 60.7417733642128 2.19022871757346e-005
  endloop
endfacet
facet normal 0.5555702330197 -0.83146961230248 5.84294501672818e-014
  outer loop
    vertex 418.615956510511 60.3784130467468 2.19022871757346e-005
    vertex 419.159763655555 60.7417733642129 3.00002190228663
    vertex 418.615956510511 60.3784130467469 3.00002190228663
  endloop
endfacet
facet normal 0.442288690219049 -0.896872741532665 5.35890827071014e-014
  outer loop
    vertex 418.615956510511 60.3784130467469 3.00002190228663
    vertex 418.029373672337 60.0891424031125 2.19022871757346e-005
    vertex 418.615956510511 60.3784130467468 2.19022871757346e-005
  endloop
endfacet
facet normal 0.442288690219049 -0.896872741532665 5.35890827071014e-014
  outer loop
    vertex 418.029373672337 60.0891424031125 2.19022871757346e-005
    vertex 418.615956510511 60.3784130467469 3.00002190228663
    vertex 418.029373672336 60.0891424031126 3.00002190228663
  endloop
endfacet
facet normal 0.321439465303091 -0.94693012949513 4.78179693847623e-014
  outer loop
    vertex 418.029373672336 60.0891424031126 3.00002190228663
    vertex 417.410051736024 59.8789109342236 2.19022871757346e-005
    vertex 418.029373672337 60.0891424031125 2.19022871757346e-005
  endloop
endfacet
facet normal 0.321439465303091 -0.94693012949513 4.78179693847623e-014
  outer loop
    vertex 417.410051736024 59.8789109342236 2.19022871757346e-005
    vertex 418.029373672336 60.0891424031126 3.00002190228663
    vertex 417.410051736023 59.8789109342237 3.00002190228663
  endloop
endfacet
facet normal 0.19509032201617 -0.980785280403222 4.12424917356291e-014
  outer loop
    vertex 417.410051736023 59.8789109342237 3.00002190228663
    vertex 416.768587471611 59.7513157587999 2.19022871757346e-005
    vertex 417.410051736024 59.8789109342236 2.19022871757346e-005
  endloop
endfacet
facet normal 0.19509032201617 -0.980785280403222 4.12424917356291e-014
  outer loop
    vertex 416.768587471611 59.7513157587999 2.19022871757346e-005
    vertex 417.410051736023 59.8789109342237 3.00002190228663
    vertex 416.768587471611 59.7513157588 3.00002190228663
  endloop
endfacet
facet normal 0.0654031292300989 -0.997858923238606 3.3949711862235e-014
  outer loop
    vertex 416.768587471611 59.7513157588 3.00002190228663
    vertex 416.115956510511 59.708540065669 2.19022871757346e-005
    vertex 416.768587471611 59.7513157587999 2.19022871757346e-005
  endloop
endfacet
facet normal 0.0654031292300989 -0.997858923238606 3.3949711862235e-014
  outer loop
    vertex 416.115956510511 59.708540065669 2.19022871757346e-005
    vertex 416.768587471611 59.7513157588 3.00002190228663
    vertex 416.115956510511 59.708540065669 3.00002190228663
  endloop
endfacet
facet normal -1.72825816305679e-013 0.707106781186773 0.707106781186323
  outer loop
    vertex 347.365956510511 49.5083324654832 4.00002191485413
    vertex 396.615956510489 50.5083324654886 3.00002191486021
    vertex 347.365956510511 50.5083324654832 3.00002191485414
  endloop
endfacet
facet normal -1.72825816305679e-013 0.707106781186773 0.707106781186323
  outer loop
    vertex 396.615956510489 50.5083324654886 3.00002191486021
    vertex 347.365956510511 49.5083324654832 4.00002191485413
    vertex 391.615956510489 49.5083324654887 4.0000219148602
  endloop
endfacet
facet normal 1.50236659276787e-006 0.599987744539299 -0.800009191447441
  outer loop
    vertex 396.615956510489 47.0083337400267 8.60002191486155
    vertex 347.365956510511 51.0085443277567 11.5999916205451
    vertex 396.615956510489 51.0083368033868 11.6000219148661
  endloop
endfacet
facet normal 1.50236659276787e-006 0.599987744539299 -0.800009191447441
  outer loop
    vertex 347.365956510511 51.0085443277567 11.5999916205451
    vertex 396.615956510489 47.0083337400267 8.60002191486155
    vertex 347.365956510511 47.0083324654833 8.60002191485415
  endloop
endfacet
facet normal 1.0 -2.25597318603832e-014 -2.25597318603832e-014
  outer loop
    vertex 347.365956510511 48.5083324654832 3.00002191485414
    vertex 347.365956510511 50.5083324654832 3.00002191485414
    vertex 347.365956510511 49.5083324654832 4.00002191485413
  endloop
endfacet
facet normal -1.23391426799867e-013 1.46884552369781e-027 1.0
  outer loop
    vertex 396.615956510489 50.5083324654886 3.00002191486021
    vertex 347.365956510511 48.5083324654832 3.00002191485414
    vertex 396.615956510489 48.5083324654886 3.00002191486021
  endloop
endfacet
facet normal -1.23391426799867e-013 1.46884552369781e-027 1.0
  outer loop
    vertex 347.365956510511 48.5083324654832 3.00002191485414
    vertex 396.615956510489 50.5083324654886 3.00002191486021
    vertex 347.365956510511 50.5083324654832 3.00002191485414
  endloop
endfacet
facet normal 6.03250778058854e-012 -1.54303747618928e-011 1.0
  outer loop
    vertex 391.61595651049 101.608332586747 3.00002191485996
    vertex 390.823134975283 78.1163951106482 3.00002191800032
    vertex 390.865956510511 76.8083325260455 3.00002191800032
  endloop
endfacet
facet normal 6.03250778058854e-012 -1.54303747618928e-011 1.0
  outer loop
    vertex 390.823134975283 78.1163951106482 3.00002191800032
    vertex 391.61595651049 101.608332586747 3.00002191485996
    vertex 390.694853737988 79.4188563704464 3.00002191800032
  endloop
endfacet
facet normal 6.03250778058854e-012 -1.54303747618928e-011 1.0
  outer loop
    vertex 390.694853737988 79.4188563704464 3.00002191800032
    vertex 391.61595651049 101.608332586747 3.00002191485996
    vertex 390.481662118576 80.710138966368 3.00002191800032
  endloop
endfacet
facet normal 6.03250778058854e-012 -1.54303747618928e-011 1.0
  outer loop
    vertex 390.481662118576 80.710138966368 3.00002191800032
    vertex 391.61595651049 101.608332586747 3.00002191485996
    vertex 390.184473036293 81.9847134280958 3.00002191800032
  endloop
endfacet
facet normal 6.03250778058854e-012 -1.54303747618928e-011 1.0
  outer loop
    vertex 390.184473036293 81.9847134280958 3.00002191800032
    vertex 391.61595651049 101.608332586747 3.00002191485996
    vertex 389.804559100414 83.2371218321086 3.00002191800032
  endloop
endfacet
facet normal 6.03250778058854e-012 -1.54303747618928e-011 1.0
  outer loop
    vertex 389.804559100414 83.2371218321086 3.00002191800032
    vertex 391.61595651049 101.608332586747 3.00002191485996
    vertex 389.343547160737 84.4620011733472 3.00002191800032
  endloop
endfacet
facet normal 6.03250778058854e-012 -1.54303747618928e-011 1.0
  outer loop
    vertex 389.343547160737 84.4620011733472 3.00002191800032
    vertex 391.61595651049 101.608332586747 3.00002191485996
    vertex 388.803411341165 85.6541063304254 3.00002191800032
  endloop
endfacet
facet normal 6.03250778058854e-012 -1.54303747618928e-011 1.0
  outer loop
    vertex 388.803411341165 85.6541063304254 3.00002191800032
    vertex 391.61595651049 101.608332586747 3.00002191485996
    vertex 388.1864645862 86.8083325260454 3.00002191800032
  endloop
endfacet
facet normal 6.03250778058854e-012 -1.54303747618928e-011 1.0
  outer loop
    vertex 388.1864645862 86.8083325260454 3.00002191800032
    vertex 391.61595651049 101.608332586747 3.00002191485996
    vertex 387.495348756562 87.9197371864375 3.00002191800032
  endloop
endfacet
facet normal 6.03250778058854e-012 -1.54303747618928e-011 1.0
  outer loop
    vertex 387.495348756562 87.9197371864375 3.00002191800032
    vertex 391.61595651049 101.608332586747 3.00002191485996
    vertex 386.733023316336 88.9835611062199 3.00002191800032
  endloop
endfacet
facet normal 6.03250778058854e-012 -1.54303747618928e-011 1.0
  outer loop
    vertex 386.733023316336 88.9835611062199 3.00002191800032
    vertex 391.61595651049 101.608332586747 3.00002191485996
    vertex 385.902752660091 89.9952488280469 3.00002191800032
  endloop
endfacet
facet normal 6.03250778058854e-012 -1.54303747618928e-011 1.0
  outer loop
    vertex 385.902752660091 89.9952488280469 3.00002191800032
    vertex 391.61595651049 101.608332586747 3.00002191485996
    vertex 385.008092134243 90.9504681497765 3.00002191800032
  endloop
endfacet
facet normal 6.03250778058854e-012 -1.54303747618928e-011 1.0
  outer loop
    vertex 385.008092134243 90.9504681497765 3.00002191800032
    vertex 391.61595651049 101.608332586747 3.00002191485996
    vertex 384.052872812513 91.8451286756251 3.00002191800032
  endloop
endfacet
facet normal 6.03250778058854e-012 -1.54303747618928e-011 1.0
  outer loop
    vertex 384.052872812513 91.8451286756251 3.00002191800032
    vertex 391.61595651049 101.608332586747 3.00002191485996
    vertex 383.041185090686 92.6753993318702 3.00002191800032
  endloop
endfacet
facet normal 6.03250778058854e-012 -1.54303747618928e-011 1.0
  outer loop
    vertex 383.041185090686 92.6753993318702 3.00002191800032
    vertex 391.61595651049 101.608332586747 3.00002191485996
    vertex 381.977361170904 93.4377247720965 3.00002191800032
  endloop
endfacet
facet normal 6.03250778058854e-012 -1.54303747618928e-011 1.0
  outer loop
    vertex 381.977361170904 93.4377247720965 3.00002191800032
    vertex 391.61595651049 101.608332586747 3.00002191485996
    vertex 380.865956510512 94.1288406017344 3.00002191800032
  endloop
endfacet
facet normal 6.03250778058854e-012 -1.54303747618928e-011 1.0
  outer loop
    vertex 380.865956510512 94.1288406017344 3.00002191800032
    vertex 391.61595651049 101.608332586747 3.00002191485996
    vertex 379.711730314892 94.7457873566994 3.00002191800032
  endloop
endfacet
facet normal 6.03250778058854e-012 -1.54303747618928e-011 1.0
  outer loop
    vertex 379.711730314892 94.7457873566994 3.00002191800032
    vertex 391.61595651049 101.608332586747 3.00002191485996
    vertex 378.519625157813 95.2859231762714 3.00002191800032
  endloop
endfacet
facet normal 6.03250778058854e-012 -1.54303747618928e-011 1.0
  outer loop
    vertex 378.519625157813 95.2859231762714 3.00002191800032
    vertex 391.61595651049 101.608332586747 3.00002191485996
    vertex 377.294745816575 95.7469351159477 3.00002191800032
  endloop
endfacet
facet normal 6.03250778058854e-012 -1.54303747618928e-011 1.0
  outer loop
    vertex 377.294745816575 95.7469351159477 3.00002191800032
    vertex 391.61595651049 101.608332586747 3.00002191485996
    vertex 376.042337412562 96.126849051827 3.00002191800032
  endloop
endfacet
facet normal 6.03250778058854e-012 -1.54303747618928e-011 1.0
  outer loop
    vertex 376.042337412562 96.126849051827 3.00002191800032
    vertex 391.61595651049 101.608332586747 3.00002191485996
    vertex 374.767762950834 96.4240381341103 3.00002191800032
  endloop
endfacet
facet normal 6.03250778058854e-012 -1.54303747618928e-011 1.0
  outer loop
    vertex 374.767762950834 96.4240381341103 3.00002191800032
    vertex 391.61595651049 101.608332586747 3.00002191485996
    vertex 350.365956510512 101.608332465483 3.00002191485398
  endloop
endfacet
facet normal 6.03250778058854e-012 -1.54303747618928e-011 1.0
  outer loop
    vertex 374.767762950834 96.4240381341103 3.00002191800032
    vertex 350.365956510512 101.608332465483 3.00002191485398
    vertex 373.476480354913 96.6372297535219 3.00002191800032
  endloop
endfacet
facet normal 6.03250778058854e-012 -1.54303747618928e-011 1.0
  outer loop
    vertex 373.476480354913 96.6372297535219 3.00002191800032
    vertex 350.365956510512 101.608332465483 3.00002191485398
    vertex 372.174019095115 96.7655109908178 3.00002191800032
  endloop
endfacet
facet normal 6.03250778058854e-012 -1.54303747618928e-011 1.0
  outer loop
    vertex 372.174019095115 96.7655109908178 3.00002191800032
    vertex 350.365956510512 101.608332465483 3.00002191485398
    vertex 370.865956510512 96.8083325260458 3.00002191800032
  endloop
endfacet
facet normal 6.03250778058854e-012 -1.54303747618928e-011 1.0
  outer loop
    vertex 370.865956510512 96.8083325260458 3.00002191800032
    vertex 350.365956510512 101.608332465483 3.00002191485398
    vertex 369.557893925909 96.7655109908179 3.00002191800032
  endloop
endfacet
facet normal 6.03250778058854e-012 -1.54303747618928e-011 1.0
  outer loop
    vertex 369.557893925909 96.7655109908179 3.00002191800032
    vertex 350.365956510512 101.608332465483 3.00002191485398
    vertex 368.255432666111 96.637229753522 3.00002191800032
  endloop
endfacet
facet normal 6.03250778058854e-012 -1.54303747618928e-011 1.0
  outer loop
    vertex 368.255432666111 96.637229753522 3.00002191800032
    vertex 350.365956510512 101.608332465483 3.00002191485398
    vertex 366.964150070189 96.4240381341104 3.00002191800032
  endloop
endfacet
facet normal 6.03250778058854e-012 -1.54303747618928e-011 1.0
  outer loop
    vertex 366.964150070189 96.4240381341104 3.00002191800032
    vertex 350.365956510512 101.608332465483 3.00002191485398
    vertex 365.689575608461 96.1268490518272 3.00002191800032
  endloop
endfacet
facet normal 6.03250778058854e-012 -1.54303747618928e-011 1.0
  outer loop
    vertex 365.689575608461 96.1268490518272 3.00002191800032
    vertex 350.365956510512 101.608332465483 3.00002191485398
    vertex 364.437167204448 95.746935115948 3.00002191800032
  endloop
endfacet
facet normal 6.03250778058854e-012 -1.54303747618928e-011 1.0
  outer loop
    vertex 364.437167204448 95.746935115948 3.00002191800032
    vertex 350.365956510512 101.608332465483 3.00002191485398
    vertex 363.21228786321 95.2859231762716 3.00002191800032
  endloop
endfacet
facet normal 6.03250778058854e-012 -1.54303747618928e-011 1.0
  outer loop
    vertex 363.21228786321 95.2859231762716 3.00002191800032
    vertex 350.365956510512 101.608332465483 3.00002191485398
    vertex 362.020182706131 94.7457873566996 3.00002191800032
  endloop
endfacet
facet normal 6.03250778058854e-012 -1.54303747618928e-011 1.0
  outer loop
    vertex 362.020182706131 94.7457873566996 3.00002191800032
    vertex 350.365956510512 101.608332465483 3.00002191485398
    vertex 360.865956510512 94.1288406017347 3.00002191800032
  endloop
endfacet
facet normal 6.03250778058854e-012 -1.54303747618928e-011 1.0
  outer loop
    vertex 360.865956510512 94.1288406017347 3.00002191800032
    vertex 350.365956510512 101.608332465483 3.00002191485398
    vertex 359.75455185012 93.4377247720968 3.00002191800032
  endloop
endfacet
facet normal 6.03250778058854e-012 -1.54303747618928e-011 1.0
  outer loop
    vertex 359.75455185012 93.4377247720968 3.00002191800032
    vertex 350.365956510512 101.608332465483 3.00002191485398
    vertex 358.690727930337 92.6753993318706 3.00002191800032
  endloop
endfacet
facet normal 6.03250778058854e-012 -1.54303747618928e-011 1.0
  outer loop
    vertex 358.690727930337 92.6753993318706 3.00002191800032
    vertex 350.365956510512 101.608332465483 3.00002191485398
    vertex 357.67904020851 91.8451286756255 3.00002191800032
  endloop
endfacet
facet normal 6.03250778058854e-012 -1.54303747618928e-011 1.0
  outer loop
    vertex 357.67904020851 91.8451286756255 3.00002191800032
    vertex 350.365956510512 101.608332465483 3.00002191485398
    vertex 356.723820886781 90.9504681497768 3.00002191800032
  endloop
endfacet
facet normal 6.03250778058854e-012 -1.54303747618928e-011 1.0
  outer loop
    vertex 356.723820886781 90.9504681497768 3.00002191800032
    vertex 350.365956510512 101.608332465483 3.00002191485398
    vertex 355.829160360932 89.9952488280473 3.00002191800032
  endloop
endfacet
facet normal 6.03250778058854e-012 -1.54303747618928e-011 1.0
  outer loop
    vertex 355.829160360932 89.9952488280473 3.00002191800032
    vertex 350.365956510512 101.608332465483 3.00002191485398
    vertex 354.998889704687 88.9835611062203 3.00002191800032
  endloop
endfacet
facet normal 6.03250778058854e-012 -1.54303747618928e-011 1.0
  outer loop
    vertex 354.998889704687 88.9835611062203 3.00002191800032
    vertex 350.365956510512 101.608332465483 3.00002191485398
    vertex 354.236564264461 87.919737186438 3.00002191800032
  endloop
endfacet
facet normal 6.03250778058854e-012 -1.54303747618928e-011 1.0
  outer loop
    vertex 354.236564264461 87.919737186438 3.00002191800032
    vertex 350.365956510512 101.608332465483 3.00002191485398
    vertex 353.545448434823 86.808332526046 3.00002191800032
  endloop
endfacet
facet normal 6.03250778058854e-012 -1.54303747618928e-011 1.0
  outer loop
    vertex 353.545448434823 86.808332526046 3.00002191800032
    vertex 350.365956510512 101.608332465483 3.00002191485398
    vertex 352.928501679858 85.654106330426 3.00002191800032
  endloop
endfacet
facet normal 6.03250778058854e-012 -1.54303747618928e-011 1.0
  outer loop
    vertex 352.928501679858 85.654106330426 3.00002191800032
    vertex 350.365956510512 101.608332465483 3.00002191485398
    vertex 352.388365860286 84.4620011733478 3.00002191800032
  endloop
endfacet
facet normal 6.03250778058854e-012 -1.54303747618928e-011 1.0
  outer loop
    vertex 352.388365860286 84.4620011733478 3.00002191800032
    vertex 350.365956510512 101.608332465483 3.00002191485398
    vertex 351.92735392061 83.2371218321092 3.00002191800032
  endloop
endfacet
facet normal 6.03250778058854e-012 -1.54303747618928e-011 1.0
  outer loop
    vertex 351.92735392061 83.2371218321092 3.00002191800032
    vertex 350.365956510512 101.608332465483 3.00002191485398
    vertex 351.54743998473 81.9847134280964 3.00002191800032
  endloop
endfacet
facet normal 6.03250778058854e-012 -1.54303747618928e-011 1.0
  outer loop
    vertex 351.54743998473 81.9847134280964 3.00002191800032
    vertex 350.365956510512 101.608332465483 3.00002191485398
    vertex 351.250250902447 80.7101389663686 3.00002191800032
  endloop
endfacet
facet normal 6.03250778058854e-012 -1.54303747618928e-011 1.0
  outer loop
    vertex 351.250250902447 80.7101389663686 3.00002191800032
    vertex 350.365956510512 101.608332465483 3.00002191485398
    vertex 351.037059283035 79.418856370447 3.00002191800032
  endloop
endfacet
facet normal 6.03250778058854e-012 -1.54303747618928e-011 1.0
  outer loop
    vertex 351.037059283035 79.418856370447 3.00002191800032
    vertex 350.365956510512 101.608332465483 3.00002191485398
    vertex 350.908778045739 78.1163951106489 3.00002191800032
  endloop
endfacet
facet normal 6.03250778058854e-012 -1.54303747618928e-011 1.0
  outer loop
    vertex 350.908778045739 78.1163951106489 3.00002191800032
    vertex 350.365956510512 101.608332465483 3.00002191485398
    vertex 350.865956510512 76.8083325260461 3.00002191800032
  endloop
endfacet
facet normal 6.03250778058854e-012 -1.54303747618928e-011 1.0
  outer loop
    vertex 396.615956510489 52.0083325867475 3.00002191486021
    vertex 396.615956510489 50.5083324654886 3.00002191486021
    vertex 396.615956510489 48.5083324654886 3.00002191486021
  endloop
endfacet
facet normal 6.03250778058854e-012 -1.54303747618928e-011 1.0
  outer loop
    vertex 396.615956510489 50.5083324654886 3.00002191486021
    vertex 396.615956510489 52.0083325867475 3.00002191486021
    vertex 391.615956510489 52.0083325867476 3.00002191486021
  endloop
endfacet
facet normal 6.03250778058854e-012 -1.54303747618928e-011 1.0
  outer loop
    vertex 396.615956510489 50.5083324654886 3.00002191486021
    vertex 391.615956510489 52.0083325867476 3.00002191486021
    vertex 347.365956510511 50.5083324654832 3.00002191485414
  endloop
endfacet
facet normal 6.03250778058854e-012 -1.54303747618928e-011 1.0
  outer loop
    vertex 347.365956510511 50.5083324654832 3.00002191485414
    vertex 391.615956510489 52.0083325867476 3.00002191486021
    vertex 376.042337412561 57.4898160002644 3.00002191800032
  endloop
endfacet
facet normal 6.03250778058854e-012 -1.54303747618928e-011 1.0
  outer loop
    vertex 376.042337412561 57.4898160002644 3.00002191800032
    vertex 391.615956510489 52.0083325867476 3.00002191486021
    vertex 377.294745816574 57.8697299361436 3.00002191800032
  endloop
endfacet
facet normal 6.03250778058854e-012 -1.54303747618928e-011 1.0
  outer loop
    vertex 377.294745816574 57.8697299361436 3.00002191800032
    vertex 391.615956510489 52.0083325867476 3.00002191486021
    vertex 378.519625157813 58.33074187582 3.00002191800032
  endloop
endfacet
facet normal 6.03250778058854e-012 -1.54303747618928e-011 1.0
  outer loop
    vertex 378.519625157813 58.33074187582 3.00002191800032
    vertex 391.615956510489 52.0083325867476 3.00002191486021
    vertex 379.711730314891 58.8708776953919 3.00002191800032
  endloop
endfacet
facet normal 6.03250778058854e-012 -1.54303747618928e-011 1.0
  outer loop
    vertex 379.711730314891 58.8708776953919 3.00002191800032
    vertex 391.615956510489 52.0083325867476 3.00002191486021
    vertex 380.865956510511 59.4878244503569 3.00002191800032
  endloop
endfacet
facet normal 6.03250778058854e-012 -1.54303747618928e-011 1.0
  outer loop
    vertex 380.865956510511 59.4878244503569 3.00002191800032
    vertex 391.615956510489 52.0083325867476 3.00002191486021
    vertex 381.977361170903 60.1789402799948 3.00002191800032
  endloop
endfacet
facet normal 6.03250778058854e-012 -1.54303747618928e-011 1.0
  outer loop
    vertex 381.977361170903 60.1789402799948 3.00002191800032
    vertex 391.615956510489 52.0083325867476 3.00002191486021
    vertex 383.041185090685 60.9412657202209 3.00002191800032
  endloop
endfacet
facet normal 6.03250778058854e-012 -1.54303747618928e-011 1.0
  outer loop
    vertex 383.041185090685 60.9412657202209 3.00002191800032
    vertex 391.615956510489 52.0083325867476 3.00002191486021
    vertex 384.052872812512 61.7715363764661 3.00002191800032
  endloop
endfacet
facet normal 6.03250778058854e-012 -1.54303747618928e-011 1.0
  outer loop
    vertex 384.052872812512 61.7715363764661 3.00002191800032
    vertex 391.615956510489 52.0083325867476 3.00002191486021
    vertex 385.008092134242 62.6661969023147 3.00002191800032
  endloop
endfacet
facet normal 6.03250778058854e-012 -1.54303747618928e-011 1.0
  outer loop
    vertex 385.008092134242 62.6661969023147 3.00002191800032
    vertex 391.615956510489 52.0083325867476 3.00002191486021
    vertex 385.902752660091 63.6214162240442 3.00002191800032
  endloop
endfacet
facet normal 6.03250778058854e-012 -1.54303747618928e-011 1.0
  outer loop
    vertex 385.902752660091 63.6214162240442 3.00002191800032
    vertex 391.615956510489 52.0083325867476 3.00002191486021
    vertex 386.733023316336 64.6331039458712 3.00002191800032
  endloop
endfacet
facet normal 6.03250778058854e-012 -1.54303747618928e-011 1.0
  outer loop
    vertex 386.733023316336 64.6331039458712 3.00002191800032
    vertex 391.615956510489 52.0083325867476 3.00002191486021
    vertex 387.495348756562 65.6969278656535 3.00002191800032
  endloop
endfacet
facet normal 6.03250778058854e-012 -1.54303747618928e-011 1.0
  outer loop
    vertex 387.495348756562 65.6969278656535 3.00002191800032
    vertex 391.615956510489 52.0083325867476 3.00002191486021
    vertex 388.1864645862 66.8083325260456 3.00002191800032
  endloop
endfacet
facet normal 6.03250778058854e-012 -1.54303747618928e-011 1.0
  outer loop
    vertex 388.1864645862 66.8083325260456 3.00002191800032
    vertex 391.615956510489 52.0083325867476 3.00002191486021
    vertex 388.803411341165 67.9625587216655 3.00002191800032
  endloop
endfacet
facet normal 6.03250778058854e-012 -1.54303747618928e-011 1.0
  outer loop
    vertex 388.803411341165 67.9625587216655 3.00002191800032
    vertex 391.615956510489 52.0083325867476 3.00002191486021
    vertex 389.343547160737 69.1546638787437 3.00002191800032
  endloop
endfacet
facet normal 6.03250778058854e-012 -1.54303747618928e-011 1.0
  outer loop
    vertex 389.343547160737 69.1546638787437 3.00002191800032
    vertex 391.615956510489 52.0083325867476 3.00002191486021
    vertex 389.804559100413 70.3795432199823 3.00002191800032
  endloop
endfacet
facet normal 6.03250778058854e-012 -1.54303747618928e-011 1.0
  outer loop
    vertex 389.804559100413 70.3795432199823 3.00002191800032
    vertex 391.615956510489 52.0083325867476 3.00002191486021
    vertex 390.184473036293 71.6319516239951 3.00002191800032
  endloop
endfacet
facet normal 6.03250778058854e-012 -1.54303747618928e-011 1.0
  outer loop
    vertex 390.184473036293 71.6319516239951 3.00002191800032
    vertex 391.615956510489 52.0083325867476 3.00002191486021
    vertex 390.481662118576 72.906526085723 3.00002191800032
  endloop
endfacet
facet normal 6.03250778058854e-012 -1.54303747618928e-011 1.0
  outer loop
    vertex 390.481662118576 72.906526085723 3.00002191800032
    vertex 391.615956510489 52.0083325867476 3.00002191486021
    vertex 390.694853737988 74.1978086816445 3.00002191800032
  endloop
endfacet
facet normal 6.03250778058854e-012 -1.54303747618928e-011 1.0
  outer loop
    vertex 390.694853737988 74.1978086816445 3.00002191800032
    vertex 391.615956510489 52.0083325867476 3.00002191486021
    vertex 390.823134975283 75.5002699414426 3.00002191800032
  endloop
endfacet
facet normal 6.03250778058854e-012 -1.54303747618928e-011 1.0
  outer loop
    vertex 390.823134975283 75.5002699414426 3.00002191800032
    vertex 391.615956510489 52.0083325867476 3.00002191486021
    vertex 390.865956510511 76.8083325260455 3.00002191800032
  endloop
endfacet
facet normal 6.03250778058854e-012 -1.54303747618928e-011 1.0
  outer loop
    vertex 390.865956510511 76.8083325260455 3.00002191800032
    vertex 391.615956510489 52.0083325867476 3.00002191486021
    vertex 391.61595651049 101.608332586747 3.00002191485996
  endloop
endfacet
facet normal 6.03250778058854e-012 -1.54303747618928e-011 1.0
  outer loop
    vertex 347.365956510511 50.5083324654832 3.00002191485414
    vertex 376.042337412561 57.4898160002644 3.00002191800032
    vertex 374.767762950834 57.1926269179812 3.00002191800032
  endloop
endfacet
facet normal 6.03250778058854e-012 -1.54303747618928e-011 1.0
  outer loop
    vertex 347.365956510511 50.5083324654832 3.00002191485414
    vertex 374.767762950834 57.1926269179812 3.00002191800032
    vertex 373.476480354912 56.9794352985696 3.00002191800032
  endloop
endfacet
facet normal 6.03250778058854e-012 -1.54303747618928e-011 1.0
  outer loop
    vertex 347.365956510511 50.5083324654832 3.00002191485414
    vertex 373.476480354912 56.9794352985696 3.00002191800032
    vertex 372.174019095114 56.8511540612737 3.00002191800032
  endloop
endfacet
facet normal 6.03250778058854e-012 -1.54303747618928e-011 1.0
  outer loop
    vertex 347.365956510511 50.5083324654832 3.00002191485414
    vertex 372.174019095114 56.8511540612737 3.00002191800032
    vertex 370.865956510511 56.8083325260458 3.00002191800032
  endloop
endfacet
facet normal 6.03250778058854e-012 -1.54303747618928e-011 1.0
  outer loop
    vertex 347.365956510511 50.5083324654832 3.00002191485414
    vertex 370.865956510511 56.8083325260458 3.00002191800032
    vertex 369.557893925908 56.8511540612738 3.00002191800032
  endloop
endfacet
facet normal 6.03250778058854e-012 -1.54303747618928e-011 1.0
  outer loop
    vertex 347.365956510511 50.5083324654832 3.00002191485414
    vertex 369.557893925908 56.8511540612738 3.00002191800032
    vertex 368.25543266611 56.9794352985696 3.00002191800032
  endloop
endfacet
facet normal 6.03250778058854e-012 -1.54303747618928e-011 1.0
  outer loop
    vertex 347.365956510511 50.5083324654832 3.00002191485414
    vertex 368.25543266611 56.9794352985696 3.00002191800032
    vertex 366.964150070189 57.1926269179813 3.00002191800032
  endloop
endfacet
facet normal 6.03250778058854e-012 -1.54303747618928e-011 1.0
  outer loop
    vertex 347.365956510511 50.5083324654832 3.00002191485414
    vertex 366.964150070189 57.1926269179813 3.00002191800032
    vertex 365.689575608461 57.4898160002645 3.00002191800032
  endloop
endfacet
facet normal 6.03250778058854e-012 -1.54303747618928e-011 1.0
  outer loop
    vertex 347.365956510511 50.5083324654832 3.00002191485414
    vertex 365.689575608461 57.4898160002645 3.00002191800032
    vertex 364.437167204448 57.8697299361438 3.00002191800032
  endloop
endfacet
facet normal 6.03250778058854e-012 -1.54303747618928e-011 1.0
  outer loop
    vertex 347.365956510511 50.5083324654832 3.00002191485414
    vertex 364.437167204448 57.8697299361438 3.00002191800032
    vertex 363.212287863209 58.3307418758202 3.00002191800032
  endloop
endfacet
facet normal 6.03250778058854e-012 -1.54303747618928e-011 1.0
  outer loop
    vertex 347.365956510511 50.5083324654832 3.00002191485414
    vertex 363.212287863209 58.3307418758202 3.00002191800032
    vertex 350.365956474479 52.0078675029483 3.00002010420591
  endloop
endfacet
facet normal 6.03250778058854e-012 -1.54303747618928e-011 1.0
  outer loop
    vertex 350.365956474479 52.0078675029483 3.00002010420591
    vertex 363.212287863209 58.3307418758202 3.00002191800032
    vertex 362.020182706131 58.8708776953921 3.00002191800032
  endloop
endfacet
facet normal 6.03250778058854e-012 -1.54303747618928e-011 1.0
  outer loop
    vertex 350.365956474479 52.0078675029483 3.00002010420591
    vertex 362.020182706131 58.8708776953921 3.00002191800032
    vertex 360.865956510511 59.4878244503572 3.00002191800032
  endloop
endfacet
facet normal 6.03250778058854e-012 -1.54303747618928e-011 1.0
  outer loop
    vertex 350.365956474479 52.0078675029483 3.00002010420591
    vertex 360.865956510511 59.4878244503572 3.00002191800032
    vertex 359.754551850119 60.1789402799951 3.00002191800032
  endloop
endfacet
facet normal 6.03250778058854e-012 -1.54303747618928e-011 1.0
  outer loop
    vertex 350.365956474479 52.0078675029483 3.00002010420591
    vertex 359.754551850119 60.1789402799951 3.00002191800032
    vertex 358.690727930337 60.9412657202213 3.00002191800032
  endloop
endfacet
facet normal 6.03250778058854e-012 -1.54303747618928e-011 1.0
  outer loop
    vertex 350.365956474479 52.0078675029483 3.00002010420591
    vertex 358.690727930337 60.9412657202213 3.00002191800032
    vertex 357.67904020851 61.7715363764664 3.00002191800032
  endloop
endfacet
facet normal 6.03250778058854e-012 -1.54303747618928e-011 1.0
  outer loop
    vertex 350.365956474479 52.0078675029483 3.00002010420591
    vertex 357.67904020851 61.7715363764664 3.00002191800032
    vertex 356.72382088678 62.6661969023151 3.00002191800032
  endloop
endfacet
facet normal 6.03250778058854e-012 -1.54303747618928e-011 1.0
  outer loop
    vertex 350.365956474479 52.0078675029483 3.00002010420591
    vertex 356.72382088678 62.6661969023151 3.00002191800032
    vertex 355.829160360932 63.6214162240447 3.00002191800032
  endloop
endfacet
facet normal 6.03250778058854e-012 -1.54303747618928e-011 1.0
  outer loop
    vertex 350.365956474479 52.0078675029483 3.00002010420591
    vertex 355.829160360932 63.6214162240447 3.00002191800032
    vertex 354.998889704686 64.6331039458716 3.00002191800032
  endloop
endfacet
facet normal 6.03250778058854e-012 -1.54303747618928e-011 1.0
  outer loop
    vertex 350.365956474479 52.0078675029483 3.00002010420591
    vertex 354.998889704686 64.6331039458716 3.00002191800032
    vertex 354.236564264461 65.6969278656539 3.00002191800032
  endloop
endfacet
facet normal 6.03250778058854e-012 -1.54303747618928e-011 1.0
  outer loop
    vertex 350.365956474479 52.0078675029483 3.00002010420591
    vertex 354.236564264461 65.6969278656539 3.00002191800032
    vertex 353.545448434823 66.808332526046 3.00002191800032
  endloop
endfacet
facet normal 6.03250778058854e-012 -1.54303747618928e-011 1.0
  outer loop
    vertex 350.365956474479 52.0078675029483 3.00002010420591
    vertex 353.545448434823 66.808332526046 3.00002191800032
    vertex 352.928501679857 67.962558721666 3.00002191800032
  endloop
endfacet
facet normal 6.03250778058854e-012 -1.54303747618928e-011 1.0
  outer loop
    vertex 350.365956474479 52.0078675029483 3.00002010420591
    vertex 352.928501679857 67.962558721666 3.00002191800032
    vertex 352.388365860286 69.1546638787442 3.00002191800032
  endloop
endfacet
facet normal 6.03250778058854e-012 -1.54303747618928e-011 1.0
  outer loop
    vertex 350.365956474479 52.0078675029483 3.00002010420591
    vertex 352.388365860286 69.1546638787442 3.00002191800032
    vertex 351.927353920609 70.3795432199828 3.00002191800032
  endloop
endfacet
facet normal 6.03250778058854e-012 -1.54303747618928e-011 1.0
  outer loop
    vertex 350.365956474479 52.0078675029483 3.00002010420591
    vertex 351.927353920609 70.3795432199828 3.00002191800032
    vertex 351.54743998473 71.6319516239956 3.00002191800032
  endloop
endfacet
facet normal 6.03250778058854e-012 -1.54303747618928e-011 1.0
  outer loop
    vertex 350.365956474479 52.0078675029483 3.00002010420591
    vertex 351.54743998473 71.6319516239956 3.00002191800032
    vertex 351.250250902447 72.9065260857234 3.00002191800032
  endloop
endfacet
facet normal 6.03250778058854e-012 -1.54303747618928e-011 1.0
  outer loop
    vertex 350.365956474479 52.0078675029483 3.00002010420591
    vertex 351.250250902447 72.9065260857234 3.00002191800032
    vertex 351.037059283035 74.197808681645 3.00002191800032
  endloop
endfacet
facet normal 6.03250778058854e-012 -1.54303747618928e-011 1.0
  outer loop
    vertex 350.365956474479 52.0078675029483 3.00002010420591
    vertex 351.037059283035 74.197808681645 3.00002191800032
    vertex 350.908778045739 75.5002699414432 3.00002191800032
  endloop
endfacet
facet normal 6.03250778058854e-012 -1.54303747618928e-011 1.0
  outer loop
    vertex 350.365956474479 52.0078675029483 3.00002010420591
    vertex 350.908778045739 75.5002699414432 3.00002191800032
    vertex 350.865956510512 76.8083325260461 3.00002191800032
  endloop
endfacet
facet normal 6.03250778058854e-012 -1.54303747618928e-011 1.0
  outer loop
    vertex 350.365956474479 52.0078675029483 3.00002010420591
    vertex 350.865956510512 76.8083325260461 3.00002191800032
    vertex 350.365956510512 101.608332465483 3.00002191485398
  endloop
endfacet
facet normal 6.03250778058854e-012 -1.54303747618928e-011 1.0
  outer loop
    vertex 347.365956510511 50.5083324654832 3.00002191485414
    vertex 350.365956474479 52.0078675029483 3.00002010420591
    vertex 347.365956510511 52.0083324654832 3.00002191485416
  endloop
endfacet
facet normal 6.03250778058854e-012 -1.54303747618928e-011 1.0
  outer loop
    vertex 347.365956510511 48.5083324654832 3.00002191485414
    vertex 396.615956510489 47.0083325867474 3.00002191486018
    vertex 396.615956510489 48.5083324654886 3.00002191486021
  endloop
endfacet
facet normal 6.03250778058854e-012 -1.54303747618928e-011 1.0
  outer loop
    vertex 396.615956510489 47.0083325867474 3.00002191486018
    vertex 347.365956510511 48.5083324654832 3.00002191485414
    vertex 347.365956510511 47.0083324654833 3.00002191485411
  endloop
endfacet
facet normal 6.03250778058854e-012 -1.54303747618928e-011 1.0
  outer loop
    vertex 398.173754159729 47.0083325867474 3.00002189181303
    vertex 396.615956510489 47.0083325867474 3.00002191486018
    vertex 392.673754250401 39.7085400656693 3.00002188738295
  endloop
endfacet
facet normal 6.03250778058854e-012 -1.54303747618928e-011 1.0
  outer loop
    vertex 396.615956510489 47.0083325867474 3.00002191486018
    vertex 398.173754159729 47.0083325867474 3.00002189181303
    vertex 396.615956510489 48.5083324654886 3.00002191486021
  endloop
endfacet
facet normal 6.03250778058854e-012 -1.54303747618928e-011 1.0
  outer loop
    vertex 396.615956510489 48.5083324654886 3.00002191486021
    vertex 398.173754159729 47.0083325867474 3.00002189181303
    vertex 396.615956510489 52.0083325867475 3.00002191486021
  endloop
endfacet
facet normal 6.03250778058854e-012 -1.54303747618928e-011 1.0
  outer loop
    vertex 392.673754250401 39.7085400656693 3.00002188738295
    vertex 396.615956510489 47.0083325867474 3.00002191486018
    vertex 393.615956510489 44.0083003684428 3.00002191486018
  endloop
endfacet
facet normal 6.03250778058854e-012 -1.54303747618928e-011 1.0
  outer loop
    vertex 418.215956510511 64.7085400656698 3.00002190228663
    vertex 418.029373672336 60.0891424031126 3.00002190228663
    vertex 418.615956510511 60.3784130467469 3.00002190228663
  endloop
endfacet
facet normal 6.03250778058854e-012 -1.54303747618928e-011 1.0
  outer loop
    vertex 418.029373672336 60.0891424031126 3.00002190228663
    vertex 418.215956510511 64.7085400656698 3.00002190228663
    vertex 418.144400745718 64.1650200709544 3.00002190228663
  endloop
endfacet
facet normal 6.03250778058854e-012 -1.54303747618928e-011 1.0
  outer loop
    vertex 418.029373672336 60.0891424031126 3.00002190228663
    vertex 418.144400745718 64.1650200709544 3.00002190228663
    vertex 417.934609858459 63.6585400656697 3.00002190228663
  endloop
endfacet
facet normal 6.03250778058854e-012 -1.54303747618928e-011 1.0
  outer loop
    vertex 418.029373672336 60.0891424031126 3.00002190228663
    vertex 417.934609858459 63.6585400656697 3.00002190228663
    vertex 417.410051736023 59.8789109342237 3.00002190228663
  endloop
endfacet
facet normal 6.03250778058854e-012 -1.54303747618928e-011 1.0
  outer loop
    vertex 417.410051736023 59.8789109342237 3.00002190228663
    vertex 417.934609858459 63.6585400656697 3.00002190228663
    vertex 417.600880751003 63.2236158251781 3.00002190228663
  endloop
endfacet
facet normal 6.03250778058854e-012 -1.54303747618928e-011 1.0
  outer loop
    vertex 417.410051736023 59.8789109342237 3.00002190228663
    vertex 417.600880751003 63.2236158251781 3.00002190228663
    vertex 417.165956510511 62.8898867177225 3.00002190228663
  endloop
endfacet
facet normal 6.03250778058854e-012 -1.54303747618928e-011 1.0
  outer loop
    vertex 417.410051736023 59.8789109342237 3.00002190228663
    vertex 417.165956510511 62.8898867177225 3.00002190228663
    vertex 416.768587471611 59.7513157588 3.00002190228663
  endloop
endfacet
facet normal 6.03250778058854e-012 -1.54303747618928e-011 1.0
  outer loop
    vertex 416.768587471611 59.7513157588 3.00002190228663
    vertex 417.165956510511 62.8898867177225 3.00002190228663
    vertex 416.659476505227 62.6800958304628 3.00002190228663
  endloop
endfacet
facet normal 6.03250778058854e-012 -1.54303747618928e-011 1.0
  outer loop
    vertex 416.768587471611 59.7513157588 3.00002190228663
    vertex 416.659476505227 62.6800958304628 3.00002190228663
    vertex 416.115956510511 59.708540065669 3.00002190228663
  endloop
endfacet
facet normal 6.03250778058854e-012 -1.54303747618928e-011 1.0
  outer loop
    vertex 416.115956510511 59.708540065669 3.00002190228663
    vertex 416.659476505227 62.6800958304628 3.00002190228663
    vertex 416.115956510511 62.6085400656698 3.00002190228663
  endloop
endfacet
facet normal 6.03250778058854e-012 -1.54303747618928e-011 1.0
  outer loop
    vertex 416.115956510511 59.708540065669 3.00002190228663
    vertex 416.115956510511 62.6085400656698 3.00002190228663
    vertex 415.572436515796 62.6800958304627 3.00002190228663
  endloop
endfacet
facet normal 6.03250778058854e-012 -1.54303747618928e-011 1.0
  outer loop
    vertex 416.115956510511 59.708540065669 3.00002190228663
    vertex 415.572436515796 62.6800958304627 3.00002190228663
    vertex 398.173754159729 59.7085400656692 3.00002190228663
  endloop
endfacet
facet normal 6.03250778058854e-012 -1.54303747618928e-011 1.0
  outer loop
    vertex 398.173754159729 59.7085400656692 3.00002190228663
    vertex 415.572436515796 62.6800958304627 3.00002190228663
    vertex 415.065956510511 62.8898867177225 3.00002190228663
  endloop
endfacet
facet normal 6.03250778058854e-012 -1.54303747618928e-011 1.0
  outer loop
    vertex 398.173754159729 59.7085400656692 3.00002190228663
    vertex 415.065956510511 62.8898867177225 3.00002190228663
    vertex 414.63103227002 63.2236158251781 3.00002190228663
  endloop
endfacet
facet normal 6.03250778058854e-012 -1.54303747618928e-011 1.0
  outer loop
    vertex 398.173754159729 59.7085400656692 3.00002190228663
    vertex 414.63103227002 63.2236158251781 3.00002190228663
    vertex 414.297303162564 63.6585400656698 3.00002190228663
  endloop
endfacet
facet normal 6.03250778058854e-012 -1.54303747618928e-011 1.0
  outer loop
    vertex 398.173754159729 59.7085400656692 3.00002190228663
    vertex 414.297303162564 63.6585400656698 3.00002190228663
    vertex 414.087512275304 64.1650200709545 3.00002190228663
  endloop
endfacet
facet normal 6.03250778058854e-012 -1.54303747618928e-011 1.0
  outer loop
    vertex 398.173754159729 59.7085400656692 3.00002190228663
    vertex 414.087512275304 64.1650200709545 3.00002190228663
    vertex 414.015956510511 64.7085400656698 3.00002190228663
  endloop
endfacet
facet normal 6.03250778058854e-012 -1.54303747618928e-011 1.0
  outer loop
    vertex 418.215956510512 119.70854006567 3.00002190228717
    vertex 418.144400745718 65.2520600603851 3.00002190228663
    vertex 418.215956510511 64.7085400656698 3.00002190228663
  endloop
endfacet
facet normal 6.03250778058854e-012 -1.54303747618928e-011 1.0
  outer loop
    vertex 418.144400745718 65.2520600603851 3.00002190228663
    vertex 418.215956510512 119.70854006567 3.00002190228717
    vertex 418.144400745719 119.165020070954 3.00002190228717
  endloop
endfacet
facet normal 6.03250778058854e-012 -1.54303747618928e-011 1.0
  outer loop
    vertex 418.144400745718 65.2520600603851 3.00002190228663
    vertex 418.144400745719 119.165020070954 3.00002190228717
    vertex 417.934609858459 118.65854006567 3.00002190228717
  endloop
endfacet
facet normal 6.03250778058854e-012 -1.54303747618928e-011 1.0
  outer loop
    vertex 418.144400745718 65.2520600603851 3.00002190228663
    vertex 417.934609858459 118.65854006567 3.00002190228717
    vertex 417.934609858458 65.7585400656698 3.00002190228663
  endloop
endfacet
facet normal 6.03250778058854e-012 -1.54303747618928e-011 1.0
  outer loop
    vertex 417.934609858458 65.7585400656698 3.00002190228663
    vertex 417.934609858459 118.65854006567 3.00002190228717
    vertex 417.600880751004 118.223615825178 3.00002190228717
  endloop
endfacet
facet normal 6.03250778058854e-012 -1.54303747618928e-011 1.0
  outer loop
    vertex 417.934609858458 65.7585400656698 3.00002190228663
    vertex 417.600880751004 118.223615825178 3.00002190228717
    vertex 417.600880751002 66.1934643061615 3.00002190228663
  endloop
endfacet
facet normal 6.03250778058854e-012 -1.54303747618928e-011 1.0
  outer loop
    vertex 417.600880751002 66.1934643061615 3.00002190228663
    vertex 417.600880751004 118.223615825178 3.00002190228717
    vertex 417.165956510512 117.889886717722 3.00002190228717
  endloop
endfacet
facet normal 6.03250778058854e-012 -1.54303747618928e-011 1.0
  outer loop
    vertex 417.600880751002 66.1934643061615 3.00002190228663
    vertex 417.165956510512 117.889886717722 3.00002190228717
    vertex 417.165956510511 66.5271934136172 3.00002190228663
  endloop
endfacet
facet normal 6.03250778058854e-012 -1.54303747618928e-011 1.0
  outer loop
    vertex 417.165956510511 66.5271934136172 3.00002190228663
    vertex 417.165956510512 117.889886717722 3.00002190228717
    vertex 416.659476505227 117.680095830463 3.00002190228717
  endloop
endfacet
facet normal 6.03250778058854e-012 -1.54303747618928e-011 1.0
  outer loop
    vertex 417.165956510511 66.5271934136172 3.00002190228663
    vertex 416.659476505227 117.680095830463 3.00002190228717
    vertex 416.659476505226 66.7369843008768 3.00002190228663
  endloop
endfacet
facet normal 6.03250778058854e-012 -1.54303747618928e-011 1.0
  outer loop
    vertex 416.659476505226 66.7369843008768 3.00002190228663
    vertex 416.659476505227 117.680095830463 3.00002190228717
    vertex 416.115956510512 117.60854006567 3.00002190228717
  endloop
endfacet
facet normal 6.03250778058854e-012 -1.54303747618928e-011 1.0
  outer loop
    vertex 416.659476505226 66.7369843008768 3.00002190228663
    vertex 416.115956510512 117.60854006567 3.00002190228717
    vertex 416.115956510511 66.8085400656698 3.00002190228663
  endloop
endfacet
facet normal 6.03250778058854e-012 -1.54303747618928e-011 1.0
  outer loop
    vertex 416.115956510511 66.8085400656698 3.00002190228663
    vertex 416.115956510512 117.60854006567 3.00002190228717
    vertex 415.572436515797 117.680095830463 3.00002190228717
  endloop
endfacet
facet normal 6.03250778058854e-012 -1.54303747618928e-011 1.0
  outer loop
    vertex 416.115956510511 66.8085400656698 3.00002190228663
    vertex 415.572436515797 117.680095830463 3.00002190228717
    vertex 415.572436515795 66.7369843008769 3.00002190228663
  endloop
endfacet
facet normal 6.03250778058854e-012 -1.54303747618928e-011 1.0
  outer loop
    vertex 415.572436515795 66.7369843008769 3.00002190228663
    vertex 415.572436515797 117.680095830463 3.00002190228717
    vertex 415.065956510512 117.889886717722 3.00002190228717
  endloop
endfacet
facet normal 6.03250778058854e-012 -1.54303747618928e-011 1.0
  outer loop
    vertex 415.572436515795 66.7369843008769 3.00002190228663
    vertex 415.065956510512 117.889886717722 3.00002190228717
    vertex 415.065956510511 66.5271934136171 3.00002190228663
  endloop
endfacet
facet normal 6.03250778058854e-012 -1.54303747618928e-011 1.0
  outer loop
    vertex 415.065956510511 66.5271934136171 3.00002190228663
    vertex 415.065956510512 117.889886717722 3.00002190228717
    vertex 414.63103227002 118.223615825178 3.00002190228717
  endloop
endfacet
facet normal 6.03250778058854e-012 -1.54303747618928e-011 1.0
  outer loop
    vertex 415.065956510511 66.5271934136171 3.00002190228663
    vertex 414.63103227002 118.223615825178 3.00002190228717
    vertex 414.631032270019 66.1934643061615 3.00002190228663
  endloop
endfacet
facet normal 6.03250778058854e-012 -1.54303747618928e-011 1.0
  outer loop
    vertex 414.631032270019 66.1934643061615 3.00002190228663
    vertex 414.63103227002 118.223615825178 3.00002190228717
    vertex 414.297303162565 118.65854006567 3.00002190228717
  endloop
endfacet
facet normal 6.03250778058854e-012 -1.54303747618928e-011 1.0
  outer loop
    vertex 414.631032270019 66.1934643061615 3.00002190228663
    vertex 414.297303162565 118.65854006567 3.00002190228717
    vertex 414.297303162563 65.7585400656698 3.00002190228663
  endloop
endfacet
facet normal 6.03250778058854e-012 -1.54303747618928e-011 1.0
  outer loop
    vertex 414.297303162563 65.7585400656698 3.00002190228663
    vertex 414.297303162565 118.65854006567 3.00002190228717
    vertex 414.087512275305 119.165020070955 3.00002190228717
  endloop
endfacet
facet normal 6.03250778058854e-012 -1.54303747618928e-011 1.0
  outer loop
    vertex 414.297303162563 65.7585400656698 3.00002190228663
    vertex 414.087512275305 119.165020070955 3.00002190228717
    vertex 414.087512275304 65.2520600603851 3.00002190228663
  endloop
endfacet
facet normal 6.03250778058854e-012 -1.54303747618928e-011 1.0
  outer loop
    vertex 414.087512275304 65.2520600603851 3.00002190228663
    vertex 414.087512275305 119.165020070955 3.00002190228717
    vertex 414.015956510512 119.70854006567 3.00002190228717
  endloop
endfacet
facet normal 6.03250778058854e-012 -1.54303747618928e-011 1.0
  outer loop
    vertex 414.087512275304 65.2520600603851 3.00002190228663
    vertex 414.015956510512 119.70854006567 3.00002190228717
    vertex 414.015956510511 64.7085400656698 3.00002190228663
  endloop
endfacet
facet normal 6.03250778058854e-012 -1.54303747618928e-011 1.0
  outer loop
    vertex 343.215956510512 119.708540065671 3.00002190228717
    vertex 343.144400745718 45.252060060386 3.00002190228717
    vertex 343.215956510511 44.7085400656707 3.00002190228717
  endloop
endfacet
facet normal 6.03250778058854e-012 -1.54303747618928e-011 1.0
  outer loop
    vertex 343.144400745718 45.252060060386 3.00002190228717
    vertex 343.215956510512 119.708540065671 3.00002190228717
    vertex 343.144400745719 119.165020070955 3.00002190228717
  endloop
endfacet
facet normal 6.03250778058854e-012 -1.54303747618928e-011 1.0
  outer loop
    vertex 343.144400745718 45.252060060386 3.00002190228717
    vertex 343.144400745719 119.165020070955 3.00002190228717
    vertex 342.934609858459 45.7585400656708 3.00002190228717
  endloop
endfacet
facet normal 6.03250778058854e-012 -1.54303747618928e-011 1.0
  outer loop
    vertex 342.934609858459 45.7585400656708 3.00002190228717
    vertex 343.144400745719 119.165020070955 3.00002190228717
    vertex 342.934609858459 118.658540065671 3.00002190228717
  endloop
endfacet
facet normal 6.03250778058854e-012 -1.54303747618928e-011 1.0
  outer loop
    vertex 342.934609858459 45.7585400656708 3.00002190228717
    vertex 342.934609858459 118.658540065671 3.00002190228717
    vertex 342.600880751003 46.1934643061625 3.00002190228717
  endloop
endfacet
facet normal 6.03250778058854e-012 -1.54303747618928e-011 1.0
  outer loop
    vertex 342.600880751003 46.1934643061625 3.00002190228717
    vertex 342.934609858459 118.658540065671 3.00002190228717
    vertex 342.600880751004 118.223615825179 3.00002190228717
  endloop
endfacet
facet normal 6.03250778058854e-012 -1.54303747618928e-011 1.0
  outer loop
    vertex 342.600880751003 46.1934643061625 3.00002190228717
    vertex 342.600880751004 118.223615825179 3.00002190228717
    vertex 342.165956510512 117.889886717723 3.00002190228717
  endloop
endfacet
facet normal 6.03250778058854e-012 -1.54303747618928e-011 1.0
  outer loop
    vertex 342.600880751003 46.1934643061625 3.00002190228717
    vertex 342.165956510512 117.889886717723 3.00002190228717
    vertex 342.165956510511 46.5271934136181 3.00002190228717
  endloop
endfacet
facet normal 6.03250778058854e-012 -1.54303747618928e-011 1.0
  outer loop
    vertex 342.165956510511 46.5271934136181 3.00002190228717
    vertex 342.165956510512 117.889886717723 3.00002190228717
    vertex 341.659476505227 117.680095830464 3.00002190228717
  endloop
endfacet
facet normal 6.03250778058854e-012 -1.54303747618928e-011 1.0
  outer loop
    vertex 342.165956510511 46.5271934136181 3.00002190228717
    vertex 341.659476505227 117.680095830464 3.00002190228717
    vertex 341.659476505226 46.7369843008779 3.00002190228717
  endloop
endfacet
facet normal 6.03250778058854e-012 -1.54303747618928e-011 1.0
  outer loop
    vertex 341.659476505226 46.7369843008779 3.00002190228717
    vertex 341.659476505227 117.680095830464 3.00002190228717
    vertex 341.115956510512 117.608540065671 3.00002190228717
  endloop
endfacet
facet normal 6.03250778058854e-012 -1.54303747618928e-011 1.0
  outer loop
    vertex 341.659476505226 46.7369843008779 3.00002190228717
    vertex 341.115956510512 117.608540065671 3.00002190228717
    vertex 341.115956510511 46.8085400656708 3.00002190228717
  endloop
endfacet
facet normal 6.03250778058854e-012 -1.54303747618928e-011 1.0
  outer loop
    vertex 341.115956510511 46.8085400656708 3.00002190228717
    vertex 341.115956510512 117.608540065671 3.00002190228717
    vertex 340.572436515797 117.680095830464 3.00002190228717
  endloop
endfacet
facet normal 6.03250778058854e-012 -1.54303747618928e-011 1.0
  outer loop
    vertex 341.115956510511 46.8085400656708 3.00002190228717
    vertex 340.572436515797 117.680095830464 3.00002190228717
    vertex 340.572436515796 46.7369843008778 3.00002190228717
  endloop
endfacet
facet normal 6.03250778058854e-012 -1.54303747618928e-011 1.0
  outer loop
    vertex 340.572436515796 46.7369843008778 3.00002190228717
    vertex 340.572436515797 117.680095830464 3.00002190228717
    vertex 340.065956510512 117.889886717723 3.00002190228717
  endloop
endfacet
facet normal 6.03250778058854e-012 -1.54303747618928e-011 1.0
  outer loop
    vertex 340.572436515796 46.7369843008778 3.00002190228717
    vertex 340.065956510512 117.889886717723 3.00002190228717
    vertex 340.065956510511 46.5271934136181 3.00002190228717
  endloop
endfacet
facet normal 6.03250778058854e-012 -1.54303747618928e-011 1.0
  outer loop
    vertex 340.065956510511 46.5271934136181 3.00002190228717
    vertex 340.065956510512 117.889886717723 3.00002190228717
    vertex 339.63103227002 118.223615825179 3.00002190228717
  endloop
endfacet
facet normal 6.03250778058854e-012 -1.54303747618928e-011 1.0
  outer loop
    vertex 340.065956510511 46.5271934136181 3.00002190228717
    vertex 339.63103227002 118.223615825179 3.00002190228717
    vertex 339.631032270019 46.1934643061625 3.00002190228717
  endloop
endfacet
facet normal 6.03250778058854e-012 -1.54303747618928e-011 1.0
  outer loop
    vertex 339.631032270019 46.1934643061625 3.00002190228717
    vertex 339.63103227002 118.223615825179 3.00002190228717
    vertex 339.297303162565 118.658540065671 3.00002190228717
  endloop
endfacet
facet normal 6.03250778058854e-012 -1.54303747618928e-011 1.0
  outer loop
    vertex 339.631032270019 46.1934643061625 3.00002190228717
    vertex 339.297303162565 118.658540065671 3.00002190228717
    vertex 339.297303162564 45.7585400656708 3.00002190228717
  endloop
endfacet
facet normal 6.03250778058854e-012 -1.54303747618928e-011 1.0
  outer loop
    vertex 339.297303162564 45.7585400656708 3.00002190228717
    vertex 339.297303162565 118.658540065671 3.00002190228717
    vertex 339.087512275304 45.2520600603862 3.00002190228717
  endloop
endfacet
facet normal 6.03250778058854e-012 -1.54303747618928e-011 1.0
  outer loop
    vertex 339.087512275304 45.2520600603862 3.00002190228717
    vertex 339.297303162565 118.658540065671 3.00002190228717
    vertex 339.087512275305 119.165020070956 3.00002190228717
  endloop
endfacet
facet normal 6.03250778058854e-012 -1.54303747618928e-011 1.0
  outer loop
    vertex 339.087512275304 45.2520600603862 3.00002190228717
    vertex 339.087512275305 119.165020070956 3.00002190228717
    vertex 339.015956510511 44.7085400656708 3.00002190228717
  endloop
endfacet
facet normal 6.03250778058854e-012 -1.54303747618928e-011 1.0
  outer loop
    vertex 339.015956510511 44.7085400656708 3.00002190228717
    vertex 339.087512275305 119.165020070956 3.00002190228717
    vertex 339.015956510512 119.708540065671 3.00002190228717
  endloop
endfacet
facet normal 6.03250778058854e-012 -1.54303747618928e-011 1.0
  outer loop
    vertex 421.115956510512 119.70854006567 3.00002190228717
    vertex 421.073180817381 64.0559091045694 3.00002190228663
    vertex 421.115956510512 64.7085400656697 3.00002190228663
  endloop
endfacet
facet normal 6.03250778058854e-012 -1.54303747618928e-011 1.0
  outer loop
    vertex 421.073180817381 64.0559091045694 3.00002190228663
    vertex 421.115956510512 119.70854006567 3.00002190228717
    vertex 421.073180817381 120.36117102677 3.00002190228717
  endloop
endfacet
facet normal 6.03250778058854e-012 -1.54303747618928e-011 1.0
  outer loop
    vertex 421.073180817381 64.0559091045694 3.00002190228663
    vertex 421.073180817381 120.36117102677 3.00002190228717
    vertex 420.945585641957 63.4144448401569 3.00002190228663
  endloop
endfacet
facet normal 6.03250778058854e-012 -1.54303747618928e-011 1.0
  outer loop
    vertex 420.945585641957 63.4144448401569 3.00002190228663
    vertex 421.073180817381 120.36117102677 3.00002190228717
    vertex 420.945585641957 121.002635291182 3.00002190228717
  endloop
endfacet
facet normal 6.03250778058854e-012 -1.54303747618928e-011 1.0
  outer loop
    vertex 420.945585641957 63.4144448401569 3.00002190228663
    vertex 420.945585641957 121.002635291182 3.00002190228717
    vertex 420.735354173068 62.795122903844 3.00002190228663
  endloop
endfacet
facet normal 6.03250778058854e-012 -1.54303747618928e-011 1.0
  outer loop
    vertex 420.735354173068 62.795122903844 3.00002190228663
    vertex 420.945585641957 121.002635291182 3.00002190228717
    vertex 420.735354173068 121.621957227495 3.00002190228717
  endloop
endfacet
facet normal 6.03250778058854e-012 -1.54303747618928e-011 1.0
  outer loop
    vertex 420.735354173068 62.795122903844 3.00002190228663
    vertex 420.735354173068 121.621957227495 3.00002190228717
    vertex 420.446083529434 62.2085400656694 3.00002190228663
  endloop
endfacet
facet normal 6.03250778058854e-012 -1.54303747618928e-011 1.0
  outer loop
    vertex 420.446083529434 62.2085400656694 3.00002190228663
    vertex 420.735354173068 121.621957227495 3.00002190228717
    vertex 420.446083529434 122.20854006567 3.00002190228717
  endloop
endfacet
facet normal 6.03250778058854e-012 -1.54303747618928e-011 1.0
  outer loop
    vertex 420.446083529434 62.2085400656694 3.00002190228663
    vertex 420.446083529434 122.20854006567 3.00002190228717
    vertex 420.082723211968 61.6647329206257 3.00002190228663
  endloop
endfacet
facet normal 6.03250778058854e-012 -1.54303747618928e-011 1.0
  outer loop
    vertex 420.082723211968 61.6647329206257 3.00002190228663
    vertex 420.446083529434 122.20854006567 3.00002190228717
    vertex 420.082723211968 122.752347210713 3.00002190228717
  endloop
endfacet
facet normal 6.03250778058854e-012 -1.54303747618928e-011 1.0
  outer loop
    vertex 420.082723211968 61.6647329206257 3.00002190228663
    vertex 420.082723211968 122.752347210713 3.00002190228717
    vertex 419.651490416444 61.1730061597365 3.00002190228663
  endloop
endfacet
facet normal 6.03250778058854e-012 -1.54303747618928e-011 1.0
  outer loop
    vertex 419.651490416444 61.1730061597365 3.00002190228663
    vertex 420.082723211968 122.752347210713 3.00002190228717
    vertex 419.651490416445 123.244073971602 3.00002190228717
  endloop
endfacet
facet normal 6.03250778058854e-012 -1.54303747618928e-011 1.0
  outer loop
    vertex 419.651490416444 61.1730061597365 3.00002190228663
    vertex 419.651490416445 123.244073971602 3.00002190228717
    vertex 419.159763655555 60.7417733642129 3.00002190228663
  endloop
endfacet
facet normal 6.03250778058854e-012 -1.54303747618928e-011 1.0
  outer loop
    vertex 419.159763655555 60.7417733642129 3.00002190228663
    vertex 419.651490416445 123.244073971602 3.00002190228717
    vertex 419.159763655556 123.675306767126 3.00002190228717
  endloop
endfacet
facet normal 6.03250778058854e-012 -1.54303747618928e-011 1.0
  outer loop
    vertex 419.159763655555 60.7417733642129 3.00002190228663
    vertex 419.159763655556 123.675306767126 3.00002190228717
    vertex 418.615956510511 60.3784130467469 3.00002190228663
  endloop
endfacet
facet normal 6.03250778058854e-012 -1.54303747618928e-011 1.0
  outer loop
    vertex 418.615956510511 60.3784130467469 3.00002190228663
    vertex 419.159763655556 123.675306767126 3.00002190228717
    vertex 418.615956510512 124.038667084592 3.00002190228717
  endloop
endfacet
facet normal 6.03250778058854e-012 -1.54303747618928e-011 1.0
  outer loop
    vertex 418.615956510511 60.3784130467469 3.00002190228663
    vertex 418.615956510512 124.038667084592 3.00002190228717
    vertex 418.215956510512 119.70854006567 3.00002190228717
  endloop
endfacet
facet normal 6.03250778058854e-012 -1.54303747618928e-011 1.0
  outer loop
    vertex 418.215956510512 119.70854006567 3.00002190228717
    vertex 418.615956510512 124.038667084592 3.00002190228717
    vertex 418.029373672338 124.327937728226 3.00002190228717
  endloop
endfacet
facet normal 6.03250778058854e-012 -1.54303747618928e-011 1.0
  outer loop
    vertex 418.615956510511 60.3784130467469 3.00002190228663
    vertex 418.215956510512 119.70854006567 3.00002190228717
    vertex 418.215956510511 64.7085400656698 3.00002190228663
  endloop
endfacet
facet normal 6.03250778058854e-012 -1.54303747618928e-011 1.0
  outer loop
    vertex 418.215956510512 119.70854006567 3.00002190228717
    vertex 418.029373672338 124.327937728226 3.00002190228717
    vertex 418.144400745719 120.252060060385 3.00002190228717
  endloop
endfacet
facet normal 6.03250778058854e-012 -1.54303747618928e-011 1.0
  outer loop
    vertex 418.144400745719 120.252060060385 3.00002190228717
    vertex 418.029373672338 124.327937728226 3.00002190228717
    vertex 417.934609858459 120.75854006567 3.00002190228717
  endloop
endfacet
facet normal 6.03250778058854e-012 -1.54303747618928e-011 1.0
  outer loop
    vertex 417.934609858459 120.75854006567 3.00002190228717
    vertex 418.029373672338 124.327937728226 3.00002190228717
    vertex 417.410051736025 124.538169197115 3.00002190228717
  endloop
endfacet
facet normal 6.03250778058854e-012 -1.54303747618928e-011 1.0
  outer loop
    vertex 417.934609858459 120.75854006567 3.00002190228717
    vertex 417.410051736025 124.538169197115 3.00002190228717
    vertex 417.600880751003 121.193464306162 3.00002190228717
  endloop
endfacet
facet normal 6.03250778058854e-012 -1.54303747618928e-011 1.0
  outer loop
    vertex 417.600880751003 121.193464306162 3.00002190228717
    vertex 417.410051736025 124.538169197115 3.00002190228717
    vertex 417.165956510512 121.527193413617 3.00002190228717
  endloop
endfacet
facet normal 6.03250778058854e-012 -1.54303747618928e-011 1.0
  outer loop
    vertex 417.165956510512 121.527193413617 3.00002190228717
    vertex 417.410051736025 124.538169197115 3.00002190228717
    vertex 416.768587471612 124.665764372539 3.00002190228717
  endloop
endfacet
facet normal 6.03250778058854e-012 -1.54303747618928e-011 1.0
  outer loop
    vertex 417.165956510512 121.527193413617 3.00002190228717
    vertex 416.768587471612 124.665764372539 3.00002190228717
    vertex 416.659476505227 121.736984300877 3.00002190228717
  endloop
endfacet
facet normal 6.03250778058854e-012 -1.54303747618928e-011 1.0
  outer loop
    vertex 416.659476505227 121.736984300877 3.00002190228717
    vertex 416.768587471612 124.665764372539 3.00002190228717
    vertex 416.115956510512 124.70854006567 3.00002190228717
  endloop
endfacet
facet normal 6.03250778058854e-012 -1.54303747618928e-011 1.0
  outer loop
    vertex 416.659476505227 121.736984300877 3.00002190228717
    vertex 416.115956510512 124.70854006567 3.00002190228717
    vertex 416.115956510512 121.80854006567 3.00002190228717
  endloop
endfacet
facet normal 6.03250778058854e-012 -1.54303747618928e-011 1.0
  outer loop
    vertex 416.115956510512 121.80854006567 3.00002190228717
    vertex 416.115956510512 124.70854006567 3.00002190228717
    vertex 341.115956510512 124.708540065671 3.00002190228717
  endloop
endfacet
facet normal 6.03250778058854e-012 -1.54303747618928e-011 1.0
  outer loop
    vertex 416.115956510512 121.80854006567 3.00002190228717
    vertex 341.115956510512 124.708540065671 3.00002190228717
    vertex 415.572436515796 121.736984300877 3.00002190228717
  endloop
endfacet
facet normal 6.03250778058854e-012 -1.54303747618928e-011 1.0
  outer loop
    vertex 415.572436515796 121.736984300877 3.00002190228717
    vertex 341.115956510512 124.708540065671 3.00002190228717
    vertex 415.065956510512 121.527193413617 3.00002190228717
  endloop
endfacet
facet normal 6.03250778058854e-012 -1.54303747618928e-011 1.0
  outer loop
    vertex 415.065956510512 121.527193413617 3.00002190228717
    vertex 341.115956510512 124.708540065671 3.00002190228717
    vertex 414.63103227002 121.193464306162 3.00002190228717
  endloop
endfacet
facet normal 6.03250778058854e-012 -1.54303747618928e-011 1.0
  outer loop
    vertex 414.63103227002 121.193464306162 3.00002190228717
    vertex 341.115956510512 124.708540065671 3.00002190228717
    vertex 414.297303162564 120.75854006567 3.00002190228717
  endloop
endfacet
facet normal 6.03250778058854e-012 -1.54303747618928e-011 1.0
  outer loop
    vertex 414.297303162564 120.75854006567 3.00002190228717
    vertex 341.115956510512 124.708540065671 3.00002190228717
    vertex 414.087512275305 120.252060060385 3.00002190228717
  endloop
endfacet
facet normal 6.03250778058854e-012 -1.54303747618928e-011 1.0
  outer loop
    vertex 414.087512275305 120.252060060385 3.00002190228717
    vertex 341.115956510512 124.708540065671 3.00002190228717
    vertex 414.015956510512 119.70854006567 3.00002190228717
  endloop
endfacet
facet normal 6.03250778058854e-012 -1.54303747618928e-011 1.0
  outer loop
    vertex 414.015956510512 119.70854006567 3.00002190228717
    vertex 341.115956510512 124.708540065671 3.00002190228717
    vertex 396.615956510489 106.608332586747 3.00002191486018
  endloop
endfacet
facet normal 6.03250778058854e-012 -1.54303747618928e-011 1.0
  outer loop
    vertex 414.015956510512 119.70854006567 3.00002190228717
    vertex 396.615956510489 106.608332586747 3.00002191486018
    vertex 414.015956510511 64.7085400656698 3.00002190228663
  endloop
endfacet
facet normal 6.03250778058854e-012 -1.54303747618928e-011 1.0
  outer loop
    vertex 414.015956510511 64.7085400656698 3.00002190228663
    vertex 396.615956510489 106.608332586747 3.00002191486018
    vertex 398.173754159729 59.7085400656692 3.00002190228663
  endloop
endfacet
facet normal 6.03250778058854e-012 -1.54303747618928e-011 1.0
  outer loop
    vertex 398.173754159729 59.7085400656692 3.00002190228663
    vertex 396.615956510489 106.608332586747 3.00002191486018
    vertex 398.173754159729 47.0083325867474 3.00002189181303
  endloop
endfacet
facet normal 6.03250778058854e-012 -1.54303747618928e-011 1.0
  outer loop
    vertex 398.173754159729 47.0083325867474 3.00002189181303
    vertex 396.615956510489 106.608332586747 3.00002191486018
    vertex 396.615956510489 52.0083325867475 3.00002191486021
  endloop
endfacet
facet normal 6.03250778058854e-012 -1.54303747618928e-011 1.0
  outer loop
    vertex 396.615956510489 106.608332586747 3.00002191486018
    vertex 341.115956510512 124.708540065671 3.00002190228717
    vertex 369.973754307493 106.608332524918 3.00002191486036
  endloop
endfacet
facet normal 6.03250778058854e-012 -1.54303747618928e-011 1.0
  outer loop
    vertex 369.973754307493 106.608332524918 3.00002191486036
    vertex 341.115956510512 124.708540065671 3.00002190228717
    vertex 342.934609858459 120.758540065671 3.00002190228717
  endloop
endfacet
facet normal 6.03250778058854e-012 -1.54303747618928e-011 1.0
  outer loop
    vertex 369.973754307493 106.608332524918 3.00002191486036
    vertex 342.934609858459 120.758540065671 3.00002190228717
    vertex 343.144400745719 120.252060060386 3.00002190228717
  endloop
endfacet
facet normal 6.03250778058854e-012 -1.54303747618928e-011 1.0
  outer loop
    vertex 369.973754307493 106.608332524918 3.00002191486036
    vertex 343.144400745719 120.252060060386 3.00002190228717
    vertex 345.365956510512 106.608332465483 3.00002191485416
  endloop
endfacet
facet normal 6.03250778058854e-012 -1.54303747618928e-011 1.0
  outer loop
    vertex 345.365956510512 106.608332465483 3.00002191485416
    vertex 343.144400745719 120.252060060386 3.00002190228717
    vertex 343.215956510512 119.708540065671 3.00002190228717
  endloop
endfacet
facet normal 6.03250778058854e-012 -1.54303747618928e-011 1.0
  outer loop
    vertex 345.365956510512 106.608332465483 3.00002191485416
    vertex 343.215956510512 119.708540065671 3.00002190228717
    vertex 343.215956510511 44.7085400656707 3.00002190228717
  endloop
endfacet
facet normal 6.03250778058854e-012 -1.54303747618928e-011 1.0
  outer loop
    vertex 342.934609858459 120.758540065671 3.00002190228717
    vertex 341.115956510512 124.708540065671 3.00002190228717
    vertex 342.600880751004 121.193464306162 3.00002190228717
  endloop
endfacet
facet normal 6.03250778058854e-012 -1.54303747618928e-011 1.0
  outer loop
    vertex 342.600880751004 121.193464306162 3.00002190228717
    vertex 341.115956510512 124.708540065671 3.00002190228717
    vertex 342.165956510512 121.527193413618 3.00002190228717
  endloop
endfacet
facet normal 6.03250778058854e-012 -1.54303747618928e-011 1.0
  outer loop
    vertex 342.165956510512 121.527193413618 3.00002190228717
    vertex 341.115956510512 124.708540065671 3.00002190228717
    vertex 341.659476505227 121.736984300878 3.00002190228717
  endloop
endfacet
facet normal 6.03250778058854e-012 -1.54303747618928e-011 1.0
  outer loop
    vertex 341.659476505227 121.736984300878 3.00002190228717
    vertex 341.115956510512 124.708540065671 3.00002190228717
    vertex 341.115956510512 121.808540065671 3.00002190228717
  endloop
endfacet
facet normal 6.03250778058854e-012 -1.54303747618928e-011 1.0
  outer loop
    vertex 341.115956510512 121.808540065671 3.00002190228717
    vertex 341.115956510512 124.708540065671 3.00002190228717
    vertex 340.572436515797 121.736984300878 3.00002190228717
  endloop
endfacet
facet normal 6.03250778058854e-012 -1.54303747618928e-011 1.0
  outer loop
    vertex 340.572436515797 121.736984300878 3.00002190228717
    vertex 341.115956510512 124.708540065671 3.00002190228717
    vertex 340.463325549412 124.66576437254 3.00002190228717
  endloop
endfacet
facet normal 6.03250778058854e-012 -1.54303747618928e-011 1.0
  outer loop
    vertex 340.572436515797 121.736984300878 3.00002190228717
    vertex 340.463325549412 124.66576437254 3.00002190228717
    vertex 340.065956510512 121.527193413618 3.00002190228717
  endloop
endfacet
facet normal 6.03250778058854e-012 -1.54303747618928e-011 1.0
  outer loop
    vertex 340.065956510512 121.527193413618 3.00002190228717
    vertex 340.463325549412 124.66576437254 3.00002190228717
    vertex 339.821861285 124.538169197116 3.00002190228717
  endloop
endfacet
facet normal 6.03250778058854e-012 -1.54303747618928e-011 1.0
  outer loop
    vertex 340.065956510512 121.527193413618 3.00002190228717
    vertex 339.821861285 124.538169197116 3.00002190228717
    vertex 339.63103227002 121.193464306163 3.00002190228717
  endloop
endfacet
facet normal 6.03250778058854e-012 -1.54303747618928e-011 1.0
  outer loop
    vertex 339.63103227002 121.193464306163 3.00002190228717
    vertex 339.821861285 124.538169197116 3.00002190228717
    vertex 339.202539348687 124.327937728227 3.00002190228717
  endloop
endfacet
facet normal 6.03250778058854e-012 -1.54303747618928e-011 1.0
  outer loop
    vertex 339.63103227002 121.193464306163 3.00002190228717
    vertex 339.202539348687 124.327937728227 3.00002190228717
    vertex 339.297303162565 120.758540065671 3.00002190228717
  endloop
endfacet
facet normal 6.03250778058854e-012 -1.54303747618928e-011 1.0
  outer loop
    vertex 339.297303162565 120.758540065671 3.00002190228717
    vertex 339.202539348687 124.327937728227 3.00002190228717
    vertex 339.087512275305 120.252060060386 3.00002190228717
  endloop
endfacet
facet normal 6.03250778058854e-012 -1.54303747618928e-011 1.0
  outer loop
    vertex 339.087512275305 120.252060060386 3.00002190228717
    vertex 339.202539348687 124.327937728227 3.00002190228717
    vertex 338.615956510512 124.038667084593 3.00002190228717
  endloop
endfacet
facet normal 6.03250778058854e-012 -1.54303747618928e-011 1.0
  outer loop
    vertex 339.087512275305 120.252060060386 3.00002190228717
    vertex 338.615956510512 124.038667084593 3.00002190228717
    vertex 339.015956510512 119.708540065671 3.00002190228717
  endloop
endfacet
facet normal 6.03250778058854e-012 -1.54303747618928e-011 1.0
  outer loop
    vertex 391.615815084956 46.0083003684429 3.00002191486021
    vertex 393.615956510489 44.0083003684428 3.00002191486018
    vertex 393.615956510489 46.0083003684428 3.00002191486021
  endloop
endfacet
facet normal 6.03250778058854e-012 -1.54303747618928e-011 1.0
  outer loop
    vertex 393.615956510489 44.0083003684428 3.00002191486018
    vertex 391.615815084956 46.0083003684429 3.00002191486021
    vertex 392.673754250401 39.7085400656693 3.00002188738295
  endloop
endfacet
facet normal 6.03250778058854e-012 -1.54303747618928e-011 1.0
  outer loop
    vertex 392.673754250401 39.7085400656693 3.00002188738295
    vertex 391.615815084956 46.0083003684429 3.00002191486021
    vertex 387.615811190075 42.008439320499 3.00002191486021
  endloop
endfacet
facet normal 6.03250778058854e-012 -1.54303747618928e-011 1.0
  outer loop
    vertex 392.673754250401 39.7085400656693 3.00002188738295
    vertex 387.615811190075 42.008439320499 3.00002191486021
    vertex 341.115956510511 39.70854006567 3.00002190228717
  endloop
endfacet
facet normal 6.03250778058854e-012 -1.54303747618928e-011 1.0
  outer loop
    vertex 341.115956510511 39.70854006567 3.00002190228717
    vertex 387.615811190075 42.008439320499 3.00002191486021
    vertex 345.365956510511 42.0083324654832 3.00002191485416
  endloop
endfacet
facet normal 6.03250778058854e-012 -1.54303747618928e-011 1.0
  outer loop
    vertex 341.115956510511 39.70854006567 3.00002190228717
    vertex 345.365956510511 42.0083324654832 3.00002191485416
    vertex 342.934609858458 43.6585400656708 3.00002190228717
  endloop
endfacet
facet normal 6.03250778058854e-012 -1.54303747618928e-011 1.0
  outer loop
    vertex 342.934609858458 43.6585400656708 3.00002190228717
    vertex 345.365956510511 42.0083324654832 3.00002191485416
    vertex 343.144400745718 44.1650200709554 3.00002190228717
  endloop
endfacet
facet normal 6.03250778058854e-012 -1.54303747618928e-011 1.0
  outer loop
    vertex 343.144400745718 44.1650200709554 3.00002190228717
    vertex 345.365956510511 42.0083324654832 3.00002191485416
    vertex 343.215956510511 44.7085400656707 3.00002190228717
  endloop
endfacet
facet normal 6.03250778058854e-012 -1.54303747618928e-011 1.0
  outer loop
    vertex 343.215956510511 44.7085400656707 3.00002190228717
    vertex 345.365956510511 42.0083324654832 3.00002191485416
    vertex 345.365956510512 106.608332465483 3.00002191485416
  endloop
endfacet
facet normal 6.03250778058854e-012 -1.54303747618928e-011 1.0
  outer loop
    vertex 341.115956510511 39.70854006567 3.00002190228717
    vertex 342.934609858458 43.6585400656708 3.00002190228717
    vertex 342.600880751003 43.223615825179 3.00002190228717
  endloop
endfacet
facet normal 6.03250778058854e-012 -1.54303747618928e-011 1.0
  outer loop
    vertex 341.115956510511 39.70854006567 3.00002190228717
    vertex 342.600880751003 43.223615825179 3.00002190228717
    vertex 342.165956510511 42.8898867177234 3.00002190228717
  endloop
endfacet
facet normal 6.03250778058854e-012 -1.54303747618928e-011 1.0
  outer loop
    vertex 341.115956510511 39.70854006567 3.00002190228717
    vertex 342.165956510511 42.8898867177234 3.00002190228717
    vertex 341.659476505226 42.6800958304638 3.00002190228717
  endloop
endfacet
facet normal 6.03250778058854e-012 -1.54303747618928e-011 1.0
  outer loop
    vertex 341.115956510511 39.70854006567 3.00002190228717
    vertex 341.659476505226 42.6800958304638 3.00002190228717
    vertex 341.115956510511 42.6085400656708 3.00002190228717
  endloop
endfacet
facet normal 6.03250778058854e-012 -1.54303747618928e-011 1.0
  outer loop
    vertex 341.115956510511 39.70854006567 3.00002190228717
    vertex 341.115956510511 42.6085400656708 3.00002190228717
    vertex 340.572436515796 42.6800958304637 3.00002190228717
  endloop
endfacet
facet normal 6.03250778058854e-012 -1.54303747618928e-011 1.0
  outer loop
    vertex 341.115956510511 39.70854006567 3.00002190228717
    vertex 340.572436515796 42.6800958304637 3.00002190228717
    vertex 340.46332554941 39.751315758801 3.00002190228717
  endloop
endfacet
facet normal 6.03250778058854e-012 -1.54303747618928e-011 1.0
  outer loop
    vertex 340.46332554941 39.751315758801 3.00002190228717
    vertex 340.572436515796 42.6800958304637 3.00002190228717
    vertex 340.065956510511 42.8898867177234 3.00002190228717
  endloop
endfacet
facet normal 6.03250778058854e-012 -1.54303747618928e-011 1.0
  outer loop
    vertex 340.46332554941 39.751315758801 3.00002190228717
    vertex 340.065956510511 42.8898867177234 3.00002190228717
    vertex 339.821861284998 39.8789109342247 3.00002190228717
  endloop
endfacet
facet normal 6.03250778058854e-012 -1.54303747618928e-011 1.0
  outer loop
    vertex 339.821861284998 39.8789109342247 3.00002190228717
    vertex 340.065956510511 42.8898867177234 3.00002190228717
    vertex 339.631032270019 43.223615825179 3.00002190228717
  endloop
endfacet
facet normal 6.03250778058854e-012 -1.54303747618928e-011 1.0
  outer loop
    vertex 339.821861284998 39.8789109342247 3.00002190228717
    vertex 339.631032270019 43.223615825179 3.00002190228717
    vertex 339.202539348685 40.0891424031137 3.00002190228717
  endloop
endfacet
facet normal 6.03250778058854e-012 -1.54303747618928e-011 1.0
  outer loop
    vertex 339.202539348685 40.0891424031137 3.00002190228717
    vertex 339.631032270019 43.223615825179 3.00002190228717
    vertex 339.297303162563 43.6585400656707 3.00002190228717
  endloop
endfacet
facet normal 6.03250778058854e-012 -1.54303747618928e-011 1.0
  outer loop
    vertex 339.202539348685 40.0891424031137 3.00002190228717
    vertex 339.297303162563 43.6585400656707 3.00002190228717
    vertex 339.087512275304 44.1650200709555 3.00002190228717
  endloop
endfacet
facet normal 6.03250778058854e-012 -1.54303747618928e-011 1.0
  outer loop
    vertex 339.202539348685 40.0891424031137 3.00002190228717
    vertex 339.087512275304 44.1650200709555 3.00002190228717
    vertex 338.61595651051 40.378413046748 3.00002190228717
  endloop
endfacet
facet normal 6.03250778058854e-012 -1.54303747618928e-011 1.0
  outer loop
    vertex 338.61595651051 40.378413046748 3.00002190228717
    vertex 339.087512275304 44.1650200709555 3.00002190228717
    vertex 339.015956510511 44.7085400656708 3.00002190228717
  endloop
endfacet
facet normal 6.03250778058854e-012 -1.54303747618928e-011 1.0
  outer loop
    vertex 338.61595651051 40.378413046748 3.00002190228717
    vertex 339.015956510511 44.7085400656708 3.00002190228717
    vertex 339.015956510512 119.708540065671 3.00002190228717
  endloop
endfacet
facet normal 6.03250778058854e-012 -1.54303747618928e-011 1.0
  outer loop
    vertex 338.61595651051 40.378413046748 3.00002190228717
    vertex 339.015956510512 119.708540065671 3.00002190228717
    vertex 338.615956510512 124.038667084593 3.00002190228717
  endloop
endfacet
facet normal 6.03250778058854e-012 -1.54303747618928e-011 1.0
  outer loop
    vertex 338.61595651051 40.378413046748 3.00002190228717
    vertex 338.615956510512 124.038667084593 3.00002190228717
    vertex 338.072149365468 123.675306767127 3.00002190228717
  endloop
endfacet
facet normal 6.03250778058854e-012 -1.54303747618928e-011 1.0
  outer loop
    vertex 338.61595651051 40.378413046748 3.00002190228717
    vertex 338.072149365468 123.675306767127 3.00002190228717
    vertex 338.072149365467 40.741773364214 3.00002190228717
  endloop
endfacet
facet normal 6.03250778058854e-012 -1.54303747618928e-011 1.0
  outer loop
    vertex 338.072149365467 40.741773364214 3.00002190228717
    vertex 338.072149365468 123.675306767127 3.00002190228717
    vertex 337.580422604579 123.244073971604 3.00002190228717
  endloop
endfacet
facet normal 6.03250778058854e-012 -1.54303747618928e-011 1.0
  outer loop
    vertex 338.072149365467 40.741773364214 3.00002190228717
    vertex 337.580422604579 123.244073971604 3.00002190228717
    vertex 337.580422604577 41.1730061597375 3.00002190228717
  endloop
endfacet
facet normal 6.03250778058854e-012 -1.54303747618928e-011 1.0
  outer loop
    vertex 337.580422604577 41.1730061597375 3.00002190228717
    vertex 337.580422604579 123.244073971604 3.00002190228717
    vertex 337.149189809056 122.752347210714 3.00002190228717
  endloop
endfacet
facet normal 6.03250778058854e-012 -1.54303747618928e-011 1.0
  outer loop
    vertex 337.580422604577 41.1730061597375 3.00002190228717
    vertex 337.149189809056 122.752347210714 3.00002190228717
    vertex 337.149189809054 41.6647329206268 3.00002190228717
  endloop
endfacet
facet normal 6.03250778058854e-012 -1.54303747618928e-011 1.0
  outer loop
    vertex 337.149189809054 41.6647329206268 3.00002190228717
    vertex 337.149189809056 122.752347210714 3.00002190228717
    vertex 336.78582949159 122.208540065671 3.00002190228717
  endloop
endfacet
facet normal 6.03250778058854e-012 -1.54303747618928e-011 1.0
  outer loop
    vertex 337.149189809054 41.6647329206268 3.00002190228717
    vertex 336.78582949159 122.208540065671 3.00002190228717
    vertex 336.785829491588 42.2085400656705 3.00002190228717
  endloop
endfacet
facet normal 6.03250778058854e-012 -1.54303747618928e-011 1.0
  outer loop
    vertex 336.785829491588 42.2085400656705 3.00002190228717
    vertex 336.78582949159 122.208540065671 3.00002190228717
    vertex 336.496558847956 121.621957227496 3.00002190228717
  endloop
endfacet
facet normal 6.03250778058854e-012 -1.54303747618928e-011 1.0
  outer loop
    vertex 336.785829491588 42.2085400656705 3.00002190228717
    vertex 336.496558847956 121.621957227496 3.00002190228717
    vertex 336.496558847954 42.7951229038451 3.00002190228717
  endloop
endfacet
facet normal 6.03250778058854e-012 -1.54303747618928e-011 1.0
  outer loop
    vertex 336.496558847954 42.7951229038451 3.00002190228717
    vertex 336.496558847956 121.621957227496 3.00002190228717
    vertex 336.286327379067 121.002635291183 3.00002190228717
  endloop
endfacet
facet normal 6.03250778058854e-012 -1.54303747618928e-011 1.0
  outer loop
    vertex 336.496558847954 42.7951229038451 3.00002190228717
    vertex 336.286327379067 121.002635291183 3.00002190228717
    vertex 336.286327379065 43.414444840158 3.00002190228717
  endloop
endfacet
facet normal 6.03250778058854e-012 -1.54303747618928e-011 1.0
  outer loop
    vertex 336.286327379065 43.414444840158 3.00002190228717
    vertex 336.286327379067 121.002635291183 3.00002190228717
    vertex 336.158732203643 120.361171026771 3.00002190228717
  endloop
endfacet
facet normal 6.03250778058854e-012 -1.54303747618928e-011 1.0
  outer loop
    vertex 336.286327379065 43.414444840158 3.00002190228717
    vertex 336.158732203643 120.361171026771 3.00002190228717
    vertex 336.158732203641 44.0559091045704 3.00002190228717
  endloop
endfacet
facet normal 6.03250778058854e-012 -1.54303747618928e-011 1.0
  outer loop
    vertex 336.158732203641 44.0559091045704 3.00002190228717
    vertex 336.158732203643 120.361171026771 3.00002190228717
    vertex 336.115956510512 119.708540065671 3.00002190228717
  endloop
endfacet
facet normal 6.03250778058854e-012 -1.54303747618928e-011 1.0
  outer loop
    vertex 336.158732203641 44.0559091045704 3.00002190228717
    vertex 336.115956510512 119.708540065671 3.00002190228717
    vertex 336.11595651051 44.7085400656708 3.00002190228717
  endloop
endfacet
facet normal 1.0 -1.42106225573558e-014 1.07132696177648e-028
  outer loop
    vertex 398.173754159729 47.0083325867474 3.00002189181303
    vertex 398.173754159729 59.7085400656692 6.74753196747702e-006
    vertex 398.173754159729 59.7085400656692 3.00002190228663
  endloop
endfacet
facet normal 1.0 -1.42106225573558e-014 1.07132696177648e-028
  outer loop
    vertex 398.173754159729 59.7085400656692 6.74753196747702e-006
    vertex 398.173754159729 47.0083325867474 3.00002189181303
    vertex 398.173754159729 47.0083325867474 6.88728873932121e-006
  endloop
endfacet
facet normal -1.41706358448845e-008 0.999999999999995 -1.02971370192454e-007
  outer loop
    vertex 347.365956510511 47.0083324654833 8.60002191485415
    vertex 396.615956510489 47.0083325867474 3.00002191486018
    vertex 347.365956510511 47.0083324654833 3.00002191485411
  endloop
endfacet
facet normal -1.41706358448845e-008 0.999999999999995 -1.02971370192454e-007
  outer loop
    vertex 396.615956510489 47.0083325867474 3.00002191486018
    vertex 347.365956510511 47.0083324654833 8.60002191485415
    vertex 396.615956510489 47.0083337400267 8.60002191486155
  endloop
endfacet
facet normal 1.0 -4.30447770795664e-010 -2.088180067963e-009
  outer loop
    vertex 350.365956510397 97.3083324654832 11.6000218904984
    vertex 350.365956474479 52.0078675029483 3.00002010420591
    vertex 350.365956510512 101.608332465483 3.00002191485398
  endloop
endfacet
facet normal 1.0 -4.30447770795664e-010 -2.088180067963e-009
  outer loop
    vertex 350.365956474479 52.0078675029483 3.00002010420591
    vertex 350.365956510397 97.3083324654832 11.6000218904984
    vertex 350.365956510511 56.3083324654832 11.6000219442454
  endloop
endfacet
facet normal -1.19991702727699e-007 -5.94042510109386e-008 0.999999999999991
  outer loop
    vertex 396.61595651049 106.608332586747 11.6000219148602
    vertex 391.615956510375 97.3083325867475 11.6000218905041
    vertex 396.615956510489 56.3083325867475 11.6000219442511
  endloop
endfacet
facet normal -1.19991702727699e-007 -5.94042510109386e-008 0.999999999999991
  outer loop
    vertex 391.615956510375 97.3083325867475 11.6000218905041
    vertex 396.61595651049 106.608332586747 11.6000219148602
    vertex 345.365956510512 106.608332465483 11.6000219148543
  endloop
endfacet
facet normal -1.19991702727699e-007 -5.94042510109386e-008 0.999999999999991
  outer loop
    vertex 396.615956510489 56.3083325867475 11.6000219442511
    vertex 391.615956510375 97.3083325867475 11.6000218905041
    vertex 391.615956510489 56.3083325867475 11.6000219442511
  endloop
endfacet
facet normal -1.19991702727699e-007 -5.94042510109386e-008 0.999999999999991
  outer loop
    vertex 391.615956510375 97.3083325867475 11.6000218905041
    vertex 345.365956510512 106.608332465483 11.6000219148543
    vertex 350.365956510397 97.3083324654832 11.6000218904984
  endloop
endfacet
facet normal -1.19991702727699e-007 -5.94042510109386e-008 0.999999999999991
  outer loop
    vertex 350.365956510397 97.3083324654832 11.6000218904984
    vertex 345.365956510512 106.608332465483 11.6000219148543
    vertex 347.365956510511 56.3083324654833 11.600021944245
  endloop
endfacet
facet normal -1.19991702727699e-007 -5.94042510109386e-008 0.999999999999991
  outer loop
    vertex 347.365956510511 51.0085443277567 11.5999916205451
    vertex 396.615956510489 47.0083045850822 11.6000219148661
    vertex 396.615956510489 51.0083368033868 11.6000219148661
  endloop
endfacet
facet normal -1.19991702727699e-007 -5.94042510109386e-008 0.999999999999991
  outer loop
    vertex 396.615956510489 47.0083045850822 11.6000219148661
    vertex 347.365956510511 51.0085443277567 11.5999916205451
    vertex 393.615956510489 46.0083045850822 11.6000219148661
  endloop
endfacet
facet normal -1.19991702727699e-007 -5.94042510109386e-008 0.999999999999991
  outer loop
    vertex 393.615956510489 46.0083045850822 11.6000219148661
    vertex 347.365956510511 51.0085443277567 11.5999916205451
    vertex 391.615815084956 46.0083045850823 11.6000219148661
  endloop
endfacet
facet normal -1.19991702727699e-007 -5.94042510109386e-008 0.999999999999991
  outer loop
    vertex 391.615815084956 46.0083045850823 11.6000219148661
    vertex 347.365956510511 51.0085443277567 11.5999916205451
    vertex 387.615811190075 42.0084435371384 11.6000219148662
  endloop
endfacet
facet normal -1.19991702727699e-007 -5.94042510109386e-008 0.999999999999991
  outer loop
    vertex 387.615811190075 42.0084435371384 11.6000219148662
    vertex 347.365956510511 51.0085443277567 11.5999916205451
    vertex 345.365956510511 42.0083366821226 11.6000219148602
  endloop
endfacet
facet normal -1.19991702727699e-007 -5.94042510109386e-008 0.999999999999991
  outer loop
    vertex 345.365956510511 42.0083366821226 11.6000219148602
    vertex 347.365956510511 51.0085443277567 11.5999916205451
    vertex 347.365956510511 56.3083324654833 11.600021944245
  endloop
endfacet
facet normal -1.19991702727699e-007 -5.94042510109386e-008 0.999999999999991
  outer loop
    vertex 345.365956510511 42.0083366821226 11.6000219148602
    vertex 347.365956510511 56.3083324654833 11.600021944245
    vertex 345.365956510512 106.608332465483 11.6000219148543
  endloop
endfacet
facet normal -1.19991702727699e-007 -5.94042510109386e-008 0.999999999999991
  outer loop
    vertex 347.365956510511 56.3083324654833 11.600021944245
    vertex 350.365956510511 56.3083324654832 11.6000219442454
    vertex 350.365956510397 97.3083324654832 11.6000218904984
  endloop
endfacet
facet normal -1.19991702727699e-007 -5.94042510109386e-008 0.999999999999991
  outer loop
    vertex 393.615956510489 44.0083045850822 11.6000219148661
    vertex 396.615956510489 47.0083045850822 11.6000219148661
    vertex 393.615956510489 46.0083045850822 11.6000219148661
  endloop
endfacet
facet normal 1.0 3.96069877444704e-014 -9.71575608196297e-015
  outer loop
    vertex 347.365956510511 51.0085443277567 11.5999916205451
    vertex 347.365956510511 52.0083324654832 3.00002191485416
    vertex 347.365956510511 56.3083324654833 11.600021944245
  endloop
endfacet
facet normal 1.0 3.96069877444704e-014 -9.71575608196297e-015
  outer loop
    vertex 347.365956510511 52.0083324654832 3.00002191485416
    vertex 347.365956510511 51.0085443277567 11.5999916205451
    vertex 347.365956510511 50.5083324654832 3.00002191485414
  endloop
endfacet
facet normal 1.0 3.96069877444704e-014 -9.71575608196297e-015
  outer loop
    vertex 347.365956510511 50.5083324654832 3.00002191485414
    vertex 347.365956510511 51.0085443277567 11.5999916205451
    vertex 347.365956510511 47.0083324654833 8.60002191485415
  endloop
endfacet
facet normal 1.0 3.96069877444704e-014 -9.71575608196297e-015
  outer loop
    vertex 347.365956510511 50.5083324654832 3.00002191485414
    vertex 347.365956510511 47.0083324654833 8.60002191485415
    vertex 347.365956510511 49.5083324654832 4.00002191485413
  endloop
endfacet
facet normal 1.0 3.96069877444704e-014 -9.71575608196297e-015
  outer loop
    vertex 347.365956510511 49.5083324654832 4.00002191485413
    vertex 347.365956510511 47.0083324654833 8.60002191485415
    vertex 347.365956510511 48.5083324654832 3.00002191485414
  endloop
endfacet
facet normal 1.0 3.96069877444704e-014 -9.71575608196297e-015
  outer loop
    vertex 347.365956510511 48.5083324654832 3.00002191485414
    vertex 347.365956510511 47.0083324654833 8.60002191485415
    vertex 347.365956510511 47.0083324654833 3.00002191485411
  endloop
endfacet
facet normal -6.91768106530918e-005 -0.894417536683573 0.447232898261585
  outer loop
    vertex 350.365956510511 56.3083324654832 11.6000219442454
    vertex 347.365956510511 52.0083324654832 3.00002191485416
    vertex 350.365956474479 52.0078675029483 3.00002010420591
  endloop
endfacet
facet normal -6.91768106530918e-005 -0.894417536683573 0.447232898261585
  outer loop
    vertex 347.365956510511 52.0083324654832 3.00002191485416
    vertex 350.365956510511 56.3083324654832 11.6000219442454
    vertex 347.365956510511 56.3083324654833 11.600021944245
  endloop
endfacet
facet normal -1.04828190203233e-014 -0.707106781186552 0.707106781186543
  outer loop
    vertex 396.615956510489 48.5083324654886 3.00002191486021
    vertex 347.365956510511 49.5083324654832 4.00002191485413
    vertex 347.365956510511 48.5083324654832 3.00002191485414
  endloop
endfacet
facet normal -1.04828190203233e-014 -0.707106781186552 0.707106781186543
  outer loop
    vertex 347.365956510511 49.5083324654832 4.00002191485413
    vertex 396.615956510489 48.5083324654886 3.00002191486021
    vertex 391.615956510489 49.5083324654887 4.0000219148602
  endloop
endfacet
facet normal 0.196116135138191 5.95589983441864e-028 0.980580675690919
  outer loop
    vertex 391.615956510489 49.5083324654887 4.0000219148602
    vertex 396.615956510489 48.5083324654886 3.00002191486021
    vertex 396.615956510489 50.5083324654886 3.00002191486021
  endloop
endfacet
facet normal -0.999464587476364 -0.0327190828218195 0.0
  outer loop
    vertex 390.865956510511 76.8083325260455 2.19180002996922e-005
    vertex 390.823134975283 78.1163951106482 3.00002191800032
    vertex 390.823134975283 78.1163951106482 2.19180002996922e-005
  endloop
endfacet
facet normal -0.999464587476364 -0.0327190828218195 0.0
  outer loop
    vertex 390.823134975283 78.1163951106482 3.00002191800032
    vertex 390.865956510511 76.8083325260455 2.19180002996922e-005
    vertex 390.865956510511 76.8083325260455 3.00002191800032
  endloop
endfacet
facet normal -0.995184726672196 -0.098017140329565 0.0
  outer loop
    vertex 390.823134975283 78.1163951106482 2.19180002996922e-005
    vertex 390.694853737988 79.4188563704464 3.00002191800032
    vertex 390.694853737988 79.4188563704464 2.19180002996922e-005
  endloop
endfacet
facet normal -0.995184726672196 -0.098017140329565 0.0
  outer loop
    vertex 390.694853737988 79.4188563704464 3.00002191800032
    vertex 390.823134975283 78.1163951106482 2.19180002996922e-005
    vertex 390.823134975283 78.1163951106482 3.00002191800032
  endloop
endfacet
facet normal -0.986643332084887 -0.162895473394539 0.0
  outer loop
    vertex 390.694853737988 79.4188563704464 2.19180002996922e-005
    vertex 390.481662118576 80.710138966368 3.00002191800032
    vertex 390.481662118576 80.710138966368 2.19180002996922e-005
  endloop
endfacet
facet normal -0.986643332084887 -0.162895473394539 0.0
  outer loop
    vertex 390.481662118576 80.710138966368 3.00002191800032
    vertex 390.694853737988 79.4188563704464 2.19180002996922e-005
    vertex 390.694853737988 79.4188563704464 3.00002191800032
  endloop
endfacet
facet normal -0.973876979277361 -0.227076263034259 0.0
  outer loop
    vertex 390.481662118576 80.710138966368 2.19180002996922e-005
    vertex 390.184473036293 81.9847134280958 3.00002191800032
    vertex 390.184473036293 81.9847134280958 2.19180002996922e-005
  endloop
endfacet
facet normal -0.973876979277361 -0.227076263034259 0.0
  outer loop
    vertex 390.184473036293 81.9847134280958 3.00002191800032
    vertex 390.481662118576 80.710138966368 2.19180002996922e-005
    vertex 390.481662118576 80.710138966368 3.00002191800032
  endloop
endfacet
facet normal -0.956940335732176 -0.290284677254571 0.0
  outer loop
    vertex 390.184473036293 81.9847134280958 2.19180002996922e-005
    vertex 389.804559100414 83.2371218321086 3.00002191800032
    vertex 389.804559100414 83.2371218321086 2.19180002996922e-005
  endloop
endfacet
facet normal -0.956940335732176 -0.290284677254571 0.0
  outer loop
    vertex 389.804559100414 83.2371218321086 3.00002191800032
    vertex 390.184473036293 81.9847134280958 2.19180002996922e-005
    vertex 390.184473036293 81.9847134280958 3.00002191800032
  endloop
endfacet
facet normal -0.935905926757372 -0.352250047921111 0.0
  outer loop
    vertex 389.804559100414 83.2371218321086 2.19180002996922e-005
    vertex 389.343547160737 84.4620011733472 3.00002191800032
    vertex 389.343547160737 84.4620011733472 2.19180002996922e-005
  endloop
endfacet
facet normal -0.935905926757372 -0.352250047921111 0.0
  outer loop
    vertex 389.343547160737 84.4620011733472 3.00002191800032
    vertex 389.804559100414 83.2371218321086 2.19180002996922e-005
    vertex 389.804559100414 83.2371218321086 3.00002191800032
  endloop
endfacet
facet normal -0.910863824921186 -0.412707029804372 0.0
  outer loop
    vertex 389.343547160737 84.4620011733472 2.19180002996922e-005
    vertex 388.803411341165 85.6541063304254 3.00002191800032
    vertex 388.803411341165 85.6541063304254 2.19180002996922e-005
  endloop
endfacet
facet normal -0.910863824921186 -0.412707029804372 0.0
  outer loop
    vertex 388.803411341165 85.6541063304254 3.00002191800032
    vertex 389.343547160737 84.4620011733472 2.19180002996922e-005
    vertex 389.343547160737 84.4620011733472 3.00002191800032
  endloop
endfacet
facet normal -0.881921264348298 -0.471396736826104 0.0
  outer loop
    vertex 388.803411341165 85.6541063304254 2.19180002996922e-005
    vertex 388.1864645862 86.8083325260454 3.00002191800032
    vertex 388.1864645862 86.8083325260454 2.19180002996922e-005
  endloop
endfacet
facet normal -0.881921264348298 -0.471396736826104 0.0
  outer loop
    vertex 388.1864645862 86.8083325260454 3.00002191800032
    vertex 388.803411341165 85.6541063304254 2.19180002996922e-005
    vertex 388.803411341165 85.6541063304254 3.00002191800032
  endloop
endfacet
facet normal -0.849202181526653 -0.528067850650248 0.0
  outer loop
    vertex 388.1864645862 86.8083325260454 2.19180002996922e-005
    vertex 387.495348756562 87.9197371864375 3.00002191800032
    vertex 387.495348756562 87.9197371864375 2.19180002996922e-005
  endloop
endfacet
facet normal -0.849202181526653 -0.528067850650248 0.0
  outer loop
    vertex 387.495348756562 87.9197371864375 3.00002191800032
    vertex 388.1864645862 86.8083325260454 2.19180002996922e-005
    vertex 388.1864645862 86.8083325260454 3.00002191800032
  endloop
endfacet
facet normal -0.812846684591646 -0.58247769686776 0.0
  outer loop
    vertex 387.495348756562 87.9197371864375 2.19180002996922e-005
    vertex 386.733023316336 88.9835611062199 3.00002191800032
    vertex 386.733023316336 88.9835611062199 2.19180002996922e-005
  endloop
endfacet
facet normal -0.812846684591646 -0.58247769686776 0.0
  outer loop
    vertex 386.733023316336 88.9835611062199 3.00002191800032
    vertex 387.495348756562 87.9197371864375 2.19180002996922e-005
    vertex 387.495348756562 87.9197371864375 3.00002191800032
  endloop
endfacet
facet normal -0.773010453362657 -0.634393284163743 0.0
  outer loop
    vertex 386.733023316336 88.9835611062199 2.19180002996922e-005
    vertex 385.902752660091 89.9952488280469 3.00002191800032
    vertex 385.902752660091 89.9952488280469 2.19180002996922e-005
  endloop
endfacet
facet normal -0.773010453362657 -0.634393284163743 0.0
  outer loop
    vertex 385.902752660091 89.9952488280469 3.00002191800032
    vertex 386.733023316336 88.9835611062199 2.19180002996922e-005
    vertex 386.733023316336 88.9835611062199 3.00002191800032
  endloop
endfacet
facet normal -0.729864072697884 -0.68359230202282 0.0
  outer loop
    vertex 385.902752660091 89.9952488280469 2.19180002996922e-005
    vertex 385.008092134243 90.9504681497765 3.00002191800032
    vertex 385.008092134243 90.9504681497765 2.19180002996922e-005
  endloop
endfacet
facet normal -0.729864072697884 -0.68359230202282 0.0
  outer loop
    vertex 385.008092134243 90.9504681497765 3.00002191800032
    vertex 385.902752660091 89.9952488280469 2.19180002996922e-005
    vertex 385.902752660091 89.9952488280469 3.00002191800032
  endloop
endfacet
facet normal -0.683592302022883 -0.729864072697825 0.0
  outer loop
    vertex 385.008092134243 90.9504681497765 3.00002191800032
    vertex 384.052872812513 91.8451286756251 2.19180002996922e-005
    vertex 385.008092134243 90.9504681497765 2.19180002996922e-005
  endloop
endfacet
facet normal -0.683592302022883 -0.729864072697825 0.0
  outer loop
    vertex 384.052872812513 91.8451286756251 2.19180002996922e-005
    vertex 385.008092134243 90.9504681497765 3.00002191800032
    vertex 384.052872812513 91.8451286756251 3.00002191800032
  endloop
endfacet
facet normal -0.634393284163664 -0.773010453362722 0.0
  outer loop
    vertex 384.052872812513 91.8451286756251 3.00002191800032
    vertex 383.041185090686 92.6753993318702 2.19180002996922e-005
    vertex 384.052872812513 91.8451286756251 2.19180002996922e-005
  endloop
endfacet
facet normal -0.634393284163664 -0.773010453362722 0.0
  outer loop
    vertex 383.041185090686 92.6753993318702 2.19180002996922e-005
    vertex 384.052872812513 91.8451286756251 3.00002191800032
    vertex 383.041185090686 92.6753993318702 3.00002191800032
  endloop
endfacet
facet normal -0.582477696867825 -0.812846684591599 0.0
  outer loop
    vertex 383.041185090686 92.6753993318702 3.00002191800032
    vertex 381.977361170904 93.4377247720965 2.19180002996922e-005
    vertex 383.041185090686 92.6753993318702 2.19180002996922e-005
  endloop
endfacet
facet normal -0.582477696867825 -0.812846684591599 0.0
  outer loop
    vertex 381.977361170904 93.4377247720965 2.19180002996922e-005
    vertex 383.041185090686 92.6753993318702 3.00002191800032
    vertex 381.977361170904 93.4377247720965 3.00002191800032
  endloop
endfacet
facet normal -0.528067850650434 -0.849202181526538 0.0
  outer loop
    vertex 381.977361170904 93.4377247720965 3.00002191800032
    vertex 380.865956510512 94.1288406017344 2.19180002996922e-005
    vertex 381.977361170904 93.4377247720965 2.19180002996922e-005
  endloop
endfacet
facet normal -0.528067850650434 -0.849202181526538 0.0
  outer loop
    vertex 380.865956510512 94.1288406017344 2.19180002996922e-005
    vertex 381.977361170904 93.4377247720965 3.00002191800032
    vertex 380.865956510512 94.1288406017344 3.00002191800032
  endloop
endfacet
facet normal -0.471396736825953 -0.881921264348379 0.0
  outer loop
    vertex 380.865956510512 94.1288406017344 3.00002191800032
    vertex 379.711730314892 94.7457873566994 2.19180002996922e-005
    vertex 380.865956510512 94.1288406017344 2.19180002996922e-005
  endloop
endfacet
facet normal -0.471396736825953 -0.881921264348379 0.0
  outer loop
    vertex 379.711730314892 94.7457873566994 2.19180002996922e-005
    vertex 380.865956510512 94.1288406017344 3.00002191800032
    vertex 379.711730314892 94.7457873566994 3.00002191800032
  endloop
endfacet
facet normal -0.412707029804406 -0.910863824921171 0.0
  outer loop
    vertex 379.711730314892 94.7457873566994 3.00002191800032
    vertex 378.519625157813 95.2859231762714 2.19180002996922e-005
    vertex 379.711730314892 94.7457873566994 2.19180002996922e-005
  endloop
endfacet
facet normal -0.412707029804406 -0.910863824921171 0.0
  outer loop
    vertex 378.519625157813 95.2859231762714 2.19180002996922e-005
    vertex 379.711730314892 94.7457873566994 3.00002191800032
    vertex 378.519625157813 95.2859231762714 3.00002191800032
  endloop
endfacet
facet normal -0.352250047921265 -0.935905926757314 0.0
  outer loop
    vertex 378.519625157813 95.2859231762714 3.00002191800032
    vertex 377.294745816575 95.7469351159477 2.19180002996922e-005
    vertex 378.519625157813 95.2859231762714 2.19180002996922e-005
  endloop
endfacet
facet normal -0.352250047921265 -0.935905926757314 0.0
  outer loop
    vertex 377.294745816575 95.7469351159477 2.19180002996922e-005
    vertex 378.519625157813 95.2859231762714 3.00002191800032
    vertex 377.294745816575 95.7469351159477 3.00002191800032
  endloop
endfacet
facet normal -0.290284677254459 -0.95694033573221 0.0
  outer loop
    vertex 377.294745816575 95.7469351159477 3.00002191800032
    vertex 376.042337412562 96.126849051827 2.19180002996922e-005
    vertex 377.294745816575 95.7469351159477 2.19180002996922e-005
  endloop
endfacet
facet normal -0.290284677254459 -0.95694033573221 0.0
  outer loop
    vertex 376.042337412562 96.126849051827 2.19180002996922e-005
    vertex 377.294745816575 95.7469351159477 3.00002191800032
    vertex 376.042337412562 96.126849051827 3.00002191800032
  endloop
endfacet
facet normal -0.227076263034411 -0.973876979277325 0.0
  outer loop
    vertex 376.042337412562 96.126849051827 3.00002191800032
    vertex 374.767762950834 96.4240381341103 2.19180002996922e-005
    vertex 376.042337412562 96.126849051827 2.19180002996922e-005
  endloop
endfacet
facet normal -0.227076263034411 -0.973876979277325 0.0
  outer loop
    vertex 374.767762950834 96.4240381341103 2.19180002996922e-005
    vertex 376.042337412562 96.126849051827 3.00002191800032
    vertex 374.767762950834 96.4240381341103 3.00002191800032
  endloop
endfacet
facet normal -0.162895473394603 -0.986643332084877 0.0
  outer loop
    vertex 374.767762950834 96.4240381341103 3.00002191800032
    vertex 373.476480354913 96.6372297535219 2.19180002996922e-005
    vertex 374.767762950834 96.4240381341103 2.19180002996922e-005
  endloop
endfacet
facet normal -0.162895473394603 -0.986643332084877 0.0
  outer loop
    vertex 373.476480354913 96.6372297535219 2.19180002996922e-005
    vertex 374.767762950834 96.4240381341103 3.00002191800032
    vertex 373.476480354913 96.6372297535219 3.00002191800032
  endloop
endfacet
facet normal -0.098017140329565 -0.995184726672196 0.0
  outer loop
    vertex 373.476480354913 96.6372297535219 3.00002191800032
    vertex 372.174019095115 96.7655109908178 2.19180002996922e-005
    vertex 373.476480354913 96.6372297535219 2.19180002996922e-005
  endloop
endfacet
facet normal -0.098017140329565 -0.995184726672196 0.0
  outer loop
    vertex 372.174019095115 96.7655109908178 2.19180002996922e-005
    vertex 373.476480354913 96.6372297535219 3.00002191800032
    vertex 372.174019095115 96.7655109908178 3.00002191800032
  endloop
endfacet
facet normal -0.0327190828217967 -0.999464587476365 0.0
  outer loop
    vertex 372.174019095115 96.7655109908178 3.00002191800032
    vertex 370.865956510512 96.8083325260458 2.19180002996922e-005
    vertex 372.174019095115 96.7655109908178 2.19180002996922e-005
  endloop
endfacet
facet normal -0.0327190828217967 -0.999464587476365 0.0
  outer loop
    vertex 370.865956510512 96.8083325260458 2.19180002996922e-005
    vertex 372.174019095115 96.7655109908178 3.00002191800032
    vertex 370.865956510512 96.8083325260458 3.00002191800032
  endloop
endfacet
facet normal 0.032719082821745 -0.999464587476367 0.0
  outer loop
    vertex 370.865956510512 96.8083325260458 3.00002191800032
    vertex 369.557893925909 96.7655109908179 2.19180002996922e-005
    vertex 370.865956510512 96.8083325260458 2.19180002996922e-005
  endloop
endfacet
facet normal 0.032719082821745 -0.999464587476367 0.0
  outer loop
    vertex 369.557893925909 96.7655109908179 2.19180002996922e-005
    vertex 370.865956510512 96.8083325260458 3.00002191800032
    vertex 369.557893925909 96.7655109908179 3.00002191800032
  endloop
endfacet
facet normal 0.098017140329565 -0.995184726672196 0.0
  outer loop
    vertex 369.557893925909 96.7655109908179 3.00002191800032
    vertex 368.255432666111 96.637229753522 2.19180002996922e-005
    vertex 369.557893925909 96.7655109908179 2.19180002996922e-005
  endloop
endfacet
facet normal 0.098017140329565 -0.995184726672196 0.0
  outer loop
    vertex 368.255432666111 96.637229753522 2.19180002996922e-005
    vertex 369.557893925909 96.7655109908179 3.00002191800032
    vertex 368.255432666111 96.637229753522 3.00002191800032
  endloop
endfacet
facet normal 0.162895473394548 -0.986643332084886 0.0
  outer loop
    vertex 368.255432666111 96.637229753522 3.00002191800032
    vertex 366.964150070189 96.4240381341104 2.19180002996922e-005
    vertex 368.255432666111 96.637229753522 2.19180002996922e-005
  endloop
endfacet
facet normal 0.162895473394548 -0.986643332084886 0.0
  outer loop
    vertex 366.964150070189 96.4240381341104 2.19180002996922e-005
    vertex 368.255432666111 96.637229753522 3.00002191800032
    vertex 366.964150070189 96.4240381341104 3.00002191800032
  endloop
endfacet
facet normal 0.227076263034423 -0.973876979277322 0.0
  outer loop
    vertex 366.964150070189 96.4240381341104 3.00002191800032
    vertex 365.689575608461 96.1268490518272 2.19180002996922e-005
    vertex 366.964150070189 96.4240381341104 2.19180002996922e-005
  endloop
endfacet
facet normal 0.227076263034423 -0.973876979277322 0.0
  outer loop
    vertex 365.689575608461 96.1268490518272 2.19180002996922e-005
    vertex 366.964150070189 96.4240381341104 3.00002191800032
    vertex 365.689575608461 96.1268490518272 3.00002191800032
  endloop
endfacet
facet normal 0.290284677254418 -0.956940335732222 0.0
  outer loop
    vertex 365.689575608461 96.1268490518272 3.00002191800032
    vertex 364.437167204448 95.746935115948 2.19180002996922e-005
    vertex 365.689575608461 96.1268490518272 2.19180002996922e-005
  endloop
endfacet
facet normal 0.290284677254418 -0.956940335732222 0.0
  outer loop
    vertex 364.437167204448 95.746935115948 2.19180002996922e-005
    vertex 365.689575608461 96.1268490518272 3.00002191800032
    vertex 364.437167204448 95.746935115948 3.00002191800032
  endloop
endfacet
facet normal 0.352250047921239 -0.935905926757324 0.0
  outer loop
    vertex 364.437167204448 95.746935115948 3.00002191800032
    vertex 363.21228786321 95.2859231762716 2.19180002996922e-005
    vertex 364.437167204448 95.746935115948 2.19180002996922e-005
  endloop
endfacet
facet normal 0.352250047921239 -0.935905926757324 0.0
  outer loop
    vertex 363.21228786321 95.2859231762716 2.19180002996922e-005
    vertex 364.437167204448 95.746935115948 3.00002191800032
    vertex 363.21228786321 95.2859231762716 3.00002191800032
  endloop
endfacet
facet normal 0.412707029804353 -0.910863824921195 0.0
  outer loop
    vertex 363.21228786321 95.2859231762716 3.00002191800032
    vertex 362.020182706131 94.7457873566996 2.19180002996922e-005
    vertex 363.21228786321 95.2859231762716 2.19180002996922e-005
  endloop
endfacet
facet normal 0.412707029804353 -0.910863824921195 0.0
  outer loop
    vertex 362.020182706131 94.7457873566996 2.19180002996922e-005
    vertex 363.21228786321 95.2859231762716 3.00002191800032
    vertex 362.020182706131 94.7457873566996 3.00002191800032
  endloop
endfacet
facet normal 0.471396736826041 -0.881921264348332 0.0
  outer loop
    vertex 362.020182706131 94.7457873566996 3.00002191800032
    vertex 360.865956510512 94.1288406017347 2.19180002996922e-005
    vertex 362.020182706131 94.7457873566996 2.19180002996922e-005
  endloop
endfacet
facet normal 0.471396736826041 -0.881921264348332 0.0
  outer loop
    vertex 360.865956510512 94.1288406017347 2.19180002996922e-005
    vertex 362.020182706131 94.7457873566996 3.00002191800032
    vertex 360.865956510512 94.1288406017347 3.00002191800032
  endloop
endfacet
facet normal 0.52806785065036 -0.849202181526584 0.0
  outer loop
    vertex 360.865956510512 94.1288406017347 3.00002191800032
    vertex 359.75455185012 93.4377247720968 2.19180002996922e-005
    vertex 360.865956510512 94.1288406017347 2.19180002996922e-005
  endloop
endfacet
facet normal 0.52806785065036 -0.849202181526584 0.0
  outer loop
    vertex 359.75455185012 93.4377247720968 2.19180002996922e-005
    vertex 360.865956510512 94.1288406017347 3.00002191800032
    vertex 359.75455185012 93.4377247720968 3.00002191800032
  endloop
endfacet
facet normal 0.582477696867774 -0.812846684591635 0.0
  outer loop
    vertex 359.75455185012 93.4377247720968 3.00002191800032
    vertex 358.690727930337 92.6753993318706 2.19180002996922e-005
    vertex 359.75455185012 93.4377247720968 2.19180002996922e-005
  endloop
endfacet
facet normal 0.582477696867774 -0.812846684591635 0.0
  outer loop
    vertex 358.690727930337 92.6753993318706 2.19180002996922e-005
    vertex 359.75455185012 93.4377247720968 3.00002191800032
    vertex 358.690727930337 92.6753993318706 3.00002191800032
  endloop
endfacet
facet normal 0.63439328416362 -0.773010453362758 0.0
  outer loop
    vertex 358.690727930337 92.6753993318706 3.00002191800032
    vertex 357.67904020851 91.8451286756255 2.19180002996922e-005
    vertex 358.690727930337 92.6753993318706 2.19180002996922e-005
  endloop
endfacet
facet normal 0.63439328416362 -0.773010453362758 0.0
  outer loop
    vertex 357.67904020851 91.8451286756255 2.19180002996922e-005
    vertex 358.690727930337 92.6753993318706 3.00002191800032
    vertex 357.67904020851 91.8451286756255 3.00002191800032
  endloop
endfacet
facet normal 0.683592302022892 -0.729864072697816 0.0
  outer loop
    vertex 357.67904020851 91.8451286756255 3.00002191800032
    vertex 356.723820886781 90.9504681497768 2.19180002996922e-005
    vertex 357.67904020851 91.8451286756255 2.19180002996922e-005
  endloop
endfacet
facet normal 0.683592302022892 -0.729864072697816 0.0
  outer loop
    vertex 356.723820886781 90.9504681497768 2.19180002996922e-005
    vertex 357.67904020851 91.8451286756255 3.00002191800032
    vertex 356.723820886781 90.9504681497768 3.00002191800032
  endloop
endfacet
facet normal 0.729864072697809 -0.6835923020229 0.0
  outer loop
    vertex 355.829160360932 89.9952488280473 3.00002191800032
    vertex 356.723820886781 90.9504681497768 2.19180002996922e-005
    vertex 356.723820886781 90.9504681497768 3.00002191800032
  endloop
endfacet
facet normal 0.729864072697809 -0.6835923020229 0.0
  outer loop
    vertex 356.723820886781 90.9504681497768 2.19180002996922e-005
    vertex 355.829160360932 89.9952488280473 3.00002191800032
    vertex 355.829160360932 89.9952488280473 2.19180002996922e-005
  endloop
endfacet
facet normal 0.773010453362752 -0.634393284163628 0.0
  outer loop
    vertex 354.998889704687 88.9835611062203 3.00002191800032
    vertex 355.829160360932 89.9952488280473 2.19180002996922e-005
    vertex 355.829160360932 89.9952488280473 3.00002191800032
  endloop
endfacet
facet normal 0.773010453362752 -0.634393284163628 0.0
  outer loop
    vertex 355.829160360932 89.9952488280473 2.19180002996922e-005
    vertex 354.998889704687 88.9835611062203 3.00002191800032
    vertex 354.998889704687 88.9835611062203 2.19180002996922e-005
  endloop
endfacet
facet normal 0.812846684591602 -0.582477696867821 0.0
  outer loop
    vertex 354.236564264461 87.919737186438 3.00002191800032
    vertex 354.998889704687 88.9835611062203 2.19180002996922e-005
    vertex 354.998889704687 88.9835611062203 3.00002191800032
  endloop
endfacet
facet normal 0.812846684591602 -0.582477696867821 0.0
  outer loop
    vertex 354.998889704687 88.9835611062203 2.19180002996922e-005
    vertex 354.236564264461 87.919737186438 3.00002191800032
    vertex 354.236564264461 87.919737186438 2.19180002996922e-005
  endloop
endfacet
facet normal 0.84920218152652 -0.528067850650463 0.0
  outer loop
    vertex 353.545448434823 86.808332526046 3.00002191800032
    vertex 354.236564264461 87.919737186438 2.19180002996922e-005
    vertex 354.236564264461 87.919737186438 3.00002191800032
  endloop
endfacet
facet normal 0.84920218152652 -0.528067850650463 0.0
  outer loop
    vertex 354.236564264461 87.919737186438 2.19180002996922e-005
    vertex 353.545448434823 86.808332526046 3.00002191800032
    vertex 353.545448434823 86.808332526046 2.19180002996922e-005
  endloop
endfacet
facet normal 0.881921264348413 -0.47139673682589 0.0
  outer loop
    vertex 352.928501679858 85.654106330426 3.00002191800032
    vertex 353.545448434823 86.808332526046 2.19180002996922e-005
    vertex 353.545448434823 86.808332526046 3.00002191800032
  endloop
endfacet
facet normal 0.881921264348413 -0.47139673682589 0.0
  outer loop
    vertex 353.545448434823 86.808332526046 2.19180002996922e-005
    vertex 352.928501679858 85.654106330426 3.00002191800032
    vertex 352.928501679858 85.654106330426 2.19180002996922e-005
  endloop
endfacet
facet normal 0.910863824921112 -0.412707029804535 0.0
  outer loop
    vertex 352.388365860286 84.4620011733478 3.00002191800032
    vertex 352.928501679858 85.654106330426 2.19180002996922e-005
    vertex 352.928501679858 85.654106330426 3.00002191800032
  endloop
endfacet
facet normal 0.910863824921112 -0.412707029804535 0.0
  outer loop
    vertex 352.928501679858 85.654106330426 2.19180002996922e-005
    vertex 352.388365860286 84.4620011733478 3.00002191800032
    vertex 352.388365860286 84.4620011733478 2.19180002996922e-005
  endloop
endfacet
facet normal 0.935905926757363 -0.352250047921135 0.0
  outer loop
    vertex 351.92735392061 83.2371218321092 3.00002191800032
    vertex 352.388365860286 84.4620011733478 2.19180002996922e-005
    vertex 352.388365860286 84.4620011733478 3.00002191800032
  endloop
endfacet
facet normal 0.935905926757363 -0.352250047921135 0.0
  outer loop
    vertex 352.388365860286 84.4620011733478 2.19180002996922e-005
    vertex 351.92735392061 83.2371218321092 3.00002191800032
    vertex 351.92735392061 83.2371218321092 2.19180002996922e-005
  endloop
endfacet
facet normal 0.956940335732203 -0.290284677254481 0.0
  outer loop
    vertex 351.54743998473 81.9847134280964 3.00002191800032
    vertex 351.92735392061 83.2371218321092 2.19180002996922e-005
    vertex 351.92735392061 83.2371218321092 3.00002191800032
  endloop
endfacet
facet normal 0.956940335732203 -0.290284677254481 0.0
  outer loop
    vertex 351.92735392061 83.2371218321092 2.19180002996922e-005
    vertex 351.54743998473 81.9847134280964 3.00002191800032
    vertex 351.54743998473 81.9847134280964 2.19180002996922e-005
  endloop
endfacet
facet normal 0.973876979277337 -0.22707626303436 0.0
  outer loop
    vertex 351.250250902447 80.7101389663686 3.00002191800032
    vertex 351.54743998473 81.9847134280964 2.19180002996922e-005
    vertex 351.54743998473 81.9847134280964 3.00002191800032
  endloop
endfacet
facet normal 0.973876979277337 -0.22707626303436 0.0
  outer loop
    vertex 351.54743998473 81.9847134280964 2.19180002996922e-005
    vertex 351.250250902447 80.7101389663686 3.00002191800032
    vertex 351.250250902447 80.7101389663686 2.19180002996922e-005
  endloop
endfacet
facet normal 0.986643332084881 -0.162895473394578 0.0
  outer loop
    vertex 351.037059283035 79.418856370447 3.00002191800032
    vertex 351.250250902447 80.7101389663686 2.19180002996922e-005
    vertex 351.250250902447 80.7101389663686 3.00002191800032
  endloop
endfacet
facet normal 0.986643332084881 -0.162895473394578 0.0
  outer loop
    vertex 351.250250902447 80.7101389663686 2.19180002996922e-005
    vertex 351.037059283035 79.418856370447 3.00002191800032
    vertex 351.037059283035 79.418856370447 2.19180002996922e-005
  endloop
endfacet
facet normal 0.995184726672193 -0.0980171403296026 0.0
  outer loop
    vertex 350.908778045739 78.1163951106489 3.00002191800032
    vertex 351.037059283035 79.418856370447 2.19180002996922e-005
    vertex 351.037059283035 79.418856370447 3.00002191800032
  endloop
endfacet
facet normal 0.995184726672193 -0.0980171403296026 0.0
  outer loop
    vertex 351.037059283035 79.418856370447 2.19180002996922e-005
    vertex 350.908778045739 78.1163951106489 3.00002191800032
    vertex 350.908778045739 78.1163951106489 2.19180002996922e-005
  endloop
endfacet
facet normal 0.999464587476366 -0.0327190828217794 0.0
  outer loop
    vertex 350.865956510512 76.8083325260461 3.00002191800032
    vertex 350.908778045739 78.1163951106489 2.19180002996922e-005
    vertex 350.908778045739 78.1163951106489 3.00002191800032
  endloop
endfacet
facet normal 0.999464587476366 -0.0327190828217794 0.0
  outer loop
    vertex 350.908778045739 78.1163951106489 2.19180002996922e-005
    vertex 350.865956510512 76.8083325260461 3.00002191800032
    vertex 350.865956510512 76.8083325260461 2.19180002996922e-005
  endloop
endfacet
facet normal 0.999464587476368 0.0327190828217117 0.0
  outer loop
    vertex 350.908778045739 75.5002699414432 3.00002191800032
    vertex 350.865956510512 76.8083325260461 2.19180002996922e-005
    vertex 350.865956510512 76.8083325260461 3.00002191800032
  endloop
endfacet
facet normal 0.999464587476368 0.0327190828217117 0.0
  outer loop
    vertex 350.865956510512 76.8083325260461 2.19180002996922e-005
    vertex 350.908778045739 75.5002699414432 3.00002191800032
    vertex 350.908778045739 75.5002699414432 2.19180002996922e-005
  endloop
endfacet
facet normal 0.995184726672193 0.0980171403295992 0.0
  outer loop
    vertex 351.037059283035 74.197808681645 3.00002191800032
    vertex 350.908778045739 75.5002699414432 2.19180002996922e-005
    vertex 350.908778045739 75.5002699414432 3.00002191800032
  endloop
endfacet
facet normal 0.995184726672193 0.0980171403295992 0.0
  outer loop
    vertex 350.908778045739 75.5002699414432 2.19180002996922e-005
    vertex 351.037059283035 74.197808681645 3.00002191800032
    vertex 351.037059283035 74.197808681645 2.19180002996922e-005
  endloop
endfacet
facet normal 0.986643332084887 0.162895473394539 0.0
  outer loop
    vertex 351.250250902447 72.9065260857234 3.00002191800032
    vertex 351.037059283035 74.197808681645 2.19180002996922e-005
    vertex 351.037059283035 74.197808681645 3.00002191800032
  endloop
endfacet
facet normal 0.986643332084887 0.162895473394539 0.0
  outer loop
    vertex 351.037059283035 74.197808681645 2.19180002996922e-005
    vertex 351.250250902447 72.9065260857234 3.00002191800032
    vertex 351.250250902447 72.9065260857234 2.19180002996922e-005
  endloop
endfacet
facet normal 0.973876979277329 0.227076263034393 0.0
  outer loop
    vertex 351.54743998473 71.6319516239956 3.00002191800032
    vertex 351.250250902447 72.9065260857234 2.19180002996922e-005
    vertex 351.250250902447 72.9065260857234 3.00002191800032
  endloop
endfacet
facet normal 0.973876979277329 0.227076263034393 0.0
  outer loop
    vertex 351.250250902447 72.9065260857234 2.19180002996922e-005
    vertex 351.54743998473 71.6319516239956 3.00002191800032
    vertex 351.54743998473 71.6319516239956 2.19180002996922e-005
  endloop
endfacet
facet normal 0.956940335732213 0.29028467725445 0.0
  outer loop
    vertex 351.927353920609 70.3795432199828 3.00002191800032
    vertex 351.54743998473 71.6319516239956 2.19180002996922e-005
    vertex 351.54743998473 71.6319516239956 3.00002191800032
  endloop
endfacet
facet normal 0.956940335732213 0.29028467725445 0.0
  outer loop
    vertex 351.54743998473 71.6319516239956 2.19180002996922e-005
    vertex 351.927353920609 70.3795432199828 3.00002191800032
    vertex 351.927353920609 70.3795432199828 2.19180002996922e-005
  endloop
endfacet
facet normal 0.935905926757329 0.352250047921226 0.0
  outer loop
    vertex 352.388365860286 69.1546638787442 3.00002191800032
    vertex 351.927353920609 70.3795432199828 2.19180002996922e-005
    vertex 351.927353920609 70.3795432199828 3.00002191800032
  endloop
endfacet
facet normal 0.935905926757329 0.352250047921226 0.0
  outer loop
    vertex 351.927353920609 70.3795432199828 2.19180002996922e-005
    vertex 352.388365860286 69.1546638787442 3.00002191800032
    vertex 352.388365860286 69.1546638787442 2.19180002996922e-005
  endloop
endfacet
facet normal 0.910863824921219 0.412707029804299 0.0
  outer loop
    vertex 352.928501679857 67.962558721666 3.00002191800032
    vertex 352.388365860286 69.1546638787442 2.19180002996922e-005
    vertex 352.388365860286 69.1546638787442 3.00002191800032
  endloop
endfacet
facet normal 0.910863824921219 0.412707029804299 0.0
  outer loop
    vertex 352.388365860286 69.1546638787442 2.19180002996922e-005
    vertex 352.928501679857 67.962558721666 3.00002191800032
    vertex 352.928501679857 67.962558721666 2.19180002996922e-005
  endloop
endfacet
facet normal 0.881921264348331 0.471396736826043 0.0
  outer loop
    vertex 353.545448434823 66.808332526046 3.00002191800032
    vertex 352.928501679857 67.962558721666 2.19180002996922e-005
    vertex 352.928501679857 67.962558721666 3.00002191800032
  endloop
endfacet
facet normal 0.881921264348331 0.471396736826043 0.0
  outer loop
    vertex 352.928501679857 67.962558721666 2.19180002996922e-005
    vertex 353.545448434823 66.808332526046 3.00002191800032
    vertex 353.545448434823 66.808332526046 2.19180002996922e-005
  endloop
endfacet
facet normal 0.849202181526561 0.528067850650397 0.0
  outer loop
    vertex 354.236564264461 65.6969278656539 3.00002191800032
    vertex 353.545448434823 66.808332526046 2.19180002996922e-005
    vertex 353.545448434823 66.808332526046 3.00002191800032
  endloop
endfacet
facet normal 0.849202181526561 0.528067850650397 0.0
  outer loop
    vertex 353.545448434823 66.808332526046 2.19180002996922e-005
    vertex 354.236564264461 65.6969278656539 3.00002191800032
    vertex 354.236564264461 65.6969278656539 2.19180002996922e-005
  endloop
endfacet
facet normal 0.812846684591699 0.582477696867685 0.0
  outer loop
    vertex 354.998889704686 64.6331039458716 3.00002191800032
    vertex 354.236564264461 65.6969278656539 2.19180002996922e-005
    vertex 354.236564264461 65.6969278656539 3.00002191800032
  endloop
endfacet
facet normal 0.812846684591699 0.582477696867685 0.0
  outer loop
    vertex 354.236564264461 65.6969278656539 2.19180002996922e-005
    vertex 354.998889704686 64.6331039458716 3.00002191800032
    vertex 354.998889704686 64.6331039458716 2.19180002996922e-005
  endloop
endfacet
facet normal 0.773010453362704 0.634393284163686 0.0
  outer loop
    vertex 355.829160360932 63.6214162240447 3.00002191800032
    vertex 354.998889704686 64.6331039458716 2.19180002996922e-005
    vertex 354.998889704686 64.6331039458716 3.00002191800032
  endloop
endfacet
facet normal 0.773010453362704 0.634393284163686 0.0
  outer loop
    vertex 354.998889704686 64.6331039458716 2.19180002996922e-005
    vertex 355.829160360932 63.6214162240447 3.00002191800032
    vertex 355.829160360932 63.6214162240447 2.19180002996922e-005
  endloop
endfacet
facet normal 0.729864072697876 0.683592302022828 0.0
  outer loop
    vertex 356.72382088678 62.6661969023151 3.00002191800032
    vertex 355.829160360932 63.6214162240447 2.19180002996922e-005
    vertex 355.829160360932 63.6214162240447 3.00002191800032
  endloop
endfacet
facet normal 0.729864072697876 0.683592302022828 0.0
  outer loop
    vertex 355.829160360932 63.6214162240447 2.19180002996922e-005
    vertex 356.72382088678 62.6661969023151 3.00002191800032
    vertex 356.72382088678 62.6661969023151 2.19180002996922e-005
  endloop
endfacet
facet normal 0.68359230202285 0.729864072697856 0.0
  outer loop
    vertex 356.72382088678 62.6661969023151 3.00002191800032
    vertex 357.67904020851 61.7715363764664 2.19180002996922e-005
    vertex 356.72382088678 62.6661969023151 2.19180002996922e-005
  endloop
endfacet
facet normal 0.68359230202285 0.729864072697856 0.0
  outer loop
    vertex 357.67904020851 61.7715363764664 2.19180002996922e-005
    vertex 356.72382088678 62.6661969023151 3.00002191800032
    vertex 357.67904020851 61.7715363764664 3.00002191800032
  endloop
endfacet
facet normal 0.634393284163677 0.773010453362711 0.0
  outer loop
    vertex 357.67904020851 61.7715363764664 3.00002191800032
    vertex 358.690727930337 60.9412657202213 2.19180002996922e-005
    vertex 357.67904020851 61.7715363764664 2.19180002996922e-005
  endloop
endfacet
facet normal 0.634393284163677 0.773010453362711 0.0
  outer loop
    vertex 358.690727930337 60.9412657202213 2.19180002996922e-005
    vertex 357.67904020851 61.7715363764664 3.00002191800032
    vertex 358.690727930337 60.9412657202213 3.00002191800032
  endloop
endfacet
facet normal 0.582477696867813 0.812846684591607 0.0
  outer loop
    vertex 358.690727930337 60.9412657202213 3.00002191800032
    vertex 359.754551850119 60.1789402799951 2.19180002996922e-005
    vertex 358.690727930337 60.9412657202213 2.19180002996922e-005
  endloop
endfacet
facet normal 0.582477696867813 0.812846684591607 0.0
  outer loop
    vertex 359.754551850119 60.1789402799951 2.19180002996922e-005
    vertex 358.690727930337 60.9412657202213 3.00002191800032
    vertex 359.754551850119 60.1789402799951 3.00002191800032
  endloop
endfacet
facet normal 0.528067850650401 0.849202181526559 0.0
  outer loop
    vertex 359.754551850119 60.1789402799951 3.00002191800032
    vertex 360.865956510511 59.4878244503572 2.19180002996922e-005
    vertex 359.754551850119 60.1789402799951 2.19180002996922e-005
  endloop
endfacet
facet normal 0.528067850650401 0.849202181526559 0.0
  outer loop
    vertex 360.865956510511 59.4878244503572 2.19180002996922e-005
    vertex 359.754551850119 60.1789402799951 3.00002191800032
    vertex 360.865956510511 59.4878244503572 3.00002191800032
  endloop
endfacet
facet normal 0.471396736825939 0.881921264348387 0.0
  outer loop
    vertex 360.865956510511 59.4878244503572 3.00002191800032
    vertex 362.020182706131 58.8708776953921 2.19180002996922e-005
    vertex 360.865956510511 59.4878244503572 2.19180002996922e-005
  endloop
endfacet
facet normal 0.471396736825939 0.881921264348387 0.0
  outer loop
    vertex 362.020182706131 58.8708776953921 2.19180002996922e-005
    vertex 360.865956510511 59.4878244503572 3.00002191800032
    vertex 362.020182706131 58.8708776953921 3.00002191800032
  endloop
endfacet
facet normal 0.412707029804418 0.910863824921165 0.0
  outer loop
    vertex 362.020182706131 58.8708776953921 3.00002191800032
    vertex 363.212287863209 58.3307418758202 2.19180002996922e-005
    vertex 362.020182706131 58.8708776953921 2.19180002996922e-005
  endloop
endfacet
facet normal 0.412707029804418 0.910863824921165 0.0
  outer loop
    vertex 363.212287863209 58.3307418758202 2.19180002996922e-005
    vertex 362.020182706131 58.8708776953921 3.00002191800032
    vertex 363.212287863209 58.3307418758202 3.00002191800032
  endloop
endfacet
facet normal 0.352250047921235 0.935905926757325 0.0
  outer loop
    vertex 363.212287863209 58.3307418758202 3.00002191800032
    vertex 364.437167204448 57.8697299361438 2.19180002996922e-005
    vertex 363.212287863209 58.3307418758202 2.19180002996922e-005
  endloop
endfacet
facet normal 0.352250047921235 0.935905926757325 0.0
  outer loop
    vertex 364.437167204448 57.8697299361438 2.19180002996922e-005
    vertex 363.212287863209 58.3307418758202 3.00002191800032
    vertex 364.437167204448 57.8697299361438 3.00002191800032
  endloop
endfacet
facet normal 0.290284677254526 0.95694033573219 0.0
  outer loop
    vertex 364.437167204448 57.8697299361438 3.00002191800032
    vertex 365.689575608461 57.4898160002645 2.19180002996922e-005
    vertex 364.437167204448 57.8697299361438 2.19180002996922e-005
  endloop
endfacet
facet normal 0.290284677254526 0.95694033573219 0.0
  outer loop
    vertex 365.689575608461 57.4898160002645 2.19180002996922e-005
    vertex 364.437167204448 57.8697299361438 3.00002191800032
    vertex 365.689575608461 57.4898160002645 3.00002191800032
  endloop
endfacet
facet normal 0.227076263034346 0.97387697927734 0.0
  outer loop
    vertex 365.689575608461 57.4898160002645 3.00002191800032
    vertex 366.964150070189 57.1926269179813 2.19180002996922e-005
    vertex 365.689575608461 57.4898160002645 2.19180002996922e-005
  endloop
endfacet
facet normal 0.227076263034346 0.97387697927734 0.0
  outer loop
    vertex 366.964150070189 57.1926269179813 2.19180002996922e-005
    vertex 365.689575608461 57.4898160002645 3.00002191800032
    vertex 366.964150070189 57.1926269179813 3.00002191800032
  endloop
endfacet
facet normal 0.162895473394609 0.986643332084876 0.0
  outer loop
    vertex 366.964150070189 57.1926269179813 3.00002191800032
    vertex 368.25543266611 56.9794352985696 2.19180002996922e-005
    vertex 366.964150070189 57.1926269179813 2.19180002996922e-005
  endloop
endfacet
facet normal 0.162895473394609 0.986643332084876 0.0
  outer loop
    vertex 368.25543266611 56.9794352985696 2.19180002996922e-005
    vertex 366.964150070189 57.1926269179813 3.00002191800032
    vertex 368.25543266611 56.9794352985696 3.00002191800032
  endloop
endfacet
facet normal 0.0980171403295648 0.995184726672196 0.0
  outer loop
    vertex 368.25543266611 56.9794352985696 3.00002191800032
    vertex 369.557893925908 56.8511540612738 2.19180002996922e-005
    vertex 368.25543266611 56.9794352985696 2.19180002996922e-005
  endloop
endfacet
facet normal 0.0980171403295648 0.995184726672196 0.0
  outer loop
    vertex 369.557893925908 56.8511540612738 2.19180002996922e-005
    vertex 368.25543266611 56.9794352985696 3.00002191800032
    vertex 369.557893925908 56.8511540612738 3.00002191800032
  endloop
endfacet
facet normal 0.0327190828217967 0.999464587476365 0.0
  outer loop
    vertex 369.557893925908 56.8511540612738 3.00002191800032
    vertex 370.865956510511 56.8083325260458 2.19180002996922e-005
    vertex 369.557893925908 56.8511540612738 2.19180002996922e-005
  endloop
endfacet
facet normal 0.0327190828217967 0.999464587476365 0.0
  outer loop
    vertex 370.865956510511 56.8083325260458 2.19180002996922e-005
    vertex 369.557893925908 56.8511540612738 3.00002191800032
    vertex 370.865956510511 56.8083325260458 3.00002191800032
  endloop
endfacet
facet normal -0.0327190828217622 0.999464587476366 0.0
  outer loop
    vertex 370.865956510511 56.8083325260458 3.00002191800032
    vertex 372.174019095114 56.8511540612737 2.19180002996922e-005
    vertex 370.865956510511 56.8083325260458 2.19180002996922e-005
  endloop
endfacet
facet normal -0.0327190828217622 0.999464587476366 0.0
  outer loop
    vertex 372.174019095114 56.8511540612737 2.19180002996922e-005
    vertex 370.865956510511 56.8083325260458 3.00002191800032
    vertex 372.174019095114 56.8511540612737 3.00002191800032
  endloop
endfacet
facet normal -0.098017140329555 0.995184726672198 0.0
  outer loop
    vertex 372.174019095114 56.8511540612737 3.00002191800032
    vertex 373.476480354912 56.9794352985696 2.19180002996922e-005
    vertex 372.174019095114 56.8511540612737 2.19180002996922e-005
  endloop
endfacet
facet normal -0.098017140329555 0.995184726672198 0.0
  outer loop
    vertex 373.476480354912 56.9794352985696 2.19180002996922e-005
    vertex 372.174019095114 56.8511540612737 3.00002191800032
    vertex 373.476480354912 56.9794352985696 3.00002191800032
  endloop
endfacet
facet normal -0.162895473394559 0.986643332084884 0.0
  outer loop
    vertex 373.476480354912 56.9794352985696 3.00002191800032
    vertex 374.767762950834 57.1926269179812 2.19180002996922e-005
    vertex 373.476480354912 56.9794352985696 2.19180002996922e-005
  endloop
endfacet
facet normal -0.162895473394559 0.986643332084884 0.0
  outer loop
    vertex 374.767762950834 57.1926269179812 2.19180002996922e-005
    vertex 373.476480354912 56.9794352985696 3.00002191800032
    vertex 374.767762950834 57.1926269179812 3.00002191800032
  endloop
endfacet
facet normal -0.227076263034375 0.973876979277333 0.0
  outer loop
    vertex 374.767762950834 57.1926269179812 3.00002191800032
    vertex 376.042337412561 57.4898160002644 2.19180002996922e-005
    vertex 374.767762950834 57.1926269179812 2.19180002996922e-005
  endloop
endfacet
facet normal -0.227076263034375 0.973876979277333 0.0
  outer loop
    vertex 376.042337412561 57.4898160002644 2.19180002996922e-005
    vertex 374.767762950834 57.1926269179812 3.00002191800032
    vertex 376.042337412561 57.4898160002644 3.00002191800032
  endloop
endfacet
facet normal -0.290284677254437 0.956940335732217 0.0
  outer loop
    vertex 376.042337412561 57.4898160002644 3.00002191800032
    vertex 377.294745816574 57.8697299361436 2.19180002996922e-005
    vertex 376.042337412561 57.4898160002644 2.19180002996922e-005
  endloop
endfacet
facet normal -0.290284677254437 0.956940335732217 0.0
  outer loop
    vertex 377.294745816574 57.8697299361436 2.19180002996922e-005
    vertex 376.042337412561 57.4898160002644 3.00002191800032
    vertex 377.294745816574 57.8697299361436 3.00002191800032
  endloop
endfacet
facet normal -0.352250047921277 0.935905926757309 0.0
  outer loop
    vertex 377.294745816574 57.8697299361436 3.00002191800032
    vertex 378.519625157813 58.33074187582 2.19180002996922e-005
    vertex 377.294745816574 57.8697299361436 2.19180002996922e-005
  endloop
endfacet
facet normal -0.352250047921277 0.935905926757309 0.0
  outer loop
    vertex 378.519625157813 58.33074187582 2.19180002996922e-005
    vertex 377.294745816574 57.8697299361436 3.00002191800032
    vertex 378.519625157813 58.33074187582 3.00002191800032
  endloop
endfacet
facet normal -0.412707029804287 0.910863824921225 0.0
  outer loop
    vertex 378.519625157813 58.33074187582 3.00002191800032
    vertex 379.711730314891 58.8708776953919 2.19180002996922e-005
    vertex 378.519625157813 58.33074187582 2.19180002996922e-005
  endloop
endfacet
facet normal -0.412707029804287 0.910863824921225 0.0
  outer loop
    vertex 379.711730314891 58.8708776953919 2.19180002996922e-005
    vertex 378.519625157813 58.33074187582 3.00002191800032
    vertex 379.711730314891 58.8708776953919 3.00002191800032
  endloop
endfacet
facet normal -0.471396736826082 0.88192126434831 0.0
  outer loop
    vertex 379.711730314891 58.8708776953919 3.00002191800032
    vertex 380.865956510511 59.4878244503569 2.19180002996922e-005
    vertex 379.711730314891 58.8708776953919 2.19180002996922e-005
  endloop
endfacet
facet normal -0.471396736826082 0.88192126434831 0.0
  outer loop
    vertex 380.865956510511 59.4878244503569 2.19180002996922e-005
    vertex 379.711730314891 58.8708776953919 3.00002191800032
    vertex 380.865956510511 59.4878244503569 3.00002191800032
  endloop
endfacet
facet normal -0.528067850650332 0.849202181526601 0.0
  outer loop
    vertex 380.865956510511 59.4878244503569 3.00002191800032
    vertex 381.977361170903 60.1789402799948 2.19180002996922e-005
    vertex 380.865956510511 59.4878244503569 2.19180002996922e-005
  endloop
endfacet
facet normal -0.528067850650332 0.849202181526601 0.0
  outer loop
    vertex 381.977361170903 60.1789402799948 2.19180002996922e-005
    vertex 380.865956510511 59.4878244503569 3.00002191800032
    vertex 381.977361170903 60.1789402799948 3.00002191800032
  endloop
endfacet
facet normal -0.582477696867756 0.812846684591648 0.0
  outer loop
    vertex 381.977361170903 60.1789402799948 3.00002191800032
    vertex 383.041185090685 60.9412657202209 2.19180002996922e-005
    vertex 381.977361170903 60.1789402799948 2.19180002996922e-005
  endloop
endfacet
facet normal -0.582477696867756 0.812846684591648 0.0
  outer loop
    vertex 383.041185090685 60.9412657202209 2.19180002996922e-005
    vertex 381.977361170903 60.1789402799948 3.00002191800032
    vertex 383.041185090685 60.9412657202209 3.00002191800032
  endloop
endfacet
facet normal -0.634393284163684 0.773010453362705 0.0
  outer loop
    vertex 383.041185090685 60.9412657202209 3.00002191800032
    vertex 384.052872812512 61.7715363764661 2.19180002996922e-005
    vertex 383.041185090685 60.9412657202209 2.19180002996922e-005
  endloop
endfacet
facet normal -0.634393284163684 0.773010453362705 0.0
  outer loop
    vertex 384.052872812512 61.7715363764661 2.19180002996922e-005
    vertex 383.041185090685 60.9412657202209 3.00002191800032
    vertex 384.052872812512 61.7715363764661 3.00002191800032
  endloop
endfacet
facet normal -0.683592302022882 0.729864072697826 0.0
  outer loop
    vertex 384.052872812512 61.7715363764661 3.00002191800032
    vertex 385.008092134242 62.6661969023147 2.19180002996922e-005
    vertex 384.052872812512 61.7715363764661 2.19180002996922e-005
  endloop
endfacet
facet normal -0.683592302022882 0.729864072697826 0.0
  outer loop
    vertex 385.008092134242 62.6661969023147 2.19180002996922e-005
    vertex 384.052872812512 61.7715363764661 3.00002191800032
    vertex 385.008092134242 62.6661969023147 3.00002191800032
  endloop
endfacet
facet normal -0.729864072697713 0.683592302023002 0.0
  outer loop
    vertex 385.008092134242 62.6661969023147 2.19180002996922e-005
    vertex 385.902752660091 63.6214162240442 3.00002191800032
    vertex 385.902752660091 63.6214162240442 2.19180002996922e-005
  endloop
endfacet
facet normal -0.729864072697713 0.683592302023002 0.0
  outer loop
    vertex 385.902752660091 63.6214162240442 3.00002191800032
    vertex 385.008092134242 62.6661969023147 2.19180002996922e-005
    vertex 385.008092134242 62.6661969023147 3.00002191800032
  endloop
endfacet
facet normal -0.773010453362752 0.634393284163628 0.0
  outer loop
    vertex 385.902752660091 63.6214162240442 2.19180002996922e-005
    vertex 386.733023316336 64.6331039458712 3.00002191800032
    vertex 386.733023316336 64.6331039458712 2.19180002996922e-005
  endloop
endfacet
facet normal -0.773010453362752 0.634393284163628 0.0
  outer loop
    vertex 386.733023316336 64.6331039458712 3.00002191800032
    vertex 385.902752660091 63.6214162240442 2.19180002996922e-005
    vertex 385.902752660091 63.6214162240442 3.00002191800032
  endloop
endfacet
facet normal -0.812846684591661 0.582477696867738 0.0
  outer loop
    vertex 386.733023316336 64.6331039458712 2.19180002996922e-005
    vertex 387.495348756562 65.6969278656535 3.00002191800032
    vertex 387.495348756562 65.6969278656535 2.19180002996922e-005
  endloop
endfacet
facet normal -0.812846684591661 0.582477696867738 0.0
  outer loop
    vertex 387.495348756562 65.6969278656535 3.00002191800032
    vertex 386.733023316336 64.6331039458712 2.19180002996922e-005
    vertex 386.733023316336 64.6331039458712 3.00002191800032
  endloop
endfacet
facet normal -0.849202181526561 0.528067850650397 0.0
  outer loop
    vertex 387.495348756562 65.6969278656535 2.19180002996922e-005
    vertex 388.1864645862 66.8083325260456 3.00002191800032
    vertex 388.1864645862 66.8083325260456 2.19180002996922e-005
  endloop
endfacet
facet normal -0.849202181526561 0.528067850650397 0.0
  outer loop
    vertex 388.1864645862 66.8083325260456 3.00002191800032
    vertex 387.495348756562 65.6969278656535 2.19180002996922e-005
    vertex 387.495348756562 65.6969278656535 3.00002191800032
  endloop
endfacet
facet normal -0.881921264348319 0.471396736826065 0.0
  outer loop
    vertex 388.1864645862 66.8083325260456 2.19180002996922e-005
    vertex 388.803411341165 67.9625587216655 3.00002191800032
    vertex 388.803411341165 67.9625587216655 2.19180002996922e-005
  endloop
endfacet
facet normal -0.881921264348319 0.471396736826065 0.0
  outer loop
    vertex 388.803411341165 67.9625587216655 3.00002191800032
    vertex 388.1864645862 66.8083325260456 2.19180002996922e-005
    vertex 388.1864645862 66.8083325260456 3.00002191800032
  endloop
endfacet
facet normal -0.910863824921206 0.412707029804328 0.0
  outer loop
    vertex 388.803411341165 67.9625587216655 2.19180002996922e-005
    vertex 389.343547160737 69.1546638787437 3.00002191800032
    vertex 389.343547160737 69.1546638787437 2.19180002996922e-005
  endloop
endfacet
facet normal -0.910863824921206 0.412707029804328 0.0
  outer loop
    vertex 389.343547160737 69.1546638787437 3.00002191800032
    vertex 388.803411341165 67.9625587216655 2.19180002996922e-005
    vertex 388.803411341165 67.9625587216655 3.00002191800032
  endloop
endfacet
facet normal -0.935905926757315 0.352250047921262 0.0
  outer loop
    vertex 389.343547160737 69.1546638787437 2.19180002996922e-005
    vertex 389.804559100413 70.3795432199823 3.00002191800032
    vertex 389.804559100413 70.3795432199823 2.19180002996922e-005
  endloop
endfacet
facet normal -0.935905926757315 0.352250047921262 0.0
  outer loop
    vertex 389.804559100413 70.3795432199823 3.00002191800032
    vertex 389.343547160737 69.1546638787437 2.19180002996922e-005
    vertex 389.343547160737 69.1546638787437 3.00002191800032
  endloop
endfacet
facet normal -0.956940335732187 0.290284677254535 0.0
  outer loop
    vertex 389.804559100413 70.3795432199823 2.19180002996922e-005
    vertex 390.184473036293 71.6319516239951 3.00002191800032
    vertex 390.184473036293 71.6319516239951 2.19180002996922e-005
  endloop
endfacet
facet normal -0.956940335732187 0.290284677254535 0.0
  outer loop
    vertex 390.184473036293 71.6319516239951 3.00002191800032
    vertex 389.804559100413 70.3795432199823 2.19180002996922e-005
    vertex 389.804559100413 70.3795432199823 3.00002191800032
  endloop
endfacet
facet normal -0.97387697927736 0.227076263034262 0.0
  outer loop
    vertex 390.184473036293 71.6319516239951 2.19180002996922e-005
    vertex 390.481662118576 72.906526085723 3.00002191800032
    vertex 390.481662118576 72.906526085723 2.19180002996922e-005
  endloop
endfacet
facet normal -0.97387697927736 0.227076263034262 0.0
  outer loop
    vertex 390.481662118576 72.906526085723 3.00002191800032
    vertex 390.184473036293 71.6319516239951 2.19180002996922e-005
    vertex 390.184473036293 71.6319516239951 3.00002191800032
  endloop
endfacet
facet normal -0.986643332084852 0.162895473394752 0.0
  outer loop
    vertex 390.481662118576 72.906526085723 2.19180002996922e-005
    vertex 390.694853737988 74.1978086816445 3.00002191800032
    vertex 390.694853737988 74.1978086816445 2.19180002996922e-005
  endloop
endfacet
facet normal -0.986643332084852 0.162895473394752 0.0
  outer loop
    vertex 390.694853737988 74.1978086816445 3.00002191800032
    vertex 390.481662118576 72.906526085723 2.19180002996922e-005
    vertex 390.481662118576 72.906526085723 3.00002191800032
  endloop
endfacet
facet normal -0.995184726672203 0.0980171403294968 0.0
  outer loop
    vertex 390.694853737988 74.1978086816445 2.19180002996922e-005
    vertex 390.823134975283 75.5002699414426 3.00002191800032
    vertex 390.823134975283 75.5002699414426 2.19180002996922e-005
  endloop
endfacet
facet normal -0.995184726672203 0.0980171403294968 0.0
  outer loop
    vertex 390.823134975283 75.5002699414426 3.00002191800032
    vertex 390.694853737988 74.1978086816445 2.19180002996922e-005
    vertex 390.694853737988 74.1978086816445 3.00002191800032
  endloop
endfacet
facet normal -0.999464587476363 0.0327190828218483 0.0
  outer loop
    vertex 390.823134975283 75.5002699414426 2.19180002996922e-005
    vertex 390.865956510511 76.8083325260455 3.00002191800032
    vertex 390.865956510511 76.8083325260455 2.19180002996922e-005
  endloop
endfacet
facet normal -0.999464587476363 0.0327190828218483 0.0
  outer loop
    vertex 390.865956510511 76.8083325260455 3.00002191800032
    vertex 390.823134975283 75.5002699414426 2.19180002996922e-005
    vertex 390.823134975283 75.5002699414426 3.00002191800032
  endloop
endfacet
facet normal -1.0 1.39688746500565e-014 5.24644584533501e-015
  outer loop
    vertex 345.365956510511 42.0083324654832 3.00002191485416
    vertex 345.365956510512 106.608332465483 11.6000219148543
    vertex 345.365956510512 106.608332465483 3.00002191485416
  endloop
endfacet
facet normal -1.0 1.39688746500565e-014 5.24644584533501e-015
  outer loop
    vertex 345.365956510512 106.608332465483 11.6000219148543
    vertex 345.365956510511 42.0083324654832 3.00002191485416
    vertex 345.365956510511 42.0083366821226 11.6000219148602
  endloop
endfacet
facet normal 1.26322149204677e-014 1.0 -8.32781451422758e-027
  outer loop
    vertex 341.115956510512 124.708540065671 3.00002190228717
    vertex 416.115956510512 124.70854006567 2.19022872208541e-005
    vertex 341.115956510512 124.708540065671 2.19022869952568e-005
  endloop
endfacet
facet normal 1.26322149204677e-014 1.0 -8.32781451422758e-027
  outer loop
    vertex 416.115956510512 124.70854006567 2.19022872208541e-005
    vertex 341.115956510512 124.708540065671 3.00002190228717
    vertex 416.115956510512 124.70854006567 3.00002190228717
  endloop
endfacet
facet normal -1.23931162966635e-014 -1.0 1.87997037749203e-014
  outer loop
    vertex 416.115956510511 59.708540065669 2.19022871757346e-005
    vertex 398.173754159729 59.7085400656692 3.00002190228663
    vertex 398.173754159729 59.7085400656692 6.74753196747702e-006
  endloop
endfacet
facet normal -1.23931162966635e-014 -1.0 1.87997037749203e-014
  outer loop
    vertex 398.173754159729 59.7085400656692 3.00002190228663
    vertex 416.115956510511 59.708540065669 2.19022871757346e-005
    vertex 416.115956510511 59.708540065669 3.00002190228663
  endloop
endfacet
facet normal -1.40019832339293e-014 -1.0 3.63932438555289e-030
  outer loop
    vertex 392.673754250401 39.7085400656693 3.00002188738295
    vertex 341.115956510511 39.70854006567 2.1902286972697e-005
    vertex 392.673754250401 39.7085400656693 0.0
  endloop
endfacet
facet normal -1.40019832339293e-014 -1.0 3.63932438555289e-030
  outer loop
    vertex 341.115956510511 39.70854006567 2.1902286972697e-005
    vertex 392.673754250401 39.7085400656693 3.00002188738295
    vertex 341.115956510511 39.70854006567 3.00002190228717
  endloop
endfacet
facet normal 0.798676962418703 -0.6017600100552 1.3582067426642e-017
  outer loop
    vertex 392.673754250401 39.7085400656693 3.00002188738295
    vertex 398.173754159729 47.0083325867474 6.88728873932121e-006
    vertex 398.173754159729 47.0083325867474 3.00002189181303
  endloop
endfacet
facet normal 0.798676962418703 -0.6017600100552 1.3582067426642e-017
  outer loop
    vertex 398.173754159729 47.0083325867474 6.88728873932121e-006
    vertex 392.673754250401 39.7085400656693 3.00002188738295
    vertex 392.673754250401 39.7085400656693 0.0
  endloop
endfacet
endsolid Updated Camera Mount Top Tripod
