solid Remix of isaac879 Pan Tilt Camera Mount
facet normal 1.35585425691039e-012 1.0 1.07944169812645e-012
  outer loop
    vertex 30.3335746548547 353.183391696511 22.4012810389549
    vertex 72.3335876199167 353.183392964736 20.4013040349114
    vertex 30.3335876198118 353.183393695162 20.4012810390033
  endloop
endfacet
facet normal 1.35585425691039e-012 1.0 1.07944169812645e-012
  outer loop
    vertex 72.3335876199167 353.183392964736 20.4013040349114
    vertex 30.3335746548547 353.183391696511 22.4012810389549
    vertex 72.3335746549599 353.183390966085 22.4013040348635
  endloop
endfacet
facet normal 0.793353340121598 0.608761428876839 -2.07299971197143e-005
  outer loop
    vertex 34.361311152151 244.433401211453 22.4010531222874
    vertex 34.6314836892804 244.081359990411 24.4012802409325
    vertex 34.6314728105669 244.081319683436 22.4010531222867
  endloop
endfacet
facet normal 0.793353340121598 0.608761428876839 -2.07299971197143e-005
  outer loop
    vertex 34.6314836892804 244.081359990411 24.4012802409325
    vertex 34.361311152151 244.433401211453 22.4010531222874
    vertex 34.3613220308644 244.433441518428 24.4012802409332
  endloop
endfacet
facet normal -0.382683432282028 0.923879532314415 -2.06723037020651e-005
  outer loop
    vertex 36.2735467152577 243.641327306759 22.4010531222828
    vertex 36.6835652172971 243.811198331991 24.4012802409276
    vertex 36.6835543385836 243.811158025016 22.4010531222819
  endloop
endfacet
facet normal -0.382683432282028 0.923879532314415 -2.06723037020651e-005
  outer loop
    vertex 36.6835652172971 243.811198331991 24.4012802409276
    vertex 36.2735467152577 243.641327306759 22.4010531222828
    vertex 36.2735575939711 243.641367613734 24.4012802409286
  endloop
endfacet
facet normal -0.793353340251179 0.608761428979744 -9.94166759267723e-006
  outer loop
    vertex 37.0356467453145 244.081359990407 24.4012802409268
    vertex 37.3057975250181 244.433401211449 22.4010531222805
    vertex 37.0356358666012 244.081319683432 22.4010531222811
  endloop
endfacet
facet normal -0.793353340251179 0.608761428979744 -9.94166759267723e-006
  outer loop
    vertex 37.3057975250181 244.433401211449 22.4010531222805
    vertex 37.0356467453145 244.081359990407 24.4012802409268
    vertex 37.3058084037314 244.433441518424 24.4012802409263
  endloop
endfacet
facet normal 0.608761428931204 -0.793353340192447 1.58469576365973e-005
  outer loop
    vertex 34.9835652173011 246.755684704861 24.4012802409321
    vertex 34.6314728105702 246.48548273947 22.4010531222871
    vertex 34.9835543385877 246.755644397886 22.4010531222863
  endloop
endfacet
facet normal 0.608761428931204 -0.793353340192447 1.58469576365973e-005
  outer loop
    vertex 34.6314728105702 246.48548273947 22.4010531222871
    vertex 34.9835652173011 246.755684704861 24.4012802409321
    vertex 34.6314836892836 246.485523046445 24.4012802409328
  endloop
endfacet
facet normal -0.608761428931204 0.793353340192447 -1.58469576365997e-005
  outer loop
    vertex 36.6835543385836 243.811158025016 22.4010531222819
    vertex 37.0356467453145 244.081359990407 24.4012802409268
    vertex 37.0356358666012 244.081319683432 22.4010531222811
  endloop
endfacet
facet normal -0.608761428931204 0.793353340192447 -1.58469576365997e-005
  outer loop
    vertex 37.0356467453145 244.081359990407 24.4012802409268
    vertex 36.6835543385836 243.811158025016 22.4010531222819
    vertex 36.6835652172971 243.811198331991 24.4012802409276
  endloop
endfacet
facet normal 0.608761428832671 0.793353340059511 -2.41251340353045e-005
  outer loop
    vertex 34.6314728105669 244.081319683436 22.4010531222867
    vertex 34.9835652172971 243.811198331994 24.4012802409316
    vertex 34.9835543385837 243.811158025019 22.4010531222858
  endloop
endfacet
facet normal 0.608761428832671 0.793353340059511 -2.41251340353045e-005
  outer loop
    vertex 34.9835652172971 243.811198331994 24.4012802409316
    vertex 34.6314728105669 244.081319683436 22.4010531222867
    vertex 34.6314836892804 244.081359990411 24.4012802409325
  endloop
endfacet
facet normal 0.793353340251198 -0.608761428979719 9.94166757888384e-006
  outer loop
    vertex 34.6314728105702 246.48548273947 22.4010531222871
    vertex 34.3613220308667 246.133441518428 24.4012802409334
    vertex 34.3613111521533 246.133401211453 22.4010531222877
  endloop
endfacet
facet normal 0.793353340251198 -0.608761428979719 9.94166757888384e-006
  outer loop
    vertex 34.3613220308667 246.133441518428 24.4012802409334
    vertex 34.6314728105702 246.48548273947 22.4010531222871
    vertex 34.6314836892836 246.485523046445 24.4012802409328
  endloop
endfacet
facet normal 0.923879532505548 -0.382683432364203 3.35886932021104e-006
  outer loop
    vertex 34.3613111521533 246.133401211453 22.4010531222877
    vertex 34.1914913126083 245.723433895103 24.4012802409338
    vertex 34.1914804338949 245.723393588128 22.401053122288
  endloop
endfacet
facet normal 0.923879532505548 -0.382683432364203 3.35886932021104e-006
  outer loop
    vertex 34.1914913126083 245.723433895103 24.4012802409338
    vertex 34.3613111521533 246.133401211453 22.4010531222877
    vertex 34.3613220308667 246.133441518428 24.4012802409334
  endloop
endfacet
facet normal 0.382683432238182 0.923879532201481 -2.58761829275023e-005
  outer loop
    vertex 34.9835543385837 243.811158025019 22.4010531222858
    vertex 35.3935728406225 243.641367613735 24.4012802409306
    vertex 35.3935619619092 243.64132730676 22.4010531222848
  endloop
endfacet
facet normal 0.382683432238182 0.923879532201481 -2.58761829275023e-005
  outer loop
    vertex 35.3935728406225 243.641367613735 24.4012802409306
    vertex 34.9835543385837 243.811158025019 22.4010531222858
    vertex 34.9835652172971 243.811198331994 24.4012802409316
  endloop
endfacet
facet normal 0.991444861367723 -0.130526192220619 -3.45283033487024e-006
  outer loop
    vertex 34.1914804338949 245.723393588128 22.401053122288
    vertex 34.1335652172991 245.283441518428 24.4012802409338
    vertex 34.1335543385857 245.283401211453 22.4010531222881
  endloop
endfacet
facet normal 0.991444861367723 -0.130526192220619 -3.45283033487024e-006
  outer loop
    vertex 34.1335652172991 245.283441518428 24.4012802409338
    vertex 34.1914804338949 245.723393588128 22.401053122288
    vertex 34.1914913126083 245.723433895103 24.4012802409338
  endloop
endfacet
facet normal -0.13052619217779 -0.99144486104202 2.58638127550595e-005
  outer loop
    vertex 36.2735575939756 246.925515423117 24.4012802409291
    vertex 35.833554338588 246.983401211451 22.4010531222839
    vertex 36.2735467152622 246.925475116142 22.4010531222833
  endloop
endfacet
facet normal -0.13052619217779 -0.99144486104202 2.58638127550595e-005
  outer loop
    vertex 35.833554338588 246.983401211451 22.4010531222839
    vertex 36.2735575939756 246.925515423117 24.4012802409291
    vertex 35.8335652173014 246.983441518426 24.4012802409297
  endloop
endfacet
facet normal 0.991444861324124 0.130526192212151 -1.00292253240836e-005
  outer loop
    vertex 34.1335543385857 245.283401211453 22.4010531222881
    vertex 34.1914913126071 244.843449141754 24.4012802409337
    vertex 34.1914804338937 244.843408834779 22.4010531222879
  endloop
endfacet
facet normal 0.991444861324124 0.130526192212151 -1.00292253240836e-005
  outer loop
    vertex 34.1914913126071 244.843449141754 24.4012802409337
    vertex 34.1335543385857 245.283401211453 22.4010531222881
    vertex 34.1335652172991 245.283441518428 24.4012802409338
  endloop
endfacet
facet normal 0.130526192177747 0.991444861042026 -2.58638127392421e-005
  outer loop
    vertex 35.3935619619092 243.64132730676 22.4010531222848
    vertex 35.8335652172968 243.583441518426 24.40128024093
    vertex 35.8335543385833 243.583401211451 22.4010531222842
  endloop
endfacet
facet normal 0.130526192177747 0.991444861042026 -2.58638127392421e-005
  outer loop
    vertex 35.8335652172968 243.583441518426 24.40128024093
    vertex 35.3935619619092 243.64132730676 22.4010531222848
    vertex 35.3935728406225 243.641367613735 24.4012802409306
  endloop
endfacet
facet normal 0.923879532394714 0.382683432315289 -1.59221451607053e-005
  outer loop
    vertex 34.1914804338937 244.843408834779 22.4010531222879
    vertex 34.3613220308644 244.433441518428 24.4012802409332
    vertex 34.361311152151 244.433401211453 22.4010531222874
  endloop
endfacet
facet normal 0.923879532394714 0.382683432315289 -1.59221451607053e-005
  outer loop
    vertex 34.3613220308644 244.433441518428 24.4012802409332
    vertex 34.1914804338937 244.843408834779 22.4010531222879
    vertex 34.1914913126071 244.843449141754 24.4012802409337
  endloop
endfacet
facet normal -0.130526192180789 0.991444861086339 -2.4088866440962e-005
  outer loop
    vertex 35.8335543385833 243.583401211451 22.4010531222842
    vertex 36.2735575939711 243.641367613734 24.4012802409286
    vertex 36.2735467152577 243.641327306759 22.4010531222828
  endloop
endfacet
facet normal -0.130526192180789 0.991444861086339 -2.4088866440962e-005
  outer loop
    vertex 36.2735575939711 243.641367613734 24.4012802409286
    vertex 35.8335543385833 243.583401211451 22.4010531222842
    vertex 35.8335652172968 243.583441518426 24.40128024093
  endloop
endfacet
facet normal -0.923879532505556 0.382683432364185 -3.35886932561004e-006
  outer loop
    vertex 37.3058084037314 244.433441518424 24.4012802409263
    vertex 37.4756282432765 244.843408834775 22.4010531222801
    vertex 37.3057975250181 244.433401211449 22.4010531222805
  endloop
endfacet
facet normal -0.923879532505556 0.382683432364185 -3.35886932561004e-006
  outer loop
    vertex 37.4756282432765 244.843408834775 22.4010531222801
    vertex 37.3058084037314 244.433441518424 24.4012802409263
    vertex 37.4756391219899 244.84344914175 24.4012802409259
  endloop
endfacet
facet normal -0.991444861367722 0.130526192220625 3.45283033303254e-006
  outer loop
    vertex 37.4756391219899 244.84344914175 24.4012802409259
    vertex 37.5335543385857 245.283401211449 22.40105312228
    vertex 37.4756282432765 244.843408834775 22.4010531222801
  endloop
endfacet
facet normal -0.991444861367722 0.130526192220625 3.45283033303254e-006
  outer loop
    vertex 37.5335543385857 245.283401211449 22.40105312228
    vertex 37.4756391219899 244.84344914175 24.4012802409259
    vertex 37.533565217299 245.283441518424 24.4012802409258
  endloop
endfacet
facet normal -0.793353340121574 -0.608761428876871 2.07299971308975e-005
  outer loop
    vertex 37.3058084037338 246.133441518424 24.4012802409265
    vertex 37.0356358666044 246.485482739467 22.4010531222814
    vertex 37.3057975250204 246.133401211449 22.4010531222807
  endloop
endfacet
facet normal -0.793353340121574 -0.608761428876871 2.07299971308975e-005
  outer loop
    vertex 37.0356358666044 246.485482739467 22.4010531222814
    vertex 37.3058084037338 246.133441518424 24.4012802409265
    vertex 37.0356467453178 246.485523046442 24.4012802409272
  endloop
endfacet
facet normal 0.130526192180845 -0.991444861086332 2.40888664567842e-005
  outer loop
    vertex 35.8335652173014 246.983441518426 24.4012802409297
    vertex 35.3935619619137 246.925475116143 22.4010531222853
    vertex 35.833554338588 246.983401211451 22.4010531222839
  endloop
endfacet
facet normal 0.130526192180845 -0.991444861086332 2.40888664567842e-005
  outer loop
    vertex 35.3935619619137 246.925475116143 22.4010531222853
    vertex 35.8335652173014 246.983441518426 24.4012802409297
    vertex 35.3935728406271 246.925515423118 24.4012802409311
  endloop
endfacet
facet normal -0.608761428832703 -0.793353340059487 2.41251340464935e-005
  outer loop
    vertex 37.0356467453178 246.485523046442 24.4012802409272
    vertex 36.6835543385877 246.755644397883 22.4010531222823
    vertex 37.0356358666044 246.485482739467 22.4010531222814
  endloop
endfacet
facet normal -0.608761428832703 -0.793353340059487 2.41251340464935e-005
  outer loop
    vertex 36.6835543385877 246.755644397883 22.4010531222823
    vertex 37.0356467453178 246.485523046442 24.4012802409272
    vertex 36.6835652173011 246.755684704859 24.4012802409281
  endloop
endfacet
facet normal -0.923879532394699 -0.382683432315325 1.59221451607034e-005
  outer loop
    vertex 37.4756391219911 245.723433895098 24.401280240926
    vertex 37.3057975250204 246.133401211449 22.4010531222807
    vertex 37.4756282432777 245.723393588123 22.4010531222803
  endloop
endfacet
facet normal -0.923879532394699 -0.382683432315325 1.59221451607034e-005
  outer loop
    vertex 37.3057975250204 246.133401211449 22.4010531222807
    vertex 37.4756391219911 245.723433895098 24.401280240926
    vertex 37.3058084037338 246.133441518424 24.4012802409265
  endloop
endfacet
facet normal 0.382683432282028 -0.923879532314415 2.06723037128518e-005
  outer loop
    vertex 35.3935728406271 246.925515423118 24.4012802409311
    vertex 34.9835543385877 246.755644397886 22.4010531222863
    vertex 35.3935619619137 246.925475116143 22.4010531222853
  endloop
endfacet
facet normal 0.382683432282028 -0.923879532314415 2.06723037128518e-005
  outer loop
    vertex 34.9835543385877 246.755644397886 22.4010531222863
    vertex 35.3935728406271 246.925515423118 24.4012802409311
    vertex 34.9835652173011 246.755684704861 24.4012802409321
  endloop
endfacet
facet normal -0.991444861324126 -0.130526192212138 1.00292252961272e-005
  outer loop
    vertex 37.533565217299 245.283441518424 24.4012802409258
    vertex 37.4756282432777 245.723393588123 22.4010531222803
    vertex 37.5335543385857 245.283401211449 22.40105312228
  endloop
endfacet
facet normal -0.991444861324126 -0.130526192212138 1.00292252961272e-005
  outer loop
    vertex 37.4756282432777 245.723393588123 22.4010531222803
    vertex 37.533565217299 245.283441518424 24.4012802409258
    vertex 37.4756391219911 245.723433895098 24.401280240926
  endloop
endfacet
facet normal -0.3826834322382 -0.923879532201474 2.58761829589522e-005
  outer loop
    vertex 36.6835652173011 246.755684704859 24.4012802409281
    vertex 36.2735467152622 246.925475116142 22.4010531222833
    vertex 36.6835543385877 246.755644397883 22.4010531222823
  endloop
endfacet
facet normal -0.3826834322382 -0.923879532201474 2.58761829589522e-005
  outer loop
    vertex 36.2735467152622 246.925475116142 22.4010531222833
    vertex 36.6835652173011 246.755684704859 24.4012802409281
    vertex 36.2735575939756 246.925515423117 24.4012802409291
  endloop
endfacet
facet normal 0.793353340121579 0.608761428876864 -2.07299976768221e-005
  outer loop
    vertex 34.3613111521922 275.433401211452 22.4010533831924
    vertex 34.6314836893221 275.08135999041 24.4012802409307
    vertex 34.6314728106081 275.081319683435 22.4010533831917
  endloop
endfacet
facet normal 0.793353340121579 0.608761428876864 -2.07299976768221e-005
  outer loop
    vertex 34.6314836893221 275.08135999041 24.4012802409307
    vertex 34.3613111521922 275.433401211452 22.4010533831924
    vertex 34.3613220309062 275.433441518428 24.4012802409314
  endloop
endfacet
facet normal 0.3826834322382 0.923879532201474 -2.58761835163302e-005
  outer loop
    vertex 34.9835543386249 274.811158025018 22.4010533831908
    vertex 35.3935728406643 274.641367613735 24.4012802409288
    vertex 35.3935619619503 274.641327306759 22.4010533831899
  endloop
endfacet
facet normal 0.3826834322382 0.923879532201474 -2.58761835163302e-005
  outer loop
    vertex 35.3935728406643 274.641367613735 24.4012802409288
    vertex 34.9835543386249 274.811158025018 22.4010533831908
    vertex 34.9835652173389 274.811198331993 24.4012802409299
  endloop
endfacet
facet normal -0.991444861367722 0.130526192220632 3.45283063578801e-006
  outer loop
    vertex 37.4756391220315 275.843449141749 24.4012802409237
    vertex 37.5335543386267 276.283401211448 22.4010533831845
    vertex 37.4756282433175 275.843408834773 22.4010533831847
  endloop
endfacet
facet normal -0.991444861367722 0.130526192220632 3.45283063578801e-006
  outer loop
    vertex 37.5335543386267 276.283401211448 22.4010533831845
    vertex 37.4756391220315 275.843449141749 24.4012802409237
    vertex 37.5335652173407 276.283441518424 24.4012802409235
  endloop
endfacet
facet normal 0.923879532505566 -0.382683432364159 3.35886915198938e-006
  outer loop
    vertex 34.3613111521945 277.133401211452 22.4010533831923
    vertex 34.1914913126501 276.723433895102 24.4012802409317
    vertex 34.1914804339361 276.723393588126 22.4010533831928
  endloop
endfacet
facet normal 0.923879532505566 -0.382683432364159 3.35886915198938e-006
  outer loop
    vertex 34.1914913126501 276.723433895102 24.4012802409317
    vertex 34.3613111521945 277.133401211452 22.4010533831923
    vertex 34.3613220309085 277.133441518428 24.4012802409313
  endloop
endfacet
facet normal -0.793353340251204 0.608761428979712 -9.94166758257414e-006
  outer loop
    vertex 37.0356467453562 275.081359990407 24.4012802409248
    vertex 37.3057975250591 275.433401211448 22.4010533831851
    vertex 37.0356358666423 275.081319683431 22.4010533831858
  endloop
endfacet
facet normal -0.793353340251204 0.608761428979712 -9.94166758257414e-006
  outer loop
    vertex 37.3057975250591 275.433401211448 22.4010533831851
    vertex 37.0356467453562 275.081359990407 24.4012802409248
    vertex 37.3058084037731 275.433441518424 24.4012802409241
  endloop
endfacet
facet normal 0.793353340251204 -0.608761428979712 9.94166758258517e-006
  outer loop
    vertex 34.6314728106114 277.485482739469 22.4010533831917
    vertex 34.3613220309085 277.133441518428 24.4012802409313
    vertex 34.3613111521945 277.133401211452 22.4010533831923
  endloop
endfacet
facet normal 0.793353340251204 -0.608761428979712 9.94166758258517e-006
  outer loop
    vertex 34.3613220309085 277.133441518428 24.4012802409313
    vertex 34.6314728106114 277.485482739469 22.4010533831917
    vertex 34.6314836893253 277.485523046444 24.4012802409306
  endloop
endfacet
facet normal 0.130526192180839 -0.991444861086333 2.40888668266925e-005
  outer loop
    vertex 35.8335652173431 277.983441518426 24.4012802409276
    vertex 35.3935619619547 277.925475116142 22.4010533831898
    vertex 35.8335543386291 277.98340121145 22.4010533831887
  endloop
endfacet
facet normal 0.130526192180839 -0.991444861086333 2.40888668266925e-005
  outer loop
    vertex 35.3935619619547 277.925475116142 22.4010533831898
    vertex 35.8335652173431 277.983441518426 24.4012802409276
    vertex 35.3935728406688 277.925515423118 24.4012802409287
  endloop
endfacet
facet normal 0.130526192177703 0.991444861042031 -2.58638132504893e-005
  outer loop
    vertex 35.3935619619503 274.641327306759 22.4010533831899
    vertex 35.8335652173385 274.583441518426 24.4012802409278
    vertex 35.8335543386245 274.58340121145 22.4010533831888
  endloop
endfacet
facet normal 0.130526192177703 0.991444861042031 -2.58638132504893e-005
  outer loop
    vertex 35.8335652173385 274.583441518426 24.4012802409278
    vertex 35.3935619619503 274.641327306759 22.4010533831899
    vertex 35.3935728406643 274.641367613735 24.4012802409288
  endloop
endfacet
facet normal -0.608761428931204 0.793353340192447 -1.58469577939103e-005
  outer loop
    vertex 36.6835543386247 274.811158025015 22.4010533831867
    vertex 37.0356467453562 275.081359990407 24.4012802409248
    vertex 37.0356358666423 275.081319683431 22.4010533831858
  endloop
endfacet
facet normal -0.608761428931204 0.793353340192447 -1.58469577939103e-005
  outer loop
    vertex 37.0356467453562 275.081359990407 24.4012802409248
    vertex 36.6835543386247 274.811158025015 22.4010533831867
    vertex 36.6835652173388 274.811198331991 24.4012802409257
  endloop
endfacet
facet normal 0.608761428931172 -0.793353340192472 1.58469577827208e-005
  outer loop
    vertex 34.9835652173428 277.75568470486 24.4012802409298
    vertex 34.6314728106114 277.485482739469 22.4010533831917
    vertex 34.9835543386288 277.755644397885 22.4010533831908
  endloop
endfacet
facet normal 0.608761428931172 -0.793353340192472 1.58469577827208e-005
  outer loop
    vertex 34.6314728106114 277.485482739469 22.4010533831917
    vertex 34.9835652173428 277.75568470486 24.4012802409298
    vertex 34.6314836893253 277.485523046444 24.4012802409306
  endloop
endfacet
facet normal 0.991444861367722 -0.130526192220632 -3.45283063578838e-006
  outer loop
    vertex 34.1914804339361 276.723393588126 22.4010533831928
    vertex 34.1335652173409 276.283441518428 24.4012802409319
    vertex 34.1335543386269 276.283401211452 22.4010533831929
  endloop
endfacet
facet normal 0.991444861367722 -0.130526192220632 -3.45283063578838e-006
  outer loop
    vertex 34.1335652173409 276.283441518428 24.4012802409319
    vertex 34.1914804339361 276.723393588126 22.4010533831928
    vertex 34.1914913126501 276.723433895102 24.4012802409317
  endloop
endfacet
facet normal -0.130526192180839 0.991444861086333 -2.40888668546533e-005
  outer loop
    vertex 35.8335543386245 274.58340121145 22.4010533831888
    vertex 36.2735575940129 274.641367613734 24.4012802409267
    vertex 36.2735467152988 274.641327306758 22.4010533831877
  endloop
endfacet
facet normal -0.130526192180839 0.991444861086333 -2.40888668546533e-005
  outer loop
    vertex 36.2735575940129 274.641367613734 24.4012802409267
    vertex 35.8335543386245 274.58340121145 22.4010533831888
    vertex 35.8335652173385 274.583441518426 24.4012802409278
  endloop
endfacet
facet normal -0.382683432282064 0.9238795323144 -2.06723040048687e-005
  outer loop
    vertex 36.2735467152988 274.641327306758 22.4010533831877
    vertex 36.6835652173388 274.811198331991 24.4012802409257
    vertex 36.6835543386247 274.811158025015 22.4010533831867
  endloop
endfacet
facet normal -0.382683432282064 0.9238795323144 -2.06723040048687e-005
  outer loop
    vertex 36.6835652173388 274.811198331991 24.4012802409257
    vertex 36.2735467152988 274.641327306758 22.4010533831877
    vertex 36.2735575940129 274.641367613734 24.4012802409267
  endloop
endfacet
facet normal 0.991444861324125 0.130526192212145 -1.00292257204136e-005
  outer loop
    vertex 34.1335543386269 276.283401211452 22.4010533831929
    vertex 34.1914913126489 275.843449141754 24.4012802409318
    vertex 34.1914804339349 275.843408834778 22.4010533831928
  endloop
endfacet
facet normal 0.991444861324125 0.130526192212145 -1.00292257204136e-005
  outer loop
    vertex 34.1914913126489 275.843449141754 24.4012802409318
    vertex 34.1335543386269 276.283401211452 22.4010533831929
    vertex 34.1335652173409 276.283441518428 24.4012802409319
  endloop
endfacet
facet normal -0.923879532505566 0.382683432364159 -3.35886915198402e-006
  outer loop
    vertex 37.3058084037731 275.433441518424 24.4012802409241
    vertex 37.4756282433175 275.843408834773 22.4010533831847
    vertex 37.3057975250591 275.433401211448 22.4010533831851
  endloop
endfacet
facet normal -0.923879532505566 0.382683432364159 -3.35886915198402e-006
  outer loop
    vertex 37.4756282433175 275.843408834773 22.4010533831847
    vertex 37.3058084037731 275.433441518424 24.4012802409241
    vertex 37.4756391220315 275.843449141749 24.4012802409237
  endloop
endfacet
facet normal -0.991444861324118 -0.130526192212195 1.0029225734393e-005
  outer loop
    vertex 37.5335652173407 276.283441518424 24.4012802409235
    vertex 37.4756282433187 276.723393588122 22.4010533831847
    vertex 37.5335543386267 276.283401211448 22.4010533831845
  endloop
endfacet
facet normal -0.991444861324118 -0.130526192212195 1.0029225734393e-005
  outer loop
    vertex 37.4756282433187 276.723393588122 22.4010533831847
    vertex 37.5335652173407 276.283441518424 24.4012802409235
    vertex 37.4756391220327 276.723433895098 24.4012802409236
  endloop
endfacet
facet normal 0.382683432282151 -0.923879532314364 2.06723039788073e-005
  outer loop
    vertex 35.3935728406688 277.925515423118 24.4012802409287
    vertex 34.9835543386288 277.755644397885 22.4010533831908
    vertex 35.3935619619547 277.925475116142 22.4010533831898
  endloop
endfacet
facet normal 0.382683432282151 -0.923879532314364 2.06723039788073e-005
  outer loop
    vertex 34.9835543386288 277.755644397885 22.4010533831908
    vertex 35.3935728406688 277.925515423118 24.4012802409287
    vertex 34.9835652173428 277.75568470486 24.4012802409298
  endloop
endfacet
facet normal -0.923879532394681 -0.382683432315368 1.59221456852323e-005
  outer loop
    vertex 37.4756391220327 276.723433895098 24.4012802409236
    vertex 37.3057975250614 277.133401211448 22.4010533831851
    vertex 37.4756282433187 276.723393588122 22.4010533831847
  endloop
endfacet
facet normal -0.923879532394681 -0.382683432315368 1.59221456852323e-005
  outer loop
    vertex 37.3057975250614 277.133401211448 22.4010533831851
    vertex 37.4756391220327 276.723433895098 24.4012802409236
    vertex 37.3058084037754 277.133441518424 24.4012802409241
  endloop
endfacet
facet normal -0.793353340121623 -0.608761428876808 2.07299976966004e-005
  outer loop
    vertex 37.3058084037754 277.133441518424 24.4012802409241
    vertex 37.0356358666455 277.485482739465 22.4010533831857
    vertex 37.3057975250614 277.133401211448 22.4010533831851
  endloop
endfacet
facet normal -0.793353340121623 -0.608761428876808 2.07299976966004e-005
  outer loop
    vertex 37.0356358666455 277.485482739465 22.4010533831857
    vertex 37.3058084037754 277.133441518424 24.4012802409241
    vertex 37.0356467453595 277.485523046441 24.4012802409247
  endloop
endfacet
facet normal -0.60876142883264 -0.793353340059536 2.41251346278391e-005
  outer loop
    vertex 37.0356467453595 277.485523046441 24.4012802409247
    vertex 36.6835543386287 277.755644397882 22.4010533831866
    vertex 37.0356358666455 277.485482739465 22.4010533831857
  endloop
endfacet
facet normal -0.60876142883264 -0.793353340059536 2.41251346278391e-005
  outer loop
    vertex 36.6835543386287 277.755644397882 22.4010533831866
    vertex 37.0356467453595 277.485523046441 24.4012802409247
    vertex 36.6835652173427 277.755684704858 24.4012802409256
  endloop
endfacet
facet normal -0.130526192177753 -0.991444861042025 2.58638132365113e-005
  outer loop
    vertex 36.2735575940173 277.925515423117 24.4012802409266
    vertex 35.8335543386291 277.98340121145 22.4010533831887
    vertex 36.2735467153033 277.925475116141 22.4010533831876
  endloop
endfacet
facet normal -0.130526192177753 -0.991444861042025 2.58638132365113e-005
  outer loop
    vertex 35.8335543386291 277.98340121145 22.4010533831887
    vertex 36.2735575940173 277.925515423117 24.4012802409266
    vertex 35.8335652173431 277.983441518426 24.4012802409276
  endloop
endfacet
facet normal 0.608761428832639 0.793353340059536 -2.41251346278392e-005
  outer loop
    vertex 34.6314728106081 275.081319683435 22.4010533831917
    vertex 34.9835652173389 274.811198331993 24.4012802409299
    vertex 34.9835543386249 274.811158025018 22.4010533831908
  endloop
endfacet
facet normal 0.608761428832639 0.793353340059536 -2.41251346278392e-005
  outer loop
    vertex 34.9835652173389 274.811198331993 24.4012802409299
    vertex 34.6314728106081 275.081319683435 22.4010533831917
    vertex 34.6314836893221 275.08135999041 24.4012802409307
  endloop
endfacet
facet normal 0.923879532394688 0.38268343231535 -1.59221456537889e-005
  outer loop
    vertex 34.1914804339349 275.843408834778 22.4010533831928
    vertex 34.3613220309062 275.433441518428 24.4012802409314
    vertex 34.3613111521922 275.433401211452 22.4010533831924
  endloop
endfacet
facet normal 0.923879532394688 0.38268343231535 -1.59221456537889e-005
  outer loop
    vertex 34.3613220309062 275.433441518428 24.4012802409314
    vertex 34.1914804339349 275.843408834778 22.4010533831928
    vertex 34.1914913126489 275.843449141754 24.4012802409318
  endloop
endfacet
facet normal -0.3826834322382 -0.923879532201474 2.58761835163369e-005
  outer loop
    vertex 36.6835652173427 277.755684704858 24.4012802409256
    vertex 36.2735467153033 277.925475116141 22.4010533831876
    vertex 36.6835543386287 277.755644397882 22.4010533831866
  endloop
endfacet
facet normal -0.3826834322382 -0.923879532201474 2.58761835163369e-005
  outer loop
    vertex 36.2735467153033 277.925475116141 22.4010533831876
    vertex 36.6835652173427 277.755684704858 24.4012802409256
    vertex 36.2735575940173 277.925515423117 24.4012802409266
  endloop
endfacet
facet normal 0.999999999983945 -2.2167159488513e-006 5.21507175698703e-006
  outer loop
    vertex 40.2336865520584 284.583189981087 0.00047874032906281
    vertex 40.2335538550085 282.983401445046 24.7999999986638
    vertex 40.2336865576335 282.983189968911 0.0
  endloop
endfacet
facet normal 0.999999999983945 -2.2167159488513e-006 5.21507175698703e-006
  outer loop
    vertex 40.2335538550085 282.983401445046 24.7999999986638
    vertex 40.2336865520584 284.583189981087 0.00047874032906281
    vertex 40.2335734652071 284.583390784502 22.4004787391436
  endloop
endfacet
facet normal 0.999999999983945 -2.2167159488513e-006 5.21507175698703e-006
  outer loop
    vertex 40.2335734652071 284.583390784502 22.4004787391436
    vertex 40.2336865520584 284.583189981087 0.00047874032906281
    vertex 40.2335871305019 284.583393651455 20.4004787391923
  endloop
endfacet
facet normal -2.71182842966016e-005 -0.999999999632079 6.64421039913467e-007
  outer loop
    vertex 69.6336870412558 282.983189747842 0.00127339987294848
    vertex 62.4335548290684 282.983401479345 24.8010230327128
    vertex 62.4336875316934 282.98319000321 0.00102303404902584
  endloop
endfacet
facet normal -2.71182842966016e-005 -0.999999999632079 6.64421039913467e-007
  outer loop
    vertex 62.4335548290684 282.983401479345 24.8010230327128
    vertex 69.6336870412558 282.983189747842 0.00127339987294848
    vertex 69.6336453102194 282.98301123178 24.8012802421751
  endloop
endfacet
facet normal -0.999999999983935 2.22119538644691e-006 -5.21507179710061e-006
  outer loop
    vertex 62.4335548290684 282.983401479345 24.8010230327128
    vertex 62.4336875316934 284.58318998104 0.00180703797543789
    vertex 62.4336875316934 282.98319000321 0.00102303404902584
  endloop
endfacet
facet normal -0.999999999983935 2.22119538644691e-006 -5.21507179710061e-006
  outer loop
    vertex 62.4336875316934 284.58318998104 0.00180703797543789
    vertex 62.4335548290684 282.983401479345 24.8010230327128
    vertex 62.433574444842 284.583390784456 22.4018070367899
  endloop
endfacet
facet normal -0.999999999983935 2.22119538644691e-006 -5.21507179710061e-006
  outer loop
    vertex 62.4336875316934 284.58318998104 0.00180703797543789
    vertex 62.433574444842 284.583390784456 22.4018070367899
    vertex 62.4335881101368 284.583393651409 20.4018070368387
  endloop
endfacet
facet normal -0.707107672557174 0.707105889784434 -6.55292739649917e-006
  outer loop
    vertex 69.6336453102194 238.583368251369 24.8012802421751
    vertex 73.4336870399028 242.383189733702 0.00124856989780571
    vertex 69.6336870412558 238.583189735306 0.00127339987294848
  endloop
endfacet
facet normal -0.707107672557174 0.707105889784434 -6.55292739649917e-006
  outer loop
    vertex 73.4336870399028 242.383189733702 0.00124856989780571
    vertex 69.6336453102194 238.583368251369 24.8012802421751
    vertex 73.4336276712489 242.383369773406 24.8012509598726
  endloop
endfacet
facet normal 0.707106781170962 -0.707106781191194 3.93331532438051e-006
  outer loop
    vertex 75.0336910082259 241.983346992754 26.4012472657875
    vertex 70.0336870412118 236.983189735344 0.00128024333005483
    vertex 75.0336870414285 241.983189735254 0.0012512734200355
  endloop
endfacet
facet normal 0.707106781170962 -0.707106781191194 3.93331532438051e-006
  outer loop
    vertex 70.0336870412118 236.983189735344 0.00128024333005483
    vertex 75.0336910082259 241.983346992754 26.4012472657875
    vertex 70.0336910080092 236.983346992845 26.4012762356975
  endloop
endfacet
facet normal 0.707107672557934 0.707105889793155 -5.43434179429665e-006
  outer loop
    vertex 29.2335770555252 242.383189733702 0.00126505813266262
    vertex 33.0335795536613 238.583368251369 24.80129673041
    vertex 33.0335770541722 238.583189735306 0.00128988810780539
  endloop
endfacet
facet normal 0.707107672557934 0.707105889793155 -5.43434179429665e-006
  outer loop
    vertex 33.0335795536613 238.583368251369 24.80129673041
    vertex 29.2335770555252 242.383189733702 0.00126505813266262
    vertex 29.2335971926317 242.383369773406 24.8012674481075
  endloop
endfacet
facet normal -0.707106781166688 -0.707106781192372 4.4552013606762e-006
  outer loop
    vertex 32.6335770542161 236.983189735344 0.00129673156491175
    vertex 27.6335732479397 241.983346992754 26.4012637540223
    vertex 27.6335770539995 241.983189735254 0.00126776165489242
  endloop
endfacet
facet normal -0.707106781166688 -0.707106781192372 4.4552013606762e-006
  outer loop
    vertex 27.6335732479397 241.983346992754 26.4012637540223
    vertex 32.6335770542161 236.983189735344 0.00129673156491175
    vertex 32.6335732481563 236.983346992845 26.4012927239323
  endloop
endfacet
facet normal 0.999999999999989 -5.99995389748009e-016 -1.50257500085026e-007
  outer loop
    vertex 75.0336870414285 279.583189747895 0.0012512734200355
    vertex 75.0336910082259 241.983346992754 26.4012472657875
    vertex 75.0336870414285 241.983189735254 0.0012512734200355
  endloop
endfacet
facet normal 0.999999999999989 -5.99995389748009e-016 -1.50257500085026e-007
  outer loop
    vertex 75.0336910082259 241.983346992754 26.4012472657875
    vertex 75.0336870414285 279.583189747895 0.0012512734200355
    vertex 75.0336910082259 279.583032490394 26.4012472657875
  endloop
endfacet
facet normal 0.999999999999861 5.27253017438822e-007 1.31613645232379e-008
  outer loop
    vertex 72.3336231357958 284.583226140595 20.4012100247598
    vertex 72.3336104047198 286.583390396058 22.401284191199
    vertex 72.3336100715287 284.583389698237 26.4012835952928
  endloop
endfacet
facet normal 0.999999999999861 5.27253017438822e-007 1.31613645232379e-008
  outer loop
    vertex 72.3336104047198 286.583390396058 22.401284191199
    vertex 72.3336231357958 284.583226140595 20.4012100247598
    vertex 72.3335876199167 353.183392964736 20.4013040349114
  endloop
endfacet
facet normal 0.999999999999861 5.27253017438822e-007 1.31613645232379e-008
  outer loop
    vertex 72.3336100715287 284.583389698237 26.4012835952928
    vertex 72.3336104047198 286.583390396058 22.401284191199
    vertex 72.3336089979623 286.583389698237 26.4012841911987
  endloop
endfacet
facet normal 0.999999999999861 5.27253017438822e-007 1.31613645232379e-008
  outer loop
    vertex 72.3336104047198 286.583390396058 22.401284191199
    vertex 72.3335876199167 353.183392964736 20.4013040349114
    vertex 72.3335746549599 353.183390966085 22.4013040348635
  endloop
endfacet
facet normal -0.999999999999992 -2.86017245478647e-009 -1.27431173185627e-007
  outer loop
    vertex 30.3335736295467 286.583389698238 26.4012776451822
    vertex 30.3335876193243 284.583393659171 20.4012810020414
    vertex 30.3335736410017 284.583390428608 26.4012708006736
  endloop
endfacet
facet normal -0.999999999999992 -2.86017245478647e-009 -1.27431173185627e-007
  outer loop
    vertex 30.3335876193243 284.583393659171 20.4012810020414
    vertex 30.3335736295467 286.583389698238 26.4012776451822
    vertex 30.3335750363042 286.583390396059 22.4012776451825
  endloop
endfacet
facet normal -0.999999999999992 -2.86017245478647e-009 -1.27431173185627e-007
  outer loop
    vertex 30.3335876193243 284.583393659171 20.4012810020414
    vertex 30.3335750363042 286.583390396059 22.4012776451825
    vertex 30.3335876198118 353.183393695162 20.4012810390033
  endloop
endfacet
facet normal -0.999999999999992 -2.86017245478647e-009 -1.27431173185627e-007
  outer loop
    vertex 30.3335876198118 353.183393695162 20.4012810390033
    vertex 30.3335750363042 286.583390396059 22.4012776451825
    vertex 30.3335746548547 353.183391696511 22.4012810389549
  endloop
endfacet
facet normal -1.21262990171941e-008 0.999999999959771 -8.96982080474748e-006
  outer loop
    vertex 30.3335774470615 284.583189747804 0.00129673156491175
    vertex 40.2335871305019 284.583393651455 20.4004787391923
    vertex 40.2336865520584 284.583189981087 0.00047874032906281
  endloop
endfacet
facet normal -1.21262990171941e-008 0.999999999959771 -8.96982080474748e-006
  outer loop
    vertex 40.2335871305019 284.583393651455 20.4004787391923
    vertex 30.3335774470615 284.583189747804 0.00129673156491175
    vertex 30.3335876193243 284.583393659171 20.4012810020414
  endloop
endfacet
facet normal -0.991444861373814 0.130526192220026 -2.21406095886589e-009
  outer loop
    vertex 37.0335746548548 316.183391688764 22.4012802470513
    vertex 36.9756607433302 315.743401853559 20.4011380619117
    vertex 36.9756485595463 315.743399312089 22.4012802449685
  endloop
endfacet
facet normal -0.991444861373814 0.130526192220026 -2.21406095886589e-009
  outer loop
    vertex 36.9756607433302 315.743401853559 20.4011380619117
    vertex 37.0335746548548 316.183391688764 22.4012802470513
    vertex 37.0335868386388 316.183394230234 20.4011380619117
  endloop
endfacet
facet normal -0.991444861373814 -0.130526192220026 -3.35333747434178e-009
  outer loop
    vertex 36.9756485595463 316.623384065438 22.4012802488089
    vertex 37.0335868386388 316.183394230234 20.4011380619117
    vertex 37.0335746548548 316.183391688764 22.4012802470513
  endloop
endfacet
facet normal -0.991444861373814 -0.130526192220026 -3.35333747434178e-009
  outer loop
    vertex 37.0335868386388 316.183394230234 20.4011380619117
    vertex 36.9756485595463 316.623384065438 22.4012802488089
    vertex 36.9756607433302 316.623386606908 20.4011380619117
  endloop
endfacet
facet normal -0.923879532511261 -0.382683432365153 -4.26408958259397e-009
  outer loop
    vertex 36.8058178412884 317.033391688764 22.4012802501214
    vertex 36.9756607433302 316.623386606908 20.4011380619117
    vertex 36.9756485595463 316.623384065438 22.4012802488089
  endloop
endfacet
facet normal -0.923879532511261 -0.382683432365153 -4.26408958259397e-009
  outer loop
    vertex 36.9756607433302 316.623386606908 20.4011380619117
    vertex 36.8058178412884 317.033391688764 22.4012802501214
    vertex 36.8058300250723 317.033394230234 20.4011380619117
  endloop
endfacet
facet normal -0.793353340291251 -0.6087614290087 -4.88425103253308e-009
  outer loop
    vertex 36.535656182872 317.385473216781 22.4012802508994
    vertex 36.8058300250723 317.033394230234 20.4011380619117
    vertex 36.8058178412884 317.033391688764 22.4012802501214
  endloop
endfacet
facet normal -0.793353340291251 -0.6087614290087 -4.88425103253308e-009
  outer loop
    vertex 36.8058300250723 317.033394230234 20.4011380619117
    vertex 36.535656182872 317.385473216781 22.4012802508994
    vertex 36.5356683666559 317.385475758251 20.4011380619117
  endloop
endfacet
facet normal -0.608761429008706 -0.793353340291246 -5.17155884621182e-009
  outer loop
    vertex 36.535656182872 317.385473216781 22.4012802508994
    vertex 36.1835868386388 317.655637416667 20.4011380619117
    vertex 36.5356683666559 317.385475758251 20.4011380619117
  endloop
endfacet
facet normal -0.608761429008706 -0.793353340291246 -5.17155884621182e-009
  outer loop
    vertex 36.1835868386388 317.655637416667 20.4011380619117
    vertex 36.535656182872 317.385473216781 22.4012802508994
    vertex 36.1835746548548 317.655634875197 22.4012802510899
  endloop
endfacet
facet normal -0.382683432365119 -0.923879532511275 -5.10643347092627e-009
  outer loop
    vertex 36.1835746548548 317.655634875197 22.4012802510899
    vertex 35.7735792153131 317.825468134925 20.4011380619117
    vertex 36.1835868386388 317.655637416667 20.4011380619117
  endloop
endfacet
facet normal -0.382683432365119 -0.923879532511275 -5.10643347092627e-009
  outer loop
    vertex 35.7735792153131 317.825468134925 20.4011380619117
    vertex 36.1835746548548 317.655634875197 22.4012802510899
    vertex 35.7735670315291 317.825465593455 22.4012802506799
  endloop
endfacet
facet normal -0.130526192220046 -0.991444861373811 -4.69331309337735e-009
  outer loop
    vertex 35.7735670315291 317.825465593455 22.4012802506799
    vertex 35.3335868386388 317.883394230234 20.4011380619117
    vertex 35.7735792153131 317.825468134925 20.4011380619117
  endloop
endfacet
facet normal -0.130526192220046 -0.991444861373811 -4.69331309337735e-009
  outer loop
    vertex 35.3335868386388 317.883394230234 20.4011380619117
    vertex 35.7735670315291 317.825465593455 22.4012802506799
    vertex 35.3335746548548 317.883391688764 22.4012802496973
  endloop
endfacet
facet normal 0.130526192220046 -0.991444861373811 -3.96035118458144e-009
  outer loop
    vertex 35.3335746548548 317.883391688764 22.4012802496973
    vertex 34.8935944619645 317.825468134925 20.4011380619117
    vertex 35.3335868386388 317.883394230234 20.4011380619117
  endloop
endfacet
facet normal 0.130526192220046 -0.991444861373811 -3.96035118458144e-009
  outer loop
    vertex 34.8935944619645 317.825468134925 20.4011380619117
    vertex 35.3335746548548 317.883391688764 22.4012802496973
    vertex 34.8935822781805 317.825465593455 22.4012802482091
  endloop
endfacet
facet normal 0.382683432365083 -0.92387953251129 -2.95749788734606e-009
  outer loop
    vertex 34.8935822781805 317.825465593455 22.4012802482091
    vertex 34.4835868386387 317.655637416667 20.4011380619117
    vertex 34.8935944619645 317.825468134925 20.4011380619117
  endloop
endfacet
facet normal 0.382683432365083 -0.92387953251129 -2.95749788734606e-009
  outer loop
    vertex 34.4835868386387 317.655637416667 20.4011380619117
    vertex 34.8935822781805 317.825465593455 22.4012802482091
    vertex 34.4835746548548 317.655634875197 22.4012802463168
  endloop
endfacet
facet normal 0.608761429008755 -0.793353340291209 -1.75309599658415e-009
  outer loop
    vertex 34.4835746548548 317.655634875197 22.4012802463168
    vertex 34.1315053106216 317.385475758251 20.4011380619117
    vertex 34.4835868386387 317.655637416667 20.4011380619117
  endloop
endfacet
facet normal 0.608761429008755 -0.793353340291209 -1.75309599658415e-009
  outer loop
    vertex 34.1315053106216 317.385475758251 20.4011380619117
    vertex 34.4835746548548 317.655634875197 22.4012802463168
    vertex 34.1314931268377 317.385473216781 22.4012802441492
  endloop
endfacet
facet normal 0.793353340291251 -0.6087614290087 -4.29223510783453e-010
  outer loop
    vertex 33.8613436522052 317.033394230234 20.4011380619117
    vertex 34.1314931268377 317.385473216781 22.4012802441492
    vertex 33.8613314684213 317.033391688764 22.4012802418541
  endloop
endfacet
facet normal 0.793353340291251 -0.6087614290087 -4.29223510783453e-010
  outer loop
    vertex 34.1314931268377 317.385473216781 22.4012802441492
    vertex 33.8613436522052 317.033394230234 20.4011380619117
    vertex 34.1315053106216 317.385475758251 20.4011380619117
  endloop
endfacet
facet normal 0.923879532511261 -0.382683432365153 9.23899847951358e-010
  outer loop
    vertex 33.6915129339473 316.623386606908 20.4011380619117
    vertex 33.8613314684213 317.033391688764 22.4012802418541
    vertex 33.6915007501634 316.623384065438 22.4012802395879
  endloop
endfacet
facet normal 0.923879532511261 -0.382683432365153 9.23899847951358e-010
  outer loop
    vertex 33.8613314684213 317.033391688764 22.4012802418541
    vertex 33.6915129339473 316.623386606908 20.4011380619117
    vertex 33.8613436522052 317.033394230234 20.4011380619117
  endloop
endfacet
facet normal 0.991444861373814 -0.130526192220026 2.21406095886589e-009
  outer loop
    vertex 33.6335868386387 316.183394230234 20.4011380619117
    vertex 33.6915007501634 316.623384065438 22.4012802395879
    vertex 33.6335746548548 316.183391688764 22.4012802375051
  endloop
endfacet
facet normal 0.991444861373814 -0.130526192220026 2.21406095886589e-009
  outer loop
    vertex 33.6915007501634 316.623384065438 22.4012802395879
    vertex 33.6335868386387 316.183394230234 20.4011380619117
    vertex 33.6915129339473 316.623386606908 20.4011380619117
  endloop
endfacet
facet normal 0.991444861373814 0.130526192220026 3.35333747434178e-009
  outer loop
    vertex 33.6915129339473 315.743401853559 20.4011380619117
    vertex 33.6335746548548 316.183391688764 22.4012802375051
    vertex 33.6915007501634 315.743399312089 22.4012802357475
  endloop
endfacet
facet normal 0.991444861373814 0.130526192220026 3.35333747434178e-009
  outer loop
    vertex 33.6335746548548 316.183391688764 22.4012802375051
    vertex 33.6915129339473 315.743401853559 20.4011380619117
    vertex 33.6335868386387 316.183394230234 20.4011380619117
  endloop
endfacet
facet normal 0.923879532511261 0.382683432365153 4.26408958259397e-009
  outer loop
    vertex 33.8613436522052 315.333394230234 20.4011380619117
    vertex 33.6915007501634 315.743399312089 22.4012802357475
    vertex 33.8613314684213 315.333391688764 22.401280234435
  endloop
endfacet
facet normal 0.923879532511261 0.382683432365153 4.26408958259397e-009
  outer loop
    vertex 33.6915007501634 315.743399312089 22.4012802357475
    vertex 33.8613436522052 315.333394230234 20.4011380619117
    vertex 33.6915129339473 315.743401853559 20.4011380619117
  endloop
endfacet
facet normal 0.793353340291251 0.6087614290087 4.88425103253308e-009
  outer loop
    vertex 34.1315053106216 314.981312702217 20.4011380619117
    vertex 33.8613314684213 315.333391688764 22.401280234435
    vertex 34.1314931268377 314.981310160746 22.401280233657
  endloop
endfacet
facet normal 0.793353340291251 0.6087614290087 4.88425103253308e-009
  outer loop
    vertex 33.8613314684213 315.333391688764 22.401280234435
    vertex 34.1315053106216 314.981312702217 20.4011380619117
    vertex 33.8613436522052 315.333394230234 20.4011380619117
  endloop
endfacet
facet normal 0.608761429008706 0.793353340291246 5.17155884621182e-009
  outer loop
    vertex 34.1314931268377 314.981310160746 22.401280233657
    vertex 34.4835868386388 314.7111510438 20.4011380619117
    vertex 34.1315053106216 314.981312702217 20.4011380619117
  endloop
endfacet
facet normal 0.608761429008706 0.793353340291246 5.17155884621182e-009
  outer loop
    vertex 34.4835868386388 314.7111510438 20.4011380619117
    vertex 34.1314931268377 314.981310160746 22.401280233657
    vertex 34.4835746548548 314.71114850233 22.4012802334665
  endloop
endfacet
facet normal 0.382683432365119 0.923879532511275 5.10643347092627e-009
  outer loop
    vertex 34.4835746548548 314.71114850233 22.4012802334665
    vertex 34.8935944619645 314.541320325542 20.4011380619117
    vertex 34.4835868386388 314.7111510438 20.4011380619117
  endloop
endfacet
facet normal 0.382683432365119 0.923879532511275 5.10643347092627e-009
  outer loop
    vertex 34.8935944619645 314.541320325542 20.4011380619117
    vertex 34.4835746548548 314.71114850233 22.4012802334665
    vertex 34.8935822781805 314.541317784072 22.4012802338765
  endloop
endfacet
facet normal 0.130526192220046 0.991444861373811 4.69331309337735e-009
  outer loop
    vertex 34.8935822781805 314.541317784072 22.4012802338765
    vertex 35.3335868386388 314.483394230234 20.4011380619117
    vertex 34.8935944619645 314.541320325542 20.4011380619117
  endloop
endfacet
facet normal 0.130526192220046 0.991444861373811 4.69331309337735e-009
  outer loop
    vertex 35.3335868386388 314.483394230234 20.4011380619117
    vertex 34.8935822781805 314.541317784072 22.4012802338765
    vertex 35.3335746548548 314.483391688764 22.4012802348591
  endloop
endfacet
facet normal -0.130526192220046 0.991444861373811 3.96035118458144e-009
  outer loop
    vertex 35.3335746548548 314.483391688764 22.4012802348591
    vertex 35.7735792153131 314.541320325542 20.4011380619117
    vertex 35.3335868386388 314.483394230234 20.4011380619117
  endloop
endfacet
facet normal -0.130526192220046 0.991444861373811 3.96035118458144e-009
  outer loop
    vertex 35.7735792153131 314.541320325542 20.4011380619117
    vertex 35.3335746548548 314.483391688764 22.4012802348591
    vertex 35.7735670315291 314.541317784072 22.4012802363473
  endloop
endfacet
facet normal -0.382683432365083 0.92387953251129 2.95749788734606e-009
  outer loop
    vertex 35.7735670315291 314.541317784072 22.4012802363473
    vertex 36.1835868386388 314.7111510438 20.4011380619117
    vertex 35.7735792153131 314.541320325542 20.4011380619117
  endloop
endfacet
facet normal -0.382683432365083 0.92387953251129 2.95749788734606e-009
  outer loop
    vertex 36.1835868386388 314.7111510438 20.4011380619117
    vertex 35.7735670315291 314.541317784072 22.4012802363473
    vertex 36.1835746548549 314.71114850233 22.4012802382397
  endloop
endfacet
facet normal -0.608761429008755 0.793353340291209 1.75309599658415e-009
  outer loop
    vertex 36.1835746548549 314.71114850233 22.4012802382397
    vertex 36.5356683666559 314.981312702217 20.4011380619117
    vertex 36.1835868386388 314.7111510438 20.4011380619117
  endloop
endfacet
facet normal -0.608761429008755 0.793353340291209 1.75309599658415e-009
  outer loop
    vertex 36.5356683666559 314.981312702217 20.4011380619117
    vertex 36.1835746548549 314.71114850233 22.4012802382397
    vertex 36.535656182872 314.981310160746 22.4012802404072
  endloop
endfacet
facet normal -0.793353340291251 0.6087614290087 4.29223510783453e-010
  outer loop
    vertex 36.8058178412884 315.333391688764 22.4012802427023
    vertex 36.5356683666559 314.981312702217 20.4011380619117
    vertex 36.535656182872 314.981310160746 22.4012802404072
  endloop
endfacet
facet normal -0.793353340291251 0.6087614290087 4.29223510783453e-010
  outer loop
    vertex 36.5356683666559 314.981312702217 20.4011380619117
    vertex 36.8058178412884 315.333391688764 22.4012802427023
    vertex 36.8058300250723 315.333394230234 20.4011380619117
  endloop
endfacet
facet normal -0.923879532511261 0.382683432365153 -9.23899847951358e-010
  outer loop
    vertex 36.9756485595463 315.743399312089 22.4012802449685
    vertex 36.8058300250723 315.333394230234 20.4011380619117
    vertex 36.8058178412884 315.333391688764 22.4012802427023
  endloop
endfacet
facet normal -0.923879532511261 0.382683432365153 -9.23899847951358e-010
  outer loop
    vertex 36.8058300250723 315.333394230234 20.4011380619117
    vertex 36.9756485595463 315.743399312089 22.4012802449685
    vertex 36.9756607433302 315.743401853559 20.4011380619117
  endloop
endfacet
facet normal 0.130526192220047 0.99144486137381 5.18089653463877e-008
  outer loop
    vertex 34.8935822781806 346.541317784072 22.4012802095787
    vertex 35.3335863584341 346.483394388498 20.4011938022426
    vertex 34.8935939817598 346.541320483807 20.4011938022426
  endloop
endfacet
facet normal 0.130526192220047 0.99144486137381 5.18089653463877e-008
  outer loop
    vertex 35.3335863584341 346.483394388498 20.4011938022426
    vertex 34.8935822781806 346.541317784072 22.4012802095787
    vertex 35.3335746548548 346.483391688764 22.4012801003342
  endloop
endfacet
facet normal -0.130526192220058 0.991444861373803 1.1375528797602e-007
  outer loop
    vertex 35.3335746548548 346.483391688764 22.4012801003342
    vertex 35.7735787351084 346.541320483807 20.4011938022426
    vertex 35.3335863584341 346.483394388498 20.4011938022426
  endloop
endfacet
facet normal -0.130526192220058 0.991444861373803 1.1375528797602e-007
  outer loop
    vertex 35.7735787351084 346.541320483807 20.4011938022426
    vertex 35.3335746548548 346.483391688764 22.4012801003342
    vertex 35.7735670315291 346.541317784072 22.401280000763
  endloop
endfacet
facet normal -0.382683432365048 0.923879532511289 1.67949375719579e-007
  outer loop
    vertex 35.7735670315291 346.541317784072 22.401280000763
    vertex 36.1835863584341 346.711151202065 20.4011938022426
    vertex 35.7735787351084 346.541320483807 20.4011938022426
  endloop
endfacet
facet normal -0.382683432365048 0.923879532511289 1.67949375719579e-007
  outer loop
    vertex 36.1835863584341 346.711151202065 20.4011938022426
    vertex 35.7735670315291 346.541317784072 22.401280000763
    vertex 36.1835746548548 346.71114850233 22.4012799176507
  endloop
endfacet
facet normal -0.608761429008727 0.793353340291203 2.10697991057332e-007
  outer loop
    vertex 36.1835746548548 346.71114850233 22.4012799176507
    vertex 36.5356678864513 346.981312860481 20.4011938022426
    vertex 36.1835863584341 346.711151202065 20.4011938022426
  endloop
endfacet
facet normal -0.608761429008727 0.793353340291203 2.10697991057332e-007
  outer loop
    vertex 36.5356678864513 346.981312860481 20.4011938022426
    vertex 36.1835746548548 346.71114850233 22.4012799176507
    vertex 36.5356561828719 346.981310160746 22.4012798566612
  endloop
endfacet
facet normal -0.793353340291212 0.608761429008704 2.39087886499408e-007
  outer loop
    vertex 36.8058178412883 347.333391688764 22.4012798219509
    vertex 36.5356678864513 346.981312860481 20.4011938022426
    vertex 36.5356561828719 346.981310160746 22.4012798566612
  endloop
endfacet
facet normal -0.793353340291212 0.608761429008704 2.39087886499408e-007
  outer loop
    vertex 36.5356678864513 346.981312860481 20.4011938022426
    vertex 36.8058178412883 347.333391688764 22.4012798219509
    vertex 36.8058295448677 347.333394388498 20.4011938022426
  endloop
endfacet
facet normal -0.923879532511265 0.382683432365061 2.51184337587968e-007
  outer loop
    vertex 36.9756485595462 347.743399312089 22.4012798158851
    vertex 36.8058295448677 347.333394388498 20.4011938022426
    vertex 36.8058178412883 347.333391688764 22.4012798219509
  endloop
endfacet
facet normal -0.923879532511265 0.382683432365061 2.51184337587968e-007
  outer loop
    vertex 36.8058295448677 347.333394388498 20.4011938022426
    vertex 36.9756485595462 347.743399312089 22.4012798158851
    vertex 36.9756602631256 347.743402011824 20.4011938022426
  endloop
endfacet
facet normal -0.991444861373785 0.130526192220015 2.46162991171651e-007
  outer loop
    vertex 37.0335746548548 348.183391688764 22.4012798388774
    vertex 36.9756602631256 347.743402011824 20.4011938022426
    vertex 36.9756485595462 347.743399312089 22.4012798158851
  endloop
endfacet
facet normal -0.991444861373785 0.130526192220015 2.46162991171651e-007
  outer loop
    vertex 36.9756602631256 347.743402011824 20.4011938022426
    vertex 37.0335746548548 348.183391688764 22.4012798388774
    vertex 37.0335863584341 348.183394388498 20.4011938022426
  endloop
endfacet
facet normal -0.991444861373785 -0.130526192220053 2.24366043710566e-007
  outer loop
    vertex 36.9756485595462 348.623384065438 22.4012798893607
    vertex 37.0335863584341 348.183394388498 20.4011938022426
    vertex 37.0335746548548 348.183391688764 22.4012798388774
  endloop
endfacet
facet normal -0.991444861373785 -0.130526192220053 2.24366043710566e-007
  outer loop
    vertex 37.0335863584341 348.183394388498 20.4011938022426
    vertex 36.9756485595462 348.623384065438 22.4012798893607
    vertex 36.9756602631256 348.623386765173 20.4011938022426
  endloop
endfacet
facet normal -0.923879532511267 -0.382683432365093 1.87278921153023e-007
  outer loop
    vertex 36.8058178412883 349.033391688764 22.4012799638948
    vertex 36.9756602631256 348.623386765173 20.4011938022426
    vertex 36.9756485595462 348.623384065438 22.4012798893607
  endloop
endfacet
facet normal -0.923879532511267 -0.382683432365093 1.87278921153023e-007
  outer loop
    vertex 36.9756602631256 348.623386765173 20.4011938022426
    vertex 36.8058178412883 349.033391688764 22.4012799638948
    vertex 36.8058295448677 349.033394388498 20.4011938022426
  endloop
endfacet
facet normal -0.793353340291212 -0.608761429008736 1.37429049611949e-007
  outer loop
    vertex 36.5356561828719 349.385473216781 22.4012800574003
    vertex 36.8058295448677 349.033394388498 20.4011938022426
    vertex 36.8058178412883 349.033391688764 22.4012799638948
  endloop
endfacet
facet normal -0.793353340291212 -0.608761429008736 1.37429049611949e-007
  outer loop
    vertex 36.8058295448677 349.033394388498 20.4011938022426
    vertex 36.5356561828719 349.385473216781 22.4012800574003
    vertex 36.5356678864512 349.385475916516 20.4011938022426
  endloop
endfacet
facet normal -0.608761429008665 -0.793353340291274 7.8213615452055e-008
  outer loop
    vertex 36.5356561828719 349.385473216781 22.4012800574003
    vertex 36.1835863584341 349.655637574932 20.4011938022426
    vertex 36.5356678864512 349.385475916516 20.4011938022426
  endloop
endfacet
facet normal -0.608761429008665 -0.793353340291274 7.8213615452055e-008
  outer loop
    vertex 36.1835863584341 349.655637574932 20.4011938022426
    vertex 36.5356561828719 349.385473216781 22.4012800574003
    vertex 36.1835746548548 349.655634875197 22.4012801635049
  endloop
endfacet
facet normal -0.382683432365094 -0.923879532511285 1.36680526532401e-008
  outer loop
    vertex 36.1835746548548 349.655634875197 22.4012801635049
    vertex 35.7735787351083 349.82546829319 20.4011938022426
    vertex 36.1835863584341 349.655637574932 20.4011938022426
  endloop
endfacet
facet normal -0.382683432365094 -0.923879532511285 1.36680526532401e-008
  outer loop
    vertex 35.7735787351083 349.82546829319 20.4011938022426
    vertex 36.1835746548548 349.655634875197 22.4012801635049
    vertex 35.7735670315291 349.825465593455 22.4012802749777
  endloop
endfacet
facet normal -0.130526192220047 -0.99144486137381 -5.18089653463877e-008
  outer loop
    vertex 35.7735670315291 349.825465593455 22.4012802749777
    vertex 35.333586358434 349.883394388499 20.4011938022426
    vertex 35.7735787351083 349.82546829319 20.4011938022426
  endloop
endfacet
facet normal -0.130526192220047 -0.99144486137381 -5.18089653463877e-008
  outer loop
    vertex 35.333586358434 349.883394388499 20.4011938022426
    vertex 35.7735670315291 349.825465593455 22.4012802749777
    vertex 35.3335746548548 349.883391688764 22.4012803842222
  endloop
endfacet
facet normal 0.130526192220058 -0.991444861373803 -1.1375528797602e-007
  outer loop
    vertex 35.3335746548548 349.883391688764 22.4012803842222
    vertex 34.8935939817597 349.82546829319 20.4011938022426
    vertex 35.333586358434 349.883394388499 20.4011938022426
  endloop
endfacet
facet normal 0.130526192220058 -0.991444861373803 -1.1375528797602e-007
  outer loop
    vertex 34.8935939817597 349.82546829319 20.4011938022426
    vertex 35.3335746548548 349.883391688764 22.4012803842222
    vertex 34.8935822781806 349.825465593455 22.4012804837934
  endloop
endfacet
facet normal 0.382683432365048 -0.923879532511289 -1.67949375719579e-007
  outer loop
    vertex 34.8935822781806 349.825465593455 22.4012804837934
    vertex 34.483586358434 349.655637574932 20.4011938022426
    vertex 34.8935939817597 349.82546829319 20.4011938022426
  endloop
endfacet
facet normal 0.382683432365048 -0.923879532511289 -1.67949375719579e-007
  outer loop
    vertex 34.483586358434 349.655637574932 20.4011938022426
    vertex 34.8935822781806 349.825465593455 22.4012804837934
    vertex 34.4835746548548 349.655634875197 22.4012805669057
  endloop
endfacet
facet normal 0.608761429008727 -0.793353340291203 -2.10697991057332e-007
  outer loop
    vertex 34.4835746548548 349.655634875197 22.4012805669057
    vertex 34.1315048304168 349.385475916516 20.4011938022426
    vertex 34.483586358434 349.655637574932 20.4011938022426
  endloop
endfacet
facet normal 0.608761429008727 -0.793353340291203 -2.10697991057332e-007
  outer loop
    vertex 34.1315048304168 349.385475916516 20.4011938022426
    vertex 34.4835746548548 349.655634875197 22.4012805669057
    vertex 34.1314931268377 349.385473216781 22.4012806278952
  endloop
endfacet
facet normal 0.793353340291212 -0.608761429008704 -2.39087886499408e-007
  outer loop
    vertex 33.8613431720004 349.033394388499 20.4011938022426
    vertex 34.1314931268377 349.385473216781 22.4012806278952
    vertex 33.8613314684213 349.033391688764 22.4012806626056
  endloop
endfacet
facet normal 0.793353340291212 -0.608761429008704 -2.39087886499408e-007
  outer loop
    vertex 34.1314931268377 349.385473216781 22.4012806278952
    vertex 33.8613431720004 349.033394388499 20.4011938022426
    vertex 34.1315048304168 349.385475916516 20.4011938022426
  endloop
endfacet
facet normal 0.923879532511265 -0.382683432365061 -2.51184337587968e-007
  outer loop
    vertex 33.6915124537426 348.623386765173 20.4011938022426
    vertex 33.8613314684213 349.033391688764 22.4012806626056
    vertex 33.6915007501635 348.623384065438 22.4012806686713
  endloop
endfacet
facet normal 0.923879532511265 -0.382683432365061 -2.51184337587968e-007
  outer loop
    vertex 33.8613314684213 349.033391688764 22.4012806626056
    vertex 33.6915124537426 348.623386765173 20.4011938022426
    vertex 33.8613431720004 349.033394388499 20.4011938022426
  endloop
endfacet
facet normal 0.991444861373785 -0.130526192220015 -2.46162991171651e-007
  outer loop
    vertex 33.633586358434 348.183394388499 20.4011938022426
    vertex 33.6915007501635 348.623384065438 22.4012806686713
    vertex 33.6335746548549 348.183391688764 22.401280645679
  endloop
endfacet
facet normal 0.991444861373785 -0.130526192220015 -2.46162991171651e-007
  outer loop
    vertex 33.6915007501635 348.623384065438 22.4012806686713
    vertex 33.633586358434 348.183394388499 20.4011938022426
    vertex 33.6915124537426 348.623386765173 20.4011938022426
  endloop
endfacet
facet normal 0.991444861373785 0.130526192220053 -2.24366043710566e-007
  outer loop
    vertex 33.6915124537426 347.743402011824 20.4011938022426
    vertex 33.6335746548549 348.183391688764 22.401280645679
    vertex 33.6915007501635 347.743399312089 22.4012805951957
  endloop
endfacet
facet normal 0.991444861373785 0.130526192220053 -2.24366043710566e-007
  outer loop
    vertex 33.6335746548549 348.183391688764 22.401280645679
    vertex 33.6915124537426 347.743402011824 20.4011938022426
    vertex 33.633586358434 348.183394388499 20.4011938022426
  endloop
endfacet
facet normal 0.923879532511267 0.382683432365093 -1.87278921153023e-007
  outer loop
    vertex 33.8613431720005 347.333394388499 20.4011938022426
    vertex 33.6915007501635 347.743399312089 22.4012805951957
    vertex 33.8613314684213 347.333391688764 22.4012805206616
  endloop
endfacet
facet normal 0.923879532511267 0.382683432365093 -1.87278921153023e-007
  outer loop
    vertex 33.6915007501635 347.743399312089 22.4012805951957
    vertex 33.8613431720005 347.333394388499 20.4011938022426
    vertex 33.6915124537426 347.743402011824 20.4011938022426
  endloop
endfacet
facet normal 0.793353340291212 0.608761429008736 -1.37429049611949e-007
  outer loop
    vertex 34.1315048304169 346.981312860481 20.4011938022426
    vertex 33.8613314684213 347.333391688764 22.4012805206616
    vertex 34.1314931268377 346.981310160746 22.4012804271561
  endloop
endfacet
facet normal 0.793353340291212 0.608761429008736 -1.37429049611949e-007
  outer loop
    vertex 33.8613314684213 347.333391688764 22.4012805206616
    vertex 34.1315048304169 346.981312860481 20.4011938022426
    vertex 33.8613431720005 347.333394388499 20.4011938022426
  endloop
endfacet
facet normal 0.608761429008665 0.793353340291274 -7.8213615452055e-008
  outer loop
    vertex 34.1314931268377 346.981310160746 22.4012804271561
    vertex 34.4835863584341 346.711151202065 20.4011938022426
    vertex 34.1315048304169 346.981312860481 20.4011938022426
  endloop
endfacet
facet normal 0.608761429008665 0.793353340291274 -7.8213615452055e-008
  outer loop
    vertex 34.4835863584341 346.711151202065 20.4011938022426
    vertex 34.1314931268377 346.981310160746 22.4012804271561
    vertex 34.4835746548549 346.71114850233 22.4012803210515
  endloop
endfacet
facet normal 0.382683432365094 0.923879532511285 -1.36680526532401e-008
  outer loop
    vertex 34.4835746548549 346.71114850233 22.4012803210515
    vertex 34.8935939817598 346.541320483807 20.4011938022426
    vertex 34.4835863584341 346.711151202065 20.4011938022426
  endloop
endfacet
facet normal 0.382683432365094 0.923879532511285 -1.36680526532401e-008
  outer loop
    vertex 34.8935939817598 346.541320483807 20.4011938022426
    vertex 34.4835746548549 346.71114850233 22.4012803210515
    vertex 34.8935822781806 346.541317784072 22.4012802095787
  endloop
endfacet
facet normal 0.130526192220047 0.99144486137381 5.18089653463877e-008
  outer loop
    vertex 66.8935822781806 346.541317784072 22.4012802095787
    vertex 67.3335863584325 346.483394388499 20.4013767594216
    vertex 66.8935939817582 346.541320483808 20.4013767594216
  endloop
endfacet
facet normal 0.130526192220047 0.99144486137381 5.18089653463877e-008
  outer loop
    vertex 67.3335863584325 346.483394388499 20.4013767594216
    vertex 66.8935822781806 346.541317784072 22.4012802095787
    vertex 67.3335746548548 346.483391688764 22.4012801003342
  endloop
endfacet
facet normal -0.130526192220058 0.991444861373803 1.1375528797602e-007
  outer loop
    vertex 67.3335746548548 346.483391688764 22.4012801003342
    vertex 67.7735787351068 346.541320483808 20.4013767594216
    vertex 67.3335863584325 346.483394388499 20.4013767594216
  endloop
endfacet
facet normal -0.130526192220058 0.991444861373803 1.1375528797602e-007
  outer loop
    vertex 67.7735787351068 346.541320483808 20.4013767594216
    vertex 67.3335746548548 346.483391688764 22.4012801003342
    vertex 67.7735670315291 346.541317784072 22.401280000763
  endloop
endfacet
facet normal -0.382683432365048 0.923879532511289 1.67949375719579e-007
  outer loop
    vertex 67.7735670315291 346.541317784072 22.401280000763
    vertex 68.1835863584325 346.711151202066 20.4013767594216
    vertex 67.7735787351068 346.541320483808 20.4013767594216
  endloop
endfacet
facet normal -0.382683432365048 0.923879532511289 1.67949375719579e-007
  outer loop
    vertex 68.1835863584325 346.711151202066 20.4013767594216
    vertex 67.7735670315291 346.541317784072 22.401280000763
    vertex 68.1835746548548 346.71114850233 22.4012799176507
  endloop
endfacet
facet normal -0.608761429008727 0.793353340291203 2.10697991057332e-007
  outer loop
    vertex 68.1835746548548 346.71114850233 22.4012799176507
    vertex 68.5356678864497 346.981312860482 20.4013767594216
    vertex 68.1835863584325 346.711151202066 20.4013767594216
  endloop
endfacet
facet normal -0.608761429008727 0.793353340291203 2.10697991057332e-007
  outer loop
    vertex 68.5356678864497 346.981312860482 20.4013767594216
    vertex 68.1835746548548 346.71114850233 22.4012799176507
    vertex 68.5356561828719 346.981310160746 22.4012798566612
  endloop
endfacet
facet normal -0.793353340291212 0.608761429008704 2.39087886499408e-007
  outer loop
    vertex 68.8058178412883 347.333391688764 22.4012798219509
    vertex 68.5356678864497 346.981312860482 20.4013767594216
    vertex 68.5356561828719 346.981310160746 22.4012798566612
  endloop
endfacet
facet normal -0.793353340291212 0.608761429008704 2.39087886499408e-007
  outer loop
    vertex 68.5356678864497 346.981312860482 20.4013767594216
    vertex 68.8058178412883 347.333391688764 22.4012798219509
    vertex 68.8058295448661 347.333394388499 20.4013767594216
  endloop
endfacet
facet normal -0.923879532511265 0.382683432365061 2.51184337587968e-007
  outer loop
    vertex 68.9756485595462 347.743399312089 22.4012798158851
    vertex 68.8058295448661 347.333394388499 20.4013767594216
    vertex 68.8058178412883 347.333391688764 22.4012798219509
  endloop
endfacet
facet normal -0.923879532511265 0.382683432365061 2.51184337587968e-007
  outer loop
    vertex 68.8058295448661 347.333394388499 20.4013767594216
    vertex 68.9756485595462 347.743399312089 22.4012798158851
    vertex 68.9756602631239 347.743402011825 20.4013767594216
  endloop
endfacet
facet normal -0.991444861373785 0.130526192220015 2.46162991171651e-007
  outer loop
    vertex 69.0335746548548 348.183391688764 22.4012798388774
    vertex 68.9756602631239 347.743402011825 20.4013767594216
    vertex 68.9756485595462 347.743399312089 22.4012798158851
  endloop
endfacet
facet normal -0.991444861373785 0.130526192220015 2.46162991171651e-007
  outer loop
    vertex 68.9756602631239 347.743402011825 20.4013767594216
    vertex 69.0335746548548 348.183391688764 22.4012798388774
    vertex 69.0335863584325 348.183394388499 20.4013767594216
  endloop
endfacet
facet normal -0.991444861373785 -0.130526192220053 2.24366043710566e-007
  outer loop
    vertex 68.9756485595462 348.623384065438 22.4012798893607
    vertex 69.0335863584325 348.183394388499 20.4013767594216
    vertex 69.0335746548548 348.183391688764 22.4012798388774
  endloop
endfacet
facet normal -0.991444861373785 -0.130526192220053 2.24366043710566e-007
  outer loop
    vertex 69.0335863584325 348.183394388499 20.4013767594216
    vertex 68.9756485595462 348.623384065438 22.4012798893607
    vertex 68.9756602631239 348.623386765173 20.4013767594216
  endloop
endfacet
facet normal -0.923879532511267 -0.382683432365093 1.87278921153023e-007
  outer loop
    vertex 68.8058178412883 349.033391688764 22.4012799638948
    vertex 68.9756602631239 348.623386765173 20.4013767594216
    vertex 68.9756485595462 348.623384065438 22.4012798893607
  endloop
endfacet
facet normal -0.923879532511267 -0.382683432365093 1.87278921153023e-007
  outer loop
    vertex 68.9756602631239 348.623386765173 20.4013767594216
    vertex 68.8058178412883 349.033391688764 22.4012799638948
    vertex 68.805829544866 349.033394388499 20.4013767594216
  endloop
endfacet
facet normal -0.793353340291212 -0.608761429008736 1.37429049611949e-007
  outer loop
    vertex 68.5356561828719 349.385473216781 22.4012800574003
    vertex 68.805829544866 349.033394388499 20.4013767594216
    vertex 68.8058178412883 349.033391688764 22.4012799638948
  endloop
endfacet
facet normal -0.793353340291212 -0.608761429008736 1.37429049611949e-007
  outer loop
    vertex 68.805829544866 349.033394388499 20.4013767594216
    vertex 68.5356561828719 349.385473216781 22.4012800574003
    vertex 68.5356678864496 349.385475916516 20.4013767594216
  endloop
endfacet
facet normal -0.608761429008665 -0.793353340291274 7.8213615452055e-008
  outer loop
    vertex 68.5356561828719 349.385473216781 22.4012800574003
    vertex 68.1835863584324 349.655637574933 20.4013767594216
    vertex 68.5356678864496 349.385475916516 20.4013767594216
  endloop
endfacet
facet normal -0.608761429008665 -0.793353340291274 7.8213615452055e-008
  outer loop
    vertex 68.1835863584324 349.655637574933 20.4013767594216
    vertex 68.5356561828719 349.385473216781 22.4012800574003
    vertex 68.1835746548548 349.655634875197 22.4012801635049
  endloop
endfacet
facet normal -0.382683432365094 -0.923879532511285 1.36680526532401e-008
  outer loop
    vertex 68.1835746548548 349.655634875197 22.4012801635049
    vertex 67.7735787351067 349.825468293191 20.4013767594216
    vertex 68.1835863584324 349.655637574933 20.4013767594216
  endloop
endfacet
facet normal -0.382683432365094 -0.923879532511285 1.36680526532401e-008
  outer loop
    vertex 67.7735787351067 349.825468293191 20.4013767594216
    vertex 68.1835746548548 349.655634875197 22.4012801635049
    vertex 67.7735670315291 349.825465593455 22.4012802749777
  endloop
endfacet
facet normal -0.130526192220047 -0.99144486137381 -5.18089653463877e-008
  outer loop
    vertex 67.7735670315291 349.825465593455 22.4012802749777
    vertex 67.3335863584324 349.883394388499 20.4013767594216
    vertex 67.7735787351067 349.825468293191 20.4013767594216
  endloop
endfacet
facet normal -0.130526192220047 -0.99144486137381 -5.18089653463877e-008
  outer loop
    vertex 67.3335863584324 349.883394388499 20.4013767594216
    vertex 67.7735670315291 349.825465593455 22.4012802749777
    vertex 67.3335746548548 349.883391688764 22.4012803842222
  endloop
endfacet
facet normal 0.130526192220058 -0.991444861373803 -1.1375528797602e-007
  outer loop
    vertex 67.3335746548548 349.883391688764 22.4012803842222
    vertex 66.8935939817581 349.825468293191 20.4013767594216
    vertex 67.3335863584324 349.883394388499 20.4013767594216
  endloop
endfacet
facet normal 0.130526192220058 -0.991444861373803 -1.1375528797602e-007
  outer loop
    vertex 66.8935939817581 349.825468293191 20.4013767594216
    vertex 67.3335746548548 349.883391688764 22.4012803842222
    vertex 66.8935822781806 349.825465593455 22.4012804837934
  endloop
endfacet
facet normal 0.382683432365048 -0.923879532511289 -1.67949375719579e-007
  outer loop
    vertex 66.8935822781806 349.825465593455 22.4012804837934
    vertex 66.4835863584323 349.655637574933 20.4013767594216
    vertex 66.8935939817581 349.825468293191 20.4013767594216
  endloop
endfacet
facet normal 0.382683432365048 -0.923879532511289 -1.67949375719579e-007
  outer loop
    vertex 66.4835863584323 349.655637574933 20.4013767594216
    vertex 66.8935822781806 349.825465593455 22.4012804837934
    vertex 66.4835746548548 349.655634875197 22.4012805669057
  endloop
endfacet
facet normal 0.608761429008727 -0.793353340291203 -2.10697991057332e-007
  outer loop
    vertex 66.4835746548548 349.655634875197 22.4012805669057
    vertex 66.1315048304152 349.385475916516 20.4013767594216
    vertex 66.4835863584323 349.655637574933 20.4013767594216
  endloop
endfacet
facet normal 0.608761429008727 -0.793353340291203 -2.10697991057332e-007
  outer loop
    vertex 66.1315048304152 349.385475916516 20.4013767594216
    vertex 66.4835746548548 349.655634875197 22.4012805669057
    vertex 66.1314931268377 349.385473216781 22.4012806278952
  endloop
endfacet
facet normal 0.793353340291212 -0.608761429008704 -2.39087886499408e-007
  outer loop
    vertex 65.8613431719988 349.033394388499 20.4013767594216
    vertex 66.1314931268377 349.385473216781 22.4012806278952
    vertex 65.8613314684213 349.033391688764 22.4012806626056
  endloop
endfacet
facet normal 0.793353340291212 -0.608761429008704 -2.39087886499408e-007
  outer loop
    vertex 66.1314931268377 349.385473216781 22.4012806278952
    vertex 65.8613431719988 349.033394388499 20.4013767594216
    vertex 66.1315048304152 349.385475916516 20.4013767594216
  endloop
endfacet
facet normal 0.923879532511265 -0.382683432365061 -2.51184337587968e-007
  outer loop
    vertex 65.6915124537409 348.623386765174 20.4013767594216
    vertex 65.8613314684213 349.033391688764 22.4012806626056
    vertex 65.6915007501635 348.623384065438 22.4012806686713
  endloop
endfacet
facet normal 0.923879532511265 -0.382683432365061 -2.51184337587968e-007
  outer loop
    vertex 65.8613314684213 349.033391688764 22.4012806626056
    vertex 65.6915124537409 348.623386765174 20.4013767594216
    vertex 65.8613431719988 349.033394388499 20.4013767594216
  endloop
endfacet
facet normal 0.991444861373785 -0.130526192220015 -2.46162991171651e-007
  outer loop
    vertex 65.6335863584324 348.183394388499 20.4013767594216
    vertex 65.6915007501635 348.623384065438 22.4012806686713
    vertex 65.6335746548549 348.183391688764 22.401280645679
  endloop
endfacet
facet normal 0.991444861373785 -0.130526192220015 -2.46162991171651e-007
  outer loop
    vertex 65.6915007501635 348.623384065438 22.4012806686713
    vertex 65.6335863584324 348.183394388499 20.4013767594216
    vertex 65.6915124537409 348.623386765174 20.4013767594216
  endloop
endfacet
facet normal 0.991444861373785 0.130526192220053 -2.24366043710566e-007
  outer loop
    vertex 65.6915124537409 347.743402011825 20.4013767594216
    vertex 65.6335746548549 348.183391688764 22.401280645679
    vertex 65.6915007501635 347.743399312089 22.4012805951957
  endloop
endfacet
facet normal 0.991444861373785 0.130526192220053 -2.24366043710566e-007
  outer loop
    vertex 65.6335746548549 348.183391688764 22.401280645679
    vertex 65.6915124537409 347.743402011825 20.4013767594216
    vertex 65.6335863584324 348.183394388499 20.4013767594216
  endloop
endfacet
facet normal 0.923879532511267 0.382683432365093 -1.87278921153023e-007
  outer loop
    vertex 65.8613431719988 347.333394388499 20.4013767594216
    vertex 65.6915007501635 347.743399312089 22.4012805951957
    vertex 65.8613314684213 347.333391688764 22.4012805206616
  endloop
endfacet
facet normal 0.923879532511267 0.382683432365093 -1.87278921153023e-007
  outer loop
    vertex 65.6915007501635 347.743399312089 22.4012805951957
    vertex 65.8613431719988 347.333394388499 20.4013767594216
    vertex 65.6915124537409 347.743402011825 20.4013767594216
  endloop
endfacet
facet normal 0.793353340291212 0.608761429008736 -1.37429049611949e-007
  outer loop
    vertex 66.1315048304153 346.981312860482 20.4013767594216
    vertex 65.8613314684213 347.333391688764 22.4012805206616
    vertex 66.1314931268377 346.981310160746 22.4012804271561
  endloop
endfacet
facet normal 0.793353340291212 0.608761429008736 -1.37429049611949e-007
  outer loop
    vertex 65.8613314684213 347.333391688764 22.4012805206616
    vertex 66.1315048304153 346.981312860482 20.4013767594216
    vertex 65.8613431719988 347.333394388499 20.4013767594216
  endloop
endfacet
facet normal 0.608761429008665 0.793353340291274 -7.8213615452055e-008
  outer loop
    vertex 66.1314931268377 346.981310160746 22.4012804271561
    vertex 66.4835863584324 346.711151202066 20.4013767594216
    vertex 66.1315048304153 346.981312860482 20.4013767594216
  endloop
endfacet
facet normal 0.608761429008665 0.793353340291274 -7.8213615452055e-008
  outer loop
    vertex 66.4835863584324 346.711151202066 20.4013767594216
    vertex 66.1314931268377 346.981310160746 22.4012804271561
    vertex 66.4835746548549 346.71114850233 22.4012803210515
  endloop
endfacet
facet normal 0.382683432365094 0.923879532511285 -1.36680526532401e-008
  outer loop
    vertex 66.4835746548549 346.71114850233 22.4012803210515
    vertex 66.8935939817582 346.541320483808 20.4013767594216
    vertex 66.4835863584324 346.711151202066 20.4013767594216
  endloop
endfacet
facet normal 0.382683432365094 0.923879532511285 -1.36680526532401e-008
  outer loop
    vertex 66.8935939817582 346.541320483808 20.4013767594216
    vertex 66.4835746548549 346.71114850233 22.4012803210515
    vertex 66.8935822781806 346.541317784072 22.4012802095787
  endloop
endfacet
facet normal 0.991444861373814 -0.130526192220026 2.88799161343674e-009
  outer loop
    vertex 65.6335868397258 316.183394228146 20.4012873900067
    vertex 65.6915007501634 316.623384065438 22.4012802382378
    vertex 65.6335746548548 316.183391688764 22.4012802365834
  endloop
endfacet
facet normal 0.991444861373814 -0.130526192220026 2.88799161343674e-009
  outer loop
    vertex 65.6915007501634 316.623384065438 22.4012802382378
    vertex 65.6335868397258 316.183394228146 20.4012873900067
    vertex 65.6915129350344 316.623386604821 20.4012873900067
  endloop
endfacet
facet normal 0.991444861373814 0.130526192220026 3.75443049703844e-009
  outer loop
    vertex 65.6915129350344 315.743401851472 20.4012873900067
    vertex 65.6335746548548 316.183391688764 22.4012802365834
    vertex 65.6915007501634 315.743399312089 22.4012802353171
  endloop
endfacet
facet normal 0.991444861373814 0.130526192220026 3.75443049703844e-009
  outer loop
    vertex 65.6335746548548 316.183391688764 22.4012802365834
    vertex 65.6915129350344 315.743401851472 20.4012873900067
    vertex 65.6335868397258 316.183394228146 20.4012873900067
  endloop
endfacet
facet normal 0.923879532511261 0.382683432365153 4.36501114675709e-009
  outer loop
    vertex 65.8613436532923 315.333394228146 20.4012873900067
    vertex 65.6915007501634 315.743399312089 22.4012802353171
    vertex 65.8613314684213 315.333391688764 22.4012802345252
  endloop
endfacet
facet normal 0.923879532511261 0.382683432365153 4.36501114675709e-009
  outer loop
    vertex 65.6915007501634 315.743399312089 22.4012802353171
    vertex 65.8613436532923 315.333394228146 20.4012873900067
    vertex 65.6915129350344 315.743401851472 20.4012873900067
  endloop
endfacet
facet normal 0.793353340291251 0.6087614290087 4.6781235003459e-009
  outer loop
    vertex 66.1315053117087 314.981312700129 20.4012873900067
    vertex 65.8613314684213 315.333391688764 22.4012802345252
    vertex 66.1314931268377 314.981310160746 22.4012802342617
  endloop
endfacet
facet normal 0.793353340291251 0.6087614290087 4.6781235003459e-009
  outer loop
    vertex 65.8613314684213 315.333391688764 22.4012802345252
    vertex 66.1315053117087 314.981312700129 20.4012873900067
    vertex 65.8613436532923 315.333394228146 20.4012873900067
  endloop
endfacet
facet normal 0.608761429008706 0.793353340291246 4.6724294683509e-009
  outer loop
    vertex 66.1314931268377 314.981310160746 22.4012802342617
    vertex 66.4835868397258 314.711151041713 20.4012873900067
    vertex 66.1315053117087 314.981312700129 20.4012873900067
  endloop
endfacet
facet normal 0.608761429008706 0.793353340291246 4.6724294683509e-009
  outer loop
    vertex 66.4835868397258 314.711151041713 20.4012873900067
    vertex 66.1314931268377 314.981310160746 22.4012802342617
    vertex 66.4835746548548 314.71114850233 22.4012802345444
  endloop
endfacet
facet normal 0.382683432365119 0.923879532511275 4.34831708964263e-009
  outer loop
    vertex 66.4835746548548 314.71114850233 22.4012802345444
    vertex 66.8935944630515 314.541320323455 20.4012873900067
    vertex 66.4835868397258 314.711151041713 20.4012873900067
  endloop
endfacet
facet normal 0.382683432365119 0.923879532511275 4.34831708964263e-009
  outer loop
    vertex 66.8935944630515 314.541320323455 20.4012873900067
    vertex 66.4835746548548 314.71114850233 22.4012802345444
    vertex 66.8935822781805 314.541317784072 22.4012802353542
  endloop
endfacet
facet normal 0.130526192220046 0.991444861373811 3.72787408720884e-009
  outer loop
    vertex 66.8935822781805 314.541317784072 22.4012802353542
    vertex 67.3335868397258 314.483394228146 20.4012873900067
    vertex 66.8935944630515 314.541320323455 20.4012873900067
  endloop
endfacet
facet normal 0.130526192220046 0.991444861373811 3.72787408720884e-009
  outer loop
    vertex 67.3335868397258 314.483394228146 20.4012873900067
    vertex 66.8935822781805 314.541317784072 22.4012802353542
    vertex 67.3335746548548 314.483391688764 22.4012802366359
  endloop
endfacet
facet normal -0.130526192220046 0.991444861373811 2.85338262633508e-009
  outer loop
    vertex 67.3335746548548 314.483391688764 22.4012802366359
    vertex 67.7735792164001 314.541320323455 20.4012873900067
    vertex 67.3335868397258 314.483394228146 20.4012873900067
  endloop
endfacet
facet normal -0.130526192220046 0.991444861373811 2.85338262633508e-009
  outer loop
    vertex 67.7735792164001 314.541320323455 20.4012873900067
    vertex 67.3335746548548 314.483391688764 22.4012802366359
    vertex 67.7735670315291 314.541317784072 22.401280238302
  endloop
endfacet
facet normal -0.382683432365083 0.92387953251129 1.78443785491431e-009
  outer loop
    vertex 67.7735670315291 314.541317784072 22.401280238302
    vertex 68.1835868397258 314.711151041713 20.4012873900067
    vertex 67.7735792164001 314.541320323455 20.4012873900067
  endloop
endfacet
facet normal -0.382683432365083 0.92387953251129 1.78443785491431e-009
  outer loop
    vertex 68.1835868397258 314.711151041713 20.4012873900067
    vertex 67.7735670315291 314.541317784072 22.401280238302
    vertex 68.1835746548549 314.71114850233 22.4012802402392
  endloop
endfacet
facet normal -0.608761429008755 0.793353340291209 5.93886592603862e-010
  outer loop
    vertex 68.1835746548549 314.71114850233 22.4012802402392
    vertex 68.535668367743 314.981312700129 20.4012873900067
    vertex 68.1835868397258 314.711151041713 20.4012873900067
  endloop
endfacet
facet normal -0.608761429008755 0.793353340291209 5.93886592603862e-010
  outer loop
    vertex 68.535668367743 314.981312700129 20.4012873900067
    vertex 68.1835746548549 314.71114850233 22.4012802402392
    vertex 68.535656182872 314.981310160746 22.4012802423153
  endloop
endfacet
facet normal -0.793353340291251 0.6087614290087 -6.37137059548231e-010
  outer loop
    vertex 68.8058178412884 315.333391688764 22.4012802443889
    vertex 68.535668367743 314.981312700129 20.4012873900067
    vertex 68.535656182872 314.981310160746 22.4012802423153
  endloop
endfacet
facet normal -0.793353340291251 0.6087614290087 -6.37137059548231e-010
  outer loop
    vertex 68.535668367743 314.981312700129 20.4012873900067
    vertex 68.8058178412884 315.333391688764 22.4012802443889
    vertex 68.8058300261594 315.333394228146 20.4012873900067
  endloop
endfacet
facet normal -0.923879532511261 0.382683432365153 -1.82474087401056e-009
  outer loop
    vertex 68.9756485595463 315.743399312089 22.4012802463186
    vertex 68.8058300261594 315.333394228146 20.4012873900067
    vertex 68.8058178412884 315.333391688764 22.4012802443889
  endloop
endfacet
facet normal -0.923879532511261 0.382683432365153 -1.82474087401056e-009
  outer loop
    vertex 68.8058300261594 315.333394228146 20.4012873900067
    vertex 68.9756485595463 315.743399312089 22.4012802463186
    vertex 68.9756607444173 315.743401851472 20.4012873900067
  endloop
endfacet
facet normal -0.991444861373814 0.130526192220026 -2.88799161343674e-009
  outer loop
    vertex 69.0335746548548 316.183391688764 22.401280247973
    vertex 68.9756607444173 315.743401851472 20.4012873900067
    vertex 68.9756485595463 315.743399312089 22.4012802463186
  endloop
endfacet
facet normal -0.991444861373814 0.130526192220026 -2.88799161343674e-009
  outer loop
    vertex 68.9756607444173 315.743401851472 20.4012873900067
    vertex 69.0335746548548 316.183391688764 22.401280247973
    vertex 69.0335868397258 316.183394228146 20.4012873900067
  endloop
endfacet
facet normal -0.991444861373814 -0.130526192220026 -3.75443049703844e-009
  outer loop
    vertex 68.9756485595463 316.623384065438 22.4012802492393
    vertex 69.0335868397258 316.183394228146 20.4012873900067
    vertex 69.0335746548548 316.183391688764 22.401280247973
  endloop
endfacet
facet normal -0.991444861373814 -0.130526192220026 -3.75443049703844e-009
  outer loop
    vertex 69.0335868397258 316.183394228146 20.4012873900067
    vertex 68.9756485595463 316.623384065438 22.4012802492393
    vertex 68.9756607444173 316.623386604821 20.4012873900067
  endloop
endfacet
facet normal -0.923879532511261 -0.382683432365153 -4.36501114675709e-009
  outer loop
    vertex 68.8058178412884 317.033391688764 22.4012802500312
    vertex 68.9756607444173 316.623386604821 20.4012873900067
    vertex 68.9756485595463 316.623384065438 22.4012802492393
  endloop
endfacet
facet normal -0.923879532511261 -0.382683432365153 -4.36501114675709e-009
  outer loop
    vertex 68.9756607444173 316.623386604821 20.4012873900067
    vertex 68.8058178412884 317.033391688764 22.4012802500312
    vertex 68.8058300261594 317.033394228146 20.4012873900067
  endloop
endfacet
facet normal -0.793353340291251 -0.6087614290087 -4.6781235003459e-009
  outer loop
    vertex 68.535656182872 317.385473216781 22.4012802502948
    vertex 68.8058300261594 317.033394228146 20.4012873900067
    vertex 68.8058178412884 317.033391688764 22.4012802500312
  endloop
endfacet
facet normal -0.793353340291251 -0.6087614290087 -4.6781235003459e-009
  outer loop
    vertex 68.8058300261594 317.033394228146 20.4012873900067
    vertex 68.535656182872 317.385473216781 22.4012802502948
    vertex 68.535668367743 317.385475756164 20.4012873900067
  endloop
endfacet
facet normal -0.608761429008706 -0.793353340291246 -4.6724294683509e-009
  outer loop
    vertex 68.535656182872 317.385473216781 22.4012802502948
    vertex 68.1835868397258 317.65563741458 20.4012873900067
    vertex 68.535668367743 317.385475756164 20.4012873900067
  endloop
endfacet
facet normal -0.608761429008706 -0.793353340291246 -4.6724294683509e-009
  outer loop
    vertex 68.1835868397258 317.65563741458 20.4012873900067
    vertex 68.535656182872 317.385473216781 22.4012802502948
    vertex 68.1835746548548 317.655634875197 22.401280250012
  endloop
endfacet
facet normal -0.382683432365119 -0.923879532511275 -4.34831708964263e-009
  outer loop
    vertex 68.1835746548548 317.655634875197 22.401280250012
    vertex 67.7735792164001 317.825468132838 20.4012873900067
    vertex 68.1835868397258 317.65563741458 20.4012873900067
  endloop
endfacet
facet normal -0.382683432365119 -0.923879532511275 -4.34831708964263e-009
  outer loop
    vertex 67.7735792164001 317.825468132838 20.4012873900067
    vertex 68.1835746548548 317.655634875197 22.401280250012
    vertex 67.7735670315291 317.825465593455 22.4012802492022
  endloop
endfacet
facet normal -0.130526192220046 -0.991444861373811 -3.72787408720884e-009
  outer loop
    vertex 67.7735670315291 317.825465593455 22.4012802492022
    vertex 67.3335868397258 317.883394228146 20.4012873900067
    vertex 67.7735792164001 317.825468132838 20.4012873900067
  endloop
endfacet
facet normal -0.130526192220046 -0.991444861373811 -3.72787408720884e-009
  outer loop
    vertex 67.3335868397258 317.883394228146 20.4012873900067
    vertex 67.7735670315291 317.825465593455 22.4012802492022
    vertex 67.3335746548548 317.883391688764 22.4012802479206
  endloop
endfacet
facet normal 0.130526192220046 -0.991444861373811 -2.85338262633508e-009
  outer loop
    vertex 67.3335746548548 317.883391688764 22.4012802479206
    vertex 66.8935944630515 317.825468132838 20.4012873900067
    vertex 67.3335868397258 317.883394228146 20.4012873900067
  endloop
endfacet
facet normal 0.130526192220046 -0.991444861373811 -2.85338262633508e-009
  outer loop
    vertex 66.8935944630515 317.825468132838 20.4012873900067
    vertex 67.3335746548548 317.883391688764 22.4012802479206
    vertex 66.8935822781805 317.825465593455 22.4012802462544
  endloop
endfacet
facet normal 0.382683432365083 -0.92387953251129 -1.78443785491431e-009
  outer loop
    vertex 66.8935822781805 317.825465593455 22.4012802462544
    vertex 66.4835868397258 317.65563741458 20.4012873900067
    vertex 66.8935944630515 317.825468132838 20.4012873900067
  endloop
endfacet
facet normal 0.382683432365083 -0.92387953251129 -1.78443785491431e-009
  outer loop
    vertex 66.4835868397258 317.65563741458 20.4012873900067
    vertex 66.8935822781805 317.825465593455 22.4012802462544
    vertex 66.4835746548548 317.655634875197 22.4012802443172
  endloop
endfacet
facet normal 0.608761429008755 -0.793353340291209 -5.93886592603862e-010
  outer loop
    vertex 66.4835746548548 317.655634875197 22.4012802443172
    vertex 66.1315053117087 317.385475756164 20.4012873900067
    vertex 66.4835868397258 317.65563741458 20.4012873900067
  endloop
endfacet
facet normal 0.608761429008755 -0.793353340291209 -5.93886592603862e-010
  outer loop
    vertex 66.1315053117087 317.385475756164 20.4012873900067
    vertex 66.4835746548548 317.655634875197 22.4012802443172
    vertex 66.1314931268377 317.385473216781 22.4012802422411
  endloop
endfacet
facet normal 0.793353340291251 -0.6087614290087 6.37137059548231e-010
  outer loop
    vertex 65.8613436532923 317.033394228146 20.4012873900067
    vertex 66.1314931268377 317.385473216781 22.4012802422411
    vertex 65.8613314684213 317.033391688764 22.4012802401676
  endloop
endfacet
facet normal 0.793353340291251 -0.6087614290087 6.37137059548231e-010
  outer loop
    vertex 66.1314931268377 317.385473216781 22.4012802422411
    vertex 65.8613436532923 317.033394228146 20.4012873900067
    vertex 66.1315053117087 317.385475756164 20.4012873900067
  endloop
endfacet
facet normal 0.923879532511261 -0.382683432365153 1.82474087401056e-009
  outer loop
    vertex 65.6915129350344 316.623386604821 20.4012873900067
    vertex 65.8613314684213 317.033391688764 22.4012802401676
    vertex 65.6915007501634 316.623384065438 22.4012802382378
  endloop
endfacet
facet normal 0.923879532511261 -0.382683432365153 1.82474087401056e-009
  outer loop
    vertex 65.8613314684213 317.033391688764 22.4012802401676
    vertex 65.6915129350344 316.623386604821 20.4012873900067
    vertex 65.8613436532923 317.033394228146 20.4012873900067
  endloop
endfacet
facet normal -0.130526192178776 -0.991444861048916 2.5593045945663e-005
  outer loop
    vertex 67.2735575936858 246.925515424915 24.4013531892834
    vertex 66.8335535517996 246.983401745505 22.4010857057337
    vertex 67.2735459284738 246.925475650196 22.401085705733
  endloop
endfacet
facet normal -0.130526192178776 -0.991444861048916 2.5593045945663e-005
  outer loop
    vertex 66.8335535517996 246.983401745505 22.4010857057337
    vertex 67.2735575936858 246.925515424915 24.4013531892834
    vertex 66.8335652170117 246.983441520224 24.401353189284
  endloop
endfacet
facet normal 0.130526192182019 -0.991444861095784 2.36901565812372e-005
  outer loop
    vertex 66.8335652170117 246.983441520224 24.401353189284
    vertex 66.3935611751252 246.925475650197 22.4010857057351
    vertex 66.8335535517996 246.983401745505 22.4010857057337
  endloop
endfacet
facet normal 0.130526192182019 -0.991444861095784 2.36901565812372e-005
  outer loop
    vertex 66.3935611751252 246.925475650197 22.4010857057351
    vertex 66.8335652170117 246.983441520224 24.401353189284
    vertex 66.3935728403373 246.925515424916 24.4013531892854
  endloop
endfacet
facet normal 0.382683432286047 -0.923879532323792 2.0172822182966e-005
  outer loop
    vertex 66.3935728403373 246.925515424916 24.4013531892854
    vertex 65.9835535517994 246.75564493194 22.401085705736
    vertex 66.3935611751252 246.925475650197 22.4010857057351
  endloop
endfacet
facet normal 0.382683432286047 -0.923879532323792 2.0172822182966e-005
  outer loop
    vertex 65.9835535517994 246.75564493194 22.401085705736
    vertex 66.3935728403373 246.925515424916 24.4013531892854
    vertex 65.9835652170114 246.755684706659 24.4013531892864
  endloop
endfacet
facet normal 0.608761428936463 -0.79335334019952 1.52807433035729e-005
  outer loop
    vertex 65.9835652170114 246.755684706659 24.4013531892864
    vertex 65.6314720237818 246.485483273524 22.4010857057368
    vertex 65.9835535517994 246.75564493194 22.401085705736
  endloop
endfacet
facet normal 0.608761428936463 -0.79335334019952 1.52807433035729e-005
  outer loop
    vertex 65.6314720237818 246.485483273524 22.4010857057368
    vertex 65.9835652170114 246.755684706659 24.4013531892864
    vertex 65.6314836889939 246.485523048243 24.4013531892872
  endloop
endfacet
facet normal 0.793353340255727 -0.608761428983233 9.34730701958438e-006
  outer loop
    vertex 65.6314720237818 246.485483273524 22.4010857057368
    vertex 65.361322030577 246.133441520226 24.4013531892878
    vertex 65.3613103653649 246.133401745507 22.4010857057374
  endloop
endfacet
facet normal 0.793353340255727 -0.608761428983233 9.34730701958438e-006
  outer loop
    vertex 65.361322030577 246.133441520226 24.4013531892878
    vertex 65.6314720237818 246.485483273524 22.4010857057368
    vertex 65.6314836889939 246.485523048243 24.4013531892872
  endloop
endfacet
facet normal 0.92387953250718 -0.38268343236493 2.77686720837197e-006
  outer loop
    vertex 65.3613103653649 246.133401745507 22.4010857057374
    vertex 65.1914913123185 245.723433896901 24.4013531892881
    vertex 65.1914796471065 245.723394122182 22.4010857057378
  endloop
endfacet
facet normal 0.92387953250718 -0.38268343236493 2.77686720837197e-006
  outer loop
    vertex 65.1914913123185 245.723433896901 24.4013531892881
    vertex 65.3613103653649 246.133401745507 22.4010857057374
    vertex 65.361322030577 246.133441520226 24.4013531892878
  endloop
endfacet
facet normal 0.991444861365775 -0.130526192220318 -3.98281151262834e-006
  outer loop
    vertex 65.1914796471065 245.723394122182 22.4010857057378
    vertex 65.1335652170094 245.283441520227 24.4013531892881
    vertex 65.1335535517973 245.283401745508 22.4010857057378
  endloop
endfacet
facet normal 0.991444861365775 -0.130526192220318 -3.98281151262834e-006
  outer loop
    vertex 65.1335652170094 245.283441520227 24.4013531892881
    vertex 65.1914796471065 245.723394122182 22.4010857057378
    vertex 65.1914913123185 245.723433896901 24.4013531892881
  endloop
endfacet
facet normal 0.991444861319647 0.13052619221146 -1.04710682158335e-005
  outer loop
    vertex 65.1335535517973 245.283401745508 22.4010857057378
    vertex 65.1914913123173 244.843449143552 24.401353189288
    vertex 65.1914796471053 244.843409368833 22.4010857057376
  endloop
endfacet
facet normal 0.991444861319647 0.13052619221146 -1.04710682158335e-005
  outer loop
    vertex 65.1914913123173 244.843449143552 24.401353189288
    vertex 65.1335535517973 245.283401745508 22.4010857057378
    vertex 65.1335652170094 245.283441520227 24.4013531892881
  endloop
endfacet
facet normal 0.923879532389938 0.382683432313218 -1.62457389179328e-005
  outer loop
    vertex 65.1914796471053 244.843409368833 22.4010857057376
    vertex 65.3613220305746 244.433441520226 24.4013531892875
    vertex 65.3613103653625 244.433401745507 22.4010857057372
  endloop
endfacet
facet normal 0.923879532389938 0.382683432313218 -1.62457389179328e-005
  outer loop
    vertex 65.3613220305746 244.433441520226 24.4013531892875
    vertex 65.1914796471053 244.843409368833 22.4010857057376
    vertex 65.1914913123173 244.843449143552 24.401353189288
  endloop
endfacet
facet normal 0.793353340118576 0.608761428874509 -2.0913289360961e-005
  outer loop
    vertex 65.3613103653625 244.433401745507 22.4010857057372
    vertex 65.6314836889905 244.081359992209 24.4013531892868
    vertex 65.6314720237784 244.08132021749 22.4010857057365
  endloop
endfacet
facet normal 0.793353340118576 0.608761428874509 -2.0913289360961e-005
  outer loop
    vertex 65.6314836889905 244.081359992209 24.4013531892868
    vertex 65.3613103653625 244.433401745507 22.4010857057372
    vertex 65.3613220305746 244.433441520226 24.4013531892875
  endloop
endfacet
facet normal 0.608761428832206 0.79335334005894 -2.41556337057076e-005
  outer loop
    vertex 65.6314720237784 244.08132021749 22.4010857057365
    vertex 65.9835652170073 243.811198333792 24.4013531892859
    vertex 65.9835535517952 243.811158559073 22.4010857057356
  endloop
endfacet
facet normal 0.608761428832206 0.79335334005894 -2.41556337057076e-005
  outer loop
    vertex 65.9835652170073 243.811198333792 24.4013531892859
    vertex 65.6314720237784 244.08132021749 22.4010857057365
    vertex 65.6314836889905 244.081359992209 24.4013531892868
  endloop
endfacet
facet normal 0.382683432239508 0.923879532204407 -2.57518115244023e-005
  outer loop
    vertex 65.9835535517952 243.811158559073 22.4010857057356
    vertex 66.3935728403327 243.641367615534 24.4013531892849
    vertex 66.3935611751206 243.641327840814 22.4010857057346
  endloop
endfacet
facet normal 0.382683432239508 0.923879532204407 -2.57518115244023e-005
  outer loop
    vertex 66.3935728403327 243.641367615534 24.4013531892849
    vertex 65.9835535517952 243.811158559073 22.4010857057356
    vertex 65.9835652170073 243.811198333792 24.4013531892859
  endloop
endfacet
facet normal 0.130526192178699 0.991444861048927 -2.55930459316861e-005
  outer loop
    vertex 66.3935611751206 243.641327840814 22.4010857057346
    vertex 66.8335652170069 243.583441520224 24.4013531892843
    vertex 66.8335535517949 243.583401745505 22.4010857057339
  endloop
endfacet
facet normal 0.130526192178699 0.991444861048927 -2.55930459316861e-005
  outer loop
    vertex 66.8335652170069 243.583441520224 24.4013531892843
    vertex 66.3935611751206 243.641327840814 22.4010857057346
    vertex 66.3935728403327 243.641367615534 24.4013531892849
  endloop
endfacet
facet normal -0.130526192182032 0.991444861095783 -2.36901565812399e-005
  outer loop
    vertex 66.8335535517949 243.583401745505 22.4010857057339
    vertex 67.2735575936813 243.641367615532 24.4013531892829
    vertex 67.2735459284692 243.641327840813 22.4010857057325
  endloop
endfacet
facet normal -0.130526192182032 0.991444861095783 -2.36901565812399e-005
  outer loop
    vertex 67.2735575936813 243.641367615532 24.4013531892829
    vertex 66.8335535517949 243.583401745505 22.4010857057339
    vertex 66.8335652170069 243.583441520224 24.4013531892843
  endloop
endfacet
facet normal -0.382683432285809 0.92387953232389 -2.01728221959948e-005
  outer loop
    vertex 67.2735459284692 243.641327840813 22.4010857057325
    vertex 67.6835652170073 243.81119833379 24.4013531892819
    vertex 67.6835535517952 243.81115855907 22.4010857057316
  endloop
endfacet
facet normal -0.382683432285809 0.92387953232389 -2.01728221959948e-005
  outer loop
    vertex 67.6835652170073 243.81119833379 24.4013531892819
    vertex 67.2735459284692 243.641327840813 22.4010857057325
    vertex 67.2735575936813 243.641367615532 24.4013531892829
  endloop
endfacet
facet normal -0.608761428936625 0.793353340199395 -1.52807433035668e-005
  outer loop
    vertex 67.6835535517952 243.81115855907 22.4010857057316
    vertex 68.0356467450247 244.081359992206 24.4013531892811
    vertex 68.0356350798127 244.081320217486 22.4010857057308
  endloop
endfacet
facet normal -0.608761428936625 0.793353340199395 -1.52807433035668e-005
  outer loop
    vertex 68.0356467450247 244.081359992206 24.4013531892811
    vertex 67.6835535517952 243.81115855907 22.4010857057316
    vertex 67.6835652170073 243.81119833379 24.4013531892819
  endloop
endfacet
facet normal -0.793353340255727 0.608761428983233 -9.34730701958947e-006
  outer loop
    vertex 68.0356467450247 244.081359992206 24.4013531892811
    vertex 68.3057967382296 244.433401745503 22.4010857057302
    vertex 68.0356350798127 244.081320217486 22.4010857057308
  endloop
endfacet
facet normal -0.793353340255727 0.608761428983233 -9.34730701958947e-006
  outer loop
    vertex 68.3057967382296 244.433401745503 22.4010857057302
    vertex 68.0356467450247 244.081359992206 24.4013531892811
    vertex 68.3058084034416 244.433441520222 24.4013531892806
  endloop
endfacet
facet normal -0.92387953250718 0.38268343236493 -2.77686720836859e-006
  outer loop
    vertex 68.3058084034416 244.433441520222 24.4013531892806
    vertex 68.475627456488 244.843409368829 22.4010857057299
    vertex 68.3057967382296 244.433401745503 22.4010857057302
  endloop
endfacet
facet normal -0.92387953250718 0.38268343236493 -2.77686720836859e-006
  outer loop
    vertex 68.475627456488 244.843409368829 22.4010857057299
    vertex 68.3058084034416 244.433441520222 24.4013531892806
    vertex 68.4756391217001 244.843449143548 24.4013531892802
  endloop
endfacet
facet normal -0.991444861365748 0.130526192220525 3.98281151446166e-006
  outer loop
    vertex 68.4756391217001 244.843449143548 24.4013531892802
    vertex 68.5335535517973 245.283401745503 22.4010857057298
    vertex 68.475627456488 244.843409368829 22.4010857057299
  endloop
endfacet
facet normal -0.991444861365748 0.130526192220525 3.98281151446166e-006
  outer loop
    vertex 68.5335535517973 245.283401745503 22.4010857057298
    vertex 68.4756391217001 244.843449143548 24.4013531892802
    vertex 68.5335652170093 245.283441520222 24.4013531892801
  endloop
endfacet
facet normal -0.991444861319623 -0.13052619221164 1.04710682139963e-005
  outer loop
    vertex 68.5335652170093 245.283441520222 24.4013531892801
    vertex 68.4756274564892 245.723394122177 22.40108570573
    vertex 68.5335535517973 245.283401745503 22.4010857057298
  endloop
endfacet
facet normal -0.991444861319623 -0.13052619221164 1.04710682139963e-005
  outer loop
    vertex 68.4756274564892 245.723394122177 22.40108570573
    vertex 68.5335652170093 245.283441520222 24.4013531892801
    vertex 68.4756391217013 245.723433896896 24.4013531892804
  endloop
endfacet
facet normal -0.923879532389923 -0.382683432313254 1.62457389179347e-005
  outer loop
    vertex 68.4756391217013 245.723433896896 24.4013531892804
    vertex 68.305796738232 246.133401745503 22.4010857057305
    vertex 68.4756274564892 245.723394122177 22.40108570573
  endloop
endfacet
facet normal -0.923879532389923 -0.382683432313254 1.62457389179347e-005
  outer loop
    vertex 68.305796738232 246.133401745503 22.4010857057305
    vertex 68.4756391217013 245.723433896896 24.4013531892804
    vertex 68.305808403444 246.133441520222 24.4013531892808
  endloop
endfacet
facet normal -0.793353340118595 -0.608761428874484 2.09132893695411e-005
  outer loop
    vertex 68.305808403444 246.133441520222 24.4013531892808
    vertex 68.0356350798161 246.485483273521 22.4010857057312
    vertex 68.305796738232 246.133401745503 22.4010857057305
  endloop
endfacet
facet normal -0.793353340118595 -0.608761428874484 2.09132893695411e-005
  outer loop
    vertex 68.0356350798161 246.485483273521 22.4010857057312
    vertex 68.305808403444 246.133441520222 24.4013531892808
    vertex 68.0356467450281 246.48552304824 24.4013531892815
  endloop
endfacet
facet normal -0.608761428832272 -0.793353340058889 2.41556337168953e-005
  outer loop
    vertex 68.0356467450281 246.48552304824 24.4013531892815
    vertex 67.6835535517994 246.755644931937 22.4010857057321
    vertex 68.0356350798161 246.485483273521 22.4010857057312
  endloop
endfacet
facet normal -0.608761428832272 -0.793353340058889 2.41556337168953e-005
  outer loop
    vertex 67.6835535517994 246.755644931937 22.4010857057321
    vertex 68.0356467450281 246.48552304824 24.4013531892815
    vertex 67.6835652170114 246.755684706657 24.4013531892824
  endloop
endfacet
facet normal -0.382683432239364 -0.923879532204467 2.57518115244061e-005
  outer loop
    vertex 67.6835652170114 246.755684706657 24.4013531892824
    vertex 67.2735459284738 246.925475650196 22.401085705733
    vertex 67.6835535517994 246.755644931937 22.4010857057321
  endloop
endfacet
facet normal -0.382683432239364 -0.923879532204467 2.57518115244061e-005
  outer loop
    vertex 67.2735459284738 246.925475650196 22.401085705733
    vertex 67.6835652170114 246.755684706657 24.4013531892824
    vertex 67.2735575936858 246.925515424915 24.4013531892834
  endloop
endfacet
facet normal -0.130526192178608 -0.991444861048901 2.55945001862954e-005
  outer loop
    vertex 67.2735575940192 277.925515423067 24.4012802408505
    vertex 66.8335535518429 277.983401745496 22.4011015458166
    vertex 67.2735459285171 277.925475650187 22.4011015458158
  endloop
endfacet
facet normal -0.130526192178608 -0.991444861048901 2.55945001862954e-005
  outer loop
    vertex 66.8335535518429 277.983401745496 22.4011015458166
    vertex 67.2735575940192 277.925515423067 24.4012802408505
    vertex 66.833565217345 277.983441518376 24.4012802408512
  endloop
endfacet
facet normal 0.130526192182041 -0.991444861095752 2.36913723611687e-005
  outer loop
    vertex 66.833565217345 277.983441518376 24.4012802408512
    vertex 66.3935611751686 277.925475650189 22.4011015458179
    vertex 66.8335535518429 277.983401745496 22.4011015458166
  endloop
endfacet
facet normal 0.130526192182041 -0.991444861095752 2.36913723611687e-005
  outer loop
    vertex 66.3935611751686 277.925475650189 22.4011015458179
    vertex 66.833565217345 277.983441518376 24.4012802408512
    vertex 66.3935728406707 277.925515423068 24.4012802408526
  endloop
endfacet
facet normal 0.382683432285997 -0.923879532323793 2.01737166758081e-005
  outer loop
    vertex 66.3935728406707 277.925515423068 24.4012802408526
    vertex 65.9835535518427 277.755644931931 22.4011015458188
    vertex 66.3935611751686 277.925475650189 22.4011015458179
  endloop
endfacet
facet normal 0.382683432285997 -0.923879532323793 2.01737166758081e-005
  outer loop
    vertex 65.9835535518427 277.755644931931 22.4011015458188
    vertex 66.3935728406707 277.925515423068 24.4012802408526
    vertex 65.9835652173448 277.75568470481 24.4012802408535
  endloop
endfacet
facet normal 0.60876142893662 -0.793353340199389 1.52812555483099e-005
  outer loop
    vertex 65.9835652173448 277.75568470481 24.4012802408535
    vertex 65.6314720238253 277.485483273515 22.4011015458196
    vertex 65.9835535518427 277.755644931931 22.4011015458188
  endloop
endfacet
facet normal 0.60876142893662 -0.793353340199389 1.52812555483099e-005
  outer loop
    vertex 65.6314720238253 277.485483273515 22.4011015458196
    vertex 65.9835652173448 277.75568470481 24.4012802408535
    vertex 65.6314836893274 277.485523046394 24.4012802408543
  endloop
endfacet
facet normal 0.793353340255738 -0.608761428983218 9.34740209457211e-006
  outer loop
    vertex 65.6314720238253 277.485483273515 22.4011015458196
    vertex 65.3613220309105 277.133441518378 24.4012802408549
    vertex 65.3613103654084 277.133401745499 22.4011015458202
  endloop
endfacet
facet normal 0.793353340255738 -0.608761428983218 9.34740209457211e-006
  outer loop
    vertex 65.3613220309105 277.133441518378 24.4012802408549
    vertex 65.6314720238253 277.485483273515 22.4011015458196
    vertex 65.6314836893274 277.485523046394 24.4012802408543
  endloop
endfacet
facet normal 0.923879532507202 -0.382683432364879 2.77653863440809e-006
  outer loop
    vertex 65.3613103654084 277.133401745499 22.4011015458202
    vertex 65.1914913126521 276.723433895052 24.4012802408552
    vertex 65.19147964715 276.723394122173 22.4011015458206
  endloop
endfacet
facet normal 0.923879532507202 -0.382683432364879 2.77653863440809e-006
  outer loop
    vertex 65.1914913126521 276.723433895052 24.4012802408552
    vertex 65.3613103654084 277.133401745499 22.4011015458202
    vertex 65.3613220309105 277.133441518378 24.4012802408549
  endloop
endfacet
facet normal 0.991444861365773 -0.130526192220311 -3.98354134561174e-006
  outer loop
    vertex 65.19147964715 276.723394122173 22.4011015458206
    vertex 65.1335652173429 276.283441518378 24.4012802408553
    vertex 65.1335535518409 276.283401745499 22.4011015458206
  endloop
endfacet
facet normal 0.991444861365773 -0.130526192220311 -3.98354134561174e-006
  outer loop
    vertex 65.1335652173429 276.283441518378 24.4012802408553
    vertex 65.19147964715 276.723394122173 22.4011015458206
    vertex 65.1914913126521 276.723433895052 24.4012802408552
  endloop
endfacet
facet normal 0.991444861319622 0.130526192211565 -1.04721495655362e-005
  outer loop
    vertex 65.1335535518409 276.283401745499 22.4011015458206
    vertex 65.1914913126509 275.843449141704 24.4012802408551
    vertex 65.1914796471489 275.843409368825 22.4011015458204
  endloop
endfacet
facet normal 0.991444861319622 0.130526192211565 -1.04721495655362e-005
  outer loop
    vertex 65.1914913126509 275.843449141704 24.4012802408551
    vertex 65.1335535518409 276.283401745499 22.4011015458206
    vertex 65.1335652173429 276.283441518378 24.4012802408553
  endloop
endfacet
facet normal 0.923879532389873 0.382683432313317 -1.62470980975496e-005
  outer loop
    vertex 65.1914796471489 275.843409368825 22.4011015458204
    vertex 65.3613220309082 275.433441518378 24.4012802408546
    vertex 65.3613103654061 275.433401745499 22.40110154582
  endloop
endfacet
facet normal 0.923879532389873 0.382683432313317 -1.62470980975496e-005
  outer loop
    vertex 65.3613220309082 275.433441518378 24.4012802408546
    vertex 65.1914796471489 275.843409368825 22.4011015458204
    vertex 65.1914913126509 275.843449141704 24.4012802408551
  endloop
endfacet
facet normal 0.79335334011855 0.608761428874489 -2.09148337428039e-005
  outer loop
    vertex 65.3613103654061 275.433401745499 22.40110154582
    vertex 65.6314836893241 275.081359990361 24.4012802408539
    vertex 65.631472023822 275.081320217481 22.4011015458193
  endloop
endfacet
facet normal 0.79335334011855 0.608761428874489 -2.09148337428039e-005
  outer loop
    vertex 65.6314836893241 275.081359990361 24.4012802408539
    vertex 65.3613103654061 275.433401745499 22.40110154582
    vertex 65.3613220309082 275.433441518378 24.4012802408546
  endloop
endfacet
facet normal 0.608761428832135 0.793353340058945 -2.41572580315301e-005
  outer loop
    vertex 65.631472023822 275.081320217481 22.4011015458193
    vertex 65.9835652173409 274.811198331944 24.4012802408531
    vertex 65.9835535518388 274.811158559064 22.4011015458184
  endloop
endfacet
facet normal 0.608761428832135 0.793353340058945 -2.41572580315301e-005
  outer loop
    vertex 65.9835652173409 274.811198331944 24.4012802408531
    vertex 65.631472023822 275.081320217481 22.4011015458193
    vertex 65.6314836893241 275.081359990361 24.4012802408539
  endloop
endfacet
facet normal 0.382683432239413 0.923879532204402 -2.57534051076652e-005
  outer loop
    vertex 65.9835535518388 274.811158559064 22.4011015458184
    vertex 66.3935728406663 274.641367613685 24.401280240852
    vertex 66.3935611751642 274.641327840806 22.4011015458174
  endloop
endfacet
facet normal 0.382683432239413 0.923879532204402 -2.57534051076652e-005
  outer loop
    vertex 66.3935728406663 274.641367613685 24.401280240852
    vertex 65.9835535518388 274.811158559064 22.4011015458184
    vertex 65.9835652173409 274.811198331944 24.4012802408531
  endloop
endfacet
facet normal 0.130526192178621 0.991444861048899 -2.55945001862947e-005
  outer loop
    vertex 66.3935611751642 274.641327840806 22.4011015458174
    vertex 66.8335652173404 274.583441518376 24.4012802408514
    vertex 66.8335535518383 274.583401745497 22.4011015458167
  endloop
endfacet
facet normal 0.130526192178621 0.991444861048899 -2.55945001862947e-005
  outer loop
    vertex 66.8335652173404 274.583441518376 24.4012802408514
    vertex 66.3935611751642 274.641327840806 22.4011015458174
    vertex 66.3935728406663 274.641367613685 24.401280240852
  endloop
endfacet
facet normal -0.130526192182091 0.991444861095746 -2.36913723751441e-005
  outer loop
    vertex 66.8335535518383 274.583401745497 22.4011015458167
    vertex 67.2735575940147 274.641367613684 24.40128024085
    vertex 67.2735459285127 274.641327840805 22.4011015458153
  endloop
endfacet
facet normal -0.130526192182091 0.991444861095746 -2.36913723751441e-005
  outer loop
    vertex 67.2735575940147 274.641367613684 24.40128024085
    vertex 66.8335535518383 274.583401745497 22.4011015458167
    vertex 66.8335652173404 274.583441518376 24.4012802408514
  endloop
endfacet
facet normal -0.382683432286004 0.92387953232379 -2.01737166888289e-005
  outer loop
    vertex 67.2735459285127 274.641327840805 22.4011015458153
    vertex 67.6835652173406 274.811198331941 24.4012802408491
    vertex 67.6835535518386 274.811158559062 22.4011015458144
  endloop
endfacet
facet normal -0.382683432286004 0.92387953232379 -2.01737166888289e-005
  outer loop
    vertex 67.6835652173406 274.811198331941 24.4012802408491
    vertex 67.2735459285127 274.641327840805 22.4011015458153
    vertex 67.2735575940147 274.641367613684 24.40128024085
  endloop
endfacet
facet normal -0.608761428936492 0.793353340199487 -1.52812555483162e-005
  outer loop
    vertex 67.6835535518386 274.811158559062 22.4011015458144
    vertex 68.0356467453581 275.081359990357 24.4012802408483
    vertex 68.035635079856 275.081320217478 22.4011015458136
  endloop
endfacet
facet normal -0.608761428936492 0.793353340199487 -1.52812555483162e-005
  outer loop
    vertex 68.0356467453581 275.081359990357 24.4012802408483
    vertex 67.6835535518386 274.811158559062 22.4011015458144
    vertex 67.6835652173406 274.811198331941 24.4012802408491
  endloop
endfacet
facet normal -0.793353340255825 0.608761428983105 -9.34740209457151e-006
  outer loop
    vertex 68.0356467453581 275.081359990357 24.4012802408483
    vertex 68.3057967382728 275.433401745495 22.401101545813
    vertex 68.035635079856 275.081320217478 22.4011015458136
  endloop
endfacet
facet normal -0.793353340255825 0.608761428983105 -9.34740209457151e-006
  outer loop
    vertex 68.3057967382728 275.433401745495 22.401101545813
    vertex 68.0356467453581 275.081359990357 24.4012802408483
    vertex 68.3058084037749 275.433441518374 24.4012802408477
  endloop
endfacet
facet normal -0.923879532507181 0.38268343236493 -2.77653863440737e-006
  outer loop
    vertex 68.3058084037749 275.433441518374 24.4012802408477
    vertex 68.4756274565313 275.84340936882 22.4011015458127
    vertex 68.3057967382728 275.433401745495 22.401101545813
  endloop
endfacet
facet normal -0.923879532507181 0.38268343236493 -2.77653863440737e-006
  outer loop
    vertex 68.4756274565313 275.84340936882 22.4011015458127
    vertex 68.3058084037749 275.433441518374 24.4012802408477
    vertex 68.4756391220334 275.843449141699 24.4012802408473
  endloop
endfacet
facet normal -0.99144486136577 0.130526192220338 3.9835413456121e-006
  outer loop
    vertex 68.4756391220334 275.843449141699 24.4012802408473
    vertex 68.5335535518405 276.283401745494 22.4011015458126
    vertex 68.4756274565313 275.84340936882 22.4011015458127
  endloop
endfacet
facet normal -0.99144486136577 0.130526192220338 3.9835413456121e-006
  outer loop
    vertex 68.5335535518405 276.283401745494 22.4011015458126
    vertex 68.4756391220334 275.843449141699 24.4012802408473
    vertex 68.5335652173425 276.283441518374 24.4012802408473
  endloop
endfacet
facet normal -0.991444861319623 -0.130526192211552 1.0472149565534e-005
  outer loop
    vertex 68.5335652173425 276.283441518374 24.4012802408473
    vertex 68.4756274565325 276.723394122169 22.4011015458128
    vertex 68.5335535518405 276.283401745494 22.4011015458126
  endloop
endfacet
facet normal -0.991444861319623 -0.130526192211552 1.0472149565534e-005
  outer loop
    vertex 68.4756274565325 276.723394122169 22.4011015458128
    vertex 68.5335652173425 276.283441518374 24.4012802408473
    vertex 68.4756391220345 276.723433895048 24.4012802408475
  endloop
endfacet
facet normal -0.923879532389837 -0.382683432313404 1.62470980975466e-005
  outer loop
    vertex 68.4756391220345 276.723433895048 24.4012802408475
    vertex 68.3057967382751 277.133401745495 22.4011015458133
    vertex 68.4756274565325 276.723394122169 22.4011015458128
  endloop
endfacet
facet normal -0.923879532389837 -0.382683432313404 1.62470980975466e-005
  outer loop
    vertex 68.3057967382751 277.133401745495 22.4011015458133
    vertex 68.4756391220345 276.723433895048 24.4012802408475
    vertex 68.3058084037772 277.133441518374 24.4012802408479
  endloop
endfacet
facet normal -0.79335334011855 -0.608761428874489 2.09148337428034e-005
  outer loop
    vertex 68.3058084037772 277.133441518374 24.4012802408479
    vertex 68.0356350798592 277.485483273512 22.401101545814
    vertex 68.3057967382751 277.133401745495 22.4011015458133
  endloop
endfacet
facet normal -0.79335334011855 -0.608761428874489 2.09148337428034e-005
  outer loop
    vertex 68.0356350798592 277.485483273512 22.401101545814
    vertex 68.3058084037772 277.133441518374 24.4012802408479
    vertex 68.0356467453613 277.485523046391 24.4012802408486
  endloop
endfacet
facet normal -0.608761428832184 -0.793353340058907 2.41572580315244e-005
  outer loop
    vertex 68.0356467453613 277.485523046391 24.4012802408486
    vertex 67.6835535518425 277.755644931929 22.4011015458149
    vertex 68.0356350798592 277.485483273512 22.401101545814
  endloop
endfacet
facet normal -0.608761428832184 -0.793353340058907 2.41572580315244e-005
  outer loop
    vertex 67.6835535518425 277.755644931929 22.4011015458149
    vertex 68.0356467453613 277.485523046391 24.4012802408486
    vertex 67.6835652173446 277.755684704808 24.4012802408495
  endloop
endfacet
facet normal -0.382683432239413 -0.923879532204402 2.57534051076645e-005
  outer loop
    vertex 67.6835652173446 277.755684704808 24.4012802408495
    vertex 67.2735459285171 277.925475650187 22.4011015458158
    vertex 67.6835535518425 277.755644931929 22.4011015458149
  endloop
endfacet
facet normal -0.382683432239413 -0.923879532204402 2.57534051076645e-005
  outer loop
    vertex 67.2735459285171 277.925475650187 22.4011015458158
    vertex 67.6835652173446 277.755684704808 24.4012802408495
    vertex 67.2735575940192 277.925515423067 24.4012802408505
  endloop
endfacet
facet normal -0.999999999980559 -1.69286354875657e-015 -6.2356114123162e-006
  outer loop
    vertex 50.0909027286414 351.142711718092 22.4013525736157
    vertex 50.0909273812852 333.426053763703 20.4012450617405
    vertex 50.0909027286193 333.426051631932 22.4013561239539
  endloop
endfacet
facet normal -0.999999999980559 -1.69286354875657e-015 -6.2356114123162e-006
  outer loop
    vertex 50.0909273812852 333.426053763703 20.4012450617405
    vertex 50.0909027286414 351.142711718092 22.4013525736157
    vertex 50.0909273811815 351.142713849864 20.4012821225217
  endloop
endfacet
facet normal 1.24926984385691e-012 0.99999999999998 -2.0039545472875e-007
  outer loop
    vertex 32.3742426428032 333.426051631932 22.401245649746
    vertex 50.0909273812852 333.426053763703 20.4012450617405
    vertex 32.3742672953984 333.426053763703 20.4011574433648
  endloop
endfacet
facet normal 1.24926984385691e-012 0.99999999999998 -2.0039545472875e-007
  outer loop
    vertex 50.0909273812852 333.426053763703 20.4012450617405
    vertex 32.3742426428032 333.426051631932 22.401245649746
    vertex 50.0909027286193 333.426051631932 22.4013561239539
  endloop
endfacet
facet normal 0.995184726652725 -0.0980171403295756 6.22522742840748e-006
  outer loop
    vertex 32.3742672953984 333.426053763703 20.4011574433648
    vertex 32.4961098182335 334.66338982874 22.4012461617054
    vertex 32.3742426428032 333.426051631932 22.401245649746
  endloop
endfacet
facet normal 0.995184726652725 -0.0980171403295756 6.22522742840748e-006
  outer loop
    vertex 32.4961098182335 334.66338982874 22.4012461617054
    vertex 32.3742672953984 333.426053763703 20.4011574433648
    vertex 32.4961344708203 334.663391960512 20.4011606344022
  endloop
endfacet
facet normal 0.986643332065493 -0.162895473394589 6.18496793389831e-006
  outer loop
    vertex 32.4961344708203 334.663391960512 20.4011606344022
    vertex 32.6986418566721 335.890108294865 22.4012471787877
    vertex 32.4961098182335 334.66338982874 22.4012461617054
  endloop
endfacet
facet normal 0.986643332065493 -0.162895473394589 6.18496793389831e-006
  outer loop
    vertex 32.6986418566721 335.890108294865 22.4012471787877
    vertex 32.4961344708203 334.663391960512 20.4011606344022
    vertex 32.698666509251 335.890110426637 20.4011642021555
  endloop
endfacet
facet normal 0.973876979258126 -0.227076263034329 6.11822345716269e-006
  outer loop
    vertex 32.698666509251 335.890110426637 20.4011642021555
    vertex 32.9809714848372 337.100954033507 22.4012486966376
    vertex 32.6986418566721 335.890108294865 22.4012471787877
  endloop
endfacet
facet normal 0.973876979258126 -0.227076263034329 6.11822345716269e-006
  outer loop
    vertex 32.9809714848372 337.100954033507 22.4012486966376
    vertex 32.698666509251 335.890110426637 20.4011642021555
    vertex 32.9809961374086 337.100956165278 20.4011681313471
  endloop
endfacet
facet normal 0.956940335713235 -0.290284677254478 6.02527980829662e-006
  outer loop
    vertex 32.9809961374086 337.100956165278 20.4011681313471
    vertex 33.341889723917 338.290742017319 22.4012507087554
    vertex 32.9809714848372 337.100954033507 22.4012486966376
  endloop
endfacet
facet normal 0.956940335713235 -0.290284677254478 6.02527980829662e-006
  outer loop
    vertex 33.341889723917 338.290742017319 22.4012507087554
    vertex 32.9809961374086 337.100956165278 20.4011681313471
    vertex 33.3419143764814 338.290744149091 20.4011724051517
  endloop
endfacet
facet normal 0.935905926738692 -0.352250047921222 5.90653498627376e-006
  outer loop
    vertex 33.3419143764814 338.290744149091 20.4011724051517
    vertex 33.7798510666024 339.454377391495 22.4012532065249
    vertex 33.341889723917 338.290742017319 22.4012507087554
  endloop
endfacet
facet normal 0.935905926738692 -0.352250047921222 5.90653498627376e-006
  outer loop
    vertex 33.7798510666024 339.454377391495 22.4012532065249
    vertex 33.3419143764814 338.290744149091 20.4011724051517
    vertex 33.7798757191604 339.454379523267 20.401177005268
  endloop
endfacet
facet normal 0.91086382490294 -0.412707029804412 5.7624974746518e-006
  outer loop
    vertex 33.7798757191604 339.454379523267 20.401177005268
    vertex 34.2929800951873 340.58687729072 22.4012561792503
    vertex 33.7798510666024 339.454377391495 22.4012532065249
  endloop
endfacet
facet normal 0.91086382490294 -0.412707029804412 5.7624974746518e-006
  outer loop
    vertex 34.2929800951873 340.58687729072 22.4012561792503
    vertex 33.7798757191604 339.454379523267 20.401177005268
    vertex 34.2930047477392 340.586879422492 20.4011819119977
  endloop
endfacet
facet normal 0.881921264330625 -0.47139673682598 5.59378406416885e-006
  outer loop
    vertex 34.2930047477392 340.586879422492 20.4011819119977
    vertex 34.879079512394 341.683392176559 22.4012596142019
    vertex 34.2929800951873 340.58687729072 22.4012561792503
  endloop
endfacet
facet normal 0.881921264330625 -0.47139673682598 5.59378406416885e-006
  outer loop
    vertex 34.879079512394 341.683392176559 22.4012596142019
    vertex 34.2930047477392 340.586879422492 20.4011819119977
    vertex 34.8791041649405 341.68339430833 20.4011871043295
  endloop
endfacet
facet normal 0.849202181509422 -0.528067850650337 5.40111721154974e-006
  outer loop
    vertex 34.8791041649405 341.68339430833 20.4011871043295
    vertex 35.5356395505385 342.739226603931 22.4012634966707
    vertex 34.879079512394 341.683392176559 22.4012596142019
  endloop
endfacet
facet normal 0.849202181509422 -0.528067850650337 5.40111721154974e-006
  outer loop
    vertex 35.5356395505385 342.739226603931 22.4012634966707
    vertex 34.8791041649405 341.68339430833 20.4011871043295
    vertex 35.5356642030801 342.739228735703 20.4011925600289
  endloop
endfacet
facet normal 0.812846684575085 -0.58247769686779 5.18532194583604e-006
  outer loop
    vertex 35.5356642030801 342.739228735703 20.4011925600289
    vertex 36.2598487187405 343.749859327724 22.4012678100315
    vertex 35.5356395505385 342.739226603931 22.4012634966707
  endloop
endfacet
facet normal 0.812846684575085 -0.58247769686779 5.18532194583604e-006
  outer loop
    vertex 36.2598487187405 343.749859327724 22.4012678100315
    vertex 35.5356642030801 342.739228735703 20.4011925600289
    vertex 36.2598733712779 343.749861459496 20.4011982557339
  endloop
endfacet
facet normal 0.773010453346907 -0.634393284163644 4.94732233548518e-006
  outer loop
    vertex 36.2598733712779 343.749861459496 20.4011982557339
    vertex 37.0486058421593 344.71096266346 22.4012725358137
    vertex 36.2598487187405 343.749859327724 22.4012678100315
  endloop
endfacet
facet normal 0.773010453346907 -0.634393284163644 4.94732233548518e-006
  outer loop
    vertex 37.0486058421593 344.71096266346 22.4012725358137
    vertex 36.2598733712779 343.749861459496 20.4011982557339
    vertex 37.048630494693 344.710964795232 20.4012041670546
  endloop
endfacet
facet normal 0.729864072682779 -0.683592302022871 4.68813753136707e-006
  outer loop
    vertex 37.048630494693 344.710964795232 20.4012041670546
    vertex 37.8985333417001 345.618421019103 22.4012776537807
    vertex 37.0486058421593 344.71096266346 22.4012725358137
  endloop
endfacet
facet normal 0.729864072682779 -0.683592302022871 4.68813753136707e-006
  outer loop
    vertex 37.8985333417001 345.618421019103 22.4012776537807
    vertex 37.048630494693 344.710964795232 20.4012041670546
    vertex 37.8985579942307 345.618423150875 20.4012102686777
  endloop
endfacet
facet normal 0.683592302008677 -0.729864072697814 4.40887740260382e-006
  outer loop
    vertex 38.8060163498548 346.468350650431 20.4012165344752
    vertex 37.8985333417001 345.618421019103 22.4012776537807
    vertex 37.8985579942307 345.618423150875 20.4012102686777
  endloop
endfacet
facet normal 0.683592302008677 -0.729864072697814 4.40887740260382e-006
  outer loop
    vertex 37.8985333417001 345.618421019103 22.4012776537807
    vertex 38.8060163498548 346.468350650431 20.4012165344752
    vertex 38.8059916973266 346.468348518659 22.4012831420168
  endloop
endfacet
facet normal 0.634393284150355 -0.773010453362714 4.11073778393934e-006
  outer loop
    vertex 39.7671196855709 347.257107773864 20.4012229376159
    vertex 38.8059916973266 346.468348518659 22.4012831420168
    vertex 38.8060163498548 346.468350650431 20.4012165344752
  endloop
endfacet
facet normal 0.634393284150355 -0.773010453362714 4.11073778393934e-006
  outer loop
    vertex 38.8059916973266 346.468348518659 22.4012831420168
    vertex 39.7671196855709 347.257107773864 20.4012229376159
    vertex 39.7670950330444 347.257105642092 22.4012889770204
  endloop
endfacet
facet normal 0.582477696855469 -0.812846684591594 3.79499535499205e-006
  outer loop
    vertex 40.7777524093443 347.981316942079 20.4012294506807
    vertex 39.7670950330444 347.257105642092 22.4012889770204
    vertex 39.7671196855709 347.257107773864 20.4012229376159
  endloop
endfacet
facet normal 0.582477696855469 -0.812846684591594 3.79499535499205e-006
  outer loop
    vertex 39.7670950330444 347.257105642092 22.4012889770204
    vertex 40.7777524093443 347.981316942079 20.4012294506807
    vertex 40.7777277568189 347.981314810307 22.4012951338051
  endloop
endfacet
facet normal 0.528067850639016 -0.849202181526578 3.46300217331623e-006
  outer loop
    vertex 41.8335868366966 348.637876980235 20.4012360457796
    vertex 40.7777277568189 347.981314810307 22.4012951338051
    vertex 40.7777524093443 347.981316942079 20.4012294506807
  endloop
endfacet
facet normal 0.528067850639016 -0.849202181526578 3.46300217331623e-006
  outer loop
    vertex 40.7777277568189 347.981314810307 22.4012951338051
    vertex 41.8335868366966 348.637876980235 20.4012360457796
    vertex 41.8335621841717 348.637874848463 22.4013015860067
  endloop
endfacet
facet normal 0.471396736815736 -0.881921264348335 3.11617988468488e-006
  outer loop
    vertex 42.9301017225152 349.223976397451 20.4012426946714
    vertex 41.8335621841717 348.637874848463 22.4013015860067
    vertex 41.8335868366966 348.637876980235 20.4012360457796
  endloop
endfacet
facet normal 0.471396736815736 -0.881921264348335 3.11617988468488e-006
  outer loop
    vertex 41.8335621841717 348.637874848463 22.4013015860067
    vertex 42.9301017225152 349.223976397451 20.4012426946714
    vertex 42.93007706999 349.223974265679 22.4013083059958
  endloop
endfacet
facet normal 0.412707029795225 -0.910863824921161 2.7560136353824e-006
  outer loop
    vertex 44.062601621719 349.737105426045 20.4012493688844
    vertex 42.93007706999 349.223974265679 22.4013083059958
    vertex 42.9301017225152 349.223976397451 20.4012426946714
  endloop
endfacet
facet normal 0.412707029795225 -0.910863824921161 2.7560136353824e-006
  outer loop
    vertex 42.93007706999 349.223974265679 22.4013083059958
    vertex 44.062601621719 349.737105426045 20.4012493688844
    vertex 44.062576969193 349.737103294273 22.4013152649963
  endloop
endfacet
facet normal 0.352250047913219 -0.935905926757306 2.38404571258246e-006
  outer loop
    vertex 45.226236995875 350.175066768737 20.4012560398388
    vertex 44.062576969193 349.737103294273 22.4013152649963
    vertex 44.062601621719 349.737105426045 20.4012493688844
  endloop
endfacet
facet normal 0.352250047913219 -0.935905926757306 2.38404571258246e-006
  outer loop
    vertex 44.062576969193 349.737103294273 22.4013152649963
    vertex 45.226236995875 350.175066768737 20.4012560398388
    vertex 45.2262123433475 350.175064636965 22.4013224332089
  endloop
endfacet
facet normal 0.290284677247621 -0.95694033573219 2.00186894003578e-006
  outer loop
    vertex 46.4160249796667 350.535985007822 20.4012626789684
    vertex 45.2262123433475 350.175064636965 22.4013224332089
    vertex 45.226236995875 350.175066768737 20.4012560398388
  endloop
endfacet
facet normal 0.290284677247621 -0.95694033573219 2.00186894003578e-006
  outer loop
    vertex 45.2262123433475 350.175064636965 22.4013224332089
    vertex 46.4160249796667 350.535985007822 20.4012626789684
    vertex 46.416000327137 350.535982876051 22.401329779938
  endloop
endfacet
facet normal 0.227076263028741 -0.973876979277314 1.61111985735539e-006
  outer loop
    vertex 47.6268707182878 350.818314635992 20.4012692578435
    vertex 46.416000327137 350.535982876051 22.401329779938
    vertex 46.4160249796667 350.535985007822 20.4012626789684
  endloop
endfacet
facet normal 0.227076263028741 -0.973876979277314 1.61111985735539e-006
  outer loop
    vertex 46.416000327137 350.535982876051 22.401329779938
    vertex 47.6268707182878 350.818314635992 20.4012692578435
    vertex 47.6268460657552 350.81831250422 22.401337273724
  endloop
endfacet
facet normal 0.162895473390186 -0.98664333208486 1.21347171210217e-006
  outer loop
    vertex 48.8535891843931 351.020846674433 20.4012757482923
    vertex 47.6268460657552 350.81831250422 22.401337273724
    vertex 47.6268707182878 350.818314635992 20.4012692578435
  endloop
endfacet
facet normal 0.162895473390186 -0.98664333208486 1.21347171210217e-006
  outer loop
    vertex 47.6268460657552 350.81831250422 22.401337273724
    vertex 48.8535891843931 351.020846674433 20.4012757482923
    vertex 48.853564531857 351.020844542661 22.4013448824771
  endloop
endfacet
facet normal 0.098017140326401 -0.995184726672178 8.10627294682121e-007
  outer loop
    vertex 50.0909273811815 351.142713849864 20.4012821225217
    vertex 48.853564531857 351.020844542661 22.4013448824771
    vertex 48.8535891843931 351.020846674433 20.4012757482923
  endloop
endfacet
facet normal 0.098017140326401 -0.995184726672178 8.10627294682121e-007
  outer loop
    vertex 48.853564531857 351.020844542661 22.4013448824771
    vertex 50.0909273811815 351.142713849864 20.4012821225217
    vertex 50.0909027286414 351.142711718092 22.4013525736157
  endloop
endfacet
facet normal 0.995184726652975 0.098017140329523 6.18594304960545e-006
  outer loop
    vertex 32.4961344708494 329.70339665615 20.401150258784
    vertex 32.3742426430332 330.940732721179 22.4012087716375
    vertex 32.4961098184603 329.703394524371 22.4012097795108
  endloop
endfacet
facet normal 0.995184726652975 0.098017140329523 6.18594304960545e-006
  outer loop
    vertex 32.3742426430332 330.940732721179 22.4012087716375
    vertex 32.4961344708494 329.70339665615 20.401150258784
    vertex 32.374267295413 330.940734852958 20.4011522444244
  endloop
endfacet
facet normal -1.24831482209792e-012 -0.99999999999998 2.00395454756055e-007
  outer loop
    vertex 50.0909273812998 330.940734852958 20.4012398628001
    vertex 32.3742426430332 330.940732721179 22.4012087716375
    vertex 32.374267295413 330.940734852958 20.4011522444244
  endloop
endfacet
facet normal -1.24831482209792e-012 -0.99999999999998 2.00395454756055e-007
  outer loop
    vertex 32.3742426430332 330.940732721179 22.4012087716375
    vertex 50.0909273812998 330.940734852958 20.4012398628001
    vertex 50.0909027288492 330.940732721179 22.4013192458454
  endloop
endfacet
facet normal -0.999999999980559 -4.2395886965298e-015 -6.235611412332e-006
  outer loop
    vertex 50.0909027288492 330.940732721179 22.4013192458454
    vertex 50.0909273814035 313.224074766797 20.4012028020189
    vertex 50.0909027288272 313.224072635019 22.4013227961835
  endloop
endfacet
facet normal -0.999999999980559 -4.2395886965298e-015 -6.235611412332e-006
  outer loop
    vertex 50.0909273814035 313.224074766797 20.4012028020189
    vertex 50.0909027288492 330.940732721179 22.4013192458454
    vertex 50.0909273812998 330.940734852958 20.4012398628001
  endloop
endfacet
facet normal 0.0980171403288961 0.995184726672177 4.11766302975392e-007
  outer loop
    vertex 48.8535645320432 313.34593981045 22.4013150562017
    vertex 50.0909273814035 313.224074766797 20.4012028020189
    vertex 48.8535891846138 313.345941942228 20.4011969376478
  endloop
endfacet
facet normal 0.0980171403288961 0.995184726672177 4.11766302975392e-007
  outer loop
    vertex 50.0909273814035 313.224074766797 20.4012028020189
    vertex 48.8535645320432 313.34593981045 22.4013150562017
    vertex 50.0909027288272 313.224072635019 22.4013227961835
  endloop
endfacet
facet normal 0.162895473392636 0.986643332084862 8.18034033701233e-007
  outer loop
    vertex 47.6268460659418 313.548471848891 22.4013073662755
    vertex 48.8535891846138 313.345941942228 20.4011969376478
    vertex 47.6268707185061 313.548473980669 20.4011912945366
  endloop
endfacet
facet normal 0.162895473392636 0.986643332084862 8.18034033701233e-007
  outer loop
    vertex 48.8535891846138 313.345941942228 20.4011969376478
    vertex 47.6268460659418 313.548471848891 22.4013073662755
    vertex 48.8535645320432 313.34593981045 22.4013150562017
  endloop
endfacet
facet normal 0.22707626303117 0.973876979277315 1.22079881710808e-006
  outer loop
    vertex 46.4160003273243 313.83080147706 22.4012997593345
    vertex 47.6268707185061 313.548473980669 20.4011912945366
    vertex 46.4160249798817 313.830803608838 20.4011858968499
  endloop
endfacet
facet normal 0.22707626303117 0.973876979277315 1.22079881710808e-006
  outer loop
    vertex 47.6268707185061 313.548473980669 20.4011912945366
    vertex 46.4160003273243 313.83080147706 22.4012997593345
    vertex 47.6268460659418 313.548471848891 22.4013073662755
  endloop
endfacet
facet normal 0.29028467725 0.956940335732194 1.61833595255949e-006
  outer loop
    vertex 45.2262123435357 314.191719716145 22.4012922679526
    vertex 46.4160249798817 313.830803608838 20.4011858968499
    vertex 45.2262369960858 314.191721847924 20.4011807677015
  endloop
endfacet
facet normal 0.29028467725 0.956940335732194 1.61833595255949e-006
  outer loop
    vertex 46.4160249798817 313.830803608838 20.4011858968499
    vertex 45.2262123435357 314.191719716145 22.4012922679526
    vertex 46.4160003273243 313.83080147706 22.4012997593345
  endloop
endfacet
facet normal 0.352250047915543 0.935905926757311 2.00894312501065e-006
  outer loop
    vertex 44.0625769693822 314.629681058838 22.4012849242091
    vertex 45.2262369960858 314.191721847924 20.4011807677015
    vertex 44.0626016219245 314.629683190616 20.4011759290552
  endloop
endfacet
facet normal 0.352250047915543 0.935905926757311 2.00894312501065e-006
  outer loop
    vertex 45.2262369960858 314.191721847924 20.4011807677015
    vertex 44.0625769693822 314.629681058838 22.4012849242091
    vertex 45.2262123435357 314.191719716145 22.4012922679526
  endloop
endfacet
facet normal 0.412707029797509 0.910863824921158 2.39094769458201e-006
  outer loop
    vertex 42.9300770701806 315.142810087431 22.401277759551
    vertex 44.0626016219245 314.629683190616 20.4011759290552
    vertex 42.9301017227147 315.14281221921 20.4011714016308
  endloop
endfacet
facet normal 0.412707029797509 0.910863824921158 2.39094769458201e-006
  outer loop
    vertex 44.0626016219245 314.629683190616 20.4011759290552
    vertex 42.9300770701806 315.142810087431 22.401277759551
    vertex 44.0625769693822 314.629681058838 22.4012849242091
  endloop
endfacet
facet normal 0.471396736817922 0.881921264348344 2.76271385906005e-006
  outer loop
    vertex 41.8335621843636 315.728909504648 22.4012708046587
    vertex 42.9301017227147 315.14281221921 20.4011714016308
    vertex 41.8335868368893 315.728911636426 20.4011672048154
  endloop
endfacet
facet normal 0.471396736817922 0.881921264348344 2.76271385906005e-006
  outer loop
    vertex 42.9301017227147 315.14281221921 20.4011714016308
    vertex 41.8335621843636 315.728909504648 22.4012708046587
    vertex 42.9300770701806 315.142810087431 22.401277759551
  endloop
endfacet
facet normal 0.528067850641177 0.849202181526553 3.12264965865431e-006
  outer loop
    vertex 40.7777277570126 316.385469542804 22.4012640893138
    vertex 41.8335868368893 315.728911636426 20.4011672048154
    vertex 40.7777524095294 316.385471674582 20.4011633565805
  endloop
endfacet
facet normal 0.528067850641177 0.849202181526553 3.12264965865431e-006
  outer loop
    vertex 41.8335868368893 315.728911636426 20.4011672048154
    vertex 40.7777277570126 316.385469542804 22.4012640893138
    vertex 41.8335621843636 315.728909504648 22.4012708046587
  endloop
endfacet
facet normal 0.582477696857478 0.81284668459161 3.46921379301194e-006
  outer loop
    vertex 39.7670950332399 317.109678711019 22.4012576422726
    vertex 40.7777524095294 316.385471674582 20.4011633565805
    vertex 39.7671196857474 317.109680842797 20.4011598734048
  endloop
endfacet
facet normal 0.582477696857478 0.81284668459161 3.46921379301194e-006
  outer loop
    vertex 40.7777524095294 316.385471674582 20.4011633565805
    vertex 39.7670950332399 317.109678711019 22.4012576422726
    vertex 40.7777277570126 316.385469542804 22.4012640893138
  endloop
endfacet
facet normal 0.63439328415229 0.773010453362712 3.80092222130487e-006
  outer loop
    vertex 38.805991697524 317.898435834451 22.4012514911424
    vertex 39.7671196857474 317.109680842797 20.4011598734048
    vertex 38.8060163500221 317.89843796623 20.4011567702038
  endloop
endfacet
facet normal 0.63439328415229 0.773010453362712 3.80092222130487e-006
  outer loop
    vertex 39.7671196857474 317.109680842797 20.4011598734048
    vertex 38.805991697524 317.898435834451 22.4012514911424
    vertex 39.7670950332399 317.109678711019 22.4012576422726
  endloop
endfacet
facet normal 0.683592302010469 0.729864072697844 4.11635451711757e-006
  outer loop
    vertex 37.8985333418996 318.748363334008 22.4012456622631
    vertex 38.8060163500221 317.89843796623 20.4011567702038
    vertex 37.898557994388 318.748365465786 20.4011540602658
  endloop
endfacet
facet normal 0.683592302010469 0.729864072697844 4.11635451711757e-006
  outer loop
    vertex 38.8060163500221 317.89843796623 20.4011567702038
    vertex 37.8985333418996 318.748363334008 22.4012456622631
    vertex 38.805991697524 317.898435834451 22.4012514911424
  endloop
endfacet
facet normal 0.729864072684505 0.683592302022853 4.41415995093416e-006
  outer loop
    vertex 37.898557994388 318.748365465786 20.4011540602658
    vertex 37.0486058423611 319.655821689651 22.4012401805949
    vertex 37.8985333418996 318.748363334008 22.4012456622631
  endloop
endfacet
facet normal 0.729864072684505 0.683592302022853 4.41415995093416e-006
  outer loop
    vertex 37.0486058423611 319.655821689651 22.4012401805949
    vertex 37.898557994388 318.748365465786 20.4011540602658
    vertex 37.0486304948397 319.655823821429 20.4011517551952
  endloop
endfacet
facet normal 0.773010453348502 0.634393284163632 4.69306327416646e-006
  outer loop
    vertex 37.0486304948397 319.655823821429 20.4011517551952
    vertex 36.2598487189447 320.616925025386 22.4012350696113
    vertex 37.0486058423611 319.655821689651 22.4012401805949
  endloop
endfacet
facet normal 0.773010453348502 0.634393284163632 4.69306327416646e-006
  outer loop
    vertex 36.2598487189447 320.616925025386 22.4012350696113
    vertex 37.0486304948397 319.655823821429 20.4011517551952
    vertex 36.2598733714133 320.616927157165 20.4011498648628
  endloop
endfacet
facet normal 0.812846684576541 0.58247769686779 4.95187017996663e-006
  outer loop
    vertex 36.2598733714133 320.616927157165 20.4011498648628
    vertex 35.5356395507452 321.627557749179 22.4012303511981
    vertex 36.2598487189447 320.616925025386 22.4012350696113
  endloop
endfacet
facet normal 0.812846684576541 0.58247769686779 4.95187017996663e-006
  outer loop
    vertex 35.5356395507452 321.627557749179 22.4012303511981
    vertex 36.2598733714133 320.616927157165 20.4011498648628
    vertex 35.5356642032037 321.627559880958 20.4011483973631
  endloop
endfacet
facet normal 0.849202181510718 0.528067850650376 5.18947241743116e-006
  outer loop
    vertex 35.5356642032037 321.627559880958 20.4011483973631
    vertex 34.8790795126033 322.683392176552 22.4012260455604
    vertex 35.5356395507452 321.627557749179 22.4012303511981
  endloop
endfacet
facet normal 0.849202181510718 0.528067850650376 5.18947241743116e-006
  outer loop
    vertex 34.8790795126033 322.683392176552 22.4012260455604
    vertex 35.5356642032037 321.627559880958 20.4011483973631
    vertex 34.8791041650517 322.683394308331 20.4011473589803
  endloop
endfacet
facet normal 0.881921264331792 0.471396736826001 5.40485253730206e-006
  outer loop
    vertex 34.8791041650517 322.683394308331 20.4011473589803
    vertex 34.2929800953993 323.779907062391 22.4012221711356
    vertex 34.8790795126033 322.683392176552 22.4012260455604
  endloop
endfacet
facet normal 0.881921264331792 0.471396736826001 5.40485253730206e-006
  outer loop
    vertex 34.2929800953993 323.779907062391 22.4012221711356
    vertex 34.8791041650517 322.683394308331 20.4011473589803
    vertex 34.2930047478376 323.77990919417 20.4011467541608
  endloop
endfacet
facet normal 0.910863824903988 0.412707029804376 5.59708824884022e-006
  outer loop
    vertex 34.2930047478376 323.77990919417 20.4011467541608
    vertex 33.7798510668174 324.912406961615 22.4012187445145
    vertex 34.2929800953993 323.779907062391 22.4012221711356
  endloop
endfacet
facet normal 0.910863824903988 0.412707029804376 5.59708824884022e-006
  outer loop
    vertex 33.7798510668174 324.912406961615 22.4012187445145
    vertex 34.2930047478376 323.77990919417 20.4011467541608
    vertex 33.7798757192456 324.912409093394 20.4011465854947
  endloop
endfacet
facet normal 0.935905926739566 0.352250047921238 5.76535636921609e-006
  outer loop
    vertex 33.7798757192456 324.912409093394 20.4011465854947
    vertex 33.3418897241348 326.076042335792 22.4012157803706
    vertex 33.7798510668174 324.912406961615 22.4012187445145
  endloop
endfacet
facet normal 0.935905926739566 0.352250047921238 5.76535636921609e-006
  outer loop
    vertex 33.3418897241348 326.076042335792 22.4012157803706
    vertex 33.7798757192456 324.912409093394 20.4011465854947
    vertex 33.341914376553 326.076044467571 20.4011468537041
  endloop
endfacet
facet normal 0.956940335713972 0.290284677254441 5.90893634850549e-006
  outer loop
    vertex 33.341914376553 326.076044467571 20.4011468537041
    vertex 32.980971485058 327.265830319604 22.4012132913966
    vertex 33.3418897241348 326.076042335792 22.4012157803706
  endloop
endfacet
facet normal 0.956940335713972 0.290284677254441 5.90893634850549e-006
  outer loop
    vertex 32.980971485058 327.265830319604 22.4012132913966
    vertex 33.341914376553 326.076044467571 20.4011468537041
    vertex 32.9809961374663 327.265832451383 20.4011475576405
  endloop
endfacet
facet normal 0.973876979258677 0.2270762630344 6.02721335519402e-006
  outer loop
    vertex 32.9809961374663 327.265832451383 20.4011475576405
    vertex 32.6986418568959 328.476676058245 22.4012112882507
    vertex 32.980971485058 327.265830319604 22.4012132913966
  endloop
endfacet
facet normal 0.973876979258677 0.2270762630344 6.02721335519402e-006
  outer loop
    vertex 32.6986418568959 328.476676058245 22.4012112882507
    vertex 32.9809961374663 327.265832451383 20.4011475576405
    vertex 32.6986665092944 328.476678190024 20.4011486942896
  endloop
endfacet
facet normal 0.986643332065901 0.162895473394587 6.11968090898113e-006
  outer loop
    vertex 32.6986665092944 328.476678190024 20.4011486942896
    vertex 32.4961098184603 329.703394524371 22.4012097795108
    vertex 32.6986418568959 328.476676058245 22.4012112882507
  endloop
endfacet
facet normal 0.986643332065901 0.162895473394587 6.11968090898113e-006
  outer loop
    vertex 32.4961098184603 329.703394524371 22.4012097795108
    vertex 32.6986665092944 328.476678190024 20.4011486942896
    vertex 32.4961344708494 329.70339665615 20.401150258784
  endloop
endfacet
facet normal 0.999999999980559 -8.53861595847776e-016 6.23561141231621e-006
  outer loop
    vertex 52.5762462921105 313.224074766797 20.4012150932525
    vertex 52.5762216401492 330.940732721159 22.4012380508175
    vertex 52.576221640127 313.224072634999 22.4012416011557
  endloop
endfacet
facet normal 0.999999999980559 -8.53861595847776e-016 6.23561141231621e-006
  outer loop
    vertex 52.5762216401492 330.940732721159 22.4012380508175
    vertex 52.5762462921105 313.224074766797 20.4012150932525
    vertex 52.5762462920068 330.940734852958 20.4012521540336
  endloop
endfacet
facet normal -1.24863316257076e-012 -0.99999999999998 2.00395454728753e-007
  outer loop
    vertex 70.2929063778935 330.940734852958 20.4013397724093
    vertex 52.5762216401492 330.940732721159 22.4012380508175
    vertex 52.5762462920068 330.940734852958 20.4012521540336
  endloop
endfacet
facet normal -1.24863316257076e-012 -0.99999999999998 2.00395454728753e-007
  outer loop
    vertex 52.5762216401492 330.940732721159 22.4012380508175
    vertex 70.2929063778935 330.940734852958 20.4013397724093
    vertex 70.2928817259652 330.940732721159 22.4013485250253
  endloop
endfacet
facet normal -0.995184726652725 0.098017140329576 -6.22522742840749e-006
  outer loop
    vertex 70.2928817259652 330.940732721159 22.4013485250253
    vertex 70.1710392024716 329.703396656149 20.4013365813719
    vertex 70.1710145505349 329.703394524351 22.4013480130659
  endloop
endfacet
facet normal -0.995184726652725 0.098017140329576 -6.22522742840749e-006
  outer loop
    vertex 70.1710392024716 329.703396656149 20.4013365813719
    vertex 70.2928817259652 330.940732721159 22.4013485250253
    vertex 70.2929063778935 330.940734852958 20.4013397724093
  endloop
endfacet
facet normal -0.986643332065493 0.16289547339459 -6.18496793389833e-006
  outer loop
    vertex 70.1710145505349 329.703394524351 22.4013480130659
    vertex 69.9685071640408 328.476678190024 20.4013330136186
    vertex 69.9684825120963 328.476676058226 22.4013469959837
  endloop
endfacet
facet normal -0.986643332065493 0.16289547339459 -6.18496793389833e-006
  outer loop
    vertex 69.9685071640408 328.476678190024 20.4013330136186
    vertex 70.1710145505349 329.703394524351 22.4013480130659
    vertex 70.1710392024716 329.703396656149 20.4013365813719
  endloop
endfacet
facet normal -0.973876979258126 0.22707626303433 -6.11822345716271e-006
  outer loop
    vertex 69.9684825120963 328.476676058226 22.4013469959837
    vertex 69.6861775358833 327.265832451382 20.401329084427
    vertex 69.6861528839312 327.265830319584 22.4013454781338
  endloop
endfacet
facet normal -0.973876979258126 0.22707626303433 -6.11822345716271e-006
  outer loop
    vertex 69.6861775358833 327.265832451382 20.401329084427
    vertex 69.9684825120963 328.476676058226 22.4013469959837
    vertex 69.9685071640408 328.476678190024 20.4013330136186
  endloop
endfacet
facet normal -0.956940335713235 0.290284677254479 -6.02527980829663e-006
  outer loop
    vertex 69.6861528839312 327.265830319584 22.4013454781338
    vertex 69.3252592968105 326.07604446757 20.4013248106224
    vertex 69.3252346448514 326.076042335772 22.401343466016
  endloop
endfacet
facet normal -0.956940335713235 0.290284677254479 -6.02527980829663e-006
  outer loop
    vertex 69.3252592968105 326.07604446757 20.4013248106224
    vertex 69.6861528839312 327.265830319584 22.4013454781338
    vertex 69.6861775358833 327.265832451382 20.401329084427
  endloop
endfacet
facet normal -0.935905926738691 0.352250047921225 -5.90653498627376e-006
  outer loop
    vertex 69.3252346448514 326.076042335772 22.401343466016
    vertex 68.8872979541316 324.912409093394 20.4013202105061
    vertex 68.887273302166 324.912406961596 22.4013409682465
  endloop
endfacet
facet normal -0.935905926738691 0.352250047921225 -5.90653498627376e-006
  outer loop
    vertex 68.8872979541316 324.912409093394 20.4013202105061
    vertex 69.3252346448514 326.076042335772 22.401343466016
    vertex 69.3252592968105 326.07604446757 20.4013248106224
  endloop
endfacet
facet normal -0.910863824902953 0.412707029804384 -5.76249747465189e-006
  outer loop
    vertex 68.887273302166 324.912406961596 22.4013409682465
    vertex 68.3741689255528 323.779909194169 20.4013153037764
    vertex 68.3741442735812 323.779907062371 22.4013379955211
  endloop
endfacet
facet normal -0.910863824902953 0.412707029804384 -5.76249747465189e-006
  outer loop
    vertex 68.3741689255528 323.779909194169 20.4013153037764
    vertex 68.887273302166 324.912406961596 22.4013409682465
    vertex 68.8872979541316 324.912409093394 20.4013202105061
  endloop
endfacet
facet normal -0.881921264330624 0.471396736825982 -5.59378406416886e-006
  outer loop
    vertex 68.3741442735812 323.779907062371 22.4013379955211
    vertex 67.7880695083515 322.68339430833 20.4013101114446
    vertex 67.7880448563745 322.683392176532 22.4013345605695
  endloop
endfacet
facet normal -0.881921264330624 0.471396736825982 -5.59378406416886e-006
  outer loop
    vertex 67.7880695083515 322.68339430833 20.4013101114446
    vertex 68.3741442735812 323.779907062371 22.4013379955211
    vertex 68.3741689255528 323.779909194169 20.4013153037764
  endloop
endfacet
facet normal -0.849202181509405 0.528067850650365 -5.40111721154964e-006
  outer loop
    vertex 67.7880448563745 322.683392176532 22.4013345605695
    vertex 67.1315094702118 321.627559880958 20.4013046557452
    vertex 67.1314848182299 321.62755774916 22.4013306781006
  endloop
endfacet
facet normal -0.849202181509405 0.528067850650365 -5.40111721154964e-006
  outer loop
    vertex 67.1315094702118 321.627559880958 20.4013046557452
    vertex 67.7880448563745 322.683392176532 22.4013345605695
    vertex 67.7880695083515 322.68339430833 20.4013101114446
  endloop
endfacet
facet normal -0.812846684575086 0.582477696867788 -5.18532194583606e-006
  outer loop
    vertex 67.1314848182299 321.62755774916 22.4013306781006
    vertex 66.4073003020141 320.616927157165 20.4012989600402
    vertex 66.4072756500279 320.616925025367 22.4013263647399
  endloop
endfacet
facet normal -0.812846684575086 0.582477696867788 -5.18532194583606e-006
  outer loop
    vertex 66.4073003020141 320.616927157165 20.4012989600402
    vertex 67.1314848182299 321.62755774916 22.4013306781006
    vertex 67.1315094702118 321.627559880958 20.4013046557452
  endloop
endfacet
facet normal -0.773010453346919 0.634393284163629 -4.94732233548527e-006
  outer loop
    vertex 66.4072756500279 320.616925025367 22.4013263647399
    vertex 65.618543178599 319.655823821429 20.4012930487195
    vertex 65.6185185266091 319.655821689631 22.4013216389577
  endloop
endfacet
facet normal -0.773010453346919 0.634393284163629 -4.94732233548527e-006
  outer loop
    vertex 65.618543178599 319.655823821429 20.4012930487195
    vertex 66.4072756500279 320.616925025367 22.4013263647399
    vertex 66.4073003020141 320.616927157165 20.4012989600402
  endloop
endfacet
facet normal -0.729864072682783 0.683592302022867 -4.68813753136711e-006
  outer loop
    vertex 65.6185185266091 319.655821689631 22.4013216389577
    vertex 64.7686156790613 318.748365465786 20.4012869470964
    vertex 64.7685910270684 318.748363333988 22.4013165209906
  endloop
endfacet
facet normal -0.729864072682783 0.683592302022867 -4.68813753136711e-006
  outer loop
    vertex 64.7686156790613 318.748365465786 20.4012869470964
    vertex 65.6185185266091 319.655821689631 22.4013216389577
    vertex 65.618543178599 319.655823821429 20.4012930487195
  endloop
endfacet
facet normal -0.683592302008682 0.729864072697809 -4.40887740260386e-006
  outer loop
    vertex 63.8611326714419 317.898435834432 22.4013110327546
    vertex 64.7686156790613 318.748365465786 20.4012869470964
    vertex 63.8611573234372 317.89843796623 20.401280681299
  endloop
endfacet
facet normal -0.683592302008682 0.729864072697809 -4.40887740260386e-006
  outer loop
    vertex 64.7686156790613 318.748365465786 20.4012869470964
    vertex 63.8611326714419 317.898435834432 22.4013110327546
    vertex 64.7685910270684 318.748363333988 22.4013165209906
  endloop
endfacet
facet normal -0.634393284150352 0.773010453362717 -4.11073778393933e-006
  outer loop
    vertex 62.900029335724 317.109678710999 22.401305197751
    vertex 63.8611573234372 317.89843796623 20.401280681299
    vertex 62.9000539877211 317.109680842797 20.4012742781582
  endloop
endfacet
facet normal -0.634393284150352 0.773010453362717 -4.11073778393933e-006
  outer loop
    vertex 63.8611573234372 317.89843796623 20.401280681299
    vertex 62.900029335724 317.109678710999 22.401305197751
    vertex 63.8611326714419 317.898435834432 22.4013110327546
  endloop
endfacet
facet normal -0.582477696855466 0.812846684591596 -3.79499535499204e-006
  outer loop
    vertex 61.8893966119495 316.385469542784 22.4012990409662
    vertex 62.9000539877211 317.109680842797 20.4012742781582
    vertex 61.8894212639477 316.385471674582 20.4012677650934
  endloop
endfacet
facet normal -0.582477696855466 0.812846684591596 -3.79499535499204e-006
  outer loop
    vertex 62.9000539877211 317.109680842797 20.4012742781582
    vertex 61.8893966119495 316.385469542784 22.4012990409662
    vertex 62.900029335724 317.109678710999 22.401305197751
  endloop
endfacet
facet normal -0.528067850639016 0.849202181526578 -3.46300217331624e-006
  outer loop
    vertex 60.8335621845968 315.728909504628 22.4012925887647
    vertex 61.8894212639477 316.385471674582 20.4012677650934
    vertex 60.8335868365954 315.728911636426 20.4012611699945
  endloop
endfacet
facet normal -0.528067850639016 0.849202181526578 -3.46300217331624e-006
  outer loop
    vertex 61.8894212639477 316.385471674582 20.4012677650934
    vertex 60.8335621845968 315.728909504628 22.4012925887647
    vertex 61.8893966119495 316.385469542784 22.4012990409662
  endloop
endfacet
facet normal -0.471396736815744 0.881921264348331 -3.11617988468493e-006
  outer loop
    vertex 59.7370472987784 315.142810087412 22.4012858687756
    vertex 60.8335868365954 315.728911636426 20.4012611699945
    vertex 59.7370719507768 315.14281221921 20.4012545211027
  endloop
endfacet
facet normal -0.471396736815744 0.881921264348331 -3.11617988468493e-006
  outer loop
    vertex 60.8335868365954 315.728911636426 20.4012611699945
    vertex 59.7370472987784 315.142810087412 22.4012858687756
    vertex 60.8335621845968 315.728909504628 22.4012925887647
  endloop
endfacet
facet normal -0.412707029795225 0.910863824921161 -2.75601363538241e-006
  outer loop
    vertex 58.6045473995755 314.629681058818 22.401278909775
    vertex 59.7370719507768 315.14281221921 20.4012545211027
    vertex 58.604572051573 314.629683190616 20.4012478468897
  endloop
endfacet
facet normal -0.412707029795225 0.910863824921161 -2.75601363538241e-006
  outer loop
    vertex 59.7370719507768 315.14281221921 20.4012545211027
    vertex 58.6045473995755 314.629681058818 22.401278909775
    vertex 59.7370472987784 315.142810087412 22.4012858687756
  endloop
endfacet
facet normal -0.352250047913223 0.935905926757304 -2.38404571258248e-006
  outer loop
    vertex 57.440912025421 314.191719716126 22.4012717415625
    vertex 58.604572051573 314.629683190616 20.4012478468897
    vertex 57.4409366774169 314.191721847924 20.4012411759353
  endloop
endfacet
facet normal -0.352250047913223 0.935905926757304 -2.38404571258248e-006
  outer loop
    vertex 58.604572051573 314.629683190616 20.4012478468897
    vertex 57.440912025421 314.191719716126 22.4012717415625
    vertex 58.6045473995755 314.629681058818 22.401278909775
  endloop
endfacet
facet normal -0.290284677247625 0.956940335732189 -2.0018689400358e-006
  outer loop
    vertex 56.2511240416315 313.830801477041 22.4012643948333
    vertex 57.4409366774169 314.191721847924 20.4012411759353
    vertex 56.2511486936253 313.830803608838 20.4012345368057
  endloop
endfacet
facet normal -0.290284677247625 0.956940335732189 -2.0018689400358e-006
  outer loop
    vertex 57.4409366774169 314.191721847924 20.4012411759353
    vertex 56.2511240416315 313.830801477041 22.4012643948333
    vertex 57.440912025421 314.191719716126 22.4012717415625
  endloop
endfacet
facet normal -0.227076263028746 0.973876979277313 -1.61111985735542e-006
  outer loop
    vertex 55.0402783030133 313.548471848871 22.4012569010474
    vertex 56.2511486936253 313.830803608838 20.4012345368057
    vertex 55.0403029550042 313.548473980669 20.4012279579306
  endloop
endfacet
facet normal -0.227076263028746 0.973876979277313 -1.61111985735542e-006
  outer loop
    vertex 56.2511486936253 313.830803608838 20.4012345368057
    vertex 55.0402783030133 313.548471848871 22.4012569010474
    vertex 56.2511240416315 313.830801477041 22.4012643948333
  endloop
endfacet
facet normal -0.162895473390186 0.98664333208486 -1.21347171210217e-006
  outer loop
    vertex 53.8135598369114 313.34593981043 22.4012492922942
    vertex 55.0403029550042 313.548473980669 20.4012279579306
    vertex 53.8135844888989 313.345941942228 20.4012214674819
  endloop
endfacet
facet normal -0.162895473390186 0.98664333208486 -1.21347171210217e-006
  outer loop
    vertex 55.0403029550042 313.548473980669 20.4012279579306
    vertex 53.8135598369114 313.34593981043 22.4012492922942
    vertex 55.0402783030133 313.548471848871 22.4012569010474
  endloop
endfacet
facet normal -0.09801714032641 0.995184726672177 -8.10627294682178e-007
  outer loop
    vertex 52.576221640127 313.224072634999 22.4012416011557
    vertex 53.8135844888989 313.345941942228 20.4012214674819
    vertex 52.5762462921105 313.224074766797 20.4012150932525
  endloop
endfacet
facet normal -0.09801714032641 0.995184726672177 -8.10627294682178e-007
  outer loop
    vertex 53.8135844888989 313.345941942228 20.4012214674819
    vertex 52.576221640127 313.224072634999 22.4012416011557
    vertex 53.8135598369114 313.34593981043 22.4012492922942
  endloop
endfacet
facet normal -0.995184726652975 -0.0980171403295234 -6.18594304960548e-006
  outer loop
    vertex 70.1710145504094 334.663389828717 22.4013681306118
    vertex 70.292906377879 333.426053763703 20.4013449713497
    vertex 70.2928817258365 333.426051631909 22.4013691384851
  endloop
endfacet
facet normal -0.995184726652975 -0.0980171403295234 -6.18594304960548e-006
  outer loop
    vertex 70.292906377879 333.426053763703 20.4013449713497
    vertex 70.1710145504094 334.663389828717 22.4013681306118
    vertex 70.1710392024426 334.663391960511 20.4013469569901
  endloop
endfacet
facet normal 1.24895150338432e-012 0.99999999999998 -2.0039545475609e-007
  outer loop
    vertex 52.5762216400206 333.426051631909 22.4012586642773
    vertex 70.292906377879 333.426053763703 20.4013449713497
    vertex 52.5762462919922 333.426053763703 20.401257352974
  endloop
endfacet
facet normal 1.24895150338432e-012 0.99999999999998 -2.0039545475609e-007
  outer loop
    vertex 70.292906377879 333.426053763703 20.4013449713497
    vertex 52.5762216400206 333.426051631909 22.4012586642773
    vertex 70.2928817258365 333.426051631909 22.4013691384851
  endloop
endfacet
facet normal 0.999999999980559 -8.5386159267801e-016 6.23561141233203e-006
  outer loop
    vertex 52.5762462919922 333.426053763703 20.401257352974
    vertex 52.5762216400428 351.142711718069 22.4012551139392
    vertex 52.5762216400206 333.426051631909 22.4012586642773
  endloop
endfacet
facet normal 0.999999999980559 -8.5386159267801e-016 6.23561141233203e-006
  outer loop
    vertex 52.5762216400428 351.142711718069 22.4012551139392
    vertex 52.5762462919922 333.426053763703 20.401257352974
    vertex 52.5762462918886 351.142713849863 20.4012944137552
  endloop
endfacet
facet normal -0.0980171403289016 -0.995184726672177 -4.11766302975391e-007
  outer loop
    vertex 53.8135844886784 351.020846674432 20.4013002781263
    vertex 52.5762216400428 351.142711718069 22.4012551139392
    vertex 52.5762462918886 351.142713849863 20.4012944137552
  endloop
endfacet
facet normal -0.0980171403289016 -0.995184726672177 -4.11766302975391e-007
  outer loop
    vertex 52.5762216400428 351.142711718069 22.4012551139392
    vertex 53.8135844886784 351.020846674432 20.4013002781263
    vertex 53.8135598368268 351.020844542638 22.401262853921
  endloop
endfacet
facet normal -0.16289547339266 -0.986643332084858 -8.18034033701347e-007
  outer loop
    vertex 55.0403029547861 350.818314635991 20.4013059212376
    vertex 53.8135598368268 351.020844542638 22.401262853921
    vertex 53.8135844886784 351.020846674432 20.4013002781263
  endloop
endfacet
facet normal -0.16289547339266 -0.986643332084858 -8.18034033701347e-007
  outer loop
    vertex 53.8135598368268 351.020844542638 22.401262853921
    vertex 55.0403029547861 350.818314635991 20.4013059212376
    vertex 55.0402783029281 350.818312504197 22.4012705438471
  endloop
endfacet
facet normal -0.22707626303117 -0.973876979277315 -1.22079881710805e-006
  outer loop
    vertex 56.2511486934105 350.535985007822 20.4013113189242
    vertex 55.0402783029281 350.818312504197 22.4012705438471
    vertex 55.0403029547861 350.818314635991 20.4013059212376
  endloop
endfacet
facet normal -0.22707626303117 -0.973876979277315 -1.22079881710805e-006
  outer loop
    vertex 55.0402783029281 350.818312504197 22.4012705438471
    vertex 56.2511486934105 350.535985007822 20.4013113189242
    vertex 56.2511240415457 350.535982876028 22.4012781507882
  endloop
endfacet
facet normal -0.290284677250021 -0.956940335732188 -1.61833595255959e-006
  outer loop
    vertex 57.4409366772064 350.175066768737 20.4013164480726
    vertex 56.2511240415457 350.535982876028 22.4012781507882
    vertex 56.2511486934105 350.535985007822 20.4013113189242
  endloop
endfacet
facet normal -0.290284677250021 -0.956940335732188 -1.61833595255959e-006
  outer loop
    vertex 56.2511240415457 350.535982876028 22.4012781507882
    vertex 57.4409366772064 350.175066768737 20.4013164480726
    vertex 57.4409120253342 350.175064636943 22.4012856421701
  endloop
endfacet
facet normal -0.352250047915555 -0.935905926757307 -2.0089431250107e-006
  outer loop
    vertex 58.6045720513675 349.737105426044 20.4013212867189
    vertex 57.4409120253342 350.175064636943 22.4012856421701
    vertex 57.4409366772064 350.175066768737 20.4013164480726
  endloop
endfacet
facet normal -0.352250047915555 -0.935905926757307 -2.0089431250107e-006
  outer loop
    vertex 57.4409120253342 350.175064636943 22.4012856421701
    vertex 58.6045720513675 349.737105426044 20.4013212867189
    vertex 58.6045473994877 349.73710329425 22.4012929859136
  endloop
endfacet
facet normal -0.412707029797517 -0.910863824921154 -2.39094769458204e-006
  outer loop
    vertex 59.7370719505773 349.223976397451 20.4013258141433
    vertex 58.6045473994877 349.73710329425 22.4012929859136
    vertex 58.6045720513675 349.737105426044 20.4013212867189
  endloop
endfacet
facet normal -0.412707029797517 -0.910863824921154 -2.39094769458204e-006
  outer loop
    vertex 58.6045473994877 349.73710329425 22.4012929859136
    vertex 59.7370719505773 349.223976397451 20.4013258141433
    vertex 59.7370472986893 349.223974265657 22.4013001505716
  endloop
endfacet
facet normal -0.471396736817918 -0.881921264348346 -2.76271385906001e-006
  outer loop
    vertex 60.8335868364028 348.637876980234 20.4013300109587
    vertex 59.7370472986893 349.223974265657 22.4013001505716
    vertex 59.7370719505773 349.223976397451 20.4013258141433
  endloop
endfacet
facet normal -0.471396736817918 -0.881921264348346 -2.76271385906001e-006
  outer loop
    vertex 59.7370472986893 349.223974265657 22.4013001505716
    vertex 60.8335868364028 348.637876980234 20.4013300109587
    vertex 60.8335621845062 348.63787484844 22.401307105464
  endloop
endfacet
facet normal -0.528067850641187 -0.849202181526547 -3.12264965865436e-006
  outer loop
    vertex 61.8894212637627 347.981316942078 20.4013338591936
    vertex 60.8335621845062 348.63787484844 22.401307105464
    vertex 60.8335868364028 348.637876980234 20.4013300109587
  endloop
endfacet
facet normal -0.528067850641187 -0.849202181526547 -3.12264965865436e-006
  outer loop
    vertex 60.8335621845062 348.63787484844 22.401307105464
    vertex 61.8894212637627 347.981316942078 20.4013338591936
    vertex 61.8893966118573 347.981314810284 22.4013138208089
  endloop
endfacet
facet normal -0.582477696857486 -0.812846684591604 -3.46921379301198e-006
  outer loop
    vertex 62.9000539875446 347.257107773863 20.4013373423693
    vertex 61.8893966118573 347.981314810284 22.4013138208089
    vertex 61.8894212637627 347.981316942078 20.4013338591936
  endloop
endfacet
facet normal -0.582477696857486 -0.812846684591604 -3.46921379301198e-006
  outer loop
    vertex 61.8893966118573 347.981314810284 22.4013138208089
    vertex 62.9000539875446 347.257107773863 20.4013373423693
    vertex 62.9000293356299 347.257105642069 22.40132026785
  endloop
endfacet
facet normal -0.634393284152269 -0.773010453362729 -3.80092222130473e-006
  outer loop
    vertex 63.86115732327 346.468350650431 20.4013404455703
    vertex 62.9000293356299 347.257105642069 22.40132026785
    vertex 62.9000539875446 347.257107773863 20.4013373423693
  endloop
endfacet
facet normal -0.634393284152269 -0.773010453362729 -3.80092222130473e-006
  outer loop
    vertex 62.9000293356299 347.257105642069 22.40132026785
    vertex 63.86115732327 346.468350650431 20.4013404455703
    vertex 63.8611326713459 346.468348518636 22.4013264189803
  endloop
endfacet
facet normal -0.683592302010491 -0.729864072697823 -4.11635451711772e-006
  outer loop
    vertex 64.768615678904 345.618423150874 20.4013431555083
    vertex 63.8611326713459 346.468348518636 22.4013264189803
    vertex 63.86115732327 346.468350650431 20.4013404455703
  endloop
endfacet
facet normal -0.683592302010491 -0.729864072697823 -4.11635451711772e-006
  outer loop
    vertex 63.8611326713459 346.468348518636 22.4013264189803
    vertex 64.768615678904 345.618423150874 20.4013431555083
    vertex 64.7685910269703 345.61842101908 22.4013322478596
  endloop
endfacet
facet normal -0.729864072684501 -0.683592302022857 -4.41415995093413e-006
  outer loop
    vertex 64.7685910269703 345.61842101908 22.4013322478596
    vertex 65.6185431784523 344.710964795231 20.4013454605789
    vertex 65.6185185265088 344.710962663437 22.4013377295277
  endloop
endfacet
facet normal -0.729864072684501 -0.683592302022857 -4.41415995093413e-006
  outer loop
    vertex 65.6185431784523 344.710964795231 20.4013454605789
    vertex 64.7685910269703 345.61842101908 22.4013322478596
    vertex 64.768615678904 345.618423150874 20.4013431555083
  endloop
endfacet
facet normal -0.773010453348502 -0.634393284163632 -4.69306327416646e-006
  outer loop
    vertex 65.6185185265088 344.710962663437 22.4013377295277
    vertex 66.4073003018787 343.749861459496 20.4013473509113
    vertex 66.4072756499251 343.749859327702 22.4013428405114
  endloop
endfacet
facet normal -0.773010453348502 -0.634393284163632 -4.69306327416646e-006
  outer loop
    vertex 66.4073003018787 343.749861459496 20.4013473509113
    vertex 65.6185185265088 344.710962663437 22.4013377295277
    vertex 65.6185431784523 344.710964795231 20.4013454605789
  endloop
endfacet
facet normal -0.812846684576544 -0.582477696867785 -4.95187017996665e-006
  outer loop
    vertex 66.4072756499251 343.749859327702 22.4013428405114
    vertex 67.1315094700883 342.739228735702 20.401348818411
    vertex 67.1314848181246 342.739226603908 22.4013475589246
  endloop
endfacet
facet normal -0.812846684576544 -0.582477696867785 -4.95187017996665e-006
  outer loop
    vertex 67.1315094700883 342.739228735702 20.401348818411
    vertex 66.4072756499251 343.749859327702 22.4013428405114
    vertex 66.4073003018787 343.749861459496 20.4013473509113
  endloop
endfacet
facet normal -0.849202181510732 -0.528067850650354 -5.18947241743126e-006
  outer loop
    vertex 67.1314848181246 342.739226603908 22.4013475589246
    vertex 67.7880695082403 341.68339430833 20.4013498567938
    vertex 67.7880448562665 341.683392176536 22.4013518645622
  endloop
endfacet
facet normal -0.849202181510732 -0.528067850650354 -5.18947241743126e-006
  outer loop
    vertex 67.7880695082403 341.68339430833 20.4013498567938
    vertex 67.1314848181246 342.739226603908 22.4013475589246
    vertex 67.1315094700883 342.739228735702 20.401348818411
  endloop
endfacet
facet normal -0.881921264331792 -0.471396736826001 -5.40485253730207e-006
  outer loop
    vertex 67.7880448562665 341.683392176536 22.4013518645622
    vertex 68.3741689254544 340.586879422491 20.4013504616133
    vertex 68.3741442734705 340.586877290697 22.4013557389871
  endloop
endfacet
facet normal -0.881921264331792 -0.471396736826001 -5.40485253730207e-006
  outer loop
    vertex 68.3741689254544 340.586879422491 20.4013504616133
    vertex 67.7880448562665 341.683392176536 22.4013518645622
    vertex 67.7880695082403 341.68339430833 20.4013498567938
  endloop
endfacet
facet normal -0.910863824903987 -0.412707029804377 -5.59708824884023e-006
  outer loop
    vertex 68.3741442734705 340.586877290697 22.4013557389871
    vertex 68.8872979540464 339.454379523267 20.4013506302794
    vertex 68.8872733020524 339.454377391473 22.4013591656081
  endloop
endfacet
facet normal -0.910863824903987 -0.412707029804377 -5.59708824884023e-006
  outer loop
    vertex 68.8872979540464 339.454379523267 20.4013506302794
    vertex 68.3741442734705 340.586877290697 22.4013557389871
    vertex 68.3741689254544 340.586879422491 20.4013504616133
  endloop
endfacet
facet normal -0.935905926739578 -0.352250047921208 -5.76535636921619e-006
  outer loop
    vertex 68.8872733020524 339.454377391473 22.4013591656081
    vertex 69.325259296739 338.29074414909 20.40135036207
    vertex 69.325234644735 338.290742017296 22.4013621297521
  endloop
endfacet
facet normal -0.935905926739578 -0.352250047921208 -5.76535636921619e-006
  outer loop
    vertex 69.325259296739 338.29074414909 20.40135036207
    vertex 68.8872733020524 339.454377391473 22.4013591656081
    vertex 68.8872979540464 339.454379523267 20.4013506302794
  endloop
endfacet
facet normal -0.956940335713961 -0.290284677254477 -5.90893634850543e-006
  outer loop
    vertex 69.325234644735 338.290742017296 22.4013621297521
    vertex 69.6861775358257 337.100956165278 20.4013496581336
    vertex 69.6861528838118 337.100954033484 22.4013646187261
  endloop
endfacet
facet normal -0.956940335713961 -0.290284677254477 -5.90893634850543e-006
  outer loop
    vertex 69.6861775358257 337.100956165278 20.4013496581336
    vertex 69.325234644735 338.290742017296 22.4013621297521
    vertex 69.325259296739 338.29074414909 20.40135036207
  endloop
endfacet
facet normal -0.973876979258685 -0.227076263034366 -6.02721335519411e-006
  outer loop
    vertex 69.6861528838118 337.100954033484 22.4013646187261
    vertex 69.9685071639975 335.890110426637 20.4013485214845
    vertex 69.9684825119739 335.890108294843 22.4013666218719
  endloop
endfacet
facet normal -0.973876979258685 -0.227076263034366 -6.02721335519411e-006
  outer loop
    vertex 69.9685071639975 335.890110426637 20.4013485214845
    vertex 69.6861528838118 337.100954033484 22.4013646187261
    vertex 69.6861775358257 337.100956165278 20.4013496581336
  endloop
endfacet
facet normal -0.9866433320659 -0.162895473394589 -6.11968090898116e-006
  outer loop
    vertex 69.9684825119739 335.890108294843 22.4013666218719
    vertex 70.1710392024426 334.663391960511 20.4013469569901
    vertex 70.1710145504094 334.663389828717 22.4013681306118
  endloop
endfacet
facet normal -0.9866433320659 -0.162895473394589 -6.11968090898116e-006
  outer loop
    vertex 70.1710392024426 334.663391960511 20.4013469569901
    vertex 69.9684825119739 335.890108294843 22.4013666218719
    vertex 69.9685071639975 335.890110426637 20.4013485214845
  endloop
endfacet
facet normal 2.03155099301571e-005 -0.832002418696164 -0.554772002601981
  outer loop
    vertex 62.433574444842 284.583390784456 22.4018070367899
    vertex 40.2335538550085 282.983401445046 24.7999999986638
    vertex 40.2335734652071 284.583390784502 22.4004787391436
  endloop
endfacet
facet normal 2.03155099301571e-005 -0.832002418696164 -0.554772002601981
  outer loop
    vertex 40.2335538550085 282.983401445046 24.7999999986638
    vertex 62.433574444842 284.583390784456 22.4018070367899
    vertex 61.3336123641642 282.983401477646 24.8008889144148
  endloop
endfacet
facet normal 2.03155099301571e-005 -0.832002418696164 -0.554772002601981
  outer loop
    vertex 61.3336123641642 282.983401477646 24.8008889144148
    vertex 62.433574444842 284.583390784456 22.4018070367899
    vertex 62.4335548290684 282.983401479345 24.8010230327128
  endloop
endfacet
facet normal 2.03155099301571e-005 -0.832002418696164 -0.554772002601981
  outer loop
    vertex 41.3336123641643 282.983401477646 24.8008889144148
    vertex 40.2335538550085 282.983401445046 24.7999999986638
    vertex 61.3336123641642 282.983401477646 24.8008889144148
  endloop
endfacet
facet normal 2.84790742905144e-012 -0.999999999979135 6.45988264123152e-006
  outer loop
    vertex 70.0336910080092 236.983346992845 26.4012762356975
    vertex 32.6335770542161 236.983189735344 0.00129673156491175
    vertex 70.0336870412118 236.983189735344 0.00128024333005483
  endloop
endfacet
facet normal 2.84790742905144e-012 -0.999999999979135 6.45988264123152e-006
  outer loop
    vertex 32.6335770542161 236.983189735344 0.00129673156491175
    vertex 70.0336910080092 236.983346992845 26.4012762356975
    vertex 32.6335732481563 236.983346992845 26.4012927239323
  endloop
endfacet
facet normal 0.879905633740923 0.475148477542474 -2.30582027255515e-007
  outer loop
    vertex 75.0336870414285 279.583189747895 0.0012512734200355
    vertex 72.3336100715287 284.583389698237 26.4012835952928
    vertex 75.0336910082259 279.583032490394 26.4012472657875
  endloop
endfacet
facet normal 0.879905633740923 0.475148477542474 -2.30582027255515e-007
  outer loop
    vertex 72.3336100715287 284.583389698237 26.4012835952928
    vertex 75.0336870414285 279.583189747895 0.0012512734200355
    vertex 72.3336231357958 284.583226140595 20.4012100247598
  endloop
endfacet
facet normal 0.879905633740923 0.475148477542474 -2.30582027255515e-007
  outer loop
    vertex 72.3336231357958 284.583226140595 20.4012100247598
    vertex 75.0336870414285 279.583189747895 0.0012512734200355
    vertex 72.3336061047313 284.583189747804 0.00128024333005483
  endloop
endfacet
facet normal -0.87991362621705 0.475133676344655 -8.79748624279524e-007
  outer loop
    vertex 30.3335736410017 284.583390428608 26.4012708006736
    vertex 27.6335770539995 279.583189747895 0.00126776165489242
    vertex 27.6335732479397 279.583032490394 26.4012637540223
  endloop
endfacet
facet normal -0.87991362621705 0.475133676344655 -8.79748624279524e-007
  outer loop
    vertex 27.6335770539995 279.583189747895 0.00126776165489242
    vertex 30.3335736410017 284.583390428608 26.4012708006736
    vertex 30.3335774470615 284.583189747804 0.00129673156491175
  endloop
endfacet
facet normal -0.87991362621705 0.475133676344655 -8.79748624279524e-007
  outer loop
    vertex 30.3335774470615 284.583189747804 0.00129673156491175
    vertex 30.3335736410017 284.583390428608 26.4012708006736
    vertex 30.3335876193243 284.583393659171 20.4012810020414
  endloop
endfacet
facet normal 0.707107672557934 -0.707105889793155 -5.43434179429666e-006
  outer loop
    vertex 29.2335770555252 279.183189749446 0.00126505813266262
    vertex 33.0335795536613 282.98301123178 24.80129673041
    vertex 29.2335971926317 279.183009709742 24.8012674481075
  endloop
endfacet
facet normal 0.707107672557934 -0.707105889793155 -5.43434179429666e-006
  outer loop
    vertex 33.0335795536613 282.98301123178 24.80129673041
    vertex 29.2335770555252 279.183189749446 0.00126505813266262
    vertex 33.0335770541722 282.983189747842 0.00128988810780539
  endloop
endfacet
facet normal -0.707107672557174 -0.707105889784434 -6.55292739650433e-006
  outer loop
    vertex 69.6336453102194 282.98301123178 24.8012802421751
    vertex 73.4336870399028 279.183189749446 0.00124856989780571
    vertex 73.433627671249 279.183009709742 24.8012509598726
  endloop
endfacet
facet normal -0.707107672557174 -0.707105889784434 -6.55292739650433e-006
  outer loop
    vertex 73.4336870399028 279.183189749446 0.00124856989780571
    vertex 69.6336453102194 282.98301123178 24.8012802421751
    vertex 69.6336870412558 282.983189747842 0.00127339987294848
  endloop
endfacet
facet normal 2.71132028297762e-005 -0.999999999632216 6.64587578268003e-007
  outer loop
    vertex 40.2335538550085 282.983401445046 24.7999999986638
    vertex 33.0335770541722 282.983189747842 0.00128988810780539
    vertex 40.2336865576335 282.983189968911 0.0
  endloop
endfacet
facet normal 2.71132028297762e-005 -0.999999999632216 6.64587578268003e-007
  outer loop
    vertex 33.0335770541722 282.983189747842 0.00128988810780539
    vertex 40.2335538550085 282.983401445046 24.7999999986638
    vertex 33.0335795536613 282.98301123178 24.80129673041
  endloop
endfacet
facet normal 3.06418042373488e-006 -3.64331441093249e-006 -0.999999999988669
  outer loop
    vertex 27.6335770539995 279.583189747895 0.00126776165489242
    vertex 29.2335770555252 279.183189749446 0.00126505813266262
    vertex 27.6335770539995 241.983189735254 0.00126776165489242
  endloop
endfacet
facet normal 3.06418042373488e-006 -3.64331441093249e-006 -0.999999999988669
  outer loop
    vertex 29.2335770555252 279.183189749446 0.00126505813266262
    vertex 27.6335770539995 279.583189747895 0.00126776165489242
    vertex 30.3335774470615 284.583189747804 0.00129673156491175
  endloop
endfacet
facet normal 3.06418042373488e-006 -3.64331441093249e-006 -0.999999999988669
  outer loop
    vertex 29.2335770555252 279.183189749446 0.00126505813266262
    vertex 30.3335774470615 284.583189747804 0.00129673156491175
    vertex 33.0335770541722 282.983189747842 0.00128988810780539
  endloop
endfacet
facet normal 3.06418042373488e-006 -3.64331441093249e-006 -0.999999999988669
  outer loop
    vertex 33.0335770541722 282.983189747842 0.00128988810780539
    vertex 30.3335774470615 284.583189747804 0.00129673156491175
    vertex 40.2336865520584 284.583189981087 0.00047874032906281
  endloop
endfacet
facet normal 3.06418042373488e-006 -3.64331441093249e-006 -0.999999999988669
  outer loop
    vertex 33.0335770541722 282.983189747842 0.00128988810780539
    vertex 40.2336865520584 284.583189981087 0.00047874032906281
    vertex 40.2336865576335 282.983189968911 0.0
  endloop
endfacet
facet normal 3.06418042373488e-006 -3.64331441093249e-006 -0.999999999988669
  outer loop
    vertex 72.3336061047313 284.583189747804 0.00128024333005483
    vertex 62.4336875316934 282.98319000321 0.00102303404902584
    vertex 62.4336875316934 284.58318998104 0.00180703797543789
  endloop
endfacet
facet normal 3.06418042373488e-006 -3.64331441093249e-006 -0.999999999988669
  outer loop
    vertex 62.4336875316934 282.98319000321 0.00102303404902584
    vertex 72.3336061047313 284.583189747804 0.00128024333005483
    vertex 69.6336870412558 282.983189747842 0.00127339987294848
  endloop
endfacet
facet normal 3.06418042373488e-006 -3.64331441093249e-006 -0.999999999988669
  outer loop
    vertex 69.6336870412558 282.983189747842 0.00127339987294848
    vertex 72.3336061047313 284.583189747804 0.00128024333005483
    vertex 73.4336870399028 279.183189749446 0.00124856989780571
  endloop
endfacet
facet normal 3.06418042373488e-006 -3.64331441093249e-006 -0.999999999988669
  outer loop
    vertex 73.4336870399028 279.183189749446 0.00124856989780571
    vertex 72.3336061047313 284.583189747804 0.00128024333005483
    vertex 75.0336870414285 279.583189747895 0.0012512734200355
  endloop
endfacet
facet normal 3.06418042373488e-006 -3.64331441093249e-006 -0.999999999988669
  outer loop
    vertex 73.4336870399028 279.183189749446 0.00124856989780571
    vertex 75.0336870414285 279.583189747895 0.0012512734200355
    vertex 73.4336870399028 242.383189733702 0.00124856989780571
  endloop
endfacet
facet normal 3.06418042373488e-006 -3.64331441093249e-006 -0.999999999988669
  outer loop
    vertex 27.6335770539995 241.983189735254 0.00126776165489242
    vertex 29.2335770555252 242.383189733702 0.00126505813266262
    vertex 32.6335770542161 236.983189735344 0.00129673156491175
  endloop
endfacet
facet normal 3.06418042373488e-006 -3.64331441093249e-006 -0.999999999988669
  outer loop
    vertex 29.2335770555252 242.383189733702 0.00126505813266262
    vertex 27.6335770539995 241.983189735254 0.00126776165489242
    vertex 29.2335770555252 279.183189749446 0.00126505813266262
  endloop
endfacet
facet normal 3.06418042373488e-006 -3.64331441093249e-006 -0.999999999988669
  outer loop
    vertex 32.6335770542161 236.983189735344 0.00129673156491175
    vertex 29.2335770555252 242.383189733702 0.00126505813266262
    vertex 33.0335770541722 238.583189735306 0.00128988810780539
  endloop
endfacet
facet normal 3.06418042373488e-006 -3.64331441093249e-006 -0.999999999988669
  outer loop
    vertex 32.6335770542161 236.983189735344 0.00129673156491175
    vertex 33.0335770541722 238.583189735306 0.00128988810780539
    vertex 70.0336870412118 236.983189735344 0.00128024333005483
  endloop
endfacet
facet normal 3.06418042373488e-006 -3.64331441093249e-006 -0.999999999988669
  outer loop
    vertex 70.0336870412118 236.983189735344 0.00128024333005483
    vertex 33.0335770541722 238.583189735306 0.00128988810780539
    vertex 69.6336870412558 238.583189735306 0.00127339987294848
  endloop
endfacet
facet normal 3.06418042373488e-006 -3.64331441093249e-006 -0.999999999988669
  outer loop
    vertex 70.0336870412118 236.983189735344 0.00128024333005483
    vertex 69.6336870412558 238.583189735306 0.00127339987294848
    vertex 73.4336870399028 242.383189733702 0.00124856989780571
  endloop
endfacet
facet normal 3.06418042373488e-006 -3.64331441093249e-006 -0.999999999988669
  outer loop
    vertex 70.0336870412118 236.983189735344 0.00128024333005483
    vertex 73.4336870399028 242.383189733702 0.00124856989780571
    vertex 75.0336870414285 241.983189735254 0.0012512734200355
  endloop
endfacet
facet normal 3.06418042373488e-006 -3.64331441093249e-006 -0.999999999988669
  outer loop
    vertex 75.0336870414285 241.983189735254 0.0012512734200355
    vertex 73.4336870399028 242.383189733702 0.00124856989780571
    vertex 75.0336870414285 279.583189747895 0.0012512734200355
  endloop
endfacet
facet normal 8.4716943972721e-006 0.999999999950436 -5.23055700069511e-006
  outer loop
    vertex 62.4336875316934 284.58318998104 0.00180703797543789
    vertex 72.3336231357958 284.583226140595 20.4012100247598
    vertex 72.3336061047313 284.583189747804 0.00128024333005483
  endloop
endfacet
facet normal 8.4716943972721e-006 0.999999999950436 -5.23055700069511e-006
  outer loop
    vertex 72.3336231357958 284.583226140595 20.4012100247598
    vertex 62.4336875316934 284.58318998104 0.00180703797543789
    vertex 62.4335881101368 284.583393651409 20.4018070368387
  endloop
endfacet
facet normal -0.99999999999999 -1.09564183252111e-023 -1.4416895417776e-007
  outer loop
    vertex 27.6335732479397 241.983346992754 26.4012637540223
    vertex 27.6335770539995 279.583189747895 0.00126776165489242
    vertex 27.6335770539995 241.983189735254 0.00126776165489242
  endloop
endfacet
facet normal -0.99999999999999 -1.09564183252111e-023 -1.4416895417776e-007
  outer loop
    vertex 27.6335770539995 279.583189747895 0.00126776165489242
    vertex 27.6335732479397 241.983346992754 26.4012637540223
    vertex 27.6335732479397 279.583032490394 26.4012637540223
  endloop
endfacet
facet normal -2.80241458732998e-012 0.999999999975497 -7.00043931286043e-006
  outer loop
    vertex 33.0335770541722 238.583189735306 0.00128988810780539
    vertex 41.3336123706952 238.583358437475 24.800807947364
    vertex 61.3336123706945 238.583358437476 24.8008067227515
  endloop
endfacet
facet normal -2.80241458732998e-012 0.999999999975497 -7.00043931286043e-006
  outer loop
    vertex 41.3336123706952 238.583358437475 24.800807947364
    vertex 33.0335770541722 238.583189735306 0.00128988810780539
    vertex 33.0335795536613 238.583368251369 24.80129673041
  endloop
endfacet
facet normal -2.80241458732998e-012 0.999999999975497 -7.00043931286043e-006
  outer loop
    vertex 33.0335770541722 238.583189735306 0.00128988810780539
    vertex 69.6336453102194 238.583368251369 24.8012802421751
    vertex 69.6336870412558 238.583189735306 0.00127339987294848
  endloop
endfacet
facet normal -2.80241458732998e-012 0.999999999975497 -7.00043931286043e-006
  outer loop
    vertex 69.6336453102194 238.583368251369 24.8012802421751
    vertex 33.0335770541722 238.583189735306 0.00128988810780539
    vertex 61.3336123706945 238.583358437476 24.8008067227515
  endloop
endfacet
facet normal -0.999999999923804 -4.81355655599628e-012 1.23446905651311e-005
  outer loop
    vertex 61.3336321280824 239.583346992845 26.4012840716107
    vertex 61.333612370695 240.583358437475 24.800807947364
    vertex 61.3336123706945 238.583358437476 24.8008067227515
  endloop
endfacet
facet normal -0.999999999923804 -4.81355655599628e-012 1.23446905651311e-005
  outer loop
    vertex 61.333612370695 240.583358437475 24.800807947364
    vertex 61.3336321280824 239.583346992845 26.4012840716107
    vertex 61.3336321280827 241.583346992845 26.4012844798149
  endloop
endfacet
facet normal -1.49233374193324e-018 -0.84807195070492 0.529881087063457
  outer loop
    vertex 61.3336321280827 241.583346992845 26.4012844798149
    vertex 41.3336123706952 240.583358437475 24.800807947364
    vertex 61.333612370695 240.583358437475 24.800807947364
  endloop
endfacet
facet normal -1.49233374193324e-018 -0.84807195070492 0.529881087063457
  outer loop
    vertex 41.3336123706952 240.583358437475 24.800807947364
    vertex 61.3336321280827 241.583346992845 26.4012844798149
    vertex 41.3336321280827 241.583346992845 26.4012844798149
  endloop
endfacet
facet normal 0.999999999923804 -2.10018048310714e-021 -1.23446905863099e-005
  outer loop
    vertex 41.3336123706952 240.583358437475 24.800807947364
    vertex 41.3336321280827 239.583346992845 26.4012844798149
    vertex 41.3336123706952 238.583358437475 24.800807947364
  endloop
endfacet
facet normal 0.999999999923804 -2.10018048310714e-021 -1.23446905863099e-005
  outer loop
    vertex 41.3336321280827 239.583346992845 26.4012844798149
    vertex 41.3336123706952 240.583358437475 24.800807947364
    vertex 41.3336321280827 241.583346992845 26.4012844798149
  endloop
endfacet
facet normal -2.16299735977267e-008 0.848072011437078 -0.52988098986194
  outer loop
    vertex 41.3336123706952 238.583358437475 24.800807947364
    vertex 61.3336321280824 239.583346992845 26.4012840716107
    vertex 61.3336123706945 238.583358437476 24.8008067227515
  endloop
endfacet
facet normal -2.16299735977267e-008 0.848072011437078 -0.52988098986194
  outer loop
    vertex 61.3336321280824 239.583346992845 26.4012840716107
    vertex 41.3336123706952 238.583358437475 24.800807947364
    vertex 41.3336321280827 239.583346992845 26.4012844798149
  endloop
endfacet
facet normal 0.999999999923804 -2.10018048310714e-021 -1.23446905863099e-005
  outer loop
    vertex 41.3336123706952 244.583358437475 24.800807947364
    vertex 41.3336321280827 243.583346992845 26.4012844798149
    vertex 41.3336123706952 242.583358437475 24.800807947364
  endloop
endfacet
facet normal 0.999999999923804 -2.10018048310714e-021 -1.23446905863099e-005
  outer loop
    vertex 41.3336321280827 243.583346992845 26.4012844798149
    vertex 41.3336123706952 244.583358437475 24.800807947364
    vertex 41.3336321280827 245.583346992845 26.4012844798149
  endloop
endfacet
facet normal -2.16299735977267e-008 0.848072011437078 -0.52988098986194
  outer loop
    vertex 41.3336123706952 242.583358437475 24.800807947364
    vertex 61.3336321280824 243.583346992845 26.4012840716107
    vertex 61.3336123706945 242.583358437476 24.8008067227515
  endloop
endfacet
facet normal -2.16299735977267e-008 0.848072011437078 -0.52988098986194
  outer loop
    vertex 61.3336321280824 243.583346992845 26.4012840716107
    vertex 41.3336123706952 242.583358437475 24.800807947364
    vertex 41.3336321280827 243.583346992845 26.4012844798149
  endloop
endfacet
facet normal -0.999999999923804 -4.81355655599628e-012 1.23446905651311e-005
  outer loop
    vertex 61.3336321280824 243.583346992845 26.4012840716107
    vertex 61.333612370695 244.583358437475 24.800807947364
    vertex 61.3336123706945 242.583358437476 24.8008067227515
  endloop
endfacet
facet normal -0.999999999923804 -4.81355655599628e-012 1.23446905651311e-005
  outer loop
    vertex 61.333612370695 244.583358437475 24.800807947364
    vertex 61.3336321280824 243.583346992845 26.4012840716107
    vertex 61.3336321280827 245.583346992845 26.4012844798149
  endloop
endfacet
facet normal -1.49233374193324e-018 -0.84807195070492 0.529881087063457
  outer loop
    vertex 61.3336321280827 245.583346992845 26.4012844798149
    vertex 41.3336123706952 244.583358437475 24.800807947364
    vertex 61.333612370695 244.583358437475 24.800807947364
  endloop
endfacet
facet normal -1.49233374193324e-018 -0.84807195070492 0.529881087063457
  outer loop
    vertex 41.3336123706952 244.583358437475 24.800807947364
    vertex 61.3336321280827 245.583346992845 26.4012844798149
    vertex 41.3336321280827 245.583346992845 26.4012844798149
  endloop
endfacet
facet normal 0.999999999923804 -2.10018048310714e-021 -1.23446905863099e-005
  outer loop
    vertex 41.3336123706952 248.583358437475 24.800807947364
    vertex 41.3336321280827 247.583346992845 26.4012844798149
    vertex 41.3336123706952 246.583358437475 24.800807947364
  endloop
endfacet
facet normal 0.999999999923804 -2.10018048310714e-021 -1.23446905863099e-005
  outer loop
    vertex 41.3336321280827 247.583346992845 26.4012844798149
    vertex 41.3336123706952 248.583358437475 24.800807947364
    vertex 41.3336321280827 249.583346992845 26.4012844798149
  endloop
endfacet
facet normal -2.16299735977267e-008 0.848072011437078 -0.52988098986194
  outer loop
    vertex 41.3336123706952 246.583358437475 24.800807947364
    vertex 61.3336321280824 247.583346992845 26.4012840716107
    vertex 61.3336123706945 246.583358437476 24.8008067227515
  endloop
endfacet
facet normal -2.16299735977267e-008 0.848072011437078 -0.52988098986194
  outer loop
    vertex 61.3336321280824 247.583346992845 26.4012840716107
    vertex 41.3336123706952 246.583358437475 24.800807947364
    vertex 41.3336321280827 247.583346992845 26.4012844798149
  endloop
endfacet
facet normal -0.999999999923804 -4.81355655599628e-012 1.23446905651311e-005
  outer loop
    vertex 61.3336321280824 247.583346992845 26.4012840716107
    vertex 61.333612370695 248.583358437475 24.800807947364
    vertex 61.3336123706945 246.583358437476 24.8008067227515
  endloop
endfacet
facet normal -0.999999999923804 -4.81355655599628e-012 1.23446905651311e-005
  outer loop
    vertex 61.333612370695 248.583358437475 24.800807947364
    vertex 61.3336321280824 247.583346992845 26.4012840716107
    vertex 61.3336321280827 249.583346992845 26.4012844798149
  endloop
endfacet
facet normal -1.49233374193324e-018 -0.84807195070492 0.529881087063457
  outer loop
    vertex 61.3336321280827 249.583346992845 26.4012844798149
    vertex 41.3336123706952 248.583358437475 24.800807947364
    vertex 61.333612370695 248.583358437475 24.800807947364
  endloop
endfacet
facet normal -1.49233374193324e-018 -0.84807195070492 0.529881087063457
  outer loop
    vertex 41.3336123706952 248.583358437475 24.800807947364
    vertex 61.3336321280827 249.583346992845 26.4012844798149
    vertex 41.3336321280827 249.583346992845 26.4012844798149
  endloop
endfacet
facet normal 0.999999999923804 -2.10018048310714e-021 -1.23446905863099e-005
  outer loop
    vertex 29.3336123716095 252.583358437475 24.8009560836511
    vertex 29.3336321289971 251.583346992845 26.4014326161019
    vertex 29.3336123716095 250.583358437475 24.8009560836511
  endloop
endfacet
facet normal 0.999999999923804 -2.10018048310714e-021 -1.23446905863099e-005
  outer loop
    vertex 29.3336321289971 251.583346992845 26.4014326161019
    vertex 29.3336123716095 252.583358437475 24.8009560836511
    vertex 29.3336321289971 253.583346992845 26.4014326161019
  endloop
endfacet
facet normal -0.999999999923804 -4.81355655599628e-012 1.23446905651311e-005
  outer loop
    vertex 73.333632127168 251.583346992902 26.401135935324
    vertex 73.3336123697807 252.583358437533 24.8006598110772
    vertex 73.3336123697802 250.583358437533 24.8006585864647
  endloop
endfacet
facet normal -0.999999999923804 -4.81355655599628e-012 1.23446905651311e-005
  outer loop
    vertex 73.3336123697807 252.583358437533 24.8006598110772
    vertex 73.333632127168 251.583346992902 26.401135935324
    vertex 73.3336321271684 253.583346992902 26.4011363435281
  endloop
endfacet
facet normal -2.16299735977267e-008 0.848072011437078 -0.52988098986194
  outer loop
    vertex 29.3336123716095 250.583358437475 24.8009560836511
    vertex 73.333632127168 251.583346992902 26.401135935324
    vertex 73.3336123697802 250.583358437533 24.8006585864647
  endloop
endfacet
facet normal -2.16299735977267e-008 0.848072011437078 -0.52988098986194
  outer loop
    vertex 73.333632127168 251.583346992902 26.401135935324
    vertex 29.3336123716095 250.583358437475 24.8009560836511
    vertex 29.3336321289971 251.583346992845 26.4014326161019
  endloop
endfacet
facet normal -1.49233374193324e-018 -0.84807195070492 0.529881087063457
  outer loop
    vertex 73.3336321271684 253.583346992902 26.4011363435281
    vertex 29.3336123716095 252.583358437475 24.8009560836511
    vertex 73.3336123697807 252.583358437533 24.8006598110772
  endloop
endfacet
facet normal -1.49233374193324e-018 -0.84807195070492 0.529881087063457
  outer loop
    vertex 29.3336123716095 252.583358437475 24.8009560836511
    vertex 73.3336321271684 253.583346992902 26.4011363435281
    vertex 29.3336321289971 253.583346992845 26.4014326161019
  endloop
endfacet
facet normal 0.999999999923804 -2.10018048310714e-021 -1.23446905863099e-005
  outer loop
    vertex 29.3336123716122 257.183358437473 24.8009549445937
    vertex 29.3336321289997 256.183346992842 26.4014314770446
    vertex 29.3336123716122 255.183358437473 24.8009549445937
  endloop
endfacet
facet normal 0.999999999923804 -2.10018048310714e-021 -1.23446905863099e-005
  outer loop
    vertex 29.3336321289997 256.183346992842 26.4014314770446
    vertex 29.3336123716122 257.183358437473 24.8009549445937
    vertex 29.3336321289997 258.183346992842 26.4014314770446
  endloop
endfacet
facet normal -3.5777693893322e-006 0.848072011451377 -0.529880989826975
  outer loop
    vertex 29.3336123716122 255.183358437473 24.8009549445937
    vertex 73.3336321271707 256.1833469929 26.4011347962666
    vertex 73.3336123697828 255.183358437531 24.8006574474074
  endloop
endfacet
facet normal -3.5777693893322e-006 0.848072011451377 -0.529880989826975
  outer loop
    vertex 73.3336321271707 256.1833469929 26.4011347962666
    vertex 29.3336123716122 255.183358437473 24.8009549445937
    vertex 29.3336321289997 256.183346992842 26.4014314770446
  endloop
endfacet
facet normal 3.56793823765517e-006 -0.848071950719315 0.529881087028406
  outer loop
    vertex 73.333632127171 258.1833469929 26.4011352044708
    vertex 29.3336123716122 257.183358437473 24.8009549445937
    vertex 73.3336123697833 257.183358437531 24.8006586720199
  endloop
endfacet
facet normal 3.56793823765517e-006 -0.848071950719315 0.529881087028406
  outer loop
    vertex 29.3336123716122 257.183358437473 24.8009549445937
    vertex 73.333632127171 258.1833469929 26.4011352044708
    vertex 29.3336321289997 258.183346992842 26.4014314770446
  endloop
endfacet
facet normal -0.999999999923804 -4.81355655599628e-012 1.23446905651311e-005
  outer loop
    vertex 73.3336321271707 256.1833469929 26.4011347962666
    vertex 73.3336123697833 257.183358437531 24.8006586720199
    vertex 73.3336123697828 255.183358437531 24.8006574474074
  endloop
endfacet
facet normal -0.999999999923804 -4.81355655599628e-012 1.23446905651311e-005
  outer loop
    vertex 73.3336123697833 257.183358437531 24.8006586720199
    vertex 73.3336321271707 256.1833469929 26.4011347962666
    vertex 73.333632127171 258.1833469929 26.4011352044708
  endloop
endfacet
facet normal 2.30411196179374e-006 -1.89842892851108e-006 -0.999999999995544
  outer loop
    vertex 29.2335971926317 279.183009709742 24.8012674481075
    vertex 29.3336123689097 270.983358437323 24.80096818465
    vertex 29.2335971926317 242.383369773406 24.8012674481075
  endloop
endfacet
facet normal 2.30411196179374e-006 -1.89842892851108e-006 -0.999999999995544
  outer loop
    vertex 29.3336123689097 270.983358437323 24.80096818465
    vertex 29.2335971926317 279.183009709742 24.8012674481075
    vertex 33.0335795536613 282.98301123178 24.80129673041
  endloop
endfacet
facet normal 2.30411196179374e-006 -1.89842892851108e-006 -0.999999999995544
  outer loop
    vertex 29.3336123689097 270.983358437323 24.80096818465
    vertex 33.0335795536613 282.98301123178 24.80129673041
    vertex 31.9698510334705 277.31867739186 24.801280242075
  endloop
endfacet
facet normal 2.30411196179374e-006 -1.89842892851108e-006 -0.999999999995544
  outer loop
    vertex 29.3336123689097 270.983358437323 24.80096818465
    vertex 31.9698510334705 277.31867739186 24.801280242075
    vertex 31.8335543386268 276.28340121145 24.801280242075
  endloop
endfacet
facet normal 2.30411196179374e-006 -1.89842892851108e-006 -0.999999999995544
  outer loop
    vertex 31.9698510334705 277.31867739186 24.801280242075
    vertex 33.0335795536613 282.98301123178 24.80129673041
    vertex 32.369452723489 278.28340121145 24.801280242075
  endloop
endfacet
facet normal 2.30411196179374e-006 -1.89842892851108e-006 -0.999999999995544
  outer loop
    vertex 32.369452723489 278.28340121145 24.801280242075
    vertex 33.0335795536613 282.98301123178 24.80129673041
    vertex 33.0051272138806 279.111828336196 24.801280242075
  endloop
endfacet
facet normal 2.30411196179374e-006 -1.89842892851108e-006 -0.999999999995544
  outer loop
    vertex 33.0051272138806 279.111828336196 24.801280242075
    vertex 33.0335795536613 282.98301123178 24.80129673041
    vertex 33.8335543386268 279.747502826588 24.801280242075
  endloop
endfacet
facet normal 2.30411196179374e-006 -1.89842892851108e-006 -0.999999999995544
  outer loop
    vertex 33.8335543386268 279.747502826588 24.801280242075
    vertex 33.0335795536613 282.98301123178 24.80129673041
    vertex 40.2335538550085 282.983401445046 24.7999999986638
  endloop
endfacet
facet normal 2.30411196179374e-006 -1.89842892851108e-006 -0.999999999995544
  outer loop
    vertex 33.8335543386268 279.747502826588 24.801280242075
    vertex 40.2335538550085 282.983401445046 24.7999999986638
    vertex 34.7982781582167 280.147104516606 24.801280242075
  endloop
endfacet
facet normal 2.30411196179374e-006 -1.89842892851108e-006 -0.999999999995544
  outer loop
    vertex 34.7982781582167 280.147104516606 24.801280242075
    vertex 40.2335538550085 282.983401445046 24.7999999986638
    vertex 35.8335543386268 280.28340121145 24.801280242075
  endloop
endfacet
facet normal 2.30411196179374e-006 -1.89842892851108e-006 -0.999999999995544
  outer loop
    vertex 35.8335543386268 280.28340121145 24.801280242075
    vertex 40.2335538550085 282.983401445046 24.7999999986638
    vertex 36.8688305190368 280.147104516606 24.801280242075
  endloop
endfacet
facet normal 2.30411196179374e-006 -1.89842892851108e-006 -0.999999999995544
  outer loop
    vertex 36.8688305190368 280.147104516606 24.801280242075
    vertex 40.2335538550085 282.983401445046 24.7999999986638
    vertex 37.8335543386268 279.747502826588 24.801280242075
  endloop
endfacet
facet normal 2.30411196179374e-006 -1.89842892851108e-006 -0.999999999995544
  outer loop
    vertex 37.8335543386268 279.747502826588 24.801280242075
    vertex 40.2335538550085 282.983401445046 24.7999999986638
    vertex 38.6619814633729 279.111828336196 24.801280242075
  endloop
endfacet
facet normal 2.30411196179374e-006 -1.89842892851108e-006 -0.999999999995544
  outer loop
    vertex 38.6619814633729 279.111828336196 24.801280242075
    vertex 40.2335538550085 282.983401445046 24.7999999986638
    vertex 39.2976559537645 278.28340121145 24.801280242075
  endloop
endfacet
facet normal 2.30411196179374e-006 -1.89842892851108e-006 -0.999999999995544
  outer loop
    vertex 39.2976559537645 278.28340121145 24.801280242075
    vertex 40.2335538550085 282.983401445046 24.7999999986638
    vertex 39.697257643783 277.31867739186 24.801280242075
  endloop
endfacet
facet normal 2.30411196179374e-006 -1.89842892851108e-006 -0.999999999995544
  outer loop
    vertex 39.697257643783 277.31867739186 24.801280242075
    vertex 40.2335538550085 282.983401445046 24.7999999986638
    vertex 39.8335543386268 276.28340121145 24.801280242075
  endloop
endfacet
facet normal 2.30411196179374e-006 -1.89842892851108e-006 -0.999999999995544
  outer loop
    vertex 41.3336123680022 274.983358437309 24.8008127663513
    vertex 41.333612368009 276.983358437296 24.8008054843396
    vertex 61.333612368002 274.983358437309 24.8008127663513
  endloop
endfacet
facet normal 2.30411196179374e-006 -1.89842892851108e-006 -0.999999999995544
  outer loop
    vertex 41.333612368009 276.983358437296 24.8008054843396
    vertex 41.3336123680022 274.983358437309 24.8008127663513
    vertex 41.333612368009 278.983358437296 24.8008054843396
  endloop
endfacet
facet normal 2.30411196179374e-006 -1.89842892851108e-006 -0.999999999995544
  outer loop
    vertex 61.333612368002 274.983358437309 24.8008127663513
    vertex 41.333612368009 276.983358437296 24.8008054843396
    vertex 61.3336123680084 276.983358437297 24.8008042597271
  endloop
endfacet
facet normal 2.30411196179374e-006 -1.89842892851108e-006 -0.999999999995544
  outer loop
    vertex 41.3336123641643 280.983401477646 24.8008889144148
    vertex 41.333612368009 278.983358437296 24.8008054843396
    vertex 41.3336123680022 274.983358437309 24.8008127663513
  endloop
endfacet
facet normal 2.30411196179374e-006 -1.89842892851108e-006 -0.999999999995544
  outer loop
    vertex 41.333612368009 278.983358437296 24.8008054843396
    vertex 41.3336123641643 280.983401477646 24.8008889144148
    vertex 61.3336123641637 280.983401477646 24.8008876898022
  endloop
endfacet
facet normal 2.30411196179374e-006 -1.89842892851108e-006 -0.999999999995544
  outer loop
    vertex 41.333612368009 278.983358437296 24.8008054843396
    vertex 61.3336123641637 280.983401477646 24.8008876898022
    vertex 61.3336123680089 278.983358437296 24.8008054843396
  endloop
endfacet
facet normal 2.30411196179374e-006 -1.89842892851108e-006 -0.999999999995544
  outer loop
    vertex 61.3336123680089 278.983358437296 24.8008054843396
    vertex 61.3336123641637 280.983401477646 24.8008876898022
    vertex 61.3336123641642 282.983401477646 24.8008889144148
  endloop
endfacet
facet normal 2.30411196179374e-006 -1.89842892851108e-006 -0.999999999995544
  outer loop
    vertex 61.3336123680089 278.983358437296 24.8008054843396
    vertex 61.3336123641642 282.983401477646 24.8008889144148
    vertex 62.4335548290684 282.983401479345 24.8010230327128
  endloop
endfacet
facet normal 2.30411196179374e-006 -1.89842892851108e-006 -0.999999999995544
  outer loop
    vertex 29.2335971926317 242.383369773406 24.8012674481075
    vertex 29.3336123716095 250.583358437475 24.8009560836511
    vertex 33.0335795536613 238.583368251369 24.80129673041
  endloop
endfacet
facet normal 2.30411196179374e-006 -1.89842892851108e-006 -0.999999999995544
  outer loop
    vertex 29.3336123716095 250.583358437475 24.8009560836511
    vertex 29.2335971926317 242.383369773406 24.8012674481075
    vertex 29.3336123695846 264.383358437361 24.8009651594003
  endloop
endfacet
facet normal 2.30411196179374e-006 -1.89842892851108e-006 -0.999999999995544
  outer loop
    vertex 29.3336123695846 264.383358437361 24.8009651594003
    vertex 29.2335971926317 242.383369773406 24.8012674481075
    vertex 29.3336123689097 268.983358437323 24.80096818465
  endloop
endfacet
facet normal 2.30411196179374e-006 -1.89842892851108e-006 -0.999999999995544
  outer loop
    vertex 29.3336123689097 268.983358437323 24.80096818465
    vertex 29.2335971926317 242.383369773406 24.8012674481075
    vertex 29.3336123689097 270.983358437323 24.80096818465
  endloop
endfacet
facet normal 2.30411196179374e-006 -1.89842892851108e-006 -0.999999999995544
  outer loop
    vertex 29.3336123695846 264.383358437361 24.8009651594003
    vertex 29.3336123689097 268.983358437323 24.80096818465
    vertex 29.3336123695846 266.383358437361 24.8009651594003
  endloop
endfacet
facet normal 2.30411196179374e-006 -1.89842892851108e-006 -0.999999999995544
  outer loop
    vertex 29.3336123716095 250.583358437475 24.8009560836511
    vertex 29.3336123695846 264.383358437361 24.8009651594003
    vertex 29.3336123702814 259.783358437399 24.8009621341506
  endloop
endfacet
facet normal 2.30411196179374e-006 -1.89842892851108e-006 -0.999999999995544
  outer loop
    vertex 29.3336123702814 259.783358437399 24.8009621341506
    vertex 29.3336123695846 264.383358437361 24.8009651594003
    vertex 29.3336123702814 261.783358437399 24.8009621341506
  endloop
endfacet
facet normal 2.30411196179374e-006 -1.89842892851108e-006 -0.999999999995544
  outer loop
    vertex 29.3336123716095 250.583358437475 24.8009560836511
    vertex 29.3336123702814 259.783358437399 24.8009621341506
    vertex 29.3336123716095 252.583358437475 24.8009560836511
  endloop
endfacet
facet normal 2.30411196179374e-006 -1.89842892851108e-006 -0.999999999995544
  outer loop
    vertex 33.0335795536613 238.583368251369 24.80129673041
    vertex 29.3336123716095 250.583358437475 24.8009560836511
    vertex 31.9698510334294 244.248125031041 24.8012802420622
  endloop
endfacet
facet normal 2.30411196179374e-006 -1.89842892851108e-006 -0.999999999995544
  outer loop
    vertex 31.9698510334294 244.248125031041 24.8012802420622
    vertex 29.3336123716095 250.583358437475 24.8009560836511
    vertex 31.8335543385857 245.283401211451 24.8012802420622
  endloop
endfacet
facet normal 2.30411196179374e-006 -1.89842892851108e-006 -0.999999999995544
  outer loop
    vertex 33.0335795536613 238.583368251369 24.80129673041
    vertex 31.9698510334294 244.248125031041 24.8012802420622
    vertex 32.3694527234479 243.283401211451 24.8012802420622
  endloop
endfacet
facet normal 2.30411196179374e-006 -1.89842892851108e-006 -0.999999999995544
  outer loop
    vertex 33.0335795536613 238.583368251369 24.80129673041
    vertex 32.3694527234479 243.283401211451 24.8012802420622
    vertex 33.0051272138395 242.454974086705 24.8012802420622
  endloop
endfacet
facet normal 2.30411196179374e-006 -1.89842892851108e-006 -0.999999999995544
  outer loop
    vertex 33.0335795536613 238.583368251369 24.80129673041
    vertex 33.0051272138395 242.454974086705 24.8012802420622
    vertex 33.8335543385857 241.819299596313 24.8012802420622
  endloop
endfacet
facet normal 2.30411196179374e-006 -1.89842892851108e-006 -0.999999999995544
  outer loop
    vertex 33.0335795536613 238.583368251369 24.80129673041
    vertex 33.8335543385857 241.819299596313 24.8012802420622
    vertex 41.3336123706952 238.583358437475 24.800807947364
  endloop
endfacet
facet normal 2.30411196179374e-006 -1.89842892851108e-006 -0.999999999995544
  outer loop
    vertex 41.3336123706952 238.583358437475 24.800807947364
    vertex 33.8335543385857 241.819299596313 24.8012802420622
    vertex 34.7982781581756 241.419697906295 24.8012802420622
  endloop
endfacet
facet normal 2.30411196179374e-006 -1.89842892851108e-006 -0.999999999995544
  outer loop
    vertex 41.3336123706952 238.583358437475 24.800807947364
    vertex 34.7982781581756 241.419697906295 24.8012802420622
    vertex 35.8335543385857 241.283401211451 24.8012802420622
  endloop
endfacet
facet normal 2.30411196179374e-006 -1.89842892851108e-006 -0.999999999995544
  outer loop
    vertex 41.3336123706952 238.583358437475 24.800807947364
    vertex 35.8335543385857 241.283401211451 24.8012802420622
    vertex 36.8688305189957 241.419697906295 24.8012802420622
  endloop
endfacet
facet normal 2.30411196179374e-006 -1.89842892851108e-006 -0.999999999995544
  outer loop
    vertex 41.3336123706952 238.583358437475 24.800807947364
    vertex 36.8688305189957 241.419697906295 24.8012802420622
    vertex 37.8335543385857 241.819299596313 24.8012802420622
  endloop
endfacet
facet normal 2.30411196179374e-006 -1.89842892851108e-006 -0.999999999995544
  outer loop
    vertex 41.3336123706952 238.583358437475 24.800807947364
    vertex 37.8335543385857 241.819299596313 24.8012802420622
    vertex 38.6619814633318 242.454974086705 24.8012802420622
  endloop
endfacet
facet normal 2.30411196179374e-006 -1.89842892851108e-006 -0.999999999995544
  outer loop
    vertex 41.3336123706952 238.583358437475 24.800807947364
    vertex 38.6619814633318 242.454974086705 24.8012802420622
    vertex 39.2976559537234 243.283401211451 24.8012802420622
  endloop
endfacet
facet normal 2.30411196179374e-006 -1.89842892851108e-006 -0.999999999995544
  outer loop
    vertex 41.3336123706952 238.583358437475 24.800807947364
    vertex 39.2976559537234 243.283401211451 24.8012802420622
    vertex 39.6972576437419 244.248125031041 24.8012802420622
  endloop
endfacet
facet normal 2.30411196179374e-006 -1.89842892851108e-006 -0.999999999995544
  outer loop
    vertex 41.3336123706952 238.583358437475 24.800807947364
    vertex 39.6972576437419 244.248125031041 24.8012802420622
    vertex 39.8335543385857 245.283401211451 24.8012802420622
  endloop
endfacet
facet normal 2.30411196179374e-006 -1.89842892851108e-006 -0.999999999995544
  outer loop
    vertex 41.3336123706952 238.583358437475 24.800807947364
    vertex 39.8335543385857 245.283401211451 24.8012802420622
    vertex 41.3336123706952 248.583358437475 24.800807947364
  endloop
endfacet
facet normal 2.30411196179374e-006 -1.89842892851108e-006 -0.999999999995544
  outer loop
    vertex 41.3336123706952 238.583358437475 24.800807947364
    vertex 41.3336123706952 248.583358437475 24.800807947364
    vertex 41.3336123706952 246.583358437475 24.800807947364
  endloop
endfacet
facet normal 2.30411196179374e-006 -1.89842892851108e-006 -0.999999999995544
  outer loop
    vertex 41.3336123706952 238.583358437475 24.800807947364
    vertex 41.3336123706952 246.583358437475 24.800807947364
    vertex 41.3336123706952 244.583358437475 24.800807947364
  endloop
endfacet
facet normal 2.30411196179374e-006 -1.89842892851108e-006 -0.999999999995544
  outer loop
    vertex 41.3336123706952 238.583358437475 24.800807947364
    vertex 41.3336123706952 244.583358437475 24.800807947364
    vertex 41.3336123706952 242.583358437475 24.800807947364
  endloop
endfacet
facet normal 2.30411196179374e-006 -1.89842892851108e-006 -0.999999999995544
  outer loop
    vertex 41.3336123706952 238.583358437475 24.800807947364
    vertex 41.3336123706952 242.583358437475 24.800807947364
    vertex 41.3336123706952 240.583358437475 24.800807947364
  endloop
endfacet
facet normal 2.30411196179374e-006 -1.89842892851108e-006 -0.999999999995544
  outer loop
    vertex 29.3336123716095 250.583358437475 24.8009560836511
    vertex 31.9698510334294 246.318677391861 24.8012802420622
    vertex 31.8335543385857 245.283401211451 24.8012802420622
  endloop
endfacet
facet normal 2.30411196179374e-006 -1.89842892851108e-006 -0.999999999995544
  outer loop
    vertex 31.9698510334294 246.318677391861 24.8012802420622
    vertex 29.3336123716095 250.583358437475 24.8009560836511
    vertex 32.3694527234479 247.283401211451 24.8012802420622
  endloop
endfacet
facet normal 2.30411196179374e-006 -1.89842892851108e-006 -0.999999999995544
  outer loop
    vertex 32.3694527234479 247.283401211451 24.8012802420622
    vertex 29.3336123716095 250.583358437475 24.8009560836511
    vertex 33.0051272138395 248.111828336197 24.8012802420622
  endloop
endfacet
facet normal 2.30411196179374e-006 -1.89842892851108e-006 -0.999999999995544
  outer loop
    vertex 33.0051272138395 248.111828336197 24.8012802420622
    vertex 29.3336123716095 250.583358437475 24.8009560836511
    vertex 33.8335543385857 248.747502826589 24.8012802420622
  endloop
endfacet
facet normal 2.30411196179374e-006 -1.89842892851108e-006 -0.999999999995544
  outer loop
    vertex 33.8335543385857 248.747502826589 24.8012802420622
    vertex 29.3336123716095 250.583358437475 24.8009560836511
    vertex 34.7982781581756 249.147104516607 24.8012802420622
  endloop
endfacet
facet normal 2.30411196179374e-006 -1.89842892851108e-006 -0.999999999995544
  outer loop
    vertex 34.7982781581756 249.147104516607 24.8012802420622
    vertex 29.3336123716095 250.583358437475 24.8009560836511
    vertex 35.8335543385857 249.283401211451 24.8012802420622
  endloop
endfacet
facet normal 2.30411196179374e-006 -1.89842892851108e-006 -0.999999999995544
  outer loop
    vertex 35.8335543385857 249.283401211451 24.8012802420622
    vertex 29.3336123716095 250.583358437475 24.8009560836511
    vertex 73.3336123697802 250.583358437533 24.8006585864647
  endloop
endfacet
facet normal 2.30411196179374e-006 -1.89842892851108e-006 -0.999999999995544
  outer loop
    vertex 35.8335543385857 249.283401211451 24.8012802420622
    vertex 73.3336123697802 250.583358437533 24.8006585864647
    vertex 36.8688305189958 249.147104516607 24.8012802420622
  endloop
endfacet
facet normal 2.30411196179374e-006 -1.89842892851108e-006 -0.999999999995544
  outer loop
    vertex 36.8688305189958 249.147104516607 24.8012802420622
    vertex 73.3336123697802 250.583358437533 24.8006585864647
    vertex 37.8335543385857 248.747502826589 24.8012802420622
  endloop
endfacet
facet normal 2.30411196179374e-006 -1.89842892851108e-006 -0.999999999995544
  outer loop
    vertex 37.8335543385857 248.747502826589 24.8012802420622
    vertex 73.3336123697802 250.583358437533 24.8006585864647
    vertex 41.3336123706952 248.583358437475 24.800807947364
  endloop
endfacet
facet normal 2.30411196179374e-006 -1.89842892851108e-006 -0.999999999995544
  outer loop
    vertex 37.8335543385857 248.747502826589 24.8012802420622
    vertex 41.3336123706952 248.583358437475 24.800807947364
    vertex 38.6619814633318 248.111828336197 24.8012802420622
  endloop
endfacet
facet normal 2.30411196179374e-006 -1.89842892851108e-006 -0.999999999995544
  outer loop
    vertex 38.6619814633318 248.111828336197 24.8012802420622
    vertex 41.3336123706952 248.583358437475 24.800807947364
    vertex 39.2976559537234 247.283401211451 24.8012802420622
  endloop
endfacet
facet normal 2.30411196179374e-006 -1.89842892851108e-006 -0.999999999995544
  outer loop
    vertex 39.2976559537234 247.283401211451 24.8012802420622
    vertex 41.3336123706952 248.583358437475 24.800807947364
    vertex 39.6972576437419 246.318677391861 24.8012802420622
  endloop
endfacet
facet normal 2.30411196179374e-006 -1.89842892851108e-006 -0.999999999995544
  outer loop
    vertex 39.6972576437419 246.318677391861 24.8012802420622
    vertex 41.3336123706952 248.583358437475 24.800807947364
    vertex 39.8335543385857 245.283401211451 24.8012802420622
  endloop
endfacet
facet normal 2.30411196179374e-006 -1.89842892851108e-006 -0.999999999995544
  outer loop
    vertex 41.3336123706952 248.583358437475 24.800807947364
    vertex 73.3336123697802 250.583358437533 24.8006585864647
    vertex 61.333612370695 248.583358437475 24.800807947364
  endloop
endfacet
facet normal 2.30411196179374e-006 -1.89842892851108e-006 -0.999999999995544
  outer loop
    vertex 61.333612370695 248.583358437475 24.800807947364
    vertex 73.3336123697802 250.583358437533 24.8006585864647
    vertex 65.7982773713872 249.147105050661 24.8010334452878
  endloop
endfacet
facet normal 2.30411196179374e-006 -1.89842892851108e-006 -0.999999999995544
  outer loop
    vertex 61.333612370695 248.583358437475 24.800807947364
    vertex 65.7982773713872 249.147105050661 24.8010334452878
    vertex 64.8335535517973 248.747503360643 24.8010334452878
  endloop
endfacet
facet normal 2.30411196179374e-006 -1.89842892851108e-006 -0.999999999995544
  outer loop
    vertex 61.333612370695 248.583358437475 24.800807947364
    vertex 64.8335535517973 248.747503360643 24.8010334452878
    vertex 64.0051264270511 248.111828870251 24.8010334452878
  endloop
endfacet
facet normal 2.30411196179374e-006 -1.89842892851108e-006 -0.999999999995544
  outer loop
    vertex 61.333612370695 248.583358437475 24.800807947364
    vertex 64.0051264270511 248.111828870251 24.8010334452878
    vertex 63.3694519366596 247.283401745505 24.8010334452878
  endloop
endfacet
facet normal 2.30411196179374e-006 -1.89842892851108e-006 -0.999999999995544
  outer loop
    vertex 61.333612370695 248.583358437475 24.800807947364
    vertex 63.3694519366596 247.283401745505 24.8010334452878
    vertex 61.333612370695 244.583358437475 24.800807947364
  endloop
endfacet
facet normal 2.30411196179374e-006 -1.89842892851108e-006 -0.999999999995544
  outer loop
    vertex 61.333612370695 244.583358437475 24.800807947364
    vertex 63.3694519366596 247.283401745505 24.8010334452878
    vertex 62.9698502466411 246.318677925915 24.8010334452878
  endloop
endfacet
facet normal 2.30411196179374e-006 -1.89842892851108e-006 -0.999999999995544
  outer loop
    vertex 61.333612370695 244.583358437475 24.800807947364
    vertex 62.9698502466411 246.318677925915 24.8010334452878
    vertex 61.333612370695 240.583358437475 24.800807947364
  endloop
endfacet
facet normal 2.30411196179374e-006 -1.89842892851108e-006 -0.999999999995544
  outer loop
    vertex 61.333612370695 240.583358437475 24.800807947364
    vertex 62.9698502466411 246.318677925915 24.8010334452878
    vertex 62.8335535517973 245.283401745505 24.8010334452878
  endloop
endfacet
facet normal 2.30411196179374e-006 -1.89842892851108e-006 -0.999999999995544
  outer loop
    vertex 65.7982773713872 249.147105050661 24.8010334452878
    vertex 73.3336123697802 250.583358437533 24.8006585864647
    vertex 66.8335535517973 249.283401745505 24.8010334452878
  endloop
endfacet
facet normal 2.30411196179374e-006 -1.89842892851108e-006 -0.999999999995544
  outer loop
    vertex 66.8335535517973 249.283401745505 24.8010334452878
    vertex 73.3336123697802 250.583358437533 24.8006585864647
    vertex 67.8688297322074 249.147105050661 24.8010334452878
  endloop
endfacet
facet normal 2.30411196179374e-006 -1.89842892851108e-006 -0.999999999995544
  outer loop
    vertex 67.8688297322074 249.147105050661 24.8010334452878
    vertex 73.3336123697802 250.583358437533 24.8006585864647
    vertex 68.8335535517973 248.747503360643 24.8010334452878
  endloop
endfacet
facet normal 2.30411196179374e-006 -1.89842892851108e-006 -0.999999999995544
  outer loop
    vertex 68.8335535517973 248.747503360643 24.8010334452878
    vertex 73.3336123697802 250.583358437533 24.8006585864647
    vertex 69.6619806765435 248.111828870251 24.8010334452878
  endloop
endfacet
facet normal 2.30411196179374e-006 -1.89842892851108e-006 -0.999999999995544
  outer loop
    vertex 69.6619806765435 248.111828870251 24.8010334452878
    vertex 73.3336123697802 250.583358437533 24.8006585864647
    vertex 70.2976551669351 247.283401745505 24.8010334452878
  endloop
endfacet
facet normal 2.30411196179374e-006 -1.89842892851108e-006 -0.999999999995544
  outer loop
    vertex 70.2976551669351 247.283401745505 24.8010334452878
    vertex 73.3336123697802 250.583358437533 24.8006585864647
    vertex 70.6972568569536 246.318677925915 24.8010334452878
  endloop
endfacet
facet normal 2.30411196179374e-006 -1.89842892851108e-006 -0.999999999995544
  outer loop
    vertex 70.6972568569536 246.318677925915 24.8010334452878
    vertex 73.3336123697802 250.583358437533 24.8006585864647
    vertex 70.8335535517973 245.283401745505 24.8010334452878
  endloop
endfacet
facet normal 2.30411196179374e-006 -1.89842892851108e-006 -0.999999999995544
  outer loop
    vertex 29.3336123716095 252.583358437475 24.8009560836511
    vertex 29.3336123716122 255.183358437473 24.8009549445937
    vertex 73.3336123697807 252.583358437533 24.8006598110772
  endloop
endfacet
facet normal 2.30411196179374e-006 -1.89842892851108e-006 -0.999999999995544
  outer loop
    vertex 29.3336123716122 255.183358437473 24.8009549445937
    vertex 29.3336123716095 252.583358437475 24.8009560836511
    vertex 29.3336123716122 257.183358437473 24.8009549445937
  endloop
endfacet
facet normal 2.30411196179374e-006 -1.89842892851108e-006 -0.999999999995544
  outer loop
    vertex 73.3336123697807 252.583358437533 24.8006598110772
    vertex 29.3336123716122 255.183358437473 24.8009549445937
    vertex 73.3336123697828 255.183358437531 24.8006574474074
  endloop
endfacet
facet normal 2.30411196179374e-006 -1.89842892851108e-006 -0.999999999995544
  outer loop
    vertex 62.4335548290684 282.983401479345 24.8010230327128
    vertex 62.9698502466844 277.318677925907 24.8011212225115
    vertex 62.8335535518407 276.283401745497 24.8011212225115
  endloop
endfacet
facet normal 2.30411196179374e-006 -1.89842892851108e-006 -0.999999999995544
  outer loop
    vertex 62.9698502466844 277.318677925907 24.8011212225115
    vertex 62.4335548290684 282.983401479345 24.8010230327128
    vertex 63.3694519367029 278.283401745497 24.8011212225115
  endloop
endfacet
facet normal 2.30411196179374e-006 -1.89842892851108e-006 -0.999999999995544
  outer loop
    vertex 63.3694519367029 278.283401745497 24.8011212225115
    vertex 62.4335548290684 282.983401479345 24.8010230327128
    vertex 64.0051264270945 279.111828870243 24.8011212225115
  endloop
endfacet
facet normal 2.30411196179374e-006 -1.89842892851108e-006 -0.999999999995544
  outer loop
    vertex 64.0051264270945 279.111828870243 24.8011212225115
    vertex 62.4335548290684 282.983401479345 24.8010230327128
    vertex 64.8335535518407 279.747503360634 24.8011212225115
  endloop
endfacet
facet normal 2.30411196179374e-006 -1.89842892851108e-006 -0.999999999995544
  outer loop
    vertex 64.8335535518407 279.747503360634 24.8011212225115
    vertex 62.4335548290684 282.983401479345 24.8010230327128
    vertex 69.6336453102194 282.98301123178 24.8012802421751
  endloop
endfacet
facet normal 2.30411196179374e-006 -1.89842892851108e-006 -0.999999999995544
  outer loop
    vertex 64.8335535518407 279.747503360634 24.8011212225115
    vertex 69.6336453102194 282.98301123178 24.8012802421751
    vertex 65.7982773714306 280.147105050653 24.8011212225115
  endloop
endfacet
facet normal 2.30411196179374e-006 -1.89842892851108e-006 -0.999999999995544
  outer loop
    vertex 65.7982773714306 280.147105050653 24.8011212225115
    vertex 69.6336453102194 282.98301123178 24.8012802421751
    vertex 66.8335535518407 280.283401745497 24.8011212225115
  endloop
endfacet
facet normal 2.30411196179374e-006 -1.89842892851108e-006 -0.999999999995544
  outer loop
    vertex 66.8335535518407 280.283401745497 24.8011212225115
    vertex 69.6336453102194 282.98301123178 24.8012802421751
    vertex 67.8688297322507 280.147105050653 24.8011212225115
  endloop
endfacet
facet normal 2.30411196179374e-006 -1.89842892851108e-006 -0.999999999995544
  outer loop
    vertex 67.8688297322507 280.147105050653 24.8011212225115
    vertex 69.6336453102194 282.98301123178 24.8012802421751
    vertex 68.8335535518407 279.747503360634 24.8011212225115
  endloop
endfacet
facet normal 2.30411196179374e-006 -1.89842892851108e-006 -0.999999999995544
  outer loop
    vertex 68.8335535518407 279.747503360634 24.8011212225115
    vertex 69.6336453102194 282.98301123178 24.8012802421751
    vertex 69.6619806765869 279.111828870243 24.8011212225115
  endloop
endfacet
facet normal 2.30411196179374e-006 -1.89842892851108e-006 -0.999999999995544
  outer loop
    vertex 69.6619806765869 279.111828870243 24.8011212225115
    vertex 69.6336453102194 282.98301123178 24.8012802421751
    vertex 73.433627671249 279.183009709742 24.8012509598726
  endloop
endfacet
facet normal 2.30411196179374e-006 -1.89842892851108e-006 -0.999999999995544
  outer loop
    vertex 69.6619806765869 279.111828870243 24.8011212225115
    vertex 73.433627671249 279.183009709742 24.8012509598726
    vertex 70.2976551669784 278.283401745497 24.8011212225115
  endloop
endfacet
facet normal 2.30411196179374e-006 -1.89842892851108e-006 -0.999999999995544
  outer loop
    vertex 70.2976551669784 278.283401745497 24.8011212225115
    vertex 73.433627671249 279.183009709742 24.8012509598726
    vertex 70.6972568569969 277.318677925907 24.8011212225115
  endloop
endfacet
facet normal 2.30411196179374e-006 -1.89842892851108e-006 -0.999999999995544
  outer loop
    vertex 70.6972568569969 277.318677925907 24.8011212225115
    vertex 73.433627671249 279.183009709742 24.8012509598726
    vertex 70.8335535518407 276.283401745497 24.8011212225115
  endloop
endfacet
facet normal 2.30411196179374e-006 -1.89842892851108e-006 -0.999999999995544
  outer loop
    vertex 70.8335535518407 276.283401745497 24.8011212225115
    vertex 73.433627671249 279.183009709742 24.8012509598726
    vertex 73.3336123670809 270.983358437381 24.8006719120762
  endloop
endfacet
facet normal 2.30411196179374e-006 -1.89842892851108e-006 -0.999999999995544
  outer loop
    vertex 73.3336123670809 270.983358437381 24.8006719120762
    vertex 73.433627671249 279.183009709742 24.8012509598726
    vertex 73.3336123677558 266.383358437419 24.8006688868265
  endloop
endfacet
facet normal 2.30411196179374e-006 -1.89842892851108e-006 -0.999999999995544
  outer loop
    vertex 73.3336123677558 266.383358437419 24.8006688868265
    vertex 73.433627671249 279.183009709742 24.8012509598726
    vertex 73.3336123684308 261.783358437457 24.8006658615767
  endloop
endfacet
facet normal 2.30411196179374e-006 -1.89842892851108e-006 -0.999999999995544
  outer loop
    vertex 73.3336123684308 261.783358437457 24.8006658615767
    vertex 73.433627671249 279.183009709742 24.8012509598726
    vertex 73.3336123697833 257.183358437531 24.8006586720199
  endloop
endfacet
facet normal 2.30411196179374e-006 -1.89842892851108e-006 -0.999999999995544
  outer loop
    vertex 73.3336123697833 257.183358437531 24.8006586720199
    vertex 73.433627671249 279.183009709742 24.8012509598726
    vertex 73.4336276712489 242.383369773406 24.8012509598726
  endloop
endfacet
facet normal 2.30411196179374e-006 -1.89842892851108e-006 -0.999999999995544
  outer loop
    vertex 61.333612370695 240.583358437475 24.800807947364
    vertex 69.6336453102194 238.583368251369 24.8012802421751
    vertex 61.3336123706945 238.583358437476 24.8008067227515
  endloop
endfacet
facet normal 2.30411196179374e-006 -1.89842892851108e-006 -0.999999999995544
  outer loop
    vertex 69.6336453102194 238.583368251369 24.8012802421751
    vertex 61.333612370695 240.583358437475 24.800807947364
    vertex 64.8335535517973 241.819300130367 24.8010334452878
  endloop
endfacet
facet normal 2.30411196179374e-006 -1.89842892851108e-006 -0.999999999995544
  outer loop
    vertex 64.8335535517973 241.819300130367 24.8010334452878
    vertex 61.333612370695 240.583358437475 24.800807947364
    vertex 64.0051264270511 242.454974620759 24.8010334452878
  endloop
endfacet
facet normal 2.30411196179374e-006 -1.89842892851108e-006 -0.999999999995544
  outer loop
    vertex 64.0051264270511 242.454974620759 24.8010334452878
    vertex 61.333612370695 240.583358437475 24.800807947364
    vertex 63.3694519366596 243.283401745505 24.8010334452878
  endloop
endfacet
facet normal 2.30411196179374e-006 -1.89842892851108e-006 -0.999999999995544
  outer loop
    vertex 63.3694519366596 243.283401745505 24.8010334452878
    vertex 61.333612370695 240.583358437475 24.800807947364
    vertex 62.9698502466411 244.248125565095 24.8010334452878
  endloop
endfacet
facet normal 2.30411196179374e-006 -1.89842892851108e-006 -0.999999999995544
  outer loop
    vertex 62.9698502466411 244.248125565095 24.8010334452878
    vertex 61.333612370695 240.583358437475 24.800807947364
    vertex 62.8335535517973 245.283401745505 24.8010334452878
  endloop
endfacet
facet normal 2.30411196179374e-006 -1.89842892851108e-006 -0.999999999995544
  outer loop
    vertex 69.6336453102194 238.583368251369 24.8012802421751
    vertex 64.8335535517973 241.819300130367 24.8010334452878
    vertex 65.7982773713872 241.419698440349 24.8010334452878
  endloop
endfacet
facet normal 2.30411196179374e-006 -1.89842892851108e-006 -0.999999999995544
  outer loop
    vertex 69.6336453102194 238.583368251369 24.8012802421751
    vertex 65.7982773713872 241.419698440349 24.8010334452878
    vertex 66.8335535517973 241.283401745505 24.8010334452878
  endloop
endfacet
facet normal 2.30411196179374e-006 -1.89842892851108e-006 -0.999999999995544
  outer loop
    vertex 69.6336453102194 238.583368251369 24.8012802421751
    vertex 66.8335535517973 241.283401745505 24.8010334452878
    vertex 67.8688297322074 241.419698440349 24.8010334452878
  endloop
endfacet
facet normal 2.30411196179374e-006 -1.89842892851108e-006 -0.999999999995544
  outer loop
    vertex 69.6336453102194 238.583368251369 24.8012802421751
    vertex 67.8688297322074 241.419698440349 24.8010334452878
    vertex 68.8335535517973 241.819300130367 24.8010334452878
  endloop
endfacet
facet normal 2.30411196179374e-006 -1.89842892851108e-006 -0.999999999995544
  outer loop
    vertex 69.6336453102194 238.583368251369 24.8012802421751
    vertex 68.8335535517973 241.819300130367 24.8010334452878
    vertex 69.6619806765435 242.454974620759 24.8010334452878
  endloop
endfacet
facet normal 2.30411196179374e-006 -1.89842892851108e-006 -0.999999999995544
  outer loop
    vertex 69.6336453102194 238.583368251369 24.8012802421751
    vertex 69.6619806765435 242.454974620759 24.8010334452878
    vertex 73.4336276712489 242.383369773406 24.8012509598726
  endloop
endfacet
facet normal 2.30411196179374e-006 -1.89842892851108e-006 -0.999999999995544
  outer loop
    vertex 73.4336276712489 242.383369773406 24.8012509598726
    vertex 69.6619806765435 242.454974620759 24.8010334452878
    vertex 70.2976551669351 243.283401745505 24.8010334452878
  endloop
endfacet
facet normal 2.30411196179374e-006 -1.89842892851108e-006 -0.999999999995544
  outer loop
    vertex 73.4336276712489 242.383369773406 24.8012509598726
    vertex 70.2976551669351 243.283401745505 24.8010334452878
    vertex 70.6972568569536 244.248125565095 24.8010334452878
  endloop
endfacet
facet normal 2.30411196179374e-006 -1.89842892851108e-006 -0.999999999995544
  outer loop
    vertex 73.4336276712489 242.383369773406 24.8012509598726
    vertex 70.6972568569536 244.248125565095 24.8010334452878
    vertex 70.8335535517973 245.283401745505 24.8010334452878
  endloop
endfacet
facet normal 2.30411196179374e-006 -1.89842892851108e-006 -0.999999999995544
  outer loop
    vertex 73.4336276712489 242.383369773406 24.8012509598726
    vertex 70.8335535517973 245.283401745505 24.8010334452878
    vertex 73.3336123697802 250.583358437533 24.8006585864647
  endloop
endfacet
facet normal 2.30411196179374e-006 -1.89842892851108e-006 -0.999999999995544
  outer loop
    vertex 73.4336276712489 242.383369773406 24.8012509598726
    vertex 73.3336123697802 250.583358437533 24.8006585864647
    vertex 73.3336123697807 252.583358437533 24.8006598110772
  endloop
endfacet
facet normal 2.30411196179374e-006 -1.89842892851108e-006 -0.999999999995544
  outer loop
    vertex 73.4336276712489 242.383369773406 24.8012509598726
    vertex 73.3336123697807 252.583358437533 24.8006598110772
    vertex 73.3336123697828 255.183358437531 24.8006574474074
  endloop
endfacet
facet normal 2.30411196179374e-006 -1.89842892851108e-006 -0.999999999995544
  outer loop
    vertex 73.4336276712489 242.383369773406 24.8012509598726
    vertex 73.3336123697828 255.183358437531 24.8006574474074
    vertex 73.3336123697833 257.183358437531 24.8006586720199
  endloop
endfacet
facet normal 2.30411196179374e-006 -1.89842892851108e-006 -0.999999999995544
  outer loop
    vertex 29.3336123702814 259.783358437399 24.8009621341506
    vertex 29.3336123716122 257.183358437473 24.8009549445937
    vertex 29.3336123716095 252.583358437475 24.8009560836511
  endloop
endfacet
facet normal 2.30411196179374e-006 -1.89842892851108e-006 -0.999999999995544
  outer loop
    vertex 29.3336123716122 257.183358437473 24.8009549445937
    vertex 29.3336123702814 259.783358437399 24.8009621341506
    vertex 73.3336123684302 259.783358437457 24.8006646369642
  endloop
endfacet
facet normal 2.30411196179374e-006 -1.89842892851108e-006 -0.999999999995544
  outer loop
    vertex 29.3336123716122 257.183358437473 24.8009549445937
    vertex 73.3336123684302 259.783358437457 24.8006646369642
    vertex 73.3336123697833 257.183358437531 24.8006586720199
  endloop
endfacet
facet normal 2.30411196179374e-006 -1.89842892851108e-006 -0.999999999995544
  outer loop
    vertex 73.3336123697833 257.183358437531 24.8006586720199
    vertex 73.3336123684302 259.783358437457 24.8006646369642
    vertex 73.3336123684308 261.783358437457 24.8006658615767
  endloop
endfacet
facet normal 2.30411196179374e-006 -1.89842892851108e-006 -0.999999999995544
  outer loop
    vertex 73.3336123677553 264.383358437419 24.8006676622139
    vertex 29.3336123702814 261.783358437399 24.8009621341506
    vertex 29.3336123695846 264.383358437361 24.8009651594003
  endloop
endfacet
facet normal 2.30411196179374e-006 -1.89842892851108e-006 -0.999999999995544
  outer loop
    vertex 29.3336123702814 261.783358437399 24.8009621341506
    vertex 73.3336123677553 264.383358437419 24.8006676622139
    vertex 73.3336123684308 261.783358437457 24.8006658615767
  endloop
endfacet
facet normal 2.30411196179374e-006 -1.89842892851108e-006 -0.999999999995544
  outer loop
    vertex 73.3336123684308 261.783358437457 24.8006658615767
    vertex 73.3336123677553 264.383358437419 24.8006676622139
    vertex 73.3336123677558 266.383358437419 24.8006688868265
  endloop
endfacet
facet normal 2.30411196179374e-006 -1.89842892851108e-006 -0.999999999995544
  outer loop
    vertex 73.3336123670803 268.983358437381 24.8006706874637
    vertex 29.3336123695846 266.383358437361 24.8009651594003
    vertex 29.3336123689097 268.983358437323 24.80096818465
  endloop
endfacet
facet normal 2.30411196179374e-006 -1.89842892851108e-006 -0.999999999995544
  outer loop
    vertex 29.3336123695846 266.383358437361 24.8009651594003
    vertex 73.3336123670803 268.983358437381 24.8006706874637
    vertex 73.3336123677558 266.383358437419 24.8006688868265
  endloop
endfacet
facet normal 2.30411196179374e-006 -1.89842892851108e-006 -0.999999999995544
  outer loop
    vertex 73.3336123677558 266.383358437419 24.8006688868265
    vertex 73.3336123670803 268.983358437381 24.8006706874637
    vertex 73.3336123670809 270.983358437381 24.8006719120762
  endloop
endfacet
facet normal 2.30411196179374e-006 -1.89842892851108e-006 -0.999999999995544
  outer loop
    vertex 29.3336123689097 270.983358437323 24.80096818465
    vertex 35.8335543386268 272.28340121145 24.801280242075
    vertex 73.3336123670809 270.983358437381 24.8006719120762
  endloop
endfacet
facet normal 2.30411196179374e-006 -1.89842892851108e-006 -0.999999999995544
  outer loop
    vertex 35.8335543386268 272.28340121145 24.801280242075
    vertex 29.3336123689097 270.983358437323 24.80096818465
    vertex 34.7982781582167 272.419697906294 24.801280242075
  endloop
endfacet
facet normal 2.30411196179374e-006 -1.89842892851108e-006 -0.999999999995544
  outer loop
    vertex 34.7982781582167 272.419697906294 24.801280242075
    vertex 29.3336123689097 270.983358437323 24.80096818465
    vertex 33.8335543386268 272.819299596312 24.801280242075
  endloop
endfacet
facet normal 2.30411196179374e-006 -1.89842892851108e-006 -0.999999999995544
  outer loop
    vertex 33.8335543386268 272.819299596312 24.801280242075
    vertex 29.3336123689097 270.983358437323 24.80096818465
    vertex 33.0051272138806 273.454974086704 24.801280242075
  endloop
endfacet
facet normal 2.30411196179374e-006 -1.89842892851108e-006 -0.999999999995544
  outer loop
    vertex 33.0051272138806 273.454974086704 24.801280242075
    vertex 29.3336123689097 270.983358437323 24.80096818465
    vertex 32.369452723489 274.28340121145 24.801280242075
  endloop
endfacet
facet normal 2.30411196179374e-006 -1.89842892851108e-006 -0.999999999995544
  outer loop
    vertex 32.369452723489 274.28340121145 24.801280242075
    vertex 29.3336123689097 270.983358437323 24.80096818465
    vertex 31.9698510334705 275.24812503104 24.801280242075
  endloop
endfacet
facet normal 2.30411196179374e-006 -1.89842892851108e-006 -0.999999999995544
  outer loop
    vertex 31.9698510334705 275.24812503104 24.801280242075
    vertex 29.3336123689097 270.983358437323 24.80096818465
    vertex 31.8335543386268 276.28340121145 24.801280242075
  endloop
endfacet
facet normal 2.30411196179374e-006 -1.89842892851108e-006 -0.999999999995544
  outer loop
    vertex 73.3336123670809 270.983358437381 24.8006719120762
    vertex 35.8335543386268 272.28340121145 24.801280242075
    vertex 36.8688305190368 272.419697906294 24.801280242075
  endloop
endfacet
facet normal 2.30411196179374e-006 -1.89842892851108e-006 -0.999999999995544
  outer loop
    vertex 73.3336123670809 270.983358437381 24.8006719120762
    vertex 36.8688305190368 272.419697906294 24.801280242075
    vertex 37.8335543386268 272.819299596312 24.801280242075
  endloop
endfacet
facet normal 2.30411196179374e-006 -1.89842892851108e-006 -0.999999999995544
  outer loop
    vertex 73.3336123670809 270.983358437381 24.8006719120762
    vertex 37.8335543386268 272.819299596312 24.801280242075
    vertex 41.3336123680022 272.983358437309 24.8008127663513
  endloop
endfacet
facet normal 2.30411196179374e-006 -1.89842892851108e-006 -0.999999999995544
  outer loop
    vertex 41.3336123680022 272.983358437309 24.8008127663513
    vertex 37.8335543386268 272.819299596312 24.801280242075
    vertex 38.6619814633729 273.454974086704 24.801280242075
  endloop
endfacet
facet normal 2.30411196179374e-006 -1.89842892851108e-006 -0.999999999995544
  outer loop
    vertex 41.3336123680022 272.983358437309 24.8008127663513
    vertex 38.6619814633729 273.454974086704 24.801280242075
    vertex 39.2976559537645 274.28340121145 24.801280242075
  endloop
endfacet
facet normal 2.30411196179374e-006 -1.89842892851108e-006 -0.999999999995544
  outer loop
    vertex 41.3336123680022 272.983358437309 24.8008127663513
    vertex 39.2976559537645 274.28340121145 24.801280242075
    vertex 39.697257643783 275.24812503104 24.801280242075
  endloop
endfacet
facet normal 2.30411196179374e-006 -1.89842892851108e-006 -0.999999999995544
  outer loop
    vertex 41.3336123680022 272.983358437309 24.8008127663513
    vertex 39.697257643783 275.24812503104 24.801280242075
    vertex 39.8335543386268 276.28340121145 24.801280242075
  endloop
endfacet
facet normal 2.30411196179374e-006 -1.89842892851108e-006 -0.999999999995544
  outer loop
    vertex 41.3336123680022 272.983358437309 24.8008127663513
    vertex 39.8335543386268 276.28340121145 24.801280242075
    vertex 40.2335538550085 282.983401445046 24.7999999986638
  endloop
endfacet
facet normal 2.30411196179374e-006 -1.89842892851108e-006 -0.999999999995544
  outer loop
    vertex 41.3336123680022 272.983358437309 24.8008127663513
    vertex 40.2335538550085 282.983401445046 24.7999999986638
    vertex 41.3336123641643 280.983401477646 24.8008889144148
  endloop
endfacet
facet normal 2.30411196179374e-006 -1.89842892851108e-006 -0.999999999995544
  outer loop
    vertex 41.3336123641643 280.983401477646 24.8008889144148
    vertex 40.2335538550085 282.983401445046 24.7999999986638
    vertex 41.3336123641643 282.983401477646 24.8008889144148
  endloop
endfacet
facet normal 2.30411196179374e-006 -1.89842892851108e-006 -0.999999999995544
  outer loop
    vertex 41.3336123680022 272.983358437309 24.8008127663513
    vertex 41.3336123641643 280.983401477646 24.8008889144148
    vertex 41.3336123680022 274.983358437309 24.8008127663513
  endloop
endfacet
facet normal 2.30411196179374e-006 -1.89842892851108e-006 -0.999999999995544
  outer loop
    vertex 73.3336123670809 270.983358437381 24.8006719120762
    vertex 41.3336123680022 272.983358437309 24.8008127663513
    vertex 61.3336123680015 272.98335843731 24.8008115417388
  endloop
endfacet
facet normal 2.30411196179374e-006 -1.89842892851108e-006 -0.999999999995544
  outer loop
    vertex 73.3336123670809 270.983358437381 24.8006719120762
    vertex 61.3336123680015 272.98335843731 24.8008115417388
    vertex 65.7982773714306 272.41969844034 24.8011212225115
  endloop
endfacet
facet normal 2.30411196179374e-006 -1.89842892851108e-006 -0.999999999995544
  outer loop
    vertex 65.7982773714306 272.41969844034 24.8011212225115
    vertex 61.3336123680015 272.98335843731 24.8008115417388
    vertex 64.8335535518407 272.819300130359 24.8011212225115
  endloop
endfacet
facet normal 2.30411196179374e-006 -1.89842892851108e-006 -0.999999999995544
  outer loop
    vertex 64.8335535518407 272.819300130359 24.8011212225115
    vertex 61.3336123680015 272.98335843731 24.8008115417388
    vertex 61.333612368002 274.983358437309 24.8008127663513
  endloop
endfacet
facet normal 2.30411196179374e-006 -1.89842892851108e-006 -0.999999999995544
  outer loop
    vertex 64.8335535518407 272.819300130359 24.8011212225115
    vertex 61.333612368002 274.983358437309 24.8008127663513
    vertex 64.0051264270945 273.45497462075 24.8011212225115
  endloop
endfacet
facet normal 2.30411196179374e-006 -1.89842892851108e-006 -0.999999999995544
  outer loop
    vertex 64.0051264270945 273.45497462075 24.8011212225115
    vertex 61.333612368002 274.983358437309 24.8008127663513
    vertex 63.3694519367029 274.283401745497 24.8011212225115
  endloop
endfacet
facet normal 2.30411196179374e-006 -1.89842892851108e-006 -0.999999999995544
  outer loop
    vertex 63.3694519367029 274.283401745497 24.8011212225115
    vertex 61.333612368002 274.983358437309 24.8008127663513
    vertex 61.3336123680084 276.983358437297 24.8008042597271
  endloop
endfacet
facet normal 2.30411196179374e-006 -1.89842892851108e-006 -0.999999999995544
  outer loop
    vertex 63.3694519367029 274.283401745497 24.8011212225115
    vertex 61.3336123680084 276.983358437297 24.8008042597271
    vertex 61.3336123680089 278.983358437296 24.8008054843396
  endloop
endfacet
facet normal 2.30411196179374e-006 -1.89842892851108e-006 -0.999999999995544
  outer loop
    vertex 63.3694519367029 274.283401745497 24.8011212225115
    vertex 61.3336123680089 278.983358437296 24.8008054843396
    vertex 62.9698502466844 275.248125565087 24.8011212225115
  endloop
endfacet
facet normal 2.30411196179374e-006 -1.89842892851108e-006 -0.999999999995544
  outer loop
    vertex 62.9698502466844 275.248125565087 24.8011212225115
    vertex 61.3336123680089 278.983358437296 24.8008054843396
    vertex 62.8335535518407 276.283401745497 24.8011212225115
  endloop
endfacet
facet normal 2.30411196179374e-006 -1.89842892851108e-006 -0.999999999995544
  outer loop
    vertex 62.8335535518407 276.283401745497 24.8011212225115
    vertex 61.3336123680089 278.983358437296 24.8008054843396
    vertex 62.4335548290684 282.983401479345 24.8010230327128
  endloop
endfacet
facet normal 2.30411196179374e-006 -1.89842892851108e-006 -0.999999999995544
  outer loop
    vertex 73.3336123670809 270.983358437381 24.8006719120762
    vertex 65.7982773714306 272.41969844034 24.8011212225115
    vertex 66.8335535518407 272.283401745497 24.8011212225115
  endloop
endfacet
facet normal 2.30411196179374e-006 -1.89842892851108e-006 -0.999999999995544
  outer loop
    vertex 73.3336123670809 270.983358437381 24.8006719120762
    vertex 66.8335535518407 272.283401745497 24.8011212225115
    vertex 67.8688297322507 272.41969844034 24.8011212225115
  endloop
endfacet
facet normal 2.30411196179374e-006 -1.89842892851108e-006 -0.999999999995544
  outer loop
    vertex 73.3336123670809 270.983358437381 24.8006719120762
    vertex 67.8688297322507 272.41969844034 24.8011212225115
    vertex 68.8335535518407 272.819300130359 24.8011212225115
  endloop
endfacet
facet normal 2.30411196179374e-006 -1.89842892851108e-006 -0.999999999995544
  outer loop
    vertex 73.3336123670809 270.983358437381 24.8006719120762
    vertex 68.8335535518407 272.819300130359 24.8011212225115
    vertex 69.6619806765869 273.45497462075 24.8011212225115
  endloop
endfacet
facet normal 2.30411196179374e-006 -1.89842892851108e-006 -0.999999999995544
  outer loop
    vertex 73.3336123670809 270.983358437381 24.8006719120762
    vertex 69.6619806765869 273.45497462075 24.8011212225115
    vertex 70.2976551669784 274.283401745497 24.8011212225115
  endloop
endfacet
facet normal 2.30411196179374e-006 -1.89842892851108e-006 -0.999999999995544
  outer loop
    vertex 73.3336123670809 270.983358437381 24.8006719120762
    vertex 70.2976551669784 274.283401745497 24.8011212225115
    vertex 70.6972568569969 275.248125565087 24.8011212225115
  endloop
endfacet
facet normal 2.30411196179374e-006 -1.89842892851108e-006 -0.999999999995544
  outer loop
    vertex 73.3336123670809 270.983358437381 24.8006719120762
    vertex 70.6972568569969 275.248125565087 24.8011212225115
    vertex 70.8335535518407 276.283401745497 24.8011212225115
  endloop
endfacet
facet normal 2.30411196179374e-006 -1.89842892851108e-006 -0.999999999995544
  outer loop
    vertex 61.3336123706945 242.583358437476 24.8008067227515
    vertex 41.3336123706952 240.583358437475 24.800807947364
    vertex 41.3336123706952 242.583358437475 24.800807947364
  endloop
endfacet
facet normal 2.30411196179374e-006 -1.89842892851108e-006 -0.999999999995544
  outer loop
    vertex 41.3336123706952 240.583358437475 24.800807947364
    vertex 61.3336123706945 242.583358437476 24.8008067227515
    vertex 61.333612370695 240.583358437475 24.800807947364
  endloop
endfacet
facet normal 2.30411196179374e-006 -1.89842892851108e-006 -0.999999999995544
  outer loop
    vertex 61.333612370695 240.583358437475 24.800807947364
    vertex 61.3336123706945 242.583358437476 24.8008067227515
    vertex 61.333612370695 244.583358437475 24.800807947364
  endloop
endfacet
facet normal 2.30411196179374e-006 -1.89842892851108e-006 -0.999999999995544
  outer loop
    vertex 61.3336123706945 246.583358437476 24.8008067227515
    vertex 41.3336123706952 244.583358437475 24.800807947364
    vertex 41.3336123706952 246.583358437475 24.800807947364
  endloop
endfacet
facet normal 2.30411196179374e-006 -1.89842892851108e-006 -0.999999999995544
  outer loop
    vertex 41.3336123706952 244.583358437475 24.800807947364
    vertex 61.3336123706945 246.583358437476 24.8008067227515
    vertex 61.333612370695 244.583358437475 24.800807947364
  endloop
endfacet
facet normal 2.30411196179374e-006 -1.89842892851108e-006 -0.999999999995544
  outer loop
    vertex 61.333612370695 244.583358437475 24.800807947364
    vertex 61.3336123706945 246.583358437476 24.8008067227515
    vertex 61.333612370695 248.583358437475 24.800807947364
  endloop
endfacet
facet normal -2.16299735974306e-008 0.848072011437078 -0.529880989861938
  outer loop
    vertex 41.333612368009 276.983358437296 24.8008054843396
    vertex 61.3336321253962 277.983346992666 26.4012816085864
    vertex 61.3336123680084 276.983358437297 24.8008042597271
  endloop
endfacet
facet normal -2.16299735974306e-008 0.848072011437078 -0.529880989861938
  outer loop
    vertex 61.3336321253962 277.983346992666 26.4012816085864
    vertex 41.333612368009 276.983358437296 24.8008054843396
    vertex 41.3336321253966 277.983346992665 26.4012820167905
  endloop
endfacet
facet normal -9.60905693929821e-021 -0.848071950704921 0.529881087063456
  outer loop
    vertex 61.3336321253966 279.983346992665 26.4012820167905
    vertex 41.333612368009 278.983358437296 24.8008054843396
    vertex 61.3336123680089 278.983358437296 24.8008054843396
  endloop
endfacet
facet normal -9.60905693929821e-021 -0.848071950704921 0.529881087063456
  outer loop
    vertex 41.333612368009 278.983358437296 24.8008054843396
    vertex 61.3336321253966 279.983346992665 26.4012820167905
    vertex 41.3336321253966 279.983346992665 26.4012820167905
  endloop
endfacet
facet normal -0.999999999923804 -4.81355655599625e-012 1.2344690565131e-005
  outer loop
    vertex 61.3336321253962 277.983346992666 26.4012816085864
    vertex 61.3336123680089 278.983358437296 24.8008054843396
    vertex 61.3336123680084 276.983358437297 24.8008042597271
  endloop
endfacet
facet normal -0.999999999923804 -4.81355655599625e-012 1.2344690565131e-005
  outer loop
    vertex 61.3336123680089 278.983358437296 24.8008054843396
    vertex 61.3336321253962 277.983346992666 26.4012816085864
    vertex 61.3336321253966 279.983346992665 26.4012820167905
  endloop
endfacet
facet normal 0.999999999923804 -2.10018048310712e-021 -1.23446905863099e-005
  outer loop
    vertex 41.333612368009 278.983358437296 24.8008054843396
    vertex 41.3336321253966 277.983346992665 26.4012820167905
    vertex 41.333612368009 276.983358437296 24.8008054843396
  endloop
endfacet
facet normal 0.999999999923804 -2.10018048310712e-021 -1.23446905863099e-005
  outer loop
    vertex 41.3336321253966 277.983346992665 26.4012820167905
    vertex 41.333612368009 278.983358437296 24.8008054843396
    vertex 41.3336321253966 279.983346992665 26.4012820167905
  endloop
endfacet
facet normal 0.999999999923804 -2.10018048310712e-021 -1.23446905863099e-005
  outer loop
    vertex 41.3336123641643 282.983401477646 24.8008889144148
    vertex 41.3336321215519 281.983390033015 26.4013654468657
    vertex 41.3336123641643 280.983401477646 24.8008889144148
  endloop
endfacet
facet normal 0.999999999923804 -2.10018048310712e-021 -1.23446905863099e-005
  outer loop
    vertex 41.3336321215519 281.983390033015 26.4013654468657
    vertex 41.3336123641643 282.983401477646 24.8008889144148
    vertex 41.3336321215519 283.983390033015 26.4013654468657
  endloop
endfacet
facet normal -0.999999999923804 -4.81355655599625e-012 1.2344690565131e-005
  outer loop
    vertex 61.3336321215515 281.983390033015 26.4013650386615
    vertex 61.3336123641642 282.983401477646 24.8008889144148
    vertex 61.3336123641637 280.983401477646 24.8008876898022
  endloop
endfacet
facet normal -0.999999999923804 -4.81355655599625e-012 1.2344690565131e-005
  outer loop
    vertex 61.3336123641642 282.983401477646 24.8008889144148
    vertex 61.3336321215515 281.983390033015 26.4013650386615
    vertex 61.3336321215519 283.983390033015 26.4013654468657
  endloop
endfacet
facet normal -1.4561786843315e-011 -0.848071950605071 0.529881087223265
  outer loop
    vertex 61.3336321215519 283.983390033015 26.4013654468657
    vertex 41.3336123641643 282.983401477646 24.8008889144148
    vertex 61.3336123641642 282.983401477646 24.8008889144148
  endloop
endfacet
facet normal -1.4561786843315e-011 -0.848071950605071 0.529881087223265
  outer loop
    vertex 41.3336123641643 282.983401477646 24.8008889144148
    vertex 61.3336321215519 283.983390033015 26.4013654468657
    vertex 41.3336321215519 283.983390033015 26.4013654468657
  endloop
endfacet
facet normal -2.16299735974306e-008 0.848072011437078 -0.529880989861938
  outer loop
    vertex 41.3336123641643 280.983401477646 24.8008889144148
    vertex 61.3336321215515 281.983390033015 26.4013650386615
    vertex 61.3336123641637 280.983401477646 24.8008876898022
  endloop
endfacet
facet normal -2.16299735974306e-008 0.848072011437078 -0.529880989861938
  outer loop
    vertex 61.3336321215515 281.983390033015 26.4013650386615
    vertex 41.3336123641643 280.983401477646 24.8008889144148
    vertex 41.3336321215519 281.983390033015 26.4013654468657
  endloop
endfacet
facet normal -0.999999999923804 -4.81355655599625e-012 1.2344690565131e-005
  outer loop
    vertex 61.3336321253894 273.983346992679 26.401288890598
    vertex 61.333612368002 274.983358437309 24.8008127663513
    vertex 61.3336123680015 272.98335843731 24.8008115417388
  endloop
endfacet
facet normal -0.999999999923804 -4.81355655599625e-012 1.2344690565131e-005
  outer loop
    vertex 61.333612368002 274.983358437309 24.8008127663513
    vertex 61.3336321253894 273.983346992679 26.401288890598
    vertex 61.3336321253897 275.983346992679 26.4012892988022
  endloop
endfacet
facet normal 0.999999999923804 -2.10018048310712e-021 -1.23446905863099e-005
  outer loop
    vertex 41.3336123680022 274.983358437309 24.8008127663513
    vertex 41.3336321253897 273.983346992679 26.4012892988022
    vertex 41.3336123680022 272.983358437309 24.8008127663513
  endloop
endfacet
facet normal 0.999999999923804 -2.10018048310712e-021 -1.23446905863099e-005
  outer loop
    vertex 41.3336321253897 273.983346992679 26.4012892988022
    vertex 41.3336123680022 274.983358437309 24.8008127663513
    vertex 41.3336321253897 275.983346992679 26.4012892988022
  endloop
endfacet
facet normal -2.16299735974306e-008 0.848072011437078 -0.529880989861938
  outer loop
    vertex 41.3336123680022 272.983358437309 24.8008127663513
    vertex 61.3336321253894 273.983346992679 26.401288890598
    vertex 61.3336123680015 272.98335843731 24.8008115417388
  endloop
endfacet
facet normal -2.16299735974306e-008 0.848072011437078 -0.529880989861938
  outer loop
    vertex 61.3336321253894 273.983346992679 26.401288890598
    vertex 41.3336123680022 272.983358437309 24.8008127663513
    vertex 41.3336321253897 273.983346992679 26.4012892988022
  endloop
endfacet
facet normal -9.60905693929822e-021 -0.848071950704921 0.529881087063456
  outer loop
    vertex 61.3336321253897 275.983346992679 26.4012892988022
    vertex 41.3336123680022 274.983358437309 24.8008127663513
    vertex 61.333612368002 274.983358437309 24.8008127663513
  endloop
endfacet
facet normal -9.60905693929822e-021 -0.848071950704921 0.529881087063456
  outer loop
    vertex 41.3336123680022 274.983358437309 24.8008127663513
    vertex 61.3336321253897 275.983346992679 26.4012892988022
    vertex 41.3336321253897 275.983346992679 26.4012892988022
  endloop
endfacet
facet normal -0.999999999923804 -4.81355655599625e-012 1.2344690565131e-005
  outer loop
    vertex 73.3336321244682 269.98334699275 26.4011480363229
    vertex 73.3336123670809 270.983358437381 24.8006719120762
    vertex 73.3336123670803 268.983358437381 24.8006706874637
  endloop
endfacet
facet normal -0.999999999923804 -4.81355655599625e-012 1.2344690565131e-005
  outer loop
    vertex 73.3336123670809 270.983358437381 24.8006719120762
    vertex 73.3336321244682 269.98334699275 26.4011480363229
    vertex 73.3336321244685 271.98334699275 26.4011484445271
  endloop
endfacet
facet normal 0.999999999923804 -2.10018048310712e-021 -1.23446905863099e-005
  outer loop
    vertex 29.3336123689097 270.983358437323 24.80096818465
    vertex 29.3336321262972 269.983346992692 26.4014447171009
    vertex 29.3336123689097 268.983358437323 24.80096818465
  endloop
endfacet
facet normal 0.999999999923804 -2.10018048310712e-021 -1.23446905863099e-005
  outer loop
    vertex 29.3336321262972 269.983346992692 26.4014447171009
    vertex 29.3336123689097 270.983358437323 24.80096818465
    vertex 29.3336321262972 271.983346992692 26.4014447171009
  endloop
endfacet
facet normal -9.60905693929821e-021 -0.848071950704921 0.529881087063456
  outer loop
    vertex 73.3336321244685 271.98334699275 26.4011484445271
    vertex 29.3336123689097 270.983358437323 24.80096818465
    vertex 73.3336123670809 270.983358437381 24.8006719120762
  endloop
endfacet
facet normal -9.60905693929821e-021 -0.848071950704921 0.529881087063456
  outer loop
    vertex 29.3336123689097 270.983358437323 24.80096818465
    vertex 73.3336321244685 271.98334699275 26.4011484445271
    vertex 29.3336321262972 271.983346992692 26.4014447171009
  endloop
endfacet
facet normal -2.16299735974306e-008 0.848072011437078 -0.529880989861938
  outer loop
    vertex 29.3336123689097 268.983358437323 24.80096818465
    vertex 73.3336321244682 269.98334699275 26.4011480363229
    vertex 73.3336123670803 268.983358437381 24.8006706874637
  endloop
endfacet
facet normal -2.16299735974306e-008 0.848072011437078 -0.529880989861938
  outer loop
    vertex 73.3336321244682 269.98334699275 26.4011480363229
    vertex 29.3336123689097 268.983358437323 24.80096818465
    vertex 29.3336321262972 269.983346992692 26.4014447171009
  endloop
endfacet
facet normal 3.56793823769044e-006 -0.848071950719317 0.529881087028403
  outer loop
    vertex 73.3336321251435 267.383346992788 26.4011454192774
    vertex 29.3336123695846 266.383358437361 24.8009651594003
    vertex 73.3336123677558 266.383358437419 24.8006688868265
  endloop
endfacet
facet normal 3.56793823769044e-006 -0.848071950719317 0.529881087028403
  outer loop
    vertex 29.3336123695846 266.383358437361 24.8009651594003
    vertex 73.3336321251435 267.383346992788 26.4011454192774
    vertex 29.3336321269722 267.38334699273 26.4014416918512
  endloop
endfacet
facet normal 0.999999999923804 -2.10018048310709e-021 -1.23446905863098e-005
  outer loop
    vertex 29.3336123695846 266.383358437361 24.8009651594003
    vertex 29.3336321269722 265.38334699273 26.4014416918512
    vertex 29.3336123695846 264.383358437361 24.8009651594003
  endloop
endfacet
facet normal 0.999999999923804 -2.10018048310709e-021 -1.23446905863098e-005
  outer loop
    vertex 29.3336321269722 265.38334699273 26.4014416918512
    vertex 29.3336123695846 266.383358437361 24.8009651594003
    vertex 29.3336321269722 267.38334699273 26.4014416918512
  endloop
endfacet
facet normal -0.999999999923804 -4.81355655599621e-012 1.2344690565131e-005
  outer loop
    vertex 73.3336321251431 265.383346992788 26.4011450110732
    vertex 73.3336123677558 266.383358437419 24.8006688868265
    vertex 73.3336123677553 264.383358437419 24.8006676622139
  endloop
endfacet
facet normal -0.999999999923804 -4.81355655599621e-012 1.2344690565131e-005
  outer loop
    vertex 73.3336123677558 266.383358437419 24.8006688868265
    vertex 73.3336321251431 265.383346992788 26.4011450110732
    vertex 73.3336321251435 267.383346992788 26.4011454192774
  endloop
endfacet
facet normal -3.57776938936648e-006 0.848072011451379 -0.529880989826972
  outer loop
    vertex 29.3336123695846 264.383358437361 24.8009651594003
    vertex 73.3336321251431 265.383346992788 26.4011450110732
    vertex 73.3336123677553 264.383358437419 24.8006676622139
  endloop
endfacet
facet normal -3.57776938936648e-006 0.848072011451379 -0.529880989826972
  outer loop
    vertex 73.3336321251431 265.383346992788 26.4011450110732
    vertex 29.3336123695846 264.383358437361 24.8009651594003
    vertex 29.3336321269722 265.38334699273 26.4014416918512
  endloop
endfacet
facet normal 1.45159182592116e-007 -3.78243558363015e-008 0.999999999999989
  outer loop
    vertex 41.3336321215519 281.983390033015 26.4013654468657
    vertex 41.3336321253966 279.983346992665 26.4012820167905
    vertex 61.3336321215515 281.983390033015 26.4013650386615
  endloop
endfacet
facet normal 1.45159182592116e-007 -3.78243558363015e-008 0.999999999999989
  outer loop
    vertex 41.3336321253966 279.983346992665 26.4012820167905
    vertex 41.3336321215519 281.983390033015 26.4013654468657
    vertex 41.3336321253897 275.983346992679 26.4012892988022
  endloop
endfacet
facet normal 1.45159182592116e-007 -3.78243558363015e-008 0.999999999999989
  outer loop
    vertex 41.3336321253897 275.983346992679 26.4012892988022
    vertex 41.3336321215519 281.983390033015 26.4013654468657
    vertex 41.3336321253897 273.983346992679 26.4012892988022
  endloop
endfacet
facet normal 1.45159182592116e-007 -3.78243558363015e-008 0.999999999999989
  outer loop
    vertex 41.3336321253966 279.983346992665 26.4012820167905
    vertex 41.3336321253897 275.983346992679 26.4012892988022
    vertex 41.3336321253966 277.983346992665 26.4012820167905
  endloop
endfacet
facet normal 1.45159182592116e-007 -3.78243558363015e-008 0.999999999999989
  outer loop
    vertex 61.3336321215515 281.983390033015 26.4013650386615
    vertex 41.3336321253966 279.983346992665 26.4012820167905
    vertex 61.3336321253966 279.983346992665 26.4012820167905
  endloop
endfacet
facet normal 1.45159182592116e-007 -3.78243558363015e-008 0.999999999999989
  outer loop
    vertex 61.3336321215515 281.983390033015 26.4013650386615
    vertex 61.3336321253966 279.983346992665 26.4012820167905
    vertex 61.3336321215519 283.983390033015 26.4013654468657
  endloop
endfacet
facet normal 1.45159182592116e-007 -3.78243558363015e-008 0.999999999999989
  outer loop
    vertex 61.3336321280827 245.583346992845 26.4012844798149
    vertex 41.3336321280827 247.583346992845 26.4012844798149
    vertex 41.3336321280827 245.583346992845 26.4012844798149
  endloop
endfacet
facet normal 1.45159182592116e-007 -3.78243558363015e-008 0.999999999999989
  outer loop
    vertex 41.3336321280827 247.583346992845 26.4012844798149
    vertex 61.3336321280827 245.583346992845 26.4012844798149
    vertex 61.3336321280824 247.583346992845 26.4012840716107
  endloop
endfacet
facet normal 1.45159182592116e-007 -3.78243558363015e-008 0.999999999999989
  outer loop
    vertex 61.3336321280824 247.583346992845 26.4012840716107
    vertex 61.3336321280827 245.583346992845 26.4012844798149
    vertex 61.3336321280827 249.583346992845 26.4012844798149
  endloop
endfacet
facet normal 1.45159182592116e-007 -3.78243558363015e-008 0.999999999999989
  outer loop
    vertex 61.3336321280827 241.583346992845 26.4012844798149
    vertex 41.3336321280827 243.583346992845 26.4012844798149
    vertex 41.3336321280827 241.583346992845 26.4012844798149
  endloop
endfacet
facet normal 1.45159182592116e-007 -3.78243558363015e-008 0.999999999999989
  outer loop
    vertex 41.3336321280827 243.583346992845 26.4012844798149
    vertex 61.3336321280827 241.583346992845 26.4012844798149
    vertex 61.3336321280824 243.583346992845 26.4012840716107
  endloop
endfacet
facet normal 1.45159182592116e-007 -3.78243558363015e-008 0.999999999999989
  outer loop
    vertex 61.3336321280824 243.583346992845 26.4012840716107
    vertex 61.3336321280827 241.583346992845 26.4012844798149
    vertex 61.3336321280827 245.583346992845 26.4012844798149
  endloop
endfacet
facet normal 1.45159182592116e-007 -3.78243558363015e-008 0.999999999999989
  outer loop
    vertex 32.6335732481563 236.983346992845 26.4012927239323
    vertex 32.9357877384319 244.506984383119 26.4012802409299
    vertex 32.8335652172991 245.283441518426 26.4012802409299
  endloop
endfacet
facet normal 1.45159182592116e-007 -3.78243558363015e-008 0.999999999999989
  outer loop
    vertex 32.9357877384319 244.506984383119 26.4012802409299
    vertex 32.6335732481563 236.983346992845 26.4012927239323
    vertex 33.2354890059458 243.783441518426 26.4012802409299
  endloop
endfacet
facet normal 1.45159182592116e-007 -3.78243558363015e-008 0.999999999999989
  outer loop
    vertex 33.2354890059458 243.783441518426 26.4012802409299
    vertex 32.6335732481563 236.983346992845 26.4012927239323
    vertex 33.7122448737394 243.162121174867 26.4012802409299
  endloop
endfacet
facet normal 1.45159182592116e-007 -3.78243558363015e-008 0.999999999999989
  outer loop
    vertex 33.7122448737394 243.162121174867 26.4012802409299
    vertex 32.6335732481563 236.983346992845 26.4012927239323
    vertex 34.333565217299 242.685365307073 26.4012802409299
  endloop
endfacet
facet normal 1.45159182592116e-007 -3.78243558363015e-008 0.999999999999989
  outer loop
    vertex 34.333565217299 242.685365307073 26.4012802409299
    vertex 32.6335732481563 236.983346992845 26.4012927239323
    vertex 41.3336321280827 239.583346992845 26.4012844798149
  endloop
endfacet
facet normal 1.45159182592116e-007 -3.78243558363015e-008 0.999999999999989
  outer loop
    vertex 41.3336321280827 239.583346992845 26.4012844798149
    vertex 32.6335732481563 236.983346992845 26.4012927239323
    vertex 70.0336910080092 236.983346992845 26.4012762356975
  endloop
endfacet
facet normal 1.45159182592116e-007 -3.78243558363015e-008 0.999999999999989
  outer loop
    vertex 34.333565217299 242.685365307073 26.4012802409299
    vertex 41.3336321280827 239.583346992845 26.4012844798149
    vertex 35.0571080819915 242.385664039559 26.4012802409299
  endloop
endfacet
facet normal 1.45159182592116e-007 -3.78243558363015e-008 0.999999999999989
  outer loop
    vertex 35.0571080819915 242.385664039559 26.4012802409299
    vertex 41.3336321280827 239.583346992845 26.4012844798149
    vertex 35.8335652172991 242.283441518426 26.4012802409299
  endloop
endfacet
facet normal 1.45159182592116e-007 -3.78243558363015e-008 0.999999999999989
  outer loop
    vertex 35.8335652172991 242.283441518426 26.4012802409299
    vertex 41.3336321280827 239.583346992845 26.4012844798149
    vertex 36.6100223526066 242.385664039559 26.4012802409299
  endloop
endfacet
facet normal 1.45159182592116e-007 -3.78243558363015e-008 0.999999999999989
  outer loop
    vertex 36.6100223526066 242.385664039559 26.4012802409299
    vertex 41.3336321280827 239.583346992845 26.4012844798149
    vertex 37.333565217299 242.685365307073 26.4012802409299
  endloop
endfacet
facet normal 1.45159182592116e-007 -3.78243558363015e-008 0.999999999999989
  outer loop
    vertex 37.333565217299 242.685365307073 26.4012802409299
    vertex 41.3336321280827 239.583346992845 26.4012844798149
    vertex 37.9548855608587 243.162121174867 26.4012802409299
  endloop
endfacet
facet normal 1.45159182592116e-007 -3.78243558363015e-008 0.999999999999989
  outer loop
    vertex 37.9548855608587 243.162121174867 26.4012802409299
    vertex 41.3336321280827 239.583346992845 26.4012844798149
    vertex 38.4316414286524 243.783441518426 26.4012802409299
  endloop
endfacet
facet normal 1.45159182592116e-007 -3.78243558363015e-008 0.999999999999989
  outer loop
    vertex 38.4316414286524 243.783441518426 26.4012802409299
    vertex 41.3336321280827 239.583346992845 26.4012844798149
    vertex 38.7313426961663 244.506984383119 26.4012802409299
  endloop
endfacet
facet normal 1.45159182592116e-007 -3.78243558363015e-008 0.999999999999989
  outer loop
    vertex 38.7313426961663 244.506984383119 26.4012802409299
    vertex 41.3336321280827 239.583346992845 26.4012844798149
    vertex 38.8335652172991 245.283441518426 26.4012802409299
  endloop
endfacet
facet normal 1.45159182592116e-007 -3.78243558363015e-008 0.999999999999989
  outer loop
    vertex 41.3336321280827 239.583346992845 26.4012844798149
    vertex 70.0336910080092 236.983346992845 26.4012762356975
    vertex 61.3336321280824 239.583346992845 26.4012840716107
  endloop
endfacet
facet normal 1.45159182592116e-007 -3.78243558363015e-008 0.999999999999989
  outer loop
    vertex 61.3336321280824 239.583346992845 26.4012840716107
    vertex 70.0336910080092 236.983346992845 26.4012762356975
    vertex 61.3336321280827 241.583346992845 26.4012844798149
  endloop
endfacet
facet normal 1.45159182592116e-007 -3.78243558363015e-008 0.999999999999989
  outer loop
    vertex 61.3336321280827 241.583346992845 26.4012844798149
    vertex 70.0336910080092 236.983346992845 26.4012762356975
    vertex 61.3336321280827 245.583346992845 26.4012844798149
  endloop
endfacet
facet normal 1.45159182592116e-007 -3.78243558363015e-008 0.999999999999989
  outer loop
    vertex 61.3336321280827 245.583346992845 26.4012844798149
    vertex 70.0336910080092 236.983346992845 26.4012762356975
    vertex 64.7122448734497 243.162121176665 26.4013531892842
  endloop
endfacet
facet normal 1.45159182592116e-007 -3.78243558363015e-008 0.999999999999989
  outer loop
    vertex 61.3336321280827 245.583346992845 26.4012844798149
    vertex 64.7122448734497 243.162121176665 26.4013531892842
    vertex 64.235489005656 243.783441520224 26.4013531892842
  endloop
endfacet
facet normal 1.45159182592116e-007 -3.78243558363015e-008 0.999999999999989
  outer loop
    vertex 61.3336321280827 245.583346992845 26.4012844798149
    vertex 64.235489005656 243.783441520224 26.4013531892842
    vertex 61.3336321280827 249.583346992845 26.4012844798149
  endloop
endfacet
facet normal 1.45159182592116e-007 -3.78243558363015e-008 0.999999999999989
  outer loop
    vertex 61.3336321280827 249.583346992845 26.4012844798149
    vertex 64.235489005656 243.783441520224 26.4013531892842
    vertex 63.9357877381421 244.506984384917 26.4013531892842
  endloop
endfacet
facet normal 1.45159182592116e-007 -3.78243558363015e-008 0.999999999999989
  outer loop
    vertex 61.3336321280827 249.583346992845 26.4012844798149
    vertex 63.9357877381421 244.506984384917 26.4013531892842
    vertex 63.8335652170094 245.283441520224 26.4013531892842
  endloop
endfacet
facet normal 1.45159182592116e-007 -3.78243558363015e-008 0.999999999999989
  outer loop
    vertex 64.7122448734497 243.162121176665 26.4013531892842
    vertex 70.0336910080092 236.983346992845 26.4012762356975
    vertex 65.3335652170094 242.685365308871 26.4013531892842
  endloop
endfacet
facet normal 1.45159182592116e-007 -3.78243558363015e-008 0.999999999999989
  outer loop
    vertex 65.3335652170094 242.685365308871 26.4013531892842
    vertex 70.0336910080092 236.983346992845 26.4012762356975
    vertex 66.0571080817018 242.385664041357 26.4013531892842
  endloop
endfacet
facet normal 1.45159182592116e-007 -3.78243558363015e-008 0.999999999999989
  outer loop
    vertex 66.0571080817018 242.385664041357 26.4013531892842
    vertex 70.0336910080092 236.983346992845 26.4012762356975
    vertex 66.8335652170093 242.283441520224 26.4013531892842
  endloop
endfacet
facet normal 1.45159182592116e-007 -3.78243558363015e-008 0.999999999999989
  outer loop
    vertex 66.8335652170093 242.283441520224 26.4013531892842
    vertex 70.0336910080092 236.983346992845 26.4012762356975
    vertex 67.6100223523169 242.385664041357 26.4013531892842
  endloop
endfacet
facet normal 1.45159182592116e-007 -3.78243558363015e-008 0.999999999999989
  outer loop
    vertex 67.6100223523169 242.385664041357 26.4013531892842
    vertex 70.0336910080092 236.983346992845 26.4012762356975
    vertex 68.3335652170094 242.685365308871 26.4013531892842
  endloop
endfacet
facet normal 1.45159182592116e-007 -3.78243558363015e-008 0.999999999999989
  outer loop
    vertex 68.3335652170094 242.685365308871 26.4013531892842
    vertex 70.0336910080092 236.983346992845 26.4012762356975
    vertex 68.954885560569 243.162121176665 26.4013531892842
  endloop
endfacet
facet normal 1.45159182592116e-007 -3.78243558363015e-008 0.999999999999989
  outer loop
    vertex 68.954885560569 243.162121176665 26.4013531892842
    vertex 70.0336910080092 236.983346992845 26.4012762356975
    vertex 69.4316414283627 243.783441520224 26.4013531892842
  endloop
endfacet
facet normal 1.45159182592116e-007 -3.78243558363015e-008 0.999999999999989
  outer loop
    vertex 69.4316414283627 243.783441520224 26.4013531892842
    vertex 70.0336910080092 236.983346992845 26.4012762356975
    vertex 69.7313426958765 244.506984384917 26.4013531892842
  endloop
endfacet
facet normal 1.45159182592116e-007 -3.78243558363015e-008 0.999999999999989
  outer loop
    vertex 69.7313426958765 244.506984384917 26.4013531892842
    vertex 70.0336910080092 236.983346992845 26.4012762356975
    vertex 69.8335652170093 245.283441520224 26.4013531892842
  endloop
endfacet
facet normal 1.45159182592116e-007 -3.78243558363015e-008 0.999999999999989
  outer loop
    vertex 29.3336321262972 269.983346992692 26.4014447171009
    vertex 29.3336321269722 267.38334699273 26.4014416918512
    vertex 73.3336321244682 269.98334699275 26.4011480363229
  endloop
endfacet
facet normal 1.45159182592116e-007 -3.78243558363015e-008 0.999999999999989
  outer loop
    vertex 29.3336321269722 267.38334699273 26.4014416918512
    vertex 29.3336321262972 269.983346992692 26.4014447171009
    vertex 29.3336321269722 265.38334699273 26.4014416918512
  endloop
endfacet
facet normal 1.45159182592116e-007 -3.78243558363015e-008 0.999999999999989
  outer loop
    vertex 73.3336321244682 269.98334699275 26.4011480363229
    vertex 29.3336321269722 267.38334699273 26.4014416918512
    vertex 73.3336321251435 267.383346992788 26.4011454192774
  endloop
endfacet
facet normal 1.45159182592116e-007 -3.78243558363015e-008 0.999999999999989
  outer loop
    vertex 73.3336321244682 269.98334699275 26.4011480363229
    vertex 73.3336321251435 267.383346992788 26.4011454192774
    vertex 73.3336321244685 271.98334699275 26.4011484445271
  endloop
endfacet
facet normal 1.45159182592116e-007 -3.78243558363015e-008 0.999999999999989
  outer loop
    vertex 29.3336321269722 265.38334699273 26.4014416918512
    vertex 29.333632127669 262.783346992768 26.4014386666014
    vertex 73.3336321251431 265.383346992788 26.4011450110732
  endloop
endfacet
facet normal 1.45159182592116e-007 -3.78243558363015e-008 0.999999999999989
  outer loop
    vertex 29.333632127669 262.783346992768 26.4014386666014
    vertex 29.3336321269722 265.38334699273 26.4014416918512
    vertex 29.333632127669 260.783346992768 26.4014386666014
  endloop
endfacet
facet normal 1.45159182592116e-007 -3.78243558363015e-008 0.999999999999989
  outer loop
    vertex 73.3336321251431 265.383346992788 26.4011450110732
    vertex 29.333632127669 262.783346992768 26.4014386666014
    vertex 73.3336321258185 262.783346992826 26.4011423940276
  endloop
endfacet
facet normal 1.45159182592116e-007 -3.78243558363015e-008 0.999999999999989
  outer loop
    vertex 73.3336321251431 265.383346992788 26.4011450110732
    vertex 73.3336321258185 262.783346992826 26.4011423940276
    vertex 73.3336321251435 267.383346992788 26.4011454192774
  endloop
endfacet
facet normal 1.45159182592116e-007 -3.78243558363015e-008 0.999999999999989
  outer loop
    vertex 29.333632127669 260.783346992768 26.4014386666014
    vertex 29.3336321289997 258.183346992842 26.4014314770446
    vertex 73.3336321258181 260.783346992826 26.4011419858234
  endloop
endfacet
facet normal 1.45159182592116e-007 -3.78243558363015e-008 0.999999999999989
  outer loop
    vertex 29.3336321289997 258.183346992842 26.4014314770446
    vertex 29.333632127669 260.783346992768 26.4014386666014
    vertex 29.3336321289971 253.583346992845 26.4014326161019
  endloop
endfacet
facet normal 1.45159182592116e-007 -3.78243558363015e-008 0.999999999999989
  outer loop
    vertex 29.3336321289971 253.583346992845 26.4014326161019
    vertex 29.333632127669 260.783346992768 26.4014386666014
    vertex 29.3336321289971 251.583346992845 26.4014326161019
  endloop
endfacet
facet normal 1.45159182592116e-007 -3.78243558363015e-008 0.999999999999989
  outer loop
    vertex 29.3336321289997 258.183346992842 26.4014314770446
    vertex 29.3336321289971 253.583346992845 26.4014326161019
    vertex 29.3336321289997 256.183346992842 26.4014314770446
  endloop
endfacet
facet normal 1.45159182592116e-007 -3.78243558363015e-008 0.999999999999989
  outer loop
    vertex 73.3336321258181 260.783346992826 26.4011419858234
    vertex 29.3336321289997 258.183346992842 26.4014314770446
    vertex 73.333632127171 258.1833469929 26.4011352044708
  endloop
endfacet
facet normal 1.45159182592116e-007 -3.78243558363015e-008 0.999999999999989
  outer loop
    vertex 73.3336321258181 260.783346992826 26.4011419858234
    vertex 73.333632127171 258.1833469929 26.4011352044708
    vertex 73.3336321258185 262.783346992826 26.4011423940276
  endloop
endfacet
facet normal 1.45159182592116e-007 -3.78243558363015e-008 0.999999999999989
  outer loop
    vertex 27.6335732479397 241.983346992754 26.4012637540223
    vertex 29.3336321289971 251.583346992845 26.4014326161019
    vertex 27.6335732479397 279.583032490394 26.4012637540223
  endloop
endfacet
facet normal 1.45159182592116e-007 -3.78243558363015e-008 0.999999999999989
  outer loop
    vertex 29.3336321289971 251.583346992845 26.4014326161019
    vertex 27.6335732479397 241.983346992754 26.4012637540223
    vertex 32.6335732481563 236.983346992845 26.4012927239323
  endloop
endfacet
facet normal 1.45159182592116e-007 -3.78243558363015e-008 0.999999999999989
  outer loop
    vertex 27.6335732479397 279.583032490394 26.4012637540223
    vertex 29.3336321289971 251.583346992845 26.4014326161019
    vertex 29.3336321262972 269.983346992692 26.4014447171009
  endloop
endfacet
facet normal 1.45159182592116e-007 -3.78243558363015e-008 0.999999999999989
  outer loop
    vertex 29.3336321262972 269.983346992692 26.4014447171009
    vertex 29.3336321289971 251.583346992845 26.4014326161019
    vertex 29.3336321269722 265.38334699273 26.4014416918512
  endloop
endfacet
facet normal 1.45159182592116e-007 -3.78243558363015e-008 0.999999999999989
  outer loop
    vertex 29.3336321269722 265.38334699273 26.4014416918512
    vertex 29.3336321289971 251.583346992845 26.4014326161019
    vertex 29.333632127669 260.783346992768 26.4014386666014
  endloop
endfacet
facet normal 1.45159182592116e-007 -3.78243558363015e-008 0.999999999999989
  outer loop
    vertex 29.3336321289971 251.583346992845 26.4014326161019
    vertex 32.6335732481563 236.983346992845 26.4012927239323
    vertex 32.8335652172991 245.283441518426 26.4012802409299
  endloop
endfacet
facet normal 1.45159182592116e-007 -3.78243558363015e-008 0.999999999999989
  outer loop
    vertex 29.3336321289971 251.583346992845 26.4014326161019
    vertex 32.8335652172991 245.283441518426 26.4012802409299
    vertex 32.9357877384319 246.059898653734 26.4012802409299
  endloop
endfacet
facet normal 1.45159182592116e-007 -3.78243558363015e-008 0.999999999999989
  outer loop
    vertex 29.3336321289971 251.583346992845 26.4014326161019
    vertex 32.9357877384319 246.059898653734 26.4012802409299
    vertex 33.2354890059458 246.783441518426 26.4012802409299
  endloop
endfacet
facet normal 1.45159182592116e-007 -3.78243558363015e-008 0.999999999999989
  outer loop
    vertex 29.3336321289971 251.583346992845 26.4014326161019
    vertex 33.2354890059458 246.783441518426 26.4012802409299
    vertex 33.7122448737394 247.404761861986 26.4012802409299
  endloop
endfacet
facet normal 1.45159182592116e-007 -3.78243558363015e-008 0.999999999999989
  outer loop
    vertex 29.3336321289971 251.583346992845 26.4014326161019
    vertex 33.7122448737394 247.404761861986 26.4012802409299
    vertex 34.333565217299 247.881517729779 26.4012802409299
  endloop
endfacet
facet normal 1.45159182592116e-007 -3.78243558363015e-008 0.999999999999989
  outer loop
    vertex 29.3336321289971 251.583346992845 26.4014326161019
    vertex 34.333565217299 247.881517729779 26.4012802409299
    vertex 35.0571080819915 248.181218997293 26.4012802409299
  endloop
endfacet
facet normal 1.45159182592116e-007 -3.78243558363015e-008 0.999999999999989
  outer loop
    vertex 29.3336321289971 251.583346992845 26.4014326161019
    vertex 35.0571080819915 248.181218997293 26.4012802409299
    vertex 41.3336321280827 249.583346992845 26.4012844798149
  endloop
endfacet
facet normal 1.45159182592116e-007 -3.78243558363015e-008 0.999999999999989
  outer loop
    vertex 29.3336321289971 251.583346992845 26.4014326161019
    vertex 41.3336321280827 249.583346992845 26.4012844798149
    vertex 73.333632127168 251.583346992902 26.401135935324
  endloop
endfacet
facet normal 1.45159182592116e-007 -3.78243558363015e-008 0.999999999999989
  outer loop
    vertex 41.3336321280827 249.583346992845 26.4012844798149
    vertex 35.0571080819915 248.181218997293 26.4012802409299
    vertex 35.8335652172991 248.283441518426 26.4012802409299
  endloop
endfacet
facet normal 1.45159182592116e-007 -3.78243558363015e-008 0.999999999999989
  outer loop
    vertex 41.3336321280827 249.583346992845 26.4012844798149
    vertex 35.8335652172991 248.283441518426 26.4012802409299
    vertex 36.6100223526066 248.181218997293 26.4012802409299
  endloop
endfacet
facet normal 1.45159182592116e-007 -3.78243558363015e-008 0.999999999999989
  outer loop
    vertex 41.3336321280827 249.583346992845 26.4012844798149
    vertex 36.6100223526066 248.181218997293 26.4012802409299
    vertex 37.333565217299 247.881517729779 26.4012802409299
  endloop
endfacet
facet normal 1.45159182592116e-007 -3.78243558363015e-008 0.999999999999989
  outer loop
    vertex 41.3336321280827 249.583346992845 26.4012844798149
    vertex 37.333565217299 247.881517729779 26.4012802409299
    vertex 37.9548855608587 247.404761861986 26.4012802409299
  endloop
endfacet
facet normal 1.45159182592116e-007 -3.78243558363015e-008 0.999999999999989
  outer loop
    vertex 41.3336321280827 249.583346992845 26.4012844798149
    vertex 37.9548855608587 247.404761861986 26.4012802409299
    vertex 38.4316414286524 246.783441518426 26.4012802409299
  endloop
endfacet
facet normal 1.45159182592116e-007 -3.78243558363015e-008 0.999999999999989
  outer loop
    vertex 41.3336321280827 249.583346992845 26.4012844798149
    vertex 38.4316414286524 246.783441518426 26.4012802409299
    vertex 38.7313426961663 246.059898653734 26.4012802409299
  endloop
endfacet
facet normal 1.45159182592116e-007 -3.78243558363015e-008 0.999999999999989
  outer loop
    vertex 41.3336321280827 249.583346992845 26.4012844798149
    vertex 38.7313426961663 246.059898653734 26.4012802409299
    vertex 38.8335652172991 245.283441518426 26.4012802409299
  endloop
endfacet
facet normal 1.45159182592116e-007 -3.78243558363015e-008 0.999999999999989
  outer loop
    vertex 41.3336321280827 249.583346992845 26.4012844798149
    vertex 38.8335652172991 245.283441518426 26.4012802409299
    vertex 41.3336321280827 239.583346992845 26.4012844798149
  endloop
endfacet
facet normal 1.45159182592116e-007 -3.78243558363015e-008 0.999999999999989
  outer loop
    vertex 41.3336321280827 249.583346992845 26.4012844798149
    vertex 41.3336321280827 239.583346992845 26.4012844798149
    vertex 41.3336321280827 241.583346992845 26.4012844798149
  endloop
endfacet
facet normal 1.45159182592116e-007 -3.78243558363015e-008 0.999999999999989
  outer loop
    vertex 41.3336321280827 249.583346992845 26.4012844798149
    vertex 41.3336321280827 241.583346992845 26.4012844798149
    vertex 41.3336321280827 243.583346992845 26.4012844798149
  endloop
endfacet
facet normal 1.45159182592116e-007 -3.78243558363015e-008 0.999999999999989
  outer loop
    vertex 41.3336321280827 249.583346992845 26.4012844798149
    vertex 41.3336321280827 243.583346992845 26.4012844798149
    vertex 41.3336321280827 245.583346992845 26.4012844798149
  endloop
endfacet
facet normal 1.45159182592116e-007 -3.78243558363015e-008 0.999999999999989
  outer loop
    vertex 41.3336321280827 249.583346992845 26.4012844798149
    vertex 41.3336321280827 245.583346992845 26.4012844798149
    vertex 41.3336321280827 247.583346992845 26.4012844798149
  endloop
endfacet
facet normal 1.45159182592116e-007 -3.78243558363015e-008 0.999999999999989
  outer loop
    vertex 73.333632127168 251.583346992902 26.401135935324
    vertex 41.3336321280827 249.583346992845 26.4012844798149
    vertex 61.3336321280827 249.583346992845 26.4012844798149
  endloop
endfacet
facet normal 1.45159182592116e-007 -3.78243558363015e-008 0.999999999999989
  outer loop
    vertex 73.333632127168 251.583346992902 26.401135935324
    vertex 61.3336321280827 249.583346992845 26.4012844798149
    vertex 65.3335652170094 247.881517731578 26.4013531892842
  endloop
endfacet
facet normal 1.45159182592116e-007 -3.78243558363015e-008 0.999999999999989
  outer loop
    vertex 65.3335652170094 247.881517731578 26.4013531892842
    vertex 61.3336321280827 249.583346992845 26.4012844798149
    vertex 64.7122448734497 247.404761863784 26.4013531892842
  endloop
endfacet
facet normal 1.45159182592116e-007 -3.78243558363015e-008 0.999999999999989
  outer loop
    vertex 64.7122448734497 247.404761863784 26.4013531892842
    vertex 61.3336321280827 249.583346992845 26.4012844798149
    vertex 64.235489005656 246.783441520224 26.4013531892842
  endloop
endfacet
facet normal 1.45159182592116e-007 -3.78243558363015e-008 0.999999999999989
  outer loop
    vertex 64.235489005656 246.783441520224 26.4013531892842
    vertex 61.3336321280827 249.583346992845 26.4012844798149
    vertex 63.9357877381421 246.059898655532 26.4013531892842
  endloop
endfacet
facet normal 1.45159182592116e-007 -3.78243558363015e-008 0.999999999999989
  outer loop
    vertex 63.9357877381421 246.059898655532 26.4013531892842
    vertex 61.3336321280827 249.583346992845 26.4012844798149
    vertex 63.8335652170094 245.283441520224 26.4013531892842
  endloop
endfacet
facet normal 1.45159182592116e-007 -3.78243558363015e-008 0.999999999999989
  outer loop
    vertex 73.333632127168 251.583346992902 26.401135935324
    vertex 65.3335652170094 247.881517731578 26.4013531892842
    vertex 66.0571080817018 248.181218999092 26.4013531892842
  endloop
endfacet
facet normal 1.45159182592116e-007 -3.78243558363015e-008 0.999999999999989
  outer loop
    vertex 73.333632127168 251.583346992902 26.401135935324
    vertex 66.0571080817018 248.181218999092 26.4013531892842
    vertex 66.8335652170093 248.283441520224 26.4013531892842
  endloop
endfacet
facet normal 1.45159182592116e-007 -3.78243558363015e-008 0.999999999999989
  outer loop
    vertex 73.333632127168 251.583346992902 26.401135935324
    vertex 66.8335652170093 248.283441520224 26.4013531892842
    vertex 67.6100223523169 248.181218999092 26.4013531892842
  endloop
endfacet
facet normal 1.45159182592116e-007 -3.78243558363015e-008 0.999999999999989
  outer loop
    vertex 73.333632127168 251.583346992902 26.401135935324
    vertex 67.6100223523169 248.181218999092 26.4013531892842
    vertex 68.3335652170094 247.881517731578 26.4013531892842
  endloop
endfacet
facet normal 1.45159182592116e-007 -3.78243558363015e-008 0.999999999999989
  outer loop
    vertex 73.333632127168 251.583346992902 26.401135935324
    vertex 68.3335652170094 247.881517731578 26.4013531892842
    vertex 68.954885560569 247.404761863784 26.4013531892842
  endloop
endfacet
facet normal 1.45159182592116e-007 -3.78243558363015e-008 0.999999999999989
  outer loop
    vertex 73.333632127168 251.583346992902 26.401135935324
    vertex 68.954885560569 247.404761863784 26.4013531892842
    vertex 69.4316414283627 246.783441520224 26.4013531892842
  endloop
endfacet
facet normal 1.45159182592116e-007 -3.78243558363015e-008 0.999999999999989
  outer loop
    vertex 73.333632127168 251.583346992902 26.401135935324
    vertex 69.4316414283627 246.783441520224 26.4013531892842
    vertex 69.7313426958765 246.059898655532 26.4013531892842
  endloop
endfacet
facet normal 1.45159182592116e-007 -3.78243558363015e-008 0.999999999999989
  outer loop
    vertex 73.333632127168 251.583346992902 26.401135935324
    vertex 69.7313426958765 246.059898655532 26.4013531892842
    vertex 69.8335652170093 245.283441520224 26.4013531892842
  endloop
endfacet
facet normal 1.45159182592116e-007 -3.78243558363015e-008 0.999999999999989
  outer loop
    vertex 73.333632127168 251.583346992902 26.401135935324
    vertex 69.8335652170093 245.283441520224 26.4013531892842
    vertex 70.0336910080092 236.983346992845 26.4012762356975
  endloop
endfacet
facet normal 1.45159182592116e-007 -3.78243558363015e-008 0.999999999999989
  outer loop
    vertex 73.333632127168 251.583346992902 26.401135935324
    vertex 70.0336910080092 236.983346992845 26.4012762356975
    vertex 75.0336910082259 241.983346992754 26.4012472657875
  endloop
endfacet
facet normal 1.45159182592116e-007 -3.78243558363015e-008 0.999999999999989
  outer loop
    vertex 73.333632127168 251.583346992902 26.401135935324
    vertex 75.0336910082259 241.983346992754 26.4012472657875
    vertex 73.3336321271684 253.583346992902 26.4011363435281
  endloop
endfacet
facet normal 1.45159182592116e-007 -3.78243558363015e-008 0.999999999999989
  outer loop
    vertex 73.3336321271684 253.583346992902 26.4011363435281
    vertex 75.0336910082259 241.983346992754 26.4012472657875
    vertex 73.3336321271707 256.1833469929 26.4011347962666
  endloop
endfacet
facet normal 1.45159182592116e-007 -3.78243558363015e-008 0.999999999999989
  outer loop
    vertex 73.3336321271707 256.1833469929 26.4011347962666
    vertex 75.0336910082259 241.983346992754 26.4012472657875
    vertex 73.333632127171 258.1833469929 26.4011352044708
  endloop
endfacet
facet normal 1.45159182592116e-007 -3.78243558363015e-008 0.999999999999989
  outer loop
    vertex 27.6335732479397 279.583032490394 26.4012637540223
    vertex 29.3336321262972 271.983346992692 26.4014447171009
    vertex 30.3335736410017 284.583390428608 26.4012708006736
  endloop
endfacet
facet normal 1.45159182592116e-007 -3.78243558363015e-008 0.999999999999989
  outer loop
    vertex 29.3336321262972 271.983346992692 26.4014447171009
    vertex 27.6335732479397 279.583032490394 26.4012637540223
    vertex 29.3336321262972 269.983346992692 26.4014447171009
  endloop
endfacet
facet normal 1.45159182592116e-007 -3.78243558363015e-008 0.999999999999989
  outer loop
    vertex 30.3335736410017 284.583390428608 26.4012708006736
    vertex 29.3336321262972 271.983346992692 26.4014447171009
    vertex 32.9357877384736 275.506984383118 26.4012802409277
  endloop
endfacet
facet normal 1.45159182592116e-007 -3.78243558363015e-008 0.999999999999989
  outer loop
    vertex 32.9357877384736 275.506984383118 26.4012802409277
    vertex 29.3336321262972 271.983346992692 26.4014447171009
    vertex 33.2354890059875 274.783441518426 26.4012802409277
  endloop
endfacet
facet normal 1.45159182592116e-007 -3.78243558363015e-008 0.999999999999989
  outer loop
    vertex 33.2354890059875 274.783441518426 26.4012802409277
    vertex 29.3336321262972 271.983346992692 26.4014447171009
    vertex 33.7122448737812 274.162121174866 26.4012802409277
  endloop
endfacet
facet normal 1.45159182592116e-007 -3.78243558363015e-008 0.999999999999989
  outer loop
    vertex 33.7122448737812 274.162121174866 26.4012802409277
    vertex 29.3336321262972 271.983346992692 26.4014447171009
    vertex 34.3335652173408 273.685365307072 26.4012802409277
  endloop
endfacet
facet normal 1.45159182592116e-007 -3.78243558363015e-008 0.999999999999989
  outer loop
    vertex 34.3335652173408 273.685365307072 26.4012802409277
    vertex 29.3336321262972 271.983346992692 26.4014447171009
    vertex 35.0571080820332 273.385664039559 26.4012802409277
  endloop
endfacet
facet normal 1.45159182592116e-007 -3.78243558363015e-008 0.999999999999989
  outer loop
    vertex 35.0571080820332 273.385664039559 26.4012802409277
    vertex 29.3336321262972 271.983346992692 26.4014447171009
    vertex 35.8335652173408 273.283441518426 26.4012802409277
  endloop
endfacet
facet normal 1.45159182592116e-007 -3.78243558363015e-008 0.999999999999989
  outer loop
    vertex 35.8335652173408 273.283441518426 26.4012802409277
    vertex 29.3336321262972 271.983346992692 26.4014447171009
    vertex 73.3336321244685 271.98334699275 26.4011484445271
  endloop
endfacet
facet normal 1.45159182592116e-007 -3.78243558363015e-008 0.999999999999989
  outer loop
    vertex 30.3335736410017 284.583390428608 26.4012708006736
    vertex 32.9357877384736 275.506984383118 26.4012802409277
    vertex 32.8335652173408 276.283441518426 26.4012802409277
  endloop
endfacet
facet normal 1.45159182592116e-007 -3.78243558363015e-008 0.999999999999989
  outer loop
    vertex 35.8335652173408 273.283441518426 26.4012802409277
    vertex 73.3336321244685 271.98334699275 26.4011484445271
    vertex 36.6100223526484 273.385664039559 26.4012802409277
  endloop
endfacet
facet normal 1.45159182592116e-007 -3.78243558363015e-008 0.999999999999989
  outer loop
    vertex 36.6100223526484 273.385664039559 26.4012802409277
    vertex 73.3336321244685 271.98334699275 26.4011484445271
    vertex 37.3335652173408 273.685365307072 26.4012802409277
  endloop
endfacet
facet normal 1.45159182592116e-007 -3.78243558363015e-008 0.999999999999989
  outer loop
    vertex 37.3335652173408 273.685365307072 26.4012802409277
    vertex 73.3336321244685 271.98334699275 26.4011484445271
    vertex 37.9548855609004 274.162121174866 26.4012802409277
  endloop
endfacet
facet normal 1.45159182592116e-007 -3.78243558363015e-008 0.999999999999989
  outer loop
    vertex 37.9548855609004 274.162121174866 26.4012802409277
    vertex 73.3336321244685 271.98334699275 26.4011484445271
    vertex 41.3336321253897 273.983346992679 26.4012892988022
  endloop
endfacet
facet normal 1.45159182592116e-007 -3.78243558363015e-008 0.999999999999989
  outer loop
    vertex 37.9548855609004 274.162121174866 26.4012802409277
    vertex 41.3336321253897 273.983346992679 26.4012892988022
    vertex 38.4316414286941 274.783441518426 26.4012802409277
  endloop
endfacet
facet normal 1.45159182592116e-007 -3.78243558363015e-008 0.999999999999989
  outer loop
    vertex 38.4316414286941 274.783441518426 26.4012802409277
    vertex 41.3336321253897 273.983346992679 26.4012892988022
    vertex 38.731342696208 275.506984383118 26.4012802409277
  endloop
endfacet
facet normal 1.45159182592116e-007 -3.78243558363015e-008 0.999999999999989
  outer loop
    vertex 38.731342696208 275.506984383118 26.4012802409277
    vertex 41.3336321253897 273.983346992679 26.4012892988022
    vertex 38.8335652173408 276.283441518426 26.4012802409277
  endloop
endfacet
facet normal 1.45159182592116e-007 -3.78243558363015e-008 0.999999999999989
  outer loop
    vertex 38.8335652173408 276.283441518426 26.4012802409277
    vertex 41.3336321253897 273.983346992679 26.4012892988022
    vertex 41.3336321215519 281.983390033015 26.4013654468657
  endloop
endfacet
facet normal 1.45159182592116e-007 -3.78243558363015e-008 0.999999999999989
  outer loop
    vertex 41.3336321253897 273.983346992679 26.4012892988022
    vertex 73.3336321244685 271.98334699275 26.4011484445271
    vertex 61.3336321253894 273.983346992679 26.401288890598
  endloop
endfacet
facet normal 1.45159182592116e-007 -3.78243558363015e-008 0.999999999999989
  outer loop
    vertex 61.3336321253894 273.983346992679 26.401288890598
    vertex 73.3336321244685 271.98334699275 26.4011484445271
    vertex 66.1611336132038 273.773892607114 26.4012802408513
  endloop
endfacet
facet normal 1.45159182592116e-007 -3.78243558363015e-008 0.999999999999989
  outer loop
    vertex 61.3336321253894 273.983346992679 26.401288890598
    vertex 66.1611336132038 273.773892607114 26.4012802408513
    vertex 65.5345271116412 274.033441518333 26.4012802408513
  endloop
endfacet
facet normal 1.45159182592116e-007 -3.78243558363015e-008 0.999999999999989
  outer loop
    vertex 61.3336321253894 273.983346992679 26.401288890598
    vertex 65.5345271116412 274.033441518333 26.4012802408513
    vertex 61.3336321253897 275.983346992679 26.4012892988022
  endloop
endfacet
facet normal 1.45159182592116e-007 -3.78243558363015e-008 0.999999999999989
  outer loop
    vertex 61.3336321253897 275.983346992679 26.4012892988022
    vertex 65.5345271116412 274.033441518333 26.4012802408513
    vertex 64.9964479102201 274.446324211253 26.4012802408513
  endloop
endfacet
facet normal 1.45159182592116e-007 -3.78243558363015e-008 0.999999999999989
  outer loop
    vertex 61.3336321253897 275.983346992679 26.4012892988022
    vertex 64.9964479102201 274.446324211253 26.4012802408513
    vertex 61.3336321253962 277.983346992666 26.4012816085864
  endloop
endfacet
facet normal 1.45159182592116e-007 -3.78243558363015e-008 0.999999999999989
  outer loop
    vertex 61.3336321253962 277.983346992666 26.4012816085864
    vertex 64.9964479102201 274.446324211253 26.4012802408513
    vertex 64.5835652172995 274.984403412674 26.4012802408513
  endloop
endfacet
facet normal 1.45159182592116e-007 -3.78243558363015e-008 0.999999999999989
  outer loop
    vertex 61.3336321253962 277.983346992666 26.4012816085864
    vertex 64.5835652172995 274.984403412674 26.4012802408513
    vertex 61.3336321253966 279.983346992665 26.4012820167905
  endloop
endfacet
facet normal 1.45159182592116e-007 -3.78243558363015e-008 0.999999999999989
  outer loop
    vertex 61.3336321253966 279.983346992665 26.4012820167905
    vertex 64.5835652172995 274.984403412674 26.4012802408513
    vertex 64.3240163060811 275.611009914237 26.4012802408513
  endloop
endfacet
facet normal 1.45159182592116e-007 -3.78243558363015e-008 0.999999999999989
  outer loop
    vertex 61.3336321253966 279.983346992665 26.4012820167905
    vertex 64.3240163060811 275.611009914237 26.4012802408513
    vertex 64.2354890059395 276.283441518376 26.4012802408513
  endloop
endfacet
facet normal 1.45159182592116e-007 -3.78243558363015e-008 0.999999999999989
  outer loop
    vertex 66.1611336132038 273.773892607114 26.4012802408513
    vertex 73.3336321244685 271.98334699275 26.4011484445271
    vertex 66.8335652173427 273.685365306973 26.4012802408513
  endloop
endfacet
facet normal 1.45159182592116e-007 -3.78243558363015e-008 0.999999999999989
  outer loop
    vertex 66.8335652173427 273.685365306973 26.4012802408513
    vertex 73.3336321244685 271.98334699275 26.4011484445271
    vertex 67.5059968214817 273.773892607114 26.4012802408513
  endloop
endfacet
facet normal 1.45159182592116e-007 -3.78243558363015e-008 0.999999999999989
  outer loop
    vertex 67.5059968214817 273.773892607114 26.4012802408513
    vertex 73.3336321244685 271.98334699275 26.4011484445271
    vertex 68.1326033230444 274.033441518333 26.4012802408513
  endloop
endfacet
facet normal 1.45159182592116e-007 -3.78243558363015e-008 0.999999999999989
  outer loop
    vertex 68.1326033230444 274.033441518333 26.4012802408513
    vertex 73.3336321244685 271.98334699275 26.4011484445271
    vertex 68.6706825244654 274.446324211253 26.4012802408513
  endloop
endfacet
facet normal 1.45159182592116e-007 -3.78243558363015e-008 0.999999999999989
  outer loop
    vertex 68.6706825244654 274.446324211253 26.4012802408513
    vertex 73.3336321244685 271.98334699275 26.4011484445271
    vertex 69.0835652173859 274.984403412674 26.4012802408513
  endloop
endfacet
facet normal 1.45159182592116e-007 -3.78243558363015e-008 0.999999999999989
  outer loop
    vertex 69.0835652173859 274.984403412674 26.4012802408513
    vertex 73.3336321244685 271.98334699275 26.4011484445271
    vertex 69.3431141286044 275.611009914237 26.4012802408513
  endloop
endfacet
facet normal 1.45159182592116e-007 -3.78243558363015e-008 0.999999999999989
  outer loop
    vertex 69.3431141286044 275.611009914237 26.4012802408513
    vertex 73.3336321244685 271.98334699275 26.4011484445271
    vertex 69.4316414287459 276.283441518376 26.4012802408513
  endloop
endfacet
facet normal 1.45159182592116e-007 -3.78243558363015e-008 0.999999999999989
  outer loop
    vertex 69.4316414287459 276.283441518376 26.4012802408513
    vertex 73.3336321244685 271.98334699275 26.4011484445271
    vertex 72.3336100715287 284.583389698237 26.4012835952928
  endloop
endfacet
facet normal 1.45159182592116e-007 -3.78243558363015e-008 0.999999999999989
  outer loop
    vertex 69.4316414287459 276.283441518376 26.4012802408513
    vertex 72.3336100715287 284.583389698237 26.4012835952928
    vertex 72.3336089979623 286.583389698237 26.4012841911987
  endloop
endfacet
facet normal 1.45159182592116e-007 -3.78243558363015e-008 0.999999999999989
  outer loop
    vertex 72.3336100715287 284.583389698237 26.4012835952928
    vertex 73.3336321244685 271.98334699275 26.4011484445271
    vertex 75.0336910082259 279.583032490394 26.4012472657875
  endloop
endfacet
facet normal 1.45159182592116e-007 -3.78243558363015e-008 0.999999999999989
  outer loop
    vertex 75.0336910082259 279.583032490394 26.4012472657875
    vertex 73.3336321244685 271.98334699275 26.4011484445271
    vertex 73.3336321251435 267.383346992788 26.4011454192774
  endloop
endfacet
facet normal 1.45159182592116e-007 -3.78243558363015e-008 0.999999999999989
  outer loop
    vertex 75.0336910082259 279.583032490394 26.4012472657875
    vertex 73.3336321251435 267.383346992788 26.4011454192774
    vertex 73.3336321258185 262.783346992826 26.4011423940276
  endloop
endfacet
facet normal 1.45159182592116e-007 -3.78243558363015e-008 0.999999999999989
  outer loop
    vertex 75.0336910082259 279.583032490394 26.4012472657875
    vertex 73.3336321258185 262.783346992826 26.4011423940276
    vertex 73.333632127171 258.1833469929 26.4011352044708
  endloop
endfacet
facet normal 1.45159182592116e-007 -3.78243558363015e-008 0.999999999999989
  outer loop
    vertex 75.0336910082259 279.583032490394 26.4012472657875
    vertex 73.333632127171 258.1833469929 26.4011352044708
    vertex 75.0336910082259 241.983346992754 26.4012472657875
  endloop
endfacet
facet normal 1.45159182592116e-007 -3.78243558363015e-008 0.999999999999989
  outer loop
    vertex 73.3336321271684 253.583346992902 26.4011363435281
    vertex 29.3336321289997 256.183346992842 26.4014314770446
    vertex 29.3336321289971 253.583346992845 26.4014326161019
  endloop
endfacet
facet normal 1.45159182592116e-007 -3.78243558363015e-008 0.999999999999989
  outer loop
    vertex 29.3336321289997 256.183346992842 26.4014314770446
    vertex 73.3336321271684 253.583346992902 26.4011363435281
    vertex 73.3336321271707 256.1833469929 26.4011347962666
  endloop
endfacet
facet normal 1.45159182592116e-007 -3.78243558363015e-008 0.999999999999989
  outer loop
    vertex 30.3335736410017 284.583390428608 26.4012708006736
    vertex 72.3336089979623 286.583389698237 26.4012841911987
    vertex 30.3335736295467 286.583389698238 26.4012776451822
  endloop
endfacet
facet normal 1.45159182592116e-007 -3.78243558363015e-008 0.999999999999989
  outer loop
    vertex 72.3336089979623 286.583389698237 26.4012841911987
    vertex 30.3335736410017 284.583390428608 26.4012708006736
    vertex 41.3336321215519 283.983390033015 26.4013654468657
  endloop
endfacet
facet normal 1.45159182592116e-007 -3.78243558363015e-008 0.999999999999989
  outer loop
    vertex 41.3336321215519 283.983390033015 26.4013654468657
    vertex 30.3335736410017 284.583390428608 26.4012708006736
    vertex 34.3335652173408 278.881517729779 26.4012802409277
  endloop
endfacet
facet normal 1.45159182592116e-007 -3.78243558363015e-008 0.999999999999989
  outer loop
    vertex 34.3335652173408 278.881517729779 26.4012802409277
    vertex 30.3335736410017 284.583390428608 26.4012708006736
    vertex 33.7122448737812 278.404761861985 26.4012802409277
  endloop
endfacet
facet normal 1.45159182592116e-007 -3.78243558363015e-008 0.999999999999989
  outer loop
    vertex 33.7122448737812 278.404761861985 26.4012802409277
    vertex 30.3335736410017 284.583390428608 26.4012708006736
    vertex 33.2354890059875 277.783441518426 26.4012802409277
  endloop
endfacet
facet normal 1.45159182592116e-007 -3.78243558363015e-008 0.999999999999989
  outer loop
    vertex 33.2354890059875 277.783441518426 26.4012802409277
    vertex 30.3335736410017 284.583390428608 26.4012708006736
    vertex 32.9357877384736 277.059898653733 26.4012802409277
  endloop
endfacet
facet normal 1.45159182592116e-007 -3.78243558363015e-008 0.999999999999989
  outer loop
    vertex 32.9357877384736 277.059898653733 26.4012802409277
    vertex 30.3335736410017 284.583390428608 26.4012708006736
    vertex 32.8335652173408 276.283441518426 26.4012802409277
  endloop
endfacet
facet normal 1.45159182592116e-007 -3.78243558363015e-008 0.999999999999989
  outer loop
    vertex 41.3336321215519 283.983390033015 26.4013654468657
    vertex 34.3335652173408 278.881517729779 26.4012802409277
    vertex 35.0571080820332 279.181218997293 26.4012802409277
  endloop
endfacet
facet normal 1.45159182592116e-007 -3.78243558363015e-008 0.999999999999989
  outer loop
    vertex 41.3336321215519 283.983390033015 26.4013654468657
    vertex 35.0571080820332 279.181218997293 26.4012802409277
    vertex 35.8335652173408 279.283441518426 26.4012802409277
  endloop
endfacet
facet normal 1.45159182592116e-007 -3.78243558363015e-008 0.999999999999989
  outer loop
    vertex 41.3336321215519 283.983390033015 26.4013654468657
    vertex 35.8335652173408 279.283441518426 26.4012802409277
    vertex 36.6100223526484 279.181218997293 26.4012802409277
  endloop
endfacet
facet normal 1.45159182592116e-007 -3.78243558363015e-008 0.999999999999989
  outer loop
    vertex 41.3336321215519 283.983390033015 26.4013654468657
    vertex 36.6100223526484 279.181218997293 26.4012802409277
    vertex 37.3335652173408 278.881517729779 26.4012802409277
  endloop
endfacet
facet normal 1.45159182592116e-007 -3.78243558363015e-008 0.999999999999989
  outer loop
    vertex 41.3336321215519 283.983390033015 26.4013654468657
    vertex 37.3335652173408 278.881517729779 26.4012802409277
    vertex 37.9548855609004 278.404761861985 26.4012802409277
  endloop
endfacet
facet normal 1.45159182592116e-007 -3.78243558363015e-008 0.999999999999989
  outer loop
    vertex 41.3336321215519 283.983390033015 26.4013654468657
    vertex 37.9548855609004 278.404761861985 26.4012802409277
    vertex 38.4316414286941 277.783441518426 26.4012802409277
  endloop
endfacet
facet normal 1.45159182592116e-007 -3.78243558363015e-008 0.999999999999989
  outer loop
    vertex 41.3336321215519 283.983390033015 26.4013654468657
    vertex 38.4316414286941 277.783441518426 26.4012802409277
    vertex 38.731342696208 277.059898653733 26.4012802409277
  endloop
endfacet
facet normal 1.45159182592116e-007 -3.78243558363015e-008 0.999999999999989
  outer loop
    vertex 41.3336321215519 283.983390033015 26.4013654468657
    vertex 38.731342696208 277.059898653733 26.4012802409277
    vertex 38.8335652173408 276.283441518426 26.4012802409277
  endloop
endfacet
facet normal 1.45159182592116e-007 -3.78243558363015e-008 0.999999999999989
  outer loop
    vertex 41.3336321215519 283.983390033015 26.4013654468657
    vertex 38.8335652173408 276.283441518426 26.4012802409277
    vertex 41.3336321215519 281.983390033015 26.4013654468657
  endloop
endfacet
facet normal 1.45159182592116e-007 -3.78243558363015e-008 0.999999999999989
  outer loop
    vertex 72.3336089979623 286.583389698237 26.4012841911987
    vertex 41.3336321215519 283.983390033015 26.4013654468657
    vertex 61.3336321215519 283.983390033015 26.4013654468657
  endloop
endfacet
facet normal 1.45159182592116e-007 -3.78243558363015e-008 0.999999999999989
  outer loop
    vertex 72.3336089979623 286.583389698237 26.4012841911987
    vertex 61.3336321215519 283.983390033015 26.4013654468657
    vertex 61.3336321253966 279.983346992665 26.4012820167905
  endloop
endfacet
facet normal 1.45159182592116e-007 -3.78243558363015e-008 0.999999999999989
  outer loop
    vertex 72.3336089979623 286.583389698237 26.4012841911987
    vertex 61.3336321253966 279.983346992665 26.4012820167905
    vertex 64.9964479102201 278.120558825499 26.4012802408513
  endloop
endfacet
facet normal 1.45159182592116e-007 -3.78243558363015e-008 0.999999999999989
  outer loop
    vertex 64.9964479102201 278.120558825499 26.4012802408513
    vertex 61.3336321253966 279.983346992665 26.4012820167905
    vertex 64.5835652172996 277.582479624078 26.4012802408513
  endloop
endfacet
facet normal 1.45159182592116e-007 -3.78243558363015e-008 0.999999999999989
  outer loop
    vertex 64.5835652172996 277.582479624078 26.4012802408513
    vertex 61.3336321253966 279.983346992665 26.4012820167905
    vertex 64.3240163060811 276.955873122515 26.4012802408513
  endloop
endfacet
facet normal 1.45159182592116e-007 -3.78243558363015e-008 0.999999999999989
  outer loop
    vertex 64.3240163060811 276.955873122515 26.4012802408513
    vertex 61.3336321253966 279.983346992665 26.4012820167905
    vertex 64.2354890059395 276.283441518376 26.4012802408513
  endloop
endfacet
facet normal 1.45159182592116e-007 -3.78243558363015e-008 0.999999999999989
  outer loop
    vertex 72.3336089979623 286.583389698237 26.4012841911987
    vertex 64.9964479102201 278.120558825499 26.4012802408513
    vertex 65.5345271116412 278.533441518419 26.4012802408513
  endloop
endfacet
facet normal 1.45159182592116e-007 -3.78243558363015e-008 0.999999999999989
  outer loop
    vertex 72.3336089979623 286.583389698237 26.4012841911987
    vertex 65.5345271116412 278.533441518419 26.4012802408513
    vertex 66.1611336132038 278.792990429637 26.4012802408513
  endloop
endfacet
facet normal 1.45159182592116e-007 -3.78243558363015e-008 0.999999999999989
  outer loop
    vertex 72.3336089979623 286.583389698237 26.4012841911987
    vertex 66.1611336132038 278.792990429637 26.4012802408513
    vertex 66.8335652173427 278.881517729779 26.4012802408513
  endloop
endfacet
facet normal 1.45159182592116e-007 -3.78243558363015e-008 0.999999999999989
  outer loop
    vertex 72.3336089979623 286.583389698237 26.4012841911987
    vertex 66.8335652173427 278.881517729779 26.4012802408513
    vertex 67.5059968214817 278.792990429637 26.4012802408513
  endloop
endfacet
facet normal 1.45159182592116e-007 -3.78243558363015e-008 0.999999999999989
  outer loop
    vertex 72.3336089979623 286.583389698237 26.4012841911987
    vertex 67.5059968214817 278.792990429637 26.4012802408513
    vertex 68.1326033230444 278.533441518419 26.4012802408513
  endloop
endfacet
facet normal 1.45159182592116e-007 -3.78243558363015e-008 0.999999999999989
  outer loop
    vertex 72.3336089979623 286.583389698237 26.4012841911987
    vertex 68.1326033230444 278.533441518419 26.4012802408513
    vertex 68.6706825244654 278.120558825499 26.4012802408513
  endloop
endfacet
facet normal 1.45159182592116e-007 -3.78243558363015e-008 0.999999999999989
  outer loop
    vertex 72.3336089979623 286.583389698237 26.4012841911987
    vertex 68.6706825244654 278.120558825499 26.4012802408513
    vertex 69.0835652173859 277.582479624077 26.4012802408513
  endloop
endfacet
facet normal 1.45159182592116e-007 -3.78243558363015e-008 0.999999999999989
  outer loop
    vertex 72.3336089979623 286.583389698237 26.4012841911987
    vertex 69.0835652173859 277.582479624077 26.4012802408513
    vertex 69.3431141286044 276.955873122515 26.4012802408513
  endloop
endfacet
facet normal 1.45159182592116e-007 -3.78243558363015e-008 0.999999999999989
  outer loop
    vertex 72.3336089979623 286.583389698237 26.4012841911987
    vertex 69.3431141286044 276.955873122515 26.4012802408513
    vertex 69.4316414287459 276.283441518376 26.4012802408513
  endloop
endfacet
facet normal 1.45159182592116e-007 -3.78243558363015e-008 0.999999999999989
  outer loop
    vertex 61.3336321253897 275.983346992679 26.4012892988022
    vertex 41.3336321253966 277.983346992665 26.4012820167905
    vertex 41.3336321253897 275.983346992679 26.4012892988022
  endloop
endfacet
facet normal 1.45159182592116e-007 -3.78243558363015e-008 0.999999999999989
  outer loop
    vertex 41.3336321253966 277.983346992665 26.4012820167905
    vertex 61.3336321253897 275.983346992679 26.4012892988022
    vertex 61.3336321253962 277.983346992666 26.4012816085864
  endloop
endfacet
facet normal 0.99999999999967 -1.02906147951981e-022 -8.1198002393525e-007
  outer loop
    vertex 29.2335770555252 279.183189749446 0.00126505813266262
    vertex 29.2335971926317 242.383369773406 24.8012674481075
    vertex 29.2335770555252 242.383189733702 0.00126505813266262
  endloop
endfacet
facet normal 0.99999999999967 -1.02906147951981e-022 -8.1198002393525e-007
  outer loop
    vertex 29.2335971926317 242.383369773406 24.8012674481075
    vertex 29.2335770555252 279.183189749446 0.00126505813266262
    vertex 29.2335971926317 279.183009709742 24.8012674481075
  endloop
endfacet
facet normal -0.999999999997135 5.3415237764333e-016 -2.39389710209482e-006
  outer loop
    vertex 73.4336276712489 242.383369773406 24.8012509598726
    vertex 73.4336870399028 279.183189749446 0.00124856989780571
    vertex 73.4336870399028 242.383189733702 0.00124856989780571
  endloop
endfacet
facet normal -0.999999999997135 5.3415237764333e-016 -2.39389710209482e-006
  outer loop
    vertex 73.4336870399028 279.183189749446 0.00124856989780571
    vertex 73.4336276712489 242.383369773406 24.8012509598726
    vertex 73.433627671249 279.183009709742 24.8012509598726
  endloop
endfacet
facet normal -1.65671061722783e-031 -5.06993532488631e-047 -1.0
  outer loop
    vertex 31.9698510334294 246.318677391861 22.4010531222841
    vertex 31.9698510334294 244.248125031041 22.4010531222841
    vertex 31.8335543385857 245.283401211451 22.4010531222841
  endloop
endfacet
facet normal -1.65671061722783e-031 -5.06993532488631e-047 -1.0
  outer loop
    vertex 31.9698510334294 244.248125031041 22.4010531222841
    vertex 31.9698510334294 246.318677391861 22.4010531222841
    vertex 32.3694527234479 247.283401211451 22.4010531222841
  endloop
endfacet
facet normal -1.65671061722783e-031 -5.06993532488631e-047 -1.0
  outer loop
    vertex 31.9698510334294 244.248125031041 22.4010531222841
    vertex 32.3694527234479 247.283401211451 22.4010531222841
    vertex 32.3694527234479 243.283401211451 22.4010531222841
  endloop
endfacet
facet normal -1.65671061722783e-031 -5.06993532488631e-047 -1.0
  outer loop
    vertex 32.3694527234479 243.283401211451 22.4010531222841
    vertex 32.3694527234479 247.283401211451 22.4010531222841
    vertex 33.0051272138395 248.111828336197 22.4010531222841
  endloop
endfacet
facet normal -1.65671061722783e-031 -5.06993532488631e-047 -1.0
  outer loop
    vertex 32.3694527234479 243.283401211451 22.4010531222841
    vertex 33.0051272138395 248.111828336197 22.4010531222841
    vertex 33.0051272138395 242.454974086705 22.4010531222841
  endloop
endfacet
facet normal -1.65671061722783e-031 -5.06993532488631e-047 -1.0
  outer loop
    vertex 33.0051272138395 242.454974086705 22.4010531222841
    vertex 33.0051272138395 248.111828336197 22.4010531222841
    vertex 33.8335543385857 248.747502826589 22.4010531222841
  endloop
endfacet
facet normal -1.65671061722783e-031 -5.06993532488631e-047 -1.0
  outer loop
    vertex 33.0051272138395 242.454974086705 22.4010531222841
    vertex 33.8335543385857 248.747502826589 22.4010531222841
    vertex 33.8335543385857 241.819299596313 22.4010531222841
  endloop
endfacet
facet normal -1.65671061722783e-031 -5.06993532488631e-047 -1.0
  outer loop
    vertex 33.8335543385857 241.819299596313 22.4010531222841
    vertex 33.8335543385857 248.747502826589 22.4010531222841
    vertex 34.1335543385857 245.283401211453 22.4010531222881
  endloop
endfacet
facet normal -1.65671061722783e-031 -5.06993532488631e-047 -1.0
  outer loop
    vertex 34.1335543385857 245.283401211453 22.4010531222881
    vertex 33.8335543385857 248.747502826589 22.4010531222841
    vertex 34.1914804338949 245.723393588128 22.401053122288
  endloop
endfacet
facet normal -1.65671061722783e-031 -5.06993532488631e-047 -1.0
  outer loop
    vertex 34.1914804338949 245.723393588128 22.401053122288
    vertex 33.8335543385857 248.747502826589 22.4010531222841
    vertex 34.7982781581756 249.147104516607 22.4010531222841
  endloop
endfacet
facet normal -1.65671061722783e-031 -5.06993532488631e-047 -1.0
  outer loop
    vertex 34.1914804338949 245.723393588128 22.401053122288
    vertex 34.7982781581756 249.147104516607 22.4010531222841
    vertex 34.3613111521533 246.133401211453 22.4010531222877
  endloop
endfacet
facet normal -1.65671061722783e-031 -5.06993532488631e-047 -1.0
  outer loop
    vertex 34.3613111521533 246.133401211453 22.4010531222877
    vertex 34.7982781581756 249.147104516607 22.4010531222841
    vertex 34.6314728105702 246.48548273947 22.4010531222871
  endloop
endfacet
facet normal -1.65671061722783e-031 -5.06993532488631e-047 -1.0
  outer loop
    vertex 34.6314728105702 246.48548273947 22.4010531222871
    vertex 34.7982781581756 249.147104516607 22.4010531222841
    vertex 34.9835543385877 246.755644397886 22.4010531222863
  endloop
endfacet
facet normal -1.65671061722783e-031 -5.06993532488631e-047 -1.0
  outer loop
    vertex 34.9835543385877 246.755644397886 22.4010531222863
    vertex 34.7982781581756 249.147104516607 22.4010531222841
    vertex 35.8335543385857 249.283401211451 22.4010531222841
  endloop
endfacet
facet normal -1.65671061722783e-031 -5.06993532488631e-047 -1.0
  outer loop
    vertex 34.9835543385877 246.755644397886 22.4010531222863
    vertex 35.8335543385857 249.283401211451 22.4010531222841
    vertex 35.3935619619137 246.925475116143 22.4010531222853
  endloop
endfacet
facet normal -1.65671061722783e-031 -5.06993532488631e-047 -1.0
  outer loop
    vertex 35.3935619619137 246.925475116143 22.4010531222853
    vertex 35.8335543385857 249.283401211451 22.4010531222841
    vertex 35.833554338588 246.983401211451 22.4010531222839
  endloop
endfacet
facet normal -1.65671061722783e-031 -5.06993532488631e-047 -1.0
  outer loop
    vertex 35.833554338588 246.983401211451 22.4010531222839
    vertex 35.8335543385857 249.283401211451 22.4010531222841
    vertex 36.8688305189958 249.147104516607 22.4010531222841
  endloop
endfacet
facet normal -1.65671061722783e-031 -5.06993532488631e-047 -1.0
  outer loop
    vertex 35.833554338588 246.983401211451 22.4010531222839
    vertex 36.8688305189958 249.147104516607 22.4010531222841
    vertex 36.2735467152622 246.925475116142 22.4010531222833
  endloop
endfacet
facet normal -1.65671061722783e-031 -5.06993532488631e-047 -1.0
  outer loop
    vertex 36.2735467152622 246.925475116142 22.4010531222833
    vertex 36.8688305189958 249.147104516607 22.4010531222841
    vertex 36.6835543385877 246.755644397883 22.4010531222823
  endloop
endfacet
facet normal -1.65671061722783e-031 -5.06993532488631e-047 -1.0
  outer loop
    vertex 36.6835543385877 246.755644397883 22.4010531222823
    vertex 36.8688305189958 249.147104516607 22.4010531222841
    vertex 37.0356358666044 246.485482739467 22.4010531222814
  endloop
endfacet
facet normal -1.65671061722783e-031 -5.06993532488631e-047 -1.0
  outer loop
    vertex 37.0356358666044 246.485482739467 22.4010531222814
    vertex 36.8688305189958 249.147104516607 22.4010531222841
    vertex 37.8335543385857 248.747502826589 22.4010531222841
  endloop
endfacet
facet normal -1.65671061722783e-031 -5.06993532488631e-047 -1.0
  outer loop
    vertex 37.0356358666044 246.485482739467 22.4010531222814
    vertex 37.8335543385857 248.747502826589 22.4010531222841
    vertex 37.3057975250204 246.133401211449 22.4010531222807
  endloop
endfacet
facet normal -1.65671061722783e-031 -5.06993532488631e-047 -1.0
  outer loop
    vertex 37.3057975250204 246.133401211449 22.4010531222807
    vertex 37.8335543385857 248.747502826589 22.4010531222841
    vertex 37.4756282432777 245.723393588123 22.4010531222803
  endloop
endfacet
facet normal -1.65671061722783e-031 -5.06993532488631e-047 -1.0
  outer loop
    vertex 37.4756282432777 245.723393588123 22.4010531222803
    vertex 37.8335543385857 248.747502826589 22.4010531222841
    vertex 37.5335543385857 245.283401211449 22.40105312228
  endloop
endfacet
facet normal -1.65671061722783e-031 -5.06993532488631e-047 -1.0
  outer loop
    vertex 33.8335543385857 241.819299596313 22.4010531222841
    vertex 34.1914804338937 244.843408834779 22.4010531222879
    vertex 34.7982781581756 241.419697906295 22.4010531222841
  endloop
endfacet
facet normal -1.65671061722783e-031 -5.06993532488631e-047 -1.0
  outer loop
    vertex 34.1914804338937 244.843408834779 22.4010531222879
    vertex 33.8335543385857 241.819299596313 22.4010531222841
    vertex 34.1335543385857 245.283401211453 22.4010531222881
  endloop
endfacet
facet normal -1.65671061722783e-031 -5.06993532488631e-047 -1.0
  outer loop
    vertex 34.7982781581756 241.419697906295 22.4010531222841
    vertex 34.1914804338937 244.843408834779 22.4010531222879
    vertex 34.361311152151 244.433401211453 22.4010531222874
  endloop
endfacet
facet normal -1.65671061722783e-031 -5.06993532488631e-047 -1.0
  outer loop
    vertex 34.7982781581756 241.419697906295 22.4010531222841
    vertex 34.361311152151 244.433401211453 22.4010531222874
    vertex 34.6314728105669 244.081319683436 22.4010531222867
  endloop
endfacet
facet normal -1.65671061722783e-031 -5.06993532488631e-047 -1.0
  outer loop
    vertex 34.7982781581756 241.419697906295 22.4010531222841
    vertex 34.6314728105669 244.081319683436 22.4010531222867
    vertex 34.9835543385837 243.811158025019 22.4010531222858
  endloop
endfacet
facet normal -1.65671061722783e-031 -5.06993532488631e-047 -1.0
  outer loop
    vertex 34.7982781581756 241.419697906295 22.4010531222841
    vertex 34.9835543385837 243.811158025019 22.4010531222858
    vertex 35.8335543385857 241.283401211451 22.4010531222841
  endloop
endfacet
facet normal -1.65671061722783e-031 -5.06993532488631e-047 -1.0
  outer loop
    vertex 35.8335543385857 241.283401211451 22.4010531222841
    vertex 34.9835543385837 243.811158025019 22.4010531222858
    vertex 35.3935619619092 243.64132730676 22.4010531222848
  endloop
endfacet
facet normal -1.65671061722783e-031 -5.06993532488631e-047 -1.0
  outer loop
    vertex 35.8335543385857 241.283401211451 22.4010531222841
    vertex 35.3935619619092 243.64132730676 22.4010531222848
    vertex 35.8335543385833 243.583401211451 22.4010531222842
  endloop
endfacet
facet normal -1.65671061722783e-031 -5.06993532488631e-047 -1.0
  outer loop
    vertex 35.8335543385857 241.283401211451 22.4010531222841
    vertex 35.8335543385833 243.583401211451 22.4010531222842
    vertex 36.2735467152577 243.641327306759 22.4010531222828
  endloop
endfacet
facet normal -1.65671061722783e-031 -5.06993532488631e-047 -1.0
  outer loop
    vertex 35.8335543385857 241.283401211451 22.4010531222841
    vertex 36.2735467152577 243.641327306759 22.4010531222828
    vertex 36.8688305189957 241.419697906295 22.4010531222841
  endloop
endfacet
facet normal -1.65671061722783e-031 -5.06993532488631e-047 -1.0
  outer loop
    vertex 36.8688305189957 241.419697906295 22.4010531222841
    vertex 36.2735467152577 243.641327306759 22.4010531222828
    vertex 36.6835543385836 243.811158025016 22.4010531222819
  endloop
endfacet
facet normal -1.65671061722783e-031 -5.06993532488631e-047 -1.0
  outer loop
    vertex 36.8688305189957 241.419697906295 22.4010531222841
    vertex 36.6835543385836 243.811158025016 22.4010531222819
    vertex 37.0356358666012 244.081319683432 22.4010531222811
  endloop
endfacet
facet normal -1.65671061722783e-031 -5.06993532488631e-047 -1.0
  outer loop
    vertex 36.8688305189957 241.419697906295 22.4010531222841
    vertex 37.0356358666012 244.081319683432 22.4010531222811
    vertex 37.8335543385857 241.819299596313 22.4010531222841
  endloop
endfacet
facet normal -1.65671061722783e-031 -5.06993532488631e-047 -1.0
  outer loop
    vertex 37.8335543385857 241.819299596313 22.4010531222841
    vertex 37.0356358666012 244.081319683432 22.4010531222811
    vertex 37.3057975250181 244.433401211449 22.4010531222805
  endloop
endfacet
facet normal -1.65671061722783e-031 -5.06993532488631e-047 -1.0
  outer loop
    vertex 37.8335543385857 241.819299596313 22.4010531222841
    vertex 37.3057975250181 244.433401211449 22.4010531222805
    vertex 37.4756282432765 244.843408834775 22.4010531222801
  endloop
endfacet
facet normal -1.65671061722783e-031 -5.06993532488631e-047 -1.0
  outer loop
    vertex 37.8335543385857 241.819299596313 22.4010531222841
    vertex 37.4756282432765 244.843408834775 22.4010531222801
    vertex 37.5335543385857 245.283401211449 22.40105312228
  endloop
endfacet
facet normal -1.65671061722783e-031 -5.06993532488631e-047 -1.0
  outer loop
    vertex 37.8335543385857 241.819299596313 22.4010531222841
    vertex 37.5335543385857 245.283401211449 22.40105312228
    vertex 37.8335543385857 248.747502826589 22.4010531222841
  endloop
endfacet
facet normal -1.65671061722783e-031 -5.06993532488631e-047 -1.0
  outer loop
    vertex 37.8335543385857 241.819299596313 22.4010531222841
    vertex 37.8335543385857 248.747502826589 22.4010531222841
    vertex 38.6619814633318 248.111828336197 22.4010531222841
  endloop
endfacet
facet normal -1.65671061722783e-031 -5.06993532488631e-047 -1.0
  outer loop
    vertex 37.8335543385857 241.819299596313 22.4010531222841
    vertex 38.6619814633318 248.111828336197 22.4010531222841
    vertex 38.6619814633318 242.454974086705 22.4010531222841
  endloop
endfacet
facet normal -1.65671061722783e-031 -5.06993532488631e-047 -1.0
  outer loop
    vertex 38.6619814633318 242.454974086705 22.4010531222841
    vertex 38.6619814633318 248.111828336197 22.4010531222841
    vertex 39.2976559537234 247.283401211451 22.4010531222841
  endloop
endfacet
facet normal -1.65671061722783e-031 -5.06993532488631e-047 -1.0
  outer loop
    vertex 38.6619814633318 242.454974086705 22.4010531222841
    vertex 39.2976559537234 247.283401211451 22.4010531222841
    vertex 39.2976559537234 243.283401211451 22.4010531222841
  endloop
endfacet
facet normal -1.65671061722783e-031 -5.06993532488631e-047 -1.0
  outer loop
    vertex 39.2976559537234 243.283401211451 22.4010531222841
    vertex 39.2976559537234 247.283401211451 22.4010531222841
    vertex 39.6972576437419 246.318677391861 22.4010531222841
  endloop
endfacet
facet normal -1.65671061722783e-031 -5.06993532488631e-047 -1.0
  outer loop
    vertex 39.2976559537234 243.283401211451 22.4010531222841
    vertex 39.6972576437419 246.318677391861 22.4010531222841
    vertex 39.6972576437419 244.248125031041 22.4010531222841
  endloop
endfacet
facet normal -1.65671061722783e-031 -5.06993532488631e-047 -1.0
  outer loop
    vertex 39.6972576437419 244.248125031041 22.4010531222841
    vertex 39.6972576437419 246.318677391861 22.4010531222841
    vertex 39.8335543385857 245.283401211451 22.4010531222841
  endloop
endfacet
facet normal -0.608761429008704 0.793353340291248 1.00854152279751e-031
  outer loop
    vertex 33.0051272138395 248.111828336197 24.8012802420622
    vertex 33.8335543385857 248.747502826589 22.4010531222841
    vertex 33.0051272138395 248.111828336197 22.4010531222841
  endloop
endfacet
facet normal -0.608761429008704 0.793353340291248 1.00854152279751e-031
  outer loop
    vertex 33.8335543385857 248.747502826589 22.4010531222841
    vertex 33.0051272138395 248.111828336197 24.8012802420622
    vertex 33.8335543385857 248.747502826589 24.8012802420622
  endloop
endfacet
facet normal -0.382683432365119 0.923879532511275 6.33995705436481e-032
  outer loop
    vertex 33.8335543385857 248.747502826589 24.8012802420622
    vertex 34.7982781581756 249.147104516607 22.4010531222841
    vertex 33.8335543385857 248.747502826589 22.4010531222841
  endloop
endfacet
facet normal -0.382683432365119 0.923879532511275 6.33995705436481e-032
  outer loop
    vertex 34.7982781581756 249.147104516607 22.4010531222841
    vertex 33.8335543385857 248.747502826589 24.8012802420622
    vertex 34.7982781581756 249.147104516607 24.8012802420622
  endloop
endfacet
facet normal -0.130526192220031 0.991444861373813 2.16244128477246e-032
  outer loop
    vertex 34.7982781581756 249.147104516607 24.8012802420622
    vertex 35.8335543385857 249.283401211451 22.4010531222841
    vertex 34.7982781581756 249.147104516607 22.4010531222841
  endloop
endfacet
facet normal -0.130526192220031 0.991444861373813 2.16244128477246e-032
  outer loop
    vertex 35.8335543385857 249.283401211451 22.4010531222841
    vertex 34.7982781581756 249.147104516607 24.8012802420622
    vertex 35.8335543385857 249.283401211451 24.8012802420622
  endloop
endfacet
facet normal 0.130526192220073 0.991444861373808 -2.16244128477316e-032
  outer loop
    vertex 35.8335543385857 249.283401211451 24.8012802420622
    vertex 36.8688305189958 249.147104516607 22.4010531222841
    vertex 35.8335543385857 249.283401211451 22.4010531222841
  endloop
endfacet
facet normal 0.130526192220073 0.991444861373808 -2.16244128477316e-032
  outer loop
    vertex 36.8688305189958 249.147104516607 22.4010531222841
    vertex 35.8335543385857 249.283401211451 24.8012802420622
    vertex 36.8688305189958 249.147104516607 24.8012802420622
  endloop
endfacet
facet normal 0.382683432365084 0.923879532511289 -6.33995705436424e-032
  outer loop
    vertex 36.8688305189958 249.147104516607 24.8012802420622
    vertex 37.8335543385857 248.747502826589 22.4010531222841
    vertex 36.8688305189958 249.147104516607 22.4010531222841
  endloop
endfacet
facet normal 0.382683432365084 0.923879532511289 -6.33995705436424e-032
  outer loop
    vertex 37.8335543385857 248.747502826589 22.4010531222841
    vertex 36.8688305189958 249.147104516607 24.8012802420622
    vertex 37.8335543385857 248.747502826589 24.8012802420622
  endloop
endfacet
facet normal 0.608761429008704 0.793353340291248 -1.00854152279751e-031
  outer loop
    vertex 37.8335543385857 248.747502826589 24.8012802420622
    vertex 38.6619814633318 248.111828336197 22.4010531222841
    vertex 37.8335543385857 248.747502826589 22.4010531222841
  endloop
endfacet
facet normal 0.608761429008704 0.793353340291248 -1.00854152279751e-031
  outer loop
    vertex 38.6619814633318 248.111828336197 22.4010531222841
    vertex 37.8335543385857 248.747502826589 24.8012802420622
    vertex 38.6619814633318 248.111828336197 24.8012802420622
  endloop
endfacet
facet normal 0.793353340291239 0.608761429008716 -1.31435690207366e-031
  outer loop
    vertex 38.6619814633318 248.111828336197 22.4010531222841
    vertex 39.2976559537234 247.283401211451 24.8012802420622
    vertex 39.2976559537234 247.283401211451 22.4010531222841
  endloop
endfacet
facet normal 0.793353340291239 0.608761429008716 -1.31435690207366e-031
  outer loop
    vertex 39.2976559537234 247.283401211451 24.8012802420622
    vertex 38.6619814633318 248.111828336197 22.4010531222841
    vertex 38.6619814633318 248.111828336197 24.8012802420622
  endloop
endfacet
facet normal 0.923879532511287 0.382683432365091 -1.53060103055093e-031
  outer loop
    vertex 39.2976559537234 247.283401211451 22.4010531222841
    vertex 39.6972576437419 246.318677391861 24.8012802420622
    vertex 39.6972576437419 246.318677391861 22.4010531222841
  endloop
endfacet
facet normal 0.923879532511287 0.382683432365091 -1.53060103055093e-031
  outer loop
    vertex 39.6972576437419 246.318677391861 24.8012802420622
    vertex 39.2976559537234 247.283401211451 22.4010531222841
    vertex 39.2976559537234 247.283401211451 24.8012802420622
  endloop
endfacet
facet normal 0.991444861373811 0.130526192220051 -1.64253722823397e-031
  outer loop
    vertex 39.6972576437419 246.318677391861 22.4010531222841
    vertex 39.8335543385857 245.283401211451 24.8012802420622
    vertex 39.8335543385857 245.283401211451 22.4010531222841
  endloop
endfacet
facet normal 0.991444861373811 0.130526192220051 -1.64253722823397e-031
  outer loop
    vertex 39.8335543385857 245.283401211451 24.8012802420622
    vertex 39.6972576437419 246.318677391861 22.4010531222841
    vertex 39.6972576437419 246.318677391861 24.8012802420622
  endloop
endfacet
facet normal 0.991444861373811 -0.130526192220051 -1.64253722823397e-031
  outer loop
    vertex 39.8335543385857 245.283401211451 22.4010531222841
    vertex 39.6972576437419 244.248125031041 24.8012802420622
    vertex 39.6972576437419 244.248125031041 22.4010531222841
  endloop
endfacet
facet normal 0.991444861373811 -0.130526192220051 -1.64253722823397e-031
  outer loop
    vertex 39.6972576437419 244.248125031041 24.8012802420622
    vertex 39.8335543385857 245.283401211451 22.4010531222841
    vertex 39.8335543385857 245.283401211451 24.8012802420622
  endloop
endfacet
facet normal 0.923879532511285 -0.382683432365095 -1.53060103055093e-031
  outer loop
    vertex 39.6972576437419 244.248125031041 22.4010531222841
    vertex 39.2976559537234 243.283401211451 24.8012802420622
    vertex 39.2976559537234 243.283401211451 22.4010531222841
  endloop
endfacet
facet normal 0.923879532511285 -0.382683432365095 -1.53060103055093e-031
  outer loop
    vertex 39.2976559537234 243.283401211451 24.8012802420622
    vertex 39.6972576437419 244.248125031041 22.4010531222841
    vertex 39.6972576437419 244.248125031041 24.8012802420622
  endloop
endfacet
facet normal 0.793353340291241 -0.608761429008713 -1.31435690207366e-031
  outer loop
    vertex 39.2976559537234 243.283401211451 22.4010531222841
    vertex 38.6619814633318 242.454974086705 24.8012802420622
    vertex 38.6619814633318 242.454974086705 22.4010531222841
  endloop
endfacet
facet normal 0.793353340291241 -0.608761429008713 -1.31435690207366e-031
  outer loop
    vertex 38.6619814633318 242.454974086705 24.8012802420622
    vertex 39.2976559537234 243.283401211451 22.4010531222841
    vertex 39.2976559537234 243.283401211451 24.8012802420622
  endloop
endfacet
facet normal 0.608761429008704 -0.793353340291248 -1.00854152279751e-031
  outer loop
    vertex 38.6619814633318 242.454974086705 24.8012802420622
    vertex 37.8335543385857 241.819299596313 22.4010531222841
    vertex 38.6619814633318 242.454974086705 22.4010531222841
  endloop
endfacet
facet normal 0.608761429008704 -0.793353340291248 -1.00854152279751e-031
  outer loop
    vertex 37.8335543385857 241.819299596313 22.4010531222841
    vertex 38.6619814633318 242.454974086705 24.8012802420622
    vertex 37.8335543385857 241.819299596313 24.8012802420622
  endloop
endfacet
facet normal 0.382683432365119 -0.923879532511275 -6.33995705436481e-032
  outer loop
    vertex 37.8335543385857 241.819299596313 24.8012802420622
    vertex 36.8688305189957 241.419697906295 22.4010531222841
    vertex 37.8335543385857 241.819299596313 22.4010531222841
  endloop
endfacet
facet normal 0.382683432365119 -0.923879532511275 -6.33995705436481e-032
  outer loop
    vertex 36.8688305189957 241.419697906295 22.4010531222841
    vertex 37.8335543385857 241.819299596313 24.8012802420622
    vertex 36.8688305189957 241.419697906295 24.8012802420622
  endloop
endfacet
facet normal 0.130526192220031 -0.991444861373813 -2.16244128477246e-032
  outer loop
    vertex 36.8688305189957 241.419697906295 24.8012802420622
    vertex 35.8335543385857 241.283401211451 22.4010531222841
    vertex 36.8688305189957 241.419697906295 22.4010531222841
  endloop
endfacet
facet normal 0.130526192220031 -0.991444861373813 -2.16244128477246e-032
  outer loop
    vertex 35.8335543385857 241.283401211451 22.4010531222841
    vertex 36.8688305189957 241.419697906295 24.8012802420622
    vertex 35.8335543385857 241.283401211451 24.8012802420622
  endloop
endfacet
facet normal -0.130526192220073 -0.991444861373808 2.16244128477317e-032
  outer loop
    vertex 35.8335543385857 241.283401211451 24.8012802420622
    vertex 34.7982781581756 241.419697906295 22.4010531222841
    vertex 35.8335543385857 241.283401211451 22.4010531222841
  endloop
endfacet
facet normal -0.130526192220073 -0.991444861373808 2.16244128477317e-032
  outer loop
    vertex 34.7982781581756 241.419697906295 22.4010531222841
    vertex 35.8335543385857 241.283401211451 24.8012802420622
    vertex 34.7982781581756 241.419697906295 24.8012802420622
  endloop
endfacet
facet normal -0.382683432365082 -0.92387953251129 6.33995705436421e-032
  outer loop
    vertex 34.7982781581756 241.419697906295 24.8012802420622
    vertex 33.8335543385857 241.819299596313 22.4010531222841
    vertex 34.7982781581756 241.419697906295 22.4010531222841
  endloop
endfacet
facet normal -0.382683432365082 -0.92387953251129 6.33995705436421e-032
  outer loop
    vertex 33.8335543385857 241.819299596313 22.4010531222841
    vertex 34.7982781581756 241.419697906295 24.8012802420622
    vertex 33.8335543385857 241.819299596313 24.8012802420622
  endloop
endfacet
facet normal -0.608761429008704 -0.793353340291248 1.00854152279751e-031
  outer loop
    vertex 33.8335543385857 241.819299596313 24.8012802420622
    vertex 33.0051272138395 242.454974086705 22.4010531222841
    vertex 33.8335543385857 241.819299596313 22.4010531222841
  endloop
endfacet
facet normal -0.608761429008704 -0.793353340291248 1.00854152279751e-031
  outer loop
    vertex 33.0051272138395 242.454974086705 22.4010531222841
    vertex 33.8335543385857 241.819299596313 24.8012802420622
    vertex 33.0051272138395 242.454974086705 24.8012802420622
  endloop
endfacet
facet normal -0.793353340291241 -0.608761429008713 1.31435690207366e-031
  outer loop
    vertex 32.3694527234479 243.283401211451 24.8012802420622
    vertex 33.0051272138395 242.454974086705 22.4010531222841
    vertex 33.0051272138395 242.454974086705 24.8012802420622
  endloop
endfacet
facet normal -0.793353340291241 -0.608761429008713 1.31435690207366e-031
  outer loop
    vertex 33.0051272138395 242.454974086705 22.4010531222841
    vertex 32.3694527234479 243.283401211451 24.8012802420622
    vertex 32.3694527234479 243.283401211451 22.4010531222841
  endloop
endfacet
facet normal -0.923879532511285 -0.382683432365095 1.53060103055093e-031
  outer loop
    vertex 31.9698510334294 244.248125031041 24.8012802420622
    vertex 32.3694527234479 243.283401211451 22.4010531222841
    vertex 32.3694527234479 243.283401211451 24.8012802420622
  endloop
endfacet
facet normal -0.923879532511285 -0.382683432365095 1.53060103055093e-031
  outer loop
    vertex 32.3694527234479 243.283401211451 22.4010531222841
    vertex 31.9698510334294 244.248125031041 24.8012802420622
    vertex 31.9698510334294 244.248125031041 22.4010531222841
  endloop
endfacet
facet normal -0.991444861373811 -0.130526192220051 1.64253722823397e-031
  outer loop
    vertex 31.8335543385857 245.283401211451 24.8012802420622
    vertex 31.9698510334294 244.248125031041 22.4010531222841
    vertex 31.9698510334294 244.248125031041 24.8012802420622
  endloop
endfacet
facet normal -0.991444861373811 -0.130526192220051 1.64253722823397e-031
  outer loop
    vertex 31.9698510334294 244.248125031041 22.4010531222841
    vertex 31.8335543385857 245.283401211451 24.8012802420622
    vertex 31.8335543385857 245.283401211451 22.4010531222841
  endloop
endfacet
facet normal -0.991444861373811 0.130526192220051 1.64253722823397e-031
  outer loop
    vertex 31.9698510334294 246.318677391861 24.8012802420622
    vertex 31.8335543385857 245.283401211451 22.4010531222841
    vertex 31.8335543385857 245.283401211451 24.8012802420622
  endloop
endfacet
facet normal -0.991444861373811 0.130526192220051 1.64253722823397e-031
  outer loop
    vertex 31.8335543385857 245.283401211451 22.4010531222841
    vertex 31.9698510334294 246.318677391861 24.8012802420622
    vertex 31.9698510334294 246.318677391861 22.4010531222841
  endloop
endfacet
facet normal -0.923879532511285 0.382683432365095 1.53060103055093e-031
  outer loop
    vertex 32.3694527234479 247.283401211451 24.8012802420622
    vertex 31.9698510334294 246.318677391861 22.4010531222841
    vertex 31.9698510334294 246.318677391861 24.8012802420622
  endloop
endfacet
facet normal -0.923879532511285 0.382683432365095 1.53060103055093e-031
  outer loop
    vertex 31.9698510334294 246.318677391861 22.4010531222841
    vertex 32.3694527234479 247.283401211451 24.8012802420622
    vertex 32.3694527234479 247.283401211451 22.4010531222841
  endloop
endfacet
facet normal -0.793353340291241 0.608761429008713 1.31435690207366e-031
  outer loop
    vertex 33.0051272138395 248.111828336197 24.8012802420622
    vertex 32.3694527234479 247.283401211451 22.4010531222841
    vertex 32.3694527234479 247.283401211451 24.8012802420622
  endloop
endfacet
facet normal -0.793353340291241 0.608761429008713 1.31435690207366e-031
  outer loop
    vertex 32.3694527234479 247.283401211451 22.4010531222841
    vertex 33.0051272138395 248.111828336197 24.8012802420622
    vertex 33.0051272138395 248.111828336197 22.4010531222841
  endloop
endfacet
facet normal 0.0 0.0 -1.0
  outer loop
    vertex 31.9698510334705 277.31867739186 22.4010533831887
    vertex 31.9698510334705 275.24812503104 22.4010533831887
    vertex 31.8335543386268 276.28340121145 22.4010533831887
  endloop
endfacet
facet normal 0.0 0.0 -1.0
  outer loop
    vertex 31.9698510334705 275.24812503104 22.4010533831887
    vertex 31.9698510334705 277.31867739186 22.4010533831887
    vertex 32.369452723489 278.28340121145 22.4010533831887
  endloop
endfacet
facet normal 0.0 0.0 -1.0
  outer loop
    vertex 31.9698510334705 275.24812503104 22.4010533831887
    vertex 32.369452723489 278.28340121145 22.4010533831887
    vertex 32.369452723489 274.28340121145 22.4010533831887
  endloop
endfacet
facet normal 0.0 0.0 -1.0
  outer loop
    vertex 32.369452723489 274.28340121145 22.4010533831887
    vertex 32.369452723489 278.28340121145 22.4010533831887
    vertex 33.0051272138806 279.111828336196 22.4010533831887
  endloop
endfacet
facet normal 0.0 0.0 -1.0
  outer loop
    vertex 32.369452723489 274.28340121145 22.4010533831887
    vertex 33.0051272138806 279.111828336196 22.4010533831887
    vertex 33.0051272138806 273.454974086704 22.4010533831887
  endloop
endfacet
facet normal 0.0 0.0 -1.0
  outer loop
    vertex 33.0051272138806 273.454974086704 22.4010533831887
    vertex 33.0051272138806 279.111828336196 22.4010533831887
    vertex 33.8335543386268 279.747502826588 22.4010533831887
  endloop
endfacet
facet normal 0.0 0.0 -1.0
  outer loop
    vertex 33.0051272138806 273.454974086704 22.4010533831887
    vertex 33.8335543386268 279.747502826588 22.4010533831887
    vertex 33.8335543386268 272.819299596312 22.4010533831887
  endloop
endfacet
facet normal 0.0 0.0 -1.0
  outer loop
    vertex 33.8335543386268 272.819299596312 22.4010533831887
    vertex 33.8335543386268 279.747502826588 22.4010533831887
    vertex 34.1335543386269 276.283401211452 22.4010533831929
  endloop
endfacet
facet normal 0.0 0.0 -1.0
  outer loop
    vertex 34.1335543386269 276.283401211452 22.4010533831929
    vertex 33.8335543386268 279.747502826588 22.4010533831887
    vertex 34.1914804339361 276.723393588126 22.4010533831928
  endloop
endfacet
facet normal 0.0 0.0 -1.0
  outer loop
    vertex 34.1914804339361 276.723393588126 22.4010533831928
    vertex 33.8335543386268 279.747502826588 22.4010533831887
    vertex 34.7982781582167 280.147104516606 22.4010533831887
  endloop
endfacet
facet normal 0.0 0.0 -1.0
  outer loop
    vertex 34.1914804339361 276.723393588126 22.4010533831928
    vertex 34.7982781582167 280.147104516606 22.4010533831887
    vertex 34.3613111521945 277.133401211452 22.4010533831923
  endloop
endfacet
facet normal 0.0 0.0 -1.0
  outer loop
    vertex 34.3613111521945 277.133401211452 22.4010533831923
    vertex 34.7982781582167 280.147104516606 22.4010533831887
    vertex 34.6314728106114 277.485482739469 22.4010533831917
  endloop
endfacet
facet normal 0.0 0.0 -1.0
  outer loop
    vertex 34.6314728106114 277.485482739469 22.4010533831917
    vertex 34.7982781582167 280.147104516606 22.4010533831887
    vertex 34.9835543386288 277.755644397885 22.4010533831908
  endloop
endfacet
facet normal 0.0 0.0 -1.0
  outer loop
    vertex 34.9835543386288 277.755644397885 22.4010533831908
    vertex 34.7982781582167 280.147104516606 22.4010533831887
    vertex 35.8335543386268 280.28340121145 22.4010533831887
  endloop
endfacet
facet normal 0.0 0.0 -1.0
  outer loop
    vertex 34.9835543386288 277.755644397885 22.4010533831908
    vertex 35.8335543386268 280.28340121145 22.4010533831887
    vertex 35.3935619619547 277.925475116142 22.4010533831898
  endloop
endfacet
facet normal 0.0 0.0 -1.0
  outer loop
    vertex 35.3935619619547 277.925475116142 22.4010533831898
    vertex 35.8335543386268 280.28340121145 22.4010533831887
    vertex 35.8335543386291 277.98340121145 22.4010533831887
  endloop
endfacet
facet normal 0.0 0.0 -1.0
  outer loop
    vertex 35.8335543386291 277.98340121145 22.4010533831887
    vertex 35.8335543386268 280.28340121145 22.4010533831887
    vertex 36.8688305190368 280.147104516606 22.4010533831887
  endloop
endfacet
facet normal 0.0 0.0 -1.0
  outer loop
    vertex 35.8335543386291 277.98340121145 22.4010533831887
    vertex 36.8688305190368 280.147104516606 22.4010533831887
    vertex 36.2735467153033 277.925475116141 22.4010533831876
  endloop
endfacet
facet normal 0.0 0.0 -1.0
  outer loop
    vertex 36.2735467153033 277.925475116141 22.4010533831876
    vertex 36.8688305190368 280.147104516606 22.4010533831887
    vertex 36.6835543386287 277.755644397882 22.4010533831866
  endloop
endfacet
facet normal 0.0 0.0 -1.0
  outer loop
    vertex 36.6835543386287 277.755644397882 22.4010533831866
    vertex 36.8688305190368 280.147104516606 22.4010533831887
    vertex 37.0356358666455 277.485482739465 22.4010533831857
  endloop
endfacet
facet normal 0.0 0.0 -1.0
  outer loop
    vertex 37.0356358666455 277.485482739465 22.4010533831857
    vertex 36.8688305190368 280.147104516606 22.4010533831887
    vertex 37.8335543386268 279.747502826588 22.4010533831887
  endloop
endfacet
facet normal 0.0 0.0 -1.0
  outer loop
    vertex 37.0356358666455 277.485482739465 22.4010533831857
    vertex 37.8335543386268 279.747502826588 22.4010533831887
    vertex 37.3057975250614 277.133401211448 22.4010533831851
  endloop
endfacet
facet normal 0.0 0.0 -1.0
  outer loop
    vertex 37.3057975250614 277.133401211448 22.4010533831851
    vertex 37.8335543386268 279.747502826588 22.4010533831887
    vertex 37.4756282433187 276.723393588122 22.4010533831847
  endloop
endfacet
facet normal 0.0 0.0 -1.0
  outer loop
    vertex 37.4756282433187 276.723393588122 22.4010533831847
    vertex 37.8335543386268 279.747502826588 22.4010533831887
    vertex 37.5335543386267 276.283401211448 22.4010533831845
  endloop
endfacet
facet normal 0.0 0.0 -1.0
  outer loop
    vertex 33.8335543386268 272.819299596312 22.4010533831887
    vertex 34.1914804339349 275.843408834778 22.4010533831928
    vertex 34.7982781582167 272.419697906294 22.4010533831887
  endloop
endfacet
facet normal 0.0 0.0 -1.0
  outer loop
    vertex 34.1914804339349 275.843408834778 22.4010533831928
    vertex 33.8335543386268 272.819299596312 22.4010533831887
    vertex 34.1335543386269 276.283401211452 22.4010533831929
  endloop
endfacet
facet normal 0.0 0.0 -1.0
  outer loop
    vertex 34.7982781582167 272.419697906294 22.4010533831887
    vertex 34.1914804339349 275.843408834778 22.4010533831928
    vertex 34.3613111521922 275.433401211452 22.4010533831924
  endloop
endfacet
facet normal 0.0 0.0 -1.0
  outer loop
    vertex 34.7982781582167 272.419697906294 22.4010533831887
    vertex 34.3613111521922 275.433401211452 22.4010533831924
    vertex 34.6314728106081 275.081319683435 22.4010533831917
  endloop
endfacet
facet normal 0.0 0.0 -1.0
  outer loop
    vertex 34.7982781582167 272.419697906294 22.4010533831887
    vertex 34.6314728106081 275.081319683435 22.4010533831917
    vertex 34.9835543386249 274.811158025018 22.4010533831908
  endloop
endfacet
facet normal 0.0 0.0 -1.0
  outer loop
    vertex 34.7982781582167 272.419697906294 22.4010533831887
    vertex 34.9835543386249 274.811158025018 22.4010533831908
    vertex 35.8335543386268 272.28340121145 22.4010533831887
  endloop
endfacet
facet normal 0.0 0.0 -1.0
  outer loop
    vertex 35.8335543386268 272.28340121145 22.4010533831887
    vertex 34.9835543386249 274.811158025018 22.4010533831908
    vertex 35.3935619619503 274.641327306759 22.4010533831899
  endloop
endfacet
facet normal 0.0 0.0 -1.0
  outer loop
    vertex 35.8335543386268 272.28340121145 22.4010533831887
    vertex 35.3935619619503 274.641327306759 22.4010533831899
    vertex 35.8335543386245 274.58340121145 22.4010533831888
  endloop
endfacet
facet normal 0.0 0.0 -1.0
  outer loop
    vertex 35.8335543386268 272.28340121145 22.4010533831887
    vertex 35.8335543386245 274.58340121145 22.4010533831888
    vertex 36.2735467152988 274.641327306758 22.4010533831877
  endloop
endfacet
facet normal 0.0 0.0 -1.0
  outer loop
    vertex 35.8335543386268 272.28340121145 22.4010533831887
    vertex 36.2735467152988 274.641327306758 22.4010533831877
    vertex 36.8688305190368 272.419697906294 22.4010533831887
  endloop
endfacet
facet normal 0.0 0.0 -1.0
  outer loop
    vertex 36.8688305190368 272.419697906294 22.4010533831887
    vertex 36.2735467152988 274.641327306758 22.4010533831877
    vertex 36.6835543386247 274.811158025015 22.4010533831867
  endloop
endfacet
facet normal 0.0 0.0 -1.0
  outer loop
    vertex 36.8688305190368 272.419697906294 22.4010533831887
    vertex 36.6835543386247 274.811158025015 22.4010533831867
    vertex 37.0356358666423 275.081319683431 22.4010533831858
  endloop
endfacet
facet normal 0.0 0.0 -1.0
  outer loop
    vertex 36.8688305190368 272.419697906294 22.4010533831887
    vertex 37.0356358666423 275.081319683431 22.4010533831858
    vertex 37.8335543386268 272.819299596312 22.4010533831887
  endloop
endfacet
facet normal 0.0 0.0 -1.0
  outer loop
    vertex 37.8335543386268 272.819299596312 22.4010533831887
    vertex 37.0356358666423 275.081319683431 22.4010533831858
    vertex 37.3057975250591 275.433401211448 22.4010533831851
  endloop
endfacet
facet normal 0.0 0.0 -1.0
  outer loop
    vertex 37.8335543386268 272.819299596312 22.4010533831887
    vertex 37.3057975250591 275.433401211448 22.4010533831851
    vertex 37.4756282433175 275.843408834773 22.4010533831847
  endloop
endfacet
facet normal 0.0 0.0 -1.0
  outer loop
    vertex 37.8335543386268 272.819299596312 22.4010533831887
    vertex 37.4756282433175 275.843408834773 22.4010533831847
    vertex 37.5335543386267 276.283401211448 22.4010533831845
  endloop
endfacet
facet normal 0.0 0.0 -1.0
  outer loop
    vertex 37.8335543386268 272.819299596312 22.4010533831887
    vertex 37.5335543386267 276.283401211448 22.4010533831845
    vertex 37.8335543386268 279.747502826588 22.4010533831887
  endloop
endfacet
facet normal 0.0 0.0 -1.0
  outer loop
    vertex 37.8335543386268 272.819299596312 22.4010533831887
    vertex 37.8335543386268 279.747502826588 22.4010533831887
    vertex 38.6619814633729 279.111828336196 22.4010533831887
  endloop
endfacet
facet normal 0.0 0.0 -1.0
  outer loop
    vertex 37.8335543386268 272.819299596312 22.4010533831887
    vertex 38.6619814633729 279.111828336196 22.4010533831887
    vertex 38.6619814633729 273.454974086704 22.4010533831887
  endloop
endfacet
facet normal 0.0 0.0 -1.0
  outer loop
    vertex 38.6619814633729 273.454974086704 22.4010533831887
    vertex 38.6619814633729 279.111828336196 22.4010533831887
    vertex 39.2976559537645 278.28340121145 22.4010533831887
  endloop
endfacet
facet normal 0.0 0.0 -1.0
  outer loop
    vertex 38.6619814633729 273.454974086704 22.4010533831887
    vertex 39.2976559537645 278.28340121145 22.4010533831887
    vertex 39.2976559537645 274.28340121145 22.4010533831887
  endloop
endfacet
facet normal 0.0 0.0 -1.0
  outer loop
    vertex 39.2976559537645 274.28340121145 22.4010533831887
    vertex 39.2976559537645 278.28340121145 22.4010533831887
    vertex 39.697257643783 277.31867739186 22.4010533831887
  endloop
endfacet
facet normal 0.0 0.0 -1.0
  outer loop
    vertex 39.2976559537645 274.28340121145 22.4010533831887
    vertex 39.697257643783 277.31867739186 22.4010533831887
    vertex 39.697257643783 275.24812503104 22.4010533831887
  endloop
endfacet
facet normal 0.0 0.0 -1.0
  outer loop
    vertex 39.697257643783 275.24812503104 22.4010533831887
    vertex 39.697257643783 277.31867739186 22.4010533831887
    vertex 39.8335543386268 276.28340121145 22.4010533831887
  endloop
endfacet
facet normal 0.130526192220073 0.991444861373808 0.0
  outer loop
    vertex 35.8335543386268 280.28340121145 24.801280242075
    vertex 36.8688305190368 280.147104516606 22.4010533831887
    vertex 35.8335543386268 280.28340121145 22.4010533831887
  endloop
endfacet
facet normal 0.130526192220073 0.991444861373808 0.0
  outer loop
    vertex 36.8688305190368 280.147104516606 22.4010533831887
    vertex 35.8335543386268 280.28340121145 24.801280242075
    vertex 36.8688305190368 280.147104516606 24.801280242075
  endloop
endfacet
facet normal 0.382683432365082 0.92387953251129 0.0
  outer loop
    vertex 36.8688305190368 280.147104516606 24.801280242075
    vertex 37.8335543386268 279.747502826588 22.4010533831887
    vertex 36.8688305190368 280.147104516606 22.4010533831887
  endloop
endfacet
facet normal 0.382683432365082 0.92387953251129 0.0
  outer loop
    vertex 37.8335543386268 279.747502826588 22.4010533831887
    vertex 36.8688305190368 280.147104516606 24.801280242075
    vertex 37.8335543386268 279.747502826588 24.801280242075
  endloop
endfacet
facet normal 0.608761429008704 0.793353340291248 0.0
  outer loop
    vertex 37.8335543386268 279.747502826588 24.801280242075
    vertex 38.6619814633729 279.111828336196 22.4010533831887
    vertex 37.8335543386268 279.747502826588 22.4010533831887
  endloop
endfacet
facet normal 0.608761429008704 0.793353340291248 0.0
  outer loop
    vertex 38.6619814633729 279.111828336196 22.4010533831887
    vertex 37.8335543386268 279.747502826588 24.801280242075
    vertex 38.6619814633729 279.111828336196 24.801280242075
  endloop
endfacet
facet normal 0.793353340291241 0.608761429008713 0.0
  outer loop
    vertex 38.6619814633729 279.111828336196 22.4010533831887
    vertex 39.2976559537645 278.28340121145 24.801280242075
    vertex 39.2976559537645 278.28340121145 22.4010533831887
  endloop
endfacet
facet normal 0.793353340291241 0.608761429008713 0.0
  outer loop
    vertex 39.2976559537645 278.28340121145 24.801280242075
    vertex 38.6619814633729 279.111828336196 22.4010533831887
    vertex 38.6619814633729 279.111828336196 24.801280242075
  endloop
endfacet
facet normal 0.923879532511285 0.382683432365095 0.0
  outer loop
    vertex 39.2976559537645 278.28340121145 22.4010533831887
    vertex 39.697257643783 277.31867739186 24.801280242075
    vertex 39.697257643783 277.31867739186 22.4010533831887
  endloop
endfacet
facet normal 0.923879532511285 0.382683432365095 0.0
  outer loop
    vertex 39.697257643783 277.31867739186 24.801280242075
    vertex 39.2976559537645 278.28340121145 22.4010533831887
    vertex 39.2976559537645 278.28340121145 24.801280242075
  endloop
endfacet
facet normal 0.991444861373811 0.130526192220051 0.0
  outer loop
    vertex 39.697257643783 277.31867739186 22.4010533831887
    vertex 39.8335543386268 276.28340121145 24.801280242075
    vertex 39.8335543386268 276.28340121145 22.4010533831887
  endloop
endfacet
facet normal 0.991444861373811 0.130526192220051 0.0
  outer loop
    vertex 39.8335543386268 276.28340121145 24.801280242075
    vertex 39.697257643783 277.31867739186 22.4010533831887
    vertex 39.697257643783 277.31867739186 24.801280242075
  endloop
endfacet
facet normal 0.991444861373811 -0.130526192220051 0.0
  outer loop
    vertex 39.8335543386268 276.28340121145 22.4010533831887
    vertex 39.697257643783 275.24812503104 24.801280242075
    vertex 39.697257643783 275.24812503104 22.4010533831887
  endloop
endfacet
facet normal 0.991444861373811 -0.130526192220051 0.0
  outer loop
    vertex 39.697257643783 275.24812503104 24.801280242075
    vertex 39.8335543386268 276.28340121145 22.4010533831887
    vertex 39.8335543386268 276.28340121145 24.801280242075
  endloop
endfacet
facet normal 0.923879532511285 -0.382683432365095 0.0
  outer loop
    vertex 39.697257643783 275.24812503104 22.4010533831887
    vertex 39.2976559537645 274.28340121145 24.801280242075
    vertex 39.2976559537645 274.28340121145 22.4010533831887
  endloop
endfacet
facet normal 0.923879532511285 -0.382683432365095 0.0
  outer loop
    vertex 39.2976559537645 274.28340121145 24.801280242075
    vertex 39.697257643783 275.24812503104 22.4010533831887
    vertex 39.697257643783 275.24812503104 24.801280242075
  endloop
endfacet
facet normal 0.793353340291241 -0.608761429008713 0.0
  outer loop
    vertex 39.2976559537645 274.28340121145 22.4010533831887
    vertex 38.6619814633729 273.454974086704 24.801280242075
    vertex 38.6619814633729 273.454974086704 22.4010533831887
  endloop
endfacet
facet normal 0.793353340291241 -0.608761429008713 0.0
  outer loop
    vertex 38.6619814633729 273.454974086704 24.801280242075
    vertex 39.2976559537645 274.28340121145 22.4010533831887
    vertex 39.2976559537645 274.28340121145 24.801280242075
  endloop
endfacet
facet normal 0.608761429008704 -0.793353340291248 0.0
  outer loop
    vertex 38.6619814633729 273.454974086704 24.801280242075
    vertex 37.8335543386268 272.819299596312 22.4010533831887
    vertex 38.6619814633729 273.454974086704 22.4010533831887
  endloop
endfacet
facet normal 0.608761429008704 -0.793353340291248 0.0
  outer loop
    vertex 37.8335543386268 272.819299596312 22.4010533831887
    vertex 38.6619814633729 273.454974086704 24.801280242075
    vertex 37.8335543386268 272.819299596312 24.801280242075
  endloop
endfacet
facet normal 0.382683432365119 -0.923879532511275 0.0
  outer loop
    vertex 37.8335543386268 272.819299596312 24.801280242075
    vertex 36.8688305190368 272.419697906294 22.4010533831887
    vertex 37.8335543386268 272.819299596312 22.4010533831887
  endloop
endfacet
facet normal 0.382683432365119 -0.923879532511275 0.0
  outer loop
    vertex 36.8688305190368 272.419697906294 22.4010533831887
    vertex 37.8335543386268 272.819299596312 24.801280242075
    vertex 36.8688305190368 272.419697906294 24.801280242075
  endloop
endfacet
facet normal 0.130526192220031 -0.991444861373813 0.0
  outer loop
    vertex 36.8688305190368 272.419697906294 24.801280242075
    vertex 35.8335543386268 272.28340121145 22.4010533831887
    vertex 36.8688305190368 272.419697906294 22.4010533831887
  endloop
endfacet
facet normal 0.130526192220031 -0.991444861373813 0.0
  outer loop
    vertex 35.8335543386268 272.28340121145 22.4010533831887
    vertex 36.8688305190368 272.419697906294 24.801280242075
    vertex 35.8335543386268 272.28340121145 24.801280242075
  endloop
endfacet
facet normal -0.130526192220073 -0.991444861373808 -0.0
  outer loop
    vertex 35.8335543386268 272.28340121145 24.801280242075
    vertex 34.7982781582167 272.419697906294 22.4010533831887
    vertex 35.8335543386268 272.28340121145 22.4010533831887
  endloop
endfacet
facet normal -0.130526192220073 -0.991444861373808 -0.0
  outer loop
    vertex 34.7982781582167 272.419697906294 22.4010533831887
    vertex 35.8335543386268 272.28340121145 24.801280242075
    vertex 34.7982781582167 272.419697906294 24.801280242075
  endloop
endfacet
facet normal -0.382683432365084 -0.923879532511289 -0.0
  outer loop
    vertex 34.7982781582167 272.419697906294 24.801280242075
    vertex 33.8335543386268 272.819299596312 22.4010533831887
    vertex 34.7982781582167 272.419697906294 22.4010533831887
  endloop
endfacet
facet normal -0.382683432365084 -0.923879532511289 -0.0
  outer loop
    vertex 33.8335543386268 272.819299596312 22.4010533831887
    vertex 34.7982781582167 272.419697906294 24.801280242075
    vertex 33.8335543386268 272.819299596312 24.801280242075
  endloop
endfacet
facet normal -0.608761429008704 -0.793353340291248 -0.0
  outer loop
    vertex 33.8335543386268 272.819299596312 24.801280242075
    vertex 33.0051272138806 273.454974086704 22.4010533831887
    vertex 33.8335543386268 272.819299596312 22.4010533831887
  endloop
endfacet
facet normal -0.608761429008704 -0.793353340291248 -0.0
  outer loop
    vertex 33.0051272138806 273.454974086704 22.4010533831887
    vertex 33.8335543386268 272.819299596312 24.801280242075
    vertex 33.0051272138806 273.454974086704 24.801280242075
  endloop
endfacet
facet normal -0.793353340291239 -0.608761429008716 -0.0
  outer loop
    vertex 32.369452723489 274.28340121145 24.801280242075
    vertex 33.0051272138806 273.454974086704 22.4010533831887
    vertex 33.0051272138806 273.454974086704 24.801280242075
  endloop
endfacet
facet normal -0.793353340291239 -0.608761429008716 -0.0
  outer loop
    vertex 33.0051272138806 273.454974086704 22.4010533831887
    vertex 32.369452723489 274.28340121145 24.801280242075
    vertex 32.369452723489 274.28340121145 22.4010533831887
  endloop
endfacet
facet normal -0.923879532511287 -0.382683432365091 -0.0
  outer loop
    vertex 31.9698510334705 275.24812503104 24.801280242075
    vertex 32.369452723489 274.28340121145 22.4010533831887
    vertex 32.369452723489 274.28340121145 24.801280242075
  endloop
endfacet
facet normal -0.923879532511287 -0.382683432365091 -0.0
  outer loop
    vertex 32.369452723489 274.28340121145 22.4010533831887
    vertex 31.9698510334705 275.24812503104 24.801280242075
    vertex 31.9698510334705 275.24812503104 22.4010533831887
  endloop
endfacet
facet normal -0.991444861373811 -0.130526192220051 -0.0
  outer loop
    vertex 31.8335543386268 276.28340121145 24.801280242075
    vertex 31.9698510334705 275.24812503104 22.4010533831887
    vertex 31.9698510334705 275.24812503104 24.801280242075
  endloop
endfacet
facet normal -0.991444861373811 -0.130526192220051 -0.0
  outer loop
    vertex 31.9698510334705 275.24812503104 22.4010533831887
    vertex 31.8335543386268 276.28340121145 24.801280242075
    vertex 31.8335543386268 276.28340121145 22.4010533831887
  endloop
endfacet
facet normal -0.991444861373811 0.130526192220051 0.0
  outer loop
    vertex 31.9698510334705 277.31867739186 24.801280242075
    vertex 31.8335543386268 276.28340121145 22.4010533831887
    vertex 31.8335543386268 276.28340121145 24.801280242075
  endloop
endfacet
facet normal -0.991444861373811 0.130526192220051 0.0
  outer loop
    vertex 31.8335543386268 276.28340121145 22.4010533831887
    vertex 31.9698510334705 277.31867739186 24.801280242075
    vertex 31.9698510334705 277.31867739186 22.4010533831887
  endloop
endfacet
facet normal -0.923879532511285 0.382683432365095 0.0
  outer loop
    vertex 32.369452723489 278.28340121145 24.801280242075
    vertex 31.9698510334705 277.31867739186 22.4010533831887
    vertex 31.9698510334705 277.31867739186 24.801280242075
  endloop
endfacet
facet normal -0.923879532511285 0.382683432365095 0.0
  outer loop
    vertex 31.9698510334705 277.31867739186 22.4010533831887
    vertex 32.369452723489 278.28340121145 24.801280242075
    vertex 32.369452723489 278.28340121145 22.4010533831887
  endloop
endfacet
facet normal -0.793353340291241 0.608761429008713 0.0
  outer loop
    vertex 33.0051272138806 279.111828336196 24.801280242075
    vertex 32.369452723489 278.28340121145 22.4010533831887
    vertex 32.369452723489 278.28340121145 24.801280242075
  endloop
endfacet
facet normal -0.793353340291241 0.608761429008713 0.0
  outer loop
    vertex 32.369452723489 278.28340121145 22.4010533831887
    vertex 33.0051272138806 279.111828336196 24.801280242075
    vertex 33.0051272138806 279.111828336196 22.4010533831887
  endloop
endfacet
facet normal -0.608761429008704 0.793353340291248 0.0
  outer loop
    vertex 33.0051272138806 279.111828336196 24.801280242075
    vertex 33.8335543386268 279.747502826588 22.4010533831887
    vertex 33.0051272138806 279.111828336196 22.4010533831887
  endloop
endfacet
facet normal -0.608761429008704 0.793353340291248 0.0
  outer loop
    vertex 33.8335543386268 279.747502826588 22.4010533831887
    vertex 33.0051272138806 279.111828336196 24.801280242075
    vertex 33.8335543386268 279.747502826588 24.801280242075
  endloop
endfacet
facet normal -0.382683432365119 0.923879532511275 0.0
  outer loop
    vertex 33.8335543386268 279.747502826588 24.801280242075
    vertex 34.7982781582167 280.147104516606 22.4010533831887
    vertex 33.8335543386268 279.747502826588 22.4010533831887
  endloop
endfacet
facet normal -0.382683432365119 0.923879532511275 0.0
  outer loop
    vertex 34.7982781582167 280.147104516606 22.4010533831887
    vertex 33.8335543386268 279.747502826588 24.801280242075
    vertex 34.7982781582167 280.147104516606 24.801280242075
  endloop
endfacet
facet normal -0.130526192220031 0.991444861373813 0.0
  outer loop
    vertex 34.7982781582167 280.147104516606 24.801280242075
    vertex 35.8335543386268 280.28340121145 22.4010533831887
    vertex 34.7982781582167 280.147104516606 22.4010533831887
  endloop
endfacet
facet normal -0.130526192220031 0.991444861373813 0.0
  outer loop
    vertex 35.8335543386268 280.28340121145 22.4010533831887
    vertex 34.7982781582167 280.147104516606 24.801280242075
    vertex 35.8335543386268 280.28340121145 24.801280242075
  endloop
endfacet
facet normal 0.0 0.0 -1.0
  outer loop
    vertex 62.9698502466844 277.318677925907 22.4011015458166
    vertex 62.9698502466844 275.248125565087 22.4011015458166
    vertex 62.8335535518407 276.283401745497 22.4011015458166
  endloop
endfacet
facet normal 0.0 0.0 -1.0
  outer loop
    vertex 62.9698502466844 275.248125565087 22.4011015458166
    vertex 62.9698502466844 277.318677925907 22.4011015458166
    vertex 63.3694519367029 278.283401745497 22.4011015458166
  endloop
endfacet
facet normal 0.0 0.0 -1.0
  outer loop
    vertex 62.9698502466844 275.248125565087 22.4011015458166
    vertex 63.3694519367029 278.283401745497 22.4011015458166
    vertex 63.3694519367029 274.283401745497 22.4011015458166
  endloop
endfacet
facet normal 0.0 0.0 -1.0
  outer loop
    vertex 63.3694519367029 274.283401745497 22.4011015458166
    vertex 63.3694519367029 278.283401745497 22.4011015458166
    vertex 64.0051264270945 279.111828870243 22.4011015458166
  endloop
endfacet
facet normal 0.0 0.0 -1.0
  outer loop
    vertex 63.3694519367029 274.283401745497 22.4011015458166
    vertex 64.0051264270945 279.111828870243 22.4011015458166
    vertex 64.0051264270945 273.45497462075 22.4011015458166
  endloop
endfacet
facet normal 0.0 0.0 -1.0
  outer loop
    vertex 64.0051264270945 273.45497462075 22.4011015458166
    vertex 64.0051264270945 279.111828870243 22.4011015458166
    vertex 64.8335535518407 279.747503360634 22.4011015458166
  endloop
endfacet
facet normal 0.0 0.0 -1.0
  outer loop
    vertex 64.0051264270945 273.45497462075 22.4011015458166
    vertex 64.8335535518407 279.747503360634 22.4011015458166
    vertex 64.8335535518407 272.819300130359 22.4011015458166
  endloop
endfacet
facet normal 0.0 0.0 -1.0
  outer loop
    vertex 64.8335535518407 272.819300130359 22.4011015458166
    vertex 64.8335535518407 279.747503360634 22.4011015458166
    vertex 65.1335535518409 276.283401745499 22.4011015458206
  endloop
endfacet
facet normal 0.0 0.0 -1.0
  outer loop
    vertex 65.1335535518409 276.283401745499 22.4011015458206
    vertex 64.8335535518407 279.747503360634 22.4011015458166
    vertex 65.19147964715 276.723394122173 22.4011015458206
  endloop
endfacet
facet normal 0.0 0.0 -1.0
  outer loop
    vertex 65.19147964715 276.723394122173 22.4011015458206
    vertex 64.8335535518407 279.747503360634 22.4011015458166
    vertex 65.7982773714306 280.147105050653 22.4011015458166
  endloop
endfacet
facet normal 0.0 0.0 -1.0
  outer loop
    vertex 65.19147964715 276.723394122173 22.4011015458206
    vertex 65.7982773714306 280.147105050653 22.4011015458166
    vertex 65.3613103654084 277.133401745499 22.4011015458202
  endloop
endfacet
facet normal 0.0 0.0 -1.0
  outer loop
    vertex 65.3613103654084 277.133401745499 22.4011015458202
    vertex 65.7982773714306 280.147105050653 22.4011015458166
    vertex 65.6314720238253 277.485483273515 22.4011015458196
  endloop
endfacet
facet normal 0.0 0.0 -1.0
  outer loop
    vertex 65.6314720238253 277.485483273515 22.4011015458196
    vertex 65.7982773714306 280.147105050653 22.4011015458166
    vertex 65.9835535518427 277.755644931931 22.4011015458188
  endloop
endfacet
facet normal 0.0 0.0 -1.0
  outer loop
    vertex 65.9835535518427 277.755644931931 22.4011015458188
    vertex 65.7982773714306 280.147105050653 22.4011015458166
    vertex 66.8335535518407 280.283401745497 22.4011015458166
  endloop
endfacet
facet normal 0.0 0.0 -1.0
  outer loop
    vertex 65.9835535518427 277.755644931931 22.4011015458188
    vertex 66.8335535518407 280.283401745497 22.4011015458166
    vertex 66.3935611751686 277.925475650189 22.4011015458179
  endloop
endfacet
facet normal 0.0 0.0 -1.0
  outer loop
    vertex 66.3935611751686 277.925475650189 22.4011015458179
    vertex 66.8335535518407 280.283401745497 22.4011015458166
    vertex 66.8335535518429 277.983401745496 22.4011015458166
  endloop
endfacet
facet normal 0.0 0.0 -1.0
  outer loop
    vertex 66.8335535518429 277.983401745496 22.4011015458166
    vertex 66.8335535518407 280.283401745497 22.4011015458166
    vertex 67.8688297322507 280.147105050653 22.4011015458166
  endloop
endfacet
facet normal 0.0 0.0 -1.0
  outer loop
    vertex 66.8335535518429 277.983401745496 22.4011015458166
    vertex 67.8688297322507 280.147105050653 22.4011015458166
    vertex 67.2735459285171 277.925475650187 22.4011015458158
  endloop
endfacet
facet normal 0.0 0.0 -1.0
  outer loop
    vertex 67.2735459285171 277.925475650187 22.4011015458158
    vertex 67.8688297322507 280.147105050653 22.4011015458166
    vertex 67.6835535518425 277.755644931929 22.4011015458149
  endloop
endfacet
facet normal 0.0 0.0 -1.0
  outer loop
    vertex 67.6835535518425 277.755644931929 22.4011015458149
    vertex 67.8688297322507 280.147105050653 22.4011015458166
    vertex 68.0356350798592 277.485483273512 22.401101545814
  endloop
endfacet
facet normal 0.0 0.0 -1.0
  outer loop
    vertex 68.0356350798592 277.485483273512 22.401101545814
    vertex 67.8688297322507 280.147105050653 22.4011015458166
    vertex 68.8335535518407 279.747503360634 22.4011015458166
  endloop
endfacet
facet normal 0.0 0.0 -1.0
  outer loop
    vertex 68.0356350798592 277.485483273512 22.401101545814
    vertex 68.8335535518407 279.747503360634 22.4011015458166
    vertex 68.3057967382751 277.133401745495 22.4011015458133
  endloop
endfacet
facet normal 0.0 0.0 -1.0
  outer loop
    vertex 68.3057967382751 277.133401745495 22.4011015458133
    vertex 68.8335535518407 279.747503360634 22.4011015458166
    vertex 68.4756274565325 276.723394122169 22.4011015458128
  endloop
endfacet
facet normal 0.0 0.0 -1.0
  outer loop
    vertex 68.4756274565325 276.723394122169 22.4011015458128
    vertex 68.8335535518407 279.747503360634 22.4011015458166
    vertex 68.5335535518405 276.283401745494 22.4011015458126
  endloop
endfacet
facet normal 0.0 0.0 -1.0
  outer loop
    vertex 64.8335535518407 272.819300130359 22.4011015458166
    vertex 65.1914796471489 275.843409368825 22.4011015458204
    vertex 65.7982773714306 272.41969844034 22.4011015458166
  endloop
endfacet
facet normal 0.0 0.0 -1.0
  outer loop
    vertex 65.1914796471489 275.843409368825 22.4011015458204
    vertex 64.8335535518407 272.819300130359 22.4011015458166
    vertex 65.1335535518409 276.283401745499 22.4011015458206
  endloop
endfacet
facet normal 0.0 0.0 -1.0
  outer loop
    vertex 65.7982773714306 272.41969844034 22.4011015458166
    vertex 65.1914796471489 275.843409368825 22.4011015458204
    vertex 65.3613103654061 275.433401745499 22.40110154582
  endloop
endfacet
facet normal 0.0 0.0 -1.0
  outer loop
    vertex 65.7982773714306 272.41969844034 22.4011015458166
    vertex 65.3613103654061 275.433401745499 22.40110154582
    vertex 65.631472023822 275.081320217481 22.4011015458193
  endloop
endfacet
facet normal 0.0 0.0 -1.0
  outer loop
    vertex 65.7982773714306 272.41969844034 22.4011015458166
    vertex 65.631472023822 275.081320217481 22.4011015458193
    vertex 65.9835535518388 274.811158559064 22.4011015458184
  endloop
endfacet
facet normal 0.0 0.0 -1.0
  outer loop
    vertex 65.7982773714306 272.41969844034 22.4011015458166
    vertex 65.9835535518388 274.811158559064 22.4011015458184
    vertex 66.8335535518407 272.283401745497 22.4011015458166
  endloop
endfacet
facet normal 0.0 0.0 -1.0
  outer loop
    vertex 66.8335535518407 272.283401745497 22.4011015458166
    vertex 65.9835535518388 274.811158559064 22.4011015458184
    vertex 66.3935611751642 274.641327840806 22.4011015458174
  endloop
endfacet
facet normal 0.0 0.0 -1.0
  outer loop
    vertex 66.8335535518407 272.283401745497 22.4011015458166
    vertex 66.3935611751642 274.641327840806 22.4011015458174
    vertex 66.8335535518383 274.583401745497 22.4011015458167
  endloop
endfacet
facet normal 0.0 0.0 -1.0
  outer loop
    vertex 66.8335535518407 272.283401745497 22.4011015458166
    vertex 66.8335535518383 274.583401745497 22.4011015458167
    vertex 67.2735459285127 274.641327840805 22.4011015458153
  endloop
endfacet
facet normal 0.0 0.0 -1.0
  outer loop
    vertex 66.8335535518407 272.283401745497 22.4011015458166
    vertex 67.2735459285127 274.641327840805 22.4011015458153
    vertex 67.8688297322507 272.41969844034 22.4011015458166
  endloop
endfacet
facet normal 0.0 0.0 -1.0
  outer loop
    vertex 67.8688297322507 272.41969844034 22.4011015458166
    vertex 67.2735459285127 274.641327840805 22.4011015458153
    vertex 67.6835535518386 274.811158559062 22.4011015458144
  endloop
endfacet
facet normal 0.0 0.0 -1.0
  outer loop
    vertex 67.8688297322507 272.41969844034 22.4011015458166
    vertex 67.6835535518386 274.811158559062 22.4011015458144
    vertex 68.035635079856 275.081320217478 22.4011015458136
  endloop
endfacet
facet normal 0.0 0.0 -1.0
  outer loop
    vertex 67.8688297322507 272.41969844034 22.4011015458166
    vertex 68.035635079856 275.081320217478 22.4011015458136
    vertex 68.8335535518407 272.819300130359 22.4011015458166
  endloop
endfacet
facet normal 0.0 0.0 -1.0
  outer loop
    vertex 68.8335535518407 272.819300130359 22.4011015458166
    vertex 68.035635079856 275.081320217478 22.4011015458136
    vertex 68.3057967382728 275.433401745495 22.401101545813
  endloop
endfacet
facet normal 0.0 0.0 -1.0
  outer loop
    vertex 68.8335535518407 272.819300130359 22.4011015458166
    vertex 68.3057967382728 275.433401745495 22.401101545813
    vertex 68.4756274565313 275.84340936882 22.4011015458127
  endloop
endfacet
facet normal 0.0 0.0 -1.0
  outer loop
    vertex 68.8335535518407 272.819300130359 22.4011015458166
    vertex 68.4756274565313 275.84340936882 22.4011015458127
    vertex 68.5335535518405 276.283401745494 22.4011015458126
  endloop
endfacet
facet normal 0.0 0.0 -1.0
  outer loop
    vertex 68.8335535518407 272.819300130359 22.4011015458166
    vertex 68.5335535518405 276.283401745494 22.4011015458126
    vertex 68.8335535518407 279.747503360634 22.4011015458166
  endloop
endfacet
facet normal 0.0 0.0 -1.0
  outer loop
    vertex 68.8335535518407 272.819300130359 22.4011015458166
    vertex 68.8335535518407 279.747503360634 22.4011015458166
    vertex 69.6619806765869 279.111828870243 22.4011015458166
  endloop
endfacet
facet normal 0.0 0.0 -1.0
  outer loop
    vertex 68.8335535518407 272.819300130359 22.4011015458166
    vertex 69.6619806765869 279.111828870243 22.4011015458166
    vertex 69.6619806765869 273.45497462075 22.4011015458166
  endloop
endfacet
facet normal 0.0 0.0 -1.0
  outer loop
    vertex 69.6619806765869 273.45497462075 22.4011015458166
    vertex 69.6619806765869 279.111828870243 22.4011015458166
    vertex 70.2976551669784 278.283401745497 22.4011015458166
  endloop
endfacet
facet normal 0.0 0.0 -1.0
  outer loop
    vertex 69.6619806765869 273.45497462075 22.4011015458166
    vertex 70.2976551669784 278.283401745497 22.4011015458166
    vertex 70.2976551669784 274.283401745497 22.4011015458166
  endloop
endfacet
facet normal 0.0 0.0 -1.0
  outer loop
    vertex 70.2976551669784 274.283401745497 22.4011015458166
    vertex 70.2976551669784 278.283401745497 22.4011015458166
    vertex 70.6972568569969 277.318677925907 22.4011015458166
  endloop
endfacet
facet normal 0.0 0.0 -1.0
  outer loop
    vertex 70.2976551669784 274.283401745497 22.4011015458166
    vertex 70.6972568569969 277.318677925907 22.4011015458166
    vertex 70.6972568569969 275.248125565087 22.4011015458166
  endloop
endfacet
facet normal 0.0 0.0 -1.0
  outer loop
    vertex 70.6972568569969 275.248125565087 22.4011015458166
    vertex 70.6972568569969 277.318677925907 22.4011015458166
    vertex 70.8335535518407 276.283401745497 22.4011015458166
  endloop
endfacet
facet normal 0.382683432365119 -0.923879532511275 0.0
  outer loop
    vertex 68.8335535518407 272.819300130359 24.8011212225115
    vertex 67.8688297322507 272.41969844034 22.4011015458166
    vertex 68.8335535518407 272.819300130359 22.4011015458166
  endloop
endfacet
facet normal 0.382683432365119 -0.923879532511275 0.0
  outer loop
    vertex 67.8688297322507 272.41969844034 22.4011015458166
    vertex 68.8335535518407 272.819300130359 24.8011212225115
    vertex 67.8688297322507 272.41969844034 24.8011212225115
  endloop
endfacet
facet normal 0.130526192220031 -0.991444861373813 0.0
  outer loop
    vertex 67.8688297322507 272.41969844034 24.8011212225115
    vertex 66.8335535518407 272.283401745497 22.4011015458166
    vertex 67.8688297322507 272.41969844034 22.4011015458166
  endloop
endfacet
facet normal 0.130526192220031 -0.991444861373813 0.0
  outer loop
    vertex 66.8335535518407 272.283401745497 22.4011015458166
    vertex 67.8688297322507 272.41969844034 24.8011212225115
    vertex 66.8335535518407 272.283401745497 24.8011212225115
  endloop
endfacet
facet normal -0.130526192220073 -0.991444861373808 -0.0
  outer loop
    vertex 66.8335535518407 272.283401745497 24.8011212225115
    vertex 65.7982773714306 272.41969844034 22.4011015458166
    vertex 66.8335535518407 272.283401745497 22.4011015458166
  endloop
endfacet
facet normal -0.130526192220073 -0.991444861373808 -0.0
  outer loop
    vertex 65.7982773714306 272.41969844034 22.4011015458166
    vertex 66.8335535518407 272.283401745497 24.8011212225115
    vertex 65.7982773714306 272.41969844034 24.8011212225115
  endloop
endfacet
facet normal -0.382683432365082 -0.92387953251129 -0.0
  outer loop
    vertex 65.7982773714306 272.41969844034 24.8011212225115
    vertex 64.8335535518407 272.819300130359 22.4011015458166
    vertex 65.7982773714306 272.41969844034 22.4011015458166
  endloop
endfacet
facet normal -0.382683432365082 -0.92387953251129 -0.0
  outer loop
    vertex 64.8335535518407 272.819300130359 22.4011015458166
    vertex 65.7982773714306 272.41969844034 24.8011212225115
    vertex 64.8335535518407 272.819300130359 24.8011212225115
  endloop
endfacet
facet normal -0.608761429008704 -0.793353340291248 -0.0
  outer loop
    vertex 64.8335535518407 272.819300130359 24.8011212225115
    vertex 64.0051264270945 273.45497462075 22.4011015458166
    vertex 64.8335535518407 272.819300130359 22.4011015458166
  endloop
endfacet
facet normal -0.608761429008704 -0.793353340291248 -0.0
  outer loop
    vertex 64.0051264270945 273.45497462075 22.4011015458166
    vertex 64.8335535518407 272.819300130359 24.8011212225115
    vertex 64.0051264270945 273.45497462075 24.8011212225115
  endloop
endfacet
facet normal -0.793353340291241 -0.608761429008713 -0.0
  outer loop
    vertex 63.3694519367029 274.283401745497 24.8011212225115
    vertex 64.0051264270945 273.45497462075 22.4011015458166
    vertex 64.0051264270945 273.45497462075 24.8011212225115
  endloop
endfacet
facet normal -0.793353340291241 -0.608761429008713 -0.0
  outer loop
    vertex 64.0051264270945 273.45497462075 22.4011015458166
    vertex 63.3694519367029 274.283401745497 24.8011212225115
    vertex 63.3694519367029 274.283401745497 22.4011015458166
  endloop
endfacet
facet normal -0.923879532511285 -0.382683432365095 -0.0
  outer loop
    vertex 62.9698502466844 275.248125565087 24.8011212225115
    vertex 63.3694519367029 274.283401745497 22.4011015458166
    vertex 63.3694519367029 274.283401745497 24.8011212225115
  endloop
endfacet
facet normal -0.923879532511285 -0.382683432365095 -0.0
  outer loop
    vertex 63.3694519367029 274.283401745497 22.4011015458166
    vertex 62.9698502466844 275.248125565087 24.8011212225115
    vertex 62.9698502466844 275.248125565087 22.4011015458166
  endloop
endfacet
facet normal -0.991444861373811 -0.130526192220051 -0.0
  outer loop
    vertex 62.8335535518407 276.283401745497 24.8011212225115
    vertex 62.9698502466844 275.248125565087 22.4011015458166
    vertex 62.9698502466844 275.248125565087 24.8011212225115
  endloop
endfacet
facet normal -0.991444861373811 -0.130526192220051 -0.0
  outer loop
    vertex 62.9698502466844 275.248125565087 22.4011015458166
    vertex 62.8335535518407 276.283401745497 24.8011212225115
    vertex 62.8335535518407 276.283401745497 22.4011015458166
  endloop
endfacet
facet normal -0.991444861373811 0.130526192220051 0.0
  outer loop
    vertex 62.9698502466844 277.318677925907 24.8011212225115
    vertex 62.8335535518407 276.283401745497 22.4011015458166
    vertex 62.8335535518407 276.283401745497 24.8011212225115
  endloop
endfacet
facet normal -0.991444861373811 0.130526192220051 0.0
  outer loop
    vertex 62.8335535518407 276.283401745497 22.4011015458166
    vertex 62.9698502466844 277.318677925907 24.8011212225115
    vertex 62.9698502466844 277.318677925907 22.4011015458166
  endloop
endfacet
facet normal -0.923879532511285 0.382683432365095 0.0
  outer loop
    vertex 63.3694519367029 278.283401745497 24.8011212225115
    vertex 62.9698502466844 277.318677925907 22.4011015458166
    vertex 62.9698502466844 277.318677925907 24.8011212225115
  endloop
endfacet
facet normal -0.923879532511285 0.382683432365095 0.0
  outer loop
    vertex 62.9698502466844 277.318677925907 22.4011015458166
    vertex 63.3694519367029 278.283401745497 24.8011212225115
    vertex 63.3694519367029 278.283401745497 22.4011015458166
  endloop
endfacet
facet normal -0.793353340291241 0.608761429008713 0.0
  outer loop
    vertex 64.0051264270945 279.111828870243 24.8011212225115
    vertex 63.3694519367029 278.283401745497 22.4011015458166
    vertex 63.3694519367029 278.283401745497 24.8011212225115
  endloop
endfacet
facet normal -0.793353340291241 0.608761429008713 0.0
  outer loop
    vertex 63.3694519367029 278.283401745497 22.4011015458166
    vertex 64.0051264270945 279.111828870243 24.8011212225115
    vertex 64.0051264270945 279.111828870243 22.4011015458166
  endloop
endfacet
facet normal -0.608761429008704 0.793353340291248 0.0
  outer loop
    vertex 64.0051264270945 279.111828870243 24.8011212225115
    vertex 64.8335535518407 279.747503360634 22.4011015458166
    vertex 64.0051264270945 279.111828870243 22.4011015458166
  endloop
endfacet
facet normal -0.608761429008704 0.793353340291248 0.0
  outer loop
    vertex 64.8335535518407 279.747503360634 22.4011015458166
    vertex 64.0051264270945 279.111828870243 24.8011212225115
    vertex 64.8335535518407 279.747503360634 24.8011212225115
  endloop
endfacet
facet normal -0.382683432365119 0.923879532511275 0.0
  outer loop
    vertex 64.8335535518407 279.747503360634 24.8011212225115
    vertex 65.7982773714306 280.147105050653 22.4011015458166
    vertex 64.8335535518407 279.747503360634 22.4011015458166
  endloop
endfacet
facet normal -0.382683432365119 0.923879532511275 0.0
  outer loop
    vertex 65.7982773714306 280.147105050653 22.4011015458166
    vertex 64.8335535518407 279.747503360634 24.8011212225115
    vertex 65.7982773714306 280.147105050653 24.8011212225115
  endloop
endfacet
facet normal -0.130526192220031 0.991444861373813 0.0
  outer loop
    vertex 65.7982773714306 280.147105050653 24.8011212225115
    vertex 66.8335535518407 280.283401745497 22.4011015458166
    vertex 65.7982773714306 280.147105050653 22.4011015458166
  endloop
endfacet
facet normal -0.130526192220031 0.991444861373813 0.0
  outer loop
    vertex 66.8335535518407 280.283401745497 22.4011015458166
    vertex 65.7982773714306 280.147105050653 24.8011212225115
    vertex 66.8335535518407 280.283401745497 24.8011212225115
  endloop
endfacet
facet normal 0.130526192220073 0.991444861373808 0.0
  outer loop
    vertex 66.8335535518407 280.283401745497 24.8011212225115
    vertex 67.8688297322507 280.147105050653 22.4011015458166
    vertex 66.8335535518407 280.283401745497 22.4011015458166
  endloop
endfacet
facet normal 0.130526192220073 0.991444861373808 0.0
  outer loop
    vertex 67.8688297322507 280.147105050653 22.4011015458166
    vertex 66.8335535518407 280.283401745497 24.8011212225115
    vertex 67.8688297322507 280.147105050653 24.8011212225115
  endloop
endfacet
facet normal 0.382683432365082 0.92387953251129 0.0
  outer loop
    vertex 67.8688297322507 280.147105050653 24.8011212225115
    vertex 68.8335535518407 279.747503360634 22.4011015458166
    vertex 67.8688297322507 280.147105050653 22.4011015458166
  endloop
endfacet
facet normal 0.382683432365082 0.92387953251129 0.0
  outer loop
    vertex 68.8335535518407 279.747503360634 22.4011015458166
    vertex 67.8688297322507 280.147105050653 24.8011212225115
    vertex 68.8335535518407 279.747503360634 24.8011212225115
  endloop
endfacet
facet normal 0.608761429008704 0.793353340291248 0.0
  outer loop
    vertex 68.8335535518407 279.747503360634 24.8011212225115
    vertex 69.6619806765869 279.111828870243 22.4011015458166
    vertex 68.8335535518407 279.747503360634 22.4011015458166
  endloop
endfacet
facet normal 0.608761429008704 0.793353340291248 0.0
  outer loop
    vertex 69.6619806765869 279.111828870243 22.4011015458166
    vertex 68.8335535518407 279.747503360634 24.8011212225115
    vertex 69.6619806765869 279.111828870243 24.8011212225115
  endloop
endfacet
facet normal 0.793353340291241 0.608761429008713 0.0
  outer loop
    vertex 69.6619806765869 279.111828870243 22.4011015458166
    vertex 70.2976551669784 278.283401745497 24.8011212225115
    vertex 70.2976551669784 278.283401745497 22.4011015458166
  endloop
endfacet
facet normal 0.793353340291241 0.608761429008713 0.0
  outer loop
    vertex 70.2976551669784 278.283401745497 24.8011212225115
    vertex 69.6619806765869 279.111828870243 22.4011015458166
    vertex 69.6619806765869 279.111828870243 24.8011212225115
  endloop
endfacet
facet normal 0.923879532511285 0.382683432365095 0.0
  outer loop
    vertex 70.2976551669784 278.283401745497 22.4011015458166
    vertex 70.6972568569969 277.318677925907 24.8011212225115
    vertex 70.6972568569969 277.318677925907 22.4011015458166
  endloop
endfacet
facet normal 0.923879532511285 0.382683432365095 0.0
  outer loop
    vertex 70.6972568569969 277.318677925907 24.8011212225115
    vertex 70.2976551669784 278.283401745497 22.4011015458166
    vertex 70.2976551669784 278.283401745497 24.8011212225115
  endloop
endfacet
facet normal 0.991444861373811 0.130526192220051 0.0
  outer loop
    vertex 70.6972568569969 277.318677925907 22.4011015458166
    vertex 70.8335535518407 276.283401745497 24.8011212225115
    vertex 70.8335535518407 276.283401745497 22.4011015458166
  endloop
endfacet
facet normal 0.991444861373811 0.130526192220051 0.0
  outer loop
    vertex 70.8335535518407 276.283401745497 24.8011212225115
    vertex 70.6972568569969 277.318677925907 22.4011015458166
    vertex 70.6972568569969 277.318677925907 24.8011212225115
  endloop
endfacet
facet normal 0.991444861373811 -0.130526192220051 0.0
  outer loop
    vertex 70.8335535518407 276.283401745497 22.4011015458166
    vertex 70.6972568569969 275.248125565087 24.8011212225115
    vertex 70.6972568569969 275.248125565087 22.4011015458166
  endloop
endfacet
facet normal 0.991444861373811 -0.130526192220051 0.0
  outer loop
    vertex 70.6972568569969 275.248125565087 24.8011212225115
    vertex 70.8335535518407 276.283401745497 22.4011015458166
    vertex 70.8335535518407 276.283401745497 24.8011212225115
  endloop
endfacet
facet normal 0.923879532511285 -0.382683432365095 0.0
  outer loop
    vertex 70.6972568569969 275.248125565087 22.4011015458166
    vertex 70.2976551669784 274.283401745497 24.8011212225115
    vertex 70.2976551669784 274.283401745497 22.4011015458166
  endloop
endfacet
facet normal 0.923879532511285 -0.382683432365095 0.0
  outer loop
    vertex 70.2976551669784 274.283401745497 24.8011212225115
    vertex 70.6972568569969 275.248125565087 22.4011015458166
    vertex 70.6972568569969 275.248125565087 24.8011212225115
  endloop
endfacet
facet normal 0.793353340291241 -0.608761429008713 0.0
  outer loop
    vertex 70.2976551669784 274.283401745497 22.4011015458166
    vertex 69.6619806765869 273.45497462075 24.8011212225115
    vertex 69.6619806765869 273.45497462075 22.4011015458166
  endloop
endfacet
facet normal 0.793353340291241 -0.608761429008713 0.0
  outer loop
    vertex 69.6619806765869 273.45497462075 24.8011212225115
    vertex 70.2976551669784 274.283401745497 22.4011015458166
    vertex 70.2976551669784 274.283401745497 24.8011212225115
  endloop
endfacet
facet normal 0.608761429008704 -0.793353340291248 0.0
  outer loop
    vertex 69.6619806765869 273.45497462075 24.8011212225115
    vertex 68.8335535518407 272.819300130359 22.4011015458166
    vertex 69.6619806765869 273.45497462075 22.4011015458166
  endloop
endfacet
facet normal 0.608761429008704 -0.793353340291248 0.0
  outer loop
    vertex 68.8335535518407 272.819300130359 22.4011015458166
    vertex 69.6619806765869 273.45497462075 24.8011212225115
    vertex 68.8335535518407 272.819300130359 24.8011212225115
  endloop
endfacet
facet normal -0.923879532511285 0.382683432365095 0.0
  outer loop
    vertex 63.3694519366596 247.283401745505 24.8010334452878
    vertex 62.9698502466411 246.318677925915 22.4010857057338
    vertex 62.9698502466411 246.318677925915 24.8010334452878
  endloop
endfacet
facet normal -0.923879532511285 0.382683432365095 0.0
  outer loop
    vertex 62.9698502466411 246.318677925915 22.4010857057338
    vertex 63.3694519366596 247.283401745505 24.8010334452878
    vertex 63.3694519366596 247.283401745505 22.4010857057338
  endloop
endfacet
facet normal -0.793353340291241 0.608761429008713 0.0
  outer loop
    vertex 64.0051264270511 248.111828870251 24.8010334452878
    vertex 63.3694519366596 247.283401745505 22.4010857057338
    vertex 63.3694519366596 247.283401745505 24.8010334452878
  endloop
endfacet
facet normal -0.793353340291241 0.608761429008713 0.0
  outer loop
    vertex 63.3694519366596 247.283401745505 22.4010857057338
    vertex 64.0051264270511 248.111828870251 24.8010334452878
    vertex 64.0051264270511 248.111828870251 22.4010857057338
  endloop
endfacet
facet normal -0.608761429008704 0.793353340291248 0.0
  outer loop
    vertex 64.0051264270511 248.111828870251 24.8010334452878
    vertex 64.8335535517973 248.747503360643 22.4010857057338
    vertex 64.0051264270511 248.111828870251 22.4010857057338
  endloop
endfacet
facet normal -0.608761429008704 0.793353340291248 0.0
  outer loop
    vertex 64.8335535517973 248.747503360643 22.4010857057338
    vertex 64.0051264270511 248.111828870251 24.8010334452878
    vertex 64.8335535517973 248.747503360643 24.8010334452878
  endloop
endfacet
facet normal -0.382683432365119 0.923879532511275 0.0
  outer loop
    vertex 64.8335535517973 248.747503360643 24.8010334452878
    vertex 65.7982773713872 249.147105050661 22.4010857057338
    vertex 64.8335535517973 248.747503360643 22.4010857057338
  endloop
endfacet
facet normal -0.382683432365119 0.923879532511275 0.0
  outer loop
    vertex 65.7982773713872 249.147105050661 22.4010857057338
    vertex 64.8335535517973 248.747503360643 24.8010334452878
    vertex 65.7982773713872 249.147105050661 24.8010334452878
  endloop
endfacet
facet normal -0.130526192220031 0.991444861373813 0.0
  outer loop
    vertex 65.7982773713872 249.147105050661 24.8010334452878
    vertex 66.8335535517973 249.283401745505 22.4010857057338
    vertex 65.7982773713872 249.147105050661 22.4010857057338
  endloop
endfacet
facet normal -0.130526192220031 0.991444861373813 0.0
  outer loop
    vertex 66.8335535517973 249.283401745505 22.4010857057338
    vertex 65.7982773713872 249.147105050661 24.8010334452878
    vertex 66.8335535517973 249.283401745505 24.8010334452878
  endloop
endfacet
facet normal 0.130526192220073 0.991444861373808 0.0
  outer loop
    vertex 66.8335535517973 249.283401745505 24.8010334452878
    vertex 67.8688297322074 249.147105050661 22.4010857057338
    vertex 66.8335535517973 249.283401745505 22.4010857057338
  endloop
endfacet
facet normal 0.130526192220073 0.991444861373808 0.0
  outer loop
    vertex 67.8688297322074 249.147105050661 22.4010857057338
    vertex 66.8335535517973 249.283401745505 24.8010334452878
    vertex 67.8688297322074 249.147105050661 24.8010334452878
  endloop
endfacet
facet normal 0.382683432365082 0.92387953251129 0.0
  outer loop
    vertex 67.8688297322074 249.147105050661 24.8010334452878
    vertex 68.8335535517973 248.747503360643 22.4010857057338
    vertex 67.8688297322074 249.147105050661 22.4010857057338
  endloop
endfacet
facet normal 0.382683432365082 0.92387953251129 0.0
  outer loop
    vertex 68.8335535517973 248.747503360643 22.4010857057338
    vertex 67.8688297322074 249.147105050661 24.8010334452878
    vertex 68.8335535517973 248.747503360643 24.8010334452878
  endloop
endfacet
facet normal 0.608761429008704 0.793353340291248 0.0
  outer loop
    vertex 68.8335535517973 248.747503360643 24.8010334452878
    vertex 69.6619806765435 248.111828870251 22.4010857057338
    vertex 68.8335535517973 248.747503360643 22.4010857057338
  endloop
endfacet
facet normal 0.608761429008704 0.793353340291248 0.0
  outer loop
    vertex 69.6619806765435 248.111828870251 22.4010857057338
    vertex 68.8335535517973 248.747503360643 24.8010334452878
    vertex 69.6619806765435 248.111828870251 24.8010334452878
  endloop
endfacet
facet normal 0.793353340291241 0.608761429008713 0.0
  outer loop
    vertex 69.6619806765435 248.111828870251 22.4010857057338
    vertex 70.2976551669351 247.283401745505 24.8010334452878
    vertex 70.2976551669351 247.283401745505 22.4010857057338
  endloop
endfacet
facet normal 0.793353340291241 0.608761429008713 0.0
  outer loop
    vertex 70.2976551669351 247.283401745505 24.8010334452878
    vertex 69.6619806765435 248.111828870251 22.4010857057338
    vertex 69.6619806765435 248.111828870251 24.8010334452878
  endloop
endfacet
facet normal 0.923879532511285 0.382683432365095 0.0
  outer loop
    vertex 70.2976551669351 247.283401745505 22.4010857057338
    vertex 70.6972568569536 246.318677925915 24.8010334452878
    vertex 70.6972568569536 246.318677925915 22.4010857057338
  endloop
endfacet
facet normal 0.923879532511285 0.382683432365095 0.0
  outer loop
    vertex 70.6972568569536 246.318677925915 24.8010334452878
    vertex 70.2976551669351 247.283401745505 22.4010857057338
    vertex 70.2976551669351 247.283401745505 24.8010334452878
  endloop
endfacet
facet normal 0.991444861373811 0.130526192220051 0.0
  outer loop
    vertex 70.6972568569536 246.318677925915 22.4010857057338
    vertex 70.8335535517973 245.283401745505 24.8010334452878
    vertex 70.8335535517973 245.283401745505 22.4010857057338
  endloop
endfacet
facet normal 0.991444861373811 0.130526192220051 0.0
  outer loop
    vertex 70.8335535517973 245.283401745505 24.8010334452878
    vertex 70.6972568569536 246.318677925915 22.4010857057338
    vertex 70.6972568569536 246.318677925915 24.8010334452878
  endloop
endfacet
facet normal 0.991444861373811 -0.130526192220051 0.0
  outer loop
    vertex 70.8335535517973 245.283401745505 22.4010857057338
    vertex 70.6972568569536 244.248125565095 24.8010334452878
    vertex 70.6972568569536 244.248125565095 22.4010857057338
  endloop
endfacet
facet normal 0.991444861373811 -0.130526192220051 0.0
  outer loop
    vertex 70.6972568569536 244.248125565095 24.8010334452878
    vertex 70.8335535517973 245.283401745505 22.4010857057338
    vertex 70.8335535517973 245.283401745505 24.8010334452878
  endloop
endfacet
facet normal 0.923879532511285 -0.382683432365095 0.0
  outer loop
    vertex 70.6972568569536 244.248125565095 22.4010857057338
    vertex 70.2976551669351 243.283401745505 24.8010334452878
    vertex 70.2976551669351 243.283401745505 22.4010857057338
  endloop
endfacet
facet normal 0.923879532511285 -0.382683432365095 0.0
  outer loop
    vertex 70.2976551669351 243.283401745505 24.8010334452878
    vertex 70.6972568569536 244.248125565095 22.4010857057338
    vertex 70.6972568569536 244.248125565095 24.8010334452878
  endloop
endfacet
facet normal 0.793353340291241 -0.608761429008713 0.0
  outer loop
    vertex 70.2976551669351 243.283401745505 22.4010857057338
    vertex 69.6619806765435 242.454974620759 24.8010334452878
    vertex 69.6619806765435 242.454974620759 22.4010857057338
  endloop
endfacet
facet normal 0.793353340291241 -0.608761429008713 0.0
  outer loop
    vertex 69.6619806765435 242.454974620759 24.8010334452878
    vertex 70.2976551669351 243.283401745505 22.4010857057338
    vertex 70.2976551669351 243.283401745505 24.8010334452878
  endloop
endfacet
facet normal 0.608761429008704 -0.793353340291248 0.0
  outer loop
    vertex 69.6619806765435 242.454974620759 24.8010334452878
    vertex 68.8335535517973 241.819300130367 22.4010857057338
    vertex 69.6619806765435 242.454974620759 22.4010857057338
  endloop
endfacet
facet normal 0.608761429008704 -0.793353340291248 0.0
  outer loop
    vertex 68.8335535517973 241.819300130367 22.4010857057338
    vertex 69.6619806765435 242.454974620759 24.8010334452878
    vertex 68.8335535517973 241.819300130367 24.8010334452878
  endloop
endfacet
facet normal 0.382683432365119 -0.923879532511275 0.0
  outer loop
    vertex 68.8335535517973 241.819300130367 24.8010334452878
    vertex 67.8688297322074 241.419698440349 22.4010857057338
    vertex 68.8335535517973 241.819300130367 22.4010857057338
  endloop
endfacet
facet normal 0.382683432365119 -0.923879532511275 0.0
  outer loop
    vertex 67.8688297322074 241.419698440349 22.4010857057338
    vertex 68.8335535517973 241.819300130367 24.8010334452878
    vertex 67.8688297322074 241.419698440349 24.8010334452878
  endloop
endfacet
facet normal 0.130526192220031 -0.991444861373813 0.0
  outer loop
    vertex 67.8688297322074 241.419698440349 24.8010334452878
    vertex 66.8335535517973 241.283401745505 22.4010857057338
    vertex 67.8688297322074 241.419698440349 22.4010857057338
  endloop
endfacet
facet normal 0.130526192220031 -0.991444861373813 0.0
  outer loop
    vertex 66.8335535517973 241.283401745505 22.4010857057338
    vertex 67.8688297322074 241.419698440349 24.8010334452878
    vertex 66.8335535517973 241.283401745505 24.8010334452878
  endloop
endfacet
facet normal -0.130526192220073 -0.991444861373808 -0.0
  outer loop
    vertex 66.8335535517973 241.283401745505 24.8010334452878
    vertex 65.7982773713872 241.419698440349 22.4010857057338
    vertex 66.8335535517973 241.283401745505 22.4010857057338
  endloop
endfacet
facet normal -0.130526192220073 -0.991444861373808 -0.0
  outer loop
    vertex 65.7982773713872 241.419698440349 22.4010857057338
    vertex 66.8335535517973 241.283401745505 24.8010334452878
    vertex 65.7982773713872 241.419698440349 24.8010334452878
  endloop
endfacet
facet normal -0.382683432365082 -0.92387953251129 -0.0
  outer loop
    vertex 65.7982773713872 241.419698440349 24.8010334452878
    vertex 64.8335535517973 241.819300130367 22.4010857057338
    vertex 65.7982773713872 241.419698440349 22.4010857057338
  endloop
endfacet
facet normal -0.382683432365082 -0.92387953251129 -0.0
  outer loop
    vertex 64.8335535517973 241.819300130367 22.4010857057338
    vertex 65.7982773713872 241.419698440349 24.8010334452878
    vertex 64.8335535517973 241.819300130367 24.8010334452878
  endloop
endfacet
facet normal -0.608761429008704 -0.793353340291248 -0.0
  outer loop
    vertex 64.8335535517973 241.819300130367 24.8010334452878
    vertex 64.0051264270511 242.454974620759 22.4010857057338
    vertex 64.8335535517973 241.819300130367 22.4010857057338
  endloop
endfacet
facet normal -0.608761429008704 -0.793353340291248 -0.0
  outer loop
    vertex 64.0051264270511 242.454974620759 22.4010857057338
    vertex 64.8335535517973 241.819300130367 24.8010334452878
    vertex 64.0051264270511 242.454974620759 24.8010334452878
  endloop
endfacet
facet normal -0.793353340291241 -0.608761429008713 -0.0
  outer loop
    vertex 63.3694519366596 243.283401745505 24.8010334452878
    vertex 64.0051264270511 242.454974620759 22.4010857057338
    vertex 64.0051264270511 242.454974620759 24.8010334452878
  endloop
endfacet
facet normal -0.793353340291241 -0.608761429008713 -0.0
  outer loop
    vertex 64.0051264270511 242.454974620759 22.4010857057338
    vertex 63.3694519366596 243.283401745505 24.8010334452878
    vertex 63.3694519366596 243.283401745505 22.4010857057338
  endloop
endfacet
facet normal -0.923879532511285 -0.382683432365095 -0.0
  outer loop
    vertex 62.9698502466411 244.248125565095 24.8010334452878
    vertex 63.3694519366596 243.283401745505 22.4010857057338
    vertex 63.3694519366596 243.283401745505 24.8010334452878
  endloop
endfacet
facet normal -0.923879532511285 -0.382683432365095 -0.0
  outer loop
    vertex 63.3694519366596 243.283401745505 22.4010857057338
    vertex 62.9698502466411 244.248125565095 24.8010334452878
    vertex 62.9698502466411 244.248125565095 22.4010857057338
  endloop
endfacet
facet normal -0.991444861373811 -0.130526192220051 -0.0
  outer loop
    vertex 62.8335535517973 245.283401745505 24.8010334452878
    vertex 62.9698502466411 244.248125565095 22.4010857057338
    vertex 62.9698502466411 244.248125565095 24.8010334452878
  endloop
endfacet
facet normal -0.991444861373811 -0.130526192220051 -0.0
  outer loop
    vertex 62.9698502466411 244.248125565095 22.4010857057338
    vertex 62.8335535517973 245.283401745505 24.8010334452878
    vertex 62.8335535517973 245.283401745505 22.4010857057338
  endloop
endfacet
facet normal -0.991444861373811 0.130526192220051 0.0
  outer loop
    vertex 62.9698502466411 246.318677925915 24.8010334452878
    vertex 62.8335535517973 245.283401745505 22.4010857057338
    vertex 62.8335535517973 245.283401745505 24.8010334452878
  endloop
endfacet
facet normal -0.991444861373811 0.130526192220051 0.0
  outer loop
    vertex 62.8335535517973 245.283401745505 22.4010857057338
    vertex 62.9698502466411 246.318677925915 24.8010334452878
    vertex 62.9698502466411 246.318677925915 22.4010857057338
  endloop
endfacet
facet normal 0.999999999923804 -1.05009024155363e-021 -1.23446905863103e-005
  outer loop
    vertex 29.3336123702814 261.783358437399 24.8009621341506
    vertex 29.333632127669 260.783346992768 26.4014386666014
    vertex 29.3336123702814 259.783358437399 24.8009621341506
  endloop
endfacet
facet normal 0.999999999923804 -1.05009024155363e-021 -1.23446905863103e-005
  outer loop
    vertex 29.333632127669 260.783346992768 26.4014386666014
    vertex 29.3336123702814 261.783358437399 24.8009621341506
    vertex 29.333632127669 262.783346992768 26.4014386666014
  endloop
endfacet
facet normal -3.57776939468889e-006 0.848072011451373 -0.529880989826982
  outer loop
    vertex 29.3336123702814 259.783358437399 24.8009621341506
    vertex 73.3336321258181 260.783346992826 26.4011419858234
    vertex 73.3336123684302 259.783358437457 24.8006646369642
  endloop
endfacet
facet normal -3.57776939468889e-006 0.848072011451373 -0.529880989826982
  outer loop
    vertex 73.3336321258181 260.783346992826 26.4011419858234
    vertex 29.3336123702814 259.783358437399 24.8009621341506
    vertex 29.333632127669 260.783346992768 26.4014386666014
  endloop
endfacet
facet normal -0.999999999923804 -4.81355655599635e-012 1.23446905651311e-005
  outer loop
    vertex 73.3336321258181 260.783346992826 26.4011419858234
    vertex 73.3336123684308 261.783358437457 24.8006658615767
    vertex 73.3336123684302 259.783358437457 24.8006646369642
  endloop
endfacet
facet normal -0.999999999923804 -4.81355655599635e-012 1.23446905651311e-005
  outer loop
    vertex 73.3336123684308 261.783358437457 24.8006658615767
    vertex 73.3336321258181 260.783346992826 26.4011419858234
    vertex 73.3336321258185 262.783346992826 26.4011423940276
  endloop
endfacet
facet normal 3.56793824301026e-006 -0.848071950719311 0.529881087028413
  outer loop
    vertex 73.3336321258185 262.783346992826 26.4011423940276
    vertex 29.3336123702814 261.783358437399 24.8009621341506
    vertex 73.3336123684308 261.783358437457 24.8006658615767
  endloop
endfacet
facet normal 3.56793824301026e-006 -0.848071950719311 0.529881087028413
  outer loop
    vertex 29.3336123702814 261.783358437399 24.8009621341506
    vertex 73.3336321258185 262.783346992826 26.4011423940276
    vertex 29.333632127669 262.783346992768 26.4014386666014
  endloop
endfacet
facet normal 0.0 0.0 1.0
  outer loop
    vertex 64.3240163060811 275.611009914237 24.4012802408513
    vertex 64.3240163060811 276.955873122515 24.4012802408513
    vertex 64.2354890059395 276.283441518376 24.4012802408513
  endloop
endfacet
facet normal 0.0 0.0 1.0
  outer loop
    vertex 64.3240163060811 276.955873122515 24.4012802408513
    vertex 64.3240163060811 275.611009914237 24.4012802408513
    vertex 64.5835652172995 274.984403412674 24.4012802408513
  endloop
endfacet
facet normal 0.0 0.0 1.0
  outer loop
    vertex 64.3240163060811 276.955873122515 24.4012802408513
    vertex 64.5835652172995 274.984403412674 24.4012802408513
    vertex 64.5835652172996 277.582479624078 24.4012802408513
  endloop
endfacet
facet normal 0.0 0.0 1.0
  outer loop
    vertex 64.5835652172996 277.582479624078 24.4012802408513
    vertex 64.5835652172995 274.984403412674 24.4012802408513
    vertex 64.9964479102201 274.446324211253 24.4012802408513
  endloop
endfacet
facet normal 0.0 0.0 1.0
  outer loop
    vertex 64.5835652172996 277.582479624078 24.4012802408513
    vertex 64.9964479102201 274.446324211253 24.4012802408513
    vertex 64.9964479102201 278.120558825499 24.4012802408513
  endloop
endfacet
facet normal 0.0 0.0 1.0
  outer loop
    vertex 64.9964479102201 278.120558825499 24.4012802408513
    vertex 64.9964479102201 274.446324211253 24.4012802408513
    vertex 65.1335652173429 276.283441518378 24.4012802408553
  endloop
endfacet
facet normal 0.0 0.0 1.0
  outer loop
    vertex 65.1335652173429 276.283441518378 24.4012802408553
    vertex 64.9964479102201 274.446324211253 24.4012802408513
    vertex 65.1914913126509 275.843449141704 24.4012802408551
  endloop
endfacet
facet normal 0.0 0.0 1.0
  outer loop
    vertex 65.1914913126509 275.843449141704 24.4012802408551
    vertex 64.9964479102201 274.446324211253 24.4012802408513
    vertex 65.5345271116412 274.033441518333 24.4012802408513
  endloop
endfacet
facet normal 0.0 0.0 1.0
  outer loop
    vertex 65.1914913126509 275.843449141704 24.4012802408551
    vertex 65.5345271116412 274.033441518333 24.4012802408513
    vertex 65.3613220309082 275.433441518378 24.4012802408546
  endloop
endfacet
facet normal 0.0 0.0 1.0
  outer loop
    vertex 65.3613220309082 275.433441518378 24.4012802408546
    vertex 65.5345271116412 274.033441518333 24.4012802408513
    vertex 65.6314836893241 275.081359990361 24.4012802408539
  endloop
endfacet
facet normal 0.0 0.0 1.0
  outer loop
    vertex 65.6314836893241 275.081359990361 24.4012802408539
    vertex 65.5345271116412 274.033441518333 24.4012802408513
    vertex 66.1611336132038 273.773892607114 24.4012802408513
  endloop
endfacet
facet normal 0.0 0.0 1.0
  outer loop
    vertex 65.6314836893241 275.081359990361 24.4012802408539
    vertex 66.1611336132038 273.773892607114 24.4012802408513
    vertex 65.9835652173409 274.811198331944 24.4012802408531
  endloop
endfacet
facet normal 0.0 0.0 1.0
  outer loop
    vertex 65.9835652173409 274.811198331944 24.4012802408531
    vertex 66.1611336132038 273.773892607114 24.4012802408513
    vertex 66.3935728406663 274.641367613685 24.401280240852
  endloop
endfacet
facet normal 0.0 0.0 1.0
  outer loop
    vertex 66.3935728406663 274.641367613685 24.401280240852
    vertex 66.1611336132038 273.773892607114 24.4012802408513
    vertex 66.8335652173427 273.685365306973 24.4012802408513
  endloop
endfacet
facet normal 0.0 0.0 1.0
  outer loop
    vertex 66.3935728406663 274.641367613685 24.401280240852
    vertex 66.8335652173427 273.685365306973 24.4012802408513
    vertex 66.8335652173404 274.583441518376 24.4012802408514
  endloop
endfacet
facet normal 0.0 0.0 1.0
  outer loop
    vertex 66.8335652173404 274.583441518376 24.4012802408514
    vertex 66.8335652173427 273.685365306973 24.4012802408513
    vertex 67.2735575940147 274.641367613684 24.40128024085
  endloop
endfacet
facet normal 0.0 0.0 1.0
  outer loop
    vertex 67.2735575940147 274.641367613684 24.40128024085
    vertex 66.8335652173427 273.685365306973 24.4012802408513
    vertex 67.5059968214817 273.773892607114 24.4012802408513
  endloop
endfacet
facet normal 0.0 0.0 1.0
  outer loop
    vertex 67.2735575940147 274.641367613684 24.40128024085
    vertex 67.5059968214817 273.773892607114 24.4012802408513
    vertex 67.6835652173406 274.811198331941 24.4012802408491
  endloop
endfacet
facet normal 0.0 0.0 1.0
  outer loop
    vertex 67.6835652173406 274.811198331941 24.4012802408491
    vertex 67.5059968214817 273.773892607114 24.4012802408513
    vertex 68.1326033230444 274.033441518333 24.4012802408513
  endloop
endfacet
facet normal 0.0 0.0 1.0
  outer loop
    vertex 67.6835652173406 274.811198331941 24.4012802408491
    vertex 68.1326033230444 274.033441518333 24.4012802408513
    vertex 68.0356467453581 275.081359990357 24.4012802408483
  endloop
endfacet
facet normal 0.0 0.0 1.0
  outer loop
    vertex 68.0356467453581 275.081359990357 24.4012802408483
    vertex 68.1326033230444 274.033441518333 24.4012802408513
    vertex 68.3058084037749 275.433441518374 24.4012802408477
  endloop
endfacet
facet normal 0.0 0.0 1.0
  outer loop
    vertex 68.3058084037749 275.433441518374 24.4012802408477
    vertex 68.1326033230444 274.033441518333 24.4012802408513
    vertex 68.6706825244654 274.446324211253 24.4012802408513
  endloop
endfacet
facet normal 0.0 0.0 1.0
  outer loop
    vertex 68.3058084037749 275.433441518374 24.4012802408477
    vertex 68.6706825244654 274.446324211253 24.4012802408513
    vertex 68.4756391220334 275.843449141699 24.4012802408473
  endloop
endfacet
facet normal 0.0 0.0 1.0
  outer loop
    vertex 68.4756391220334 275.843449141699 24.4012802408473
    vertex 68.6706825244654 274.446324211253 24.4012802408513
    vertex 68.5335652173425 276.283441518374 24.4012802408473
  endloop
endfacet
facet normal 0.0 0.0 1.0
  outer loop
    vertex 64.9964479102201 278.120558825499 24.4012802408513
    vertex 65.1914913126521 276.723433895052 24.4012802408552
    vertex 65.5345271116412 278.533441518419 24.4012802408513
  endloop
endfacet
facet normal 0.0 0.0 1.0
  outer loop
    vertex 65.1914913126521 276.723433895052 24.4012802408552
    vertex 64.9964479102201 278.120558825499 24.4012802408513
    vertex 65.1335652173429 276.283441518378 24.4012802408553
  endloop
endfacet
facet normal 0.0 0.0 1.0
  outer loop
    vertex 65.5345271116412 278.533441518419 24.4012802408513
    vertex 65.1914913126521 276.723433895052 24.4012802408552
    vertex 65.3613220309105 277.133441518378 24.4012802408549
  endloop
endfacet
facet normal 0.0 0.0 1.0
  outer loop
    vertex 65.5345271116412 278.533441518419 24.4012802408513
    vertex 65.3613220309105 277.133441518378 24.4012802408549
    vertex 65.6314836893274 277.485523046394 24.4012802408543
  endloop
endfacet
facet normal 0.0 0.0 1.0
  outer loop
    vertex 65.5345271116412 278.533441518419 24.4012802408513
    vertex 65.6314836893274 277.485523046394 24.4012802408543
    vertex 66.1611336132038 278.792990429637 24.4012802408513
  endloop
endfacet
facet normal 0.0 0.0 1.0
  outer loop
    vertex 66.1611336132038 278.792990429637 24.4012802408513
    vertex 65.6314836893274 277.485523046394 24.4012802408543
    vertex 65.9835652173448 277.75568470481 24.4012802408535
  endloop
endfacet
facet normal 0.0 0.0 1.0
  outer loop
    vertex 66.1611336132038 278.792990429637 24.4012802408513
    vertex 65.9835652173448 277.75568470481 24.4012802408535
    vertex 66.3935728406707 277.925515423068 24.4012802408526
  endloop
endfacet
facet normal 0.0 0.0 1.0
  outer loop
    vertex 66.1611336132038 278.792990429637 24.4012802408513
    vertex 66.3935728406707 277.925515423068 24.4012802408526
    vertex 66.8335652173427 278.881517729779 24.4012802408513
  endloop
endfacet
facet normal 0.0 0.0 1.0
  outer loop
    vertex 66.8335652173427 278.881517729779 24.4012802408513
    vertex 66.3935728406707 277.925515423068 24.4012802408526
    vertex 66.833565217345 277.983441518376 24.4012802408512
  endloop
endfacet
facet normal 0.0 0.0 1.0
  outer loop
    vertex 66.8335652173427 278.881517729779 24.4012802408513
    vertex 66.833565217345 277.983441518376 24.4012802408512
    vertex 67.5059968214817 278.792990429637 24.4012802408513
  endloop
endfacet
facet normal 0.0 0.0 1.0
  outer loop
    vertex 67.5059968214817 278.792990429637 24.4012802408513
    vertex 66.833565217345 277.983441518376 24.4012802408512
    vertex 67.2735575940192 277.925515423067 24.4012802408505
  endloop
endfacet
facet normal 0.0 0.0 1.0
  outer loop
    vertex 67.5059968214817 278.792990429637 24.4012802408513
    vertex 67.2735575940192 277.925515423067 24.4012802408505
    vertex 67.6835652173446 277.755684704808 24.4012802408495
  endloop
endfacet
facet normal 0.0 0.0 1.0
  outer loop
    vertex 67.5059968214817 278.792990429637 24.4012802408513
    vertex 67.6835652173446 277.755684704808 24.4012802408495
    vertex 68.1326033230444 278.533441518419 24.4012802408513
  endloop
endfacet
facet normal 0.0 0.0 1.0
  outer loop
    vertex 68.1326033230444 278.533441518419 24.4012802408513
    vertex 67.6835652173446 277.755684704808 24.4012802408495
    vertex 68.0356467453613 277.485523046391 24.4012802408486
  endloop
endfacet
facet normal 0.0 0.0 1.0
  outer loop
    vertex 68.1326033230444 278.533441518419 24.4012802408513
    vertex 68.0356467453613 277.485523046391 24.4012802408486
    vertex 68.3058084037772 277.133441518374 24.4012802408479
  endloop
endfacet
facet normal 0.0 0.0 1.0
  outer loop
    vertex 68.1326033230444 278.533441518419 24.4012802408513
    vertex 68.3058084037772 277.133441518374 24.4012802408479
    vertex 68.6706825244654 278.120558825499 24.4012802408513
  endloop
endfacet
facet normal 0.0 0.0 1.0
  outer loop
    vertex 68.6706825244654 278.120558825499 24.4012802408513
    vertex 68.3058084037772 277.133441518374 24.4012802408479
    vertex 68.4756391220345 276.723433895048 24.4012802408475
  endloop
endfacet
facet normal 0.0 0.0 1.0
  outer loop
    vertex 68.6706825244654 278.120558825499 24.4012802408513
    vertex 68.4756391220345 276.723433895048 24.4012802408475
    vertex 68.5335652173425 276.283441518374 24.4012802408473
  endloop
endfacet
facet normal 0.0 0.0 1.0
  outer loop
    vertex 68.6706825244654 278.120558825499 24.4012802408513
    vertex 68.5335652173425 276.283441518374 24.4012802408473
    vertex 68.6706825244654 274.446324211253 24.4012802408513
  endloop
endfacet
facet normal 0.0 0.0 1.0
  outer loop
    vertex 68.6706825244654 278.120558825499 24.4012802408513
    vertex 68.6706825244654 274.446324211253 24.4012802408513
    vertex 69.0835652173859 274.984403412674 24.4012802408513
  endloop
endfacet
facet normal 0.0 0.0 1.0
  outer loop
    vertex 68.6706825244654 278.120558825499 24.4012802408513
    vertex 69.0835652173859 274.984403412674 24.4012802408513
    vertex 69.0835652173859 277.582479624077 24.4012802408513
  endloop
endfacet
facet normal 0.0 0.0 1.0
  outer loop
    vertex 69.0835652173859 277.582479624077 24.4012802408513
    vertex 69.0835652173859 274.984403412674 24.4012802408513
    vertex 69.3431141286044 275.611009914237 24.4012802408513
  endloop
endfacet
facet normal 0.0 0.0 1.0
  outer loop
    vertex 69.0835652173859 277.582479624077 24.4012802408513
    vertex 69.3431141286044 275.611009914237 24.4012802408513
    vertex 69.3431141286044 276.955873122515 24.4012802408513
  endloop
endfacet
facet normal 0.0 0.0 1.0
  outer loop
    vertex 69.3431141286044 276.955873122515 24.4012802408513
    vertex 69.3431141286044 275.611009914237 24.4012802408513
    vertex 69.4316414287459 276.283441518376 24.4012802408513
  endloop
endfacet
facet normal 0.793353340291238 0.608761429008717 0.0
  outer loop
    vertex 64.5835652172995 274.984403412674 24.4012802408513
    vertex 64.9964479102201 274.446324211253 26.4012802408513
    vertex 64.9964479102201 274.446324211253 24.4012802408513
  endloop
endfacet
facet normal 0.793353340291238 0.608761429008717 0.0
  outer loop
    vertex 64.9964479102201 274.446324211253 26.4012802408513
    vertex 64.5835652172995 274.984403412674 24.4012802408513
    vertex 64.5835652172995 274.984403412674 26.4012802408513
  endloop
endfacet
facet normal 0.608761429008738 0.793353340291222 0.0
  outer loop
    vertex 64.9964479102201 274.446324211253 26.4012802408513
    vertex 65.5345271116412 274.033441518333 24.4012802408513
    vertex 64.9964479102201 274.446324211253 24.4012802408513
  endloop
endfacet
facet normal 0.608761429008738 0.793353340291222 0.0
  outer loop
    vertex 65.5345271116412 274.033441518333 24.4012802408513
    vertex 64.9964479102201 274.446324211253 26.4012802408513
    vertex 65.5345271116412 274.033441518333 26.4012802408513
  endloop
endfacet
facet normal 0.382683432365057 0.9238795325113 0.0
  outer loop
    vertex 65.5345271116412 274.033441518333 26.4012802408513
    vertex 66.1611336132038 273.773892607114 24.4012802408513
    vertex 65.5345271116412 274.033441518333 24.4012802408513
  endloop
endfacet
facet normal 0.382683432365057 0.9238795325113 0.0
  outer loop
    vertex 66.1611336132038 273.773892607114 24.4012802408513
    vertex 65.5345271116412 274.033441518333 26.4012802408513
    vertex 66.1611336132038 273.773892607114 26.4012802408513
  endloop
endfacet
facet normal 0.13052619222008 0.991444861373807 0.0
  outer loop
    vertex 66.1611336132038 273.773892607114 26.4012802408513
    vertex 66.8335652173427 273.685365306973 24.4012802408513
    vertex 66.1611336132038 273.773892607114 24.4012802408513
  endloop
endfacet
facet normal 0.13052619222008 0.991444861373807 0.0
  outer loop
    vertex 66.8335652173427 273.685365306973 24.4012802408513
    vertex 66.1611336132038 273.773892607114 26.4012802408513
    vertex 66.8335652173427 273.685365306973 26.4012802408513
  endloop
endfacet
facet normal -0.13052619222008 0.991444861373807 0.0
  outer loop
    vertex 66.8335652173427 273.685365306973 26.4012802408513
    vertex 67.5059968214817 273.773892607114 24.4012802408513
    vertex 66.8335652173427 273.685365306973 24.4012802408513
  endloop
endfacet
facet normal -0.13052619222008 0.991444861373807 0.0
  outer loop
    vertex 67.5059968214817 273.773892607114 24.4012802408513
    vertex 66.8335652173427 273.685365306973 26.4012802408513
    vertex 67.5059968214817 273.773892607114 26.4012802408513
  endloop
endfacet
facet normal -0.382683432365057 0.9238795325113 0.0
  outer loop
    vertex 67.5059968214817 273.773892607114 26.4012802408513
    vertex 68.1326033230444 274.033441518333 24.4012802408513
    vertex 67.5059968214817 273.773892607114 24.4012802408513
  endloop
endfacet
facet normal -0.382683432365057 0.9238795325113 0.0
  outer loop
    vertex 68.1326033230444 274.033441518333 24.4012802408513
    vertex 67.5059968214817 273.773892607114 26.4012802408513
    vertex 68.1326033230444 274.033441518333 26.4012802408513
  endloop
endfacet
facet normal -0.608761429008746 0.793353340291216 0.0
  outer loop
    vertex 68.1326033230444 274.033441518333 26.4012802408513
    vertex 68.6706825244654 274.446324211253 24.4012802408513
    vertex 68.1326033230444 274.033441518333 24.4012802408513
  endloop
endfacet
facet normal -0.608761429008746 0.793353340291216 0.0
  outer loop
    vertex 68.6706825244654 274.446324211253 24.4012802408513
    vertex 68.1326033230444 274.033441518333 26.4012802408513
    vertex 68.6706825244654 274.446324211253 26.4012802408513
  endloop
endfacet
facet normal -0.793353340291213 0.608761429008749 0.0
  outer loop
    vertex 69.0835652173859 274.984403412674 26.4012802408513
    vertex 68.6706825244654 274.446324211253 24.4012802408513
    vertex 68.6706825244654 274.446324211253 26.4012802408513
  endloop
endfacet
facet normal -0.793353340291213 0.608761429008749 0.0
  outer loop
    vertex 68.6706825244654 274.446324211253 24.4012802408513
    vertex 69.0835652173859 274.984403412674 26.4012802408513
    vertex 69.0835652173859 274.984403412674 24.4012802408513
  endloop
endfacet
facet normal -0.923879532511288 0.382683432365088 0.0
  outer loop
    vertex 69.3431141286044 275.611009914237 26.4012802408513
    vertex 69.0835652173859 274.984403412674 24.4012802408513
    vertex 69.0835652173859 274.984403412674 26.4012802408513
  endloop
endfacet
facet normal -0.923879532511288 0.382683432365088 0.0
  outer loop
    vertex 69.0835652173859 274.984403412674 24.4012802408513
    vertex 69.3431141286044 275.611009914237 26.4012802408513
    vertex 69.3431141286044 275.611009914237 24.4012802408513
  endloop
endfacet
facet normal -0.991444861373811 0.130526192220047 0.0
  outer loop
    vertex 69.4316414287459 276.283441518376 26.4012802408513
    vertex 69.3431141286044 275.611009914237 24.4012802408513
    vertex 69.3431141286044 275.611009914237 26.4012802408513
  endloop
endfacet
facet normal -0.991444861373811 0.130526192220047 0.0
  outer loop
    vertex 69.3431141286044 275.611009914237 24.4012802408513
    vertex 69.4316414287459 276.283441518376 26.4012802408513
    vertex 69.4316414287459 276.283441518376 24.4012802408513
  endloop
endfacet
facet normal -0.991444861373811 -0.130526192220047 -0.0
  outer loop
    vertex 69.3431141286044 276.955873122515 26.4012802408513
    vertex 69.4316414287459 276.283441518376 24.4012802408513
    vertex 69.4316414287459 276.283441518376 26.4012802408513
  endloop
endfacet
facet normal -0.991444861373811 -0.130526192220047 -0.0
  outer loop
    vertex 69.4316414287459 276.283441518376 24.4012802408513
    vertex 69.3431141286044 276.955873122515 26.4012802408513
    vertex 69.3431141286044 276.955873122515 24.4012802408513
  endloop
endfacet
facet normal -0.923879532511284 -0.382683432365097 -0.0
  outer loop
    vertex 69.0835652173859 277.582479624077 26.4012802408513
    vertex 69.3431141286044 276.955873122515 24.4012802408513
    vertex 69.3431141286044 276.955873122515 26.4012802408513
  endloop
endfacet
facet normal -0.923879532511284 -0.382683432365097 -0.0
  outer loop
    vertex 69.3431141286044 276.955873122515 24.4012802408513
    vertex 69.0835652173859 277.582479624077 26.4012802408513
    vertex 69.0835652173859 277.582479624077 24.4012802408513
  endloop
endfacet
facet normal -0.793353340291238 -0.608761429008717 -0.0
  outer loop
    vertex 68.6706825244654 278.120558825499 26.4012802408513
    vertex 69.0835652173859 277.582479624077 24.4012802408513
    vertex 69.0835652173859 277.582479624077 26.4012802408513
  endloop
endfacet
facet normal -0.793353340291238 -0.608761429008717 -0.0
  outer loop
    vertex 69.0835652173859 277.582479624077 24.4012802408513
    vertex 68.6706825244654 278.120558825499 26.4012802408513
    vertex 68.6706825244654 278.120558825499 24.4012802408513
  endloop
endfacet
facet normal -0.608761429008738 -0.793353340291222 -0.0
  outer loop
    vertex 68.6706825244654 278.120558825499 26.4012802408513
    vertex 68.1326033230444 278.533441518419 24.4012802408513
    vertex 68.6706825244654 278.120558825499 24.4012802408513
  endloop
endfacet
facet normal -0.608761429008738 -0.793353340291222 -0.0
  outer loop
    vertex 68.1326033230444 278.533441518419 24.4012802408513
    vertex 68.6706825244654 278.120558825499 26.4012802408513
    vertex 68.1326033230444 278.533441518419 26.4012802408513
  endloop
endfacet
facet normal -0.382683432365057 -0.9238795325113 -0.0
  outer loop
    vertex 68.1326033230444 278.533441518419 26.4012802408513
    vertex 67.5059968214817 278.792990429637 24.4012802408513
    vertex 68.1326033230444 278.533441518419 24.4012802408513
  endloop
endfacet
facet normal -0.382683432365057 -0.9238795325113 -0.0
  outer loop
    vertex 67.5059968214817 278.792990429637 24.4012802408513
    vertex 68.1326033230444 278.533441518419 26.4012802408513
    vertex 67.5059968214817 278.792990429637 26.4012802408513
  endloop
endfacet
facet normal -0.13052619222008 -0.991444861373807 -0.0
  outer loop
    vertex 67.5059968214817 278.792990429637 26.4012802408513
    vertex 66.8335652173427 278.881517729779 24.4012802408513
    vertex 67.5059968214817 278.792990429637 24.4012802408513
  endloop
endfacet
facet normal -0.13052619222008 -0.991444861373807 -0.0
  outer loop
    vertex 66.8335652173427 278.881517729779 24.4012802408513
    vertex 67.5059968214817 278.792990429637 26.4012802408513
    vertex 66.8335652173427 278.881517729779 26.4012802408513
  endloop
endfacet
facet normal 0.13052619222008 -0.991444861373807 0.0
  outer loop
    vertex 66.8335652173427 278.881517729779 26.4012802408513
    vertex 66.1611336132038 278.792990429637 24.4012802408513
    vertex 66.8335652173427 278.881517729779 24.4012802408513
  endloop
endfacet
facet normal 0.13052619222008 -0.991444861373807 0.0
  outer loop
    vertex 66.1611336132038 278.792990429637 24.4012802408513
    vertex 66.8335652173427 278.881517729779 26.4012802408513
    vertex 66.1611336132038 278.792990429637 26.4012802408513
  endloop
endfacet
facet normal 0.382683432365057 -0.9238795325113 0.0
  outer loop
    vertex 66.1611336132038 278.792990429637 26.4012802408513
    vertex 65.5345271116412 278.533441518419 24.4012802408513
    vertex 66.1611336132038 278.792990429637 24.4012802408513
  endloop
endfacet
facet normal 0.382683432365057 -0.9238795325113 0.0
  outer loop
    vertex 65.5345271116412 278.533441518419 24.4012802408513
    vertex 66.1611336132038 278.792990429637 26.4012802408513
    vertex 65.5345271116412 278.533441518419 26.4012802408513
  endloop
endfacet
facet normal 0.608761429008738 -0.793353340291222 0.0
  outer loop
    vertex 65.5345271116412 278.533441518419 26.4012802408513
    vertex 64.9964479102201 278.120558825499 24.4012802408513
    vertex 65.5345271116412 278.533441518419 24.4012802408513
  endloop
endfacet
facet normal 0.608761429008738 -0.793353340291222 0.0
  outer loop
    vertex 64.9964479102201 278.120558825499 24.4012802408513
    vertex 65.5345271116412 278.533441518419 26.4012802408513
    vertex 64.9964479102201 278.120558825499 26.4012802408513
  endloop
endfacet
facet normal 0.793353340291221 -0.608761429008739 0.0
  outer loop
    vertex 64.9964479102201 278.120558825499 24.4012802408513
    vertex 64.5835652172996 277.582479624078 26.4012802408513
    vertex 64.5835652172996 277.582479624078 24.4012802408513
  endloop
endfacet
facet normal 0.793353340291221 -0.608761429008739 0.0
  outer loop
    vertex 64.5835652172996 277.582479624078 26.4012802408513
    vertex 64.9964479102201 278.120558825499 24.4012802408513
    vertex 64.9964479102201 278.120558825499 26.4012802408513
  endloop
endfacet
facet normal 0.923879532511288 -0.382683432365088 0.0
  outer loop
    vertex 64.5835652172996 277.582479624078 24.4012802408513
    vertex 64.3240163060811 276.955873122515 26.4012802408513
    vertex 64.3240163060811 276.955873122515 24.4012802408513
  endloop
endfacet
facet normal 0.923879532511288 -0.382683432365088 0.0
  outer loop
    vertex 64.3240163060811 276.955873122515 26.4012802408513
    vertex 64.5835652172996 277.582479624078 24.4012802408513
    vertex 64.5835652172996 277.582479624078 26.4012802408513
  endloop
endfacet
facet normal 0.991444861373811 -0.130526192220047 0.0
  outer loop
    vertex 64.3240163060811 276.955873122515 24.4012802408513
    vertex 64.2354890059395 276.283441518376 26.4012802408513
    vertex 64.2354890059395 276.283441518376 24.4012802408513
  endloop
endfacet
facet normal 0.991444861373811 -0.130526192220047 0.0
  outer loop
    vertex 64.2354890059395 276.283441518376 26.4012802408513
    vertex 64.3240163060811 276.955873122515 24.4012802408513
    vertex 64.3240163060811 276.955873122515 26.4012802408513
  endloop
endfacet
facet normal 0.991444861373811 0.130526192220047 0.0
  outer loop
    vertex 64.2354890059395 276.283441518376 24.4012802408513
    vertex 64.3240163060811 275.611009914237 26.4012802408513
    vertex 64.3240163060811 275.611009914237 24.4012802408513
  endloop
endfacet
facet normal 0.991444861373811 0.130526192220047 0.0
  outer loop
    vertex 64.3240163060811 275.611009914237 26.4012802408513
    vertex 64.2354890059395 276.283441518376 24.4012802408513
    vertex 64.2354890059395 276.283441518376 26.4012802408513
  endloop
endfacet
facet normal 0.923879532511284 0.382683432365097 0.0
  outer loop
    vertex 64.3240163060811 275.611009914237 24.4012802408513
    vertex 64.5835652172995 274.984403412674 26.4012802408513
    vertex 64.5835652172995 274.984403412674 24.4012802408513
  endloop
endfacet
facet normal 0.923879532511284 0.382683432365097 0.0
  outer loop
    vertex 64.5835652172995 274.984403412674 26.4012802408513
    vertex 64.3240163060811 275.611009914237 24.4012802408513
    vertex 64.3240163060811 275.611009914237 26.4012802408513
  endloop
endfacet
facet normal 0.0 0.0 1.0
  outer loop
    vertex 63.9357877381421 244.506984384917 24.4013531892842
    vertex 63.9357877381421 246.059898655532 24.4013531892842
    vertex 63.8335652170094 245.283441520224 24.4013531892842
  endloop
endfacet
facet normal 0.0 0.0 1.0
  outer loop
    vertex 63.9357877381421 246.059898655532 24.4013531892842
    vertex 63.9357877381421 244.506984384917 24.4013531892842
    vertex 64.235489005656 243.783441520224 24.4013531892842
  endloop
endfacet
facet normal 0.0 0.0 1.0
  outer loop
    vertex 63.9357877381421 246.059898655532 24.4013531892842
    vertex 64.235489005656 243.783441520224 24.4013531892842
    vertex 64.235489005656 246.783441520224 24.4013531892842
  endloop
endfacet
facet normal 0.0 0.0 1.0
  outer loop
    vertex 64.235489005656 246.783441520224 24.4013531892842
    vertex 64.235489005656 243.783441520224 24.4013531892842
    vertex 64.7122448734497 243.162121176665 24.4013531892842
  endloop
endfacet
facet normal 0.0 0.0 1.0
  outer loop
    vertex 64.235489005656 246.783441520224 24.4013531892842
    vertex 64.7122448734497 243.162121176665 24.4013531892842
    vertex 64.7122448734497 247.404761863784 24.4013531892842
  endloop
endfacet
facet normal 0.0 0.0 1.0
  outer loop
    vertex 64.7122448734497 247.404761863784 24.4013531892842
    vertex 64.7122448734497 243.162121176665 24.4013531892842
    vertex 65.3335652170094 242.685365308871 24.4013531892842
  endloop
endfacet
facet normal 0.0 0.0 1.0
  outer loop
    vertex 64.7122448734497 247.404761863784 24.4013531892842
    vertex 65.3335652170094 242.685365308871 24.4013531892842
    vertex 65.1335652170094 245.283441520227 24.4013531892881
  endloop
endfacet
facet normal 0.0 0.0 1.0
  outer loop
    vertex 65.1335652170094 245.283441520227 24.4013531892881
    vertex 65.3335652170094 242.685365308871 24.4013531892842
    vertex 65.1914913123173 244.843449143552 24.401353189288
  endloop
endfacet
facet normal 0.0 0.0 1.0
  outer loop
    vertex 65.1914913123173 244.843449143552 24.401353189288
    vertex 65.3335652170094 242.685365308871 24.4013531892842
    vertex 65.3613220305746 244.433441520226 24.4013531892875
  endloop
endfacet
facet normal 0.0 0.0 1.0
  outer loop
    vertex 65.3613220305746 244.433441520226 24.4013531892875
    vertex 65.3335652170094 242.685365308871 24.4013531892842
    vertex 66.0571080817018 242.385664041357 24.4013531892842
  endloop
endfacet
facet normal 0.0 0.0 1.0
  outer loop
    vertex 65.3613220305746 244.433441520226 24.4013531892875
    vertex 66.0571080817018 242.385664041357 24.4013531892842
    vertex 65.6314836889905 244.081359992209 24.4013531892868
  endloop
endfacet
facet normal 0.0 0.0 1.0
  outer loop
    vertex 65.6314836889905 244.081359992209 24.4013531892868
    vertex 66.0571080817018 242.385664041357 24.4013531892842
    vertex 65.9835652170073 243.811198333792 24.4013531892859
  endloop
endfacet
facet normal 0.0 0.0 1.0
  outer loop
    vertex 65.9835652170073 243.811198333792 24.4013531892859
    vertex 66.0571080817018 242.385664041357 24.4013531892842
    vertex 66.3935728403327 243.641367615534 24.4013531892849
  endloop
endfacet
facet normal 0.0 0.0 1.0
  outer loop
    vertex 66.3935728403327 243.641367615534 24.4013531892849
    vertex 66.0571080817018 242.385664041357 24.4013531892842
    vertex 66.8335652170093 242.283441520224 24.4013531892842
  endloop
endfacet
facet normal 0.0 0.0 1.0
  outer loop
    vertex 66.3935728403327 243.641367615534 24.4013531892849
    vertex 66.8335652170093 242.283441520224 24.4013531892842
    vertex 66.8335652170069 243.583441520224 24.4013531892843
  endloop
endfacet
facet normal 0.0 0.0 1.0
  outer loop
    vertex 66.8335652170069 243.583441520224 24.4013531892843
    vertex 66.8335652170093 242.283441520224 24.4013531892842
    vertex 67.2735575936813 243.641367615532 24.4013531892829
  endloop
endfacet
facet normal 0.0 0.0 1.0
  outer loop
    vertex 67.2735575936813 243.641367615532 24.4013531892829
    vertex 66.8335652170093 242.283441520224 24.4013531892842
    vertex 67.6100223523169 242.385664041357 24.4013531892842
  endloop
endfacet
facet normal 0.0 0.0 1.0
  outer loop
    vertex 67.2735575936813 243.641367615532 24.4013531892829
    vertex 67.6100223523169 242.385664041357 24.4013531892842
    vertex 67.6835652170073 243.81119833379 24.4013531892819
  endloop
endfacet
facet normal 0.0 0.0 1.0
  outer loop
    vertex 67.6835652170073 243.81119833379 24.4013531892819
    vertex 67.6100223523169 242.385664041357 24.4013531892842
    vertex 68.3335652170094 242.685365308871 24.4013531892842
  endloop
endfacet
facet normal 0.0 0.0 1.0
  outer loop
    vertex 67.6835652170073 243.81119833379 24.4013531892819
    vertex 68.3335652170094 242.685365308871 24.4013531892842
    vertex 68.0356467450247 244.081359992206 24.4013531892811
  endloop
endfacet
facet normal 0.0 0.0 1.0
  outer loop
    vertex 68.0356467450247 244.081359992206 24.4013531892811
    vertex 68.3335652170094 242.685365308871 24.4013531892842
    vertex 68.3058084034416 244.433441520222 24.4013531892806
  endloop
endfacet
facet normal 0.0 0.0 1.0
  outer loop
    vertex 68.3058084034416 244.433441520222 24.4013531892806
    vertex 68.3335652170094 242.685365308871 24.4013531892842
    vertex 68.4756391217001 244.843449143548 24.4013531892802
  endloop
endfacet
facet normal 0.0 0.0 1.0
  outer loop
    vertex 68.4756391217001 244.843449143548 24.4013531892802
    vertex 68.3335652170094 242.685365308871 24.4013531892842
    vertex 68.954885560569 243.162121176665 24.4013531892842
  endloop
endfacet
facet normal 0.0 0.0 1.0
  outer loop
    vertex 68.4756391217001 244.843449143548 24.4013531892802
    vertex 68.954885560569 243.162121176665 24.4013531892842
    vertex 68.5335652170093 245.283441520222 24.4013531892801
  endloop
endfacet
facet normal 0.0 0.0 1.0
  outer loop
    vertex 65.1335652170094 245.283441520227 24.4013531892881
    vertex 65.3335652170094 247.881517731578 24.4013531892842
    vertex 64.7122448734497 247.404761863784 24.4013531892842
  endloop
endfacet
facet normal 0.0 0.0 1.0
  outer loop
    vertex 65.3335652170094 247.881517731578 24.4013531892842
    vertex 65.1335652170094 245.283441520227 24.4013531892881
    vertex 65.1914913123185 245.723433896901 24.4013531892881
  endloop
endfacet
facet normal 0.0 0.0 1.0
  outer loop
    vertex 65.3335652170094 247.881517731578 24.4013531892842
    vertex 65.1914913123185 245.723433896901 24.4013531892881
    vertex 65.361322030577 246.133441520226 24.4013531892878
  endloop
endfacet
facet normal 0.0 0.0 1.0
  outer loop
    vertex 65.3335652170094 247.881517731578 24.4013531892842
    vertex 65.361322030577 246.133441520226 24.4013531892878
    vertex 66.0571080817018 248.181218999092 24.4013531892842
  endloop
endfacet
facet normal 0.0 0.0 1.0
  outer loop
    vertex 66.0571080817018 248.181218999092 24.4013531892842
    vertex 65.361322030577 246.133441520226 24.4013531892878
    vertex 65.6314836889939 246.485523048243 24.4013531892872
  endloop
endfacet
facet normal 0.0 0.0 1.0
  outer loop
    vertex 66.0571080817018 248.181218999092 24.4013531892842
    vertex 65.6314836889939 246.485523048243 24.4013531892872
    vertex 65.9835652170114 246.755684706659 24.4013531892864
  endloop
endfacet
facet normal 0.0 0.0 1.0
  outer loop
    vertex 66.0571080817018 248.181218999092 24.4013531892842
    vertex 65.9835652170114 246.755684706659 24.4013531892864
    vertex 66.3935728403373 246.925515424916 24.4013531892854
  endloop
endfacet
facet normal 0.0 0.0 1.0
  outer loop
    vertex 66.0571080817018 248.181218999092 24.4013531892842
    vertex 66.3935728403373 246.925515424916 24.4013531892854
    vertex 66.8335652170093 248.283441520224 24.4013531892842
  endloop
endfacet
facet normal 0.0 0.0 1.0
  outer loop
    vertex 66.8335652170093 248.283441520224 24.4013531892842
    vertex 66.3935728403373 246.925515424916 24.4013531892854
    vertex 66.8335652170117 246.983441520224 24.401353189284
  endloop
endfacet
facet normal 0.0 0.0 1.0
  outer loop
    vertex 66.8335652170093 248.283441520224 24.4013531892842
    vertex 66.8335652170117 246.983441520224 24.401353189284
    vertex 67.6100223523169 248.181218999092 24.4013531892842
  endloop
endfacet
facet normal 0.0 0.0 1.0
  outer loop
    vertex 67.6100223523169 248.181218999092 24.4013531892842
    vertex 66.8335652170117 246.983441520224 24.401353189284
    vertex 67.2735575936858 246.925515424915 24.4013531892834
  endloop
endfacet
facet normal 0.0 0.0 1.0
  outer loop
    vertex 67.6100223523169 248.181218999092 24.4013531892842
    vertex 67.2735575936858 246.925515424915 24.4013531892834
    vertex 67.6835652170114 246.755684706657 24.4013531892824
  endloop
endfacet
facet normal 0.0 0.0 1.0
  outer loop
    vertex 67.6100223523169 248.181218999092 24.4013531892842
    vertex 67.6835652170114 246.755684706657 24.4013531892824
    vertex 68.3335652170094 247.881517731578 24.4013531892842
  endloop
endfacet
facet normal 0.0 0.0 1.0
  outer loop
    vertex 68.3335652170094 247.881517731578 24.4013531892842
    vertex 67.6835652170114 246.755684706657 24.4013531892824
    vertex 68.0356467450281 246.48552304824 24.4013531892815
  endloop
endfacet
facet normal 0.0 0.0 1.0
  outer loop
    vertex 68.3335652170094 247.881517731578 24.4013531892842
    vertex 68.0356467450281 246.48552304824 24.4013531892815
    vertex 68.305808403444 246.133441520222 24.4013531892808
  endloop
endfacet
facet normal 0.0 0.0 1.0
  outer loop
    vertex 68.3335652170094 247.881517731578 24.4013531892842
    vertex 68.305808403444 246.133441520222 24.4013531892808
    vertex 68.4756391217013 245.723433896896 24.4013531892804
  endloop
endfacet
facet normal 0.0 0.0 1.0
  outer loop
    vertex 68.3335652170094 247.881517731578 24.4013531892842
    vertex 68.4756391217013 245.723433896896 24.4013531892804
    vertex 68.954885560569 247.404761863784 24.4013531892842
  endloop
endfacet
facet normal 0.0 0.0 1.0
  outer loop
    vertex 68.954885560569 247.404761863784 24.4013531892842
    vertex 68.4756391217013 245.723433896896 24.4013531892804
    vertex 68.5335652170093 245.283441520222 24.4013531892801
  endloop
endfacet
facet normal 0.0 0.0 1.0
  outer loop
    vertex 68.954885560569 247.404761863784 24.4013531892842
    vertex 68.5335652170093 245.283441520222 24.4013531892801
    vertex 68.954885560569 243.162121176665 24.4013531892842
  endloop
endfacet
facet normal 0.0 0.0 1.0
  outer loop
    vertex 68.954885560569 247.404761863784 24.4013531892842
    vertex 68.954885560569 243.162121176665 24.4013531892842
    vertex 69.4316414283627 243.783441520224 24.4013531892842
  endloop
endfacet
facet normal 0.0 0.0 1.0
  outer loop
    vertex 68.954885560569 247.404761863784 24.4013531892842
    vertex 69.4316414283627 243.783441520224 24.4013531892842
    vertex 69.4316414283627 246.783441520224 24.4013531892842
  endloop
endfacet
facet normal 0.0 0.0 1.0
  outer loop
    vertex 69.4316414283627 246.783441520224 24.4013531892842
    vertex 69.4316414283627 243.783441520224 24.4013531892842
    vertex 69.7313426958765 244.506984384917 24.4013531892842
  endloop
endfacet
facet normal 0.0 0.0 1.0
  outer loop
    vertex 69.4316414283627 246.783441520224 24.4013531892842
    vertex 69.7313426958765 244.506984384917 24.4013531892842
    vertex 69.7313426958765 246.059898655532 24.4013531892842
  endloop
endfacet
facet normal 0.0 0.0 1.0
  outer loop
    vertex 69.7313426958765 246.059898655532 24.4013531892842
    vertex 69.7313426958765 244.506984384917 24.4013531892842
    vertex 69.8335652170093 245.283441520224 24.4013531892842
  endloop
endfacet
facet normal 0.608761429008706 -0.793353340291246 0.0
  outer loop
    vertex 65.3335652170094 247.881517731578 26.4013531892842
    vertex 64.7122448734497 247.404761863784 24.4013531892842
    vertex 65.3335652170094 247.881517731578 24.4013531892842
  endloop
endfacet
facet normal 0.608761429008706 -0.793353340291246 0.0
  outer loop
    vertex 64.7122448734497 247.404761863784 24.4013531892842
    vertex 65.3335652170094 247.881517731578 26.4013531892842
    vertex 64.7122448734497 247.404761863784 26.4013531892842
  endloop
endfacet
facet normal 0.793353340291227 -0.608761429008731 0.0
  outer loop
    vertex 64.7122448734497 247.404761863784 24.4013531892842
    vertex 64.235489005656 246.783441520224 26.4013531892842
    vertex 64.235489005656 246.783441520224 24.4013531892842
  endloop
endfacet
facet normal 0.793353340291227 -0.608761429008731 0.0
  outer loop
    vertex 64.235489005656 246.783441520224 26.4013531892842
    vertex 64.7122448734497 247.404761863784 24.4013531892842
    vertex 64.7122448734497 247.404761863784 26.4013531892842
  endloop
endfacet
facet normal 0.92387953251129 -0.382683432365083 0.0
  outer loop
    vertex 64.235489005656 246.783441520224 24.4013531892842
    vertex 63.9357877381421 246.059898655532 26.4013531892842
    vertex 63.9357877381421 246.059898655532 24.4013531892842
  endloop
endfacet
facet normal 0.92387953251129 -0.382683432365083 0.0
  outer loop
    vertex 63.9357877381421 246.059898655532 26.4013531892842
    vertex 64.235489005656 246.783441520224 24.4013531892842
    vertex 64.235489005656 246.783441520224 26.4013531892842
  endloop
endfacet
facet normal 0.991444861373811 -0.130526192220046 0.0
  outer loop
    vertex 63.9357877381421 246.059898655532 24.4013531892842
    vertex 63.8335652170094 245.283441520224 26.4013531892842
    vertex 63.8335652170094 245.283441520224 24.4013531892842
  endloop
endfacet
facet normal 0.991444861373811 -0.130526192220046 0.0
  outer loop
    vertex 63.8335652170094 245.283441520224 26.4013531892842
    vertex 63.9357877381421 246.059898655532 24.4013531892842
    vertex 63.9357877381421 246.059898655532 26.4013531892842
  endloop
endfacet
facet normal 0.991444861373811 0.130526192220046 0.0
  outer loop
    vertex 63.8335652170094 245.283441520224 24.4013531892842
    vertex 63.9357877381421 244.506984384917 26.4013531892842
    vertex 63.9357877381421 244.506984384917 24.4013531892842
  endloop
endfacet
facet normal 0.991444861373811 0.130526192220046 0.0
  outer loop
    vertex 63.9357877381421 244.506984384917 26.4013531892842
    vertex 63.8335652170094 245.283441520224 24.4013531892842
    vertex 63.8335652170094 245.283441520224 26.4013531892842
  endloop
endfacet
facet normal 0.923879532511281 0.382683432365103 0.0
  outer loop
    vertex 63.9357877381421 244.506984384917 24.4013531892842
    vertex 64.235489005656 243.783441520224 26.4013531892842
    vertex 64.235489005656 243.783441520224 24.4013531892842
  endloop
endfacet
facet normal 0.923879532511281 0.382683432365103 0.0
  outer loop
    vertex 64.235489005656 243.783441520224 26.4013531892842
    vertex 63.9357877381421 244.506984384917 24.4013531892842
    vertex 63.9357877381421 244.506984384917 26.4013531892842
  endloop
endfacet
facet normal 0.793353340291248 0.608761429008703 0.0
  outer loop
    vertex 64.235489005656 243.783441520224 24.4013531892842
    vertex 64.7122448734497 243.162121176665 26.4013531892842
    vertex 64.7122448734497 243.162121176665 24.4013531892842
  endloop
endfacet
facet normal 0.793353340291248 0.608761429008703 0.0
  outer loop
    vertex 64.7122448734497 243.162121176665 26.4013531892842
    vertex 64.235489005656 243.783441520224 24.4013531892842
    vertex 64.235489005656 243.783441520224 26.4013531892842
  endloop
endfacet
facet normal 0.608761429008706 0.793353340291246 0.0
  outer loop
    vertex 64.7122448734497 243.162121176665 26.4013531892842
    vertex 65.3335652170094 242.685365308871 24.4013531892842
    vertex 64.7122448734497 243.162121176665 24.4013531892842
  endloop
endfacet
facet normal 0.608761429008706 0.793353340291246 0.0
  outer loop
    vertex 65.3335652170094 242.685365308871 24.4013531892842
    vertex 64.7122448734497 243.162121176665 26.4013531892842
    vertex 65.3335652170094 242.685365308871 26.4013531892842
  endloop
endfacet
facet normal 0.382683432365105 0.92387953251128 0.0
  outer loop
    vertex 65.3335652170094 242.685365308871 26.4013531892842
    vertex 66.0571080817018 242.385664041357 24.4013531892842
    vertex 65.3335652170094 242.685365308871 24.4013531892842
  endloop
endfacet
facet normal 0.382683432365105 0.92387953251128 0.0
  outer loop
    vertex 66.0571080817018 242.385664041357 24.4013531892842
    vertex 65.3335652170094 242.685365308871 26.4013531892842
    vertex 66.0571080817018 242.385664041357 26.4013531892842
  endloop
endfacet
facet normal 0.130526192220046 0.991444861373811 0.0
  outer loop
    vertex 66.0571080817018 242.385664041357 26.4013531892842
    vertex 66.8335652170093 242.283441520224 24.4013531892842
    vertex 66.0571080817018 242.385664041357 24.4013531892842
  endloop
endfacet
facet normal 0.130526192220046 0.991444861373811 0.0
  outer loop
    vertex 66.8335652170093 242.283441520224 24.4013531892842
    vertex 66.0571080817018 242.385664041357 26.4013531892842
    vertex 66.8335652170093 242.283441520224 26.4013531892842
  endloop
endfacet
facet normal -0.130526192220046 0.991444861373811 0.0
  outer loop
    vertex 66.8335652170093 242.283441520224 26.4013531892842
    vertex 67.6100223523169 242.385664041357 24.4013531892842
    vertex 66.8335652170093 242.283441520224 24.4013531892842
  endloop
endfacet
facet normal -0.130526192220046 0.991444861373811 0.0
  outer loop
    vertex 67.6100223523169 242.385664041357 24.4013531892842
    vertex 66.8335652170093 242.283441520224 26.4013531892842
    vertex 67.6100223523169 242.385664041357 26.4013531892842
  endloop
endfacet
facet normal -0.382683432365105 0.92387953251128 0.0
  outer loop
    vertex 67.6100223523169 242.385664041357 26.4013531892842
    vertex 68.3335652170094 242.685365308871 24.4013531892842
    vertex 67.6100223523169 242.385664041357 24.4013531892842
  endloop
endfacet
facet normal -0.382683432365105 0.92387953251128 0.0
  outer loop
    vertex 68.3335652170094 242.685365308871 24.4013531892842
    vertex 67.6100223523169 242.385664041357 26.4013531892842
    vertex 68.3335652170094 242.685365308871 26.4013531892842
  endloop
endfacet
facet normal -0.608761429008706 0.793353340291246 0.0
  outer loop
    vertex 68.3335652170094 242.685365308871 26.4013531892842
    vertex 68.954885560569 243.162121176665 24.4013531892842
    vertex 68.3335652170094 242.685365308871 24.4013531892842
  endloop
endfacet
facet normal -0.608761429008706 0.793353340291246 0.0
  outer loop
    vertex 68.954885560569 243.162121176665 24.4013531892842
    vertex 68.3335652170094 242.685365308871 26.4013531892842
    vertex 68.954885560569 243.162121176665 26.4013531892842
  endloop
endfacet
facet normal -0.793353340291227 0.608761429008731 0.0
  outer loop
    vertex 69.4316414283627 243.783441520224 26.4013531892842
    vertex 68.954885560569 243.162121176665 24.4013531892842
    vertex 68.954885560569 243.162121176665 26.4013531892842
  endloop
endfacet
facet normal -0.793353340291227 0.608761429008731 0.0
  outer loop
    vertex 68.954885560569 243.162121176665 24.4013531892842
    vertex 69.4316414283627 243.783441520224 26.4013531892842
    vertex 69.4316414283627 243.783441520224 24.4013531892842
  endloop
endfacet
facet normal -0.923879532511295 0.382683432365071 0.0
  outer loop
    vertex 69.7313426958765 244.506984384917 26.4013531892842
    vertex 69.4316414283627 243.783441520224 24.4013531892842
    vertex 69.4316414283627 243.783441520224 26.4013531892842
  endloop
endfacet
facet normal -0.923879532511295 0.382683432365071 0.0
  outer loop
    vertex 69.4316414283627 243.783441520224 24.4013531892842
    vertex 69.7313426958765 244.506984384917 26.4013531892842
    vertex 69.7313426958765 244.506984384917 24.4013531892842
  endloop
endfacet
facet normal -0.991444861373809 0.13052619222006 0.0
  outer loop
    vertex 69.8335652170093 245.283441520224 26.4013531892842
    vertex 69.7313426958765 244.506984384917 24.4013531892842
    vertex 69.7313426958765 244.506984384917 26.4013531892842
  endloop
endfacet
facet normal -0.991444861373809 0.13052619222006 0.0
  outer loop
    vertex 69.7313426958765 244.506984384917 24.4013531892842
    vertex 69.8335652170093 245.283441520224 26.4013531892842
    vertex 69.8335652170093 245.283441520224 24.4013531892842
  endloop
endfacet
facet normal -0.991444861373811 -0.130526192220046 0.0
  outer loop
    vertex 69.7313426958765 246.059898655532 26.4013531892842
    vertex 69.8335652170093 245.283441520224 24.4013531892842
    vertex 69.8335652170093 245.283441520224 26.4013531892842
  endloop
endfacet
facet normal -0.991444861373811 -0.130526192220046 0.0
  outer loop
    vertex 69.8335652170093 245.283441520224 24.4013531892842
    vertex 69.7313426958765 246.059898655532 26.4013531892842
    vertex 69.7313426958765 246.059898655532 24.4013531892842
  endloop
endfacet
facet normal -0.923879532511281 -0.382683432365103 0.0
  outer loop
    vertex 69.4316414283627 246.783441520224 26.4013531892842
    vertex 69.7313426958765 246.059898655532 24.4013531892842
    vertex 69.7313426958765 246.059898655532 26.4013531892842
  endloop
endfacet
facet normal -0.923879532511281 -0.382683432365103 0.0
  outer loop
    vertex 69.7313426958765 246.059898655532 24.4013531892842
    vertex 69.4316414283627 246.783441520224 26.4013531892842
    vertex 69.4316414283627 246.783441520224 24.4013531892842
  endloop
endfacet
facet normal -0.793353340291248 -0.608761429008703 0.0
  outer loop
    vertex 68.954885560569 247.404761863784 26.4013531892842
    vertex 69.4316414283627 246.783441520224 24.4013531892842
    vertex 69.4316414283627 246.783441520224 26.4013531892842
  endloop
endfacet
facet normal -0.793353340291248 -0.608761429008703 0.0
  outer loop
    vertex 69.4316414283627 246.783441520224 24.4013531892842
    vertex 68.954885560569 247.404761863784 26.4013531892842
    vertex 68.954885560569 247.404761863784 24.4013531892842
  endloop
endfacet
facet normal -0.608761429008706 -0.793353340291246 0.0
  outer loop
    vertex 68.954885560569 247.404761863784 26.4013531892842
    vertex 68.3335652170094 247.881517731578 24.4013531892842
    vertex 68.954885560569 247.404761863784 24.4013531892842
  endloop
endfacet
facet normal -0.608761429008706 -0.793353340291246 0.0
  outer loop
    vertex 68.3335652170094 247.881517731578 24.4013531892842
    vertex 68.954885560569 247.404761863784 26.4013531892842
    vertex 68.3335652170094 247.881517731578 26.4013531892842
  endloop
endfacet
facet normal -0.38268343236511 -0.923879532511278 0.0
  outer loop
    vertex 68.3335652170094 247.881517731578 26.4013531892842
    vertex 67.6100223523169 248.181218999092 24.4013531892842
    vertex 68.3335652170094 247.881517731578 24.4013531892842
  endloop
endfacet
facet normal -0.38268343236511 -0.923879532511278 0.0
  outer loop
    vertex 67.6100223523169 248.181218999092 24.4013531892842
    vertex 68.3335652170094 247.881517731578 26.4013531892842
    vertex 67.6100223523169 248.181218999092 26.4013531892842
  endloop
endfacet
facet normal -0.130526192220044 -0.991444861373811 0.0
  outer loop
    vertex 67.6100223523169 248.181218999092 26.4013531892842
    vertex 66.8335652170093 248.283441520224 24.4013531892842
    vertex 67.6100223523169 248.181218999092 24.4013531892842
  endloop
endfacet
facet normal -0.130526192220044 -0.991444861373811 0.0
  outer loop
    vertex 66.8335652170093 248.283441520224 24.4013531892842
    vertex 67.6100223523169 248.181218999092 26.4013531892842
    vertex 66.8335652170093 248.283441520224 26.4013531892842
  endloop
endfacet
facet normal 0.130526192220046 -0.991444861373811 0.0
  outer loop
    vertex 66.8335652170093 248.283441520224 26.4013531892842
    vertex 66.0571080817018 248.181218999092 24.4013531892842
    vertex 66.8335652170093 248.283441520224 24.4013531892842
  endloop
endfacet
facet normal 0.130526192220046 -0.991444861373811 0.0
  outer loop
    vertex 66.0571080817018 248.181218999092 24.4013531892842
    vertex 66.8335652170093 248.283441520224 26.4013531892842
    vertex 66.0571080817018 248.181218999092 26.4013531892842
  endloop
endfacet
facet normal 0.382683432365105 -0.92387953251128 0.0
  outer loop
    vertex 66.0571080817018 248.181218999092 26.4013531892842
    vertex 65.3335652170094 247.881517731578 24.4013531892842
    vertex 66.0571080817018 248.181218999092 24.4013531892842
  endloop
endfacet
facet normal 0.382683432365105 -0.92387953251128 0.0
  outer loop
    vertex 65.3335652170094 247.881517731578 24.4013531892842
    vertex 66.0571080817018 248.181218999092 26.4013531892842
    vertex 65.3335652170094 247.881517731578 26.4013531892842
  endloop
endfacet
facet normal 0.0 0.0 1.0
  outer loop
    vertex 32.9357877384319 244.506984383119 24.4012802409299
    vertex 32.9357877384319 246.059898653734 24.4012802409299
    vertex 32.8335652172991 245.283441518426 24.4012802409299
  endloop
endfacet
facet normal 0.0 0.0 1.0
  outer loop
    vertex 32.9357877384319 246.059898653734 24.4012802409299
    vertex 32.9357877384319 244.506984383119 24.4012802409299
    vertex 33.2354890059458 243.783441518426 24.4012802409299
  endloop
endfacet
facet normal 0.0 0.0 1.0
  outer loop
    vertex 32.9357877384319 246.059898653734 24.4012802409299
    vertex 33.2354890059458 243.783441518426 24.4012802409299
    vertex 33.2354890059458 246.783441518426 24.4012802409299
  endloop
endfacet
facet normal 0.0 0.0 1.0
  outer loop
    vertex 33.2354890059458 246.783441518426 24.4012802409299
    vertex 33.2354890059458 243.783441518426 24.4012802409299
    vertex 33.7122448737394 243.162121174867 24.4012802409299
  endloop
endfacet
facet normal 0.0 0.0 1.0
  outer loop
    vertex 33.2354890059458 246.783441518426 24.4012802409299
    vertex 33.7122448737394 243.162121174867 24.4012802409299
    vertex 33.7122448737394 247.404761861986 24.4012802409299
  endloop
endfacet
facet normal 0.0 0.0 1.0
  outer loop
    vertex 33.7122448737394 247.404761861986 24.4012802409299
    vertex 33.7122448737394 243.162121174867 24.4012802409299
    vertex 34.333565217299 242.685365307073 24.4012802409299
  endloop
endfacet
facet normal 0.0 0.0 1.0
  outer loop
    vertex 33.7122448737394 247.404761861986 24.4012802409299
    vertex 34.333565217299 242.685365307073 24.4012802409299
    vertex 34.1335652172991 245.283441518428 24.4012802409338
  endloop
endfacet
facet normal 0.0 0.0 1.0
  outer loop
    vertex 34.1335652172991 245.283441518428 24.4012802409338
    vertex 34.333565217299 242.685365307073 24.4012802409299
    vertex 34.1914913126071 244.843449141754 24.4012802409337
  endloop
endfacet
facet normal 0.0 0.0 1.0
  outer loop
    vertex 34.1914913126071 244.843449141754 24.4012802409337
    vertex 34.333565217299 242.685365307073 24.4012802409299
    vertex 34.3613220308644 244.433441518428 24.4012802409332
  endloop
endfacet
facet normal 0.0 0.0 1.0
  outer loop
    vertex 34.3613220308644 244.433441518428 24.4012802409332
    vertex 34.333565217299 242.685365307073 24.4012802409299
    vertex 35.0571080819915 242.385664039559 24.4012802409299
  endloop
endfacet
facet normal 0.0 0.0 1.0
  outer loop
    vertex 34.3613220308644 244.433441518428 24.4012802409332
    vertex 35.0571080819915 242.385664039559 24.4012802409299
    vertex 34.6314836892804 244.081359990411 24.4012802409325
  endloop
endfacet
facet normal 0.0 0.0 1.0
  outer loop
    vertex 34.6314836892804 244.081359990411 24.4012802409325
    vertex 35.0571080819915 242.385664039559 24.4012802409299
    vertex 34.9835652172971 243.811198331994 24.4012802409316
  endloop
endfacet
facet normal 0.0 0.0 1.0
  outer loop
    vertex 34.9835652172971 243.811198331994 24.4012802409316
    vertex 35.0571080819915 242.385664039559 24.4012802409299
    vertex 35.3935728406225 243.641367613735 24.4012802409306
  endloop
endfacet
facet normal 0.0 0.0 1.0
  outer loop
    vertex 35.3935728406225 243.641367613735 24.4012802409306
    vertex 35.0571080819915 242.385664039559 24.4012802409299
    vertex 35.8335652172991 242.283441518426 24.4012802409299
  endloop
endfacet
facet normal 0.0 0.0 1.0
  outer loop
    vertex 35.3935728406225 243.641367613735 24.4012802409306
    vertex 35.8335652172991 242.283441518426 24.4012802409299
    vertex 35.8335652172968 243.583441518426 24.40128024093
  endloop
endfacet
facet normal 0.0 0.0 1.0
  outer loop
    vertex 35.8335652172968 243.583441518426 24.40128024093
    vertex 35.8335652172991 242.283441518426 24.4012802409299
    vertex 36.2735575939711 243.641367613734 24.4012802409286
  endloop
endfacet
facet normal 0.0 0.0 1.0
  outer loop
    vertex 36.2735575939711 243.641367613734 24.4012802409286
    vertex 35.8335652172991 242.283441518426 24.4012802409299
    vertex 36.6100223526066 242.385664039559 24.4012802409299
  endloop
endfacet
facet normal 0.0 0.0 1.0
  outer loop
    vertex 36.2735575939711 243.641367613734 24.4012802409286
    vertex 36.6100223526066 242.385664039559 24.4012802409299
    vertex 36.6835652172971 243.811198331991 24.4012802409276
  endloop
endfacet
facet normal 0.0 0.0 1.0
  outer loop
    vertex 36.6835652172971 243.811198331991 24.4012802409276
    vertex 36.6100223526066 242.385664039559 24.4012802409299
    vertex 37.333565217299 242.685365307073 24.4012802409299
  endloop
endfacet
facet normal 0.0 0.0 1.0
  outer loop
    vertex 36.6835652172971 243.811198331991 24.4012802409276
    vertex 37.333565217299 242.685365307073 24.4012802409299
    vertex 37.0356467453145 244.081359990407 24.4012802409268
  endloop
endfacet
facet normal 0.0 0.0 1.0
  outer loop
    vertex 37.0356467453145 244.081359990407 24.4012802409268
    vertex 37.333565217299 242.685365307073 24.4012802409299
    vertex 37.3058084037314 244.433441518424 24.4012802409263
  endloop
endfacet
facet normal 0.0 0.0 1.0
  outer loop
    vertex 37.3058084037314 244.433441518424 24.4012802409263
    vertex 37.333565217299 242.685365307073 24.4012802409299
    vertex 37.4756391219899 244.84344914175 24.4012802409259
  endloop
endfacet
facet normal 0.0 0.0 1.0
  outer loop
    vertex 37.4756391219899 244.84344914175 24.4012802409259
    vertex 37.333565217299 242.685365307073 24.4012802409299
    vertex 37.9548855608587 243.162121174867 24.4012802409299
  endloop
endfacet
facet normal 0.0 0.0 1.0
  outer loop
    vertex 37.4756391219899 244.84344914175 24.4012802409259
    vertex 37.9548855608587 243.162121174867 24.4012802409299
    vertex 37.533565217299 245.283441518424 24.4012802409258
  endloop
endfacet
facet normal 0.0 0.0 1.0
  outer loop
    vertex 34.1335652172991 245.283441518428 24.4012802409338
    vertex 34.333565217299 247.881517729779 24.4012802409299
    vertex 33.7122448737394 247.404761861986 24.4012802409299
  endloop
endfacet
facet normal 0.0 0.0 1.0
  outer loop
    vertex 34.333565217299 247.881517729779 24.4012802409299
    vertex 34.1335652172991 245.283441518428 24.4012802409338
    vertex 34.1914913126083 245.723433895103 24.4012802409338
  endloop
endfacet
facet normal 0.0 0.0 1.0
  outer loop
    vertex 34.333565217299 247.881517729779 24.4012802409299
    vertex 34.1914913126083 245.723433895103 24.4012802409338
    vertex 34.3613220308667 246.133441518428 24.4012802409334
  endloop
endfacet
facet normal 0.0 0.0 1.0
  outer loop
    vertex 34.333565217299 247.881517729779 24.4012802409299
    vertex 34.3613220308667 246.133441518428 24.4012802409334
    vertex 35.0571080819915 248.181218997293 24.4012802409299
  endloop
endfacet
facet normal 0.0 0.0 1.0
  outer loop
    vertex 35.0571080819915 248.181218997293 24.4012802409299
    vertex 34.3613220308667 246.133441518428 24.4012802409334
    vertex 34.6314836892836 246.485523046445 24.4012802409328
  endloop
endfacet
facet normal 0.0 0.0 1.0
  outer loop
    vertex 35.0571080819915 248.181218997293 24.4012802409299
    vertex 34.6314836892836 246.485523046445 24.4012802409328
    vertex 34.9835652173011 246.755684704861 24.4012802409321
  endloop
endfacet
facet normal 0.0 0.0 1.0
  outer loop
    vertex 35.0571080819915 248.181218997293 24.4012802409299
    vertex 34.9835652173011 246.755684704861 24.4012802409321
    vertex 35.3935728406271 246.925515423118 24.4012802409311
  endloop
endfacet
facet normal 0.0 0.0 1.0
  outer loop
    vertex 35.0571080819915 248.181218997293 24.4012802409299
    vertex 35.3935728406271 246.925515423118 24.4012802409311
    vertex 35.8335652172991 248.283441518426 24.4012802409299
  endloop
endfacet
facet normal 0.0 0.0 1.0
  outer loop
    vertex 35.8335652172991 248.283441518426 24.4012802409299
    vertex 35.3935728406271 246.925515423118 24.4012802409311
    vertex 35.8335652173014 246.983441518426 24.4012802409297
  endloop
endfacet
facet normal 0.0 0.0 1.0
  outer loop
    vertex 35.8335652172991 248.283441518426 24.4012802409299
    vertex 35.8335652173014 246.983441518426 24.4012802409297
    vertex 36.6100223526066 248.181218997293 24.4012802409299
  endloop
endfacet
facet normal 0.0 0.0 1.0
  outer loop
    vertex 36.6100223526066 248.181218997293 24.4012802409299
    vertex 35.8335652173014 246.983441518426 24.4012802409297
    vertex 36.2735575939756 246.925515423117 24.4012802409291
  endloop
endfacet
facet normal 0.0 0.0 1.0
  outer loop
    vertex 36.6100223526066 248.181218997293 24.4012802409299
    vertex 36.2735575939756 246.925515423117 24.4012802409291
    vertex 36.6835652173011 246.755684704859 24.4012802409281
  endloop
endfacet
facet normal 0.0 0.0 1.0
  outer loop
    vertex 36.6100223526066 248.181218997293 24.4012802409299
    vertex 36.6835652173011 246.755684704859 24.4012802409281
    vertex 37.333565217299 247.881517729779 24.4012802409299
  endloop
endfacet
facet normal 0.0 0.0 1.0
  outer loop
    vertex 37.333565217299 247.881517729779 24.4012802409299
    vertex 36.6835652173011 246.755684704859 24.4012802409281
    vertex 37.0356467453178 246.485523046442 24.4012802409272
  endloop
endfacet
facet normal 0.0 0.0 1.0
  outer loop
    vertex 37.333565217299 247.881517729779 24.4012802409299
    vertex 37.0356467453178 246.485523046442 24.4012802409272
    vertex 37.3058084037338 246.133441518424 24.4012802409265
  endloop
endfacet
facet normal 0.0 0.0 1.0
  outer loop
    vertex 37.333565217299 247.881517729779 24.4012802409299
    vertex 37.3058084037338 246.133441518424 24.4012802409265
    vertex 37.4756391219911 245.723433895098 24.401280240926
  endloop
endfacet
facet normal 0.0 0.0 1.0
  outer loop
    vertex 37.333565217299 247.881517729779 24.4012802409299
    vertex 37.4756391219911 245.723433895098 24.401280240926
    vertex 37.9548855608587 247.404761861986 24.4012802409299
  endloop
endfacet
facet normal 0.0 0.0 1.0
  outer loop
    vertex 37.9548855608587 247.404761861986 24.4012802409299
    vertex 37.4756391219911 245.723433895098 24.401280240926
    vertex 37.533565217299 245.283441518424 24.4012802409258
  endloop
endfacet
facet normal 0.0 0.0 1.0
  outer loop
    vertex 37.9548855608587 247.404761861986 24.4012802409299
    vertex 37.533565217299 245.283441518424 24.4012802409258
    vertex 37.9548855608587 243.162121174867 24.4012802409299
  endloop
endfacet
facet normal 0.0 0.0 1.0
  outer loop
    vertex 37.9548855608587 247.404761861986 24.4012802409299
    vertex 37.9548855608587 243.162121174867 24.4012802409299
    vertex 38.4316414286524 243.783441518426 24.4012802409299
  endloop
endfacet
facet normal 0.0 0.0 1.0
  outer loop
    vertex 37.9548855608587 247.404761861986 24.4012802409299
    vertex 38.4316414286524 243.783441518426 24.4012802409299
    vertex 38.4316414286524 246.783441518426 24.4012802409299
  endloop
endfacet
facet normal 0.0 0.0 1.0
  outer loop
    vertex 38.4316414286524 246.783441518426 24.4012802409299
    vertex 38.4316414286524 243.783441518426 24.4012802409299
    vertex 38.7313426961663 244.506984383119 24.4012802409299
  endloop
endfacet
facet normal 0.0 0.0 1.0
  outer loop
    vertex 38.4316414286524 246.783441518426 24.4012802409299
    vertex 38.7313426961663 244.506984383119 24.4012802409299
    vertex 38.7313426961663 246.059898653734 24.4012802409299
  endloop
endfacet
facet normal 0.0 0.0 1.0
  outer loop
    vertex 38.7313426961663 246.059898653734 24.4012802409299
    vertex 38.7313426961663 244.506984383119 24.4012802409299
    vertex 38.8335652172991 245.283441518426 24.4012802409299
  endloop
endfacet
facet normal 0.130526192220045 -0.991444861373811 0.0
  outer loop
    vertex 35.8335652172991 248.283441518426 26.4012802409299
    vertex 35.0571080819915 248.181218997293 24.4012802409299
    vertex 35.8335652172991 248.283441518426 24.4012802409299
  endloop
endfacet
facet normal 0.130526192220045 -0.991444861373811 0.0
  outer loop
    vertex 35.0571080819915 248.181218997293 24.4012802409299
    vertex 35.8335652172991 248.283441518426 26.4012802409299
    vertex 35.0571080819915 248.181218997293 26.4012802409299
  endloop
endfacet
facet normal 0.382683432365108 -0.923879532511279 0.0
  outer loop
    vertex 35.0571080819915 248.181218997293 26.4012802409299
    vertex 34.333565217299 247.881517729779 24.4012802409299
    vertex 35.0571080819915 248.181218997293 24.4012802409299
  endloop
endfacet
facet normal 0.382683432365108 -0.923879532511279 0.0
  outer loop
    vertex 34.333565217299 247.881517729779 24.4012802409299
    vertex 35.0571080819915 248.181218997293 26.4012802409299
    vertex 34.333565217299 247.881517729779 26.4012802409299
  endloop
endfacet
facet normal 0.608761429008706 -0.793353340291246 0.0
  outer loop
    vertex 34.333565217299 247.881517729779 26.4012802409299
    vertex 33.7122448737394 247.404761861986 24.4012802409299
    vertex 34.333565217299 247.881517729779 24.4012802409299
  endloop
endfacet
facet normal 0.608761429008706 -0.793353340291246 0.0
  outer loop
    vertex 33.7122448737394 247.404761861986 24.4012802409299
    vertex 34.333565217299 247.881517729779 26.4012802409299
    vertex 33.7122448737394 247.404761861986 26.4012802409299
  endloop
endfacet
facet normal 0.793353340291227 -0.608761429008731 0.0
  outer loop
    vertex 33.7122448737394 247.404761861986 24.4012802409299
    vertex 33.2354890059458 246.783441518426 26.4012802409299
    vertex 33.2354890059458 246.783441518426 24.4012802409299
  endloop
endfacet
facet normal 0.793353340291227 -0.608761429008731 0.0
  outer loop
    vertex 33.2354890059458 246.783441518426 26.4012802409299
    vertex 33.7122448737394 247.404761861986 24.4012802409299
    vertex 33.7122448737394 247.404761861986 26.4012802409299
  endloop
endfacet
facet normal 0.923879532511292 -0.382683432365077 0.0
  outer loop
    vertex 33.2354890059458 246.783441518426 24.4012802409299
    vertex 32.9357877384319 246.059898653734 26.4012802409299
    vertex 32.9357877384319 246.059898653734 24.4012802409299
  endloop
endfacet
facet normal 0.923879532511292 -0.382683432365077 0.0
  outer loop
    vertex 32.9357877384319 246.059898653734 26.4012802409299
    vertex 33.2354890059458 246.783441518426 24.4012802409299
    vertex 33.2354890059458 246.783441518426 26.4012802409299
  endloop
endfacet
facet normal 0.99144486137381 -0.130526192220053 0.0
  outer loop
    vertex 32.9357877384319 246.059898653734 24.4012802409299
    vertex 32.8335652172991 245.283441518426 26.4012802409299
    vertex 32.8335652172991 245.283441518426 24.4012802409299
  endloop
endfacet
facet normal 0.99144486137381 -0.130526192220053 0.0
  outer loop
    vertex 32.8335652172991 245.283441518426 26.4012802409299
    vertex 32.9357877384319 246.059898653734 24.4012802409299
    vertex 32.9357877384319 246.059898653734 26.4012802409299
  endloop
endfacet
facet normal 0.99144486137381 0.130526192220053 0.0
  outer loop
    vertex 32.8335652172991 245.283441518426 24.4012802409299
    vertex 32.9357877384319 244.506984383119 26.4012802409299
    vertex 32.9357877384319 244.506984383119 24.4012802409299
  endloop
endfacet
facet normal 0.99144486137381 0.130526192220053 0.0
  outer loop
    vertex 32.9357877384319 244.506984383119 26.4012802409299
    vertex 32.8335652172991 245.283441518426 24.4012802409299
    vertex 32.8335652172991 245.283441518426 26.4012802409299
  endloop
endfacet
facet normal 0.923879532511284 0.382683432365097 0.0
  outer loop
    vertex 32.9357877384319 244.506984383119 24.4012802409299
    vertex 33.2354890059458 243.783441518426 26.4012802409299
    vertex 33.2354890059458 243.783441518426 24.4012802409299
  endloop
endfacet
facet normal 0.923879532511284 0.382683432365097 0.0
  outer loop
    vertex 33.2354890059458 243.783441518426 26.4012802409299
    vertex 32.9357877384319 244.506984383119 24.4012802409299
    vertex 32.9357877384319 244.506984383119 26.4012802409299
  endloop
endfacet
facet normal 0.793353340291248 0.608761429008703 0.0
  outer loop
    vertex 33.2354890059458 243.783441518426 24.4012802409299
    vertex 33.7122448737394 243.162121174867 26.4012802409299
    vertex 33.7122448737394 243.162121174867 24.4012802409299
  endloop
endfacet
facet normal 0.793353340291248 0.608761429008703 0.0
  outer loop
    vertex 33.7122448737394 243.162121174867 26.4012802409299
    vertex 33.2354890059458 243.783441518426 24.4012802409299
    vertex 33.2354890059458 243.783441518426 26.4012802409299
  endloop
endfacet
facet normal 0.608761429008706 0.793353340291246 0.0
  outer loop
    vertex 33.7122448737394 243.162121174867 26.4012802409299
    vertex 34.333565217299 242.685365307073 24.4012802409299
    vertex 33.7122448737394 243.162121174867 24.4012802409299
  endloop
endfacet
facet normal 0.608761429008706 0.793353340291246 0.0
  outer loop
    vertex 34.333565217299 242.685365307073 24.4012802409299
    vertex 33.7122448737394 243.162121174867 26.4012802409299
    vertex 34.333565217299 242.685365307073 26.4012802409299
  endloop
endfacet
facet normal 0.382683432365108 0.923879532511279 0.0
  outer loop
    vertex 34.333565217299 242.685365307073 26.4012802409299
    vertex 35.0571080819915 242.385664039559 24.4012802409299
    vertex 34.333565217299 242.685365307073 24.4012802409299
  endloop
endfacet
facet normal 0.382683432365108 0.923879532511279 0.0
  outer loop
    vertex 35.0571080819915 242.385664039559 24.4012802409299
    vertex 34.333565217299 242.685365307073 26.4012802409299
    vertex 35.0571080819915 242.385664039559 26.4012802409299
  endloop
endfacet
facet normal 0.130526192220045 0.991444861373811 0.0
  outer loop
    vertex 35.0571080819915 242.385664039559 26.4012802409299
    vertex 35.8335652172991 242.283441518426 24.4012802409299
    vertex 35.0571080819915 242.385664039559 24.4012802409299
  endloop
endfacet
facet normal 0.130526192220045 0.991444861373811 0.0
  outer loop
    vertex 35.8335652172991 242.283441518426 24.4012802409299
    vertex 35.0571080819915 242.385664039559 26.4012802409299
    vertex 35.8335652172991 242.283441518426 26.4012802409299
  endloop
endfacet
facet normal -0.130526192220046 0.991444861373811 0.0
  outer loop
    vertex 35.8335652172991 242.283441518426 26.4012802409299
    vertex 36.6100223526066 242.385664039559 24.4012802409299
    vertex 35.8335652172991 242.283441518426 24.4012802409299
  endloop
endfacet
facet normal -0.130526192220046 0.991444861373811 0.0
  outer loop
    vertex 36.6100223526066 242.385664039559 24.4012802409299
    vertex 35.8335652172991 242.283441518426 26.4012802409299
    vertex 36.6100223526066 242.385664039559 26.4012802409299
  endloop
endfacet
facet normal -0.382683432365105 0.92387953251128 0.0
  outer loop
    vertex 36.6100223526066 242.385664039559 26.4012802409299
    vertex 37.333565217299 242.685365307073 24.4012802409299
    vertex 36.6100223526066 242.385664039559 24.4012802409299
  endloop
endfacet
facet normal -0.382683432365105 0.92387953251128 0.0
  outer loop
    vertex 37.333565217299 242.685365307073 24.4012802409299
    vertex 36.6100223526066 242.385664039559 26.4012802409299
    vertex 37.333565217299 242.685365307073 26.4012802409299
  endloop
endfacet
facet normal -0.608761429008706 0.793353340291246 0.0
  outer loop
    vertex 37.333565217299 242.685365307073 26.4012802409299
    vertex 37.9548855608587 243.162121174867 24.4012802409299
    vertex 37.333565217299 242.685365307073 24.4012802409299
  endloop
endfacet
facet normal -0.608761429008706 0.793353340291246 0.0
  outer loop
    vertex 37.9548855608587 243.162121174867 24.4012802409299
    vertex 37.333565217299 242.685365307073 26.4012802409299
    vertex 37.9548855608587 243.162121174867 26.4012802409299
  endloop
endfacet
facet normal -0.793353340291227 0.608761429008731 0.0
  outer loop
    vertex 38.4316414286524 243.783441518426 26.4012802409299
    vertex 37.9548855608587 243.162121174867 24.4012802409299
    vertex 37.9548855608587 243.162121174867 26.4012802409299
  endloop
endfacet
facet normal -0.793353340291227 0.608761429008731 0.0
  outer loop
    vertex 37.9548855608587 243.162121174867 24.4012802409299
    vertex 38.4316414286524 243.783441518426 26.4012802409299
    vertex 38.4316414286524 243.783441518426 24.4012802409299
  endloop
endfacet
facet normal -0.923879532511292 0.382683432365077 0.0
  outer loop
    vertex 38.7313426961663 244.506984383119 26.4012802409299
    vertex 38.4316414286524 243.783441518426 24.4012802409299
    vertex 38.4316414286524 243.783441518426 26.4012802409299
  endloop
endfacet
facet normal -0.923879532511292 0.382683432365077 0.0
  outer loop
    vertex 38.4316414286524 243.783441518426 24.4012802409299
    vertex 38.7313426961663 244.506984383119 26.4012802409299
    vertex 38.7313426961663 244.506984383119 24.4012802409299
  endloop
endfacet
facet normal -0.99144486137381 0.130526192220053 0.0
  outer loop
    vertex 38.8335652172991 245.283441518426 26.4012802409299
    vertex 38.7313426961663 244.506984383119 24.4012802409299
    vertex 38.7313426961663 244.506984383119 26.4012802409299
  endloop
endfacet
facet normal -0.99144486137381 0.130526192220053 0.0
  outer loop
    vertex 38.7313426961663 244.506984383119 24.4012802409299
    vertex 38.8335652172991 245.283441518426 26.4012802409299
    vertex 38.8335652172991 245.283441518426 24.4012802409299
  endloop
endfacet
facet normal -0.99144486137381 -0.130526192220053 0.0
  outer loop
    vertex 38.7313426961663 246.059898653734 26.4012802409299
    vertex 38.8335652172991 245.283441518426 24.4012802409299
    vertex 38.8335652172991 245.283441518426 26.4012802409299
  endloop
endfacet
facet normal -0.99144486137381 -0.130526192220053 0.0
  outer loop
    vertex 38.8335652172991 245.283441518426 24.4012802409299
    vertex 38.7313426961663 246.059898653734 26.4012802409299
    vertex 38.7313426961663 246.059898653734 24.4012802409299
  endloop
endfacet
facet normal -0.923879532511284 -0.382683432365097 0.0
  outer loop
    vertex 38.4316414286524 246.783441518426 26.4012802409299
    vertex 38.7313426961663 246.059898653734 24.4012802409299
    vertex 38.7313426961663 246.059898653734 26.4012802409299
  endloop
endfacet
facet normal -0.923879532511284 -0.382683432365097 0.0
  outer loop
    vertex 38.7313426961663 246.059898653734 24.4012802409299
    vertex 38.4316414286524 246.783441518426 26.4012802409299
    vertex 38.4316414286524 246.783441518426 24.4012802409299
  endloop
endfacet
facet normal -0.793353340291248 -0.608761429008703 0.0
  outer loop
    vertex 37.9548855608587 247.404761861986 26.4012802409299
    vertex 38.4316414286524 246.783441518426 24.4012802409299
    vertex 38.4316414286524 246.783441518426 26.4012802409299
  endloop
endfacet
facet normal -0.793353340291248 -0.608761429008703 0.0
  outer loop
    vertex 38.4316414286524 246.783441518426 24.4012802409299
    vertex 37.9548855608587 247.404761861986 26.4012802409299
    vertex 37.9548855608587 247.404761861986 24.4012802409299
  endloop
endfacet
facet normal -0.608761429008706 -0.793353340291246 0.0
  outer loop
    vertex 37.9548855608587 247.404761861986 26.4012802409299
    vertex 37.333565217299 247.881517729779 24.4012802409299
    vertex 37.9548855608587 247.404761861986 24.4012802409299
  endloop
endfacet
facet normal -0.608761429008706 -0.793353340291246 0.0
  outer loop
    vertex 37.333565217299 247.881517729779 24.4012802409299
    vertex 37.9548855608587 247.404761861986 26.4012802409299
    vertex 37.333565217299 247.881517729779 26.4012802409299
  endloop
endfacet
facet normal -0.382683432365108 -0.923879532511279 0.0
  outer loop
    vertex 37.333565217299 247.881517729779 26.4012802409299
    vertex 36.6100223526066 248.181218997293 24.4012802409299
    vertex 37.333565217299 247.881517729779 24.4012802409299
  endloop
endfacet
facet normal -0.382683432365108 -0.923879532511279 0.0
  outer loop
    vertex 36.6100223526066 248.181218997293 24.4012802409299
    vertex 37.333565217299 247.881517729779 26.4012802409299
    vertex 36.6100223526066 248.181218997293 26.4012802409299
  endloop
endfacet
facet normal -0.130526192220045 -0.991444861373811 0.0
  outer loop
    vertex 36.6100223526066 248.181218997293 26.4012802409299
    vertex 35.8335652172991 248.283441518426 24.4012802409299
    vertex 36.6100223526066 248.181218997293 24.4012802409299
  endloop
endfacet
facet normal -0.130526192220045 -0.991444861373811 0.0
  outer loop
    vertex 35.8335652172991 248.283441518426 24.4012802409299
    vertex 36.6100223526066 248.181218997293 26.4012802409299
    vertex 35.8335652172991 248.283441518426 26.4012802409299
  endloop
endfacet
facet normal 0.0 0.0 1.0
  outer loop
    vertex 32.9357877384736 275.506984383118 24.4012802409277
    vertex 32.9357877384736 277.059898653733 24.4012802409277
    vertex 32.8335652173408 276.283441518426 24.4012802409277
  endloop
endfacet
facet normal 0.0 0.0 1.0
  outer loop
    vertex 32.9357877384736 277.059898653733 24.4012802409277
    vertex 32.9357877384736 275.506984383118 24.4012802409277
    vertex 33.2354890059875 274.783441518426 24.4012802409277
  endloop
endfacet
facet normal 0.0 0.0 1.0
  outer loop
    vertex 32.9357877384736 277.059898653733 24.4012802409277
    vertex 33.2354890059875 274.783441518426 24.4012802409277
    vertex 33.2354890059875 277.783441518426 24.4012802409277
  endloop
endfacet
facet normal 0.0 0.0 1.0
  outer loop
    vertex 33.2354890059875 277.783441518426 24.4012802409277
    vertex 33.2354890059875 274.783441518426 24.4012802409277
    vertex 33.7122448737812 274.162121174866 24.4012802409277
  endloop
endfacet
facet normal 0.0 0.0 1.0
  outer loop
    vertex 33.2354890059875 277.783441518426 24.4012802409277
    vertex 33.7122448737812 274.162121174866 24.4012802409277
    vertex 33.7122448737812 278.404761861985 24.4012802409277
  endloop
endfacet
facet normal 0.0 0.0 1.0
  outer loop
    vertex 33.7122448737812 278.404761861985 24.4012802409277
    vertex 33.7122448737812 274.162121174866 24.4012802409277
    vertex 34.3335652173408 273.685365307072 24.4012802409277
  endloop
endfacet
facet normal 0.0 0.0 1.0
  outer loop
    vertex 33.7122448737812 278.404761861985 24.4012802409277
    vertex 34.3335652173408 273.685365307072 24.4012802409277
    vertex 34.1335652173409 276.283441518428 24.4012802409319
  endloop
endfacet
facet normal 0.0 0.0 1.0
  outer loop
    vertex 34.1335652173409 276.283441518428 24.4012802409319
    vertex 34.3335652173408 273.685365307072 24.4012802409277
    vertex 34.1914913126489 275.843449141754 24.4012802409318
  endloop
endfacet
facet normal 0.0 0.0 1.0
  outer loop
    vertex 34.1914913126489 275.843449141754 24.4012802409318
    vertex 34.3335652173408 273.685365307072 24.4012802409277
    vertex 34.3613220309062 275.433441518428 24.4012802409314
  endloop
endfacet
facet normal 0.0 0.0 1.0
  outer loop
    vertex 34.3613220309062 275.433441518428 24.4012802409314
    vertex 34.3335652173408 273.685365307072 24.4012802409277
    vertex 35.0571080820332 273.385664039559 24.4012802409277
  endloop
endfacet
facet normal 0.0 0.0 1.0
  outer loop
    vertex 34.3613220309062 275.433441518428 24.4012802409314
    vertex 35.0571080820332 273.385664039559 24.4012802409277
    vertex 34.6314836893221 275.08135999041 24.4012802409307
  endloop
endfacet
facet normal 0.0 0.0 1.0
  outer loop
    vertex 34.6314836893221 275.08135999041 24.4012802409307
    vertex 35.0571080820332 273.385664039559 24.4012802409277
    vertex 34.9835652173389 274.811198331993 24.4012802409299
  endloop
endfacet
facet normal 0.0 0.0 1.0
  outer loop
    vertex 34.9835652173389 274.811198331993 24.4012802409299
    vertex 35.0571080820332 273.385664039559 24.4012802409277
    vertex 35.3935728406643 274.641367613735 24.4012802409288
  endloop
endfacet
facet normal 0.0 0.0 1.0
  outer loop
    vertex 35.3935728406643 274.641367613735 24.4012802409288
    vertex 35.0571080820332 273.385664039559 24.4012802409277
    vertex 35.8335652173408 273.283441518426 24.4012802409277
  endloop
endfacet
facet normal 0.0 0.0 1.0
  outer loop
    vertex 35.3935728406643 274.641367613735 24.4012802409288
    vertex 35.8335652173408 273.283441518426 24.4012802409277
    vertex 35.8335652173385 274.583441518426 24.4012802409278
  endloop
endfacet
facet normal 0.0 0.0 1.0
  outer loop
    vertex 35.8335652173385 274.583441518426 24.4012802409278
    vertex 35.8335652173408 273.283441518426 24.4012802409277
    vertex 36.2735575940129 274.641367613734 24.4012802409267
  endloop
endfacet
facet normal 0.0 0.0 1.0
  outer loop
    vertex 36.2735575940129 274.641367613734 24.4012802409267
    vertex 35.8335652173408 273.283441518426 24.4012802409277
    vertex 36.6100223526484 273.385664039559 24.4012802409277
  endloop
endfacet
facet normal 0.0 0.0 1.0
  outer loop
    vertex 36.2735575940129 274.641367613734 24.4012802409267
    vertex 36.6100223526484 273.385664039559 24.4012802409277
    vertex 36.6835652173388 274.811198331991 24.4012802409257
  endloop
endfacet
facet normal 0.0 0.0 1.0
  outer loop
    vertex 36.6835652173388 274.811198331991 24.4012802409257
    vertex 36.6100223526484 273.385664039559 24.4012802409277
    vertex 37.3335652173408 273.685365307072 24.4012802409277
  endloop
endfacet
facet normal 0.0 0.0 1.0
  outer loop
    vertex 36.6835652173388 274.811198331991 24.4012802409257
    vertex 37.3335652173408 273.685365307072 24.4012802409277
    vertex 37.0356467453562 275.081359990407 24.4012802409248
  endloop
endfacet
facet normal 0.0 0.0 1.0
  outer loop
    vertex 37.0356467453562 275.081359990407 24.4012802409248
    vertex 37.3335652173408 273.685365307072 24.4012802409277
    vertex 37.3058084037731 275.433441518424 24.4012802409241
  endloop
endfacet
facet normal 0.0 0.0 1.0
  outer loop
    vertex 37.3058084037731 275.433441518424 24.4012802409241
    vertex 37.3335652173408 273.685365307072 24.4012802409277
    vertex 37.4756391220315 275.843449141749 24.4012802409237
  endloop
endfacet
facet normal 0.0 0.0 1.0
  outer loop
    vertex 37.4756391220315 275.843449141749 24.4012802409237
    vertex 37.3335652173408 273.685365307072 24.4012802409277
    vertex 37.9548855609004 274.162121174866 24.4012802409277
  endloop
endfacet
facet normal 0.0 0.0 1.0
  outer loop
    vertex 37.4756391220315 275.843449141749 24.4012802409237
    vertex 37.9548855609004 274.162121174866 24.4012802409277
    vertex 37.5335652173407 276.283441518424 24.4012802409235
  endloop
endfacet
facet normal 0.0 0.0 1.0
  outer loop
    vertex 34.1335652173409 276.283441518428 24.4012802409319
    vertex 34.3335652173408 278.881517729779 24.4012802409277
    vertex 33.7122448737812 278.404761861985 24.4012802409277
  endloop
endfacet
facet normal 0.0 0.0 1.0
  outer loop
    vertex 34.3335652173408 278.881517729779 24.4012802409277
    vertex 34.1335652173409 276.283441518428 24.4012802409319
    vertex 34.1914913126501 276.723433895102 24.4012802409317
  endloop
endfacet
facet normal 0.0 0.0 1.0
  outer loop
    vertex 34.3335652173408 278.881517729779 24.4012802409277
    vertex 34.1914913126501 276.723433895102 24.4012802409317
    vertex 34.3613220309085 277.133441518428 24.4012802409313
  endloop
endfacet
facet normal 0.0 0.0 1.0
  outer loop
    vertex 34.3335652173408 278.881517729779 24.4012802409277
    vertex 34.3613220309085 277.133441518428 24.4012802409313
    vertex 35.0571080820332 279.181218997293 24.4012802409277
  endloop
endfacet
facet normal 0.0 0.0 1.0
  outer loop
    vertex 35.0571080820332 279.181218997293 24.4012802409277
    vertex 34.3613220309085 277.133441518428 24.4012802409313
    vertex 34.6314836893253 277.485523046444 24.4012802409306
  endloop
endfacet
facet normal 0.0 0.0 1.0
  outer loop
    vertex 35.0571080820332 279.181218997293 24.4012802409277
    vertex 34.6314836893253 277.485523046444 24.4012802409306
    vertex 34.9835652173428 277.75568470486 24.4012802409298
  endloop
endfacet
facet normal 0.0 0.0 1.0
  outer loop
    vertex 35.0571080820332 279.181218997293 24.4012802409277
    vertex 34.9835652173428 277.75568470486 24.4012802409298
    vertex 35.3935728406688 277.925515423118 24.4012802409287
  endloop
endfacet
facet normal 0.0 0.0 1.0
  outer loop
    vertex 35.0571080820332 279.181218997293 24.4012802409277
    vertex 35.3935728406688 277.925515423118 24.4012802409287
    vertex 35.8335652173408 279.283441518426 24.4012802409277
  endloop
endfacet
facet normal 0.0 0.0 1.0
  outer loop
    vertex 35.8335652173408 279.283441518426 24.4012802409277
    vertex 35.3935728406688 277.925515423118 24.4012802409287
    vertex 35.8335652173431 277.983441518426 24.4012802409276
  endloop
endfacet
facet normal 0.0 0.0 1.0
  outer loop
    vertex 35.8335652173408 279.283441518426 24.4012802409277
    vertex 35.8335652173431 277.983441518426 24.4012802409276
    vertex 36.6100223526484 279.181218997293 24.4012802409277
  endloop
endfacet
facet normal 0.0 0.0 1.0
  outer loop
    vertex 36.6100223526484 279.181218997293 24.4012802409277
    vertex 35.8335652173431 277.983441518426 24.4012802409276
    vertex 36.2735575940173 277.925515423117 24.4012802409266
  endloop
endfacet
facet normal 0.0 0.0 1.0
  outer loop
    vertex 36.6100223526484 279.181218997293 24.4012802409277
    vertex 36.2735575940173 277.925515423117 24.4012802409266
    vertex 36.6835652173427 277.755684704858 24.4012802409256
  endloop
endfacet
facet normal 0.0 0.0 1.0
  outer loop
    vertex 36.6100223526484 279.181218997293 24.4012802409277
    vertex 36.6835652173427 277.755684704858 24.4012802409256
    vertex 37.3335652173408 278.881517729779 24.4012802409277
  endloop
endfacet
facet normal 0.0 0.0 1.0
  outer loop
    vertex 37.3335652173408 278.881517729779 24.4012802409277
    vertex 36.6835652173427 277.755684704858 24.4012802409256
    vertex 37.0356467453595 277.485523046441 24.4012802409247
  endloop
endfacet
facet normal 0.0 0.0 1.0
  outer loop
    vertex 37.3335652173408 278.881517729779 24.4012802409277
    vertex 37.0356467453595 277.485523046441 24.4012802409247
    vertex 37.3058084037754 277.133441518424 24.4012802409241
  endloop
endfacet
facet normal 0.0 0.0 1.0
  outer loop
    vertex 37.3335652173408 278.881517729779 24.4012802409277
    vertex 37.3058084037754 277.133441518424 24.4012802409241
    vertex 37.4756391220327 276.723433895098 24.4012802409236
  endloop
endfacet
facet normal 0.0 0.0 1.0
  outer loop
    vertex 37.3335652173408 278.881517729779 24.4012802409277
    vertex 37.4756391220327 276.723433895098 24.4012802409236
    vertex 37.9548855609004 278.404761861985 24.4012802409277
  endloop
endfacet
facet normal 0.0 0.0 1.0
  outer loop
    vertex 37.9548855609004 278.404761861985 24.4012802409277
    vertex 37.4756391220327 276.723433895098 24.4012802409236
    vertex 37.5335652173407 276.283441518424 24.4012802409235
  endloop
endfacet
facet normal 0.0 0.0 1.0
  outer loop
    vertex 37.9548855609004 278.404761861985 24.4012802409277
    vertex 37.5335652173407 276.283441518424 24.4012802409235
    vertex 37.9548855609004 274.162121174866 24.4012802409277
  endloop
endfacet
facet normal 0.0 0.0 1.0
  outer loop
    vertex 37.9548855609004 278.404761861985 24.4012802409277
    vertex 37.9548855609004 274.162121174866 24.4012802409277
    vertex 38.4316414286941 274.783441518426 24.4012802409277
  endloop
endfacet
facet normal 0.0 0.0 1.0
  outer loop
    vertex 37.9548855609004 278.404761861985 24.4012802409277
    vertex 38.4316414286941 274.783441518426 24.4012802409277
    vertex 38.4316414286941 277.783441518426 24.4012802409277
  endloop
endfacet
facet normal 0.0 0.0 1.0
  outer loop
    vertex 38.4316414286941 277.783441518426 24.4012802409277
    vertex 38.4316414286941 274.783441518426 24.4012802409277
    vertex 38.731342696208 275.506984383118 24.4012802409277
  endloop
endfacet
facet normal 0.0 0.0 1.0
  outer loop
    vertex 38.4316414286941 277.783441518426 24.4012802409277
    vertex 38.731342696208 275.506984383118 24.4012802409277
    vertex 38.731342696208 277.059898653733 24.4012802409277
  endloop
endfacet
facet normal 0.0 0.0 1.0
  outer loop
    vertex 38.731342696208 277.059898653733 24.4012802409277
    vertex 38.731342696208 275.506984383118 24.4012802409277
    vertex 38.8335652173408 276.283441518426 24.4012802409277
  endloop
endfacet
facet normal 0.130526192220045 -0.991444861373811 0.0
  outer loop
    vertex 35.8335652173408 279.283441518426 26.4012802409277
    vertex 35.0571080820332 279.181218997293 24.4012802409277
    vertex 35.8335652173408 279.283441518426 24.4012802409277
  endloop
endfacet
facet normal 0.130526192220045 -0.991444861373811 0.0
  outer loop
    vertex 35.0571080820332 279.181218997293 24.4012802409277
    vertex 35.8335652173408 279.283441518426 26.4012802409277
    vertex 35.0571080820332 279.181218997293 26.4012802409277
  endloop
endfacet
facet normal 0.382683432365108 -0.923879532511279 0.0
  outer loop
    vertex 35.0571080820332 279.181218997293 26.4012802409277
    vertex 34.3335652173408 278.881517729779 24.4012802409277
    vertex 35.0571080820332 279.181218997293 24.4012802409277
  endloop
endfacet
facet normal 0.382683432365108 -0.923879532511279 0.0
  outer loop
    vertex 34.3335652173408 278.881517729779 24.4012802409277
    vertex 35.0571080820332 279.181218997293 26.4012802409277
    vertex 34.3335652173408 278.881517729779 26.4012802409277
  endloop
endfacet
facet normal 0.608761429008706 -0.793353340291246 0.0
  outer loop
    vertex 34.3335652173408 278.881517729779 26.4012802409277
    vertex 33.7122448737812 278.404761861985 24.4012802409277
    vertex 34.3335652173408 278.881517729779 24.4012802409277
  endloop
endfacet
facet normal 0.608761429008706 -0.793353340291246 0.0
  outer loop
    vertex 33.7122448737812 278.404761861985 24.4012802409277
    vertex 34.3335652173408 278.881517729779 26.4012802409277
    vertex 33.7122448737812 278.404761861985 26.4012802409277
  endloop
endfacet
facet normal 0.793353340291227 -0.608761429008731 0.0
  outer loop
    vertex 33.7122448737812 278.404761861985 24.4012802409277
    vertex 33.2354890059875 277.783441518426 26.4012802409277
    vertex 33.2354890059875 277.783441518426 24.4012802409277
  endloop
endfacet
facet normal 0.793353340291227 -0.608761429008731 0.0
  outer loop
    vertex 33.2354890059875 277.783441518426 26.4012802409277
    vertex 33.7122448737812 278.404761861985 24.4012802409277
    vertex 33.7122448737812 278.404761861985 26.4012802409277
  endloop
endfacet
facet normal 0.923879532511292 -0.382683432365077 0.0
  outer loop
    vertex 33.2354890059875 277.783441518426 24.4012802409277
    vertex 32.9357877384736 277.059898653733 26.4012802409277
    vertex 32.9357877384736 277.059898653733 24.4012802409277
  endloop
endfacet
facet normal 0.923879532511292 -0.382683432365077 0.0
  outer loop
    vertex 32.9357877384736 277.059898653733 26.4012802409277
    vertex 33.2354890059875 277.783441518426 24.4012802409277
    vertex 33.2354890059875 277.783441518426 26.4012802409277
  endloop
endfacet
facet normal 0.99144486137381 -0.130526192220053 0.0
  outer loop
    vertex 32.9357877384736 277.059898653733 24.4012802409277
    vertex 32.8335652173408 276.283441518426 26.4012802409277
    vertex 32.8335652173408 276.283441518426 24.4012802409277
  endloop
endfacet
facet normal 0.99144486137381 -0.130526192220053 0.0
  outer loop
    vertex 32.8335652173408 276.283441518426 26.4012802409277
    vertex 32.9357877384736 277.059898653733 24.4012802409277
    vertex 32.9357877384736 277.059898653733 26.4012802409277
  endloop
endfacet
facet normal 0.99144486137381 0.130526192220053 0.0
  outer loop
    vertex 32.8335652173408 276.283441518426 24.4012802409277
    vertex 32.9357877384736 275.506984383118 26.4012802409277
    vertex 32.9357877384736 275.506984383118 24.4012802409277
  endloop
endfacet
facet normal 0.99144486137381 0.130526192220053 0.0
  outer loop
    vertex 32.9357877384736 275.506984383118 26.4012802409277
    vertex 32.8335652173408 276.283441518426 24.4012802409277
    vertex 32.8335652173408 276.283441518426 26.4012802409277
  endloop
endfacet
facet normal 0.923879532511284 0.382683432365097 0.0
  outer loop
    vertex 32.9357877384736 275.506984383118 24.4012802409277
    vertex 33.2354890059875 274.783441518426 26.4012802409277
    vertex 33.2354890059875 274.783441518426 24.4012802409277
  endloop
endfacet
facet normal 0.923879532511284 0.382683432365097 0.0
  outer loop
    vertex 33.2354890059875 274.783441518426 26.4012802409277
    vertex 32.9357877384736 275.506984383118 24.4012802409277
    vertex 32.9357877384736 275.506984383118 26.4012802409277
  endloop
endfacet
facet normal 0.793353340291248 0.608761429008703 0.0
  outer loop
    vertex 33.2354890059875 274.783441518426 24.4012802409277
    vertex 33.7122448737812 274.162121174866 26.4012802409277
    vertex 33.7122448737812 274.162121174866 24.4012802409277
  endloop
endfacet
facet normal 0.793353340291248 0.608761429008703 0.0
  outer loop
    vertex 33.7122448737812 274.162121174866 26.4012802409277
    vertex 33.2354890059875 274.783441518426 24.4012802409277
    vertex 33.2354890059875 274.783441518426 26.4012802409277
  endloop
endfacet
facet normal 0.608761429008706 0.793353340291246 0.0
  outer loop
    vertex 33.7122448737812 274.162121174866 26.4012802409277
    vertex 34.3335652173408 273.685365307072 24.4012802409277
    vertex 33.7122448737812 274.162121174866 24.4012802409277
  endloop
endfacet
facet normal 0.608761429008706 0.793353340291246 0.0
  outer loop
    vertex 34.3335652173408 273.685365307072 24.4012802409277
    vertex 33.7122448737812 274.162121174866 26.4012802409277
    vertex 34.3335652173408 273.685365307072 26.4012802409277
  endloop
endfacet
facet normal 0.382683432365108 0.923879532511279 0.0
  outer loop
    vertex 34.3335652173408 273.685365307072 26.4012802409277
    vertex 35.0571080820332 273.385664039559 24.4012802409277
    vertex 34.3335652173408 273.685365307072 24.4012802409277
  endloop
endfacet
facet normal 0.382683432365108 0.923879532511279 0.0
  outer loop
    vertex 35.0571080820332 273.385664039559 24.4012802409277
    vertex 34.3335652173408 273.685365307072 26.4012802409277
    vertex 35.0571080820332 273.385664039559 26.4012802409277
  endloop
endfacet
facet normal 0.130526192220045 0.991444861373811 0.0
  outer loop
    vertex 35.0571080820332 273.385664039559 26.4012802409277
    vertex 35.8335652173408 273.283441518426 24.4012802409277
    vertex 35.0571080820332 273.385664039559 24.4012802409277
  endloop
endfacet
facet normal 0.130526192220045 0.991444861373811 0.0
  outer loop
    vertex 35.8335652173408 273.283441518426 24.4012802409277
    vertex 35.0571080820332 273.385664039559 26.4012802409277
    vertex 35.8335652173408 273.283441518426 26.4012802409277
  endloop
endfacet
facet normal -0.130526192220046 0.991444861373811 0.0
  outer loop
    vertex 35.8335652173408 273.283441518426 26.4012802409277
    vertex 36.6100223526484 273.385664039559 24.4012802409277
    vertex 35.8335652173408 273.283441518426 24.4012802409277
  endloop
endfacet
facet normal -0.130526192220046 0.991444861373811 0.0
  outer loop
    vertex 36.6100223526484 273.385664039559 24.4012802409277
    vertex 35.8335652173408 273.283441518426 26.4012802409277
    vertex 36.6100223526484 273.385664039559 26.4012802409277
  endloop
endfacet
facet normal -0.382683432365105 0.92387953251128 0.0
  outer loop
    vertex 36.6100223526484 273.385664039559 26.4012802409277
    vertex 37.3335652173408 273.685365307072 24.4012802409277
    vertex 36.6100223526484 273.385664039559 24.4012802409277
  endloop
endfacet
facet normal -0.382683432365105 0.92387953251128 0.0
  outer loop
    vertex 37.3335652173408 273.685365307072 24.4012802409277
    vertex 36.6100223526484 273.385664039559 26.4012802409277
    vertex 37.3335652173408 273.685365307072 26.4012802409277
  endloop
endfacet
facet normal -0.608761429008706 0.793353340291246 0.0
  outer loop
    vertex 37.3335652173408 273.685365307072 26.4012802409277
    vertex 37.9548855609004 274.162121174866 24.4012802409277
    vertex 37.3335652173408 273.685365307072 24.4012802409277
  endloop
endfacet
facet normal -0.608761429008706 0.793353340291246 0.0
  outer loop
    vertex 37.9548855609004 274.162121174866 24.4012802409277
    vertex 37.3335652173408 273.685365307072 26.4012802409277
    vertex 37.9548855609004 274.162121174866 26.4012802409277
  endloop
endfacet
facet normal -0.793353340291227 0.608761429008731 0.0
  outer loop
    vertex 38.4316414286941 274.783441518426 26.4012802409277
    vertex 37.9548855609004 274.162121174866 24.4012802409277
    vertex 37.9548855609004 274.162121174866 26.4012802409277
  endloop
endfacet
facet normal -0.793353340291227 0.608761429008731 0.0
  outer loop
    vertex 37.9548855609004 274.162121174866 24.4012802409277
    vertex 38.4316414286941 274.783441518426 26.4012802409277
    vertex 38.4316414286941 274.783441518426 24.4012802409277
  endloop
endfacet
facet normal -0.923879532511292 0.382683432365077 0.0
  outer loop
    vertex 38.731342696208 275.506984383118 26.4012802409277
    vertex 38.4316414286941 274.783441518426 24.4012802409277
    vertex 38.4316414286941 274.783441518426 26.4012802409277
  endloop
endfacet
facet normal -0.923879532511292 0.382683432365077 0.0
  outer loop
    vertex 38.4316414286941 274.783441518426 24.4012802409277
    vertex 38.731342696208 275.506984383118 26.4012802409277
    vertex 38.731342696208 275.506984383118 24.4012802409277
  endloop
endfacet
facet normal -0.99144486137381 0.130526192220053 0.0
  outer loop
    vertex 38.8335652173408 276.283441518426 26.4012802409277
    vertex 38.731342696208 275.506984383118 24.4012802409277
    vertex 38.731342696208 275.506984383118 26.4012802409277
  endloop
endfacet
facet normal -0.99144486137381 0.130526192220053 0.0
  outer loop
    vertex 38.731342696208 275.506984383118 24.4012802409277
    vertex 38.8335652173408 276.283441518426 26.4012802409277
    vertex 38.8335652173408 276.283441518426 24.4012802409277
  endloop
endfacet
facet normal -0.99144486137381 -0.130526192220053 0.0
  outer loop
    vertex 38.731342696208 277.059898653733 26.4012802409277
    vertex 38.8335652173408 276.283441518426 24.4012802409277
    vertex 38.8335652173408 276.283441518426 26.4012802409277
  endloop
endfacet
facet normal -0.99144486137381 -0.130526192220053 0.0
  outer loop
    vertex 38.8335652173408 276.283441518426 24.4012802409277
    vertex 38.731342696208 277.059898653733 26.4012802409277
    vertex 38.731342696208 277.059898653733 24.4012802409277
  endloop
endfacet
facet normal -0.923879532511284 -0.382683432365097 0.0
  outer loop
    vertex 38.4316414286941 277.783441518426 26.4012802409277
    vertex 38.731342696208 277.059898653733 24.4012802409277
    vertex 38.731342696208 277.059898653733 26.4012802409277
  endloop
endfacet
facet normal -0.923879532511284 -0.382683432365097 0.0
  outer loop
    vertex 38.731342696208 277.059898653733 24.4012802409277
    vertex 38.4316414286941 277.783441518426 26.4012802409277
    vertex 38.4316414286941 277.783441518426 24.4012802409277
  endloop
endfacet
facet normal -0.793353340291248 -0.608761429008703 0.0
  outer loop
    vertex 37.9548855609004 278.404761861985 26.4012802409277
    vertex 38.4316414286941 277.783441518426 24.4012802409277
    vertex 38.4316414286941 277.783441518426 26.4012802409277
  endloop
endfacet
facet normal -0.793353340291248 -0.608761429008703 0.0
  outer loop
    vertex 38.4316414286941 277.783441518426 24.4012802409277
    vertex 37.9548855609004 278.404761861985 26.4012802409277
    vertex 37.9548855609004 278.404761861985 24.4012802409277
  endloop
endfacet
facet normal -0.608761429008706 -0.793353340291246 0.0
  outer loop
    vertex 37.9548855609004 278.404761861985 26.4012802409277
    vertex 37.3335652173408 278.881517729779 24.4012802409277
    vertex 37.9548855609004 278.404761861985 24.4012802409277
  endloop
endfacet
facet normal -0.608761429008706 -0.793353340291246 0.0
  outer loop
    vertex 37.3335652173408 278.881517729779 24.4012802409277
    vertex 37.9548855609004 278.404761861985 26.4012802409277
    vertex 37.3335652173408 278.881517729779 26.4012802409277
  endloop
endfacet
facet normal -0.382683432365108 -0.923879532511279 0.0
  outer loop
    vertex 37.3335652173408 278.881517729779 26.4012802409277
    vertex 36.6100223526484 279.181218997293 24.4012802409277
    vertex 37.3335652173408 278.881517729779 24.4012802409277
  endloop
endfacet
facet normal -0.382683432365108 -0.923879532511279 0.0
  outer loop
    vertex 36.6100223526484 279.181218997293 24.4012802409277
    vertex 37.3335652173408 278.881517729779 26.4012802409277
    vertex 36.6100223526484 279.181218997293 26.4012802409277
  endloop
endfacet
facet normal -0.130526192220045 -0.991444861373811 0.0
  outer loop
    vertex 36.6100223526484 279.181218997293 26.4012802409277
    vertex 35.8335652173408 279.283441518426 24.4012802409277
    vertex 36.6100223526484 279.181218997293 24.4012802409277
  endloop
endfacet
facet normal -0.130526192220045 -0.991444861373811 0.0
  outer loop
    vertex 35.8335652173408 279.283441518426 24.4012802409277
    vertex 36.6100223526484 279.181218997293 26.4012802409277
    vertex 35.8335652173408 279.283441518426 26.4012802409277
  endloop
endfacet
facet normal 0.0 0.0 -1.0
  outer loop
    vertex 62.9698502466411 246.318677925915 22.4010857057338
    vertex 62.9698502466411 244.248125565095 22.4010857057338
    vertex 62.8335535517973 245.283401745505 22.4010857057338
  endloop
endfacet
facet normal 0.0 0.0 -1.0
  outer loop
    vertex 62.9698502466411 244.248125565095 22.4010857057338
    vertex 62.9698502466411 246.318677925915 22.4010857057338
    vertex 63.3694519366596 247.283401745505 22.4010857057338
  endloop
endfacet
facet normal 0.0 0.0 -1.0
  outer loop
    vertex 62.9698502466411 244.248125565095 22.4010857057338
    vertex 63.3694519366596 247.283401745505 22.4010857057338
    vertex 63.3694519366596 243.283401745505 22.4010857057338
  endloop
endfacet
facet normal 0.0 0.0 -1.0
  outer loop
    vertex 63.3694519366596 243.283401745505 22.4010857057338
    vertex 63.3694519366596 247.283401745505 22.4010857057338
    vertex 64.0051264270511 248.111828870251 22.4010857057338
  endloop
endfacet
facet normal 0.0 0.0 -1.0
  outer loop
    vertex 63.3694519366596 243.283401745505 22.4010857057338
    vertex 64.0051264270511 248.111828870251 22.4010857057338
    vertex 64.0051264270511 242.454974620759 22.4010857057338
  endloop
endfacet
facet normal 0.0 0.0 -1.0
  outer loop
    vertex 64.0051264270511 242.454974620759 22.4010857057338
    vertex 64.0051264270511 248.111828870251 22.4010857057338
    vertex 64.8335535517973 248.747503360643 22.4010857057338
  endloop
endfacet
facet normal 0.0 0.0 -1.0
  outer loop
    vertex 64.0051264270511 242.454974620759 22.4010857057338
    vertex 64.8335535517973 248.747503360643 22.4010857057338
    vertex 64.8335535517973 241.819300130367 22.4010857057338
  endloop
endfacet
facet normal 0.0 0.0 -1.0
  outer loop
    vertex 64.8335535517973 241.819300130367 22.4010857057338
    vertex 64.8335535517973 248.747503360643 22.4010857057338
    vertex 65.1335535517973 245.283401745508 22.4010857057378
  endloop
endfacet
facet normal 0.0 0.0 -1.0
  outer loop
    vertex 65.1335535517973 245.283401745508 22.4010857057378
    vertex 64.8335535517973 248.747503360643 22.4010857057338
    vertex 65.1914796471065 245.723394122182 22.4010857057378
  endloop
endfacet
facet normal 0.0 0.0 -1.0
  outer loop
    vertex 65.1914796471065 245.723394122182 22.4010857057378
    vertex 64.8335535517973 248.747503360643 22.4010857057338
    vertex 65.7982773713872 249.147105050661 22.4010857057338
  endloop
endfacet
facet normal 0.0 0.0 -1.0
  outer loop
    vertex 65.1914796471065 245.723394122182 22.4010857057378
    vertex 65.7982773713872 249.147105050661 22.4010857057338
    vertex 65.3613103653649 246.133401745507 22.4010857057374
  endloop
endfacet
facet normal 0.0 0.0 -1.0
  outer loop
    vertex 65.3613103653649 246.133401745507 22.4010857057374
    vertex 65.7982773713872 249.147105050661 22.4010857057338
    vertex 65.6314720237818 246.485483273524 22.4010857057368
  endloop
endfacet
facet normal 0.0 0.0 -1.0
  outer loop
    vertex 65.6314720237818 246.485483273524 22.4010857057368
    vertex 65.7982773713872 249.147105050661 22.4010857057338
    vertex 65.9835535517994 246.75564493194 22.401085705736
  endloop
endfacet
facet normal 0.0 0.0 -1.0
  outer loop
    vertex 65.9835535517994 246.75564493194 22.401085705736
    vertex 65.7982773713872 249.147105050661 22.4010857057338
    vertex 66.8335535517973 249.283401745505 22.4010857057338
  endloop
endfacet
facet normal 0.0 0.0 -1.0
  outer loop
    vertex 65.9835535517994 246.75564493194 22.401085705736
    vertex 66.8335535517973 249.283401745505 22.4010857057338
    vertex 66.3935611751252 246.925475650197 22.4010857057351
  endloop
endfacet
facet normal 0.0 0.0 -1.0
  outer loop
    vertex 66.3935611751252 246.925475650197 22.4010857057351
    vertex 66.8335535517973 249.283401745505 22.4010857057338
    vertex 66.8335535517996 246.983401745505 22.4010857057337
  endloop
endfacet
facet normal 0.0 0.0 -1.0
  outer loop
    vertex 66.8335535517996 246.983401745505 22.4010857057337
    vertex 66.8335535517973 249.283401745505 22.4010857057338
    vertex 67.8688297322074 249.147105050661 22.4010857057338
  endloop
endfacet
facet normal 0.0 0.0 -1.0
  outer loop
    vertex 66.8335535517996 246.983401745505 22.4010857057337
    vertex 67.8688297322074 249.147105050661 22.4010857057338
    vertex 67.2735459284738 246.925475650196 22.401085705733
  endloop
endfacet
facet normal 0.0 0.0 -1.0
  outer loop
    vertex 67.2735459284738 246.925475650196 22.401085705733
    vertex 67.8688297322074 249.147105050661 22.4010857057338
    vertex 67.6835535517994 246.755644931937 22.4010857057321
  endloop
endfacet
facet normal 0.0 0.0 -1.0
  outer loop
    vertex 67.6835535517994 246.755644931937 22.4010857057321
    vertex 67.8688297322074 249.147105050661 22.4010857057338
    vertex 68.0356350798161 246.485483273521 22.4010857057312
  endloop
endfacet
facet normal 0.0 0.0 -1.0
  outer loop
    vertex 68.0356350798161 246.485483273521 22.4010857057312
    vertex 67.8688297322074 249.147105050661 22.4010857057338
    vertex 68.8335535517973 248.747503360643 22.4010857057338
  endloop
endfacet
facet normal 0.0 0.0 -1.0
  outer loop
    vertex 68.0356350798161 246.485483273521 22.4010857057312
    vertex 68.8335535517973 248.747503360643 22.4010857057338
    vertex 68.305796738232 246.133401745503 22.4010857057305
  endloop
endfacet
facet normal 0.0 0.0 -1.0
  outer loop
    vertex 68.305796738232 246.133401745503 22.4010857057305
    vertex 68.8335535517973 248.747503360643 22.4010857057338
    vertex 68.4756274564892 245.723394122177 22.40108570573
  endloop
endfacet
facet normal 0.0 0.0 -1.0
  outer loop
    vertex 68.4756274564892 245.723394122177 22.40108570573
    vertex 68.8335535517973 248.747503360643 22.4010857057338
    vertex 68.5335535517973 245.283401745503 22.4010857057298
  endloop
endfacet
facet normal 0.0 0.0 -1.0
  outer loop
    vertex 64.8335535517973 241.819300130367 22.4010857057338
    vertex 65.1914796471053 244.843409368833 22.4010857057376
    vertex 65.7982773713872 241.419698440349 22.4010857057338
  endloop
endfacet
facet normal 0.0 0.0 -1.0
  outer loop
    vertex 65.1914796471053 244.843409368833 22.4010857057376
    vertex 64.8335535517973 241.819300130367 22.4010857057338
    vertex 65.1335535517973 245.283401745508 22.4010857057378
  endloop
endfacet
facet normal 0.0 0.0 -1.0
  outer loop
    vertex 65.7982773713872 241.419698440349 22.4010857057338
    vertex 65.1914796471053 244.843409368833 22.4010857057376
    vertex 65.3613103653625 244.433401745507 22.4010857057372
  endloop
endfacet
facet normal 0.0 0.0 -1.0
  outer loop
    vertex 65.7982773713872 241.419698440349 22.4010857057338
    vertex 65.3613103653625 244.433401745507 22.4010857057372
    vertex 65.6314720237784 244.08132021749 22.4010857057365
  endloop
endfacet
facet normal 0.0 0.0 -1.0
  outer loop
    vertex 65.7982773713872 241.419698440349 22.4010857057338
    vertex 65.6314720237784 244.08132021749 22.4010857057365
    vertex 65.9835535517952 243.811158559073 22.4010857057356
  endloop
endfacet
facet normal 0.0 0.0 -1.0
  outer loop
    vertex 65.7982773713872 241.419698440349 22.4010857057338
    vertex 65.9835535517952 243.811158559073 22.4010857057356
    vertex 66.8335535517973 241.283401745505 22.4010857057338
  endloop
endfacet
facet normal 0.0 0.0 -1.0
  outer loop
    vertex 66.8335535517973 241.283401745505 22.4010857057338
    vertex 65.9835535517952 243.811158559073 22.4010857057356
    vertex 66.3935611751206 243.641327840814 22.4010857057346
  endloop
endfacet
facet normal 0.0 0.0 -1.0
  outer loop
    vertex 66.8335535517973 241.283401745505 22.4010857057338
    vertex 66.3935611751206 243.641327840814 22.4010857057346
    vertex 66.8335535517949 243.583401745505 22.4010857057339
  endloop
endfacet
facet normal 0.0 0.0 -1.0
  outer loop
    vertex 66.8335535517973 241.283401745505 22.4010857057338
    vertex 66.8335535517949 243.583401745505 22.4010857057339
    vertex 67.2735459284692 243.641327840813 22.4010857057325
  endloop
endfacet
facet normal 0.0 0.0 -1.0
  outer loop
    vertex 66.8335535517973 241.283401745505 22.4010857057338
    vertex 67.2735459284692 243.641327840813 22.4010857057325
    vertex 67.8688297322074 241.419698440349 22.4010857057338
  endloop
endfacet
facet normal 0.0 0.0 -1.0
  outer loop
    vertex 67.8688297322074 241.419698440349 22.4010857057338
    vertex 67.2735459284692 243.641327840813 22.4010857057325
    vertex 67.6835535517952 243.81115855907 22.4010857057316
  endloop
endfacet
facet normal 0.0 0.0 -1.0
  outer loop
    vertex 67.8688297322074 241.419698440349 22.4010857057338
    vertex 67.6835535517952 243.81115855907 22.4010857057316
    vertex 68.0356350798127 244.081320217486 22.4010857057308
  endloop
endfacet
facet normal 0.0 0.0 -1.0
  outer loop
    vertex 67.8688297322074 241.419698440349 22.4010857057338
    vertex 68.0356350798127 244.081320217486 22.4010857057308
    vertex 68.8335535517973 241.819300130367 22.4010857057338
  endloop
endfacet
facet normal 0.0 0.0 -1.0
  outer loop
    vertex 68.8335535517973 241.819300130367 22.4010857057338
    vertex 68.0356350798127 244.081320217486 22.4010857057308
    vertex 68.3057967382296 244.433401745503 22.4010857057302
  endloop
endfacet
facet normal 0.0 0.0 -1.0
  outer loop
    vertex 68.8335535517973 241.819300130367 22.4010857057338
    vertex 68.3057967382296 244.433401745503 22.4010857057302
    vertex 68.475627456488 244.843409368829 22.4010857057299
  endloop
endfacet
facet normal 0.0 0.0 -1.0
  outer loop
    vertex 68.8335535517973 241.819300130367 22.4010857057338
    vertex 68.475627456488 244.843409368829 22.4010857057299
    vertex 68.5335535517973 245.283401745503 22.4010857057298
  endloop
endfacet
facet normal 0.0 0.0 -1.0
  outer loop
    vertex 68.8335535517973 241.819300130367 22.4010857057338
    vertex 68.5335535517973 245.283401745503 22.4010857057298
    vertex 68.8335535517973 248.747503360643 22.4010857057338
  endloop
endfacet
facet normal 0.0 0.0 -1.0
  outer loop
    vertex 68.8335535517973 241.819300130367 22.4010857057338
    vertex 68.8335535517973 248.747503360643 22.4010857057338
    vertex 69.6619806765435 248.111828870251 22.4010857057338
  endloop
endfacet
facet normal 0.0 0.0 -1.0
  outer loop
    vertex 68.8335535517973 241.819300130367 22.4010857057338
    vertex 69.6619806765435 248.111828870251 22.4010857057338
    vertex 69.6619806765435 242.454974620759 22.4010857057338
  endloop
endfacet
facet normal 0.0 0.0 -1.0
  outer loop
    vertex 69.6619806765435 242.454974620759 22.4010857057338
    vertex 69.6619806765435 248.111828870251 22.4010857057338
    vertex 70.2976551669351 247.283401745505 22.4010857057338
  endloop
endfacet
facet normal 0.0 0.0 -1.0
  outer loop
    vertex 69.6619806765435 242.454974620759 22.4010857057338
    vertex 70.2976551669351 247.283401745505 22.4010857057338
    vertex 70.2976551669351 243.283401745505 22.4010857057338
  endloop
endfacet
facet normal 0.0 0.0 -1.0
  outer loop
    vertex 70.2976551669351 243.283401745505 22.4010857057338
    vertex 70.2976551669351 247.283401745505 22.4010857057338
    vertex 70.6972568569536 246.318677925915 22.4010857057338
  endloop
endfacet
facet normal 0.0 0.0 -1.0
  outer loop
    vertex 70.2976551669351 243.283401745505 22.4010857057338
    vertex 70.6972568569536 246.318677925915 22.4010857057338
    vertex 70.6972568569536 244.248125565095 22.4010857057338
  endloop
endfacet
facet normal 0.0 0.0 -1.0
  outer loop
    vertex 70.6972568569536 244.248125565095 22.4010857057338
    vertex 70.6972568569536 246.318677925915 22.4010857057338
    vertex 70.8335535517973 245.283401745505 22.4010857057338
  endloop
endfacet
facet normal -3.51689354628265e-007 -1.74455324751503e-007 0.999999999999923
  outer loop
    vertex 65.6185185265088 344.710962663437 22.4013377295277
    vertex 65.6915007501635 347.743399312089 22.4012805951957
    vertex 65.6335746548549 348.183391688764 22.401280645679
  endloop
endfacet
facet normal -3.51689354628265e-007 -1.74455324751503e-007 0.999999999999923
  outer loop
    vertex 65.6915007501635 347.743399312089 22.4012805951957
    vertex 65.6185185265088 344.710962663437 22.4013377295277
    vertex 66.4072756499251 343.749859327702 22.4013428405114
  endloop
endfacet
facet normal -3.51689354628265e-007 -1.74455324751503e-007 0.999999999999923
  outer loop
    vertex 65.6915007501635 347.743399312089 22.4012805951957
    vertex 66.4072756499251 343.749859327702 22.4013428405114
    vertex 65.8613314684213 347.333391688764 22.4012805206616
  endloop
endfacet
facet normal -3.51689354628265e-007 -1.74455324751503e-007 0.999999999999923
  outer loop
    vertex 65.8613314684213 347.333391688764 22.4012805206616
    vertex 66.4072756499251 343.749859327702 22.4013428405114
    vertex 66.1314931268377 346.981310160746 22.4012804271561
  endloop
endfacet
facet normal -3.51689354628265e-007 -1.74455324751503e-007 0.999999999999923
  outer loop
    vertex 66.1314931268377 346.981310160746 22.4012804271561
    vertex 66.4072756499251 343.749859327702 22.4013428405114
    vertex 66.4835746548549 346.71114850233 22.4012803210515
  endloop
endfacet
facet normal -3.51689354628265e-007 -1.74455324751503e-007 0.999999999999923
  outer loop
    vertex 66.4835746548549 346.71114850233 22.4012803210515
    vertex 66.4072756499251 343.749859327702 22.4013428405114
    vertex 67.1314848181246 342.739226603908 22.4013475589246
  endloop
endfacet
facet normal -3.51689354628265e-007 -1.74455324751503e-007 0.999999999999923
  outer loop
    vertex 66.4835746548549 346.71114850233 22.4012803210515
    vertex 67.1314848181246 342.739226603908 22.4013475589246
    vertex 66.8935822781806 346.541317784072 22.4012802095787
  endloop
endfacet
facet normal -3.51689354628265e-007 -1.74455324751503e-007 0.999999999999923
  outer loop
    vertex 66.8935822781806 346.541317784072 22.4012802095787
    vertex 67.1314848181246 342.739226603908 22.4013475589246
    vertex 67.3335746548548 346.483391688764 22.4012801003342
  endloop
endfacet
facet normal -3.51689354628265e-007 -1.74455324751503e-007 0.999999999999923
  outer loop
    vertex 67.3335746548548 346.483391688764 22.4012801003342
    vertex 67.1314848181246 342.739226603908 22.4013475589246
    vertex 67.7880448562665 341.683392176536 22.4013518645622
  endloop
endfacet
facet normal -3.51689354628265e-007 -1.74455324751503e-007 0.999999999999923
  outer loop
    vertex 67.3335746548548 346.483391688764 22.4012801003342
    vertex 67.7880448562665 341.683392176536 22.4013518645622
    vertex 67.7735670315291 346.541317784072 22.401280000763
  endloop
endfacet
facet normal -3.51689354628265e-007 -1.74455324751503e-007 0.999999999999923
  outer loop
    vertex 67.7735670315291 346.541317784072 22.401280000763
    vertex 67.7880448562665 341.683392176536 22.4013518645622
    vertex 68.1835746548548 346.71114850233 22.4012799176507
  endloop
endfacet
facet normal -3.51689354628265e-007 -1.74455324751503e-007 0.999999999999923
  outer loop
    vertex 68.1835746548548 346.71114850233 22.4012799176507
    vertex 67.7880448562665 341.683392176536 22.4013518645622
    vertex 68.3741442734705 340.586877290697 22.4013557389871
  endloop
endfacet
facet normal -3.51689354628265e-007 -1.74455324751503e-007 0.999999999999923
  outer loop
    vertex 68.1835746548548 346.71114850233 22.4012799176507
    vertex 68.3741442734705 340.586877290697 22.4013557389871
    vertex 68.5356561828719 346.981310160746 22.4012798566612
  endloop
endfacet
facet normal -3.51689354628265e-007 -1.74455324751503e-007 0.999999999999923
  outer loop
    vertex 68.5356561828719 346.981310160746 22.4012798566612
    vertex 68.3741442734705 340.586877290697 22.4013557389871
    vertex 68.8872733020524 339.454377391473 22.4013591656081
  endloop
endfacet
facet normal -3.51689354628265e-007 -1.74455324751503e-007 0.999999999999923
  outer loop
    vertex 68.5356561828719 346.981310160746 22.4012798566612
    vertex 68.8872733020524 339.454377391473 22.4013591656081
    vertex 68.8058178412883 347.333391688764 22.4012798219509
  endloop
endfacet
facet normal -3.51689354628265e-007 -1.74455324751503e-007 0.999999999999923
  outer loop
    vertex 68.8058178412883 347.333391688764 22.4012798219509
    vertex 68.8872733020524 339.454377391473 22.4013591656081
    vertex 68.9756485595462 347.743399312089 22.4012798158851
  endloop
endfacet
facet normal -3.51689354628265e-007 -1.74455324751503e-007 0.999999999999923
  outer loop
    vertex 68.9756485595462 347.743399312089 22.4012798158851
    vertex 68.8872733020524 339.454377391473 22.4013591656081
    vertex 69.325234644735 338.290742017296 22.4013621297521
  endloop
endfacet
facet normal -3.51689354628265e-007 -1.74455324751503e-007 0.999999999999923
  outer loop
    vertex 68.9756485595462 347.743399312089 22.4012798158851
    vertex 69.325234644735 338.290742017296 22.4013621297521
    vertex 69.0335746548548 348.183391688764 22.4012798388774
  endloop
endfacet
facet normal -3.51689354628265e-007 -1.74455324751503e-007 0.999999999999923
  outer loop
    vertex 52.5762216400206 333.426051631909 22.4012586642773
    vertex 52.5762216401492 330.940732721159 22.4012380508175
    vertex 70.2928817258365 333.426051631909 22.4013691384851
  endloop
endfacet
facet normal -3.51689354628265e-007 -1.74455324751503e-007 0.999999999999923
  outer loop
    vertex 52.5762216401492 330.940732721159 22.4012380508175
    vertex 52.5762216400206 333.426051631909 22.4012586642773
    vertex 52.576221640127 313.224072634999 22.4012416011557
  endloop
endfacet
facet normal -3.51689354628265e-007 -1.74455324751503e-007 0.999999999999923
  outer loop
    vertex 70.2928817258365 333.426051631909 22.4013691384851
    vertex 52.5762216401492 330.940732721159 22.4012380508175
    vertex 70.2928817259652 330.940732721159 22.4013485250253
  endloop
endfacet
facet normal -3.51689354628265e-007 -1.74455324751503e-007 0.999999999999923
  outer loop
    vertex 30.3335750363042 286.583390396059 22.4012776451825
    vertex 32.3742426430332 330.940732721179 22.4012087716375
    vertex 32.3742426428032 333.426051631932 22.401245649746
  endloop
endfacet
facet normal -3.51689354628265e-007 -1.74455324751503e-007 0.999999999999923
  outer loop
    vertex 32.3742426430332 330.940732721179 22.4012087716375
    vertex 30.3335750363042 286.583390396059 22.4012776451825
    vertex 33.6335746548548 316.183391688764 22.4012802375051
  endloop
endfacet
facet normal -3.51689354628265e-007 -1.74455324751503e-007 0.999999999999923
  outer loop
    vertex 33.6335746548548 316.183391688764 22.4012802375051
    vertex 30.3335750363042 286.583390396059 22.4012776451825
    vertex 33.6915007501634 315.743399312089 22.4012802357475
  endloop
endfacet
facet normal -3.51689354628265e-007 -1.74455324751503e-007 0.999999999999923
  outer loop
    vertex 33.6915007501634 315.743399312089 22.4012802357475
    vertex 30.3335750363042 286.583390396059 22.4012776451825
    vertex 33.8613314684213 315.333391688764 22.401280234435
  endloop
endfacet
facet normal -3.51689354628265e-007 -1.74455324751503e-007 0.999999999999923
  outer loop
    vertex 33.8613314684213 315.333391688764 22.401280234435
    vertex 30.3335750363042 286.583390396059 22.4012776451825
    vertex 34.1314931268377 314.981310160746 22.401280233657
  endloop
endfacet
facet normal -3.51689354628265e-007 -1.74455324751503e-007 0.999999999999923
  outer loop
    vertex 34.1314931268377 314.981310160746 22.401280233657
    vertex 30.3335750363042 286.583390396059 22.4012776451825
    vertex 34.4835746548548 314.71114850233 22.4012802334665
  endloop
endfacet
facet normal -3.51689354628265e-007 -1.74455324751503e-007 0.999999999999923
  outer loop
    vertex 34.4835746548548 314.71114850233 22.4012802334665
    vertex 30.3335750363042 286.583390396059 22.4012776451825
    vertex 72.3336104047198 286.583390396058 22.401284191199
  endloop
endfacet
facet normal -3.51689354628265e-007 -1.74455324751503e-007 0.999999999999923
  outer loop
    vertex 32.3742426430332 330.940732721179 22.4012087716375
    vertex 33.6335746548548 316.183391688764 22.4012802375051
    vertex 32.4961098184603 329.703394524371 22.4012097795108
  endloop
endfacet
facet normal -3.51689354628265e-007 -1.74455324751503e-007 0.999999999999923
  outer loop
    vertex 32.4961098184603 329.703394524371 22.4012097795108
    vertex 33.6335746548548 316.183391688764 22.4012802375051
    vertex 32.6986418568959 328.476676058245 22.4012112882507
  endloop
endfacet
facet normal -3.51689354628265e-007 -1.74455324751503e-007 0.999999999999923
  outer loop
    vertex 32.6986418568959 328.476676058245 22.4012112882507
    vertex 33.6335746548548 316.183391688764 22.4012802375051
    vertex 32.980971485058 327.265830319604 22.4012132913966
  endloop
endfacet
facet normal -3.51689354628265e-007 -1.74455324751503e-007 0.999999999999923
  outer loop
    vertex 32.980971485058 327.265830319604 22.4012132913966
    vertex 33.6335746548548 316.183391688764 22.4012802375051
    vertex 33.3418897241348 326.076042335792 22.4012157803706
  endloop
endfacet
facet normal -3.51689354628265e-007 -1.74455324751503e-007 0.999999999999923
  outer loop
    vertex 34.4835746548548 314.71114850233 22.4012802334665
    vertex 72.3336104047198 286.583390396058 22.401284191199
    vertex 34.8935822781805 314.541317784072 22.4012802338765
  endloop
endfacet
facet normal -3.51689354628265e-007 -1.74455324751503e-007 0.999999999999923
  outer loop
    vertex 34.8935822781805 314.541317784072 22.4012802338765
    vertex 72.3336104047198 286.583390396058 22.401284191199
    vertex 35.3335746548548 314.483391688764 22.4012802348591
  endloop
endfacet
facet normal -3.51689354628265e-007 -1.74455324751503e-007 0.999999999999923
  outer loop
    vertex 35.3335746548548 314.483391688764 22.4012802348591
    vertex 72.3336104047198 286.583390396058 22.401284191199
    vertex 35.7735670315291 314.541317784072 22.4012802363473
  endloop
endfacet
facet normal -3.51689354628265e-007 -1.74455324751503e-007 0.999999999999923
  outer loop
    vertex 35.7735670315291 314.541317784072 22.4012802363473
    vertex 72.3336104047198 286.583390396058 22.401284191199
    vertex 36.1835746548549 314.71114850233 22.4012802382397
  endloop
endfacet
facet normal -3.51689354628265e-007 -1.74455324751503e-007 0.999999999999923
  outer loop
    vertex 36.1835746548549 314.71114850233 22.4012802382397
    vertex 72.3336104047198 286.583390396058 22.401284191199
    vertex 36.535656182872 314.981310160746 22.4012802404072
  endloop
endfacet
facet normal -3.51689354628265e-007 -1.74455324751503e-007 0.999999999999923
  outer loop
    vertex 36.535656182872 314.981310160746 22.4012802404072
    vertex 72.3336104047198 286.583390396058 22.401284191199
    vertex 36.8058178412884 315.333391688764 22.4012802427023
  endloop
endfacet
facet normal -3.51689354628265e-007 -1.74455324751503e-007 0.999999999999923
  outer loop
    vertex 36.8058178412884 315.333391688764 22.4012802427023
    vertex 72.3336104047198 286.583390396058 22.401284191199
    vertex 36.9756485595463 315.743399312089 22.4012802449685
  endloop
endfacet
facet normal -3.51689354628265e-007 -1.74455324751503e-007 0.999999999999923
  outer loop
    vertex 36.9756485595463 315.743399312089 22.4012802449685
    vertex 72.3336104047198 286.583390396058 22.401284191199
    vertex 37.0335746548548 316.183391688764 22.4012802470513
  endloop
endfacet
facet normal -3.51689354628265e-007 -1.74455324751503e-007 0.999999999999923
  outer loop
    vertex 37.0335746548548 316.183391688764 22.4012802470513
    vertex 72.3336104047198 286.583390396058 22.401284191199
    vertex 38.805991697524 317.898435834451 22.4012514911424
  endloop
endfacet
facet normal -3.51689354628265e-007 -1.74455324751503e-007 0.999999999999923
  outer loop
    vertex 37.0335746548548 316.183391688764 22.4012802470513
    vertex 38.805991697524 317.898435834451 22.4012514911424
    vertex 37.8985333418996 318.748363334008 22.4012456622631
  endloop
endfacet
facet normal -3.51689354628265e-007 -1.74455324751503e-007 0.999999999999923
  outer loop
    vertex 37.0335746548548 316.183391688764 22.4012802470513
    vertex 37.8985333418996 318.748363334008 22.4012456622631
    vertex 37.0486058423611 319.655821689651 22.4012401805949
  endloop
endfacet
facet normal -3.51689354628265e-007 -1.74455324751503e-007 0.999999999999923
  outer loop
    vertex 38.805991697524 317.898435834451 22.4012514911424
    vertex 72.3336104047198 286.583390396058 22.401284191199
    vertex 39.7670950332399 317.109678711019 22.4012576422726
  endloop
endfacet
facet normal -3.51689354628265e-007 -1.74455324751503e-007 0.999999999999923
  outer loop
    vertex 39.7670950332399 317.109678711019 22.4012576422726
    vertex 72.3336104047198 286.583390396058 22.401284191199
    vertex 40.7777277570126 316.385469542804 22.4012640893138
  endloop
endfacet
facet normal -3.51689354628265e-007 -1.74455324751503e-007 0.999999999999923
  outer loop
    vertex 40.7777277570126 316.385469542804 22.4012640893138
    vertex 72.3336104047198 286.583390396058 22.401284191199
    vertex 41.8335621843636 315.728909504648 22.4012708046587
  endloop
endfacet
facet normal -3.51689354628265e-007 -1.74455324751503e-007 0.999999999999923
  outer loop
    vertex 41.8335621843636 315.728909504648 22.4012708046587
    vertex 72.3336104047198 286.583390396058 22.401284191199
    vertex 42.9300770701806 315.142810087431 22.401277759551
  endloop
endfacet
facet normal -3.51689354628265e-007 -1.74455324751503e-007 0.999999999999923
  outer loop
    vertex 42.9300770701806 315.142810087431 22.401277759551
    vertex 72.3336104047198 286.583390396058 22.401284191199
    vertex 44.0625769693822 314.629681058838 22.4012849242091
  endloop
endfacet
facet normal -3.51689354628265e-007 -1.74455324751503e-007 0.999999999999923
  outer loop
    vertex 44.0625769693822 314.629681058838 22.4012849242091
    vertex 72.3336104047198 286.583390396058 22.401284191199
    vertex 45.2262123435357 314.191719716145 22.4012922679526
  endloop
endfacet
facet normal -3.51689354628265e-007 -1.74455324751503e-007 0.999999999999923
  outer loop
    vertex 45.2262123435357 314.191719716145 22.4012922679526
    vertex 72.3336104047198 286.583390396058 22.401284191199
    vertex 46.4160003273243 313.83080147706 22.4012997593345
  endloop
endfacet
facet normal -3.51689354628265e-007 -1.74455324751503e-007 0.999999999999923
  outer loop
    vertex 46.4160003273243 313.83080147706 22.4012997593345
    vertex 72.3336104047198 286.583390396058 22.401284191199
    vertex 47.6268460659418 313.548471848891 22.4013073662755
  endloop
endfacet
facet normal -3.51689354628265e-007 -1.74455324751503e-007 0.999999999999923
  outer loop
    vertex 47.6268460659418 313.548471848891 22.4013073662755
    vertex 72.3336104047198 286.583390396058 22.401284191199
    vertex 48.8535645320432 313.34593981045 22.4013150562017
  endloop
endfacet
facet normal -3.51689354628265e-007 -1.74455324751503e-007 0.999999999999923
  outer loop
    vertex 48.8535645320432 313.34593981045 22.4013150562017
    vertex 72.3336104047198 286.583390396058 22.401284191199
    vertex 50.0909027288272 313.224072635019 22.4013227961835
  endloop
endfacet
facet normal -3.51689354628265e-007 -1.74455324751503e-007 0.999999999999923
  outer loop
    vertex 50.0909027288272 313.224072635019 22.4013227961835
    vertex 72.3336104047198 286.583390396058 22.401284191199
    vertex 52.576221640127 313.224072634999 22.4012416011557
  endloop
endfacet
facet normal -3.51689354628265e-007 -1.74455324751503e-007 0.999999999999923
  outer loop
    vertex 50.0909027288272 313.224072635019 22.4013227961835
    vertex 52.576221640127 313.224072634999 22.4012416011557
    vertex 50.0909027288492 330.940732721179 22.4013192458454
  endloop
endfacet
facet normal -3.51689354628265e-007 -1.74455324751503e-007 0.999999999999923
  outer loop
    vertex 50.0909027288492 330.940732721179 22.4013192458454
    vertex 52.576221640127 313.224072634999 22.4012416011557
    vertex 52.5762216400206 333.426051631909 22.4012586642773
  endloop
endfacet
facet normal -3.51689354628265e-007 -1.74455324751503e-007 0.999999999999923
  outer loop
    vertex 52.576221640127 313.224072634999 22.4012416011557
    vertex 72.3336104047198 286.583390396058 22.401284191199
    vertex 53.8135598369114 313.34593981043 22.4012492922942
  endloop
endfacet
facet normal -3.51689354628265e-007 -1.74455324751503e-007 0.999999999999923
  outer loop
    vertex 53.8135598369114 313.34593981043 22.4012492922942
    vertex 72.3336104047198 286.583390396058 22.401284191199
    vertex 55.0402783030133 313.548471848871 22.4012569010474
  endloop
endfacet
facet normal -3.51689354628265e-007 -1.74455324751503e-007 0.999999999999923
  outer loop
    vertex 55.0402783030133 313.548471848871 22.4012569010474
    vertex 72.3336104047198 286.583390396058 22.401284191199
    vertex 56.2511240416315 313.830801477041 22.4012643948333
  endloop
endfacet
facet normal -3.51689354628265e-007 -1.74455324751503e-007 0.999999999999923
  outer loop
    vertex 56.2511240416315 313.830801477041 22.4012643948333
    vertex 72.3336104047198 286.583390396058 22.401284191199
    vertex 57.440912025421 314.191719716126 22.4012717415625
  endloop
endfacet
facet normal -3.51689354628265e-007 -1.74455324751503e-007 0.999999999999923
  outer loop
    vertex 57.440912025421 314.191719716126 22.4012717415625
    vertex 72.3336104047198 286.583390396058 22.401284191199
    vertex 58.6045473995755 314.629681058818 22.401278909775
  endloop
endfacet
facet normal -3.51689354628265e-007 -1.74455324751503e-007 0.999999999999923
  outer loop
    vertex 58.6045473995755 314.629681058818 22.401278909775
    vertex 72.3336104047198 286.583390396058 22.401284191199
    vertex 59.7370472987784 315.142810087412 22.4012858687756
  endloop
endfacet
facet normal -3.51689354628265e-007 -1.74455324751503e-007 0.999999999999923
  outer loop
    vertex 59.7370472987784 315.142810087412 22.4012858687756
    vertex 72.3336104047198 286.583390396058 22.401284191199
    vertex 60.8335621845968 315.728909504628 22.4012925887647
  endloop
endfacet
facet normal -3.51689354628265e-007 -1.74455324751503e-007 0.999999999999923
  outer loop
    vertex 60.8335621845968 315.728909504628 22.4012925887647
    vertex 72.3336104047198 286.583390396058 22.401284191199
    vertex 61.8893966119495 316.385469542784 22.4012990409662
  endloop
endfacet
facet normal -3.51689354628265e-007 -1.74455324751503e-007 0.999999999999923
  outer loop
    vertex 61.8893966119495 316.385469542784 22.4012990409662
    vertex 72.3336104047198 286.583390396058 22.401284191199
    vertex 62.900029335724 317.109678710999 22.401305197751
  endloop
endfacet
facet normal -3.51689354628265e-007 -1.74455324751503e-007 0.999999999999923
  outer loop
    vertex 62.900029335724 317.109678710999 22.401305197751
    vertex 72.3336104047198 286.583390396058 22.401284191199
    vertex 63.8611326714419 317.898435834432 22.4013110327546
  endloop
endfacet
facet normal -3.51689354628265e-007 -1.74455324751503e-007 0.999999999999923
  outer loop
    vertex 63.8611326714419 317.898435834432 22.4013110327546
    vertex 72.3336104047198 286.583390396058 22.401284191199
    vertex 64.7685910270684 318.748363333988 22.4013165209906
  endloop
endfacet
facet normal -3.51689354628265e-007 -1.74455324751503e-007 0.999999999999923
  outer loop
    vertex 64.7685910270684 318.748363333988 22.4013165209906
    vertex 72.3336104047198 286.583390396058 22.401284191199
    vertex 65.6915007501634 315.743399312089 22.4012802353171
  endloop
endfacet
facet normal -3.51689354628265e-007 -1.74455324751503e-007 0.999999999999923
  outer loop
    vertex 64.7685910270684 318.748363333988 22.4013165209906
    vertex 65.6915007501634 315.743399312089 22.4012802353171
    vertex 65.6335746548548 316.183391688764 22.4012802365834
  endloop
endfacet
facet normal -3.51689354628265e-007 -1.74455324751503e-007 0.999999999999923
  outer loop
    vertex 64.7685910270684 318.748363333988 22.4013165209906
    vertex 65.6335746548548 316.183391688764 22.4012802365834
    vertex 65.6185185266091 319.655821689631 22.4013216389577
  endloop
endfacet
facet normal -3.51689354628265e-007 -1.74455324751503e-007 0.999999999999923
  outer loop
    vertex 65.6915007501634 315.743399312089 22.4012802353171
    vertex 72.3336104047198 286.583390396058 22.401284191199
    vertex 65.8613314684213 315.333391688764 22.4012802345252
  endloop
endfacet
facet normal -3.51689354628265e-007 -1.74455324751503e-007 0.999999999999923
  outer loop
    vertex 65.8613314684213 315.333391688764 22.4012802345252
    vertex 72.3336104047198 286.583390396058 22.401284191199
    vertex 66.1314931268377 314.981310160746 22.4012802342617
  endloop
endfacet
facet normal -3.51689354628265e-007 -1.74455324751503e-007 0.999999999999923
  outer loop
    vertex 66.1314931268377 314.981310160746 22.4012802342617
    vertex 72.3336104047198 286.583390396058 22.401284191199
    vertex 66.4835746548548 314.71114850233 22.4012802345444
  endloop
endfacet
facet normal -3.51689354628265e-007 -1.74455324751503e-007 0.999999999999923
  outer loop
    vertex 66.4835746548548 314.71114850233 22.4012802345444
    vertex 72.3336104047198 286.583390396058 22.401284191199
    vertex 66.8935822781805 314.541317784072 22.4012802353542
  endloop
endfacet
facet normal -3.51689354628265e-007 -1.74455324751503e-007 0.999999999999923
  outer loop
    vertex 66.8935822781805 314.541317784072 22.4012802353542
    vertex 72.3336104047198 286.583390396058 22.401284191199
    vertex 67.3335746548548 314.483391688764 22.4012802366359
  endloop
endfacet
facet normal -3.51689354628265e-007 -1.74455324751503e-007 0.999999999999923
  outer loop
    vertex 67.3335746548548 314.483391688764 22.4012802366359
    vertex 72.3336104047198 286.583390396058 22.401284191199
    vertex 67.7735670315291 314.541317784072 22.401280238302
  endloop
endfacet
facet normal -3.51689354628265e-007 -1.74455324751503e-007 0.999999999999923
  outer loop
    vertex 67.7735670315291 314.541317784072 22.401280238302
    vertex 72.3336104047198 286.583390396058 22.401284191199
    vertex 68.1835746548549 314.71114850233 22.4012802402392
  endloop
endfacet
facet normal -3.51689354628265e-007 -1.74455324751503e-007 0.999999999999923
  outer loop
    vertex 68.1835746548549 314.71114850233 22.4012802402392
    vertex 72.3336104047198 286.583390396058 22.401284191199
    vertex 68.535656182872 314.981310160746 22.4012802423153
  endloop
endfacet
facet normal -3.51689354628265e-007 -1.74455324751503e-007 0.999999999999923
  outer loop
    vertex 68.535656182872 314.981310160746 22.4012802423153
    vertex 72.3336104047198 286.583390396058 22.401284191199
    vertex 68.8058178412884 315.333391688764 22.4012802443889
  endloop
endfacet
facet normal -3.51689354628265e-007 -1.74455324751503e-007 0.999999999999923
  outer loop
    vertex 68.8058178412884 315.333391688764 22.4012802443889
    vertex 72.3336104047198 286.583390396058 22.401284191199
    vertex 68.9756485595463 315.743399312089 22.4012802463186
  endloop
endfacet
facet normal -3.51689354628265e-007 -1.74455324751503e-007 0.999999999999923
  outer loop
    vertex 68.9756485595463 315.743399312089 22.4012802463186
    vertex 72.3336104047198 286.583390396058 22.401284191199
    vertex 69.0335746548548 316.183391688764 22.401280247973
  endloop
endfacet
facet normal -3.51689354628265e-007 -1.74455324751503e-007 0.999999999999923
  outer loop
    vertex 69.0335746548548 316.183391688764 22.401280247973
    vertex 72.3336104047198 286.583390396058 22.401284191199
    vertex 69.3252346448514 326.076042335772 22.401343466016
  endloop
endfacet
facet normal -3.51689354628265e-007 -1.74455324751503e-007 0.999999999999923
  outer loop
    vertex 69.3252346448514 326.076042335772 22.401343466016
    vertex 72.3336104047198 286.583390396058 22.401284191199
    vertex 69.6861528839312 327.265830319584 22.4013454781338
  endloop
endfacet
facet normal -3.51689354628265e-007 -1.74455324751503e-007 0.999999999999923
  outer loop
    vertex 69.6861528839312 327.265830319584 22.4013454781338
    vertex 72.3336104047198 286.583390396058 22.401284191199
    vertex 69.9684825120963 328.476676058226 22.4013469959837
  endloop
endfacet
facet normal -3.51689354628265e-007 -1.74455324751503e-007 0.999999999999923
  outer loop
    vertex 69.9684825120963 328.476676058226 22.4013469959837
    vertex 72.3336104047198 286.583390396058 22.401284191199
    vertex 70.1710145505349 329.703394524351 22.4013480130659
  endloop
endfacet
facet normal -3.51689354628265e-007 -1.74455324751503e-007 0.999999999999923
  outer loop
    vertex 70.1710145505349 329.703394524351 22.4013480130659
    vertex 72.3336104047198 286.583390396058 22.401284191199
    vertex 70.2928817259652 330.940732721159 22.4013485250253
  endloop
endfacet
facet normal -3.51689354628265e-007 -1.74455324751503e-007 0.999999999999923
  outer loop
    vertex 70.2928817259652 330.940732721159 22.4013485250253
    vertex 72.3336104047198 286.583390396058 22.401284191199
    vertex 72.3335746549599 353.183390966085 22.4013040348635
  endloop
endfacet
facet normal -3.51689354628265e-007 -1.74455324751503e-007 0.999999999999923
  outer loop
    vertex 30.3335746548547 353.183391696511 22.4012810389549
    vertex 35.3335746548548 349.883391688764 22.4012803842222
    vertex 72.3335746549599 353.183390966085 22.4013040348635
  endloop
endfacet
facet normal -3.51689354628265e-007 -1.74455324751503e-007 0.999999999999923
  outer loop
    vertex 35.3335746548548 349.883391688764 22.4012803842222
    vertex 30.3335746548547 353.183391696511 22.4012810389549
    vertex 34.8935822781806 349.825465593455 22.4012804837934
  endloop
endfacet
facet normal -3.51689354628265e-007 -1.74455324751503e-007 0.999999999999923
  outer loop
    vertex 34.8935822781806 349.825465593455 22.4012804837934
    vertex 30.3335746548547 353.183391696511 22.4012810389549
    vertex 34.4835746548548 349.655634875197 22.4012805669057
  endloop
endfacet
facet normal -3.51689354628265e-007 -1.74455324751503e-007 0.999999999999923
  outer loop
    vertex 34.4835746548548 349.655634875197 22.4012805669057
    vertex 30.3335746548547 353.183391696511 22.4012810389549
    vertex 34.1314931268377 349.385473216781 22.4012806278952
  endloop
endfacet
facet normal -3.51689354628265e-007 -1.74455324751503e-007 0.999999999999923
  outer loop
    vertex 34.1314931268377 349.385473216781 22.4012806278952
    vertex 30.3335746548547 353.183391696511 22.4012810389549
    vertex 33.8613314684213 349.033391688764 22.4012806626056
  endloop
endfacet
facet normal -3.51689354628265e-007 -1.74455324751503e-007 0.999999999999923
  outer loop
    vertex 33.8613314684213 349.033391688764 22.4012806626056
    vertex 30.3335746548547 353.183391696511 22.4012810389549
    vertex 33.6915007501635 348.623384065438 22.4012806686713
  endloop
endfacet
facet normal -3.51689354628265e-007 -1.74455324751503e-007 0.999999999999923
  outer loop
    vertex 33.6915007501635 348.623384065438 22.4012806686713
    vertex 30.3335746548547 353.183391696511 22.4012810389549
    vertex 33.6335746548549 348.183391688764 22.401280645679
  endloop
endfacet
facet normal -3.51689354628265e-007 -1.74455324751503e-007 0.999999999999923
  outer loop
    vertex 33.6335746548549 348.183391688764 22.401280645679
    vertex 30.3335746548547 353.183391696511 22.4012810389549
    vertex 32.3742426428032 333.426051631932 22.401245649746
  endloop
endfacet
facet normal -3.51689354628265e-007 -1.74455324751503e-007 0.999999999999923
  outer loop
    vertex 32.3742426428032 333.426051631932 22.401245649746
    vertex 30.3335746548547 353.183391696511 22.4012810389549
    vertex 30.3335750363042 286.583390396059 22.4012776451825
  endloop
endfacet
facet normal -3.51689354628265e-007 -1.74455324751503e-007 0.999999999999923
  outer loop
    vertex 33.6335746548549 348.183391688764 22.401280645679
    vertex 32.3742426428032 333.426051631932 22.401245649746
    vertex 32.4961098182335 334.66338982874 22.4012461617054
  endloop
endfacet
facet normal -3.51689354628265e-007 -1.74455324751503e-007 0.999999999999923
  outer loop
    vertex 33.6335746548549 348.183391688764 22.401280645679
    vertex 32.4961098182335 334.66338982874 22.4012461617054
    vertex 32.6986418566721 335.890108294865 22.4012471787877
  endloop
endfacet
facet normal -3.51689354628265e-007 -1.74455324751503e-007 0.999999999999923
  outer loop
    vertex 33.6335746548549 348.183391688764 22.401280645679
    vertex 32.6986418566721 335.890108294865 22.4012471787877
    vertex 32.9809714848372 337.100954033507 22.4012486966376
  endloop
endfacet
facet normal -3.51689354628265e-007 -1.74455324751503e-007 0.999999999999923
  outer loop
    vertex 33.6335746548549 348.183391688764 22.401280645679
    vertex 32.9809714848372 337.100954033507 22.4012486966376
    vertex 33.341889723917 338.290742017319 22.4012507087554
  endloop
endfacet
facet normal -3.51689354628265e-007 -1.74455324751503e-007 0.999999999999923
  outer loop
    vertex 72.3335746549599 353.183390966085 22.4013040348635
    vertex 35.3335746548548 349.883391688764 22.4012803842222
    vertex 50.0909027286414 351.142711718092 22.4013525736157
  endloop
endfacet
facet normal -3.51689354628265e-007 -1.74455324751503e-007 0.999999999999923
  outer loop
    vertex 50.0909027286414 351.142711718092 22.4013525736157
    vertex 35.3335746548548 349.883391688764 22.4012803842222
    vertex 35.7735670315291 349.825465593455 22.4012802749777
  endloop
endfacet
facet normal -3.51689354628265e-007 -1.74455324751503e-007 0.999999999999923
  outer loop
    vertex 50.0909027286414 351.142711718092 22.4013525736157
    vertex 35.7735670315291 349.825465593455 22.4012802749777
    vertex 48.853564531857 351.020844542661 22.4013448824771
  endloop
endfacet
facet normal -3.51689354628265e-007 -1.74455324751503e-007 0.999999999999923
  outer loop
    vertex 48.853564531857 351.020844542661 22.4013448824771
    vertex 35.7735670315291 349.825465593455 22.4012802749777
    vertex 36.1835746548548 349.655634875197 22.4012801635049
  endloop
endfacet
facet normal -3.51689354628265e-007 -1.74455324751503e-007 0.999999999999923
  outer loop
    vertex 48.853564531857 351.020844542661 22.4013448824771
    vertex 36.1835746548548 349.655634875197 22.4012801635049
    vertex 36.5356561828719 349.385473216781 22.4012800574003
  endloop
endfacet
facet normal -3.51689354628265e-007 -1.74455324751503e-007 0.999999999999923
  outer loop
    vertex 48.853564531857 351.020844542661 22.4013448824771
    vertex 36.5356561828719 349.385473216781 22.4012800574003
    vertex 36.8058178412883 349.033391688764 22.4012799638948
  endloop
endfacet
facet normal -3.51689354628265e-007 -1.74455324751503e-007 0.999999999999923
  outer loop
    vertex 48.853564531857 351.020844542661 22.4013448824771
    vertex 36.8058178412883 349.033391688764 22.4012799638948
    vertex 47.6268460657552 350.81831250422 22.401337273724
  endloop
endfacet
facet normal -3.51689354628265e-007 -1.74455324751503e-007 0.999999999999923
  outer loop
    vertex 47.6268460657552 350.81831250422 22.401337273724
    vertex 36.8058178412883 349.033391688764 22.4012799638948
    vertex 36.9756485595462 348.623384065438 22.4012798893607
  endloop
endfacet
facet normal -3.51689354628265e-007 -1.74455324751503e-007 0.999999999999923
  outer loop
    vertex 47.6268460657552 350.81831250422 22.401337273724
    vertex 36.9756485595462 348.623384065438 22.4012798893607
    vertex 46.416000327137 350.535982876051 22.401329779938
  endloop
endfacet
facet normal -3.51689354628265e-007 -1.74455324751503e-007 0.999999999999923
  outer loop
    vertex 46.416000327137 350.535982876051 22.401329779938
    vertex 36.9756485595462 348.623384065438 22.4012798893607
    vertex 37.0335746548548 348.183391688764 22.4012798388774
  endloop
endfacet
facet normal -3.51689354628265e-007 -1.74455324751503e-007 0.999999999999923
  outer loop
    vertex 46.416000327137 350.535982876051 22.401329779938
    vertex 37.0335746548548 348.183391688764 22.4012798388774
    vertex 45.2262123433475 350.175064636965 22.4013224332089
  endloop
endfacet
facet normal -3.51689354628265e-007 -1.74455324751503e-007 0.999999999999923
  outer loop
    vertex 45.2262123433475 350.175064636965 22.4013224332089
    vertex 37.0335746548548 348.183391688764 22.4012798388774
    vertex 44.062576969193 349.737103294273 22.4013152649963
  endloop
endfacet
facet normal -3.51689354628265e-007 -1.74455324751503e-007 0.999999999999923
  outer loop
    vertex 44.062576969193 349.737103294273 22.4013152649963
    vertex 37.0335746548548 348.183391688764 22.4012798388774
    vertex 42.93007706999 349.223974265679 22.4013083059958
  endloop
endfacet
facet normal -3.51689354628265e-007 -1.74455324751503e-007 0.999999999999923
  outer loop
    vertex 42.93007706999 349.223974265679 22.4013083059958
    vertex 37.0335746548548 348.183391688764 22.4012798388774
    vertex 41.8335621841717 348.637874848463 22.4013015860067
  endloop
endfacet
facet normal -3.51689354628265e-007 -1.74455324751503e-007 0.999999999999923
  outer loop
    vertex 41.8335621841717 348.637874848463 22.4013015860067
    vertex 37.0335746548548 348.183391688764 22.4012798388774
    vertex 40.7777277568189 347.981314810307 22.4012951338051
  endloop
endfacet
facet normal -3.51689354628265e-007 -1.74455324751503e-007 0.999999999999923
  outer loop
    vertex 40.7777277568189 347.981314810307 22.4012951338051
    vertex 37.0335746548548 348.183391688764 22.4012798388774
    vertex 39.7670950330444 347.257105642092 22.4012889770204
  endloop
endfacet
facet normal -3.51689354628265e-007 -1.74455324751503e-007 0.999999999999923
  outer loop
    vertex 39.7670950330444 347.257105642092 22.4012889770204
    vertex 37.0335746548548 348.183391688764 22.4012798388774
    vertex 38.8059916973266 346.468348518659 22.4012831420168
  endloop
endfacet
facet normal -3.51689354628265e-007 -1.74455324751503e-007 0.999999999999923
  outer loop
    vertex 38.8059916973266 346.468348518659 22.4012831420168
    vertex 37.0335746548548 348.183391688764 22.4012798388774
    vertex 37.8985333417001 345.618421019103 22.4012776537807
  endloop
endfacet
facet normal -3.51689354628265e-007 -1.74455324751503e-007 0.999999999999923
  outer loop
    vertex 37.8985333417001 345.618421019103 22.4012776537807
    vertex 37.0335746548548 348.183391688764 22.4012798388774
    vertex 37.0486058421593 344.71096266346 22.4012725358137
  endloop
endfacet
facet normal -3.51689354628265e-007 -1.74455324751503e-007 0.999999999999923
  outer loop
    vertex 72.3335746549599 353.183390966085 22.4013040348635
    vertex 50.0909027286414 351.142711718092 22.4013525736157
    vertex 52.5762216400428 351.142711718069 22.4012551139392
  endloop
endfacet
facet normal -3.51689354628265e-007 -1.74455324751503e-007 0.999999999999923
  outer loop
    vertex 52.5762216400428 351.142711718069 22.4012551139392
    vertex 50.0909027286414 351.142711718092 22.4013525736157
    vertex 50.0909027288492 330.940732721179 22.4013192458454
  endloop
endfacet
facet normal -3.51689354628265e-007 -1.74455324751503e-007 0.999999999999923
  outer loop
    vertex 52.5762216400428 351.142711718069 22.4012551139392
    vertex 50.0909027288492 330.940732721179 22.4013192458454
    vertex 52.5762216400206 333.426051631909 22.4012586642773
  endloop
endfacet
facet normal -3.51689354628265e-007 -1.74455324751503e-007 0.999999999999923
  outer loop
    vertex 72.3335746549599 353.183390966085 22.4013040348635
    vertex 52.5762216400428 351.142711718069 22.4012551139392
    vertex 53.8135598368268 351.020844542638 22.401262853921
  endloop
endfacet
facet normal -3.51689354628265e-007 -1.74455324751503e-007 0.999999999999923
  outer loop
    vertex 72.3335746549599 353.183390966085 22.4013040348635
    vertex 53.8135598368268 351.020844542638 22.401262853921
    vertex 55.0402783029281 350.818312504197 22.4012705438471
  endloop
endfacet
facet normal -3.51689354628265e-007 -1.74455324751503e-007 0.999999999999923
  outer loop
    vertex 72.3335746549599 353.183390966085 22.4013040348635
    vertex 55.0402783029281 350.818312504197 22.4012705438471
    vertex 56.2511240415457 350.535982876028 22.4012781507882
  endloop
endfacet
facet normal -3.51689354628265e-007 -1.74455324751503e-007 0.999999999999923
  outer loop
    vertex 72.3335746549599 353.183390966085 22.4013040348635
    vertex 56.2511240415457 350.535982876028 22.4012781507882
    vertex 57.4409120253342 350.175064636943 22.4012856421701
  endloop
endfacet
facet normal -3.51689354628265e-007 -1.74455324751503e-007 0.999999999999923
  outer loop
    vertex 72.3335746549599 353.183390966085 22.4013040348635
    vertex 57.4409120253342 350.175064636943 22.4012856421701
    vertex 58.6045473994877 349.73710329425 22.4012929859136
  endloop
endfacet
facet normal -3.51689354628265e-007 -1.74455324751503e-007 0.999999999999923
  outer loop
    vertex 72.3335746549599 353.183390966085 22.4013040348635
    vertex 58.6045473994877 349.73710329425 22.4012929859136
    vertex 59.7370472986893 349.223974265657 22.4013001505716
  endloop
endfacet
facet normal -3.51689354628265e-007 -1.74455324751503e-007 0.999999999999923
  outer loop
    vertex 72.3335746549599 353.183390966085 22.4013040348635
    vertex 59.7370472986893 349.223974265657 22.4013001505716
    vertex 60.8335621845062 348.63787484844 22.401307105464
  endloop
endfacet
facet normal -3.51689354628265e-007 -1.74455324751503e-007 0.999999999999923
  outer loop
    vertex 72.3335746549599 353.183390966085 22.4013040348635
    vertex 60.8335621845062 348.63787484844 22.401307105464
    vertex 61.8893966118573 347.981314810284 22.4013138208089
  endloop
endfacet
facet normal -3.51689354628265e-007 -1.74455324751503e-007 0.999999999999923
  outer loop
    vertex 72.3335746549599 353.183390966085 22.4013040348635
    vertex 61.8893966118573 347.981314810284 22.4013138208089
    vertex 66.4835746548548 349.655634875197 22.4012805669057
  endloop
endfacet
facet normal -3.51689354628265e-007 -1.74455324751503e-007 0.999999999999923
  outer loop
    vertex 66.4835746548548 349.655634875197 22.4012805669057
    vertex 61.8893966118573 347.981314810284 22.4013138208089
    vertex 62.9000293356299 347.257105642069 22.40132026785
  endloop
endfacet
facet normal -3.51689354628265e-007 -1.74455324751503e-007 0.999999999999923
  outer loop
    vertex 66.4835746548548 349.655634875197 22.4012805669057
    vertex 62.9000293356299 347.257105642069 22.40132026785
    vertex 66.1314931268377 349.385473216781 22.4012806278952
  endloop
endfacet
facet normal -3.51689354628265e-007 -1.74455324751503e-007 0.999999999999923
  outer loop
    vertex 66.1314931268377 349.385473216781 22.4012806278952
    vertex 62.9000293356299 347.257105642069 22.40132026785
    vertex 63.8611326713459 346.468348518636 22.4013264189803
  endloop
endfacet
facet normal -3.51689354628265e-007 -1.74455324751503e-007 0.999999999999923
  outer loop
    vertex 66.1314931268377 349.385473216781 22.4012806278952
    vertex 63.8611326713459 346.468348518636 22.4013264189803
    vertex 65.8613314684213 349.033391688764 22.4012806626056
  endloop
endfacet
facet normal -3.51689354628265e-007 -1.74455324751503e-007 0.999999999999923
  outer loop
    vertex 65.8613314684213 349.033391688764 22.4012806626056
    vertex 63.8611326713459 346.468348518636 22.4013264189803
    vertex 65.6915007501635 348.623384065438 22.4012806686713
  endloop
endfacet
facet normal -3.51689354628265e-007 -1.74455324751503e-007 0.999999999999923
  outer loop
    vertex 65.6915007501635 348.623384065438 22.4012806686713
    vertex 63.8611326713459 346.468348518636 22.4013264189803
    vertex 64.7685910269703 345.61842101908 22.4013322478596
  endloop
endfacet
facet normal -3.51689354628265e-007 -1.74455324751503e-007 0.999999999999923
  outer loop
    vertex 65.6915007501635 348.623384065438 22.4012806686713
    vertex 64.7685910269703 345.61842101908 22.4013322478596
    vertex 65.6335746548549 348.183391688764 22.401280645679
  endloop
endfacet
facet normal -3.51689354628265e-007 -1.74455324751503e-007 0.999999999999923
  outer loop
    vertex 65.6335746548549 348.183391688764 22.401280645679
    vertex 64.7685910269703 345.61842101908 22.4013322478596
    vertex 65.6185185265088 344.710962663437 22.4013377295277
  endloop
endfacet
facet normal -3.51689354628265e-007 -1.74455324751503e-007 0.999999999999923
  outer loop
    vertex 72.3335746549599 353.183390966085 22.4013040348635
    vertex 66.4835746548548 349.655634875197 22.4012805669057
    vertex 66.8935822781806 349.825465593455 22.4012804837934
  endloop
endfacet
facet normal -3.51689354628265e-007 -1.74455324751503e-007 0.999999999999923
  outer loop
    vertex 72.3335746549599 353.183390966085 22.4013040348635
    vertex 66.8935822781806 349.825465593455 22.4012804837934
    vertex 67.3335746548548 349.883391688764 22.4012803842222
  endloop
endfacet
facet normal -3.51689354628265e-007 -1.74455324751503e-007 0.999999999999923
  outer loop
    vertex 72.3335746549599 353.183390966085 22.4013040348635
    vertex 67.3335746548548 349.883391688764 22.4012803842222
    vertex 67.7735670315291 349.825465593455 22.4012802749777
  endloop
endfacet
facet normal -3.51689354628265e-007 -1.74455324751503e-007 0.999999999999923
  outer loop
    vertex 72.3335746549599 353.183390966085 22.4013040348635
    vertex 67.7735670315291 349.825465593455 22.4012802749777
    vertex 68.1835746548548 349.655634875197 22.4012801635049
  endloop
endfacet
facet normal -3.51689354628265e-007 -1.74455324751503e-007 0.999999999999923
  outer loop
    vertex 72.3335746549599 353.183390966085 22.4013040348635
    vertex 68.1835746548548 349.655634875197 22.4012801635049
    vertex 68.5356561828719 349.385473216781 22.4012800574003
  endloop
endfacet
facet normal -3.51689354628265e-007 -1.74455324751503e-007 0.999999999999923
  outer loop
    vertex 72.3335746549599 353.183390966085 22.4013040348635
    vertex 68.5356561828719 349.385473216781 22.4012800574003
    vertex 68.8058178412883 349.033391688764 22.4012799638948
  endloop
endfacet
facet normal -3.51689354628265e-007 -1.74455324751503e-007 0.999999999999923
  outer loop
    vertex 72.3335746549599 353.183390966085 22.4013040348635
    vertex 68.8058178412883 349.033391688764 22.4012799638948
    vertex 68.9756485595462 348.623384065438 22.4012798893607
  endloop
endfacet
facet normal -3.51689354628265e-007 -1.74455324751503e-007 0.999999999999923
  outer loop
    vertex 72.3335746549599 353.183390966085 22.4013040348635
    vertex 68.9756485595462 348.623384065438 22.4012798893607
    vertex 69.0335746548548 348.183391688764 22.4012798388774
  endloop
endfacet
facet normal -3.51689354628265e-007 -1.74455324751503e-007 0.999999999999923
  outer loop
    vertex 72.3335746549599 353.183390966085 22.4013040348635
    vertex 69.0335746548548 348.183391688764 22.4012798388774
    vertex 69.325234644735 338.290742017296 22.4013621297521
  endloop
endfacet
facet normal -3.51689354628265e-007 -1.74455324751503e-007 0.999999999999923
  outer loop
    vertex 72.3335746549599 353.183390966085 22.4013040348635
    vertex 69.325234644735 338.290742017296 22.4013621297521
    vertex 69.6861528838118 337.100954033484 22.4013646187261
  endloop
endfacet
facet normal -3.51689354628265e-007 -1.74455324751503e-007 0.999999999999923
  outer loop
    vertex 72.3335746549599 353.183390966085 22.4013040348635
    vertex 69.6861528838118 337.100954033484 22.4013646187261
    vertex 69.9684825119739 335.890108294843 22.4013666218719
  endloop
endfacet
facet normal -3.51689354628265e-007 -1.74455324751503e-007 0.999999999999923
  outer loop
    vertex 72.3335746549599 353.183390966085 22.4013040348635
    vertex 69.9684825119739 335.890108294843 22.4013666218719
    vertex 70.1710145504094 334.663389828717 22.4013681306118
  endloop
endfacet
facet normal -3.51689354628265e-007 -1.74455324751503e-007 0.999999999999923
  outer loop
    vertex 72.3335746549599 353.183390966085 22.4013040348635
    vertex 70.1710145504094 334.663389828717 22.4013681306118
    vertex 70.2928817258365 333.426051631909 22.4013691384851
  endloop
endfacet
facet normal -3.51689354628265e-007 -1.74455324751503e-007 0.999999999999923
  outer loop
    vertex 72.3335746549599 353.183390966085 22.4013040348635
    vertex 70.2928817258365 333.426051631909 22.4013691384851
    vertex 70.2928817259652 330.940732721159 22.4013485250253
  endloop
endfacet
facet normal -3.51689354628265e-007 -1.74455324751503e-007 0.999999999999923
  outer loop
    vertex 65.6185185266091 319.655821689631 22.4013216389577
    vertex 65.6915007501634 316.623384065438 22.4012802382378
    vertex 66.4072756500279 320.616925025367 22.4013263647399
  endloop
endfacet
facet normal -3.51689354628265e-007 -1.74455324751503e-007 0.999999999999923
  outer loop
    vertex 65.6915007501634 316.623384065438 22.4012802382378
    vertex 65.6185185266091 319.655821689631 22.4013216389577
    vertex 65.6335746548548 316.183391688764 22.4012802365834
  endloop
endfacet
facet normal -3.51689354628265e-007 -1.74455324751503e-007 0.999999999999923
  outer loop
    vertex 66.4072756500279 320.616925025367 22.4013263647399
    vertex 65.6915007501634 316.623384065438 22.4012802382378
    vertex 65.8613314684213 317.033391688764 22.4012802401676
  endloop
endfacet
facet normal -3.51689354628265e-007 -1.74455324751503e-007 0.999999999999923
  outer loop
    vertex 66.4072756500279 320.616925025367 22.4013263647399
    vertex 65.8613314684213 317.033391688764 22.4012802401676
    vertex 66.1314931268377 317.385473216781 22.4012802422411
  endloop
endfacet
facet normal -3.51689354628265e-007 -1.74455324751503e-007 0.999999999999923
  outer loop
    vertex 66.4072756500279 320.616925025367 22.4013263647399
    vertex 66.1314931268377 317.385473216781 22.4012802422411
    vertex 66.4835746548548 317.655634875197 22.4012802443172
  endloop
endfacet
facet normal -3.51689354628265e-007 -1.74455324751503e-007 0.999999999999923
  outer loop
    vertex 66.4072756500279 320.616925025367 22.4013263647399
    vertex 66.4835746548548 317.655634875197 22.4012802443172
    vertex 67.1314848182299 321.62755774916 22.4013306781006
  endloop
endfacet
facet normal -3.51689354628265e-007 -1.74455324751503e-007 0.999999999999923
  outer loop
    vertex 67.1314848182299 321.62755774916 22.4013306781006
    vertex 66.4835746548548 317.655634875197 22.4012802443172
    vertex 66.8935822781805 317.825465593455 22.4012802462544
  endloop
endfacet
facet normal -3.51689354628265e-007 -1.74455324751503e-007 0.999999999999923
  outer loop
    vertex 67.1314848182299 321.62755774916 22.4013306781006
    vertex 66.8935822781805 317.825465593455 22.4012802462544
    vertex 67.3335746548548 317.883391688764 22.4012802479206
  endloop
endfacet
facet normal -3.51689354628265e-007 -1.74455324751503e-007 0.999999999999923
  outer loop
    vertex 67.1314848182299 321.62755774916 22.4013306781006
    vertex 67.3335746548548 317.883391688764 22.4012802479206
    vertex 67.7880448563745 322.683392176532 22.4013345605695
  endloop
endfacet
facet normal -3.51689354628265e-007 -1.74455324751503e-007 0.999999999999923
  outer loop
    vertex 67.7880448563745 322.683392176532 22.4013345605695
    vertex 67.3335746548548 317.883391688764 22.4012802479206
    vertex 67.7735670315291 317.825465593455 22.4012802492022
  endloop
endfacet
facet normal -3.51689354628265e-007 -1.74455324751503e-007 0.999999999999923
  outer loop
    vertex 67.7880448563745 322.683392176532 22.4013345605695
    vertex 67.7735670315291 317.825465593455 22.4012802492022
    vertex 68.1835746548548 317.655634875197 22.401280250012
  endloop
endfacet
facet normal -3.51689354628265e-007 -1.74455324751503e-007 0.999999999999923
  outer loop
    vertex 67.7880448563745 322.683392176532 22.4013345605695
    vertex 68.1835746548548 317.655634875197 22.401280250012
    vertex 68.3741442735812 323.779907062371 22.4013379955211
  endloop
endfacet
facet normal -3.51689354628265e-007 -1.74455324751503e-007 0.999999999999923
  outer loop
    vertex 68.3741442735812 323.779907062371 22.4013379955211
    vertex 68.1835746548548 317.655634875197 22.401280250012
    vertex 68.535656182872 317.385473216781 22.4012802502948
  endloop
endfacet
facet normal -3.51689354628265e-007 -1.74455324751503e-007 0.999999999999923
  outer loop
    vertex 68.3741442735812 323.779907062371 22.4013379955211
    vertex 68.535656182872 317.385473216781 22.4012802502948
    vertex 68.887273302166 324.912406961596 22.4013409682465
  endloop
endfacet
facet normal -3.51689354628265e-007 -1.74455324751503e-007 0.999999999999923
  outer loop
    vertex 68.887273302166 324.912406961596 22.4013409682465
    vertex 68.535656182872 317.385473216781 22.4012802502948
    vertex 68.8058178412884 317.033391688764 22.4012802500312
  endloop
endfacet
facet normal -3.51689354628265e-007 -1.74455324751503e-007 0.999999999999923
  outer loop
    vertex 68.887273302166 324.912406961596 22.4013409682465
    vertex 68.8058178412884 317.033391688764 22.4012802500312
    vertex 68.9756485595463 316.623384065438 22.4012802492393
  endloop
endfacet
facet normal -3.51689354628265e-007 -1.74455324751503e-007 0.999999999999923
  outer loop
    vertex 68.887273302166 324.912406961596 22.4013409682465
    vertex 68.9756485595463 316.623384065438 22.4012802492393
    vertex 69.3252346448514 326.076042335772 22.401343466016
  endloop
endfacet
facet normal -3.51689354628265e-007 -1.74455324751503e-007 0.999999999999923
  outer loop
    vertex 69.3252346448514 326.076042335772 22.401343466016
    vertex 68.9756485595463 316.623384065438 22.4012802492393
    vertex 69.0335746548548 316.183391688764 22.401280247973
  endloop
endfacet
facet normal -3.51689354628265e-007 -1.74455324751503e-007 0.999999999999923
  outer loop
    vertex 33.7798510666024 339.454377391495 22.4012532065249
    vertex 33.6335746548549 348.183391688764 22.401280645679
    vertex 33.341889723917 338.290742017319 22.4012507087554
  endloop
endfacet
facet normal -3.51689354628265e-007 -1.74455324751503e-007 0.999999999999923
  outer loop
    vertex 33.6335746548549 348.183391688764 22.401280645679
    vertex 33.7798510666024 339.454377391495 22.4012532065249
    vertex 33.6915007501635 347.743399312089 22.4012805951957
  endloop
endfacet
facet normal -3.51689354628265e-007 -1.74455324751503e-007 0.999999999999923
  outer loop
    vertex 33.6915007501635 347.743399312089 22.4012805951957
    vertex 33.7798510666024 339.454377391495 22.4012532065249
    vertex 33.8613314684213 347.333391688764 22.4012805206616
  endloop
endfacet
facet normal -3.51689354628265e-007 -1.74455324751503e-007 0.999999999999923
  outer loop
    vertex 33.8613314684213 347.333391688764 22.4012805206616
    vertex 33.7798510666024 339.454377391495 22.4012532065249
    vertex 34.2929800951873 340.58687729072 22.4012561792503
  endloop
endfacet
facet normal -3.51689354628265e-007 -1.74455324751503e-007 0.999999999999923
  outer loop
    vertex 33.8613314684213 347.333391688764 22.4012805206616
    vertex 34.2929800951873 340.58687729072 22.4012561792503
    vertex 34.1314931268377 346.981310160746 22.4012804271561
  endloop
endfacet
facet normal -3.51689354628265e-007 -1.74455324751503e-007 0.999999999999923
  outer loop
    vertex 34.1314931268377 346.981310160746 22.4012804271561
    vertex 34.2929800951873 340.58687729072 22.4012561792503
    vertex 34.4835746548549 346.71114850233 22.4012803210515
  endloop
endfacet
facet normal -3.51689354628265e-007 -1.74455324751503e-007 0.999999999999923
  outer loop
    vertex 34.4835746548549 346.71114850233 22.4012803210515
    vertex 34.2929800951873 340.58687729072 22.4012561792503
    vertex 34.879079512394 341.683392176559 22.4012596142019
  endloop
endfacet
facet normal -3.51689354628265e-007 -1.74455324751503e-007 0.999999999999923
  outer loop
    vertex 34.4835746548549 346.71114850233 22.4012803210515
    vertex 34.879079512394 341.683392176559 22.4012596142019
    vertex 34.8935822781806 346.541317784072 22.4012802095787
  endloop
endfacet
facet normal -3.51689354628265e-007 -1.74455324751503e-007 0.999999999999923
  outer loop
    vertex 34.8935822781806 346.541317784072 22.4012802095787
    vertex 34.879079512394 341.683392176559 22.4012596142019
    vertex 35.5356395505385 342.739226603931 22.4012634966707
  endloop
endfacet
facet normal -3.51689354628265e-007 -1.74455324751503e-007 0.999999999999923
  outer loop
    vertex 34.8935822781806 346.541317784072 22.4012802095787
    vertex 35.5356395505385 342.739226603931 22.4012634966707
    vertex 35.3335746548548 346.483391688764 22.4012801003342
  endloop
endfacet
facet normal -3.51689354628265e-007 -1.74455324751503e-007 0.999999999999923
  outer loop
    vertex 35.3335746548548 346.483391688764 22.4012801003342
    vertex 35.5356395505385 342.739226603931 22.4012634966707
    vertex 35.7735670315291 346.541317784072 22.401280000763
  endloop
endfacet
facet normal -3.51689354628265e-007 -1.74455324751503e-007 0.999999999999923
  outer loop
    vertex 35.7735670315291 346.541317784072 22.401280000763
    vertex 35.5356395505385 342.739226603931 22.4012634966707
    vertex 36.2598487187405 343.749859327724 22.4012678100315
  endloop
endfacet
facet normal -3.51689354628265e-007 -1.74455324751503e-007 0.999999999999923
  outer loop
    vertex 35.7735670315291 346.541317784072 22.401280000763
    vertex 36.2598487187405 343.749859327724 22.4012678100315
    vertex 36.1835746548548 346.71114850233 22.4012799176507
  endloop
endfacet
facet normal -3.51689354628265e-007 -1.74455324751503e-007 0.999999999999923
  outer loop
    vertex 36.1835746548548 346.71114850233 22.4012799176507
    vertex 36.2598487187405 343.749859327724 22.4012678100315
    vertex 36.5356561828719 346.981310160746 22.4012798566612
  endloop
endfacet
facet normal -3.51689354628265e-007 -1.74455324751503e-007 0.999999999999923
  outer loop
    vertex 36.5356561828719 346.981310160746 22.4012798566612
    vertex 36.2598487187405 343.749859327724 22.4012678100315
    vertex 37.0486058421593 344.71096266346 22.4012725358137
  endloop
endfacet
facet normal -3.51689354628265e-007 -1.74455324751503e-007 0.999999999999923
  outer loop
    vertex 36.5356561828719 346.981310160746 22.4012798566612
    vertex 37.0486058421593 344.71096266346 22.4012725358137
    vertex 36.8058178412883 347.333391688764 22.4012798219509
  endloop
endfacet
facet normal -3.51689354628265e-007 -1.74455324751503e-007 0.999999999999923
  outer loop
    vertex 36.8058178412883 347.333391688764 22.4012798219509
    vertex 37.0486058421593 344.71096266346 22.4012725358137
    vertex 36.9756485595462 347.743399312089 22.4012798158851
  endloop
endfacet
facet normal -3.51689354628265e-007 -1.74455324751503e-007 0.999999999999923
  outer loop
    vertex 36.9756485595462 347.743399312089 22.4012798158851
    vertex 37.0486058421593 344.71096266346 22.4012725358137
    vertex 37.0335746548548 348.183391688764 22.4012798388774
  endloop
endfacet
facet normal -3.51689354628265e-007 -1.74455324751503e-007 0.999999999999923
  outer loop
    vertex 32.3742426430332 330.940732721179 22.4012087716375
    vertex 50.0909027286193 333.426051631932 22.4013561239539
    vertex 32.3742426428032 333.426051631932 22.401245649746
  endloop
endfacet
facet normal -3.51689354628265e-007 -1.74455324751503e-007 0.999999999999923
  outer loop
    vertex 50.0909027286193 333.426051631932 22.4013561239539
    vertex 32.3742426430332 330.940732721179 22.4012087716375
    vertex 50.0909027288492 330.940732721179 22.4013192458454
  endloop
endfacet
facet normal -3.51689354628265e-007 -1.74455324751503e-007 0.999999999999923
  outer loop
    vertex 50.0909027286193 333.426051631932 22.4013561239539
    vertex 50.0909027288492 330.940732721179 22.4013192458454
    vertex 50.0909027286414 351.142711718092 22.4013525736157
  endloop
endfacet
facet normal -3.51689354628265e-007 -1.74455324751503e-007 0.999999999999923
  outer loop
    vertex 33.6335746548548 316.183391688764 22.4012802375051
    vertex 33.7798510668174 324.912406961615 22.4012187445145
    vertex 33.3418897241348 326.076042335792 22.4012157803706
  endloop
endfacet
facet normal -3.51689354628265e-007 -1.74455324751503e-007 0.999999999999923
  outer loop
    vertex 33.7798510668174 324.912406961615 22.4012187445145
    vertex 33.6335746548548 316.183391688764 22.4012802375051
    vertex 33.6915007501634 316.623384065438 22.4012802395879
  endloop
endfacet
facet normal -3.51689354628265e-007 -1.74455324751503e-007 0.999999999999923
  outer loop
    vertex 33.7798510668174 324.912406961615 22.4012187445145
    vertex 33.6915007501634 316.623384065438 22.4012802395879
    vertex 33.8613314684213 317.033391688764 22.4012802418541
  endloop
endfacet
facet normal -3.51689354628265e-007 -1.74455324751503e-007 0.999999999999923
  outer loop
    vertex 33.7798510668174 324.912406961615 22.4012187445145
    vertex 33.8613314684213 317.033391688764 22.4012802418541
    vertex 34.2929800953993 323.779907062391 22.4012221711356
  endloop
endfacet
facet normal -3.51689354628265e-007 -1.74455324751503e-007 0.999999999999923
  outer loop
    vertex 34.2929800953993 323.779907062391 22.4012221711356
    vertex 33.8613314684213 317.033391688764 22.4012802418541
    vertex 34.1314931268377 317.385473216781 22.4012802441492
  endloop
endfacet
facet normal -3.51689354628265e-007 -1.74455324751503e-007 0.999999999999923
  outer loop
    vertex 34.2929800953993 323.779907062391 22.4012221711356
    vertex 34.1314931268377 317.385473216781 22.4012802441492
    vertex 34.4835746548548 317.655634875197 22.4012802463168
  endloop
endfacet
facet normal -3.51689354628265e-007 -1.74455324751503e-007 0.999999999999923
  outer loop
    vertex 34.2929800953993 323.779907062391 22.4012221711356
    vertex 34.4835746548548 317.655634875197 22.4012802463168
    vertex 34.8790795126033 322.683392176552 22.4012260455604
  endloop
endfacet
facet normal -3.51689354628265e-007 -1.74455324751503e-007 0.999999999999923
  outer loop
    vertex 34.8790795126033 322.683392176552 22.4012260455604
    vertex 34.4835746548548 317.655634875197 22.4012802463168
    vertex 34.8935822781805 317.825465593455 22.4012802482091
  endloop
endfacet
facet normal -3.51689354628265e-007 -1.74455324751503e-007 0.999999999999923
  outer loop
    vertex 34.8790795126033 322.683392176552 22.4012260455604
    vertex 34.8935822781805 317.825465593455 22.4012802482091
    vertex 35.5356395507452 321.627557749179 22.4012303511981
  endloop
endfacet
facet normal -3.51689354628265e-007 -1.74455324751503e-007 0.999999999999923
  outer loop
    vertex 35.5356395507452 321.627557749179 22.4012303511981
    vertex 34.8935822781805 317.825465593455 22.4012802482091
    vertex 35.3335746548548 317.883391688764 22.4012802496973
  endloop
endfacet
facet normal -3.51689354628265e-007 -1.74455324751503e-007 0.999999999999923
  outer loop
    vertex 35.5356395507452 321.627557749179 22.4012303511981
    vertex 35.3335746548548 317.883391688764 22.4012802496973
    vertex 35.7735670315291 317.825465593455 22.4012802506799
  endloop
endfacet
facet normal -3.51689354628265e-007 -1.74455324751503e-007 0.999999999999923
  outer loop
    vertex 35.5356395507452 321.627557749179 22.4012303511981
    vertex 35.7735670315291 317.825465593455 22.4012802506799
    vertex 36.2598487189447 320.616925025386 22.4012350696113
  endloop
endfacet
facet normal -3.51689354628265e-007 -1.74455324751503e-007 0.999999999999923
  outer loop
    vertex 36.2598487189447 320.616925025386 22.4012350696113
    vertex 35.7735670315291 317.825465593455 22.4012802506799
    vertex 36.1835746548548 317.655634875197 22.4012802510899
  endloop
endfacet
facet normal -3.51689354628265e-007 -1.74455324751503e-007 0.999999999999923
  outer loop
    vertex 36.2598487189447 320.616925025386 22.4012350696113
    vertex 36.1835746548548 317.655634875197 22.4012802510899
    vertex 36.535656182872 317.385473216781 22.4012802508994
  endloop
endfacet
facet normal -3.51689354628265e-007 -1.74455324751503e-007 0.999999999999923
  outer loop
    vertex 36.2598487189447 320.616925025386 22.4012350696113
    vertex 36.535656182872 317.385473216781 22.4012802508994
    vertex 37.0486058423611 319.655821689651 22.4012401805949
  endloop
endfacet
facet normal -3.51689354628265e-007 -1.74455324751503e-007 0.999999999999923
  outer loop
    vertex 37.0486058423611 319.655821689651 22.4012401805949
    vertex 36.535656182872 317.385473216781 22.4012802508994
    vertex 36.8058178412884 317.033391688764 22.4012802501214
  endloop
endfacet
facet normal -3.51689354628265e-007 -1.74455324751503e-007 0.999999999999923
  outer loop
    vertex 37.0486058423611 319.655821689651 22.4012401805949
    vertex 36.8058178412884 317.033391688764 22.4012802501214
    vertex 36.9756485595463 316.623384065438 22.4012802488089
  endloop
endfacet
facet normal -3.51689354628265e-007 -1.74455324751503e-007 0.999999999999923
  outer loop
    vertex 37.0486058423611 319.655821689651 22.4012401805949
    vertex 36.9756485595463 316.623384065438 22.4012802488089
    vertex 37.0335746548548 316.183391688764 22.4012802470513
  endloop
endfacet
facet normal -3.55616924212144e-015 0.999999999999985 1.74455324751512e-007
  outer loop
    vertex 30.3335736295467 286.583389698238 26.4012776451822
    vertex 72.3336104047198 286.583390396058 22.401284191199
    vertex 30.3335750363042 286.583390396059 22.4012776451825
  endloop
endfacet
facet normal -3.55616924212144e-015 0.999999999999985 1.74455324751512e-007
  outer loop
    vertex 72.3336104047198 286.583390396058 22.401284191199
    vertex 30.3335736295467 286.583389698238 26.4012776451822
    vertex 72.3336089979623 286.583389698237 26.4012841911987
  endloop
endfacet
facet normal 6.83264739143957e-006 1.43347646177309e-006 -0.99999999997563
  outer loop
    vertex 33.7798757192456 324.912409093394 20.4011465854947
    vertex 33.6335868386387 316.183394230234 20.4011380619117
    vertex 33.341914376553 326.076044467571 20.4011468537041
  endloop
endfacet
facet normal 6.83264739143957e-006 1.43347646177309e-006 -0.99999999997563
  outer loop
    vertex 33.6335868386387 316.183394230234 20.4011380619117
    vertex 33.7798757192456 324.912409093394 20.4011465854947
    vertex 33.6915129339473 316.623386606908 20.4011380619117
  endloop
endfacet
facet normal 6.83264739143957e-006 1.43347646177309e-006 -0.99999999997563
  outer loop
    vertex 33.6915129339473 316.623386606908 20.4011380619117
    vertex 33.7798757192456 324.912409093394 20.4011465854947
    vertex 33.8613436522052 317.033394230234 20.4011380619117
  endloop
endfacet
facet normal 6.83264739143957e-006 1.43347646177309e-006 -0.99999999997563
  outer loop
    vertex 33.8613436522052 317.033394230234 20.4011380619117
    vertex 33.7798757192456 324.912409093394 20.4011465854947
    vertex 34.2930047478376 323.77990919417 20.4011467541608
  endloop
endfacet
facet normal 6.83264739143957e-006 1.43347646177309e-006 -0.99999999997563
  outer loop
    vertex 33.8613436522052 317.033394230234 20.4011380619117
    vertex 34.2930047478376 323.77990919417 20.4011467541608
    vertex 34.1315053106216 317.385475758251 20.4011380619117
  endloop
endfacet
facet normal 6.83264739143957e-006 1.43347646177309e-006 -0.99999999997563
  outer loop
    vertex 34.1315053106216 317.385475758251 20.4011380619117
    vertex 34.2930047478376 323.77990919417 20.4011467541608
    vertex 34.4835868386387 317.655637416667 20.4011380619117
  endloop
endfacet
facet normal 6.83264739143957e-006 1.43347646177309e-006 -0.99999999997563
  outer loop
    vertex 34.4835868386387 317.655637416667 20.4011380619117
    vertex 34.2930047478376 323.77990919417 20.4011467541608
    vertex 34.8791041650517 322.683394308331 20.4011473589803
  endloop
endfacet
facet normal 6.83264739143957e-006 1.43347646177309e-006 -0.99999999997563
  outer loop
    vertex 34.4835868386387 317.655637416667 20.4011380619117
    vertex 34.8791041650517 322.683394308331 20.4011473589803
    vertex 34.8935944619645 317.825468134925 20.4011380619117
  endloop
endfacet
facet normal 6.83264739143957e-006 1.43347646177309e-006 -0.99999999997563
  outer loop
    vertex 34.8935944619645 317.825468134925 20.4011380619117
    vertex 34.8791041650517 322.683394308331 20.4011473589803
    vertex 35.5356642032037 321.627559880958 20.4011483973631
  endloop
endfacet
facet normal 6.83264739143957e-006 1.43347646177309e-006 -0.99999999997563
  outer loop
    vertex 34.8935944619645 317.825468134925 20.4011380619117
    vertex 35.5356642032037 321.627559880958 20.4011483973631
    vertex 35.3335868386388 317.883394230234 20.4011380619117
  endloop
endfacet
facet normal 6.83264739143957e-006 1.43347646177309e-006 -0.99999999997563
  outer loop
    vertex 35.3335868386388 317.883394230234 20.4011380619117
    vertex 35.5356642032037 321.627559880958 20.4011483973631
    vertex 35.7735792153131 317.825468134925 20.4011380619117
  endloop
endfacet
facet normal 6.83264739143957e-006 1.43347646177309e-006 -0.99999999997563
  outer loop
    vertex 35.7735792153131 317.825468134925 20.4011380619117
    vertex 35.5356642032037 321.627559880958 20.4011483973631
    vertex 36.2598733714133 320.616927157165 20.4011498648628
  endloop
endfacet
facet normal 6.83264739143957e-006 1.43347646177309e-006 -0.99999999997563
  outer loop
    vertex 35.7735792153131 317.825468134925 20.4011380619117
    vertex 36.2598733714133 320.616927157165 20.4011498648628
    vertex 36.1835868386388 317.655637416667 20.4011380619117
  endloop
endfacet
facet normal 6.83264739143957e-006 1.43347646177309e-006 -0.99999999997563
  outer loop
    vertex 36.1835868386388 317.655637416667 20.4011380619117
    vertex 36.2598733714133 320.616927157165 20.4011498648628
    vertex 36.5356683666559 317.385475758251 20.4011380619117
  endloop
endfacet
facet normal 6.83264739143957e-006 1.43347646177309e-006 -0.99999999997563
  outer loop
    vertex 36.5356683666559 317.385475758251 20.4011380619117
    vertex 36.2598733714133 320.616927157165 20.4011498648628
    vertex 37.0486304948397 319.655823821429 20.4011517551952
  endloop
endfacet
facet normal 6.83264739143957e-006 1.43347646177309e-006 -0.99999999997563
  outer loop
    vertex 36.5356683666559 317.385475758251 20.4011380619117
    vertex 37.0486304948397 319.655823821429 20.4011517551952
    vertex 36.8058300250723 317.033394230234 20.4011380619117
  endloop
endfacet
facet normal 6.83264739143957e-006 1.43347646177309e-006 -0.99999999997563
  outer loop
    vertex 36.8058300250723 317.033394230234 20.4011380619117
    vertex 37.0486304948397 319.655823821429 20.4011517551952
    vertex 36.9756607433302 316.623386606908 20.4011380619117
  endloop
endfacet
facet normal 6.83264739143957e-006 1.43347646177309e-006 -0.99999999997563
  outer loop
    vertex 36.9756607433302 316.623386606908 20.4011380619117
    vertex 37.0486304948397 319.655823821429 20.4011517551952
    vertex 37.0335868386388 316.183394230234 20.4011380619117
  endloop
endfacet
facet normal 6.83264739143957e-006 1.43347646177309e-006 -0.99999999997563
  outer loop
    vertex 50.0909273812852 333.426053763703 20.4012450617405
    vertex 32.374267295413 330.940734852958 20.4011522444244
    vertex 32.3742672953984 333.426053763703 20.4011574433648
  endloop
endfacet
facet normal 6.83264739143957e-006 1.43347646177309e-006 -0.99999999997563
  outer loop
    vertex 32.374267295413 330.940734852958 20.4011522444244
    vertex 50.0909273812852 333.426053763703 20.4012450617405
    vertex 50.0909273812998 330.940734852958 20.4012398628001
  endloop
endfacet
facet normal 6.83264739143957e-006 1.43347646177309e-006 -0.99999999997563
  outer loop
    vertex 33.633586358434 348.183394388499 20.4011938022426
    vertex 33.7798757191604 339.454379523267 20.401177005268
    vertex 33.3419143764814 338.290744149091 20.4011724051517
  endloop
endfacet
facet normal 6.83264739143957e-006 1.43347646177309e-006 -0.99999999997563
  outer loop
    vertex 33.7798757191604 339.454379523267 20.401177005268
    vertex 33.633586358434 348.183394388499 20.4011938022426
    vertex 33.6915124537426 347.743402011824 20.4011938022426
  endloop
endfacet
facet normal 6.83264739143957e-006 1.43347646177309e-006 -0.99999999997563
  outer loop
    vertex 33.7798757191604 339.454379523267 20.401177005268
    vertex 33.6915124537426 347.743402011824 20.4011938022426
    vertex 33.8613431720005 347.333394388499 20.4011938022426
  endloop
endfacet
facet normal 6.83264739143957e-006 1.43347646177309e-006 -0.99999999997563
  outer loop
    vertex 33.7798757191604 339.454379523267 20.401177005268
    vertex 33.8613431720005 347.333394388499 20.4011938022426
    vertex 34.2930047477392 340.586879422492 20.4011819119977
  endloop
endfacet
facet normal 6.83264739143957e-006 1.43347646177309e-006 -0.99999999997563
  outer loop
    vertex 34.2930047477392 340.586879422492 20.4011819119977
    vertex 33.8613431720005 347.333394388499 20.4011938022426
    vertex 34.1315048304169 346.981312860481 20.4011938022426
  endloop
endfacet
facet normal 6.83264739143957e-006 1.43347646177309e-006 -0.99999999997563
  outer loop
    vertex 34.2930047477392 340.586879422492 20.4011819119977
    vertex 34.1315048304169 346.981312860481 20.4011938022426
    vertex 34.4835863584341 346.711151202065 20.4011938022426
  endloop
endfacet
facet normal 6.83264739143957e-006 1.43347646177309e-006 -0.99999999997563
  outer loop
    vertex 34.2930047477392 340.586879422492 20.4011819119977
    vertex 34.4835863584341 346.711151202065 20.4011938022426
    vertex 34.8791041649405 341.68339430833 20.4011871043295
  endloop
endfacet
facet normal 6.83264739143957e-006 1.43347646177309e-006 -0.99999999997563
  outer loop
    vertex 34.8791041649405 341.68339430833 20.4011871043295
    vertex 34.4835863584341 346.711151202065 20.4011938022426
    vertex 34.8935939817598 346.541320483807 20.4011938022426
  endloop
endfacet
facet normal 6.83264739143957e-006 1.43347646177309e-006 -0.99999999997563
  outer loop
    vertex 34.8791041649405 341.68339430833 20.4011871043295
    vertex 34.8935939817598 346.541320483807 20.4011938022426
    vertex 35.5356642030801 342.739228735703 20.4011925600289
  endloop
endfacet
facet normal 6.83264739143957e-006 1.43347646177309e-006 -0.99999999997563
  outer loop
    vertex 35.5356642030801 342.739228735703 20.4011925600289
    vertex 34.8935939817598 346.541320483807 20.4011938022426
    vertex 35.3335863584341 346.483394388498 20.4011938022426
  endloop
endfacet
facet normal 6.83264739143957e-006 1.43347646177309e-006 -0.99999999997563
  outer loop
    vertex 35.5356642030801 342.739228735703 20.4011925600289
    vertex 35.3335863584341 346.483394388498 20.4011938022426
    vertex 35.7735787351084 346.541320483807 20.4011938022426
  endloop
endfacet
facet normal 6.83264739143957e-006 1.43347646177309e-006 -0.99999999997563
  outer loop
    vertex 35.5356642030801 342.739228735703 20.4011925600289
    vertex 35.7735787351084 346.541320483807 20.4011938022426
    vertex 36.2598733712779 343.749861459496 20.4011982557339
  endloop
endfacet
facet normal 6.83264739143957e-006 1.43347646177309e-006 -0.99999999997563
  outer loop
    vertex 36.2598733712779 343.749861459496 20.4011982557339
    vertex 35.7735787351084 346.541320483807 20.4011938022426
    vertex 36.1835863584341 346.711151202065 20.4011938022426
  endloop
endfacet
facet normal 6.83264739143957e-006 1.43347646177309e-006 -0.99999999997563
  outer loop
    vertex 36.2598733712779 343.749861459496 20.4011982557339
    vertex 36.1835863584341 346.711151202065 20.4011938022426
    vertex 36.5356678864513 346.981312860481 20.4011938022426
  endloop
endfacet
facet normal 6.83264739143957e-006 1.43347646177309e-006 -0.99999999997563
  outer loop
    vertex 36.2598733712779 343.749861459496 20.4011982557339
    vertex 36.5356678864513 346.981312860481 20.4011938022426
    vertex 37.048630494693 344.710964795232 20.4012041670546
  endloop
endfacet
facet normal 6.83264739143957e-006 1.43347646177309e-006 -0.99999999997563
  outer loop
    vertex 37.048630494693 344.710964795232 20.4012041670546
    vertex 36.5356678864513 346.981312860481 20.4011938022426
    vertex 36.8058295448677 347.333394388498 20.4011938022426
  endloop
endfacet
facet normal 6.83264739143957e-006 1.43347646177309e-006 -0.99999999997563
  outer loop
    vertex 37.048630494693 344.710964795232 20.4012041670546
    vertex 36.8058295448677 347.333394388498 20.4011938022426
    vertex 36.9756602631256 347.743402011824 20.4011938022426
  endloop
endfacet
facet normal 6.83264739143957e-006 1.43347646177309e-006 -0.99999999997563
  outer loop
    vertex 37.048630494693 344.710964795232 20.4012041670546
    vertex 36.9756602631256 347.743402011824 20.4011938022426
    vertex 37.0335863584341 348.183394388498 20.4011938022426
  endloop
endfacet
facet normal 6.83264739143957e-006 1.43347646177309e-006 -0.99999999997563
  outer loop
    vertex 65.618543178599 319.655823821429 20.4012930487195
    vertex 65.6915129350344 316.623386604821 20.4012873900067
    vertex 65.6335868397258 316.183394228146 20.4012873900067
  endloop
endfacet
facet normal 6.83264739143957e-006 1.43347646177309e-006 -0.99999999997563
  outer loop
    vertex 65.6915129350344 316.623386604821 20.4012873900067
    vertex 65.618543178599 319.655823821429 20.4012930487195
    vertex 66.4073003020141 320.616927157165 20.4012989600402
  endloop
endfacet
facet normal 6.83264739143957e-006 1.43347646177309e-006 -0.99999999997563
  outer loop
    vertex 65.6915129350344 316.623386604821 20.4012873900067
    vertex 66.4073003020141 320.616927157165 20.4012989600402
    vertex 65.8613436532923 317.033394228146 20.4012873900067
  endloop
endfacet
facet normal 6.83264739143957e-006 1.43347646177309e-006 -0.99999999997563
  outer loop
    vertex 65.8613436532923 317.033394228146 20.4012873900067
    vertex 66.4073003020141 320.616927157165 20.4012989600402
    vertex 66.1315053117087 317.385475756164 20.4012873900067
  endloop
endfacet
facet normal 6.83264739143957e-006 1.43347646177309e-006 -0.99999999997563
  outer loop
    vertex 66.1315053117087 317.385475756164 20.4012873900067
    vertex 66.4073003020141 320.616927157165 20.4012989600402
    vertex 66.4835868397258 317.65563741458 20.4012873900067
  endloop
endfacet
facet normal 6.83264739143957e-006 1.43347646177309e-006 -0.99999999997563
  outer loop
    vertex 66.4835868397258 317.65563741458 20.4012873900067
    vertex 66.4073003020141 320.616927157165 20.4012989600402
    vertex 67.1315094702118 321.627559880958 20.4013046557452
  endloop
endfacet
facet normal 6.83264739143957e-006 1.43347646177309e-006 -0.99999999997563
  outer loop
    vertex 66.4835868397258 317.65563741458 20.4012873900067
    vertex 67.1315094702118 321.627559880958 20.4013046557452
    vertex 66.8935944630515 317.825468132838 20.4012873900067
  endloop
endfacet
facet normal 6.83264739143957e-006 1.43347646177309e-006 -0.99999999997563
  outer loop
    vertex 66.8935944630515 317.825468132838 20.4012873900067
    vertex 67.1315094702118 321.627559880958 20.4013046557452
    vertex 67.3335868397258 317.883394228146 20.4012873900067
  endloop
endfacet
facet normal 6.83264739143957e-006 1.43347646177309e-006 -0.99999999997563
  outer loop
    vertex 67.3335868397258 317.883394228146 20.4012873900067
    vertex 67.1315094702118 321.627559880958 20.4013046557452
    vertex 67.7880695083515 322.68339430833 20.4013101114446
  endloop
endfacet
facet normal 6.83264739143957e-006 1.43347646177309e-006 -0.99999999997563
  outer loop
    vertex 67.3335868397258 317.883394228146 20.4012873900067
    vertex 67.7880695083515 322.68339430833 20.4013101114446
    vertex 67.7735792164001 317.825468132838 20.4012873900067
  endloop
endfacet
facet normal 6.83264739143957e-006 1.43347646177309e-006 -0.99999999997563
  outer loop
    vertex 67.7735792164001 317.825468132838 20.4012873900067
    vertex 67.7880695083515 322.68339430833 20.4013101114446
    vertex 68.1835868397258 317.65563741458 20.4012873900067
  endloop
endfacet
facet normal 6.83264739143957e-006 1.43347646177309e-006 -0.99999999997563
  outer loop
    vertex 68.1835868397258 317.65563741458 20.4012873900067
    vertex 67.7880695083515 322.68339430833 20.4013101114446
    vertex 68.3741689255528 323.779909194169 20.4013153037764
  endloop
endfacet
facet normal 6.83264739143957e-006 1.43347646177309e-006 -0.99999999997563
  outer loop
    vertex 68.1835868397258 317.65563741458 20.4012873900067
    vertex 68.3741689255528 323.779909194169 20.4013153037764
    vertex 68.535668367743 317.385475756164 20.4012873900067
  endloop
endfacet
facet normal 6.83264739143957e-006 1.43347646177309e-006 -0.99999999997563
  outer loop
    vertex 68.535668367743 317.385475756164 20.4012873900067
    vertex 68.3741689255528 323.779909194169 20.4013153037764
    vertex 68.8872979541316 324.912409093394 20.4013202105061
  endloop
endfacet
facet normal 6.83264739143957e-006 1.43347646177309e-006 -0.99999999997563
  outer loop
    vertex 68.535668367743 317.385475756164 20.4012873900067
    vertex 68.8872979541316 324.912409093394 20.4013202105061
    vertex 68.8058300261594 317.033394228146 20.4012873900067
  endloop
endfacet
facet normal 6.83264739143957e-006 1.43347646177309e-006 -0.99999999997563
  outer loop
    vertex 68.8058300261594 317.033394228146 20.4012873900067
    vertex 68.8872979541316 324.912409093394 20.4013202105061
    vertex 68.9756607444173 316.623386604821 20.4012873900067
  endloop
endfacet
facet normal 6.83264739143957e-006 1.43347646177309e-006 -0.99999999997563
  outer loop
    vertex 68.9756607444173 316.623386604821 20.4012873900067
    vertex 68.8872979541316 324.912409093394 20.4013202105061
    vertex 69.3252592968105 326.07604446757 20.4013248106224
  endloop
endfacet
facet normal 6.83264739143957e-006 1.43347646177309e-006 -0.99999999997563
  outer loop
    vertex 68.9756607444173 316.623386604821 20.4012873900067
    vertex 69.3252592968105 326.07604446757 20.4013248106224
    vertex 69.0335868397258 316.183394228146 20.4012873900067
  endloop
endfacet
facet normal 6.83264739143957e-006 1.43347646177309e-006 -0.99999999997563
  outer loop
    vertex 30.3335876198118 353.183393695162 20.4012810390033
    vertex 33.633586358434 348.183394388499 20.4011938022426
    vertex 32.3742672953984 333.426053763703 20.4011574433648
  endloop
endfacet
facet normal 6.83264739143957e-006 1.43347646177309e-006 -0.99999999997563
  outer loop
    vertex 33.633586358434 348.183394388499 20.4011938022426
    vertex 30.3335876198118 353.183393695162 20.4012810390033
    vertex 33.6915124537426 348.623386765173 20.4011938022426
  endloop
endfacet
facet normal 6.83264739143957e-006 1.43347646177309e-006 -0.99999999997563
  outer loop
    vertex 33.6915124537426 348.623386765173 20.4011938022426
    vertex 30.3335876198118 353.183393695162 20.4012810390033
    vertex 33.8613431720004 349.033394388499 20.4011938022426
  endloop
endfacet
facet normal 6.83264739143957e-006 1.43347646177309e-006 -0.99999999997563
  outer loop
    vertex 33.8613431720004 349.033394388499 20.4011938022426
    vertex 30.3335876198118 353.183393695162 20.4012810390033
    vertex 34.1315048304168 349.385475916516 20.4011938022426
  endloop
endfacet
facet normal 6.83264739143957e-006 1.43347646177309e-006 -0.99999999997563
  outer loop
    vertex 34.1315048304168 349.385475916516 20.4011938022426
    vertex 30.3335876198118 353.183393695162 20.4012810390033
    vertex 34.483586358434 349.655637574932 20.4011938022426
  endloop
endfacet
facet normal 6.83264739143957e-006 1.43347646177309e-006 -0.99999999997563
  outer loop
    vertex 34.483586358434 349.655637574932 20.4011938022426
    vertex 30.3335876198118 353.183393695162 20.4012810390033
    vertex 34.8935939817597 349.82546829319 20.4011938022426
  endloop
endfacet
facet normal 6.83264739143957e-006 1.43347646177309e-006 -0.99999999997563
  outer loop
    vertex 34.8935939817597 349.82546829319 20.4011938022426
    vertex 30.3335876198118 353.183393695162 20.4012810390033
    vertex 35.333586358434 349.883394388499 20.4011938022426
  endloop
endfacet
facet normal 6.83264739143957e-006 1.43347646177309e-006 -0.99999999997563
  outer loop
    vertex 35.333586358434 349.883394388499 20.4011938022426
    vertex 30.3335876198118 353.183393695162 20.4012810390033
    vertex 72.3335876199167 353.183392964736 20.4013040349114
  endloop
endfacet
facet normal 6.83264739143957e-006 1.43347646177309e-006 -0.99999999997563
  outer loop
    vertex 32.3742672953984 333.426053763703 20.4011574433648
    vertex 33.633586358434 348.183394388499 20.4011938022426
    vertex 32.4961344708203 334.663391960512 20.4011606344022
  endloop
endfacet
facet normal 6.83264739143957e-006 1.43347646177309e-006 -0.99999999997563
  outer loop
    vertex 32.4961344708203 334.663391960512 20.4011606344022
    vertex 33.633586358434 348.183394388499 20.4011938022426
    vertex 32.698666509251 335.890110426637 20.4011642021555
  endloop
endfacet
facet normal 6.83264739143957e-006 1.43347646177309e-006 -0.99999999997563
  outer loop
    vertex 32.698666509251 335.890110426637 20.4011642021555
    vertex 33.633586358434 348.183394388499 20.4011938022426
    vertex 32.9809961374086 337.100956165278 20.4011681313471
  endloop
endfacet
facet normal 6.83264739143957e-006 1.43347646177309e-006 -0.99999999997563
  outer loop
    vertex 32.9809961374086 337.100956165278 20.4011681313471
    vertex 33.633586358434 348.183394388499 20.4011938022426
    vertex 33.3419143764814 338.290744149091 20.4011724051517
  endloop
endfacet
facet normal 6.83264739143957e-006 1.43347646177309e-006 -0.99999999997563
  outer loop
    vertex 35.333586358434 349.883394388499 20.4011938022426
    vertex 72.3335876199167 353.183392964736 20.4013040349114
    vertex 50.0909273811815 351.142713849864 20.4012821225217
  endloop
endfacet
facet normal 6.83264739143957e-006 1.43347646177309e-006 -0.99999999997563
  outer loop
    vertex 35.333586358434 349.883394388499 20.4011938022426
    vertex 50.0909273811815 351.142713849864 20.4012821225217
    vertex 35.7735787351083 349.82546829319 20.4011938022426
  endloop
endfacet
facet normal 6.83264739143957e-006 1.43347646177309e-006 -0.99999999997563
  outer loop
    vertex 35.7735787351083 349.82546829319 20.4011938022426
    vertex 50.0909273811815 351.142713849864 20.4012821225217
    vertex 48.8535891843931 351.020846674433 20.4012757482923
  endloop
endfacet
facet normal 6.83264739143957e-006 1.43347646177309e-006 -0.99999999997563
  outer loop
    vertex 35.7735787351083 349.82546829319 20.4011938022426
    vertex 48.8535891843931 351.020846674433 20.4012757482923
    vertex 36.1835863584341 349.655637574932 20.4011938022426
  endloop
endfacet
facet normal 6.83264739143957e-006 1.43347646177309e-006 -0.99999999997563
  outer loop
    vertex 36.1835863584341 349.655637574932 20.4011938022426
    vertex 48.8535891843931 351.020846674433 20.4012757482923
    vertex 36.5356678864512 349.385475916516 20.4011938022426
  endloop
endfacet
facet normal 6.83264739143957e-006 1.43347646177309e-006 -0.99999999997563
  outer loop
    vertex 36.5356678864512 349.385475916516 20.4011938022426
    vertex 48.8535891843931 351.020846674433 20.4012757482923
    vertex 36.8058295448677 349.033394388498 20.4011938022426
  endloop
endfacet
facet normal 6.83264739143957e-006 1.43347646177309e-006 -0.99999999997563
  outer loop
    vertex 36.8058295448677 349.033394388498 20.4011938022426
    vertex 48.8535891843931 351.020846674433 20.4012757482923
    vertex 47.6268707182878 350.818314635992 20.4012692578435
  endloop
endfacet
facet normal 6.83264739143957e-006 1.43347646177309e-006 -0.99999999997563
  outer loop
    vertex 36.8058295448677 349.033394388498 20.4011938022426
    vertex 47.6268707182878 350.818314635992 20.4012692578435
    vertex 36.9756602631256 348.623386765173 20.4011938022426
  endloop
endfacet
facet normal 6.83264739143957e-006 1.43347646177309e-006 -0.99999999997563
  outer loop
    vertex 36.9756602631256 348.623386765173 20.4011938022426
    vertex 47.6268707182878 350.818314635992 20.4012692578435
    vertex 46.4160249796667 350.535985007822 20.4012626789684
  endloop
endfacet
facet normal 6.83264739143957e-006 1.43347646177309e-006 -0.99999999997563
  outer loop
    vertex 36.9756602631256 348.623386765173 20.4011938022426
    vertex 46.4160249796667 350.535985007822 20.4012626789684
    vertex 37.0335863584341 348.183394388498 20.4011938022426
  endloop
endfacet
facet normal 6.83264739143957e-006 1.43347646177309e-006 -0.99999999997563
  outer loop
    vertex 37.0335863584341 348.183394388498 20.4011938022426
    vertex 46.4160249796667 350.535985007822 20.4012626789684
    vertex 45.226236995875 350.175066768737 20.4012560398388
  endloop
endfacet
facet normal 6.83264739143957e-006 1.43347646177309e-006 -0.99999999997563
  outer loop
    vertex 37.0335863584341 348.183394388498 20.4011938022426
    vertex 45.226236995875 350.175066768737 20.4012560398388
    vertex 44.062601621719 349.737105426045 20.4012493688844
  endloop
endfacet
facet normal 6.83264739143957e-006 1.43347646177309e-006 -0.99999999997563
  outer loop
    vertex 37.0335863584341 348.183394388498 20.4011938022426
    vertex 44.062601621719 349.737105426045 20.4012493688844
    vertex 42.9301017225152 349.223976397451 20.4012426946714
  endloop
endfacet
facet normal 6.83264739143957e-006 1.43347646177309e-006 -0.99999999997563
  outer loop
    vertex 37.0335863584341 348.183394388498 20.4011938022426
    vertex 42.9301017225152 349.223976397451 20.4012426946714
    vertex 41.8335868366966 348.637876980235 20.4012360457796
  endloop
endfacet
facet normal 6.83264739143957e-006 1.43347646177309e-006 -0.99999999997563
  outer loop
    vertex 37.0335863584341 348.183394388498 20.4011938022426
    vertex 41.8335868366966 348.637876980235 20.4012360457796
    vertex 40.7777524093443 347.981316942079 20.4012294506807
  endloop
endfacet
facet normal 6.83264739143957e-006 1.43347646177309e-006 -0.99999999997563
  outer loop
    vertex 37.0335863584341 348.183394388498 20.4011938022426
    vertex 40.7777524093443 347.981316942079 20.4012294506807
    vertex 39.7671196855709 347.257107773864 20.4012229376159
  endloop
endfacet
facet normal 6.83264739143957e-006 1.43347646177309e-006 -0.99999999997563
  outer loop
    vertex 37.0335863584341 348.183394388498 20.4011938022426
    vertex 39.7671196855709 347.257107773864 20.4012229376159
    vertex 38.8060163498548 346.468350650431 20.4012165344752
  endloop
endfacet
facet normal 6.83264739143957e-006 1.43347646177309e-006 -0.99999999997563
  outer loop
    vertex 37.0335863584341 348.183394388498 20.4011938022426
    vertex 38.8060163498548 346.468350650431 20.4012165344752
    vertex 37.8985579942307 345.618423150875 20.4012102686777
  endloop
endfacet
facet normal 6.83264739143957e-006 1.43347646177309e-006 -0.99999999997563
  outer loop
    vertex 37.0335863584341 348.183394388498 20.4011938022426
    vertex 37.8985579942307 345.618423150875 20.4012102686777
    vertex 37.048630494693 344.710964795232 20.4012041670546
  endloop
endfacet
facet normal 6.83264739143957e-006 1.43347646177309e-006 -0.99999999997563
  outer loop
    vertex 50.0909273811815 351.142713849864 20.4012821225217
    vertex 72.3335876199167 353.183392964736 20.4013040349114
    vertex 52.5762462918886 351.142713849863 20.4012944137552
  endloop
endfacet
facet normal 6.83264739143957e-006 1.43347646177309e-006 -0.99999999997563
  outer loop
    vertex 50.0909273811815 351.142713849864 20.4012821225217
    vertex 52.5762462918886 351.142713849863 20.4012944137552
    vertex 50.0909273812852 333.426053763703 20.4012450617405
  endloop
endfacet
facet normal 6.83264739143957e-006 1.43347646177309e-006 -0.99999999997563
  outer loop
    vertex 50.0909273812852 333.426053763703 20.4012450617405
    vertex 52.5762462918886 351.142713849863 20.4012944137552
    vertex 50.0909273812998 330.940734852958 20.4012398628001
  endloop
endfacet
facet normal 6.83264739143957e-006 1.43347646177309e-006 -0.99999999997563
  outer loop
    vertex 50.0909273812998 330.940734852958 20.4012398628001
    vertex 52.5762462918886 351.142713849863 20.4012944137552
    vertex 50.0909273814035 313.224074766797 20.4012028020189
  endloop
endfacet
facet normal 6.83264739143957e-006 1.43347646177309e-006 -0.99999999997563
  outer loop
    vertex 52.5762462918886 351.142713849863 20.4012944137552
    vertex 72.3335876199167 353.183392964736 20.4013040349114
    vertex 53.8135844886784 351.020846674432 20.4013002781263
  endloop
endfacet
facet normal 6.83264739143957e-006 1.43347646177309e-006 -0.99999999997563
  outer loop
    vertex 53.8135844886784 351.020846674432 20.4013002781263
    vertex 72.3335876199167 353.183392964736 20.4013040349114
    vertex 55.0403029547861 350.818314635991 20.4013059212376
  endloop
endfacet
facet normal 6.83264739143957e-006 1.43347646177309e-006 -0.99999999997563
  outer loop
    vertex 55.0403029547861 350.818314635991 20.4013059212376
    vertex 72.3335876199167 353.183392964736 20.4013040349114
    vertex 56.2511486934105 350.535985007822 20.4013113189242
  endloop
endfacet
facet normal 6.83264739143957e-006 1.43347646177309e-006 -0.99999999997563
  outer loop
    vertex 56.2511486934105 350.535985007822 20.4013113189242
    vertex 72.3335876199167 353.183392964736 20.4013040349114
    vertex 57.4409366772064 350.175066768737 20.4013164480726
  endloop
endfacet
facet normal 6.83264739143957e-006 1.43347646177309e-006 -0.99999999997563
  outer loop
    vertex 57.4409366772064 350.175066768737 20.4013164480726
    vertex 72.3335876199167 353.183392964736 20.4013040349114
    vertex 58.6045720513675 349.737105426044 20.4013212867189
  endloop
endfacet
facet normal 6.83264739143957e-006 1.43347646177309e-006 -0.99999999997563
  outer loop
    vertex 58.6045720513675 349.737105426044 20.4013212867189
    vertex 72.3335876199167 353.183392964736 20.4013040349114
    vertex 59.7370719505773 349.223976397451 20.4013258141433
  endloop
endfacet
facet normal 6.83264739143957e-006 1.43347646177309e-006 -0.99999999997563
  outer loop
    vertex 59.7370719505773 349.223976397451 20.4013258141433
    vertex 72.3335876199167 353.183392964736 20.4013040349114
    vertex 60.8335868364028 348.637876980234 20.4013300109587
  endloop
endfacet
facet normal 6.83264739143957e-006 1.43347646177309e-006 -0.99999999997563
  outer loop
    vertex 60.8335868364028 348.637876980234 20.4013300109587
    vertex 72.3335876199167 353.183392964736 20.4013040349114
    vertex 61.8894212637627 347.981316942078 20.4013338591936
  endloop
endfacet
facet normal 6.83264739143957e-006 1.43347646177309e-006 -0.99999999997563
  outer loop
    vertex 61.8894212637627 347.981316942078 20.4013338591936
    vertex 72.3335876199167 353.183392964736 20.4013040349114
    vertex 66.4835863584323 349.655637574933 20.4013767594216
  endloop
endfacet
facet normal 6.83264739143957e-006 1.43347646177309e-006 -0.99999999997563
  outer loop
    vertex 61.8894212637627 347.981316942078 20.4013338591936
    vertex 66.4835863584323 349.655637574933 20.4013767594216
    vertex 62.9000539875446 347.257107773863 20.4013373423693
  endloop
endfacet
facet normal 6.83264739143957e-006 1.43347646177309e-006 -0.99999999997563
  outer loop
    vertex 62.9000539875446 347.257107773863 20.4013373423693
    vertex 66.4835863584323 349.655637574933 20.4013767594216
    vertex 66.1315048304152 349.385475916516 20.4013767594216
  endloop
endfacet
facet normal 6.83264739143957e-006 1.43347646177309e-006 -0.99999999997563
  outer loop
    vertex 62.9000539875446 347.257107773863 20.4013373423693
    vertex 66.1315048304152 349.385475916516 20.4013767594216
    vertex 63.86115732327 346.468350650431 20.4013404455703
  endloop
endfacet
facet normal 6.83264739143957e-006 1.43347646177309e-006 -0.99999999997563
  outer loop
    vertex 63.86115732327 346.468350650431 20.4013404455703
    vertex 66.1315048304152 349.385475916516 20.4013767594216
    vertex 65.8613431719988 349.033394388499 20.4013767594216
  endloop
endfacet
facet normal 6.83264739143957e-006 1.43347646177309e-006 -0.99999999997563
  outer loop
    vertex 63.86115732327 346.468350650431 20.4013404455703
    vertex 65.8613431719988 349.033394388499 20.4013767594216
    vertex 65.6915124537409 348.623386765174 20.4013767594216
  endloop
endfacet
facet normal 6.83264739143957e-006 1.43347646177309e-006 -0.99999999997563
  outer loop
    vertex 63.86115732327 346.468350650431 20.4013404455703
    vertex 65.6915124537409 348.623386765174 20.4013767594216
    vertex 64.768615678904 345.618423150874 20.4013431555083
  endloop
endfacet
facet normal 6.83264739143957e-006 1.43347646177309e-006 -0.99999999997563
  outer loop
    vertex 64.768615678904 345.618423150874 20.4013431555083
    vertex 65.6915124537409 348.623386765174 20.4013767594216
    vertex 65.6335863584324 348.183394388499 20.4013767594216
  endloop
endfacet
facet normal 6.83264739143957e-006 1.43347646177309e-006 -0.99999999997563
  outer loop
    vertex 64.768615678904 345.618423150874 20.4013431555083
    vertex 65.6335863584324 348.183394388499 20.4013767594216
    vertex 65.6185431784523 344.710964795231 20.4013454605789
  endloop
endfacet
facet normal 6.83264739143957e-006 1.43347646177309e-006 -0.99999999997563
  outer loop
    vertex 66.4835863584323 349.655637574933 20.4013767594216
    vertex 72.3335876199167 353.183392964736 20.4013040349114
    vertex 66.8935939817581 349.825468293191 20.4013767594216
  endloop
endfacet
facet normal 6.83264739143957e-006 1.43347646177309e-006 -0.99999999997563
  outer loop
    vertex 66.8935939817581 349.825468293191 20.4013767594216
    vertex 72.3335876199167 353.183392964736 20.4013040349114
    vertex 67.3335863584324 349.883394388499 20.4013767594216
  endloop
endfacet
facet normal 6.83264739143957e-006 1.43347646177309e-006 -0.99999999997563
  outer loop
    vertex 67.3335863584324 349.883394388499 20.4013767594216
    vertex 72.3335876199167 353.183392964736 20.4013040349114
    vertex 67.7735787351067 349.825468293191 20.4013767594216
  endloop
endfacet
facet normal 6.83264739143957e-006 1.43347646177309e-006 -0.99999999997563
  outer loop
    vertex 67.7735787351067 349.825468293191 20.4013767594216
    vertex 72.3335876199167 353.183392964736 20.4013040349114
    vertex 68.1835863584324 349.655637574933 20.4013767594216
  endloop
endfacet
facet normal 6.83264739143957e-006 1.43347646177309e-006 -0.99999999997563
  outer loop
    vertex 68.1835863584324 349.655637574933 20.4013767594216
    vertex 72.3335876199167 353.183392964736 20.4013040349114
    vertex 68.5356678864496 349.385475916516 20.4013767594216
  endloop
endfacet
facet normal 6.83264739143957e-006 1.43347646177309e-006 -0.99999999997563
  outer loop
    vertex 68.5356678864496 349.385475916516 20.4013767594216
    vertex 72.3335876199167 353.183392964736 20.4013040349114
    vertex 68.805829544866 349.033394388499 20.4013767594216
  endloop
endfacet
facet normal 6.83264739143957e-006 1.43347646177309e-006 -0.99999999997563
  outer loop
    vertex 68.805829544866 349.033394388499 20.4013767594216
    vertex 72.3335876199167 353.183392964736 20.4013040349114
    vertex 68.9756602631239 348.623386765173 20.4013767594216
  endloop
endfacet
facet normal 6.83264739143957e-006 1.43347646177309e-006 -0.99999999997563
  outer loop
    vertex 68.9756602631239 348.623386765173 20.4013767594216
    vertex 72.3335876199167 353.183392964736 20.4013040349114
    vertex 69.0335863584325 348.183394388499 20.4013767594216
  endloop
endfacet
facet normal 6.83264739143957e-006 1.43347646177309e-006 -0.99999999997563
  outer loop
    vertex 69.0335863584325 348.183394388499 20.4013767594216
    vertex 72.3335876199167 353.183392964736 20.4013040349114
    vertex 69.325259296739 338.29074414909 20.40135036207
  endloop
endfacet
facet normal 6.83264739143957e-006 1.43347646177309e-006 -0.99999999997563
  outer loop
    vertex 69.325259296739 338.29074414909 20.40135036207
    vertex 72.3335876199167 353.183392964736 20.4013040349114
    vertex 69.6861775358257 337.100956165278 20.4013496581336
  endloop
endfacet
facet normal 6.83264739143957e-006 1.43347646177309e-006 -0.99999999997563
  outer loop
    vertex 69.6861775358257 337.100956165278 20.4013496581336
    vertex 72.3335876199167 353.183392964736 20.4013040349114
    vertex 69.9685071639975 335.890110426637 20.4013485214845
  endloop
endfacet
facet normal 6.83264739143957e-006 1.43347646177309e-006 -0.99999999997563
  outer loop
    vertex 69.9685071639975 335.890110426637 20.4013485214845
    vertex 72.3335876199167 353.183392964736 20.4013040349114
    vertex 70.1710392024426 334.663391960511 20.4013469569901
  endloop
endfacet
facet normal 6.83264739143957e-006 1.43347646177309e-006 -0.99999999997563
  outer loop
    vertex 70.1710392024426 334.663391960511 20.4013469569901
    vertex 72.3335876199167 353.183392964736 20.4013040349114
    vertex 70.292906377879 333.426053763703 20.4013449713497
  endloop
endfacet
facet normal 6.83264739143957e-006 1.43347646177309e-006 -0.99999999997563
  outer loop
    vertex 70.292906377879 333.426053763703 20.4013449713497
    vertex 72.3335876199167 353.183392964736 20.4013040349114
    vertex 70.2929063778935 330.940734852958 20.4013397724093
  endloop
endfacet
facet normal 6.83264739143957e-006 1.43347646177309e-006 -0.99999999997563
  outer loop
    vertex 30.3335876193243 284.583393659171 20.4012810020414
    vertex 33.6915129339473 315.743401853559 20.4011380619117
    vertex 40.2335871305019 284.583393651455 20.4004787391923
  endloop
endfacet
facet normal 6.83264739143957e-006 1.43347646177309e-006 -0.99999999997563
  outer loop
    vertex 33.6915129339473 315.743401853559 20.4011380619117
    vertex 30.3335876193243 284.583393659171 20.4012810020414
    vertex 33.6335868386387 316.183394230234 20.4011380619117
  endloop
endfacet
facet normal 6.83264739143957e-006 1.43347646177309e-006 -0.99999999997563
  outer loop
    vertex 33.6335868386387 316.183394230234 20.4011380619117
    vertex 30.3335876193243 284.583393659171 20.4012810020414
    vertex 30.3335876198118 353.183393695162 20.4012810390033
  endloop
endfacet
facet normal 6.83264739143957e-006 1.43347646177309e-006 -0.99999999997563
  outer loop
    vertex 33.6335868386387 316.183394230234 20.4011380619117
    vertex 30.3335876198118 353.183393695162 20.4012810390033
    vertex 32.374267295413 330.940734852958 20.4011522444244
  endloop
endfacet
facet normal 6.83264739143957e-006 1.43347646177309e-006 -0.99999999997563
  outer loop
    vertex 32.374267295413 330.940734852958 20.4011522444244
    vertex 30.3335876198118 353.183393695162 20.4012810390033
    vertex 32.3742672953984 333.426053763703 20.4011574433648
  endloop
endfacet
facet normal 6.83264739143957e-006 1.43347646177309e-006 -0.99999999997563
  outer loop
    vertex 33.6335868386387 316.183394230234 20.4011380619117
    vertex 32.374267295413 330.940734852958 20.4011522444244
    vertex 32.4961344708494 329.70339665615 20.401150258784
  endloop
endfacet
facet normal 6.83264739143957e-006 1.43347646177309e-006 -0.99999999997563
  outer loop
    vertex 33.6335868386387 316.183394230234 20.4011380619117
    vertex 32.4961344708494 329.70339665615 20.401150258784
    vertex 32.6986665092944 328.476678190024 20.4011486942896
  endloop
endfacet
facet normal 6.83264739143957e-006 1.43347646177309e-006 -0.99999999997563
  outer loop
    vertex 33.6335868386387 316.183394230234 20.4011380619117
    vertex 32.6986665092944 328.476678190024 20.4011486942896
    vertex 32.9809961374663 327.265832451383 20.4011475576405
  endloop
endfacet
facet normal 6.83264739143957e-006 1.43347646177309e-006 -0.99999999997563
  outer loop
    vertex 33.6335868386387 316.183394230234 20.4011380619117
    vertex 32.9809961374663 327.265832451383 20.4011475576405
    vertex 33.341914376553 326.076044467571 20.4011468537041
  endloop
endfacet
facet normal 6.83264739143957e-006 1.43347646177309e-006 -0.99999999997563
  outer loop
    vertex 40.2335871305019 284.583393651455 20.4004787391923
    vertex 33.6915129339473 315.743401853559 20.4011380619117
    vertex 33.8613436522052 315.333394230234 20.4011380619117
  endloop
endfacet
facet normal 6.83264739143957e-006 1.43347646177309e-006 -0.99999999997563
  outer loop
    vertex 40.2335871305019 284.583393651455 20.4004787391923
    vertex 33.8613436522052 315.333394230234 20.4011380619117
    vertex 34.1315053106216 314.981312702217 20.4011380619117
  endloop
endfacet
facet normal 6.83264739143957e-006 1.43347646177309e-006 -0.99999999997563
  outer loop
    vertex 40.2335871305019 284.583393651455 20.4004787391923
    vertex 34.1315053106216 314.981312702217 20.4011380619117
    vertex 34.4835868386388 314.7111510438 20.4011380619117
  endloop
endfacet
facet normal 6.83264739143957e-006 1.43347646177309e-006 -0.99999999997563
  outer loop
    vertex 40.2335871305019 284.583393651455 20.4004787391923
    vertex 34.4835868386388 314.7111510438 20.4011380619117
    vertex 34.8935944619645 314.541320325542 20.4011380619117
  endloop
endfacet
facet normal 6.83264739143957e-006 1.43347646177309e-006 -0.99999999997563
  outer loop
    vertex 40.2335871305019 284.583393651455 20.4004787391923
    vertex 34.8935944619645 314.541320325542 20.4011380619117
    vertex 35.3335868386388 314.483394230234 20.4011380619117
  endloop
endfacet
facet normal 6.83264739143957e-006 1.43347646177309e-006 -0.99999999997563
  outer loop
    vertex 40.2335871305019 284.583393651455 20.4004787391923
    vertex 35.3335868386388 314.483394230234 20.4011380619117
    vertex 35.7735792153131 314.541320325542 20.4011380619117
  endloop
endfacet
facet normal 6.83264739143957e-006 1.43347646177309e-006 -0.99999999997563
  outer loop
    vertex 40.2335871305019 284.583393651455 20.4004787391923
    vertex 35.7735792153131 314.541320325542 20.4011380619117
    vertex 36.1835868386388 314.7111510438 20.4011380619117
  endloop
endfacet
facet normal 6.83264739143957e-006 1.43347646177309e-006 -0.99999999997563
  outer loop
    vertex 40.2335871305019 284.583393651455 20.4004787391923
    vertex 36.1835868386388 314.7111510438 20.4011380619117
    vertex 36.5356683666559 314.981312702217 20.4011380619117
  endloop
endfacet
facet normal 6.83264739143957e-006 1.43347646177309e-006 -0.99999999997563
  outer loop
    vertex 40.2335871305019 284.583393651455 20.4004787391923
    vertex 36.5356683666559 314.981312702217 20.4011380619117
    vertex 36.8058300250723 315.333394230234 20.4011380619117
  endloop
endfacet
facet normal 6.83264739143957e-006 1.43347646177309e-006 -0.99999999997563
  outer loop
    vertex 40.2335871305019 284.583393651455 20.4004787391923
    vertex 36.8058300250723 315.333394230234 20.4011380619117
    vertex 36.9756607433302 315.743401853559 20.4011380619117
  endloop
endfacet
facet normal 6.83264739143957e-006 1.43347646177309e-006 -0.99999999997563
  outer loop
    vertex 40.2335871305019 284.583393651455 20.4004787391923
    vertex 36.9756607433302 315.743401853559 20.4011380619117
    vertex 37.0335868386388 316.183394230234 20.4011380619117
  endloop
endfacet
facet normal 6.83264739143957e-006 1.43347646177309e-006 -0.99999999997563
  outer loop
    vertex 40.2335871305019 284.583393651455 20.4004787391923
    vertex 37.0335868386388 316.183394230234 20.4011380619117
    vertex 37.0486304948397 319.655823821429 20.4011517551952
  endloop
endfacet
facet normal 6.83264739143957e-006 1.43347646177309e-006 -0.99999999997563
  outer loop
    vertex 40.2335871305019 284.583393651455 20.4004787391923
    vertex 37.0486304948397 319.655823821429 20.4011517551952
    vertex 37.898557994388 318.748365465786 20.4011540602658
  endloop
endfacet
facet normal 6.83264739143957e-006 1.43347646177309e-006 -0.99999999997563
  outer loop
    vertex 40.2335871305019 284.583393651455 20.4004787391923
    vertex 37.898557994388 318.748365465786 20.4011540602658
    vertex 38.8060163500221 317.89843796623 20.4011567702038
  endloop
endfacet
facet normal 6.83264739143957e-006 1.43347646177309e-006 -0.99999999997563
  outer loop
    vertex 40.2335871305019 284.583393651455 20.4004787391923
    vertex 38.8060163500221 317.89843796623 20.4011567702038
    vertex 39.7671196857474 317.109680842797 20.4011598734048
  endloop
endfacet
facet normal 6.83264739143957e-006 1.43347646177309e-006 -0.99999999997563
  outer loop
    vertex 40.2335871305019 284.583393651455 20.4004787391923
    vertex 39.7671196857474 317.109680842797 20.4011598734048
    vertex 40.7777524095294 316.385471674582 20.4011633565805
  endloop
endfacet
facet normal 6.83264739143957e-006 1.43347646177309e-006 -0.99999999997563
  outer loop
    vertex 40.2335871305019 284.583393651455 20.4004787391923
    vertex 40.7777524095294 316.385471674582 20.4011633565805
    vertex 62.4335881101368 284.583393651409 20.4018070368387
  endloop
endfacet
facet normal 6.83264739143957e-006 1.43347646177309e-006 -0.99999999997563
  outer loop
    vertex 62.4335881101368 284.583393651409 20.4018070368387
    vertex 40.7777524095294 316.385471674582 20.4011633565805
    vertex 41.8335868368893 315.728911636426 20.4011672048154
  endloop
endfacet
facet normal 6.83264739143957e-006 1.43347646177309e-006 -0.99999999997563
  outer loop
    vertex 62.4335881101368 284.583393651409 20.4018070368387
    vertex 41.8335868368893 315.728911636426 20.4011672048154
    vertex 42.9301017227147 315.14281221921 20.4011714016308
  endloop
endfacet
facet normal 6.83264739143957e-006 1.43347646177309e-006 -0.99999999997563
  outer loop
    vertex 62.4335881101368 284.583393651409 20.4018070368387
    vertex 42.9301017227147 315.14281221921 20.4011714016308
    vertex 44.0626016219245 314.629683190616 20.4011759290552
  endloop
endfacet
facet normal 6.83264739143957e-006 1.43347646177309e-006 -0.99999999997563
  outer loop
    vertex 62.4335881101368 284.583393651409 20.4018070368387
    vertex 44.0626016219245 314.629683190616 20.4011759290552
    vertex 45.2262369960858 314.191721847924 20.4011807677015
  endloop
endfacet
facet normal 6.83264739143957e-006 1.43347646177309e-006 -0.99999999997563
  outer loop
    vertex 62.4335881101368 284.583393651409 20.4018070368387
    vertex 45.2262369960858 314.191721847924 20.4011807677015
    vertex 46.4160249798817 313.830803608838 20.4011858968499
  endloop
endfacet
facet normal 6.83264739143957e-006 1.43347646177309e-006 -0.99999999997563
  outer loop
    vertex 62.4335881101368 284.583393651409 20.4018070368387
    vertex 46.4160249798817 313.830803608838 20.4011858968499
    vertex 47.6268707185061 313.548473980669 20.4011912945366
  endloop
endfacet
facet normal 6.83264739143957e-006 1.43347646177309e-006 -0.99999999997563
  outer loop
    vertex 62.4335881101368 284.583393651409 20.4018070368387
    vertex 47.6268707185061 313.548473980669 20.4011912945366
    vertex 48.8535891846138 313.345941942228 20.4011969376478
  endloop
endfacet
facet normal 6.83264739143957e-006 1.43347646177309e-006 -0.99999999997563
  outer loop
    vertex 62.4335881101368 284.583393651409 20.4018070368387
    vertex 48.8535891846138 313.345941942228 20.4011969376478
    vertex 50.0909273814035 313.224074766797 20.4012028020189
  endloop
endfacet
facet normal 6.83264739143957e-006 1.43347646177309e-006 -0.99999999997563
  outer loop
    vertex 62.4335881101368 284.583393651409 20.4018070368387
    vertex 50.0909273814035 313.224074766797 20.4012028020189
    vertex 52.5762462921105 313.224074766797 20.4012150932525
  endloop
endfacet
facet normal 6.83264739143957e-006 1.43347646177309e-006 -0.99999999997563
  outer loop
    vertex 52.5762462921105 313.224074766797 20.4012150932525
    vertex 50.0909273814035 313.224074766797 20.4012028020189
    vertex 52.5762462919922 333.426053763703 20.401257352974
  endloop
endfacet
facet normal 6.83264739143957e-006 1.43347646177309e-006 -0.99999999997563
  outer loop
    vertex 52.5762462919922 333.426053763703 20.401257352974
    vertex 50.0909273814035 313.224074766797 20.4012028020189
    vertex 52.5762462918886 351.142713849863 20.4012944137552
  endloop
endfacet
facet normal 6.83264739143957e-006 1.43347646177309e-006 -0.99999999997563
  outer loop
    vertex 52.5762462921105 313.224074766797 20.4012150932525
    vertex 52.5762462919922 333.426053763703 20.401257352974
    vertex 52.5762462920068 330.940734852958 20.4012521540336
  endloop
endfacet
facet normal 6.83264739143957e-006 1.43347646177309e-006 -0.99999999997563
  outer loop
    vertex 62.4335881101368 284.583393651409 20.4018070368387
    vertex 52.5762462921105 313.224074766797 20.4012150932525
    vertex 53.8135844888989 313.345941942228 20.4012214674819
  endloop
endfacet
facet normal 6.83264739143957e-006 1.43347646177309e-006 -0.99999999997563
  outer loop
    vertex 62.4335881101368 284.583393651409 20.4018070368387
    vertex 53.8135844888989 313.345941942228 20.4012214674819
    vertex 55.0403029550042 313.548473980669 20.4012279579306
  endloop
endfacet
facet normal 6.83264739143957e-006 1.43347646177309e-006 -0.99999999997563
  outer loop
    vertex 62.4335881101368 284.583393651409 20.4018070368387
    vertex 55.0403029550042 313.548473980669 20.4012279579306
    vertex 56.2511486936253 313.830803608838 20.4012345368057
  endloop
endfacet
facet normal 6.83264739143957e-006 1.43347646177309e-006 -0.99999999997563
  outer loop
    vertex 62.4335881101368 284.583393651409 20.4018070368387
    vertex 56.2511486936253 313.830803608838 20.4012345368057
    vertex 57.4409366774169 314.191721847924 20.4012411759353
  endloop
endfacet
facet normal 6.83264739143957e-006 1.43347646177309e-006 -0.99999999997563
  outer loop
    vertex 62.4335881101368 284.583393651409 20.4018070368387
    vertex 57.4409366774169 314.191721847924 20.4012411759353
    vertex 58.604572051573 314.629683190616 20.4012478468897
  endloop
endfacet
facet normal 6.83264739143957e-006 1.43347646177309e-006 -0.99999999997563
  outer loop
    vertex 62.4335881101368 284.583393651409 20.4018070368387
    vertex 58.604572051573 314.629683190616 20.4012478468897
    vertex 59.7370719507768 315.14281221921 20.4012545211027
  endloop
endfacet
facet normal 6.83264739143957e-006 1.43347646177309e-006 -0.99999999997563
  outer loop
    vertex 62.4335881101368 284.583393651409 20.4018070368387
    vertex 59.7370719507768 315.14281221921 20.4012545211027
    vertex 60.8335868365954 315.728911636426 20.4012611699945
  endloop
endfacet
facet normal 6.83264739143957e-006 1.43347646177309e-006 -0.99999999997563
  outer loop
    vertex 62.4335881101368 284.583393651409 20.4018070368387
    vertex 60.8335868365954 315.728911636426 20.4012611699945
    vertex 61.8894212639477 316.385471674582 20.4012677650934
  endloop
endfacet
facet normal 6.83264739143957e-006 1.43347646177309e-006 -0.99999999997563
  outer loop
    vertex 62.4335881101368 284.583393651409 20.4018070368387
    vertex 61.8894212639477 316.385471674582 20.4012677650934
    vertex 62.9000539877211 317.109680842797 20.4012742781582
  endloop
endfacet
facet normal 6.83264739143957e-006 1.43347646177309e-006 -0.99999999997563
  outer loop
    vertex 62.4335881101368 284.583393651409 20.4018070368387
    vertex 62.9000539877211 317.109680842797 20.4012742781582
    vertex 72.3336231357958 284.583226140595 20.4012100247598
  endloop
endfacet
facet normal 6.83264739143957e-006 1.43347646177309e-006 -0.99999999997563
  outer loop
    vertex 72.3336231357958 284.583226140595 20.4012100247598
    vertex 62.9000539877211 317.109680842797 20.4012742781582
    vertex 63.8611573234372 317.89843796623 20.401280681299
  endloop
endfacet
facet normal 6.83264739143957e-006 1.43347646177309e-006 -0.99999999997563
  outer loop
    vertex 72.3336231357958 284.583226140595 20.4012100247598
    vertex 63.8611573234372 317.89843796623 20.401280681299
    vertex 64.7686156790613 318.748365465786 20.4012869470964
  endloop
endfacet
facet normal 6.83264739143957e-006 1.43347646177309e-006 -0.99999999997563
  outer loop
    vertex 72.3336231357958 284.583226140595 20.4012100247598
    vertex 64.7686156790613 318.748365465786 20.4012869470964
    vertex 65.6915129350344 315.743401851472 20.4012873900067
  endloop
endfacet
facet normal 6.83264739143957e-006 1.43347646177309e-006 -0.99999999997563
  outer loop
    vertex 65.6915129350344 315.743401851472 20.4012873900067
    vertex 64.7686156790613 318.748365465786 20.4012869470964
    vertex 65.6335868397258 316.183394228146 20.4012873900067
  endloop
endfacet
facet normal 6.83264739143957e-006 1.43347646177309e-006 -0.99999999997563
  outer loop
    vertex 65.6335868397258 316.183394228146 20.4012873900067
    vertex 64.7686156790613 318.748365465786 20.4012869470964
    vertex 65.618543178599 319.655823821429 20.4012930487195
  endloop
endfacet
facet normal 6.83264739143957e-006 1.43347646177309e-006 -0.99999999997563
  outer loop
    vertex 72.3336231357958 284.583226140595 20.4012100247598
    vertex 65.6915129350344 315.743401851472 20.4012873900067
    vertex 65.8613436532923 315.333394228146 20.4012873900067
  endloop
endfacet
facet normal 6.83264739143957e-006 1.43347646177309e-006 -0.99999999997563
  outer loop
    vertex 72.3336231357958 284.583226140595 20.4012100247598
    vertex 65.8613436532923 315.333394228146 20.4012873900067
    vertex 66.1315053117087 314.981312700129 20.4012873900067
  endloop
endfacet
facet normal 6.83264739143957e-006 1.43347646177309e-006 -0.99999999997563
  outer loop
    vertex 72.3336231357958 284.583226140595 20.4012100247598
    vertex 66.1315053117087 314.981312700129 20.4012873900067
    vertex 66.4835868397258 314.711151041713 20.4012873900067
  endloop
endfacet
facet normal 6.83264739143957e-006 1.43347646177309e-006 -0.99999999997563
  outer loop
    vertex 72.3336231357958 284.583226140595 20.4012100247598
    vertex 66.4835868397258 314.711151041713 20.4012873900067
    vertex 66.8935944630515 314.541320323455 20.4012873900067
  endloop
endfacet
facet normal 6.83264739143957e-006 1.43347646177309e-006 -0.99999999997563
  outer loop
    vertex 72.3336231357958 284.583226140595 20.4012100247598
    vertex 66.8935944630515 314.541320323455 20.4012873900067
    vertex 67.3335868397258 314.483394228146 20.4012873900067
  endloop
endfacet
facet normal 6.83264739143957e-006 1.43347646177309e-006 -0.99999999997563
  outer loop
    vertex 72.3336231357958 284.583226140595 20.4012100247598
    vertex 67.3335868397258 314.483394228146 20.4012873900067
    vertex 67.7735792164001 314.541320323455 20.4012873900067
  endloop
endfacet
facet normal 6.83264739143957e-006 1.43347646177309e-006 -0.99999999997563
  outer loop
    vertex 72.3336231357958 284.583226140595 20.4012100247598
    vertex 67.7735792164001 314.541320323455 20.4012873900067
    vertex 68.1835868397258 314.711151041713 20.4012873900067
  endloop
endfacet
facet normal 6.83264739143957e-006 1.43347646177309e-006 -0.99999999997563
  outer loop
    vertex 72.3336231357958 284.583226140595 20.4012100247598
    vertex 68.1835868397258 314.711151041713 20.4012873900067
    vertex 68.535668367743 314.981312700129 20.4012873900067
  endloop
endfacet
facet normal 6.83264739143957e-006 1.43347646177309e-006 -0.99999999997563
  outer loop
    vertex 72.3336231357958 284.583226140595 20.4012100247598
    vertex 68.535668367743 314.981312700129 20.4012873900067
    vertex 68.8058300261594 315.333394228146 20.4012873900067
  endloop
endfacet
facet normal 6.83264739143957e-006 1.43347646177309e-006 -0.99999999997563
  outer loop
    vertex 72.3336231357958 284.583226140595 20.4012100247598
    vertex 68.8058300261594 315.333394228146 20.4012873900067
    vertex 68.9756607444173 315.743401851472 20.4012873900067
  endloop
endfacet
facet normal 6.83264739143957e-006 1.43347646177309e-006 -0.99999999997563
  outer loop
    vertex 72.3336231357958 284.583226140595 20.4012100247598
    vertex 68.9756607444173 315.743401851472 20.4012873900067
    vertex 69.0335868397258 316.183394228146 20.4012873900067
  endloop
endfacet
facet normal 6.83264739143957e-006 1.43347646177309e-006 -0.99999999997563
  outer loop
    vertex 72.3336231357958 284.583226140595 20.4012100247598
    vertex 69.0335868397258 316.183394228146 20.4012873900067
    vertex 69.3252592968105 326.07604446757 20.4013248106224
  endloop
endfacet
facet normal 6.83264739143957e-006 1.43347646177309e-006 -0.99999999997563
  outer loop
    vertex 72.3336231357958 284.583226140595 20.4012100247598
    vertex 69.3252592968105 326.07604446757 20.4013248106224
    vertex 69.6861775358833 327.265832451382 20.401329084427
  endloop
endfacet
facet normal 6.83264739143957e-006 1.43347646177309e-006 -0.99999999997563
  outer loop
    vertex 72.3336231357958 284.583226140595 20.4012100247598
    vertex 69.6861775358833 327.265832451382 20.401329084427
    vertex 69.9685071640408 328.476678190024 20.4013330136186
  endloop
endfacet
facet normal 6.83264739143957e-006 1.43347646177309e-006 -0.99999999997563
  outer loop
    vertex 72.3336231357958 284.583226140595 20.4012100247598
    vertex 69.9685071640408 328.476678190024 20.4013330136186
    vertex 70.1710392024716 329.703396656149 20.4013365813719
  endloop
endfacet
facet normal 6.83264739143957e-006 1.43347646177309e-006 -0.99999999997563
  outer loop
    vertex 72.3336231357958 284.583226140595 20.4012100247598
    vertex 70.1710392024716 329.703396656149 20.4013365813719
    vertex 70.2929063778935 330.940734852958 20.4013397724093
  endloop
endfacet
facet normal 6.83264739143957e-006 1.43347646177309e-006 -0.99999999997563
  outer loop
    vertex 72.3336231357958 284.583226140595 20.4012100247598
    vertex 70.2929063778935 330.940734852958 20.4013397724093
    vertex 72.3335876199167 353.183392964736 20.4013040349114
  endloop
endfacet
facet normal 6.83264739143957e-006 1.43347646177309e-006 -0.99999999997563
  outer loop
    vertex 70.292906377879 333.426053763703 20.4013449713497
    vertex 52.5762462920068 330.940734852958 20.4012521540336
    vertex 52.5762462919922 333.426053763703 20.401257352974
  endloop
endfacet
facet normal 6.83264739143957e-006 1.43347646177309e-006 -0.99999999997563
  outer loop
    vertex 52.5762462920068 330.940734852958 20.4012521540336
    vertex 70.292906377879 333.426053763703 20.4013449713497
    vertex 70.2929063778935 330.940734852958 20.4013397724093
  endloop
endfacet
facet normal 6.83264739143957e-006 1.43347646177309e-006 -0.99999999997563
  outer loop
    vertex 65.6185431784523 344.710964795231 20.4013454605789
    vertex 65.6915124537409 347.743402011825 20.4013767594216
    vertex 66.4073003018787 343.749861459496 20.4013473509113
  endloop
endfacet
facet normal 6.83264739143957e-006 1.43347646177309e-006 -0.99999999997563
  outer loop
    vertex 65.6915124537409 347.743402011825 20.4013767594216
    vertex 65.6185431784523 344.710964795231 20.4013454605789
    vertex 65.6335863584324 348.183394388499 20.4013767594216
  endloop
endfacet
facet normal 6.83264739143957e-006 1.43347646177309e-006 -0.99999999997563
  outer loop
    vertex 66.4073003018787 343.749861459496 20.4013473509113
    vertex 65.6915124537409 347.743402011825 20.4013767594216
    vertex 65.8613431719988 347.333394388499 20.4013767594216
  endloop
endfacet
facet normal 6.83264739143957e-006 1.43347646177309e-006 -0.99999999997563
  outer loop
    vertex 66.4073003018787 343.749861459496 20.4013473509113
    vertex 65.8613431719988 347.333394388499 20.4013767594216
    vertex 66.1315048304153 346.981312860482 20.4013767594216
  endloop
endfacet
facet normal 6.83264739143957e-006 1.43347646177309e-006 -0.99999999997563
  outer loop
    vertex 66.4073003018787 343.749861459496 20.4013473509113
    vertex 66.1315048304153 346.981312860482 20.4013767594216
    vertex 66.4835863584324 346.711151202066 20.4013767594216
  endloop
endfacet
facet normal 6.83264739143957e-006 1.43347646177309e-006 -0.99999999997563
  outer loop
    vertex 66.4073003018787 343.749861459496 20.4013473509113
    vertex 66.4835863584324 346.711151202066 20.4013767594216
    vertex 67.1315094700883 342.739228735702 20.401348818411
  endloop
endfacet
facet normal 6.83264739143957e-006 1.43347646177309e-006 -0.99999999997563
  outer loop
    vertex 67.1315094700883 342.739228735702 20.401348818411
    vertex 66.4835863584324 346.711151202066 20.4013767594216
    vertex 66.8935939817582 346.541320483808 20.4013767594216
  endloop
endfacet
facet normal 6.83264739143957e-006 1.43347646177309e-006 -0.99999999997563
  outer loop
    vertex 67.1315094700883 342.739228735702 20.401348818411
    vertex 66.8935939817582 346.541320483808 20.4013767594216
    vertex 67.3335863584325 346.483394388499 20.4013767594216
  endloop
endfacet
facet normal 6.83264739143957e-006 1.43347646177309e-006 -0.99999999997563
  outer loop
    vertex 67.1315094700883 342.739228735702 20.401348818411
    vertex 67.3335863584325 346.483394388499 20.4013767594216
    vertex 67.7880695082403 341.68339430833 20.4013498567938
  endloop
endfacet
facet normal 6.83264739143957e-006 1.43347646177309e-006 -0.99999999997563
  outer loop
    vertex 67.7880695082403 341.68339430833 20.4013498567938
    vertex 67.3335863584325 346.483394388499 20.4013767594216
    vertex 67.7735787351068 346.541320483808 20.4013767594216
  endloop
endfacet
facet normal 6.83264739143957e-006 1.43347646177309e-006 -0.99999999997563
  outer loop
    vertex 67.7880695082403 341.68339430833 20.4013498567938
    vertex 67.7735787351068 346.541320483808 20.4013767594216
    vertex 68.1835863584325 346.711151202066 20.4013767594216
  endloop
endfacet
facet normal 6.83264739143957e-006 1.43347646177309e-006 -0.99999999997563
  outer loop
    vertex 67.7880695082403 341.68339430833 20.4013498567938
    vertex 68.1835863584325 346.711151202066 20.4013767594216
    vertex 68.3741689254544 340.586879422491 20.4013504616133
  endloop
endfacet
facet normal 6.83264739143957e-006 1.43347646177309e-006 -0.99999999997563
  outer loop
    vertex 68.3741689254544 340.586879422491 20.4013504616133
    vertex 68.1835863584325 346.711151202066 20.4013767594216
    vertex 68.5356678864497 346.981312860482 20.4013767594216
  endloop
endfacet
facet normal 6.83264739143957e-006 1.43347646177309e-006 -0.99999999997563
  outer loop
    vertex 68.3741689254544 340.586879422491 20.4013504616133
    vertex 68.5356678864497 346.981312860482 20.4013767594216
    vertex 68.8872979540464 339.454379523267 20.4013506302794
  endloop
endfacet
facet normal 6.83264739143957e-006 1.43347646177309e-006 -0.99999999997563
  outer loop
    vertex 68.8872979540464 339.454379523267 20.4013506302794
    vertex 68.5356678864497 346.981312860482 20.4013767594216
    vertex 68.8058295448661 347.333394388499 20.4013767594216
  endloop
endfacet
facet normal 6.83264739143957e-006 1.43347646177309e-006 -0.99999999997563
  outer loop
    vertex 68.8872979540464 339.454379523267 20.4013506302794
    vertex 68.8058295448661 347.333394388499 20.4013767594216
    vertex 68.9756602631239 347.743402011825 20.4013767594216
  endloop
endfacet
facet normal 6.83264739143957e-006 1.43347646177309e-006 -0.99999999997563
  outer loop
    vertex 68.8872979540464 339.454379523267 20.4013506302794
    vertex 68.9756602631239 347.743402011825 20.4013767594216
    vertex 69.325259296739 338.29074414909 20.40135036207
  endloop
endfacet
facet normal 6.83264739143957e-006 1.43347646177309e-006 -0.99999999997563
  outer loop
    vertex 69.325259296739 338.29074414909 20.40135036207
    vertex 68.9756602631239 347.743402011825 20.4013767594216
    vertex 69.0335863584325 348.183394388499 20.4013767594216
  endloop
endfacet
facet normal 8.36761387381924e-011 -0.999999999998973 -1.43347646123482e-006
  outer loop
    vertex 62.4335881101368 284.583393651409 20.4018070368387
    vertex 40.2335734652071 284.583390784502 22.4004787391436
    vertex 40.2335871305019 284.583393651455 20.4004787391923
  endloop
endfacet
facet normal 8.36761387381924e-011 -0.999999999998973 -1.43347646123482e-006
  outer loop
    vertex 40.2335734652071 284.583390784502 22.4004787391436
    vertex 62.4335881101368 284.583393651409 20.4018070368387
    vertex 62.433574444842 284.583390784456 22.4018070367899
  endloop
endfacet
endsolid Remix of isaac879 Pan Tilt Camera Mount
