solid Remix of isaac879 Pan Tilt Camera Mount
facet normal -1.0 1.46105810549434e-008 1.29713656780933e-011
  outer loop
    vertex -17.4999995926489 112.800000062133 89.0000003073248
    vertex -17.4999996141933 111.400000229852 5.00000028718166
    vertex -17.4999996120141 111.400000185408 89.0000003250904
  endloop
endfacet
facet normal -1.0 1.46105810549434e-008 1.29713656780933e-011
  outer loop
    vertex -17.4999996141933 111.400000229852 5.00000028718166
    vertex -17.4999995926489 112.800000062133 89.0000003073248
    vertex -17.4999995926489 112.80000009402 5.00000030733116
  endloop
endfacet
facet normal 2.14914756906251e-009 -1.29335355093328e-009 -1.0
  outer loop
    vertex 76.249999945738 111.40000009203 4.00000023137309
    vertex 100.849999931439 106.800000068455 4.00000029074278
    vertex 71.6499999333155 106.800000068455 4.00000025695121
  endloop
endfacet
facet normal 2.14914756906251e-009 -1.29335355093328e-009 -1.0
  outer loop
    vertex 100.849999931439 106.800000068455 4.00000029074278
    vertex 76.249999945738 111.40000009203 4.00000023137309
    vertex 96.249999945738 111.400000068577 4.00000029895623
  endloop
endfacet
facet normal -0.707106781615154 0.707106780757941 -8.21763312556581e-010
  outer loop
    vertex 76.2499999161175 111.400000068455 13.9999999030677
    vertex 71.6499999333155 106.800000068455 4.00000025695121
    vertex 71.6499999161175 106.800000068455 13.9999999199634
  endloop
endfacet
facet normal -0.707106781615154 0.707106780757941 -8.21763312556581e-010
  outer loop
    vertex 71.6499999333155 106.800000068455 4.00000025695121
    vertex 76.2499999161175 111.400000068455 13.9999999030677
    vertex 76.249999945738 111.40000009203 4.00000023137309
  endloop
endfacet
facet normal 0.707106779528178 0.707106782844917 3.76152265421079e-009
  outer loop
    vertex 96.249999945738 111.400000068577 4.00000029895623
    vertex 100.849999914241 106.800000068455 13.999999953755
    vertex 100.849999931439 106.800000068455 4.00000029074278
  endloop
endfacet
facet normal 0.707106779528178 0.707106782844917 3.76152265421079e-009
  outer loop
    vertex 100.849999914241 106.800000068455 13.999999953755
    vertex 96.249999945738 111.400000068577 4.00000029895623
    vertex 96.2499999161176 111.400000045002 13.9999999706508
  endloop
endfacet
facet normal -1.17264470225685e-009 -1.0 -2.35754845961272e-009
  outer loop
    vertex 96.249999945738 111.400000068577 4.00000029895623
    vertex 76.2499999161175 111.400000068455 13.9999999030677
    vertex 76.249999945738 111.40000009203 4.00000023137309
  endloop
endfacet
facet normal -1.17264470225685e-009 -1.0 -2.35754845961272e-009
  outer loop
    vertex 76.2499999161175 111.400000068455 13.9999999030677
    vertex 96.249999945738 111.400000068577 4.00000029895623
    vertex 96.2499999161176 111.400000045002 13.9999999706508
  endloop
endfacet
facet normal -1.33724465607694e-009 -1.0 -4.69262743721715e-010
  outer loop
    vertex 159.329629025311 111.399999993798 3.70590507954458
    vertex 96.249999945738 111.400000068577 4.00000029895623
    vertex 76.249999945738 111.40000009203 4.00000023137309
  endloop
endfacet
facet normal -1.33724465607694e-009 -1.0 -4.69262743721715e-010
  outer loop
    vertex 96.249999945738 111.400000068577 4.00000029895623
    vertex 159.329629025311 111.399999993798 3.70590507954458
    vertex 159.457224200734 111.39999999364 4.34736934395692
  endloop
endfacet
facet normal -1.33724465607694e-009 -1.0 -4.69262743721715e-010
  outer loop
    vertex 96.249999945738 111.400000068577 4.00000029895623
    vertex 159.457224200734 111.39999999364 4.34736934395692
    vertex 96.2499999161176 111.400000045002 13.9999999706508
  endloop
endfacet
facet normal -1.33724465607694e-009 -1.0 -4.69262743721715e-010
  outer loop
    vertex 96.2499999161176 111.400000045002 13.9999999706508
    vertex 159.457224200734 111.39999999364 4.34736934395692
    vertex 159.499999893865 111.399999993587 5.00000030505719
  endloop
endfacet
facet normal -1.33724465607694e-009 -1.0 -4.69262743721715e-010
  outer loop
    vertex 96.2499999161176 111.400000045002 13.9999999706508
    vertex 159.499999893865 111.399999993587 5.00000030505719
    vertex 159.499999891805 111.399999949841 89.0000003071424
  endloop
endfacet
facet normal -1.33724465607694e-009 -1.0 -4.69262743721715e-010
  outer loop
    vertex 96.2499999161176 111.400000045002 13.9999999706508
    vertex 159.499999891805 111.399999949841 89.0000003071424
    vertex 86.8556194378015 111.400000063092 54.3806026442951
  endloop
endfacet
facet normal -1.33724465607694e-009 -1.0 -4.69262743721715e-010
  outer loop
    vertex 96.2499999161176 111.400000045002 13.9999999706508
    vertex 86.8556194378015 111.400000063092 54.3806026442951
    vertex 86.2362975014886 111.400000063568 54.1703711754062
  endloop
endfacet
facet normal -1.33724465607694e-009 -1.0 -4.69262743721715e-010
  outer loop
    vertex 96.2499999161176 111.400000045002 13.9999999706508
    vertex 86.2362975014886 111.400000063568 54.1703711754062
    vertex 85.5948332370763 111.400000064028 54.0427759999825
  endloop
endfacet
facet normal -1.33724465607694e-009 -1.0 -4.69262743721715e-010
  outer loop
    vertex 96.2499999161176 111.400000045002 13.9999999706508
    vertex 85.5948332370763 111.400000064028 54.0427759999825
    vertex 84.942202275976 111.400000062702 54.0000003068516
  endloop
endfacet
facet normal -1.33724465607694e-009 -1.0 -4.69262743721715e-010
  outer loop
    vertex 86.8556194378015 111.400000063092 54.3806026442951
    vertex 159.499999891805 111.399999949841 89.0000003071424
    vertex 87.442202275976 111.400000062611 54.6698732879294
  endloop
endfacet
facet normal -1.33724465607694e-009 -1.0 -4.69262743721715e-010
  outer loop
    vertex 87.442202275976 111.400000062611 54.6698732879294
    vertex 159.499999891805 111.399999949841 89.0000003071424
    vertex 87.9860094210196 111.40000006213 55.0332336053954
  endloop
endfacet
facet normal -1.33724465607694e-009 -1.0 -4.69262743721715e-010
  outer loop
    vertex 87.9860094210196 111.40000006213 55.0332336053954
    vertex 159.499999891805 111.399999949841 89.0000003071424
    vertex 88.4777361819088 111.40000006166 55.4644664009188
  endloop
endfacet
facet normal -1.33724465607694e-009 -1.0 -4.69262743721715e-010
  outer loop
    vertex 88.4777361819088 111.40000006166 55.4644664009188
    vertex 159.499999891805 111.399999949841 89.0000003071424
    vertex 88.9089689774322 111.400000061207 55.9561931618079
  endloop
endfacet
facet normal -1.33724465607694e-009 -1.0 -4.69262743721715e-010
  outer loop
    vertex 88.9089689774322 111.400000061207 55.9561931618079
    vertex 159.499999891805 111.399999949841 89.0000003071424
    vertex 89.2723292948982 111.40000006078 56.5000003068515
  endloop
endfacet
facet normal -1.33724465607694e-009 -1.0 -4.69262743721715e-010
  outer loop
    vertex 89.2723292948982 111.40000006078 56.5000003068515
    vertex 159.499999891805 111.399999949841 89.0000003071424
    vertex 89.5615999385325 111.400000060386 57.0865831450261
  endloop
endfacet
facet normal -1.33724465607694e-009 -1.0 -4.69262743721715e-010
  outer loop
    vertex 89.5615999385325 111.400000060386 57.0865831450261
    vertex 159.499999891805 111.399999949841 89.0000003071424
    vertex 89.7718314074214 111.400000060032 57.7059050813389
  endloop
endfacet
facet normal -1.33724465607694e-009 -1.0 -4.69262743721715e-010
  outer loop
    vertex 89.7718314074214 111.400000060032 57.7059050813389
    vertex 159.499999891805 111.399999949841 89.0000003071424
    vertex 89.8994265828451 111.400000059723 58.3473693457513
  endloop
endfacet
facet normal -1.33724465607694e-009 -1.0 -4.69262743721715e-010
  outer loop
    vertex 89.8994265828451 111.400000059723 58.3473693457513
    vertex 159.499999891805 111.399999949841 89.0000003071424
    vertex 89.9422022759761 111.400000059465 59.0000003068515
  endloop
endfacet
facet normal -1.33724465607694e-009 -1.0 -4.69262743721715e-010
  outer loop
    vertex 89.9422022759761 111.400000059465 59.0000003068515
    vertex 159.499999891805 111.399999949841 89.0000003071424
    vertex 89.9422022767557 111.400000045555 89.0000003063534
  endloop
endfacet
facet normal -1.33724465607694e-009 -1.0 -4.69262743721715e-010
  outer loop
    vertex 89.9422022767557 111.400000045555 89.0000003063534
    vertex 159.499999891805 111.399999949841 89.0000003071424
    vertex 89.9849779698866 111.400000045527 89.6526312674537
  endloop
endfacet
facet normal -1.33724465607694e-009 -1.0 -4.69262743721715e-010
  outer loop
    vertex 89.9849779698866 111.400000045527 89.6526312674537
    vertex 159.499999891805 111.399999949841 89.0000003071424
    vertex 159.457224198674 111.399999949572 89.6526312682426
  endloop
endfacet
facet normal -1.33724465607694e-009 -1.0 -4.69262743721715e-010
  outer loop
    vertex 89.9849779698866 111.400000045527 89.6526312674537
    vertex 159.457224198674 111.399999949572 89.6526312682426
    vertex 90.1125731453103 111.400000045444 90.294095531866
  endloop
endfacet
facet normal -1.33724465607694e-009 -1.0 -4.69262743721715e-010
  outer loop
    vertex 90.1125731453103 111.400000045444 90.294095531866
    vertex 159.457224198674 111.399999949572 89.6526312682426
    vertex 159.32962902325 111.399999949413 90.294095532655
  endloop
endfacet
facet normal -1.33724465607694e-009 -1.0 -4.69262743721715e-010
  outer loop
    vertex 90.1125731453103 111.400000045444 90.294095531866
    vertex 159.32962902325 111.399999949413 90.294095532655
    vertex 90.3228046141992 111.400000045308 90.9134174681789
  endloop
endfacet
facet normal -1.33724465607694e-009 -1.0 -4.69262743721715e-010
  outer loop
    vertex 90.3228046141992 111.400000045308 90.9134174681789
    vertex 159.32962902325 111.399999949413 90.294095532655
    vertex 159.119397554361 111.399999949368 90.9134174689678
  endloop
endfacet
facet normal -1.33724465607694e-009 -1.0 -4.69262743721715e-010
  outer loop
    vertex 90.3228046141992 111.400000045308 90.9134174681789
    vertex 159.119397554361 111.399999949368 90.9134174689678
    vertex 90.6120752578335 111.400000045121 91.5000003063534
  endloop
endfacet
facet normal -1.33724465607694e-009 -1.0 -4.69262743721715e-010
  outer loop
    vertex 90.6120752578335 111.400000045121 91.5000003063534
    vertex 159.119397554361 111.399999949368 90.9134174689678
    vertex 158.830126910727 111.399999949437 91.5000003071424
  endloop
endfacet
facet normal -1.33724465607694e-009 -1.0 -4.69262743721715e-010
  outer loop
    vertex 90.6120752578335 111.400000045121 91.5000003063534
    vertex 158.830126910727 111.399999949437 91.5000003071424
    vertex 90.9754355752995 111.400000044886 92.043807451397
  endloop
endfacet
facet normal -1.33724465607694e-009 -1.0 -4.69262743721715e-010
  outer loop
    vertex 90.9754355752995 111.400000044886 92.043807451397
    vertex 158.830126910727 111.399999949437 91.5000003071424
    vertex 158.466766593261 111.399999949619 92.043807452186
  endloop
endfacet
facet normal -1.33724465607694e-009 -1.0 -4.69262743721715e-010
  outer loop
    vertex 90.9754355752995 111.400000044886 92.043807451397
    vertex 158.466766593261 111.399999949619 92.043807452186
    vertex 91.4066683708229 111.400000044606 92.5355342122862
  endloop
endfacet
facet normal -1.33724465607694e-009 -1.0 -4.69262743721715e-010
  outer loop
    vertex 91.4066683708229 111.400000044606 92.5355342122862
    vertex 158.466766593261 111.399999949619 92.043807452186
    vertex 158.035533797738 111.39999994991 92.5355342130751
  endloop
endfacet
facet normal -1.33724465607694e-009 -1.0 -4.69262743721715e-010
  outer loop
    vertex 91.4066683708229 111.400000044606 92.5355342122862
    vertex 158.035533797738 111.39999994991 92.5355342130751
    vertex 91.8983951317121 111.400000044288 92.9667670078096
  endloop
endfacet
facet normal -1.33724465607694e-009 -1.0 -4.69262743721715e-010
  outer loop
    vertex 91.8983951317121 111.400000044288 92.9667670078096
    vertex 158.035533797738 111.39999994991 92.5355342130751
    vertex 157.543807036849 111.399999950307 92.9667670085986
  endloop
endfacet
facet normal -1.33724465607694e-009 -1.0 -4.69262743721715e-010
  outer loop
    vertex 91.8983951317121 111.400000044288 92.9667670078096
    vertex 157.543807036849 111.399999950307 92.9667670085986
    vertex 92.4422022767557 111.400000043936 93.3301273252756
  endloop
endfacet
facet normal -1.33724465607694e-009 -1.0 -4.69262743721715e-010
  outer loop
    vertex 92.4422022767557 111.400000043936 93.3301273252756
    vertex 157.543807036849 111.399999950307 92.9667670085986
    vertex 156.999999891805 111.399999950801 93.3301273260646
  endloop
endfacet
facet normal -1.33724465607694e-009 -1.0 -4.69262743721715e-010
  outer loop
    vertex 92.4422022767557 111.400000043936 93.3301273252756
    vertex 156.999999891805 111.399999950801 93.3301273260646
    vertex 93.0287851149302 111.400000043556 93.6193979689099
  endloop
endfacet
facet normal -1.33724465607694e-009 -1.0 -4.69262743721715e-010
  outer loop
    vertex 93.0287851149302 111.400000043556 93.6193979689099
    vertex 156.999999891805 111.399999950801 93.3301273260646
    vertex 156.413417053631 111.399999951385 93.6193979696988
  endloop
endfacet
facet normal -1.33724465607694e-009 -1.0 -4.69262743721715e-010
  outer loop
    vertex 93.0287851149302 111.400000043556 93.6193979689099
    vertex 156.413417053631 111.399999951385 93.6193979696988
    vertex 93.6481070512431 111.400000043155 93.8296294377988
  endloop
endfacet
facet normal -1.33724465607694e-009 -1.0 -4.69262743721715e-010
  outer loop
    vertex 93.6481070512431 111.400000043155 93.8296294377988
    vertex 156.413417053631 111.399999951385 93.6193979696988
    vertex 155.794095117318 111.399999952049 93.8296294385877
  endloop
endfacet
facet normal -1.33724465607694e-009 -1.0 -4.69262743721715e-010
  outer loop
    vertex 93.6481070512431 111.400000043155 93.8296294377988
    vertex 155.794095117318 111.399999952049 93.8296294385877
    vertex 94.2895713156554 111.40000004274 93.9572246132225
  endloop
endfacet
facet normal -1.33724465607694e-009 -1.0 -4.69262743721715e-010
  outer loop
    vertex 94.2895713156554 111.40000004274 93.9572246132225
    vertex 155.794095117318 111.399999952049 93.8296294385877
    vertex 155.152630852905 111.399999952781 93.9572246140114
  endloop
endfacet
facet normal -1.33724465607694e-009 -1.0 -4.69262743721715e-010
  outer loop
    vertex 94.2895713156554 111.40000004274 93.9572246132225
    vertex 155.152630852905 111.399999952781 93.9572246140114
    vertex 94.9422022767557 111.400000042317 94.0000003063534
  endloop
endfacet
facet normal -1.33724465607694e-009 -1.0 -4.69262743721715e-010
  outer loop
    vertex 94.9422022767557 111.400000042317 94.0000003063534
    vertex 155.152630852905 111.399999952781 93.9572246140114
    vertex 154.499999891805 111.399999956037 94.0000003071424
  endloop
endfacet
facet normal -1.33724465607694e-009 -1.0 -4.69262743721715e-010
  outer loop
    vertex 154.499999893865 111.399999999783 3.05057194533789e-007
    vertex -13.1526305752935 111.400000224465 0.0427759803126157
    vertex -12.4999996141933 111.400000223656 2.87181664832761e-007
  endloop
endfacet
facet normal -1.33724465607694e-009 -1.0 -4.69262743721715e-010
  outer loop
    vertex -13.1526305752935 111.400000224465 0.0427759803126157
    vertex 154.499999893865 111.399999999783 3.05057194533789e-007
    vertex 155.152630854965 111.399999998974 0.0427759981881397
  endloop
endfacet
facet normal -1.33724465607694e-009 -1.0 -4.69262743721715e-010
  outer loop
    vertex -13.1526305752935 111.400000224465 0.0427759803126157
    vertex 155.152630854965 111.399999998974 0.0427759981881397
    vertex -13.7940948397059 111.40000022526 0.170371155736324
  endloop
endfacet
facet normal -1.33724465607694e-009 -1.0 -4.69262743721715e-010
  outer loop
    vertex -13.7940948397059 111.40000022526 0.170371155736324
    vertex 155.152630854965 111.399999998974 0.0427759981881397
    vertex 155.794095119378 111.399999998179 0.170371173611853
  endloop
endfacet
facet normal -1.33724465607694e-009 -1.0 -4.69262743721715e-010
  outer loop
    vertex -13.7940948397059 111.40000022526 0.170371155736324
    vertex 155.794095119378 111.399999998179 0.170371173611853
    vertex -14.4134167760187 111.400000226027 0.380602624625234
  endloop
endfacet
facet normal -1.33724465607694e-009 -1.0 -4.69262743721715e-010
  outer loop
    vertex -14.4134167760187 111.400000226027 0.380602624625234
    vertex 155.794095119378 111.399999998179 0.170371173611853
    vertex 156.413417055691 111.399999997412 0.380602642500758
  endloop
endfacet
facet normal -1.33724465607694e-009 -1.0 -4.69262743721715e-010
  outer loop
    vertex -14.4134167760187 111.400000226027 0.380602624625234
    vertex 156.413417055691 111.399999997412 0.380602642500758
    vertex -14.9999996141933 111.400000226754 0.669873268259471
  endloop
endfacet
facet normal -1.33724465607694e-009 -1.0 -4.69262743721715e-010
  outer loop
    vertex -14.9999996141933 111.400000226754 0.669873268259471
    vertex 156.413417055691 111.399999997412 0.380602642500758
    vertex 156.999999893865 111.399999996685 0.669873286134995
  endloop
endfacet
facet normal -1.33724465607694e-009 -1.0 -4.69262743721715e-010
  outer loop
    vertex -14.9999996141933 111.400000226754 0.669873268259471
    vertex 156.999999893865 111.399999996685 0.669873286134995
    vertex -15.5438067592369 111.400000227428 1.03323358572549
  endloop
endfacet
facet normal -1.33724465607694e-009 -1.0 -4.69262743721715e-010
  outer loop
    vertex -15.5438067592369 111.400000227428 1.03323358572549
    vertex 156.999999893865 111.399999996685 0.669873286134995
    vertex 157.543807038909 111.399999996011 1.03323360360101
  endloop
endfacet
facet normal -1.33724465607694e-009 -1.0 -4.69262743721715e-010
  outer loop
    vertex -15.5438067592369 111.400000227428 1.03323358572549
    vertex 157.543807038909 111.399999996011 1.03323360360101
    vertex -16.035533520126 111.400000228037 1.46446638124893
  endloop
endfacet
facet normal -1.33724465607694e-009 -1.0 -4.69262743721715e-010
  outer loop
    vertex -16.035533520126 111.400000228037 1.46446638124893
    vertex 157.543807038909 111.399999996011 1.03323360360101
    vertex 158.035533799798 111.399999995402 1.46446639912445
  endloop
endfacet
facet normal -1.33724465607694e-009 -1.0 -4.69262743721715e-010
  outer loop
    vertex -16.035533520126 111.400000228037 1.46446638124893
    vertex 158.035533799798 111.399999995402 1.46446639912445
    vertex -16.4667663156495 111.400000228572 1.95619314213806
  endloop
endfacet
facet normal -1.33724465607694e-009 -1.0 -4.69262743721715e-010
  outer loop
    vertex -16.4667663156495 111.400000228572 1.95619314213806
    vertex 158.035533799798 111.399999995402 1.46446639912445
    vertex 158.466766595321 111.399999994867 1.95619316001358
  endloop
endfacet
facet normal -1.33724465607694e-009 -1.0 -4.69262743721715e-010
  outer loop
    vertex -16.4667663156495 111.400000228572 1.95619314213806
    vertex 158.466766595321 111.399999994867 1.95619316001358
    vertex -16.8301266331155 111.400000229022 2.50000028718167
  endloop
endfacet
facet normal -1.33724465607694e-009 -1.0 -4.69262743721715e-010
  outer loop
    vertex -16.8301266331155 111.400000229022 2.50000028718167
    vertex 158.466766595321 111.399999994867 1.95619316001358
    vertex 158.830126912787 111.399999994417 2.50000030505718
  endloop
endfacet
facet normal -1.33724465607694e-009 -1.0 -4.69262743721715e-010
  outer loop
    vertex -16.8301266331155 111.400000229022 2.50000028718167
    vertex 158.830126912787 111.399999994417 2.50000030505718
    vertex -17.1193972767497 111.40000022938 3.08658312535622
  endloop
endfacet
facet normal -1.33724465607694e-009 -1.0 -4.69262743721715e-010
  outer loop
    vertex -17.1193972767497 111.40000022938 3.08658312535622
    vertex 158.830126912787 111.399999994417 2.50000030505718
    vertex 159.119397556422 111.399999994059 3.08658314323174
  endloop
endfacet
facet normal -1.33724465607694e-009 -1.0 -4.69262743721715e-010
  outer loop
    vertex -17.1193972767497 111.40000022938 3.08658312535622
    vertex 159.119397556422 111.399999994059 3.08658314323174
    vertex -17.3296287456386 111.400000229641 3.70590506166906
  endloop
endfacet
facet normal -1.33724465607694e-009 -1.0 -4.69262743721715e-010
  outer loop
    vertex -17.3296287456386 111.400000229641 3.70590506166906
    vertex 159.119397556422 111.399999994059 3.08658314323174
    vertex 159.329629025311 111.399999993798 3.70590507954458
  endloop
endfacet
facet normal -1.33724465607694e-009 -1.0 -4.69262743721715e-010
  outer loop
    vertex -17.3296287456386 111.400000229641 3.70590506166906
    vertex 159.329629025311 111.399999993798 3.70590507954458
    vertex 76.249999945738 111.40000009203 4.00000023137309
  endloop
endfacet
facet normal -1.33724465607694e-009 -1.0 -4.69262743721715e-010
  outer loop
    vertex -17.3296287456386 111.400000229641 3.70590506166906
    vertex 76.249999945738 111.40000009203 4.00000023137309
    vertex -17.4572239210623 111.400000229799 4.3473693260814
  endloop
endfacet
facet normal -1.33724465607694e-009 -1.0 -4.69262743721715e-010
  outer loop
    vertex -17.4572239210623 111.400000229799 4.3473693260814
    vertex 76.249999945738 111.40000009203 4.00000023137309
    vertex 76.2499999161175 111.400000068455 13.9999999030677
  endloop
endfacet
facet normal -1.33724465607694e-009 -1.0 -4.69262743721715e-010
  outer loop
    vertex -17.4572239210623 111.400000229799 4.3473693260814
    vertex 76.2499999161175 111.400000068455 13.9999999030677
    vertex -17.4999996141933 111.400000229852 5.00000028718166
  endloop
endfacet
facet normal -1.33724465607694e-009 -1.0 -4.69262743721715e-010
  outer loop
    vertex -17.4999996141933 111.400000229852 5.00000028718166
    vertex 76.2499999161175 111.400000068455 13.9999999030677
    vertex 20.6483951309546 111.400000151873 55.0332336053954
  endloop
endfacet
facet normal -1.33724465607694e-009 -1.0 -4.69262743721715e-010
  outer loop
    vertex -17.4999996141933 111.400000229852 5.00000028718166
    vertex 20.6483951309546 111.400000151873 55.0332336053954
    vertex 20.1566683700654 111.400000152039 55.4644664009188
  endloop
endfacet
facet normal -1.33724465607694e-009 -1.0 -4.69262743721715e-010
  outer loop
    vertex -17.4999996141933 111.400000229852 5.00000028718166
    vertex 20.1566683700654 111.400000152039 55.4644664009188
    vertex -17.4999996120141 111.400000185408 89.0000003250904
  endloop
endfacet
facet normal -1.33724465607694e-009 -1.0 -4.69262743721715e-010
  outer loop
    vertex 20.6483951309546 111.400000151873 55.0332336053954
    vertex 76.2499999161175 111.400000068455 13.9999999030677
    vertex 21.1922022759982 111.400000151649 54.6698732879294
  endloop
endfacet
facet normal -1.33724465607694e-009 -1.0 -4.69262743721715e-010
  outer loop
    vertex 21.1922022759982 111.400000151649 54.6698732879294
    vertex 76.2499999161175 111.400000068455 13.9999999030677
    vertex 96.2499999161176 111.400000045002 13.9999999706508
  endloop
endfacet
facet normal -1.33724465607694e-009 -1.0 -4.69262743721715e-010
  outer loop
    vertex 21.1922022759982 111.400000151649 54.6698732879294
    vertex 96.2499999161176 111.400000045002 13.9999999706508
    vertex 21.7787851141727 111.400000151371 54.3806026442951
  endloop
endfacet
facet normal -1.33724465607694e-009 -1.0 -4.69262743721715e-010
  outer loop
    vertex 21.7787851141727 111.400000151371 54.3806026442951
    vertex 96.2499999161176 111.400000045002 13.9999999706508
    vertex 22.3981070504856 111.400000151044 54.1703711754062
  endloop
endfacet
facet normal -1.33724465607694e-009 -1.0 -4.69262743721715e-010
  outer loop
    vertex 22.3981070504856 111.400000151044 54.1703711754062
    vertex 96.2499999161176 111.400000045002 13.9999999706508
    vertex 23.0395713148979 111.400000150674 54.0427759999825
  endloop
endfacet
facet normal -1.33724465607694e-009 -1.0 -4.69262743721715e-010
  outer loop
    vertex 23.0395713148979 111.400000150674 54.0427759999825
    vertex 96.2499999161176 111.400000045002 13.9999999706508
    vertex 23.6922022759982 111.400000148503 54.0000003068516
  endloop
endfacet
facet normal -1.33724465607694e-009 -1.0 -4.69262743721715e-010
  outer loop
    vertex 23.6922022759982 111.400000148503 54.0000003068516
    vertex 96.2499999161176 111.400000045002 13.9999999706508
    vertex 84.942202275976 111.400000062702 54.0000003068516
  endloop
endfacet
facet normal -1.33724465607694e-009 -1.0 -4.69262743721715e-010
  outer loop
    vertex -17.4999996120141 111.400000185408 89.0000003250904
    vertex 20.1566683700654 111.400000152039 55.4644664009188
    vertex 19.725435574542 111.400000152145 55.956193161808
  endloop
endfacet
facet normal -1.33724465607694e-009 -1.0 -4.69262743721715e-010
  outer loop
    vertex -17.4999996120141 111.400000185408 89.0000003250904
    vertex 19.725435574542 111.400000152145 55.956193161808
    vertex 19.362075257076 111.400000152188 56.5000003068516
  endloop
endfacet
facet normal -1.33724465607694e-009 -1.0 -4.69262743721715e-010
  outer loop
    vertex -17.4999996120141 111.400000185408 89.0000003250904
    vertex 19.362075257076 111.400000152188 56.5000003068516
    vertex 19.0728046134418 111.400000152169 57.0865831450261
  endloop
endfacet
facet normal -1.33724465607694e-009 -1.0 -4.69262743721715e-010
  outer loop
    vertex -17.4999996120141 111.400000185408 89.0000003250904
    vertex 19.0728046134418 111.400000152169 57.0865831450261
    vertex 18.8625731445528 111.400000152086 57.705905081339
  endloop
endfacet
facet normal -1.33724465607694e-009 -1.0 -4.69262743721715e-010
  outer loop
    vertex -17.4999996120141 111.400000185408 89.0000003250904
    vertex 18.8625731445528 111.400000152086 57.705905081339
    vertex 18.7349779691291 111.400000151943 58.3473693457513
  endloop
endfacet
facet normal -1.33724465607694e-009 -1.0 -4.69262743721715e-010
  outer loop
    vertex -17.4999996120141 111.400000185408 89.0000003250904
    vertex 18.7349779691291 111.400000151943 58.3473693457513
    vertex 18.6922022759982 111.40000015174 59.0000003068516
  endloop
endfacet
facet normal -1.33724465607694e-009 -1.0 -4.69262743721715e-010
  outer loop
    vertex -17.4999996120141 111.400000185408 89.0000003250904
    vertex 18.6922022759982 111.40000015174 59.0000003068516
    vertex 18.692202276571 111.400000142759 89.0000003075865
  endloop
endfacet
facet normal -1.33724465607694e-009 -1.0 -4.69262743721715e-010
  outer loop
    vertex -17.4999996120141 111.400000185408 89.0000003250904
    vertex 18.692202276571 111.400000142759 89.0000003075865
    vertex 18.6494265834401 111.400000142556 89.6526312686868
  endloop
endfacet
facet normal -1.33724465607694e-009 -1.0 -4.69262743721715e-010
  outer loop
    vertex -17.4999996120141 111.400000185408 89.0000003250904
    vertex 18.6494265834401 111.400000142556 89.6526312686868
    vertex -17.4572239188832 111.400000185355 89.6526312861907
  endloop
endfacet
facet normal -1.33724465607694e-009 -1.0 -4.69262743721715e-010
  outer loop
    vertex -17.4572239188832 111.400000185355 89.6526312861907
    vertex 18.6494265834401 111.400000142556 89.6526312686868
    vertex 18.5218314080164 111.400000142412 90.2940955330991
  endloop
endfacet
facet normal -1.33724465607694e-009 -1.0 -4.69262743721715e-010
  outer loop
    vertex -17.4572239188832 111.400000185355 89.6526312861907
    vertex 18.5218314080164 111.400000142412 90.2940955330991
    vertex -17.3296287434594 111.400000185197 90.294095550603
  endloop
endfacet
facet normal -1.33724465607694e-009 -1.0 -4.69262743721715e-010
  outer loop
    vertex -17.3296287434594 111.400000185197 90.294095550603
    vertex 18.5218314080164 111.400000142412 90.2940955330991
    vertex 18.3115999391275 111.40000014233 90.913417469412
  endloop
endfacet
facet normal -1.33724465607694e-009 -1.0 -4.69262743721715e-010
  outer loop
    vertex -17.3296287434594 111.400000185197 90.294095550603
    vertex 18.3115999391275 111.40000014233 90.913417469412
    vertex -17.1193972745705 111.400000184937 90.9134174869159
  endloop
endfacet
facet normal -1.33724465607694e-009 -1.0 -4.69262743721715e-010
  outer loop
    vertex -17.1193972745705 111.400000184937 90.9134174869159
    vertex 18.3115999391275 111.40000014233 90.913417469412
    vertex 18.0223292954932 111.40000014231 91.5000003075865
  endloop
endfacet
facet normal -1.33724465607694e-009 -1.0 -4.69262743721715e-010
  outer loop
    vertex -17.1193972745705 111.400000184937 90.9134174869159
    vertex 18.0223292954932 111.40000014231 91.5000003075865
    vertex -16.8301266309363 111.400000184578 91.5000003250905
  endloop
endfacet
facet normal -1.33724465607694e-009 -1.0 -4.69262743721715e-010
  outer loop
    vertex -16.8301266309363 111.400000184578 91.5000003250905
    vertex 18.0223292954932 111.40000014231 91.5000003075865
    vertex 17.6589689780272 111.400000142354 92.0438074526301
  endloop
endfacet
facet normal -1.33724465607694e-009 -1.0 -4.69262743721715e-010
  outer loop
    vertex -16.8301266309363 111.400000184578 91.5000003250905
    vertex 17.6589689780272 111.400000142354 92.0438074526301
    vertex -16.4667663134703 111.400000184128 92.0438074701341
  endloop
endfacet
facet normal -1.33724465607694e-009 -1.0 -4.69262743721715e-010
  outer loop
    vertex -16.4667663134703 111.400000184128 92.0438074701341
    vertex 17.6589689780272 111.400000142354 92.0438074526301
    vertex 17.2277361825038 111.40000014246 92.5355342135193
  endloop
endfacet
facet normal -1.33724465607694e-009 -1.0 -4.69262743721715e-010
  outer loop
    vertex -16.4667663134703 111.400000184128 92.0438074701341
    vertex 17.2277361825038 111.40000014246 92.5355342135193
    vertex -16.0355335179468 111.400000183593 92.5355342310232
  endloop
endfacet
facet normal -1.33724465607694e-009 -1.0 -4.69262743721715e-010
  outer loop
    vertex -16.0355335179468 111.400000183593 92.5355342310232
    vertex 17.2277361825038 111.40000014246 92.5355342135193
    vertex 16.7360094216147 111.400000142626 92.9667670090427
  endloop
endfacet
facet normal -1.33724465607694e-009 -1.0 -4.69262743721715e-010
  outer loop
    vertex -16.0355335179468 111.400000183593 92.5355342310232
    vertex 16.7360094216147 111.400000142626 92.9667670090427
    vertex -15.5438067570577 111.400000182984 92.9667670265466
  endloop
endfacet
facet normal -1.33724465607694e-009 -1.0 -4.69262743721715e-010
  outer loop
    vertex -15.5438067570577 111.400000182984 92.9667670265466
    vertex 16.7360094216147 111.400000142626 92.9667670090427
    vertex 16.192202276571 111.40000014285 93.3301273265087
  endloop
endfacet
facet normal -1.33724465607694e-009 -1.0 -4.69262743721715e-010
  outer loop
    vertex -15.5438067570577 111.400000182984 92.9667670265466
    vertex 16.192202276571 111.40000014285 93.3301273265087
    vertex -14.9999996120141 111.40000018231 93.3301273440127
  endloop
endfacet
facet normal -1.33724465607694e-009 -1.0 -4.69262743721715e-010
  outer loop
    vertex -14.9999996120141 111.40000018231 93.3301273440127
    vertex 16.192202276571 111.40000014285 93.3301273265087
    vertex 15.6056194383965 111.400000143128 93.619397970143
  endloop
endfacet
facet normal -1.33724465607694e-009 -1.0 -4.69262743721715e-010
  outer loop
    vertex -14.9999996120141 111.40000018231 93.3301273440127
    vertex 15.6056194383965 111.400000143128 93.619397970143
    vertex -14.4134167738395 111.400000181583 93.6193979876469
  endloop
endfacet
facet normal -1.33724465607694e-009 -1.0 -4.69262743721715e-010
  outer loop
    vertex -14.4134167738395 111.400000181583 93.6193979876469
    vertex 15.6056194383965 111.400000143128 93.619397970143
    vertex 14.9862975020836 111.400000143454 93.8296294390319
  endloop
endfacet
facet normal -1.33724465607694e-009 -1.0 -4.69262743721715e-010
  outer loop
    vertex -14.4134167738395 111.400000181583 93.6193979876469
    vertex 14.9862975020836 111.400000143454 93.8296294390319
    vertex -13.7940948375267 111.400000180816 93.8296294565358
  endloop
endfacet
facet normal -1.33724465607694e-009 -1.0 -4.69262743721715e-010
  outer loop
    vertex -13.7940948375267 111.400000180816 93.8296294565358
    vertex 14.9862975020836 111.400000143454 93.8296294390319
    vertex 14.3448332376713 111.400000143825 93.9572246144556
  endloop
endfacet
facet normal -1.33724465607694e-009 -1.0 -4.69262743721715e-010
  outer loop
    vertex -13.7940948375267 111.400000180816 93.8296294565358
    vertex 14.3448332376713 111.400000143825 93.9572246144556
    vertex -13.1526305731144 111.400000180021 93.9572246319595
  endloop
endfacet
facet normal -1.33724465607694e-009 -1.0 -4.69262743721715e-010
  outer loop
    vertex -13.1526305731144 111.400000180021 93.9572246319595
    vertex 14.3448332376713 111.400000143825 93.9572246144556
    vertex 13.692202276571 111.400000145996 94.0000003075865
  endloop
endfacet
facet normal -1.33724465607694e-009 -1.0 -4.69262743721715e-010
  outer loop
    vertex -13.1526305731144 111.400000180021 93.9572246319595
    vertex 13.692202276571 111.400000145996 94.0000003075865
    vertex -12.4999996120141 111.400000179212 94.0000003250904
  endloop
endfacet
facet normal -1.86675892868536e-009 1.42228168938534e-017 1.0
  outer loop
    vertex 100.849999914241 106.800000068455 13.999999953755
    vertex 76.2499999161175 111.400000068455 13.9999999030677
    vertex 71.6499999161175 106.800000068455 13.9999999199634
  endloop
endfacet
facet normal -1.86675892868536e-009 1.42228168938534e-017 1.0
  outer loop
    vertex 76.2499999161175 111.400000068455 13.9999999030677
    vertex 100.849999914241 106.800000068455 13.999999953755
    vertex 96.2499999161176 111.400000045002 13.9999999706508
  endloop
endfacet
facet normal 0.0 -1.0 0.0
  outer loop
    vertex 100.849999931439 106.800000068455 4.00000029074278
    vertex 71.6499999161175 106.800000068455 13.9999999199634
    vertex 71.6499999333155 106.800000068455 4.00000025695121
  endloop
endfacet
facet normal 0.0 -1.0 0.0
  outer loop
    vertex 71.6499999161175 106.800000068455 13.9999999199634
    vertex 100.849999931439 106.800000068455 4.00000029074278
    vertex 100.849999914241 106.800000068455 13.999999953755
  endloop
endfacet
facet normal 1.0 -2.53958129195474e-010 1.22628255612073e-011
  outer loop
    vertex 159.499999893865 111.399999993587 5.00000030505719
    vertex 159.499999893191 112.799999946414 89.0000003073248
    vertex 159.499999891805 111.399999949841 89.0000003071424
  endloop
endfacet
facet normal 1.0 -2.53958129195474e-010 1.22628255612073e-011
  outer loop
    vertex 159.499999893191 112.799999946414 89.0000003073248
    vertex 159.499999893865 111.399999993587 5.00000030505719
    vertex 159.499999893191 112.799999978301 5.00000030733116
  endloop
endfacet
facet normal -6.62328417407432e-012 -4.12045448330584e-010 1.0
  outer loop
    vertex 154.499999891805 111.399999956037 94.0000003071424
    vertex 94.9422022768824 112.79999999714 94.0000003073248
    vertex 94.9422022767557 111.400000042317 94.0000003063534
  endloop
endfacet
facet normal -6.62328417407432e-012 -4.12045448330584e-010 1.0
  outer loop
    vertex 94.9422022768824 112.79999999714 94.0000003073248
    vertex 154.499999891805 111.399999956037 94.0000003071424
    vertex 154.499999893191 112.799999952609 94.0000003073248
  endloop
endfacet
facet normal 4.11278079437733e-009 2.48629564096412e-007 -0.999999999999969
  outer loop
    vertex -12.4999995926489 112.800000087824 3.07331158926734e-007
    vertex 154.499999893865 111.399999999783 3.05057194533789e-007
    vertex -12.4999996141933 111.400000223656 2.87181664832761e-007
  endloop
endfacet
facet normal 4.11278079437733e-009 2.48629564096412e-007 -0.999999999999969
  outer loop
    vertex 154.499999893865 111.399999999783 3.05057194533789e-007
    vertex -12.4999995926489 112.800000087824 3.07331158926734e-007
    vertex 154.499999893191 112.799999984496 3.0733115687848e-007
  endloop
endfacet
facet normal 0.0654031292301296 -1.94726753343476e-010 0.997858923238604
  outer loop
    vertex 155.152630852905 111.399999952781 93.9572246140114
    vertex 154.499999893191 112.799999952609 94.0000003073248
    vertex 154.499999891805 111.399999956037 94.0000003071424
  endloop
endfacet
facet normal 0.0654031292301296 -1.94726753343476e-010 0.997858923238604
  outer loop
    vertex 154.499999893191 112.799999952609 94.0000003073248
    vertex 155.152630852905 111.399999952781 93.9572246140114
    vertex 155.152630854291 112.799999949353 93.9572246141938
  endloop
endfacet
facet normal 0.195090322016152 -3.20857500325396e-010 0.980785280403226
  outer loop
    vertex 155.794095117318 111.399999952049 93.8296294385877
    vertex 155.152630854291 112.799999949353 93.9572246141938
    vertex 155.152630852905 111.399999952781 93.9572246140114
  endloop
endfacet
facet normal 0.195090322016152 -3.20857500325396e-010 0.980785280403226
  outer loop
    vertex 155.152630854291 112.799999949353 93.9572246141938
    vertex 155.794095117318 111.399999952049 93.8296294385877
    vertex 155.794095118703 112.799999948621 93.8296294387701
  endloop
endfacet
facet normal 0.321439465303128 -4.41505912617865e-010 0.946930129495117
  outer loop
    vertex 156.413417053631 111.399999951385 93.6193979696988
    vertex 155.794095118703 112.799999948621 93.8296294387701
    vertex 155.794095117318 111.399999952049 93.8296294385877
  endloop
endfacet
facet normal 0.321439465303128 -4.41505912617865e-010 0.946930129495117
  outer loop
    vertex 155.794095118703 112.799999948621 93.8296294387701
    vertex 156.413417053631 111.399999951385 93.6193979696988
    vertex 156.413417055016 112.799999947958 93.6193979698812
  endloop
endfacet
facet normal 0.442288690219021 -5.54592130499858e-010 0.896872741532679
  outer loop
    vertex 156.999999891805 111.399999950801 93.3301273260646
    vertex 156.413417055016 112.799999947958 93.6193979698812
    vertex 156.413417053631 111.399999951385 93.6193979696988
  endloop
endfacet
facet normal 0.442288690219021 -5.54592130499858e-010 0.896872741532679
  outer loop
    vertex 156.413417055016 112.799999947958 93.6193979698812
    vertex 156.999999891805 111.399999950801 93.3301273260646
    vertex 156.999999893191 112.799999947374 93.330127326247
  endloop
endfacet
facet normal 0.555570233019598 -6.58189126106103e-010 0.831469612302548
  outer loop
    vertex 157.543807036849 111.399999950307 92.9667670085986
    vertex 156.999999893191 112.799999947374 93.330127326247
    vertex 156.999999891805 111.399999950801 93.3301273260646
  endloop
endfacet
facet normal 0.555570233019598 -6.58189126106103e-010 0.831469612302548
  outer loop
    vertex 156.999999893191 112.799999947374 93.330127326247
    vertex 157.543807036849 111.399999950307 92.9667670085986
    vertex 157.543807038234 112.799999946879 92.9667670087809
  endloop
endfacet
facet normal 0.659345815100062 -7.50518259022808e-010 0.751839807478983
  outer loop
    vertex 158.035533797738 111.39999994991 92.5355342130751
    vertex 157.543807038234 112.799999946879 92.9667670087809
    vertex 157.543807036849 111.399999950307 92.9667670085986
  endloop
endfacet
facet normal 0.659345815100062 -7.50518259022808e-010 0.751839807478983
  outer loop
    vertex 157.543807038234 112.799999946879 92.9667670087809
    vertex 158.035533797738 111.39999994991 92.5355342130751
    vertex 158.035533799123 112.799999946483 92.5355342132575
  endloop
endfacet
facet normal 0.751839807478992 -8.30007223300745e-010 0.659345815100052
  outer loop
    vertex 158.466766594647 112.799999946191 92.0438074523684
    vertex 158.035533797738 111.39999994991 92.5355342130751
    vertex 158.466766593261 111.399999949619 92.043807452186
  endloop
endfacet
facet normal 0.751839807478992 -8.30007223300745e-010 0.659345815100052
  outer loop
    vertex 158.035533797738 111.39999994991 92.5355342130751
    vertex 158.466766594647 112.799999946191 92.0438074523684
    vertex 158.035533799123 112.799999946483 92.5355342132575
  endloop
endfacet
facet normal 0.831469612302543 -8.95305055853034e-010 0.555570233019606
  outer loop
    vertex 158.830126912113 112.799999946009 91.5000003073248
    vertex 158.466766593261 111.399999949619 92.043807452186
    vertex 158.830126910727 111.399999949437 91.5000003071424
  endloop
endfacet
facet normal 0.831469612302543 -8.95305055853034e-010 0.555570233019606
  outer loop
    vertex 158.466766593261 111.399999949619 92.043807452186
    vertex 158.830126912113 112.799999946009 91.5000003073248
    vertex 158.466766594647 112.799999946191 92.0438074523684
  endloop
endfacet
facet normal 0.896872741532682 -9.45278646577793e-010 0.442288690219014
  outer loop
    vertex 159.119397555747 112.799999945941 90.9134174691502
    vertex 158.830126910727 111.399999949437 91.5000003071424
    vertex 159.119397554361 111.399999949368 90.9134174689678
  endloop
endfacet
facet normal 0.896872741532682 -9.45278646577793e-010 0.442288690219014
  outer loop
    vertex 158.830126910727 111.399999949437 91.5000003071424
    vertex 159.119397555747 112.799999945941 90.9134174691502
    vertex 158.830126912113 112.799999946009 91.5000003073248
  endloop
endfacet
facet normal 0.946930129495105 -9.79078280179347e-010 0.321439465303165
  outer loop
    vertex 159.32962902325 111.399999949413 90.294095532655
    vertex 159.119397555747 112.799999945941 90.9134174691502
    vertex 159.119397554361 111.399999949368 90.9134174689678
  endloop
endfacet
facet normal 0.946930129495105 -9.79078280179347e-010 0.321439465303165
  outer loop
    vertex 159.119397555747 112.799999945941 90.9134174691502
    vertex 159.32962902325 111.399999949413 90.294095532655
    vertex 159.329629024636 112.799999945986 90.2940955328374
  endloop
endfacet
facet normal 0.98078528040323 -9.96125599978096e-010 0.195090322016132
  outer loop
    vertex 159.457224198674 111.399999949572 89.6526312682426
    vertex 159.329629024636 112.799999945986 90.2940955328374
    vertex 159.32962902325 111.399999949413 90.294095532655
  endloop
endfacet
facet normal 0.98078528040323 -9.96125599978096e-010 0.195090322016132
  outer loop
    vertex 159.329629024636 112.799999945986 90.2940955328374
    vertex 159.457224198674 111.399999949572 89.6526312682426
    vertex 159.45722420006 112.799999946144 89.652631268425
  endloop
endfacet
facet normal 0.997858923238603 -9.961289382766e-010 0.0654031292301479
  outer loop
    vertex 159.499999891805 111.399999949841 89.0000003071424
    vertex 159.45722420006 112.799999946144 89.652631268425
    vertex 159.457224198674 111.399999949572 89.6526312682426
  endloop
endfacet
facet normal 0.997858923238603 -9.961289382766e-010 0.0654031292301479
  outer loop
    vertex 159.45722420006 112.799999946144 89.652631268425
    vertex 159.499999891805 111.399999949841 89.0000003071424
    vertex 159.499999893191 112.799999946414 89.0000003073248
  endloop
endfacet
facet normal 0.997858923238603 5.87011573761153e-010 -0.0654031292301462
  outer loop
    vertex 159.457224200734 111.39999999364 4.34736934395692
    vertex 159.499999893191 112.799999978301 5.00000030733116
    vertex 159.499999893865 111.399999993587 5.00000030505719
  endloop
endfacet
facet normal 0.997858923238603 5.87011573761153e-010 -0.0654031292301462
  outer loop
    vertex 159.499999893191 112.799999978301 5.00000030733116
    vertex 159.457224200734 111.39999999364 4.34736934395692
    vertex 159.45722420006 112.799999978354 4.34736934623089
  endloop
endfacet
facet normal 0.98078528040323 -5.82927790490776e-010 -0.195090322016133
  outer loop
    vertex 159.329629025311 111.399999993798 3.70590507954458
    vertex 159.45722420006 112.799999978354 4.34736934623089
    vertex 159.457224200734 111.39999999364 4.34736934395692
  endloop
endfacet
facet normal 0.98078528040323 -5.82927790490776e-010 -0.195090322016133
  outer loop
    vertex 159.45722420006 112.799999978354 4.34736934623089
    vertex 159.329629025311 111.399999993798 3.70590507954458
    vertex 159.329629024636 112.799999978512 3.70590508181854
  endloop
endfacet
facet normal 0.946930129495105 -5.28769244122892e-010 -0.321439465303165
  outer loop
    vertex 159.119397556422 111.399999994059 3.08658314323174
    vertex 159.329629024636 112.799999978512 3.70590508181854
    vertex 159.329629025311 111.399999993798 3.70590507954458
  endloop
endfacet
facet normal 0.946930129495105 -5.28769244122892e-010 -0.321439465303165
  outer loop
    vertex 159.329629024636 112.799999978512 3.70590508181854
    vertex 159.119397556422 111.399999994059 3.08658314323174
    vertex 159.119397555747 112.799999978772 3.0865831455057
  endloop
endfacet
facet normal 0.896872741532684 -4.6556330938553e-010 -0.442288690219011
  outer loop
    vertex 158.830126912787 111.399999994417 2.50000030505718
    vertex 159.119397555747 112.799999978772 3.0865831455057
    vertex 159.119397556422 111.399999994059 3.08658314323174
  endloop
endfacet
facet normal 0.896872741532684 -4.6556330938553e-010 -0.442288690219011
  outer loop
    vertex 159.119397555747 112.799999978772 3.0865831455057
    vertex 158.830126912787 111.399999994417 2.50000030505718
    vertex 158.830126912113 112.799999979131 2.50000030733115
  endloop
endfacet
facet normal 0.831469612302545 -3.94391457346055e-010 -0.555570233019602
  outer loop
    vertex 158.466766595321 111.399999994867 1.95619316001358
    vertex 158.830126912113 112.799999979131 2.50000030733115
    vertex 158.830126912787 111.399999994417 2.50000030505718
  endloop
endfacet
facet normal 0.831469612302545 -3.94391457346055e-010 -0.555570233019602
  outer loop
    vertex 158.830126912113 112.799999979131 2.50000030733115
    vertex 158.466766595321 111.399999994867 1.95619316001358
    vertex 158.466766594647 112.799999979581 1.95619316228755
  endloop
endfacet
facet normal 0.751839807478967 -3.16471458125405e-010 -0.659345815100081
  outer loop
    vertex 158.035533799798 111.399999995402 1.46446639912445
    vertex 158.466766594647 112.799999979581 1.95619316228755
    vertex 158.466766595321 111.399999994867 1.95619316001358
  endloop
endfacet
facet normal 0.751839807478967 -3.16471458125405e-010 -0.659345815100081
  outer loop
    vertex 158.466766594647 112.799999979581 1.95619316228755
    vertex 158.035533799798 111.399999995402 1.46446639912445
    vertex 158.035533799123 112.799999980115 1.46446640139841
  endloop
endfacet
facet normal 0.659345815100079 -2.33136544513792e-010 -0.751839807478968
  outer loop
    vertex 158.035533799123 112.799999980115 1.46446640139841
    vertex 157.543807038909 111.399999996011 1.03323360360101
    vertex 157.543807038234 112.799999980725 1.03323360587497
  endloop
endfacet
facet normal 0.659345815100079 -2.33136544513792e-010 -0.751839807478968
  outer loop
    vertex 157.543807038909 111.399999996011 1.03323360360101
    vertex 158.035533799123 112.799999980115 1.46446640139841
    vertex 158.035533799798 111.399999995402 1.46446639912445
  endloop
endfacet
facet normal 0.555570233019598 -1.45812599987855e-010 -0.831469612302548
  outer loop
    vertex 157.543807038234 112.799999980725 1.03323360587497
    vertex 156.999999893865 111.399999996685 0.669873286134995
    vertex 156.999999893191 112.799999981398 0.669873288408958
  endloop
endfacet
facet normal 0.555570233019598 -1.45812599987855e-010 -0.831469612302548
  outer loop
    vertex 156.999999893865 111.399999996685 0.669873286134995
    vertex 157.543807038234 112.799999980725 1.03323360587497
    vertex 157.543807038909 111.399999996011 1.03323360360101
  endloop
endfacet
facet normal 0.442288690218993 -5.59937614492458e-011 -0.896872741532692
  outer loop
    vertex 156.999999893191 112.799999981398 0.669873288408958
    vertex 156.413417055691 111.399999997412 0.380602642500758
    vertex 156.413417055016 112.799999982125 0.38060264477472
  endloop
endfacet
facet normal 0.442288690218993 -5.59937614492458e-011 -0.896872741532692
  outer loop
    vertex 156.413417055691 111.399999997412 0.380602642500758
    vertex 156.999999893191 112.799999981398 0.669873288408958
    vertex 156.999999893865 111.399999996685 0.669873286134995
  endloop
endfacet
facet normal 0.321439465303162 3.47831458721544e-011 -0.946930129495106
  outer loop
    vertex 156.413417055016 112.799999982125 0.38060264477472
    vertex 155.794095119378 111.399999998179 0.170371173611853
    vertex 155.794095118703 112.799999982893 0.170371175885816
  endloop
endfacet
facet normal 0.321439465303162 3.47831458721544e-011 -0.946930129495106
  outer loop
    vertex 155.794095119378 111.399999998179 0.170371173611853
    vertex 156.413417055016 112.799999982125 0.38060264477472
    vertex 156.413417055691 111.399999997412 0.380602642500758
  endloop
endfacet
facet normal 0.195090322016128 1.24964903923979e-010 -0.98078528040323
  outer loop
    vertex 155.794095118703 112.799999982893 0.170371175885816
    vertex 155.152630854965 111.399999998974 0.0427759981881397
    vertex 155.152630854291 112.799999983688 0.0427760004621021
  endloop
endfacet
facet normal 0.195090322016128 1.24964903923979e-010 -0.98078528040323
  outer loop
    vertex 155.152630854965 111.399999998974 0.0427759981881397
    vertex 155.794095118703 112.799999982893 0.170371175885816
    vertex 155.794095119378 111.399999998179 0.170371173611853
  endloop
endfacet
facet normal 0.0654031292301404 2.13008477822849e-010 -0.997858923238604
  outer loop
    vertex 155.152630854291 112.799999983688 0.0427760004621021
    vertex 154.499999893865 111.399999999783 3.05057194533789e-007
    vertex 154.499999893191 112.799999984496 3.0733115687848e-007
  endloop
endfacet
facet normal 0.0654031292301404 2.13008477822849e-010 -0.997858923238604
  outer loop
    vertex 154.499999893865 111.399999999783 3.05057194533789e-007
    vertex 155.152630854291 112.799999983688 0.0427760004621021
    vertex 155.152630854965 111.399999998974 0.0427759981881397
  endloop
endfacet
facet normal -0.0654031292301468 2.97407417609061e-010 -0.997858923238603
  outer loop
    vertex -13.1526305537491 112.800000088633 0.0427760004621097
    vertex -12.4999996141933 111.400000223656 2.87181664832761e-007
    vertex -13.1526305752935 111.400000224465 0.0427759803126157
  endloop
endfacet
facet normal -0.0654031292301468 2.97407417609061e-010 -0.997858923238603
  outer loop
    vertex -12.4999996141933 111.400000223656 2.87181664832761e-007
    vertex -13.1526305537491 112.800000088633 0.0427760004621097
    vertex -12.4999995926489 112.800000087824 3.07331158926734e-007
  endloop
endfacet
facet normal -0.195090322016127 3.76717634023065e-010 -0.980785280403231
  outer loop
    vertex -13.7940948181615 112.800000089428 0.170371175885818
    vertex -13.1526305752935 111.400000224465 0.0427759803126157
    vertex -13.7940948397059 111.40000022526 0.170371155736324
  endloop
endfacet
facet normal -0.195090322016127 3.76717634023065e-010 -0.980785280403231
  outer loop
    vertex -13.1526305752935 111.400000224465 0.0427759803126157
    vertex -13.7940948181615 112.800000089428 0.170371175885818
    vertex -13.1526305537491 112.800000088633 0.0427760004621097
  endloop
endfacet
facet normal -0.321439465303159 4.49582107273076e-010 -0.946930129495106
  outer loop
    vertex -14.4134167544743 112.800000090195 0.380602644774728
    vertex -13.7940948397059 111.40000022526 0.170371155736324
    vertex -14.4134167760187 111.400000226027 0.380602624625234
  endloop
endfacet
facet normal -0.321439465303159 4.49582107273076e-010 -0.946930129495106
  outer loop
    vertex -13.7940948397059 111.40000022526 0.170371155736324
    vertex -14.4134167544743 112.800000090195 0.380602644774728
    vertex -13.7940948181615 112.800000089428 0.170371175885818
  endloop
endfacet
facet normal -0.442288690219007 5.14754106019941e-010 -0.896872741532686
  outer loop
    vertex -14.9999995926489 112.800000090922 0.669873288408965
    vertex -14.4134167760187 111.400000226027 0.380602624625234
    vertex -14.9999996141933 111.400000226754 0.669873268259471
  endloop
endfacet
facet normal -0.442288690219007 5.14754106019941e-010 -0.896872741532686
  outer loop
    vertex -14.4134167760187 111.400000226027 0.380602624625234
    vertex -14.9999995926489 112.800000090922 0.669873288408965
    vertex -14.4134167544743 112.800000090195 0.380602644774728
  endloop
endfacet
facet normal -0.555570233019604 5.71118519295998e-010 -0.831469612302544
  outer loop
    vertex -15.5438067376925 112.800000091596 1.03323360587499
    vertex -14.9999996141933 111.400000226754 0.669873268259471
    vertex -15.5438067592369 111.400000227428 1.03323358572549
  endloop
endfacet
facet normal -0.555570233019604 5.71118519295998e-010 -0.831469612302544
  outer loop
    vertex -14.9999996141933 111.400000226754 0.669873268259471
    vertex -15.5438067376925 112.800000091596 1.03323360587499
    vertex -14.9999995926489 112.800000090922 0.669873288408965
  endloop
endfacet
facet normal -0.659345815100057 6.17710936362928e-010 -0.751839807478987
  outer loop
    vertex -16.0355334985816 112.800000092205 1.46446640139842
    vertex -15.5438067592369 111.400000227428 1.03323358572549
    vertex -16.035533520126 111.400000228037 1.46446638124893
  endloop
endfacet
facet normal -0.659345815100057 6.17710936362928e-010 -0.751839807478987
  outer loop
    vertex -15.5438067592369 111.400000227428 1.03323358572549
    vertex -16.0355334985816 112.800000092205 1.46446640139842
    vertex -15.5438067376925 112.800000091596 1.03323360587499
  endloop
endfacet
facet normal -0.751839807478988 6.53734148046876e-010 -0.659345815100057
  outer loop
    vertex -16.4667663156495 111.400000228572 1.95619314213806
    vertex -16.0355334985816 112.800000092205 1.46446640139842
    vertex -16.035533520126 111.400000228037 1.46446638124893
  endloop
endfacet
facet normal -0.751839807478988 6.53734148046876e-010 -0.659345815100057
  outer loop
    vertex -16.0355334985816 112.800000092205 1.46446640139842
    vertex -16.4667663156495 111.400000228572 1.95619314213806
    vertex -16.466766294105 112.800000092739 1.95619316228756
  endloop
endfacet
facet normal -0.831469612302545 6.78571787208382e-010 -0.555570233019602
  outer loop
    vertex -16.8301266331155 111.400000229022 2.50000028718167
    vertex -16.466766294105 112.800000092739 1.95619316228756
    vertex -16.4667663156495 111.400000228572 1.95619314213806
  endloop
endfacet
facet normal -0.831469612302545 6.78571787208382e-010 -0.555570233019602
  outer loop
    vertex -16.466766294105 112.800000092739 1.95619316228756
    vertex -16.8301266331155 111.400000229022 2.50000028718167
    vertex -16.8301266115711 112.80000009319 2.50000030733116
  endloop
endfacet
facet normal -0.896872741532684 6.91798874955113e-010 -0.442288690219011
  outer loop
    vertex -17.1193972767497 111.40000022938 3.08658312535622
    vertex -16.8301266115711 112.80000009319 2.50000030733116
    vertex -16.8301266331155 111.400000229022 2.50000028718167
  endloop
endfacet
facet normal -0.896872741532684 6.91798874955113e-010 -0.442288690219011
  outer loop
    vertex -16.8301266115711 112.80000009319 2.50000030733116
    vertex -17.1193972767497 111.40000022938 3.08658312535622
    vertex -17.1193972552053 112.800000093548 3.08658314550571
  endloop
endfacet
facet normal -0.946930129495104 6.9318909214848e-010 -0.321439465303167
  outer loop
    vertex -17.3296287456386 111.400000229641 3.70590506166906
    vertex -17.1193972552053 112.800000093548 3.08658314550571
    vertex -17.1193972767497 111.40000022938 3.08658312535622
  endloop
endfacet
facet normal -0.946930129495104 6.9318909214848e-010 -0.321439465303167
  outer loop
    vertex -17.1193972552053 112.800000093548 3.08658314550571
    vertex -17.3296287456386 111.400000229641 3.70590506166906
    vertex -17.3296287240942 112.800000093809 3.70590508181855
  endloop
endfacet
facet normal -0.98078528040323 6.8271865178686e-010 -0.195090322016132
  outer loop
    vertex -17.4572239210623 111.400000229799 4.3473693260814
    vertex -17.3296287240942 112.800000093809 3.70590508181855
    vertex -17.3296287456386 111.400000229641 3.70590506166906
  endloop
endfacet
facet normal -0.98078528040323 6.8271865178686e-010 -0.195090322016132
  outer loop
    vertex -17.3296287240942 112.800000093809 3.70590508181855
    vertex -17.4572239210623 111.400000229799 4.3473693260814
    vertex -17.4572238995179 112.800000093967 4.3473693462309
  endloop
endfacet
facet normal -0.997858923238603 6.60566706007797e-010 -0.0654031292301473
  outer loop
    vertex -17.4999996141933 111.400000229852 5.00000028718166
    vertex -17.4572238995179 112.800000093967 4.3473693462309
    vertex -17.4572239210623 111.400000229799 4.3473693260814
  endloop
endfacet
facet normal -0.997858923238603 6.60566706007797e-010 -0.0654031292301473
  outer loop
    vertex -17.4572238995179 112.800000093967 4.3473693462309
    vertex -17.4999996141933 111.400000229852 5.00000028718166
    vertex -17.4999995926489 112.80000009402 5.00000030733116
  endloop
endfacet
facet normal -0.997858923238603 1.46326345414709e-008 0.0654031292301479
  outer loop
    vertex -17.4572238995179 112.80000006208 89.652631268425
    vertex -17.4999996120141 111.400000185408 89.0000003250904
    vertex -17.4572239188832 111.400000185355 89.6526312861907
  endloop
endfacet
facet normal -0.997858923238603 1.46326345414709e-008 0.0654031292301479
  outer loop
    vertex -17.4999996120141 111.400000185408 89.0000003250904
    vertex -17.4572238995179 112.80000006208 89.652631268425
    vertex -17.4999995926489 112.800000062133 89.0000003073248
  endloop
endfacet
facet normal -0.98078528040323 1.60421684574741e-008 0.195090322016132
  outer loop
    vertex -17.3296287240942 112.800000061922 90.2940955328374
    vertex -17.4572239188832 111.400000185355 89.6526312861907
    vertex -17.3296287434594 111.400000185197 90.294095550603
  endloop
endfacet
facet normal -0.98078528040323 1.60421684574741e-008 0.195090322016132
  outer loop
    vertex -17.4572239188832 111.400000185355 89.6526312861907
    vertex -17.3296287240942 112.800000061922 90.2940955328374
    vertex -17.4572238995179 112.80000006208 89.652631268425
  endloop
endfacet
facet normal -0.946930129495105 1.71772164314111e-008 0.321439465303164
  outer loop
    vertex -17.1193972552053 112.800000061661 90.9134174691502
    vertex -17.3296287434594 111.400000185197 90.294095550603
    vertex -17.1193972745705 111.400000184937 90.9134174869159
  endloop
endfacet
facet normal -0.946930129495105 1.71772164314111e-008 0.321439465303164
  outer loop
    vertex -17.3296287434594 111.400000185197 90.294095550603
    vertex -17.1193972552053 112.800000061661 90.9134174691502
    vertex -17.3296287240942 112.800000061922 90.2940955328374
  endloop
endfacet
facet normal -0.896872741532685 1.80183610254281e-008 0.442288690219007
  outer loop
    vertex -16.8301266115711 112.800000061303 91.5000003073248
    vertex -17.1193972745705 111.400000184937 90.9134174869159
    vertex -16.8301266309363 111.400000184578 91.5000003250905
  endloop
endfacet
facet normal -0.896872741532685 1.80183610254281e-008 0.442288690219007
  outer loop
    vertex -17.1193972745705 111.400000184937 90.9134174869159
    vertex -16.8301266115711 112.800000061303 91.5000003073248
    vertex -17.1193972552053 112.800000061661 90.9134174691502
  endloop
endfacet
facet normal -0.831469612302542 1.8551199394117e-008 0.555570233019606
  outer loop
    vertex -16.466766294105 112.800000060852 92.0438074523684
    vertex -16.8301266309363 111.400000184578 91.5000003250905
    vertex -16.4667663134703 111.400000184128 92.0438074701341
  endloop
endfacet
facet normal -0.831469612302542 1.8551199394117e-008 0.555570233019606
  outer loop
    vertex -16.8301266309363 111.400000184578 91.5000003250905
    vertex -16.466766294105 112.800000060852 92.0438074523684
    vertex -16.8301266115711 112.800000061303 91.5000003073248
  endloop
endfacet
facet normal -0.751839807478984 1.87666251772263e-008 0.659345815100061
  outer loop
    vertex -16.0355334985816 112.800000060318 92.5355342132575
    vertex -16.4667663134703 111.400000184128 92.0438074701341
    vertex -16.0355335179468 111.400000183593 92.5355342310232
  endloop
endfacet
facet normal -0.751839807478984 1.87666251772263e-008 0.659345815100061
  outer loop
    vertex -16.4667663134703 111.400000184128 92.0438074701341
    vertex -16.0355334985816 112.800000060318 92.5355342132575
    vertex -16.466766294105 112.800000060852 92.0438074523684
  endloop
endfacet
facet normal -0.659345815100072 1.86609548387435e-008 0.751839807478975
  outer loop
    vertex -15.5438067570577 111.400000182984 92.9667670265466
    vertex -16.0355334985816 112.800000060318 92.5355342132575
    vertex -16.0355335179468 111.400000183593 92.5355342310232
  endloop
endfacet
facet normal -0.659345815100072 1.86609548387435e-008 0.751839807478975
  outer loop
    vertex -16.0355334985816 112.800000060318 92.5355342132575
    vertex -15.5438067570577 111.400000182984 92.9667670265466
    vertex -15.5438067376925 112.800000059709 92.9667670087809
  endloop
endfacet
facet normal -0.555570233019598 1.8235985092328e-008 0.831469612302548
  outer loop
    vertex -14.9999996120141 111.40000018231 93.3301273440127
    vertex -15.5438067376925 112.800000059709 92.9667670087809
    vertex -15.5438067570577 111.400000182984 92.9667670265466
  endloop
endfacet
facet normal -0.555570233019598 1.8235985092328e-008 0.831469612302548
  outer loop
    vertex -15.5438067376925 112.800000059709 92.9667670087809
    vertex -14.9999996120141 111.40000018231 93.3301273440127
    vertex -14.9999995926489 112.800000059035 93.330127326247
  endloop
endfacet
facet normal -0.442288690219021 1.74989925925009e-008 0.896872741532679
  outer loop
    vertex -14.4134167738395 111.400000181583 93.6193979876469
    vertex -14.9999995926489 112.800000059035 93.330127326247
    vertex -14.9999996120141 111.40000018231 93.3301273440127
  endloop
endfacet
facet normal -0.442288690219021 1.74989925925009e-008 0.896872741532679
  outer loop
    vertex -14.9999995926489 112.800000059035 93.330127326247
    vertex -14.4134167738395 111.400000181583 93.6193979876469
    vertex -14.4134167544743 112.800000058308 93.6193979698812
  endloop
endfacet
facet normal -0.321439465303113 1.64625798229456e-008 0.946930129495122
  outer loop
    vertex -13.7940948375267 111.400000180816 93.8296294565358
    vertex -14.4134167544743 112.800000058308 93.6193979698812
    vertex -14.4134167738395 111.400000181583 93.6193979876469
  endloop
endfacet
facet normal -0.321439465303113 1.64625798229456e-008 0.946930129495122
  outer loop
    vertex -14.4134167544743 112.800000058308 93.6193979698812
    vertex -13.7940948375267 111.400000180816 93.8296294565358
    vertex -13.7940948181615 112.800000057541 93.8296294387701
  endloop
endfacet
facet normal -0.195090322016152 1.51444949934302e-008 0.980785280403226
  outer loop
    vertex -13.1526305731144 111.400000180021 93.9572246319595
    vertex -13.7940948181615 112.800000057541 93.8296294387701
    vertex -13.7940948375267 111.400000180816 93.8296294565358
  endloop
endfacet
facet normal -0.195090322016152 1.51444949934302e-008 0.980785280403226
  outer loop
    vertex -13.7940948181615 112.800000057541 93.8296294387701
    vertex -13.1526305731144 111.400000180021 93.9572246319595
    vertex -13.1526305537491 112.800000056746 93.9572246141938
  endloop
endfacet
facet normal -0.0654031292301296 1.3567283649997e-008 0.997858923238604
  outer loop
    vertex -12.4999996120141 111.400000179212 94.0000003250904
    vertex -13.1526305537491 112.800000056746 93.9572246141938
    vertex -13.1526305731144 111.400000180021 93.9572246319595
  endloop
endfacet
facet normal -0.0654031292301296 1.3567283649997e-008 0.997858923238604
  outer loop
    vertex -13.1526305537491 112.800000056746 93.9572246141938
    vertex -12.4999996120141 111.400000179212 94.0000003250904
    vertex -12.4999995926489 112.800000055937 94.0000003073248
  endloop
endfacet
facet normal 1.57165800857041e-010 8.52218991693063e-009 1.0
  outer loop
    vertex 13.692202276571 111.400000145996 94.0000003075865
    vertex -12.4999995926489 112.800000055937 94.0000003073248
    vertex -12.4999996120141 111.400000179212 94.0000003250904
  endloop
endfacet
facet normal 1.57165800857041e-010 8.52218991693063e-009 1.0
  outer loop
    vertex -12.4999995926489 112.800000055937 94.0000003073248
    vertex 13.692202276571 111.400000145996 94.0000003075865
    vertex 13.6922022769046 112.800000047834 94.0000003073248
  endloop
endfacet
facet normal -1.0 6.70904245297547e-010 -7.82581883972649e-013
  outer loop
    vertex 89.9422022768824 112.800000000378 89.0000003073248
    vertex 89.9422022759761 111.400000059465 59.0000003068515
    vertex 89.9422022767557 111.400000045555 89.0000003063534
  endloop
endfacet
facet normal -1.0 6.70904245297547e-010 -7.82581883972649e-013
  outer loop
    vertex 89.9422022759761 111.400000059465 59.0000003068515
    vertex 89.9422022768824 112.800000000378 89.0000003073248
    vertex 89.9422022768824 112.800000017715 59.0000003073248
  endloop
endfacet
facet normal -0.997858923238601 6.238741845119e-010 0.0654031292301811
  outer loop
    vertex 89.9422022768824 112.800000017715 59.0000003073248
    vertex 89.8994265828451 111.400000059723 58.3473693457513
    vertex 89.9422022759761 111.400000059465 59.0000003068515
  endloop
endfacet
facet normal -0.997858923238601 6.238741845119e-010 0.0654031292301811
  outer loop
    vertex 89.8994265828451 111.400000059723 58.3473693457513
    vertex 89.9422022768824 112.800000017715 59.0000003073248
    vertex 89.8994265837514 112.800000017972 58.3473693462245
  endloop
endfacet
facet normal -0.980785280403236 5.69023434794405e-010 0.195090322016102
  outer loop
    vertex 89.8994265837514 112.800000017972 58.3473693462245
    vertex 89.7718314074214 111.400000060032 57.7059050813389
    vertex 89.8994265828451 111.400000059723 58.3473693457513
  endloop
endfacet
facet normal -0.980785280403236 5.69023434794405e-010 0.195090322016102
  outer loop
    vertex 89.7718314074214 111.400000060032 57.7059050813389
    vertex 89.8994265837514 112.800000017972 58.3473693462245
    vertex 89.7718314083277 112.800000018281 57.7059050818122
  endloop
endfacet
facet normal -0.946930129495105 5.04397251750912e-010 0.321439465303165
  outer loop
    vertex 89.7718314083277 112.800000018281 57.7059050818122
    vertex 89.5615999385325 111.400000060386 57.0865831450261
    vertex 89.7718314074214 111.400000060032 57.7059050813389
  endloop
endfacet
facet normal -0.946930129495105 5.04397251750912e-010 0.321439465303165
  outer loop
    vertex 89.5615999385325 111.400000060386 57.0865831450261
    vertex 89.7718314083277 112.800000018281 57.7059050818122
    vertex 89.5615999394388 112.800000018636 57.0865831454993
  endloop
endfacet
facet normal -0.896872741532682 4.31140691884631e-010 0.442288690219014
  outer loop
    vertex 89.5615999394388 112.800000018636 57.0865831454993
    vertex 89.2723292948982 111.40000006078 56.5000003068515
    vertex 89.5615999385325 111.400000060386 57.0865831450261
  endloop
endfacet
facet normal -0.896872741532682 4.31140691884631e-010 0.442288690219014
  outer loop
    vertex 89.2723292948982 111.40000006078 56.5000003068515
    vertex 89.5615999394388 112.800000018636 57.0865831454993
    vertex 89.2723292958045 112.80000001903 56.5000003073248
  endloop
endfacet
facet normal -0.831469612302548 3.50507195245438e-010 0.555570233019598
  outer loop
    vertex 89.2723292958045 112.80000001903 56.5000003073248
    vertex 88.9089689774322 111.400000061207 55.9561931618079
    vertex 89.2723292948982 111.40000006078 56.5000003068515
  endloop
endfacet
facet normal -0.831469612302548 3.50507195245438e-010 0.555570233019598
  outer loop
    vertex 88.9089689774322 111.400000061207 55.9561931618079
    vertex 89.2723292958045 112.80000001903 56.5000003073248
    vertex 88.9089689783385 112.800000019457 55.9561931622812
  endloop
endfacet
facet normal -0.751839807478967 2.63876423316618e-010 0.659345815100081
  outer loop
    vertex 88.9089689783385 112.800000019457 55.9561931622812
    vertex 88.4777361819088 111.40000006166 55.4644664009188
    vertex 88.9089689774322 111.400000061207 55.9561931618079
  endloop
endfacet
facet normal -0.751839807478967 2.63876423316618e-010 0.659345815100081
  outer loop
    vertex 88.4777361819088 111.40000006166 55.4644664009188
    vertex 88.9089689783385 112.800000019457 55.9561931622812
    vertex 88.4777361828151 112.80000001991 55.464466401392
  endloop
endfacet
facet normal -0.659345815100062 1.72730652624501e-010 0.751839807478983
  outer loop
    vertex 88.4777361819088 111.40000006166 55.4644664009188
    vertex 87.9860094219259 112.80000002038 55.0332336058686
    vertex 87.9860094210196 111.40000006213 55.0332336053954
  endloop
endfacet
facet normal -0.659345815100062 1.72730652624501e-010 0.751839807478983
  outer loop
    vertex 87.9860094219259 112.80000002038 55.0332336058686
    vertex 88.4777361819088 111.40000006166 55.4644664009188
    vertex 88.4777361828151 112.80000001991 55.464466401392
  endloop
endfacet
facet normal -0.555570233019614 7.86294125760076e-011 0.831469612302537
  outer loop
    vertex 87.9860094210196 111.40000006213 55.0332336053954
    vertex 87.4422022768824 112.80000002086 54.6698732884026
    vertex 87.442202275976 111.400000062611 54.6698732879294
  endloop
endfacet
facet normal -0.555570233019614 7.86294125760076e-011 0.831469612302537
  outer loop
    vertex 87.4422022768824 112.80000002086 54.6698732884026
    vertex 87.9860094210196 111.40000006213 55.0332336053954
    vertex 87.9860094219259 112.80000002038 55.0332336058686
  endloop
endfacet
facet normal -0.442288690218993 -1.68171985218868e-011 0.896872741532692
  outer loop
    vertex 87.442202275976 111.400000062611 54.6698732879294
    vertex 86.8556194387078 112.800000021342 54.3806026447683
    vertex 86.8556194378015 111.400000063092 54.3806026442951
  endloop
endfacet
facet normal -0.442288690218993 -1.68171985218868e-011 0.896872741532692
  outer loop
    vertex 86.8556194387078 112.800000021342 54.3806026447683
    vertex 87.442202275976 111.400000062611 54.6698732879294
    vertex 87.4422022768824 112.80000002086 54.6698732884026
  endloop
endfacet
facet normal -0.32143946530317 -1.11976062690434e-010 0.946930129495103
  outer loop
    vertex 86.8556194378015 111.400000063092 54.3806026442951
    vertex 86.236297502395 112.800000021817 54.1703711758794
    vertex 86.2362975014886 111.400000063568 54.1703711754062
  endloop
endfacet
facet normal -0.32143946530317 -1.11976062690434e-010 0.946930129495103
  outer loop
    vertex 86.236297502395 112.800000021817 54.1703711758794
    vertex 86.8556194378015 111.400000063092 54.3806026442951
    vertex 86.8556194387078 112.800000021342 54.3806026447683
  endloop
endfacet
facet normal -0.195090322016112 -2.05218985380748e-010 0.980785280403234
  outer loop
    vertex 86.2362975014886 111.400000063568 54.1703711754062
    vertex 85.5948332379826 112.800000022278 54.0427760004557
    vertex 85.5948332370763 111.400000064028 54.0427759999825
  endloop
endfacet
facet normal -0.195090322016112 -2.05218985380748e-010 0.980785280403234
  outer loop
    vertex 85.5948332379826 112.800000022278 54.0427760004557
    vertex 86.2362975014886 111.400000063568 54.1703711754062
    vertex 86.236297502395 112.800000021817 54.1703711758794
  endloop
endfacet
facet normal -0.0654031292301479 -2.9495371619618e-010 0.997858923238603
  outer loop
    vertex 85.5948332370763 111.400000064028 54.0427759999825
    vertex 84.9422022768824 112.800000020952 54.0000003073248
    vertex 84.942202275976 111.400000062702 54.0000003068516
  endloop
endfacet
facet normal -0.0654031292301479 -2.9495371619618e-010 0.997858923238603
  outer loop
    vertex 84.9422022768824 112.800000020952 54.0000003073248
    vertex 85.5948332370763 111.400000064028 54.0427759999825
    vertex 85.5948332379826 112.800000022278 54.0427760004557
  endloop
endfacet
facet normal 9.1727306692019e-017 -3.38013283510759e-010 1.0
  outer loop
    vertex 84.942202275976 111.400000062702 54.0000003068516
    vertex 23.6922022769046 112.800000063166 54.0000003073248
    vertex 23.6922022759982 111.400000148503 54.0000003068516
  endloop
endfacet
facet normal 9.1727306692019e-017 -3.38013283510759e-010 1.0
  outer loop
    vertex 23.6922022769046 112.800000063166 54.0000003073248
    vertex 84.942202275976 111.400000062702 54.0000003068516
    vertex 84.9422022768824 112.800000020952 54.0000003073248
  endloop
endfacet
facet normal 0.0654031292301468 -3.79628325831162e-010 0.997858923238603
  outer loop
    vertex 23.6922022759982 111.400000148503 54.0000003068516
    vertex 23.0395713158043 112.800000065337 54.0427760004557
    vertex 23.0395713148979 111.400000150674 54.0427759999825
  endloop
endfacet
facet normal 0.0654031292301468 -3.79628325831162e-010 0.997858923238603
  outer loop
    vertex 23.0395713158043 112.800000065337 54.0427760004557
    vertex 23.6922022759982 111.400000148503 54.0000003068516
    vertex 23.6922022769046 112.800000063166 54.0000003073248
  endloop
endfacet
facet normal 0.195090322016135 -4.57824192002062e-010 0.980785280403229
  outer loop
    vertex 23.0395713148979 111.400000150674 54.0427759999825
    vertex 22.398107051392 112.800000065707 54.1703711758794
    vertex 22.3981070504856 111.400000151044 54.1703711754062
  endloop
endfacet
facet normal 0.195090322016135 -4.57824192002062e-010 0.980785280403229
  outer loop
    vertex 22.398107051392 112.800000065707 54.1703711758794
    vertex 23.0395713148979 111.400000150674 54.0427759999825
    vertex 23.0395713158043 112.800000065337 54.0427760004557
  endloop
endfacet
facet normal 0.321439465303144 -5.28179989698275e-010 0.946930129495112
  outer loop
    vertex 22.3981070504856 111.400000151044 54.1703711754062
    vertex 21.7787851150791 112.800000066034 54.3806026447683
    vertex 21.7787851141727 111.400000151371 54.3806026442951
  endloop
endfacet
facet normal 0.321439465303144 -5.28179989698275e-010 0.946930129495112
  outer loop
    vertex 21.7787851150791 112.800000066034 54.3806026447683
    vertex 22.3981070504856 111.400000151044 54.1703711754062
    vertex 22.398107051392 112.800000065707 54.1703711758794
  endloop
endfacet
facet normal 0.442288690219021 -5.89498481331624e-010 0.896872741532679
  outer loop
    vertex 21.7787851141727 111.400000151371 54.3806026442951
    vertex 21.1922022769046 112.800000066312 54.6698732884026
    vertex 21.1922022759982 111.400000151649 54.6698732879294
  endloop
endfacet
facet normal 0.442288690219021 -5.89498481331624e-010 0.896872741532679
  outer loop
    vertex 21.1922022769046 112.800000066312 54.6698732884026
    vertex 21.7787851141727 111.400000151371 54.3806026442951
    vertex 21.7787851150791 112.800000066034 54.3806026447683
  endloop
endfacet
facet normal 0.555570233019598 -6.40730490509502e-010 0.831469612302548
  outer loop
    vertex 21.1922022759982 111.400000151649 54.6698732879294
    vertex 20.648395131861 112.800000066536 55.0332336058686
    vertex 20.6483951309546 111.400000151873 55.0332336053954
  endloop
endfacet
facet normal 0.555570233019598 -6.40730490509502e-010 0.831469612302548
  outer loop
    vertex 20.648395131861 112.800000066536 55.0332336058686
    vertex 21.1922022759982 111.400000151649 54.6698732879294
    vertex 21.1922022769046 112.800000066312 54.6698732884026
  endloop
endfacet
facet normal 0.659345815100062 -6.8099942335072e-010 0.751839807478983
  outer loop
    vertex 20.6483951309546 111.400000151873 55.0332336053954
    vertex 20.1566683709718 112.800000066702 55.464466401392
    vertex 20.1566683700654 111.400000152039 55.4644664009188
  endloop
endfacet
facet normal 0.659345815100062 -6.8099942335072e-010 0.751839807478983
  outer loop
    vertex 20.1566683709718 112.800000066702 55.464466401392
    vertex 20.6483951309546 111.400000151873 55.0332336053954
    vertex 20.648395131861 112.800000066536 55.0332336058686
  endloop
endfacet
facet normal 0.751839807478984 -7.09616267249702e-010 0.659345815100061
  outer loop
    vertex 20.1566683709718 112.800000066702 55.464466401392
    vertex 19.725435574542 111.400000152145 55.956193161808
    vertex 20.1566683700654 111.400000152039 55.4644664009188
  endloop
endfacet
facet normal 0.751839807478984 -7.09616267249702e-010 0.659345815100061
  outer loop
    vertex 19.725435574542 111.400000152145 55.956193161808
    vertex 20.1566683709718 112.800000066702 55.464466401392
    vertex 19.7254355754484 112.800000066808 55.9561931622812
  endloop
endfacet
facet normal 0.831469612302543 -7.26091380073236e-010 0.555570233019606
  outer loop
    vertex 19.7254355754484 112.800000066808 55.9561931622812
    vertex 19.362075257076 111.400000152188 56.5000003068516
    vertex 19.725435574542 111.400000152145 55.956193161808
  endloop
endfacet
facet normal 0.831469612302543 -7.26091380073236e-010 0.555570233019606
  outer loop
    vertex 19.362075257076 111.400000152188 56.5000003068516
    vertex 19.7254355754484 112.800000066808 55.9561931622812
    vertex 19.3620752579824 112.800000066851 56.5000003073248
  endloop
endfacet
facet normal 0.896872741532686 -7.30142868073158e-010 0.442288690219007
  outer loop
    vertex 19.362075257076 111.400000152188 56.5000003068516
    vertex 19.0728046143481 112.800000066831 57.0865831454993
    vertex 19.0728046134418 111.400000152169 57.0865831450261
  endloop
endfacet
facet normal 0.896872741532686 -7.30142868073158e-010 0.442288690219007
  outer loop
    vertex 19.0728046143481 112.800000066831 57.0865831454993
    vertex 19.362075257076 111.400000152188 56.5000003068516
    vertex 19.3620752579824 112.800000066851 56.5000003073248
  endloop
endfacet
facet normal 0.946930129495105 -7.217014091665e-010 0.321439465303165
  outer loop
    vertex 19.0728046134418 111.400000152169 57.0865831450261
    vertex 18.8625731454592 112.800000066749 57.7059050818122
    vertex 18.8625731445528 111.400000152086 57.705905081339
  endloop
endfacet
facet normal 0.946930129495105 -7.217014091665e-010 0.321439465303165
  outer loop
    vertex 18.8625731454592 112.800000066749 57.7059050818122
    vertex 19.0728046134418 111.400000152169 57.0865831450261
    vertex 19.0728046143481 112.800000066831 57.0865831454993
  endloop
endfacet
facet normal 0.980785280403229 -7.00911439055571e-010 0.195090322016135
  outer loop
    vertex 18.8625731445528 111.400000152086 57.705905081339
    vertex 18.7349779700355 112.800000066605 58.3473693462245
    vertex 18.7349779691291 111.400000151943 58.3473693457513
  endloop
endfacet
facet normal 0.980785280403229 -7.00911439055571e-010 0.195090322016135
  outer loop
    vertex 18.7349779700355 112.800000066605 58.3473693462245
    vertex 18.8625731445528 111.400000152086 57.705905081339
    vertex 18.8625731454592 112.800000066749 57.7059050818122
  endloop
endfacet
facet normal 0.997858923238603 -6.68132676507711e-010 0.0654031292301468
  outer loop
    vertex 18.7349779691291 111.400000151943 58.3473693457513
    vertex 18.6922022769046 112.800000066403 59.0000003073248
    vertex 18.6922022759982 111.40000015174 59.0000003068516
  endloop
endfacet
facet normal 0.997858923238603 -6.68132676507711e-010 0.0654031292301468
  outer loop
    vertex 18.6922022769046 112.800000066403 59.0000003073248
    vertex 18.7349779691291 111.400000151943 58.3473693457513
    vertex 18.7349779700355 112.800000066605 58.3473693462245
  endloop
endfacet
facet normal 1.0 -4.4282943802058e-010 -9.54859473489697e-012
  outer loop
    vertex 18.6922022759982 111.40000015174 59.0000003068516
    vertex 18.6922022769046 112.800000044597 89.0000003073248
    vertex 18.692202276571 111.400000142759 89.0000003075865
  endloop
endfacet
facet normal 1.0 -4.4282943802058e-010 -9.54859473489697e-012
  outer loop
    vertex 18.6922022769046 112.800000044597 89.0000003073248
    vertex 18.6922022759982 111.40000015174 59.0000003068516
    vertex 18.6922022769046 112.800000066403 59.0000003073248
  endloop
endfacet
facet normal 0.997858923238601 -2.2550772133204e-010 0.0654031292301822
  outer loop
    vertex 18.692202276571 111.400000142759 89.0000003075865
    vertex 18.6494265837736 112.800000044395 89.652631268425
    vertex 18.6494265834401 111.400000142556 89.6526312686868
  endloop
endfacet
facet normal 0.997858923238601 -2.2550772133204e-010 0.0654031292301822
  outer loop
    vertex 18.6494265837736 112.800000044395 89.652631268425
    vertex 18.692202276571 111.400000142759 89.0000003075865
    vertex 18.6922022769046 112.800000044597 89.0000003073248
  endloop
endfacet
facet normal 0.980785280403237 -1.97192202726808e-010 0.195090322016095
  outer loop
    vertex 18.6494265834401 111.400000142556 89.6526312686868
    vertex 18.5218314083499 112.800000044251 90.2940955328374
    vertex 18.5218314080164 111.400000142412 90.2940955330991
  endloop
endfacet
facet normal 0.980785280403237 -1.97192202726808e-010 0.195090322016095
  outer loop
    vertex 18.5218314083499 112.800000044251 90.2940955328374
    vertex 18.6494265834401 111.400000142556 89.6526312686868
    vertex 18.6494265837736 112.800000044395 89.652631268425
  endloop
endfacet
facet normal 0.946930129495105 -1.6550146965081e-010 0.321439465303165
  outer loop
    vertex 18.5218314080164 111.400000142412 90.2940955330991
    vertex 18.311599939461 112.800000044169 90.9134174691502
    vertex 18.3115999391275 111.40000014233 90.913417469412
  endloop
endfacet
facet normal 0.946930129495105 -1.6550146965081e-010 0.321439465303165
  outer loop
    vertex 18.311599939461 112.800000044169 90.9134174691502
    vertex 18.5218314080164 111.400000142412 90.2940955330991
    vertex 18.5218314083499 112.800000044251 90.2940955328374
  endloop
endfacet
facet normal 0.896872741532686 -1.30978960543417e-010 0.442288690219007
  outer loop
    vertex 18.3115999391275 111.40000014233 90.913417469412
    vertex 18.0223292958268 112.800000044149 91.5000003073248
    vertex 18.0223292954932 111.40000014231 91.5000003075865
  endloop
endfacet
facet normal 0.896872741532686 -1.30978960543417e-010 0.442288690219007
  outer loop
    vertex 18.0223292958268 112.800000044149 91.5000003073248
    vertex 18.3115999391275 111.40000014233 90.913417469412
    vertex 18.311599939461 112.800000044169 90.9134174691502
  endloop
endfacet
facet normal 0.831469612302548 -9.42153651069023e-011 0.555570233019598
  outer loop
    vertex 18.0223292958268 112.800000044149 91.5000003073248
    vertex 17.6589689780272 111.400000142354 92.0438074526301
    vertex 18.0223292954932 111.40000014231 91.5000003075865
  endloop
endfacet
facet normal 0.831469612302548 -9.42153651069023e-011 0.555570233019598
  outer loop
    vertex 17.6589689780272 111.400000142354 92.0438074526301
    vertex 18.0223292958268 112.800000044149 91.5000003073248
    vertex 17.6589689783608 112.800000044192 92.0438074523684
  endloop
endfacet
facet normal 0.75183980747896 -5.58397186519618e-011 0.659345815100089
  outer loop
    vertex 17.6589689783608 112.800000044192 92.0438074523684
    vertex 17.2277361825038 111.40000014246 92.5355342135193
    vertex 17.6589689780272 111.400000142354 92.0438074526301
  endloop
endfacet
facet normal 0.75183980747896 -5.58397186519618e-011 0.659345815100089
  outer loop
    vertex 17.2277361825038 111.40000014246 92.5355342135193
    vertex 17.6589689783608 112.800000044192 92.0438074523684
    vertex 17.2277361828373 112.800000044298 92.5355342132575
  endloop
endfacet
facet normal 0.659345815100106 -1.65086391292235e-011 0.751839807478945
  outer loop
    vertex 17.2277361825038 111.40000014246 92.5355342135193
    vertex 16.7360094219482 112.800000044464 92.9667670087809
    vertex 16.7360094216147 111.400000142626 92.9667670090427
  endloop
endfacet
facet normal 0.659345815100106 -1.65086391292235e-011 0.751839807478945
  outer loop
    vertex 16.7360094219482 112.800000044464 92.9667670087809
    vertex 17.2277361825038 111.40000014246 92.5355342135193
    vertex 17.2277361828373 112.800000044298 92.5355342132575
  endloop
endfacet
facet normal 0.555570233019582 2.31049077861202e-011 0.831469612302559
  outer loop
    vertex 16.7360094216147 111.400000142626 92.9667670090427
    vertex 16.1922022769046 112.800000044688 93.330127326247
    vertex 16.192202276571 111.40000014285 93.3301273265087
  endloop
endfacet
facet normal 0.555570233019582 2.31049077861202e-011 0.831469612302559
  outer loop
    vertex 16.1922022769046 112.800000044688 93.330127326247
    vertex 16.7360094216147 111.400000142626 92.9667670090427
    vertex 16.7360094219482 112.800000044464 92.9667670087809
  endloop
endfacet
facet normal 0.442288690219007 6.23231233233215e-011 0.896872741532686
  outer loop
    vertex 16.192202276571 111.40000014285 93.3301273265087
    vertex 15.60561943873 112.800000044966 93.6193979698812
    vertex 15.6056194383965 111.400000143128 93.619397970143
  endloop
endfacet
facet normal 0.442288690219007 6.23231233233215e-011 0.896872741532686
  outer loop
    vertex 15.60561943873 112.800000044966 93.6193979698812
    vertex 16.192202276571 111.40000014285 93.3301273265087
    vertex 16.1922022769046 112.800000044688 93.330127326247
  endloop
endfacet
facet normal 0.32143946530317 1.00474972941235e-010 0.946930129495103
  outer loop
    vertex 15.6056194383965 111.400000143128 93.619397970143
    vertex 14.9862975024172 112.800000045293 93.8296294387701
    vertex 14.9862975020836 111.400000143454 93.8296294390319
  endloop
endfacet
facet normal 0.32143946530317 1.00474972941235e-010 0.946930129495103
  outer loop
    vertex 14.9862975024172 112.800000045293 93.8296294387701
    vertex 15.6056194383965 111.400000143128 93.619397970143
    vertex 15.60561943873 112.800000044966 93.6193979698812
  endloop
endfacet
facet normal 0.195090322016142 1.36907667915198e-010 0.980785280403228
  outer loop
    vertex 14.9862975020836 111.400000143454 93.8296294390319
    vertex 14.3448332380049 112.800000045663 93.9572246141938
    vertex 14.3448332376713 111.400000143825 93.9572246144556
  endloop
endfacet
facet normal 0.195090322016142 1.36907667915198e-010 0.980785280403228
  outer loop
    vertex 14.3448332380049 112.800000045663 93.9572246141938
    vertex 14.9862975020836 111.400000143454 93.8296294390319
    vertex 14.9862975024172 112.800000045293 93.8296294387701
  endloop
endfacet
facet normal 0.065403129230109 1.70997834733169e-010 0.997858923238606
  outer loop
    vertex 14.3448332376713 111.400000143825 93.9572246144556
    vertex 13.6922022769046 112.800000047834 94.0000003073248
    vertex 13.692202276571 111.400000145996 94.0000003075865
  endloop
endfacet
facet normal 0.065403129230109 1.70997834733169e-010 0.997858923238606
  outer loop
    vertex 13.6922022769046 112.800000047834 94.0000003073248
    vertex 14.3448332376713 111.400000143825 93.9572246144556
    vertex 14.3448332380049 112.800000045663 93.9572246141938
  endloop
endfacet
facet normal -0.0654031292301479 -6.86404193172017e-010 0.997858923238603
  outer loop
    vertex 94.9422022767557 111.400000042317 94.0000003063534
    vertex 94.2895713157821 112.799999997563 93.9572246141938
    vertex 94.2895713156554 111.40000004274 93.9572246132225
  endloop
endfacet
facet normal -0.0654031292301479 -6.86404193172017e-010 0.997858923238603
  outer loop
    vertex 94.2895713157821 112.799999997563 93.9572246141938
    vertex 94.9422022767557 111.400000042317 94.0000003063534
    vertex 94.9422022768824 112.79999999714 94.0000003073248
  endloop
endfacet
facet normal -0.195090322016132 -6.62820456261598e-010 0.98078528040323
  outer loop
    vertex 94.2895713156554 111.40000004274 93.9572246132225
    vertex 93.6481070513698 112.799999997978 93.8296294387701
    vertex 93.6481070512431 111.400000043155 93.8296294377988
  endloop
endfacet
facet normal -0.195090322016132 -6.62820456261598e-010 0.98078528040323
  outer loop
    vertex 93.6481070513698 112.799999997978 93.8296294387701
    vertex 94.2895713156554 111.40000004274 93.9572246132225
    vertex 94.2895713157821 112.799999997563 93.9572246141938
  endloop
endfacet
facet normal -0.321439465303149 -6.27898142635357e-010 0.94693012949511
  outer loop
    vertex 93.6481070512431 111.400000043155 93.8296294377988
    vertex 93.0287851150569 112.799999998379 93.6193979698812
    vertex 93.0287851149302 111.400000043556 93.6193979689099
  endloop
endfacet
facet normal -0.321439465303149 -6.27898142635357e-010 0.94693012949511
  outer loop
    vertex 93.0287851150569 112.799999998379 93.6193979698812
    vertex 93.6481070512431 111.400000043155 93.8296294377988
    vertex 93.6481070513698 112.799999997978 93.8296294387701
  endloop
endfacet
facet normal -0.442288690219014 -5.82232317702357e-010 0.896872741532682
  outer loop
    vertex 93.0287851149302 111.400000043556 93.6193979689099
    vertex 92.4422022768824 112.799999998759 93.330127326247
    vertex 92.4422022767557 111.400000043936 93.3301273252756
  endloop
endfacet
facet normal -0.442288690219014 -5.82232317702357e-010 0.896872741532682
  outer loop
    vertex 92.4422022768824 112.799999998759 93.330127326247
    vertex 93.0287851149302 111.400000043556 93.6193979689099
    vertex 93.0287851150569 112.799999998379 93.6193979698812
  endloop
endfacet
facet normal -0.555570233019598 -5.26604336388192e-010 0.831469612302548
  outer loop
    vertex 92.4422022767557 111.400000043936 93.3301273252756
    vertex 91.8983951318388 112.799999999111 92.9667670087809
    vertex 91.8983951317121 111.400000044288 92.9667670078096
  endloop
endfacet
facet normal -0.555570233019598 -5.26604336388192e-010 0.831469612302548
  outer loop
    vertex 91.8983951318388 112.799999999111 92.9667670087809
    vertex 92.4422022767557 111.400000043936 93.3301273252756
    vertex 92.4422022768824 112.799999998759 93.330127326247
  endloop
endfacet
facet normal -0.659345815100071 -4.61966008876109e-010 0.751839807478976
  outer loop
    vertex 91.8983951317121 111.400000044288 92.9667670078096
    vertex 91.4066683709496 112.799999999429 92.5355342132575
    vertex 91.4066683708229 111.400000044606 92.5355342122862
  endloop
endfacet
facet normal -0.659345815100071 -4.61966008876109e-010 0.751839807478976
  outer loop
    vertex 91.4066683709496 112.799999999429 92.5355342132575
    vertex 91.8983951317121 111.400000044288 92.9667670078096
    vertex 91.8983951318388 112.799999999111 92.9667670087809
  endloop
endfacet
facet normal -0.751839807478976 -3.89423314870986e-010 0.659345815100071
  outer loop
    vertex 91.4066683709496 112.799999999429 92.5355342132575
    vertex 90.9754355752995 111.400000044886 92.043807451397
    vertex 91.4066683708229 111.400000044606 92.5355342122862
  endloop
endfacet
facet normal -0.751839807478976 -3.89423314870986e-010 0.659345815100071
  outer loop
    vertex 90.9754355752995 111.400000044886 92.043807451397
    vertex 91.4066683709496 112.799999999429 92.5355342132575
    vertex 90.9754355754262 112.799999999709 92.0438074523684
  endloop
endfacet
facet normal -0.831469612302543 -3.10217479979879e-010 0.555570233019606
  outer loop
    vertex 90.9754355754262 112.799999999709 92.0438074523684
    vertex 90.6120752578335 111.400000045121 91.5000003063534
    vertex 90.9754355752995 111.400000044886 92.043807451397
  endloop
endfacet
facet normal -0.831469612302543 -3.10217479979879e-010 0.555570233019606
  outer loop
    vertex 90.6120752578335 111.400000045121 91.5000003063534
    vertex 90.9754355754262 112.799999999709 92.0438074523684
    vertex 90.6120752579602 112.799999999944 91.5000003073248
  endloop
endfacet
facet normal -0.896872741532686 -2.25703737997782e-010 0.442288690219007
  outer loop
    vertex 90.6120752579602 112.799999999944 91.5000003073248
    vertex 90.3228046141992 111.400000045308 90.9134174681789
    vertex 90.6120752578335 111.400000045121 91.5000003063534
  endloop
endfacet
facet normal -0.896872741532686 -2.25703737997782e-010 0.442288690219007
  outer loop
    vertex 90.3228046141992 111.400000045308 90.9134174681789
    vertex 90.6120752579602 112.799999999944 91.5000003073248
    vertex 90.3228046143259 112.800000000131 90.9134174691502
  endloop
endfacet
facet normal -0.946930129495105 -1.37328142481641e-010 0.321439465303165
  outer loop
    vertex 90.3228046143259 112.800000000131 90.9134174691502
    vertex 90.1125731453103 111.400000045444 90.294095531866
    vertex 90.3228046141992 111.400000045308 90.9134174681789
  endloop
endfacet
facet normal -0.946930129495105 -1.37328142481641e-010 0.321439465303165
  outer loop
    vertex 90.1125731453103 111.400000045444 90.294095531866
    vertex 90.3228046143259 112.800000000131 90.9134174691502
    vertex 90.112573145437 112.800000000267 90.2940955328374
  endloop
endfacet
facet normal -0.980785280403233 -4.66028243730756e-011 0.195090322016115
  outer loop
    vertex 90.112573145437 112.800000000267 90.2940955328374
    vertex 89.9849779698866 111.400000045527 89.6526312674537
    vertex 90.1125731453103 111.400000045444 90.294095531866
  endloop
endfacet
facet normal -0.980785280403233 -4.66028243730756e-011 0.195090322016115
  outer loop
    vertex 89.9849779698866 111.400000045527 89.6526312674537
    vertex 90.112573145437 112.800000000267 90.2940955328374
    vertex 89.9849779700133 112.80000000035 89.652631268425
  endloop
endfacet
facet normal -0.997858923238603 4.4919880981233e-011 0.0654031292301479
  outer loop
    vertex 89.9849779700133 112.80000000035 89.652631268425
    vertex 89.9422022767557 111.400000045555 89.0000003063534
    vertex 89.9849779698866 111.400000045527 89.6526312674537
  endloop
endfacet
facet normal -0.997858923238603 4.4919880981233e-011 0.0654031292301479
  outer loop
    vertex 89.9422022767557 111.400000045555 89.0000003063534
    vertex 89.9849779700133 112.80000000035 89.652631268425
    vertex 89.9422022768824 112.800000000378 89.0000003073248
  endloop
endfacet
facet normal 6.55007060190565e-010 1.0 3.30165754987678e-010
  outer loop
    vertex -17.4999995926489 112.80000009402 5.00000030733116
    vertex 23.0395713158043 112.800000065337 54.0427760004557
    vertex 23.6922022769046 112.800000063166 54.0000003073248
  endloop
endfacet
facet normal 6.55007060190565e-010 1.0 3.30165754987678e-010
  outer loop
    vertex 23.0395713158043 112.800000065337 54.0427760004557
    vertex -17.4999995926489 112.80000009402 5.00000030733116
    vertex 22.398107051392 112.800000065707 54.1703711758794
  endloop
endfacet
facet normal 6.55007060190565e-010 1.0 3.30165754987678e-010
  outer loop
    vertex 22.398107051392 112.800000065707 54.1703711758794
    vertex -17.4999995926489 112.80000009402 5.00000030733116
    vertex 21.7787851150791 112.800000066034 54.3806026447683
  endloop
endfacet
facet normal 6.55007060190565e-010 1.0 3.30165754987678e-010
  outer loop
    vertex 21.7787851150791 112.800000066034 54.3806026447683
    vertex -17.4999995926489 112.80000009402 5.00000030733116
    vertex 21.1922022769046 112.800000066312 54.6698732884026
  endloop
endfacet
facet normal 6.55007060190565e-010 1.0 3.30165754987678e-010
  outer loop
    vertex 21.1922022769046 112.800000066312 54.6698732884026
    vertex -17.4999995926489 112.80000009402 5.00000030733116
    vertex 20.648395131861 112.800000066536 55.0332336058686
  endloop
endfacet
facet normal 6.55007060190565e-010 1.0 3.30165754987678e-010
  outer loop
    vertex 20.648395131861 112.800000066536 55.0332336058686
    vertex -17.4999995926489 112.80000009402 5.00000030733116
    vertex 20.1566683709718 112.800000066702 55.464466401392
  endloop
endfacet
facet normal 6.55007060190565e-010 1.0 3.30165754987678e-010
  outer loop
    vertex 20.1566683709718 112.800000066702 55.464466401392
    vertex -17.4999995926489 112.80000009402 5.00000030733116
    vertex -17.4999995926489 112.800000062133 89.0000003073248
  endloop
endfacet
facet normal 6.55007060190565e-010 1.0 3.30165754987678e-010
  outer loop
    vertex 20.1566683709718 112.800000066702 55.464466401392
    vertex -17.4999995926489 112.800000062133 89.0000003073248
    vertex 19.7254355754484 112.800000066808 55.9561931622812
  endloop
endfacet
facet normal 6.55007060190565e-010 1.0 3.30165754987678e-010
  outer loop
    vertex 19.7254355754484 112.800000066808 55.9561931622812
    vertex -17.4999995926489 112.800000062133 89.0000003073248
    vertex 19.3620752579824 112.800000066851 56.5000003073248
  endloop
endfacet
facet normal 6.55007060190565e-010 1.0 3.30165754987678e-010
  outer loop
    vertex 19.3620752579824 112.800000066851 56.5000003073248
    vertex -17.4999995926489 112.800000062133 89.0000003073248
    vertex 19.0728046143481 112.800000066831 57.0865831454993
  endloop
endfacet
facet normal 6.55007060190565e-010 1.0 3.30165754987678e-010
  outer loop
    vertex 19.0728046143481 112.800000066831 57.0865831454993
    vertex -17.4999995926489 112.800000062133 89.0000003073248
    vertex 18.8625731454592 112.800000066749 57.7059050818122
  endloop
endfacet
facet normal 6.55007060190565e-010 1.0 3.30165754987678e-010
  outer loop
    vertex 18.8625731454592 112.800000066749 57.7059050818122
    vertex -17.4999995926489 112.800000062133 89.0000003073248
    vertex 18.7349779700355 112.800000066605 58.3473693462245
  endloop
endfacet
facet normal 6.55007060190565e-010 1.0 3.30165754987678e-010
  outer loop
    vertex 18.7349779700355 112.800000066605 58.3473693462245
    vertex -17.4999995926489 112.800000062133 89.0000003073248
    vertex 18.6922022769046 112.800000066403 59.0000003073248
  endloop
endfacet
facet normal 6.55007060190565e-010 1.0 3.30165754987678e-010
  outer loop
    vertex 18.6922022769046 112.800000066403 59.0000003073248
    vertex -17.4999995926489 112.800000062133 89.0000003073248
    vertex 18.6922022769046 112.800000044597 89.0000003073248
  endloop
endfacet
facet normal 6.55007060190565e-010 1.0 3.30165754987678e-010
  outer loop
    vertex 18.6922022769046 112.800000044597 89.0000003073248
    vertex -17.4999995926489 112.800000062133 89.0000003073248
    vertex 18.6494265837736 112.800000044395 89.652631268425
  endloop
endfacet
facet normal 6.55007060190565e-010 1.0 3.30165754987678e-010
  outer loop
    vertex 18.6494265837736 112.800000044395 89.652631268425
    vertex -17.4999995926489 112.800000062133 89.0000003073248
    vertex -17.4572238995179 112.80000006208 89.652631268425
  endloop
endfacet
facet normal 6.55007060190565e-010 1.0 3.30165754987678e-010
  outer loop
    vertex 18.6494265837736 112.800000044395 89.652631268425
    vertex -17.4572238995179 112.80000006208 89.652631268425
    vertex 18.5218314083499 112.800000044251 90.2940955328374
  endloop
endfacet
facet normal 6.55007060190565e-010 1.0 3.30165754987678e-010
  outer loop
    vertex 18.5218314083499 112.800000044251 90.2940955328374
    vertex -17.4572238995179 112.80000006208 89.652631268425
    vertex -17.3296287240942 112.800000061922 90.2940955328374
  endloop
endfacet
facet normal 6.55007060190565e-010 1.0 3.30165754987678e-010
  outer loop
    vertex 18.5218314083499 112.800000044251 90.2940955328374
    vertex -17.3296287240942 112.800000061922 90.2940955328374
    vertex 18.311599939461 112.800000044169 90.9134174691502
  endloop
endfacet
facet normal 6.55007060190565e-010 1.0 3.30165754987678e-010
  outer loop
    vertex 18.311599939461 112.800000044169 90.9134174691502
    vertex -17.3296287240942 112.800000061922 90.2940955328374
    vertex -17.1193972552053 112.800000061661 90.9134174691502
  endloop
endfacet
facet normal 6.55007060190565e-010 1.0 3.30165754987678e-010
  outer loop
    vertex 18.311599939461 112.800000044169 90.9134174691502
    vertex -17.1193972552053 112.800000061661 90.9134174691502
    vertex -16.8301266115711 112.800000061303 91.5000003073248
  endloop
endfacet
facet normal 6.55007060190565e-010 1.0 3.30165754987678e-010
  outer loop
    vertex 18.311599939461 112.800000044169 90.9134174691502
    vertex -16.8301266115711 112.800000061303 91.5000003073248
    vertex 18.0223292958268 112.800000044149 91.5000003073248
  endloop
endfacet
facet normal 6.55007060190565e-010 1.0 3.30165754987678e-010
  outer loop
    vertex 18.0223292958268 112.800000044149 91.5000003073248
    vertex -16.8301266115711 112.800000061303 91.5000003073248
    vertex -16.466766294105 112.800000060852 92.0438074523684
  endloop
endfacet
facet normal 6.55007060190565e-010 1.0 3.30165754987678e-010
  outer loop
    vertex 18.0223292958268 112.800000044149 91.5000003073248
    vertex -16.466766294105 112.800000060852 92.0438074523684
    vertex 17.6589689783608 112.800000044192 92.0438074523684
  endloop
endfacet
facet normal 6.55007060190565e-010 1.0 3.30165754987678e-010
  outer loop
    vertex 17.6589689783608 112.800000044192 92.0438074523684
    vertex -16.466766294105 112.800000060852 92.0438074523684
    vertex -16.0355334985816 112.800000060318 92.5355342132575
  endloop
endfacet
facet normal 6.55007060190565e-010 1.0 3.30165754987678e-010
  outer loop
    vertex 17.6589689783608 112.800000044192 92.0438074523684
    vertex -16.0355334985816 112.800000060318 92.5355342132575
    vertex 17.2277361828373 112.800000044298 92.5355342132575
  endloop
endfacet
facet normal 6.55007060190565e-010 1.0 3.30165754987678e-010
  outer loop
    vertex 17.2277361828373 112.800000044298 92.5355342132575
    vertex -16.0355334985816 112.800000060318 92.5355342132575
    vertex -15.5438067376925 112.800000059709 92.9667670087809
  endloop
endfacet
facet normal 6.55007060190565e-010 1.0 3.30165754987678e-010
  outer loop
    vertex 17.2277361828373 112.800000044298 92.5355342132575
    vertex -15.5438067376925 112.800000059709 92.9667670087809
    vertex 16.7360094219482 112.800000044464 92.9667670087809
  endloop
endfacet
facet normal 6.55007060190565e-010 1.0 3.30165754987678e-010
  outer loop
    vertex 16.7360094219482 112.800000044464 92.9667670087809
    vertex -15.5438067376925 112.800000059709 92.9667670087809
    vertex -14.9999995926489 112.800000059035 93.330127326247
  endloop
endfacet
facet normal 6.55007060190565e-010 1.0 3.30165754987678e-010
  outer loop
    vertex 16.7360094219482 112.800000044464 92.9667670087809
    vertex -14.9999995926489 112.800000059035 93.330127326247
    vertex 16.1922022769046 112.800000044688 93.330127326247
  endloop
endfacet
facet normal 6.55007060190565e-010 1.0 3.30165754987678e-010
  outer loop
    vertex 16.1922022769046 112.800000044688 93.330127326247
    vertex -14.9999995926489 112.800000059035 93.330127326247
    vertex -14.4134167544743 112.800000058308 93.6193979698812
  endloop
endfacet
facet normal 6.55007060190565e-010 1.0 3.30165754987678e-010
  outer loop
    vertex 16.1922022769046 112.800000044688 93.330127326247
    vertex -14.4134167544743 112.800000058308 93.6193979698812
    vertex 15.60561943873 112.800000044966 93.6193979698812
  endloop
endfacet
facet normal 6.55007060190565e-010 1.0 3.30165754987678e-010
  outer loop
    vertex 15.60561943873 112.800000044966 93.6193979698812
    vertex -14.4134167544743 112.800000058308 93.6193979698812
    vertex -13.7940948181615 112.800000057541 93.8296294387701
  endloop
endfacet
facet normal 6.55007060190565e-010 1.0 3.30165754987678e-010
  outer loop
    vertex 15.60561943873 112.800000044966 93.6193979698812
    vertex -13.7940948181615 112.800000057541 93.8296294387701
    vertex 14.9862975024172 112.800000045293 93.8296294387701
  endloop
endfacet
facet normal 6.55007060190565e-010 1.0 3.30165754987678e-010
  outer loop
    vertex 14.9862975024172 112.800000045293 93.8296294387701
    vertex -13.7940948181615 112.800000057541 93.8296294387701
    vertex -13.1526305537491 112.800000056746 93.9572246141938
  endloop
endfacet
facet normal 6.55007060190565e-010 1.0 3.30165754987678e-010
  outer loop
    vertex 14.9862975024172 112.800000045293 93.8296294387701
    vertex -13.1526305537491 112.800000056746 93.9572246141938
    vertex 14.3448332380049 112.800000045663 93.9572246141938
  endloop
endfacet
facet normal 6.55007060190565e-010 1.0 3.30165754987678e-010
  outer loop
    vertex 14.3448332380049 112.800000045663 93.9572246141938
    vertex -13.1526305537491 112.800000056746 93.9572246141938
    vertex -12.4999995926489 112.800000055937 94.0000003073248
  endloop
endfacet
facet normal 6.55007060190565e-010 1.0 3.30165754987678e-010
  outer loop
    vertex 14.3448332380049 112.800000045663 93.9572246141938
    vertex -12.4999995926489 112.800000055937 94.0000003073248
    vertex 13.6922022769046 112.800000047834 94.0000003073248
  endloop
endfacet
facet normal 6.55007060190565e-010 1.0 3.30165754987678e-010
  outer loop
    vertex -12.4999995926489 112.800000087824 3.07331158926734e-007
    vertex 155.152630854291 112.799999983688 0.0427760004621021
    vertex 154.499999893191 112.799999984496 3.0733115687848e-007
  endloop
endfacet
facet normal 6.55007060190565e-010 1.0 3.30165754987678e-010
  outer loop
    vertex 155.152630854291 112.799999983688 0.0427760004621021
    vertex -12.4999995926489 112.800000087824 3.07331158926734e-007
    vertex -13.1526305537491 112.800000088633 0.0427760004621097
  endloop
endfacet
facet normal 6.55007060190565e-010 1.0 3.30165754987678e-010
  outer loop
    vertex 155.152630854291 112.799999983688 0.0427760004621021
    vertex -13.1526305537491 112.800000088633 0.0427760004621097
    vertex 155.794095118703 112.799999982893 0.170371175885816
  endloop
endfacet
facet normal 6.55007060190565e-010 1.0 3.30165754987678e-010
  outer loop
    vertex 155.794095118703 112.799999982893 0.170371175885816
    vertex -13.1526305537491 112.800000088633 0.0427760004621097
    vertex -13.7940948181615 112.800000089428 0.170371175885818
  endloop
endfacet
facet normal 6.55007060190565e-010 1.0 3.30165754987678e-010
  outer loop
    vertex 155.794095118703 112.799999982893 0.170371175885816
    vertex -13.7940948181615 112.800000089428 0.170371175885818
    vertex 156.413417055016 112.799999982125 0.38060264477472
  endloop
endfacet
facet normal 6.55007060190565e-010 1.0 3.30165754987678e-010
  outer loop
    vertex 156.413417055016 112.799999982125 0.38060264477472
    vertex -13.7940948181615 112.800000089428 0.170371175885818
    vertex -14.4134167544743 112.800000090195 0.380602644774728
  endloop
endfacet
facet normal 6.55007060190565e-010 1.0 3.30165754987678e-010
  outer loop
    vertex 156.413417055016 112.799999982125 0.38060264477472
    vertex -14.4134167544743 112.800000090195 0.380602644774728
    vertex 156.999999893191 112.799999981398 0.669873288408958
  endloop
endfacet
facet normal 6.55007060190565e-010 1.0 3.30165754987678e-010
  outer loop
    vertex 156.999999893191 112.799999981398 0.669873288408958
    vertex -14.4134167544743 112.800000090195 0.380602644774728
    vertex -14.9999995926489 112.800000090922 0.669873288408965
  endloop
endfacet
facet normal 6.55007060190565e-010 1.0 3.30165754987678e-010
  outer loop
    vertex 156.999999893191 112.799999981398 0.669873288408958
    vertex -14.9999995926489 112.800000090922 0.669873288408965
    vertex 157.543807038234 112.799999980725 1.03323360587497
  endloop
endfacet
facet normal 6.55007060190565e-010 1.0 3.30165754987678e-010
  outer loop
    vertex 157.543807038234 112.799999980725 1.03323360587497
    vertex -14.9999995926489 112.800000090922 0.669873288408965
    vertex -15.5438067376925 112.800000091596 1.03323360587499
  endloop
endfacet
facet normal 6.55007060190565e-010 1.0 3.30165754987678e-010
  outer loop
    vertex 157.543807038234 112.799999980725 1.03323360587497
    vertex -15.5438067376925 112.800000091596 1.03323360587499
    vertex 158.035533799123 112.799999980115 1.46446640139841
  endloop
endfacet
facet normal 6.55007060190565e-010 1.0 3.30165754987678e-010
  outer loop
    vertex 158.035533799123 112.799999980115 1.46446640139841
    vertex -15.5438067376925 112.800000091596 1.03323360587499
    vertex -16.0355334985816 112.800000092205 1.46446640139842
  endloop
endfacet
facet normal 6.55007060190565e-010 1.0 3.30165754987678e-010
  outer loop
    vertex 158.035533799123 112.799999980115 1.46446640139841
    vertex -16.0355334985816 112.800000092205 1.46446640139842
    vertex 158.466766594647 112.799999979581 1.95619316228755
  endloop
endfacet
facet normal 6.55007060190565e-010 1.0 3.30165754987678e-010
  outer loop
    vertex 158.466766594647 112.799999979581 1.95619316228755
    vertex -16.0355334985816 112.800000092205 1.46446640139842
    vertex -16.466766294105 112.800000092739 1.95619316228756
  endloop
endfacet
facet normal 6.55007060190565e-010 1.0 3.30165754987678e-010
  outer loop
    vertex 158.466766594647 112.799999979581 1.95619316228755
    vertex -16.466766294105 112.800000092739 1.95619316228756
    vertex 158.830126912113 112.799999979131 2.50000030733115
  endloop
endfacet
facet normal 6.55007060190565e-010 1.0 3.30165754987678e-010
  outer loop
    vertex 158.830126912113 112.799999979131 2.50000030733115
    vertex -16.466766294105 112.800000092739 1.95619316228756
    vertex -16.8301266115711 112.80000009319 2.50000030733116
  endloop
endfacet
facet normal 6.55007060190565e-010 1.0 3.30165754987678e-010
  outer loop
    vertex 158.830126912113 112.799999979131 2.50000030733115
    vertex -16.8301266115711 112.80000009319 2.50000030733116
    vertex 159.119397555747 112.799999978772 3.0865831455057
  endloop
endfacet
facet normal 6.55007060190565e-010 1.0 3.30165754987678e-010
  outer loop
    vertex 159.119397555747 112.799999978772 3.0865831455057
    vertex -16.8301266115711 112.80000009319 2.50000030733116
    vertex -17.1193972552053 112.800000093548 3.08658314550571
  endloop
endfacet
facet normal 6.55007060190565e-010 1.0 3.30165754987678e-010
  outer loop
    vertex 159.119397555747 112.799999978772 3.0865831455057
    vertex -17.1193972552053 112.800000093548 3.08658314550571
    vertex 159.329629024636 112.799999978512 3.70590508181854
  endloop
endfacet
facet normal 6.55007060190565e-010 1.0 3.30165754987678e-010
  outer loop
    vertex 159.329629024636 112.799999978512 3.70590508181854
    vertex -17.1193972552053 112.800000093548 3.08658314550571
    vertex -17.3296287240942 112.800000093809 3.70590508181855
  endloop
endfacet
facet normal 6.55007060190565e-010 1.0 3.30165754987678e-010
  outer loop
    vertex 159.329629024636 112.799999978512 3.70590508181854
    vertex -17.3296287240942 112.800000093809 3.70590508181855
    vertex 159.45722420006 112.799999978354 4.34736934623089
  endloop
endfacet
facet normal 6.55007060190565e-010 1.0 3.30165754987678e-010
  outer loop
    vertex 159.45722420006 112.799999978354 4.34736934623089
    vertex -17.3296287240942 112.800000093809 3.70590508181855
    vertex -17.4572238995179 112.800000093967 4.3473693462309
  endloop
endfacet
facet normal 6.55007060190565e-010 1.0 3.30165754987678e-010
  outer loop
    vertex 159.45722420006 112.799999978354 4.34736934623089
    vertex -17.4572238995179 112.800000093967 4.3473693462309
    vertex 159.499999893191 112.799999978301 5.00000030733116
  endloop
endfacet
facet normal 6.55007060190565e-010 1.0 3.30165754987678e-010
  outer loop
    vertex 159.499999893191 112.799999978301 5.00000030733116
    vertex -17.4572238995179 112.800000093967 4.3473693462309
    vertex -17.4999995926489 112.80000009402 5.00000030733116
  endloop
endfacet
facet normal 6.55007060190565e-010 1.0 3.30165754987678e-010
  outer loop
    vertex 159.499999893191 112.799999978301 5.00000030733116
    vertex -17.4999995926489 112.80000009402 5.00000030733116
    vertex 86.8556194387078 112.800000021342 54.3806026447683
  endloop
endfacet
facet normal 6.55007060190565e-010 1.0 3.30165754987678e-010
  outer loop
    vertex 159.499999893191 112.799999978301 5.00000030733116
    vertex 86.8556194387078 112.800000021342 54.3806026447683
    vertex 159.499999893191 112.799999946414 89.0000003073248
  endloop
endfacet
facet normal 6.55007060190565e-010 1.0 3.30165754987678e-010
  outer loop
    vertex 86.8556194387078 112.800000021342 54.3806026447683
    vertex -17.4999995926489 112.80000009402 5.00000030733116
    vertex 86.236297502395 112.800000021817 54.1703711758794
  endloop
endfacet
facet normal 6.55007060190565e-010 1.0 3.30165754987678e-010
  outer loop
    vertex 86.236297502395 112.800000021817 54.1703711758794
    vertex -17.4999995926489 112.80000009402 5.00000030733116
    vertex 85.5948332379826 112.800000022278 54.0427760004557
  endloop
endfacet
facet normal 6.55007060190565e-010 1.0 3.30165754987678e-010
  outer loop
    vertex 85.5948332379826 112.800000022278 54.0427760004557
    vertex -17.4999995926489 112.80000009402 5.00000030733116
    vertex 84.9422022768824 112.800000020952 54.0000003073248
  endloop
endfacet
facet normal 6.55007060190565e-010 1.0 3.30165754987678e-010
  outer loop
    vertex 84.9422022768824 112.800000020952 54.0000003073248
    vertex -17.4999995926489 112.80000009402 5.00000030733116
    vertex 23.6922022769046 112.800000063166 54.0000003073248
  endloop
endfacet
facet normal 6.55007060190565e-010 1.0 3.30165754987678e-010
  outer loop
    vertex 159.499999893191 112.799999946414 89.0000003073248
    vertex 86.8556194387078 112.800000021342 54.3806026447683
    vertex 87.4422022768824 112.80000002086 54.6698732884026
  endloop
endfacet
facet normal 6.55007060190565e-010 1.0 3.30165754987678e-010
  outer loop
    vertex 159.499999893191 112.799999946414 89.0000003073248
    vertex 87.4422022768824 112.80000002086 54.6698732884026
    vertex 87.9860094219259 112.80000002038 55.0332336058686
  endloop
endfacet
facet normal 6.55007060190565e-010 1.0 3.30165754987678e-010
  outer loop
    vertex 159.499999893191 112.799999946414 89.0000003073248
    vertex 87.9860094219259 112.80000002038 55.0332336058686
    vertex 88.4777361828151 112.80000001991 55.464466401392
  endloop
endfacet
facet normal 6.55007060190565e-010 1.0 3.30165754987678e-010
  outer loop
    vertex 159.499999893191 112.799999946414 89.0000003073248
    vertex 88.4777361828151 112.80000001991 55.464466401392
    vertex 88.9089689783385 112.800000019457 55.9561931622812
  endloop
endfacet
facet normal 6.55007060190565e-010 1.0 3.30165754987678e-010
  outer loop
    vertex 159.499999893191 112.799999946414 89.0000003073248
    vertex 88.9089689783385 112.800000019457 55.9561931622812
    vertex 89.2723292958045 112.80000001903 56.5000003073248
  endloop
endfacet
facet normal 6.55007060190565e-010 1.0 3.30165754987678e-010
  outer loop
    vertex 159.499999893191 112.799999946414 89.0000003073248
    vertex 89.2723292958045 112.80000001903 56.5000003073248
    vertex 89.5615999394388 112.800000018636 57.0865831454993
  endloop
endfacet
facet normal 6.55007060190565e-010 1.0 3.30165754987678e-010
  outer loop
    vertex 159.499999893191 112.799999946414 89.0000003073248
    vertex 89.5615999394388 112.800000018636 57.0865831454993
    vertex 89.7718314083277 112.800000018281 57.7059050818122
  endloop
endfacet
facet normal 6.55007060190565e-010 1.0 3.30165754987678e-010
  outer loop
    vertex 159.499999893191 112.799999946414 89.0000003073248
    vertex 89.7718314083277 112.800000018281 57.7059050818122
    vertex 89.8994265837514 112.800000017972 58.3473693462245
  endloop
endfacet
facet normal 6.55007060190565e-010 1.0 3.30165754987678e-010
  outer loop
    vertex 159.499999893191 112.799999946414 89.0000003073248
    vertex 89.8994265837514 112.800000017972 58.3473693462245
    vertex 89.9422022768824 112.800000017715 59.0000003073248
  endloop
endfacet
facet normal 6.55007060190565e-010 1.0 3.30165754987678e-010
  outer loop
    vertex 159.499999893191 112.799999946414 89.0000003073248
    vertex 89.9422022768824 112.800000017715 59.0000003073248
    vertex 89.9422022768824 112.800000000378 89.0000003073248
  endloop
endfacet
facet normal 6.55007060190565e-010 1.0 3.30165754987678e-010
  outer loop
    vertex 159.499999893191 112.799999946414 89.0000003073248
    vertex 89.9422022768824 112.800000000378 89.0000003073248
    vertex 89.9849779700133 112.80000000035 89.652631268425
  endloop
endfacet
facet normal 6.55007060190565e-010 1.0 3.30165754987678e-010
  outer loop
    vertex 159.499999893191 112.799999946414 89.0000003073248
    vertex 89.9849779700133 112.80000000035 89.652631268425
    vertex 159.45722420006 112.799999946144 89.652631268425
  endloop
endfacet
facet normal 6.55007060190565e-010 1.0 3.30165754987678e-010
  outer loop
    vertex 159.45722420006 112.799999946144 89.652631268425
    vertex 89.9849779700133 112.80000000035 89.652631268425
    vertex 90.112573145437 112.800000000267 90.2940955328374
  endloop
endfacet
facet normal 6.55007060190565e-010 1.0 3.30165754987678e-010
  outer loop
    vertex 159.45722420006 112.799999946144 89.652631268425
    vertex 90.112573145437 112.800000000267 90.2940955328374
    vertex 159.329629024636 112.799999945986 90.2940955328374
  endloop
endfacet
facet normal 6.55007060190565e-010 1.0 3.30165754987678e-010
  outer loop
    vertex 159.329629024636 112.799999945986 90.2940955328374
    vertex 90.112573145437 112.800000000267 90.2940955328374
    vertex 90.3228046143259 112.800000000131 90.9134174691502
  endloop
endfacet
facet normal 6.55007060190565e-010 1.0 3.30165754987678e-010
  outer loop
    vertex 159.329629024636 112.799999945986 90.2940955328374
    vertex 90.3228046143259 112.800000000131 90.9134174691502
    vertex 159.119397555747 112.799999945941 90.9134174691502
  endloop
endfacet
facet normal 6.55007060190565e-010 1.0 3.30165754987678e-010
  outer loop
    vertex 159.119397555747 112.799999945941 90.9134174691502
    vertex 90.3228046143259 112.800000000131 90.9134174691502
    vertex 90.6120752579602 112.799999999944 91.5000003073248
  endloop
endfacet
facet normal 6.55007060190565e-010 1.0 3.30165754987678e-010
  outer loop
    vertex 159.119397555747 112.799999945941 90.9134174691502
    vertex 90.6120752579602 112.799999999944 91.5000003073248
    vertex 158.830126912113 112.799999946009 91.5000003073248
  endloop
endfacet
facet normal 6.55007060190565e-010 1.0 3.30165754987678e-010
  outer loop
    vertex 158.830126912113 112.799999946009 91.5000003073248
    vertex 90.6120752579602 112.799999999944 91.5000003073248
    vertex 90.9754355754262 112.799999999709 92.0438074523684
  endloop
endfacet
facet normal 6.55007060190565e-010 1.0 3.30165754987678e-010
  outer loop
    vertex 158.830126912113 112.799999946009 91.5000003073248
    vertex 90.9754355754262 112.799999999709 92.0438074523684
    vertex 158.466766594647 112.799999946191 92.0438074523684
  endloop
endfacet
facet normal 6.55007060190565e-010 1.0 3.30165754987678e-010
  outer loop
    vertex 158.466766594647 112.799999946191 92.0438074523684
    vertex 90.9754355754262 112.799999999709 92.0438074523684
    vertex 158.035533799123 112.799999946483 92.5355342132575
  endloop
endfacet
facet normal 6.55007060190565e-010 1.0 3.30165754987678e-010
  outer loop
    vertex 158.035533799123 112.799999946483 92.5355342132575
    vertex 90.9754355754262 112.799999999709 92.0438074523684
    vertex 91.4066683709496 112.799999999429 92.5355342132575
  endloop
endfacet
facet normal 6.55007060190565e-010 1.0 3.30165754987678e-010
  outer loop
    vertex 158.035533799123 112.799999946483 92.5355342132575
    vertex 91.4066683709496 112.799999999429 92.5355342132575
    vertex 91.8983951318388 112.799999999111 92.9667670087809
  endloop
endfacet
facet normal 6.55007060190565e-010 1.0 3.30165754987678e-010
  outer loop
    vertex 158.035533799123 112.799999946483 92.5355342132575
    vertex 91.8983951318388 112.799999999111 92.9667670087809
    vertex 157.543807038234 112.799999946879 92.9667670087809
  endloop
endfacet
facet normal 6.55007060190565e-010 1.0 3.30165754987678e-010
  outer loop
    vertex 157.543807038234 112.799999946879 92.9667670087809
    vertex 91.8983951318388 112.799999999111 92.9667670087809
    vertex 92.4422022768824 112.799999998759 93.330127326247
  endloop
endfacet
facet normal 6.55007060190565e-010 1.0 3.30165754987678e-010
  outer loop
    vertex 157.543807038234 112.799999946879 92.9667670087809
    vertex 92.4422022768824 112.799999998759 93.330127326247
    vertex 156.999999893191 112.799999947374 93.330127326247
  endloop
endfacet
facet normal 6.55007060190565e-010 1.0 3.30165754987678e-010
  outer loop
    vertex 156.999999893191 112.799999947374 93.330127326247
    vertex 92.4422022768824 112.799999998759 93.330127326247
    vertex 93.0287851150569 112.799999998379 93.6193979698812
  endloop
endfacet
facet normal 6.55007060190565e-010 1.0 3.30165754987678e-010
  outer loop
    vertex 156.999999893191 112.799999947374 93.330127326247
    vertex 93.0287851150569 112.799999998379 93.6193979698812
    vertex 156.413417055016 112.799999947958 93.6193979698812
  endloop
endfacet
facet normal 6.55007060190565e-010 1.0 3.30165754987678e-010
  outer loop
    vertex 156.413417055016 112.799999947958 93.6193979698812
    vertex 93.0287851150569 112.799999998379 93.6193979698812
    vertex 93.6481070513698 112.799999997978 93.8296294387701
  endloop
endfacet
facet normal 6.55007060190565e-010 1.0 3.30165754987678e-010
  outer loop
    vertex 156.413417055016 112.799999947958 93.6193979698812
    vertex 93.6481070513698 112.799999997978 93.8296294387701
    vertex 155.794095118703 112.799999948621 93.8296294387701
  endloop
endfacet
facet normal 6.55007060190565e-010 1.0 3.30165754987678e-010
  outer loop
    vertex 155.794095118703 112.799999948621 93.8296294387701
    vertex 93.6481070513698 112.799999997978 93.8296294387701
    vertex 94.2895713157821 112.799999997563 93.9572246141938
  endloop
endfacet
facet normal 6.55007060190565e-010 1.0 3.30165754987678e-010
  outer loop
    vertex 155.794095118703 112.799999948621 93.8296294387701
    vertex 94.2895713157821 112.799999997563 93.9572246141938
    vertex 155.152630854291 112.799999949353 93.9572246141938
  endloop
endfacet
facet normal 6.55007060190565e-010 1.0 3.30165754987678e-010
  outer loop
    vertex 155.152630854291 112.799999949353 93.9572246141938
    vertex 94.2895713157821 112.799999997563 93.9572246141938
    vertex 94.9422022768824 112.79999999714 94.0000003073248
  endloop
endfacet
facet normal 6.55007060190565e-010 1.0 3.30165754987678e-010
  outer loop
    vertex 155.152630854291 112.799999949353 93.9572246141938
    vertex 94.9422022768824 112.79999999714 94.0000003073248
    vertex 154.499999893191 112.799999952609 94.0000003073248
  endloop
endfacet
endsolid Remix of isaac879 Pan Tilt Camera Mount
