solid Remix of isaac879 Pan Tilt Camera Mount
facet normal -2.84293764190066e-008 1.74247330026272e-008 1.0
  outer loop
    vertex -1.00000003909042 -16.6000034125807 66.8836580656307
    vertex 2.99999995124583 -6.60000343238102 66.8836580054836
    vertex -1.00000004875417 -6.60000343139421 66.8836578917661
  endloop
endfacet
facet normal -2.84293764190066e-008 1.74247330026272e-008 1.0
  outer loop
    vertex 2.99999995124583 -6.60000343238102 66.8836580054836
    vertex -1.00000003909042 -16.6000034125807 66.8836580656307
    vertex 2.99999996090958 -16.6000034135675 66.8836581793482
  endloop
endfacet
facet normal -2.63597275174294e-008 -0.382683416236391 0.923879539192012
  outer loop
    vertex 1.40000015379422 -11.1600111708384 60.2415840666049
    vertex 3.00000014906719 -10.7500035455346 60.4114148914225
    vertex 1.40000014906719 -10.7500035445478 60.411414777705
  endloop
endfacet
facet normal -2.63597275174294e-008 -0.382683416236391 0.923879539192012
  outer loop
    vertex 3.00000014906719 -10.7500035455346 60.4114148914225
    vertex 1.40000015379422 -11.1600111708384 60.2415840666049
    vertex 3.00000015379422 -11.1600111718251 60.2415841803224
  endloop
endfacet
facet normal -2.82183601513516e-008 -0.130526174911818 0.991444863652482
  outer loop
    vertex 1.40000015533248 -11.6000035485239 60.1836579789775
    vertex 3.00000015379422 -11.1600111718251 60.2415841803224
    vertex 1.40000015379422 -11.1600111708384 60.2415840666049
  endloop
endfacet
facet normal -2.82183601513516e-008 -0.130526174911818 0.991444863652482
  outer loop
    vertex 3.00000015379422 -11.1600111718251 60.2415841803224
    vertex 1.40000015533248 -11.6000035485239 60.1836579789775
    vertex 3.00000015533248 -11.6000035495107 60.183658092695
  endloop
endfacet
facet normal -2.8153958174004e-008 0.130526209528288 0.991444859095137
  outer loop
    vertex 3.00000015357713 -12.0399959251737 60.2415841956848
    vertex 1.40000015533248 -11.6000035485239 60.1836579789775
    vertex 1.40000015357713 -12.0399959241869 60.2415840819673
  endloop
endfacet
facet normal -2.8153958174004e-008 0.130526209528288 0.991444859095137
  outer loop
    vertex 1.40000015533248 -11.6000035485239 60.1836579789775
    vertex 3.00000015357713 -12.0399959251737 60.2415841956848
    vertex 3.00000015533248 -11.6000035495107 60.183658092695
  endloop
endfacet
facet normal -2.6170910473714e-008 0.382683448493792 0.923879525830559
  outer loop
    vertex 3.0000001486478 -12.4500035455346 60.4114149211004
    vertex 1.40000015357713 -12.0399959241869 60.2415840819673
    vertex 1.4000001486478 -12.4500035445478 60.4114148073829
  endloop
endfacet
facet normal -2.6170910473714e-008 0.382683448493792 0.923879525830559
  outer loop
    vertex 1.40000015357713 -12.0399959241869 60.2415840819673
    vertex 3.0000001486478 -12.4500035455346 60.4114149211004
    vertex 3.00000015357713 -12.0399959251737 60.2415841956848
  endloop
endfacet
facet normal -2.24043584741148e-008 0.608761442858748 0.793353329663735
  outer loop
    vertex 3.00000014088041 -12.8020850688353 60.6815765856633
    vertex 1.4000001486478 -12.4500035445478 60.4114148073829
    vertex 1.40000014088041 -12.8020850678486 60.6815764719458
  endloop
endfacet
facet normal -2.24043584741148e-008 0.608761442858748 0.793353329663735
  outer loop
    vertex 1.4000001486478 -12.4500035445478 60.4114148073829
    vertex 3.00000014088041 -12.8020850688353 60.6815765856633
    vertex 3.0000001486478 -12.4500035455346 60.4114149211004
  endloop
endfacet
facet normal -1.71109864694575e-008 0.793353350918739 0.608761415158688
  outer loop
    vertex 1.4000001308043 -13.0722467201185 61.0336580046793
    vertex 3.00000014088041 -12.8020850688353 60.6815765856633
    vertex 1.40000014088041 -12.8020850678486 60.6815764719458
  endloop
endfacet
facet normal -1.71109864694575e-008 0.793353350918739 0.608761415158688
  outer loop
    vertex 3.00000014088041 -12.8020850688353 60.6815765856633
    vertex 1.4000001308043 -13.0722467201185 61.0336580046793
    vertex 3.0000001308043 -13.0722467211052 61.0336581183968
  endloop
endfacet
facet normal -1.06515290141489e-008 0.923879539192014 0.382683416236387
  outer loop
    vertex 1.40000011910614 -13.2420774312186 61.4436656309698
    vertex 3.0000001308043 -13.0722467211052 61.0336581183968
    vertex 1.4000001308043 -13.0722467201185 61.0336580046793
  endloop
endfacet
facet normal -1.06515290141489e-008 0.923879539192014 0.382683416236387
  outer loop
    vertex 3.0000001308043 -13.0722467211052 61.0336581183968
    vertex 1.40000011910614 -13.2420774312186 61.4436656309698
    vertex 3.00000011910614 -13.2420774322054 61.4436657446873
  endloop
endfacet
facet normal -3.46618745900998e-009 0.991444863652482 0.130526174911819
  outer loop
    vertex 1.40000010658314 -13.300003518846 61.8836580086554
    vertex 3.00000011910614 -13.2420774322054 61.4436657446873
    vertex 1.40000011910614 -13.2420774312186 61.4436656309698
  endloop
endfacet
facet normal -3.46618745900998e-009 0.991444863652482 0.130526174911819
  outer loop
    vertex 3.00000011910614 -13.2420774322054 61.4436657446873
    vertex 1.40000010658314 -13.300003518846 61.8836580086554
    vertex 3.00000010658314 -13.3000035198328 61.8836581223729
  endloop
endfacet
facet normal 3.95536904331475e-009 0.991444859095138 -0.130526209528282
  outer loop
    vertex 1.40000009408873 -13.2420774158562 62.3236503843184
    vertex 3.00000010658314 -13.3000035198328 61.8836581223729
    vertex 1.40000010658314 -13.300003518846 61.8836580086554
  endloop
endfacet
facet normal 3.95536904331475e-009 0.991444859095138 -0.130526209528282
  outer loop
    vertex 3.00000010658314 -13.3000035198328 61.8836581223729
    vertex 1.40000009408873 -13.2420774158562 62.3236503843184
    vertex 3.00000009408872 -13.242077416843 62.3236504980359
  endloop
endfacet
facet normal 1.11073736818941e-008 0.923879525830559 -0.382683448493793
  outer loop
    vertex 1.40000008247436 -13.0722466904406 62.7336580046793
    vertex 3.00000009408872 -13.242077416843 62.3236504980359
    vertex 1.40000009408873 -13.2420774158562 62.3236503843184
  endloop
endfacet
facet normal 1.11073736818941e-008 0.923879525830559 -0.382683448493793
  outer loop
    vertex 3.00000009408872 -13.242077416843 62.3236504980359
    vertex 1.40000008247436 -13.0722466904406 62.7336580046793
    vertex 3.00000008247436 -13.0722466914274 62.7336581183968
  endloop
endfacet
facet normal 1.75024291598553e-008 0.79335332966373 -0.608761442858755
  outer loop
    vertex 1.40000007253155 -12.8020850258777 63.08573952798
    vertex 3.00000008247436 -13.0722466914274 62.7336581183968
    vertex 1.40000008247436 -13.0722466904406 62.7336580046793
  endloop
endfacet
facet normal 1.75024291598553e-008 0.79335332966373 -0.608761442858755
  outer loop
    vertex 3.00000008247436 -13.0722466914274 62.7336581183968
    vertex 1.40000007253155 -12.8020850258777 63.08573952798
    vertex 3.00000007253155 -12.8020850268645 63.0857396416975
  endloop
endfacet
facet normal 2.27047230147038e-008 0.608761415158694 -0.793353350918734
  outer loop
    vertex 3.00000006493788 -12.450003494131 63.3559012939675
    vertex 1.40000007253155 -12.8020850258777 63.08573952798
    vertex 1.40000006493789 -12.4500034931442 63.35590118025
  endloop
endfacet
facet normal 2.27047230147038e-008 0.608761415158694 -0.793353350918734
  outer loop
    vertex 1.40000007253155 -12.8020850258777 63.08573952798
    vertex 3.00000006493788 -12.450003494131 63.3559012939675
    vertex 3.00000007253155 -12.8020850268645 63.0857396416975
  endloop
endfacet
facet normal 2.63597275174294e-008 0.382683416236392 -0.923879539192012
  outer loop
    vertex 3.00000006021085 -12.0399958678404 63.5257320050676
    vertex 1.40000006493789 -12.4500034931442 63.35590118025
    vertex 1.40000006021085 -12.0399958668536 63.5257318913501
  endloop
endfacet
facet normal 2.63597275174294e-008 0.382683416236392 -0.923879539192012
  outer loop
    vertex 1.40000006493789 -12.4500034931442 63.35590118025
    vertex 3.00000006021085 -12.0399958678404 63.5257320050676
    vertex 3.00000006493788 -12.450003494131 63.3559012939675
  endloop
endfacet
facet normal 2.82183601513516e-008 0.130526174911818 -0.991444863652482
  outer loop
    vertex 3.0000000586726 -11.6000034901549 63.583658092695
    vertex 1.40000006021085 -12.0399958668536 63.5257318913501
    vertex 1.4000000586726 -11.6000034891681 63.5836579789775
  endloop
endfacet
facet normal 2.82183601513516e-008 0.130526174911818 -0.991444863652482
  outer loop
    vertex 1.40000006021085 -12.0399958668536 63.5257318913501
    vertex 3.0000000586726 -11.6000034901549 63.583658092695
    vertex 3.00000006021085 -12.0399958678404 63.5257320050676
  endloop
endfacet
facet normal 2.8153958174004e-008 -0.130526209528288 -0.991444859095137
  outer loop
    vertex 1.40000006042795 -11.1600111135051 63.5257318759877
    vertex 3.0000000586726 -11.6000034901549 63.583658092695
    vertex 1.4000000586726 -11.6000034891681 63.5836579789775
  endloop
endfacet
facet normal 2.8153958174004e-008 -0.130526209528288 -0.991444859095137
  outer loop
    vertex 3.0000000586726 -11.6000034901549 63.583658092695
    vertex 1.40000006042795 -11.1600111135051 63.5257318759877
    vertex 3.00000006042795 -11.1600111144918 63.5257319897052
  endloop
endfacet
facet normal 2.6170910473714e-008 -0.382683448493792 -0.923879525830559
  outer loop
    vertex 1.40000006535728 -10.7500034931442 63.3559011505721
    vertex 3.00000006042795 -11.1600111144918 63.5257319897052
    vertex 1.40000006042795 -11.1600111135051 63.5257318759877
  endloop
endfacet
facet normal 2.6170910473714e-008 -0.382683448493792 -0.923879525830559
  outer loop
    vertex 3.00000006042795 -11.1600111144918 63.5257319897052
    vertex 1.40000006535728 -10.7500034931442 63.3559011505721
    vertex 3.00000006535728 -10.750003494131 63.3559012642896
  endloop
endfacet
facet normal 2.24043584741148e-008 -0.608761442858747 -0.793353329663736
  outer loop
    vertex 1.40000007312466 -10.3979219698434 63.0857394860092
    vertex 3.00000006535728 -10.750003494131 63.3559012642896
    vertex 1.40000006535728 -10.7500034931442 63.3559011505721
  endloop
endfacet
facet normal 2.24043584741148e-008 -0.608761442858747 -0.793353329663736
  outer loop
    vertex 3.00000006535728 -10.750003494131 63.3559012642896
    vertex 1.40000007312466 -10.3979219698434 63.0857394860092
    vertex 3.00000007312466 -10.3979219708302 63.0857395997267
  endloop
endfacet
facet normal 1.71109864694575e-008 -0.793353350918739 -0.608761415158688
  outer loop
    vertex 3.00000008320077 -10.1277603185603 62.7336580669932
    vertex 1.40000007312466 -10.3979219698434 63.0857394860092
    vertex 1.40000008320077 -10.1277603175735 62.7336579532757
  endloop
endfacet
facet normal 1.71109864694575e-008 -0.793353350918739 -0.608761415158688
  outer loop
    vertex 1.40000007312466 -10.3979219698434 63.0857394860092
    vertex 3.00000008320077 -10.1277603185603 62.7336580669932
    vertex 3.00000007312466 -10.3979219708302 63.0857395997267
  endloop
endfacet
facet normal 1.06515290141489e-008 -0.923879539192014 -0.382683416236386
  outer loop
    vertex 3.00000009489893 -9.95792960746015 62.3236504407026
    vertex 1.40000008320077 -10.1277603175735 62.7336579532757
    vertex 1.40000009489893 -9.95792960647338 62.3236503269851
  endloop
endfacet
facet normal 1.06515290141489e-008 -0.923879539192014 -0.382683416236386
  outer loop
    vertex 1.40000008320077 -10.1277603175735 62.7336579532757
    vertex 3.00000009489893 -9.95792960746015 62.3236504407026
    vertex 3.00000008320077 -10.1277603185603 62.7336580669932
  endloop
endfacet
facet normal 3.46618745901003e-009 -0.991444863652482 -0.130526174911821
  outer loop
    vertex 3.00000010742193 -9.90000351983277 61.8836580630171
    vertex 1.40000009489893 -9.95792960647338 62.3236503269851
    vertex 1.40000010742193 -9.900003518846 61.8836579492996
  endloop
endfacet
facet normal 3.46618745901003e-009 -0.991444863652482 -0.130526174911821
  outer loop
    vertex 1.40000009489893 -9.95792960647338 62.3236503269851
    vertex 3.00000010742193 -9.90000351983277 61.8836580630171
    vertex 3.00000009489893 -9.95792960746015 62.3236504407026
  endloop
endfacet
facet normal -3.95536904331477e-009 -0.991444859095138 0.130526209528283
  outer loop
    vertex 3.00000011991635 -9.95792962282255 61.443665687354
    vertex 1.40000010742193 -9.900003518846 61.8836579492996
    vertex 1.40000011991635 -9.95792962183578 61.4436655736365
  endloop
endfacet
facet normal -3.95536904331477e-009 -0.991444859095138 0.130526209528283
  outer loop
    vertex 1.40000010742193 -9.900003518846 61.8836579492996
    vertex 3.00000011991635 -9.95792962282255 61.443665687354
    vertex 3.00000010742193 -9.90000351983277 61.8836580630171
  endloop
endfacet
facet normal -1.11073736818941e-008 -0.923879525830559 0.382683448493794
  outer loop
    vertex 3.00000013153071 -10.1277603482382 61.0336580669932
    vertex 1.40000011991635 -9.95792962183578 61.4436655736365
    vertex 1.40000013153071 -10.1277603472514 61.0336579532757
  endloop
endfacet
facet normal -1.11073736818941e-008 -0.923879525830559 0.382683448493794
  outer loop
    vertex 1.40000011991635 -9.95792962183578 61.4436655736365
    vertex 3.00000013153071 -10.1277603482382 61.0336580669932
    vertex 3.00000011991635 -9.95792962282255 61.443665687354
  endloop
endfacet
facet normal -1.75024291598553e-008 -0.793353329663729 0.608761442858756
  outer loop
    vertex 3.00000014147352 -10.3979220128011 60.6815765436924
    vertex 1.40000013153071 -10.1277603472514 61.0336579532757
    vertex 1.40000014147352 -10.3979220118143 60.6815764299749
  endloop
endfacet
facet normal -1.75024291598553e-008 -0.793353329663729 0.608761442858756
  outer loop
    vertex 1.40000013153071 -10.1277603472514 61.0336579532757
    vertex 3.00000014147352 -10.3979220128011 60.6815765436924
    vertex 3.00000013153071 -10.1277603482382 61.0336580669932
  endloop
endfacet
facet normal -2.27047230147038e-008 -0.608761415158694 0.793353350918734
  outer loop
    vertex 1.40000014906719 -10.7500035445478 60.411414777705
    vertex 3.00000014147352 -10.3979220128011 60.6815765436924
    vertex 1.40000014147352 -10.3979220118143 60.6815764299749
  endloop
endfacet
facet normal -2.27047230147038e-008 -0.608761415158694 0.793353350918734
  outer loop
    vertex 3.00000014147352 -10.3979220128011 60.6815765436924
    vertex 1.40000014906719 -10.7500035445478 60.411414777705
    vertex 3.00000014906719 -10.7500035455346 60.4114148914225
  endloop
endfacet
facet normal 2.2704723014704e-008 0.608761415158683 -0.793353350918742
  outer loop
    vertex 3.00000059941016 -12.4500038223337 44.5559012934342
    vertex 1.40000060571344 -12.8021635954501 44.2857310309757
    vertex 1.40000059811977 -12.4500820627166 44.5558926832456
  endloop
endfacet
facet normal 2.2704723014704e-008 0.608761415158683 -0.793353350918742
  outer loop
    vertex 1.40000060571344 -12.8021635954501 44.2857310309757
    vertex 3.00000059941016 -12.4500038223337 44.5559012934342
    vertex 3.00000060700383 -12.8020853550672 44.2857396411643
  endloop
endfacet
facet normal 2.63597275174297e-008 0.382683416236368 -0.923879539192021
  outer loop
    vertex 3.00000059468313 -12.0399961960432 44.7257320045343
    vertex 1.40000059811977 -12.4500820627166 44.5558926832456
    vertex 1.40000059339274 -12.040074436426 44.7257233943457
  endloop
endfacet
facet normal 2.63597275174297e-008 0.382683416236368 -0.923879539192021
  outer loop
    vertex 1.40000059811977 -12.4500820627166 44.5558926832456
    vertex 3.00000059468313 -12.0399961960432 44.7257320045343
    vertex 3.00000059941016 -12.4500038223337 44.5559012934342
  endloop
endfacet
facet normal 2.82183601513516e-008 0.130526174911818 -0.991444863652482
  outer loop
    vertex 3.00000059314487 -11.6000038183576 44.7836580921617
    vertex 1.40000059339274 -12.040074436426 44.7257233943457
    vertex 1.40000059185448 -11.6000820587405 44.7836494819731
  endloop
endfacet
facet normal 2.82183601513516e-008 0.130526174911818 -0.991444863652482
  outer loop
    vertex 1.40000059339274 -12.040074436426 44.7257233943457
    vertex 3.00000059314487 -11.6000038183576 44.7836580921617
    vertex 3.00000059468313 -12.0399961960432 44.7257320045343
  endloop
endfacet
facet normal 2.8153958174004e-008 -0.130526209528288 -0.991444859095137
  outer loop
    vertex 1.40000059360983 -11.1600896830774 44.7257233789833
    vertex 3.00000059314487 -11.6000038183576 44.7836580921617
    vertex 1.40000059185448 -11.6000820587405 44.7836494819731
  endloop
endfacet
facet normal 2.8153958174004e-008 -0.130526209528288 -0.991444859095137
  outer loop
    vertex 3.00000059314487 -11.6000038183576 44.7836580921617
    vertex 1.40000059360983 -11.1600896830774 44.7257233789833
    vertex 3.00000059490022 -11.1600114426946 44.7257319891719
  endloop
endfacet
facet normal 2.61709104737138e-008 -0.382683448493804 -0.923879525830554
  outer loop
    vertex 1.40000059853916 -10.7500820627166 44.5558926535677
    vertex 3.00000059490022 -11.1600114426946 44.7257319891719
    vertex 1.40000059360983 -11.1600896830774 44.7257233789833
  endloop
endfacet
facet normal 2.61709104737138e-008 -0.382683448493804 -0.923879525830554
  outer loop
    vertex 3.00000059490022 -11.1600114426946 44.7257319891719
    vertex 1.40000059853916 -10.7500820627166 44.5558926535677
    vertex 3.00000059982955 -10.7500038223337 44.5559012637563
  endloop
endfacet
facet normal 2.24043584741146e-008 -0.608761442858758 -0.793353329663727
  outer loop
    vertex 1.40000060630655 -10.3980005394158 44.2857309890048
    vertex 3.00000059982955 -10.7500038223337 44.5559012637563
    vertex 1.40000059853916 -10.7500820627166 44.5558926535677
  endloop
endfacet
facet normal 2.24043584741146e-008 -0.608761442858758 -0.793353329663727
  outer loop
    vertex 3.00000059982955 -10.7500038223337 44.5559012637563
    vertex 1.40000060630655 -10.3980005394158 44.2857309890048
    vertex 3.00000060759694 -10.397922299033 44.2857395991934
  endloop
endfacet
facet normal 1.71109864694572e-008 -0.793353350918747 -0.608761415158677
  outer loop
    vertex 3.00000061767305 -10.1277606467631 43.9336580664599
    vertex 1.40000060630655 -10.3980005394158 44.2857309890048
    vertex 1.40000061638265 -10.1278388871459 43.9336494562713
  endloop
endfacet
facet normal 1.71109864694572e-008 -0.793353350918747 -0.608761415158677
  outer loop
    vertex 1.40000060630655 -10.3980005394158 44.2857309890048
    vertex 3.00000061767305 -10.1277606467631 43.9336580664599
    vertex 3.00000060759694 -10.397922299033 44.2857395991934
  endloop
endfacet
facet normal 1.06515290141487e-008 -0.923879539192017 -0.382683416236379
  outer loop
    vertex 3.00000062937121 -9.95792993566293 43.5236504401693
    vertex 1.40000061638265 -10.1278388871459 43.9336494562713
    vertex 1.40000062808081 -9.95800817604576 43.5236418299807
  endloop
endfacet
facet normal 1.06515290141487e-008 -0.923879539192017 -0.382683416236379
  outer loop
    vertex 1.40000061638265 -10.1278388871459 43.9336494562713
    vertex 3.00000062937121 -9.95792993566293 43.5236504401693
    vertex 3.00000061767305 -10.1277606467631 43.9336580664599
  endloop
endfacet
facet normal 3.46618745900974e-009 -0.991444863652483 -0.130526174911811
  outer loop
    vertex 3.00000064189421 -9.90000384803555 43.0836580624838
    vertex 1.40000062808081 -9.95800817604576 43.5236418299807
    vertex 1.40000064060381 -9.90008208841839 43.0836494522952
  endloop
endfacet
facet normal 3.46618745900974e-009 -0.991444863652483 -0.130526174911811
  outer loop
    vertex 1.40000062808081 -9.95800817604576 43.5236418299807
    vertex 3.00000064189421 -9.90000384803555 43.0836580624838
    vertex 3.00000062937121 -9.95792993566293 43.5236504401693
  endloop
endfacet
facet normal -3.95536904331506e-009 -0.991444859095137 0.130526209528293
  outer loop
    vertex 3.00000065438862 -9.95792995102535 42.6436656868208
    vertex 1.40000064060381 -9.90008208841839 43.0836494522952
    vertex 1.40000065309823 -9.95800819140818 42.6436570766322
  endloop
endfacet
facet normal -3.95536904331506e-009 -0.991444859095137 0.130526209528293
  outer loop
    vertex 1.40000064060381 -9.90008208841839 43.0836494522952
    vertex 3.00000065438862 -9.95792995102535 42.6436656868208
    vertex 3.00000064189421 -9.90000384803555 43.0836580624838
  endloop
endfacet
facet normal -1.11073736818943e-008 -0.923879525830556 0.382683448493801
  outer loop
    vertex 3.00000066600299 -10.127760676441 42.2336580664599
    vertex 1.40000065309823 -9.95800819140818 42.6436570766322
    vertex 1.40000066471259 -10.1278389168238 42.2336494562713
  endloop
endfacet
facet normal -1.11073736818943e-008 -0.923879525830556 0.382683448493801
  outer loop
    vertex 1.40000065309823 -9.95800819140818 42.6436570766322
    vertex 3.00000066600299 -10.127760676441 42.2336580664599
    vertex 3.00000065438862 -9.95792995102535 42.6436656868208
  endloop
endfacet
facet normal -1.75024291598554e-008 -0.793353329663725 0.608761442858761
  outer loop
    vertex 3.0000006759458 -10.3979223410039 41.8815765431591
    vertex 1.40000066471259 -10.1278389168238 42.2336494562713
    vertex 1.4000006746554 -10.3980005813867 41.8815679329705
  endloop
endfacet
facet normal -1.75024291598554e-008 -0.793353329663725 0.608761442858761
  outer loop
    vertex 1.40000066471259 -10.1278389168238 42.2336494562713
    vertex 3.0000006759458 -10.3979223410039 41.8815765431591
    vertex 3.00000066600299 -10.127760676441 42.2336580664599
  endloop
endfacet
facet normal -2.27047230147041e-008 -0.608761415158683 0.793353350918742
  outer loop
    vertex 1.40000068224907 -10.7500821141202 41.6114062807006
    vertex 3.0000006759458 -10.3979223410039 41.8815765431591
    vertex 1.4000006746554 -10.3980005813867 41.8815679329705
  endloop
endfacet
facet normal -2.27047230147041e-008 -0.608761415158683 0.793353350918742
  outer loop
    vertex 3.0000006759458 -10.3979223410039 41.8815765431591
    vertex 1.40000068224907 -10.7500821141202 41.6114062807006
    vertex 3.00000068353947 -10.7500038737374 41.6114148908892
  endloop
endfacet
facet normal -2.63597275174295e-008 -0.382683416236379 0.923879539192017
  outer loop
    vertex 1.4000006869761 -11.1600897404108 41.4415755696005
    vertex 3.00000068353947 -10.7500038737374 41.6114148908892
    vertex 1.40000068224907 -10.7500821141202 41.6114062807006
  endloop
endfacet
facet normal -2.63597275174295e-008 -0.382683416236379 0.923879539192017
  outer loop
    vertex 3.00000068353947 -10.7500038737374 41.6114148908892
    vertex 1.4000006869761 -11.1600897404108 41.4415755696005
    vertex 3.0000006882665 -11.1600115000279 41.4415841797891
  endloop
endfacet
facet normal -2.82183601513516e-008 -0.130526174911806 0.991444863652484
  outer loop
    vertex 1.40000068851436 -11.6000821180963 41.3836494819731
    vertex 3.0000006882665 -11.1600115000279 41.4415841797891
    vertex 1.4000006869761 -11.1600897404108 41.4415755696005
  endloop
endfacet
facet normal -2.82183601513516e-008 -0.130526174911806 0.991444863652484
  outer loop
    vertex 3.0000006882665 -11.1600115000279 41.4415841797891
    vertex 1.40000068851436 -11.6000821180963 41.3836494819731
    vertex 3.00000068980475 -11.6000038777135 41.3836580921617
  endloop
endfacet
facet normal -2.8153958174004e-008 0.130526209528288 0.991444859095137
  outer loop
    vertex 3.0000006880494 -12.0399962533765 41.4415841951515
    vertex 1.40000068851436 -11.6000821180963 41.3836494819731
    vertex 1.40000068675901 -12.0400744937593 41.4415755849629
  endloop
endfacet
facet normal -2.8153958174004e-008 0.130526209528288 0.991444859095137
  outer loop
    vertex 1.40000068851436 -11.6000821180963 41.3836494819731
    vertex 3.0000006880494 -12.0399962533765 41.4415841951515
    vertex 3.00000068980475 -11.6000038777135 41.3836580921617
  endloop
endfacet
facet normal -2.61709104737138e-008 0.382683448493804 0.923879525830554
  outer loop
    vertex 3.00000068312007 -12.4500038737374 41.6114149205671
    vertex 1.40000068675901 -12.0400744937593 41.4415755849629
    vertex 1.40000068182968 -12.4500821141202 41.6114063103785
  endloop
endfacet
facet normal -2.61709104737138e-008 0.382683448493804 0.923879525830554
  outer loop
    vertex 1.40000068675901 -12.0400744937593 41.4415755849629
    vertex 3.00000068312007 -12.4500038737374 41.6114149205671
    vertex 3.0000006880494 -12.0399962533765 41.4415841951515
  endloop
endfacet
facet normal -2.24043584741146e-008 0.608761442858758 0.793353329663727
  outer loop
    vertex 3.00000067535269 -12.8020853970381 41.88157658513
    vertex 1.40000068182968 -12.4500821141202 41.6114063103785
    vertex 1.40000067406229 -12.802163637421 41.8815679749414
  endloop
endfacet
facet normal -2.24043584741146e-008 0.608761442858758 0.793353329663727
  outer loop
    vertex 1.40000068182968 -12.4500821141202 41.6114063103785
    vertex 3.00000067535269 -12.8020853970381 41.88157658513
    vertex 3.00000068312007 -12.4500038737374 41.6114149205671
  endloop
endfacet
facet normal -1.71109864694572e-008 0.793353350918747 0.608761415158677
  outer loop
    vertex 1.40000066398619 -13.0723252896909 42.2336495076749
    vertex 3.00000067535269 -12.8020853970381 41.88157658513
    vertex 1.40000067406229 -12.802163637421 41.8815679749414
  endloop
endfacet
facet normal -1.71109864694572e-008 0.793353350918747 0.608761415158677
  outer loop
    vertex 3.00000067535269 -12.8020853970381 41.88157658513
    vertex 1.40000066398619 -13.0723252896909 42.2336495076749
    vertex 3.00000066527658 -13.072247049308 42.2336581178635
  endloop
endfacet
facet normal -1.06515290141487e-008 0.923879539192017 0.382683416236379
  outer loop
    vertex 1.40000065228803 -13.242156000791 42.6436571339655
    vertex 3.00000066527658 -13.072247049308 42.2336581178635
    vertex 1.40000066398619 -13.0723252896909 42.2336495076749
  endloop
endfacet
facet normal -1.06515290141487e-008 0.923879539192017 0.382683416236379
  outer loop
    vertex 3.00000066527658 -13.072247049308 42.2336581178635
    vertex 1.40000065228803 -13.242156000791 42.6436571339655
    vertex 3.00000065357842 -13.2420777604082 42.6436657441541
  endloop
endfacet
facet normal -3.46618745900972e-009 0.991444863652484 0.13052617491181
  outer loop
    vertex 1.40000063976503 -13.3000820884184 43.083649511651
    vertex 3.00000065357842 -13.2420777604082 42.6436657441541
    vertex 1.40000065228803 -13.242156000791 42.6436571339655
  endloop
endfacet
facet normal -3.46618745900972e-009 0.991444863652484 0.13052617491181
  outer loop
    vertex 3.00000065357842 -13.2420777604082 42.6436657441541
    vertex 1.40000063976503 -13.3000820884184 43.083649511651
    vertex 3.00000064105542 -13.3000038480355 43.0836581218396
  endloop
endfacet
facet normal 3.95536904331506e-009 0.991444859095137 -0.130526209528293
  outer loop
    vertex 1.40000062727061 -13.2421559854286 43.5236418873141
    vertex 3.00000064105542 -13.3000038480355 43.0836581218396
    vertex 1.40000063976503 -13.3000820884184 43.083649511651
  endloop
endfacet
facet normal 3.95536904331506e-009 0.991444859095137 -0.130526209528293
  outer loop
    vertex 3.00000064105542 -13.3000038480355 43.0836581218396
    vertex 1.40000062727061 -13.2421559854286 43.5236418873141
    vertex 3.000000628561 -13.2420777450458 43.5236504975027
  endloop
endfacet
facet normal 1.11073736818943e-008 0.923879525830556 -0.382683448493801
  outer loop
    vertex 1.40000061565625 -13.072325260013 43.9336495076749
    vertex 3.000000628561 -13.2420777450458 43.5236504975027
    vertex 1.40000062727061 -13.2421559854286 43.5236418873141
  endloop
endfacet
facet normal 1.11073736818943e-008 0.923879525830556 -0.382683448493801
  outer loop
    vertex 3.000000628561 -13.2420777450458 43.5236504975027
    vertex 1.40000061565625 -13.072325260013 43.9336495076749
    vertex 3.00000061694664 -13.0722470196301 43.9336581178635
  endloop
endfacet
facet normal 1.75024291598554e-008 0.793353329663725 -0.608761442858761
  outer loop
    vertex 1.40000060571344 -12.8021635954501 44.2857310309757
    vertex 3.00000061694664 -13.0722470196301 43.9336581178635
    vertex 1.40000061565625 -13.072325260013 43.9336495076749
  endloop
endfacet
facet normal 1.75024291598554e-008 0.793353329663725 -0.608761442858761
  outer loop
    vertex 3.00000061694664 -13.0722470196301 43.9336581178635
    vertex 1.40000060571344 -12.8021635954501 44.2857310309757
    vertex 3.00000060700383 -12.8020853550672 44.2857396411643
  endloop
endfacet
facet normal 1.72966241311824e-010 1.0 -1.7474500822905e-008
  outer loop
    vertex -1.00000004875417 -6.60000343139421 66.8836578917661
    vertex 3.00000097139586 -6.60000405913509 30.9999999667904
    vertex -0.999999028604142 -6.60000405873816 30.9999999667904
  endloop
endfacet
facet normal 1.72966241311824e-010 1.0 -1.7474500822905e-008
  outer loop
    vertex 3.00000097139586 -6.60000405913509 30.9999999667904
    vertex -1.00000004875417 -6.60000343139421 66.8836578917661
    vertex 2.99999995124583 -6.60000343238102 66.8836580054836
  endloop
endfacet
facet normal 1.0 4.43601482866734e-010 2.83589654709635e-008
  outer loop
    vertex 7.50000054258529 -9.60000028351691 1.27968544916257e-007
    vertex 7.50000003388093 0.197918508433596 9.29791847196781
    vertex 7.49999994737421 -9.59999991113297 21.0000000608048
  endloop
endfacet
facet normal 1.0 4.43601482866734e-010 2.83589654709635e-008
  outer loop
    vertex 7.50000003388093 0.197918508433596 9.29791847196781
    vertex 7.50000054258529 -9.60000028351691 1.27968544916257e-007
    vertex 7.50000004160924 0.550000036450725 9.02775681355139
  endloop
endfacet
facet normal 1.0 4.43601482866734e-010 2.83589654709635e-008
  outer loop
    vertex 7.50000004160924 0.550000036450725 9.02775681355139
    vertex 7.50000054258529 -9.60000028351691 1.27968544916257e-007
    vertex 7.50000004650249 0.960007659776441 8.85792609529352
  endloop
endfacet
facet normal 1.0 4.43601482866734e-010 2.83589654709635e-008
  outer loop
    vertex 7.50000004650249 0.960007659776441 8.85792609529352
    vertex 7.50000054258529 -9.60000028351691 1.27968544916257e-007
    vertex 7.50000051150874 61.3999997683159 -1.13678780992998e-006
  endloop
endfacet
facet normal 1.0 4.43601482866734e-010 2.83589654709635e-008
  outer loop
    vertex 7.49999994737421 -9.59999991113297 21.0000000608048
    vertex 7.50000003388093 0.197918508433596 9.29791847196781
    vertex 7.50000002384422 -0.0722431499828181 9.64999999998494
  endloop
endfacet
facet normal 1.0 4.43601482866734e-010 2.83589654709635e-008
  outer loop
    vertex 7.49999994737421 -9.59999991113297 21.0000000608048
    vertex 7.50000002384422 -0.0722431499828181 9.64999999998494
    vertex 7.50000001218311 -0.242073868240689 10.0600076233106
  endloop
endfacet
facet normal 1.0 4.43601482866734e-010 2.83589654709635e-008
  outer loop
    vertex 7.49999994737421 -9.59999991113297 21.0000000608048
    vertex 7.50000001218311 -0.242073868240689 10.0600076233106
    vertex 7.49999999969227 -0.299999963549273 10.4999999999849
  endloop
endfacet
facet normal 1.0 4.43601482866734e-010 2.83589654709635e-008
  outer loop
    vertex 7.50000004650249 0.960007659776441 8.85792609529352
    vertex 7.50000051150874 61.3999997683159 -1.13678780992998e-006
    vertex 7.50000004822721 1.40000003645072 8.79999999998494
  endloop
endfacet
facet normal 1.0 4.43601482866734e-010 2.83589654709635e-008
  outer loop
    vertex 7.50000004822721 1.40000003645072 8.79999999998494
    vertex 7.50000051150874 61.3999997683159 -1.13678780992998e-006
    vertex 7.50000004666586 1.83999241312501 8.85792609529352
  endloop
endfacet
facet normal 1.0 4.43601482866734e-010 2.83589654709635e-008
  outer loop
    vertex 7.50000004666586 1.83999241312501 8.85792609529352
    vertex 7.50000051150874 61.3999997683159 -1.13678780992998e-006
    vertex 7.50000004192485 2.25000003645072 9.02775681355139
  endloop
endfacet
facet normal 1.0 4.43601482866734e-010 2.83589654709635e-008
  outer loop
    vertex 7.50000004192485 2.25000003645072 9.02775681355139
    vertex 7.50000051150874 61.3999997683159 -1.13678780992998e-006
    vertex 7.50000003432726 2.60208156446785 9.29791847196781
  endloop
endfacet
facet normal 1.0 4.43601482866734e-010 2.83589654709635e-008
  outer loop
    vertex 7.50000003432726 2.60208156446785 9.29791847196781
    vertex 7.50000051150874 61.3999997683159 -1.13678780992998e-006
    vertex 7.50000002439087 2.87224322288427 9.64999999998494
  endloop
endfacet
facet normal 1.0 4.43601482866734e-010 2.83589654709635e-008
  outer loop
    vertex 7.50000002439087 2.87224322288427 9.64999999998494
    vertex 7.50000051150874 61.3999997683159 -1.13678780992998e-006
    vertex 7.50000001279282 3.04207394114214 10.0600076233106
  endloop
endfacet
facet normal 1.0 4.43601482866734e-010 2.83589654709635e-008
  outer loop
    vertex 7.50000001279282 3.04207394114214 10.0600076233106
    vertex 7.50000051150874 61.3999997683159 -1.13678780992998e-006
    vertex 7.50000000032349 3.10000003645072 10.4999999999849
  endloop
endfacet
facet normal 1.0 4.43601482866734e-010 2.83589654709635e-008
  outer loop
    vertex 7.50000000032349 3.10000003645072 10.4999999999849
    vertex 7.50000051150874 61.3999997683159 -1.13678780992998e-006
    vertex 7.49999994015385 6.49999999502863 20.9999997985981
  endloop
endfacet
facet normal 1.0 4.43601482866734e-010 2.83589654709635e-008
  outer loop
    vertex 7.49999994015385 6.49999999502863 20.9999997985981
    vertex 7.50000051150874 61.3999997683159 -1.13678780992998e-006
    vertex 7.50000002384405 54.9277568500173 9.64999999998492
  endloop
endfacet
facet normal 1.0 4.43601482866734e-010 2.83589654709635e-008
  outer loop
    vertex 7.49999994015385 6.49999999502863 20.9999997985981
    vertex 7.50000002384405 54.9277568500173 9.64999999998492
    vertex 7.50000001218294 54.7579261317594 10.0600076233106
  endloop
endfacet
facet normal 1.0 4.43601482866734e-010 2.83589654709635e-008
  outer loop
    vertex 7.49999994015385 6.49999999502863 20.9999997985981
    vertex 7.50000001218294 54.7579261317594 10.0600076233106
    vertex 7.4999999996921 54.7000000364508 10.4999999999849
  endloop
endfacet
facet normal 1.0 4.43601482866734e-010 2.83589654709635e-008
  outer loop
    vertex 7.50000002384405 54.9277568500173 9.64999999998492
    vertex 7.50000051150874 61.3999997683159 -1.13678780992998e-006
    vertex 7.50000003388076 55.1979185084337 9.2979184719678
  endloop
endfacet
facet normal 1.0 4.43601482866734e-010 2.83589654709635e-008
  outer loop
    vertex 7.50000003388076 55.1979185084337 9.2979184719678
    vertex 7.50000051150874 61.3999997683159 -1.13678780992998e-006
    vertex 7.50000004160907 55.5500000364508 9.02775681355139
  endloop
endfacet
facet normal 1.0 4.43601482866734e-010 2.83589654709635e-008
  outer loop
    vertex 7.50000004160907 55.5500000364508 9.02775681355139
    vertex 7.50000051150874 61.3999997683159 -1.13678780992998e-006
    vertex 7.50000004650232 55.9600076597765 8.85792609529352
  endloop
endfacet
facet normal 1.0 4.43601482866734e-010 2.83589654709635e-008
  outer loop
    vertex 7.50000004650232 55.9600076597765 8.85792609529352
    vertex 7.50000051150874 61.3999997683159 -1.13678780992998e-006
    vertex 7.50000004822704 56.4000000364508 8.79999999998494
  endloop
endfacet
facet normal 1.0 4.43601482866734e-010 2.83589654709635e-008
  outer loop
    vertex 7.50000004822704 56.4000000364508 8.79999999998494
    vertex 7.50000051150874 61.3999997683159 -1.13678780992998e-006
    vertex 7.50000004666569 56.8399924131251 8.85792609529352
  endloop
endfacet
facet normal 1.0 4.43601482866734e-010 2.83589654709635e-008
  outer loop
    vertex 7.50000004666569 56.8399924131251 8.85792609529352
    vertex 7.50000051150874 61.3999997683159 -1.13678780992998e-006
    vertex 7.50000004192468 57.2500000364508 9.0277568135514
  endloop
endfacet
facet normal 1.0 4.43601482866734e-010 2.83589654709635e-008
  outer loop
    vertex 7.50000004192468 57.2500000364508 9.0277568135514
    vertex 7.50000051150874 61.3999997683159 -1.13678780992998e-006
    vertex 7.5000000343271 57.6020815644679 9.29791847196781
  endloop
endfacet
facet normal 1.0 4.43601482866734e-010 2.83589654709635e-008
  outer loop
    vertex 7.5000000343271 57.6020815644679 9.29791847196781
    vertex 7.50000051150874 61.3999997683159 -1.13678780992998e-006
    vertex 7.5000000243907 57.8722432228844 9.64999999998495
  endloop
endfacet
facet normal 1.0 4.43601482866734e-010 2.83589654709635e-008
  outer loop
    vertex 7.5000000243907 57.8722432228844 9.64999999998495
    vertex 7.50000051150874 61.3999997683159 -1.13678780992998e-006
    vertex 7.50000001279265 58.0420739411422 10.0600076233107
  endloop
endfacet
facet normal 1.0 4.43601482866734e-010 2.83589654709635e-008
  outer loop
    vertex 7.50000001279265 58.0420739411422 10.0600076233107
    vertex 7.50000051150874 61.3999997683159 -1.13678780992998e-006
    vertex 7.50000000032332 58.1000000364508 10.4999999999849
  endloop
endfacet
facet normal 1.0 4.43601482866734e-010 2.83589654709635e-008
  outer loop
    vertex 7.49999994015385 6.49999999502863 20.9999997985981
    vertex 7.49999997562472 54.9277568500172 11.3499999999849
    vertex 7.49999991553288 61.4000001409465 20.9999989044893
  endloop
endfacet
facet normal 1.0 4.43601482866734e-010 2.83589654709635e-008
  outer loop
    vertex 7.49999997562472 54.9277568500172 11.3499999999849
    vertex 7.49999994015385 6.49999999502863 20.9999997985981
    vertex 7.49999998722278 54.7579261317594 10.9399923766592
  endloop
endfacet
facet normal 1.0 4.43601482866734e-010 2.83589654709635e-008
  outer loop
    vertex 7.49999998722278 54.7579261317594 10.9399923766592
    vertex 7.49999994015385 6.49999999502863 20.9999997985981
    vertex 7.4999999996921 54.7000000364508 10.4999999999849
  endloop
endfacet
facet normal 1.0 4.43601482866734e-010 2.83589654709635e-008
  outer loop
    vertex 7.49999991553288 61.4000001409465 20.9999989044893
    vertex 7.49999997562472 54.9277568500172 11.3499999999849
    vertex 7.49999996568833 55.1979185084337 11.7020815280021
  endloop
endfacet
facet normal 1.0 4.43601482866734e-010 2.83589654709635e-008
  outer loop
    vertex 7.49999991553288 61.4000001409465 20.9999989044893
    vertex 7.49999996568833 55.1979185084337 11.7020815280021
    vertex 7.49999995809074 55.5500000364508 11.9722431864185
  endloop
endfacet
facet normal 1.0 4.43601482866734e-010 2.83589654709635e-008
  outer loop
    vertex 7.49999991553288 61.4000001409465 20.9999989044893
    vertex 7.49999995809074 55.5500000364508 11.9722431864185
    vertex 7.49999995334973 55.9600076597765 12.1420739046763
  endloop
endfacet
facet normal 1.0 4.43601482866734e-010 2.83589654709635e-008
  outer loop
    vertex 7.49999991553288 61.4000001409465 20.9999989044893
    vertex 7.49999995334973 55.9600076597765 12.1420739046763
    vertex 7.49999995178838 56.4000000364508 12.1999999999849
  endloop
endfacet
facet normal 1.0 4.43601482866734e-010 2.83589654709635e-008
  outer loop
    vertex 7.49999991553288 61.4000001409465 20.9999989044893
    vertex 7.49999995178838 56.4000000364508 12.1999999999849
    vertex 7.4999999535131 56.8399924131251 12.1420739046763
  endloop
endfacet
facet normal 1.0 4.43601482866734e-010 2.83589654709635e-008
  outer loop
    vertex 7.49999991553288 61.4000001409465 20.9999989044893
    vertex 7.4999999535131 56.8399924131251 12.1420739046763
    vertex 7.49999995840635 57.2500000364508 11.9722431864185
  endloop
endfacet
facet normal 1.0 4.43601482866734e-010 2.83589654709635e-008
  outer loop
    vertex 7.49999991553288 61.4000001409465 20.9999989044893
    vertex 7.49999995840635 57.2500000364508 11.9722431864185
    vertex 7.49999996613467 57.6020815644679 11.7020815280021
  endloop
endfacet
facet normal 1.0 4.43601482866734e-010 2.83589654709635e-008
  outer loop
    vertex 7.49999991553288 61.4000001409465 20.9999989044893
    vertex 7.49999996613467 57.6020815644679 11.7020815280021
    vertex 7.49999997617137 57.8722432228843 11.3499999999849
  endloop
endfacet
facet normal 1.0 4.43601482866734e-010 2.83589654709635e-008
  outer loop
    vertex 7.49999991553288 61.4000001409465 20.9999989044893
    vertex 7.49999997617137 57.8722432228843 11.3499999999849
    vertex 7.49999998783249 58.0420739411422 10.9399923766592
  endloop
endfacet
facet normal 1.0 4.43601482866734e-010 2.83589654709635e-008
  outer loop
    vertex 7.49999991553288 61.4000001409465 20.9999989044893
    vertex 7.49999998783249 58.0420739411422 10.9399923766592
    vertex 7.50000000032332 58.1000000364508 10.4999999999849
  endloop
endfacet
facet normal 1.0 4.43601482866734e-010 2.83589654709635e-008
  outer loop
    vertex 7.49999991553288 61.4000001409465 20.9999989044893
    vertex 7.50000000032332 58.1000000364508 10.4999999999849
    vertex 7.50000051150874 61.3999997683159 -1.13678780992998e-006
  endloop
endfacet
facet normal 1.0 4.43601482866734e-010 2.83589654709635e-008
  outer loop
    vertex 7.49999999969227 -0.299999963549273 10.4999999999849
    vertex 7.49999994309133 -0.0500021193846493 20.9999999052723
    vertex 7.49999994737421 -9.59999991113297 21.0000000608048
  endloop
endfacet
facet normal 1.0 4.43601482866734e-010 2.83589654709635e-008
  outer loop
    vertex 7.49999994309133 -0.0500021193846493 20.9999999052723
    vertex 7.49999999969227 -0.299999963549273 10.4999999999849
    vertex 7.49999998722295 -0.242073868240689 10.9399923766592
  endloop
endfacet
facet normal 1.0 4.43601482866734e-010 2.83589654709635e-008
  outer loop
    vertex 7.49999994309133 -0.0500021193846493 20.9999999052723
    vertex 7.49999998722295 -0.242073868240689 10.9399923766592
    vertex 7.49999997562489 -0.0722431499828209 11.3499999999849
  endloop
endfacet
facet normal 1.0 4.43601482866734e-010 2.83589654709635e-008
  outer loop
    vertex 7.49999994309133 -0.0500021193846493 20.9999999052723
    vertex 7.49999997562489 -0.0722431499828209 11.3499999999849
    vertex 7.4999999656885 0.197918508433594 11.7020815280021
  endloop
endfacet
facet normal 1.0 4.43601482866734e-010 2.83589654709635e-008
  outer loop
    vertex 7.49999994309133 -0.0500021193846493 20.9999999052723
    vertex 7.4999999656885 0.197918508433594 11.7020815280021
    vertex 7.49999994015385 6.49999999502863 20.9999997985981
  endloop
endfacet
facet normal 1.0 4.43601482866734e-010 2.83589654709635e-008
  outer loop
    vertex 7.49999994015385 6.49999999502863 20.9999997985981
    vertex 7.4999999656885 0.197918508433594 11.7020815280021
    vertex 7.49999995809091 0.550000036450725 11.9722431864185
  endloop
endfacet
facet normal 1.0 4.43601482866734e-010 2.83589654709635e-008
  outer loop
    vertex 7.49999994015385 6.49999999502863 20.9999997985981
    vertex 7.49999995809091 0.550000036450725 11.9722431864185
    vertex 7.4999999533499 0.960007659776438 12.1420739046763
  endloop
endfacet
facet normal 1.0 4.43601482866734e-010 2.83589654709635e-008
  outer loop
    vertex 7.49999994015385 6.49999999502863 20.9999997985981
    vertex 7.4999999533499 0.960007659776438 12.1420739046763
    vertex 7.49999995178855 1.40000003645072 12.1999999999849
  endloop
endfacet
facet normal 1.0 4.43601482866734e-010 2.83589654709635e-008
  outer loop
    vertex 7.49999994015385 6.49999999502863 20.9999997985981
    vertex 7.49999995178855 1.40000003645072 12.1999999999849
    vertex 7.49999995351327 1.83999241312501 12.1420739046763
  endloop
endfacet
facet normal 1.0 4.43601482866734e-010 2.83589654709635e-008
  outer loop
    vertex 7.49999994015385 6.49999999502863 20.9999997985981
    vertex 7.49999995351327 1.83999241312501 12.1420739046763
    vertex 7.49999995840652 2.25000003645072 11.9722431864185
  endloop
endfacet
facet normal 1.0 4.43601482866734e-010 2.83589654709635e-008
  outer loop
    vertex 7.49999994015385 6.49999999502863 20.9999997985981
    vertex 7.49999995840652 2.25000003645072 11.9722431864185
    vertex 7.49999996613484 2.60208156446785 11.7020815280021
  endloop
endfacet
facet normal 1.0 4.43601482866734e-010 2.83589654709635e-008
  outer loop
    vertex 7.49999994015385 6.49999999502863 20.9999997985981
    vertex 7.49999996613484 2.60208156446785 11.7020815280021
    vertex 7.49999997617154 2.87224322288426 11.3499999999849
  endloop
endfacet
facet normal 1.0 4.43601482866734e-010 2.83589654709635e-008
  outer loop
    vertex 7.49999994015385 6.49999999502863 20.9999997985981
    vertex 7.49999997617154 2.87224322288426 11.3499999999849
    vertex 7.49999998783265 3.04207394114214 10.9399923766592
  endloop
endfacet
facet normal 1.0 4.43601482866734e-010 2.83589654709635e-008
  outer loop
    vertex 7.49999994015385 6.49999999502863 20.9999997985981
    vertex 7.49999998783265 3.04207394114214 10.9399923766592
    vertex 7.50000000032349 3.10000003645072 10.4999999999849
  endloop
endfacet
facet normal 1.85653469508853e-010 1.0 -1.75230240101094e-008
  outer loop
    vertex 5.49999991553288 61.4000001413178 20.9999988477607
    vertex 7.50000051150874 61.3999997683159 -1.13678780992998e-006
    vertex 5.50000051150875 61.3999997686872 -1.19351643270704e-006
  endloop
endfacet
facet normal 1.85653469508853e-010 1.0 -1.75230240101094e-008
  outer loop
    vertex 7.50000051150874 61.3999997683159 -1.13678780992998e-006
    vertex 5.49999991553288 61.4000001413178 20.9999988477607
    vertex 7.49999991553288 61.4000001409465 20.9999989044893
  endloop
endfacet
facet normal 2.83643115756834e-008 -1.78134697611472e-008 -1.0
  outer loop
    vertex 7.50000051150874 61.3999997683159 -1.13678780992998e-006
    vertex 5.5000005425853 -9.6000002831456 7.1239922139199e-008
    vertex 5.50000051150875 61.3999997686872 -1.19351643270704e-006
  endloop
endfacet
facet normal 2.83643115756834e-008 -1.78134697611472e-008 -1.0
  outer loop
    vertex 5.5000005425853 -9.6000002831456 7.1239922139199e-008
    vertex 7.50000051150874 61.3999997683159 -1.13678780992998e-006
    vertex 7.50000054258529 -9.60000028351691 1.27968544916257e-007
  endloop
endfacet
facet normal 3.88634971644272e-009 0.99144486137381 -0.130526192220053
  outer loop
    vertex 5.50000020360181 54.7579261321307 10.9399923199306
    vertex 7.4999999996921 54.7000000364508 10.4999999999849
    vertex 5.50000021607114 54.7000000368221 10.4999999432563
  endloop
endfacet
facet normal 3.88634971644272e-009 0.99144486137381 -0.130526192220053
  outer loop
    vertex 7.4999999996921 54.7000000364508 10.4999999999849
    vertex 5.50000020360181 54.7579261321307 10.9399923199306
    vertex 7.49999998722278 54.7579261317594 10.9399923766592
  endloop
endfacet
facet normal -3.51822144904198e-009 0.99144486137381 0.130526192220053
  outer loop
    vertex 5.50000021607114 54.7000000368221 10.4999999432563
    vertex 7.50000001218294 54.7579261317594 10.0600076233106
    vertex 5.50000022856197 54.7579261321307 10.060007566582
  endloop
endfacet
facet normal -3.51822144904198e-009 0.99144486137381 0.130526192220053
  outer loop
    vertex 7.50000001218294 54.7579261317594 10.0600076233106
    vertex 5.50000021607114 54.7000000368221 10.4999999432563
    vertex 7.4999999996921 54.7000000364508 10.4999999999849
  endloop
endfacet
facet normal -1.06830316369103e-008 0.923879532511286 0.382683432365093
  outer loop
    vertex 5.50000022856197 54.7579261321307 10.060007566582
    vertex 7.50000002384405 54.9277568500173 9.64999999998492
    vertex 5.50000024022309 54.9277568503886 9.64999994325631
  endloop
endfacet
facet normal -1.06830316369103e-008 0.923879532511286 0.382683432365093
  outer loop
    vertex 7.50000002384405 54.9277568500173 9.64999999998492
    vertex 5.50000022856197 54.7579261321307 10.060007566582
    vertex 7.50000001218294 54.7579261317594 10.0600076233106
  endloop
endfacet
facet normal -1.71198108732681e-008 0.793353340291222 0.608761429008738
  outer loop
    vertex 5.50000024022309 54.9277568503886 9.64999994325631
    vertex 7.50000003388076 55.1979185084337 9.2979184719678
    vertex 5.50000025025979 55.197918508805 9.29791841523918
  endloop
endfacet
facet normal -1.71198108732681e-008 0.793353340291222 0.608761429008738
  outer loop
    vertex 7.50000003388076 55.1979185084337 9.2979184719678
    vertex 5.50000024022309 54.9277568503886 9.64999994325631
    vertex 7.50000002384405 54.9277568500173 9.64999999998492
  endloop
endfacet
facet normal -2.23899032904369e-008 0.608761429008719 0.793353340291236
  outer loop
    vertex 7.50000003388076 55.1979185084337 9.2979184719678
    vertex 5.50000025798811 55.5500000368221 9.02775675682277
    vertex 5.50000025025979 55.197918508805 9.29791841523918
  endloop
endfacet
facet normal -2.23899032904369e-008 0.608761429008719 0.793353340291236
  outer loop
    vertex 5.50000025798811 55.5500000368221 9.02775675682277
    vertex 7.50000003388076 55.1979185084337 9.2979184719678
    vertex 7.50000004160907 55.5500000364508 9.02775681355139
  endloop
endfacet
facet normal -2.61341607994277e-008 0.382683432365084 0.923879532511289
  outer loop
    vertex 7.50000004160907 55.5500000364508 9.02775681355139
    vertex 5.50000026288136 55.9600076601479 8.8579260385649
    vertex 5.50000025798811 55.5500000368221 9.02775675682277
  endloop
endfacet
facet normal -2.61341607994277e-008 0.382683432365084 0.923879532511289
  outer loop
    vertex 5.50000026288136 55.9600076601479 8.8579260385649
    vertex 7.50000004160907 55.5500000364508 9.02775681355139
    vertex 7.50000004650232 55.9600076597765 8.85792609529352
  endloop
endfacet
facet normal -2.80974184386801e-008 0.130526192220047 0.991444861373811
  outer loop
    vertex 7.50000004650232 55.9600076597765 8.85792609529352
    vertex 5.50000026460608 56.4000000368221 8.79999994325632
    vertex 5.50000026288136 55.9600076601479 8.8579260385649
  endloop
endfacet
facet normal -2.80974184386801e-008 0.130526192220047 0.991444861373811
  outer loop
    vertex 5.50000026460608 56.4000000368221 8.79999994325632
    vertex 7.50000004650232 55.9600076597765 8.85792609529352
    vertex 7.50000004822704 56.4000000364508 8.79999999998494
  endloop
endfacet
facet normal -2.81458834445158e-008 -0.130526192220059 0.991444861373809
  outer loop
    vertex 5.50000026460608 56.4000000368221 8.79999994325632
    vertex 7.50000004666569 56.8399924131251 8.85792609529352
    vertex 5.50000026304473 56.8399924134964 8.85792603856491
  endloop
endfacet
facet normal -2.81458834445158e-008 -0.130526192220059 0.991444861373809
  outer loop
    vertex 7.50000004666569 56.8399924131251 8.85792609529352
    vertex 5.50000026460608 56.4000000368221 8.79999994325632
    vertex 7.50000004822704 56.4000000364508 8.79999999998494
  endloop
endfacet
facet normal -2.62762530068795e-008 -0.382683432365098 0.923879532511283
  outer loop
    vertex 5.50000026304473 56.8399924134964 8.85792603856491
    vertex 7.50000004192468 57.2500000364508 9.0277568135514
    vertex 5.50000025830372 57.2500000368221 9.02775675682278
  endloop
endfacet
facet normal -2.62762530068795e-008 -0.382683432365098 0.923879532511283
  outer loop
    vertex 7.50000004192468 57.2500000364508 9.0277568135514
    vertex 5.50000026304473 56.8399924134964 8.85792603856491
    vertex 7.50000004666569 56.8399924131251 8.85792609529352
  endloop
endfacet
facet normal -2.26159393503856e-008 -0.608761429008725 0.793353340291232
  outer loop
    vertex 5.50000025830372 57.2500000368221 9.02775675682278
    vertex 7.5000000343271 57.6020815644679 9.29791847196781
    vertex 5.50000025070613 57.6020815648393 9.2979184152392
  endloop
endfacet
facet normal -2.26159393503856e-008 -0.608761429008725 0.793353340291232
  outer loop
    vertex 7.5000000343271 57.6020815644679 9.29791847196781
    vertex 5.50000025830372 57.2500000368221 9.02775675682278
    vertex 7.50000004192468 57.2500000364508 9.0277568135514
  endloop
endfacet
facet normal -1.74143868017698e-008 -0.793353340291236 0.608761429008719
  outer loop
    vertex 7.5000000343271 57.6020815644679 9.29791847196781
    vertex 5.50000024076974 57.8722432232557 9.64999994325633
    vertex 5.50000025070613 57.6020815648393 9.2979184152392
  endloop
endfacet
facet normal -1.74143868017698e-008 -0.793353340291236 0.608761429008719
  outer loop
    vertex 5.50000024076974 57.8722432232557 9.64999994325633
    vertex 7.5000000343271 57.6020815644679 9.29791847196781
    vertex 7.5000000243907 57.8722432228844 9.64999999998495
  endloop
endfacet
facet normal -1.10260725712477e-008 -0.923879532511296 0.382683432365068
  outer loop
    vertex 7.5000000243907 57.8722432228844 9.64999999998495
    vertex 5.50000022917168 58.0420739415135 10.060007566582
    vertex 5.50000024076974 57.8722432232557 9.64999994325633
  endloop
endfacet
facet normal -1.10260725712477e-008 -0.923879532511296 0.382683432365068
  outer loop
    vertex 5.50000022917168 58.0420739415135 10.060007566582
    vertex 7.5000000243907 57.8722432228844 9.64999999998495
    vertex 7.50000001279265 58.0420739411422 10.0600076233107
  endloop
endfacet
facet normal -3.88634971644273e-009 -0.99144486137381 0.130526192220053
  outer loop
    vertex 7.50000001279265 58.0420739411422 10.0600076233107
    vertex 5.50000021670236 58.1000000368221 10.4999999432563
    vertex 5.50000022917168 58.0420739415135 10.060007566582
  endloop
endfacet
facet normal -3.88634971644273e-009 -0.99144486137381 0.130526192220053
  outer loop
    vertex 5.50000021670236 58.1000000368221 10.4999999432563
    vertex 7.50000001279265 58.0420739411422 10.0600076233107
    vertex 7.50000000032332 58.1000000364508 10.4999999999849
  endloop
endfacet
facet normal 3.51822144904199e-009 -0.99144486137381 -0.130526192220053
  outer loop
    vertex 7.50000000032332 58.1000000364508 10.4999999999849
    vertex 5.50000020421152 58.0420739415135 10.9399923199306
    vertex 5.50000021670236 58.1000000368221 10.4999999432563
  endloop
endfacet
facet normal 3.51822144904199e-009 -0.99144486137381 -0.130526192220053
  outer loop
    vertex 5.50000020421152 58.0420739415135 10.9399923199306
    vertex 7.50000000032332 58.1000000364508 10.4999999999849
    vertex 7.49999998783249 58.0420739411422 10.9399923766592
  endloop
endfacet
facet normal 1.06830316369103e-008 -0.923879532511286 -0.382683432365092
  outer loop
    vertex 7.49999998783249 58.0420739411422 10.9399923766592
    vertex 5.50000019255041 57.8722432232557 11.3499999432563
    vertex 5.50000020421152 58.0420739415135 10.9399923199306
  endloop
endfacet
facet normal 1.06830316369103e-008 -0.923879532511286 -0.382683432365092
  outer loop
    vertex 5.50000019255041 57.8722432232557 11.3499999432563
    vertex 7.49999998783249 58.0420739411422 10.9399923766592
    vertex 7.49999997617137 57.8722432228843 11.3499999999849
  endloop
endfacet
facet normal 1.71198108732681e-008 -0.79335334029122 -0.60876142900874
  outer loop
    vertex 7.49999997617137 57.8722432228843 11.3499999999849
    vertex 5.5000001825137 57.6020815648392 11.7020814712734
    vertex 5.50000019255041 57.8722432232557 11.3499999432563
  endloop
endfacet
facet normal 1.71198108732681e-008 -0.79335334029122 -0.60876142900874
  outer loop
    vertex 5.5000001825137 57.6020815648392 11.7020814712734
    vertex 7.49999997617137 57.8722432228843 11.3499999999849
    vertex 7.49999996613467 57.6020815644679 11.7020815280021
  endloop
endfacet
facet normal 2.23899032904369e-008 -0.608761429008721 -0.793353340291235
  outer loop
    vertex 5.5000001825137 57.6020815648392 11.7020814712734
    vertex 7.49999995840635 57.2500000364508 11.9722431864185
    vertex 5.50000017478539 57.2500000368221 11.9722431296899
  endloop
endfacet
facet normal 2.23899032904369e-008 -0.608761429008721 -0.793353340291235
  outer loop
    vertex 7.49999995840635 57.2500000364508 11.9722431864185
    vertex 5.5000001825137 57.6020815648392 11.7020814712734
    vertex 7.49999996613467 57.6020815644679 11.7020815280021
  endloop
endfacet
facet normal 2.61341607994277e-008 -0.382683432365084 -0.923879532511289
  outer loop
    vertex 5.50000017478539 57.2500000368221 11.9722431296899
    vertex 7.4999999535131 56.8399924131251 12.1420739046763
    vertex 5.50000016989214 56.8399924134964 12.1420738479477
  endloop
endfacet
facet normal 2.61341607994277e-008 -0.382683432365084 -0.923879532511289
  outer loop
    vertex 7.4999999535131 56.8399924131251 12.1420739046763
    vertex 5.50000017478539 57.2500000368221 11.9722431296899
    vertex 7.49999995840635 57.2500000364508 11.9722431864185
  endloop
endfacet
facet normal 2.80974184386801e-008 -0.130526192220047 -0.991444861373811
  outer loop
    vertex 5.50000016989214 56.8399924134964 12.1420738479477
    vertex 7.49999995178838 56.4000000364508 12.1999999999849
    vertex 5.50000016816742 56.4000000368221 12.1999999432563
  endloop
endfacet
facet normal 2.80974184386801e-008 -0.130526192220047 -0.991444861373811
  outer loop
    vertex 7.49999995178838 56.4000000364508 12.1999999999849
    vertex 5.50000016989214 56.8399924134964 12.1420738479477
    vertex 7.4999999535131 56.8399924131251 12.1420739046763
  endloop
endfacet
facet normal 2.81458834445158e-008 0.130526192220059 -0.991444861373809
  outer loop
    vertex 7.49999995178838 56.4000000364508 12.1999999999849
    vertex 5.50000016972877 55.9600076601478 12.1420738479477
    vertex 5.50000016816742 56.4000000368221 12.1999999432563
  endloop
endfacet
facet normal 2.81458834445158e-008 0.130526192220059 -0.991444861373809
  outer loop
    vertex 5.50000016972877 55.9600076601478 12.1420738479477
    vertex 7.49999995178838 56.4000000364508 12.1999999999849
    vertex 7.49999995334973 55.9600076597765 12.1420739046763
  endloop
endfacet
facet normal 2.62762530068795e-008 0.382683432365095 -0.923879532511284
  outer loop
    vertex 7.49999995334973 55.9600076597765 12.1420739046763
    vertex 5.50000017446978 55.5500000368221 11.9722431296899
    vertex 5.50000016972877 55.9600076601478 12.1420738479477
  endloop
endfacet
facet normal 2.62762530068795e-008 0.382683432365095 -0.923879532511284
  outer loop
    vertex 5.50000017446978 55.5500000368221 11.9722431296899
    vertex 7.49999995334973 55.9600076597765 12.1420739046763
    vertex 7.49999995809074 55.5500000364508 11.9722431864185
  endloop
endfacet
facet normal 2.26159393503855e-008 0.608761429008727 -0.79335334029123
  outer loop
    vertex 7.49999995809074 55.5500000364508 11.9722431864185
    vertex 5.50000018206736 55.197918508805 11.7020814712734
    vertex 5.50000017446978 55.5500000368221 11.9722431296899
  endloop
endfacet
facet normal 2.26159393503855e-008 0.608761429008727 -0.79335334029123
  outer loop
    vertex 5.50000018206736 55.197918508805 11.7020814712734
    vertex 7.49999995809074 55.5500000364508 11.9722431864185
    vertex 7.49999996568833 55.1979185084337 11.7020815280021
  endloop
endfacet
facet normal 1.74143868017698e-008 0.793353340291236 -0.608761429008719
  outer loop
    vertex 5.50000018206736 55.197918508805 11.7020814712734
    vertex 7.49999997562472 54.9277568500172 11.3499999999849
    vertex 5.50000019200376 54.9277568503886 11.3499999432563
  endloop
endfacet
facet normal 1.74143868017698e-008 0.793353340291236 -0.608761429008719
  outer loop
    vertex 7.49999997562472 54.9277568500172 11.3499999999849
    vertex 5.50000018206736 55.197918508805 11.7020814712734
    vertex 7.49999996568833 55.1979185084337 11.7020815280021
  endloop
endfacet
facet normal 1.10260725712477e-008 0.923879532511296 -0.382683432365069
  outer loop
    vertex 5.50000019200376 54.9277568503886 11.3499999432563
    vertex 7.49999998722278 54.7579261317594 10.9399923766592
    vertex 5.50000020360181 54.7579261321307 10.9399923199306
  endloop
endfacet
facet normal 1.10260725712477e-008 0.923879532511296 -0.382683432365069
  outer loop
    vertex 7.49999998722278 54.7579261317594 10.9399923766592
    vertex 5.50000019200376 54.9277568503886 11.3499999432563
    vertex 7.49999997562472 54.9277568500172 11.3499999999849
  endloop
endfacet
facet normal 3.8863497164425e-009 0.99144486137381 -0.130526192220052
  outer loop
    vertex 5.49999998722295 -0.242073867869384 10.9399923199306
    vertex 7.49999999969227 -0.299999963549273 10.4999999999849
    vertex 5.49999999969228 -0.299999963177968 10.4999999432563
  endloop
endfacet
facet normal 3.8863497164425e-009 0.99144486137381 -0.130526192220052
  outer loop
    vertex 7.49999999969227 -0.299999963549273 10.4999999999849
    vertex 5.49999998722295 -0.242073867869384 10.9399923199306
    vertex 7.49999998722295 -0.242073868240689 10.9399923766592
  endloop
endfacet
facet normal -3.51822144904215e-009 0.99144486137381 0.130526192220052
  outer loop
    vertex 5.49999999969228 -0.299999963177968 10.4999999432563
    vertex 7.50000001218311 -0.242073868240689 10.0600076233106
    vertex 5.50000001218311 -0.242073867869384 10.060007566582
  endloop
endfacet
facet normal -3.51822144904215e-009 0.99144486137381 0.130526192220052
  outer loop
    vertex 7.50000001218311 -0.242073868240689 10.0600076233106
    vertex 5.49999999969228 -0.299999963177968 10.4999999432563
    vertex 7.49999999969227 -0.299999963549273 10.4999999999849
  endloop
endfacet
facet normal -1.06830316369104e-008 0.923879532511287 0.38268343236509
  outer loop
    vertex 5.50000001218311 -0.242073867869384 10.060007566582
    vertex 7.50000002384422 -0.0722431499828181 9.64999999998494
    vertex 5.50000002384422 -0.0722431496115131 9.64999994325632
  endloop
endfacet
facet normal -1.06830316369104e-008 0.923879532511287 0.38268343236509
  outer loop
    vertex 7.50000002384422 -0.0722431499828181 9.64999999998494
    vertex 5.50000001218311 -0.242073867869384 10.060007566582
    vertex 7.50000001218311 -0.242073868240689 10.0600076233106
  endloop
endfacet
facet normal -1.71198108732677e-008 0.793353340291235 0.60876142900872
  outer loop
    vertex 5.50000002384422 -0.0722431496115131 9.64999994325632
    vertex 7.50000003388093 0.197918508433596 9.29791847196781
    vertex 5.50000003388093 0.197918508804901 9.29791841523919
  endloop
endfacet
facet normal -1.71198108732677e-008 0.793353340291235 0.60876142900872
  outer loop
    vertex 7.50000003388093 0.197918508433596 9.29791847196781
    vertex 5.50000002384422 -0.0722431496115131 9.64999994325632
    vertex 7.50000002384422 -0.0722431499828181 9.64999999998494
  endloop
endfacet
facet normal -2.2389903290437e-008 0.60876142900872 0.793353340291235
  outer loop
    vertex 7.50000003388093 0.197918508433596 9.29791847196781
    vertex 5.50000004160924 0.55000003682203 9.02775675682278
    vertex 5.50000003388093 0.197918508804901 9.29791841523919
  endloop
endfacet
facet normal -2.2389903290437e-008 0.60876142900872 0.793353340291235
  outer loop
    vertex 5.50000004160924 0.55000003682203 9.02775675682278
    vertex 7.50000003388093 0.197918508433596 9.29791847196781
    vertex 7.50000004160924 0.550000036450725 9.02775681355139
  endloop
endfacet
facet normal -2.61341607994277e-008 0.382683432365089 0.923879532511287
  outer loop
    vertex 7.50000004160924 0.550000036450725 9.02775681355139
    vertex 5.5000000465025 0.960007660147746 8.8579260385649
    vertex 5.50000004160924 0.55000003682203 9.02775675682278
  endloop
endfacet
facet normal -2.61341607994277e-008 0.382683432365089 0.923879532511287
  outer loop
    vertex 5.5000000465025 0.960007660147746 8.8579260385649
    vertex 7.50000004160924 0.550000036450725 9.02775681355139
    vertex 7.50000004650249 0.960007659776441 8.85792609529352
  endloop
endfacet
facet normal -2.80974184386801e-008 0.130526192220053 0.99144486137381
  outer loop
    vertex 7.50000004650249 0.960007659776441 8.85792609529352
    vertex 5.50000004822721 1.40000003682203 8.79999994325632
    vertex 5.5000000465025 0.960007660147746 8.8579260385649
  endloop
endfacet
facet normal -2.80974184386801e-008 0.130526192220053 0.99144486137381
  outer loop
    vertex 5.50000004822721 1.40000003682203 8.79999994325632
    vertex 7.50000004650249 0.960007659776441 8.85792609529352
    vertex 7.50000004822721 1.40000003645072 8.79999999998494
  endloop
endfacet
facet normal -2.81458834445158e-008 -0.130526192220053 0.99144486137381
  outer loop
    vertex 5.50000004822721 1.40000003682203 8.79999994325632
    vertex 7.50000004666586 1.83999241312501 8.85792609529352
    vertex 5.50000004666587 1.83999241349631 8.8579260385649
  endloop
endfacet
facet normal -2.81458834445158e-008 -0.130526192220053 0.99144486137381
  outer loop
    vertex 7.50000004666586 1.83999241312501 8.85792609529352
    vertex 5.50000004822721 1.40000003682203 8.79999994325632
    vertex 7.50000004822721 1.40000003645072 8.79999999998494
  endloop
endfacet
facet normal -2.62762530068795e-008 -0.382683432365092 0.923879532511286
  outer loop
    vertex 5.50000004666587 1.83999241349631 8.8579260385649
    vertex 7.50000004192485 2.25000003645072 9.02775681355139
    vertex 5.50000004192485 2.25000003682203 9.02775675682278
  endloop
endfacet
facet normal -2.62762530068795e-008 -0.382683432365092 0.923879532511286
  outer loop
    vertex 7.50000004192485 2.25000003645072 9.02775681355139
    vertex 5.50000004666587 1.83999241349631 8.8579260385649
    vertex 7.50000004666586 1.83999241312501 8.85792609529352
  endloop
endfacet
facet normal -2.26159393503855e-008 -0.608761429008721 0.793353340291235
  outer loop
    vertex 5.50000004192485 2.25000003682203 9.02775675682278
    vertex 7.50000003432726 2.60208156446785 9.29791847196781
    vertex 5.50000003432727 2.60208156483916 9.29791841523919
  endloop
endfacet
facet normal -2.26159393503855e-008 -0.608761429008721 0.793353340291235
  outer loop
    vertex 7.50000003432726 2.60208156446785 9.29791847196781
    vertex 5.50000004192485 2.25000003682203 9.02775675682278
    vertex 7.50000004192485 2.25000003645072 9.02775681355139
  endloop
endfacet
facet normal -1.74143868017697e-008 -0.793353340291234 0.608761429008722
  outer loop
    vertex 7.50000003432726 2.60208156446785 9.29791847196781
    vertex 5.50000002439088 2.87224322325557 9.64999994325632
    vertex 5.50000003432727 2.60208156483916 9.29791841523919
  endloop
endfacet
facet normal -1.74143868017697e-008 -0.793353340291234 0.608761429008722
  outer loop
    vertex 5.50000002439088 2.87224322325557 9.64999994325632
    vertex 7.50000003432726 2.60208156446785 9.29791847196781
    vertex 7.50000002439087 2.87224322288427 9.64999999998494
  endloop
endfacet
facet normal -1.10260725712481e-008 -0.923879532511287 0.382683432365089
  outer loop
    vertex 7.50000002439087 2.87224322288427 9.64999999998494
    vertex 5.50000001279282 3.04207394151344 10.060007566582
    vertex 5.50000002439088 2.87224322325557 9.64999994325632
  endloop
endfacet
facet normal -1.10260725712481e-008 -0.923879532511287 0.382683432365089
  outer loop
    vertex 5.50000001279282 3.04207394151344 10.060007566582
    vertex 7.50000002439087 2.87224322288427 9.64999999998494
    vertex 7.50000001279282 3.04207394114214 10.0600076233106
  endloop
endfacet
facet normal -3.88634971644248e-009 -0.99144486137381 0.130526192220051
  outer loop
    vertex 7.50000001279282 3.04207394114214 10.0600076233106
    vertex 5.50000000032349 3.10000003682203 10.4999999432563
    vertex 5.50000001279282 3.04207394151344 10.060007566582
  endloop
endfacet
facet normal -3.88634971644248e-009 -0.99144486137381 0.130526192220051
  outer loop
    vertex 5.50000000032349 3.10000003682203 10.4999999432563
    vertex 7.50000001279282 3.04207394114214 10.0600076233106
    vertex 7.50000000032349 3.10000003645072 10.4999999999849
  endloop
endfacet
facet normal 3.51822144904212e-009 -0.99144486137381 -0.130526192220051
  outer loop
    vertex 7.50000000032349 3.10000003645072 10.4999999999849
    vertex 5.49999998783266 3.04207394151344 10.9399923199306
    vertex 5.50000000032349 3.10000003682203 10.4999999432563
  endloop
endfacet
facet normal 3.51822144904212e-009 -0.99144486137381 -0.130526192220051
  outer loop
    vertex 5.49999998783266 3.04207394151344 10.9399923199306
    vertex 7.50000000032349 3.10000003645072 10.4999999999849
    vertex 7.49999998783265 3.04207394114214 10.9399923766592
  endloop
endfacet
facet normal 1.06830316369104e-008 -0.923879532511287 -0.38268343236509
  outer loop
    vertex 7.49999998783265 3.04207394114214 10.9399923766592
    vertex 5.49999997617155 2.87224322325557 11.3499999432563
    vertex 5.49999998783266 3.04207394151344 10.9399923199306
  endloop
endfacet
facet normal 1.06830316369104e-008 -0.923879532511287 -0.38268343236509
  outer loop
    vertex 5.49999997617155 2.87224322325557 11.3499999432563
    vertex 7.49999998783265 3.04207394114214 10.9399923766592
    vertex 7.49999997617154 2.87224322288426 11.3499999999849
  endloop
endfacet
facet normal 1.71198108732677e-008 -0.793353340291235 -0.608761429008721
  outer loop
    vertex 7.49999997617154 2.87224322288426 11.3499999999849
    vertex 5.49999996613484 2.60208156483916 11.7020814712734
    vertex 5.49999997617155 2.87224322325557 11.3499999432563
  endloop
endfacet
facet normal 1.71198108732677e-008 -0.793353340291235 -0.608761429008721
  outer loop
    vertex 5.49999996613484 2.60208156483916 11.7020814712734
    vertex 7.49999997617154 2.87224322288426 11.3499999999849
    vertex 7.49999996613484 2.60208156446785 11.7020815280021
  endloop
endfacet
facet normal 2.2389903290437e-008 -0.608761429008721 -0.793353340291235
  outer loop
    vertex 5.49999996613484 2.60208156483916 11.7020814712734
    vertex 7.49999995840652 2.25000003645072 11.9722431864185
    vertex 5.49999995840652 2.25000003682203 11.9722431296899
  endloop
endfacet
facet normal 2.2389903290437e-008 -0.608761429008721 -0.793353340291235
  outer loop
    vertex 7.49999995840652 2.25000003645072 11.9722431864185
    vertex 5.49999996613484 2.60208156483916 11.7020814712734
    vertex 7.49999996613484 2.60208156446785 11.7020815280021
  endloop
endfacet
facet normal 2.61341607994277e-008 -0.382683432365089 -0.923879532511287
  outer loop
    vertex 5.49999995840652 2.25000003682203 11.9722431296899
    vertex 7.49999995351327 1.83999241312501 12.1420739046763
    vertex 5.49999995351327 1.83999241349631 12.1420738479477
  endloop
endfacet
facet normal 2.61341607994277e-008 -0.382683432365089 -0.923879532511287
  outer loop
    vertex 7.49999995351327 1.83999241312501 12.1420739046763
    vertex 5.49999995840652 2.25000003682203 11.9722431296899
    vertex 7.49999995840652 2.25000003645072 11.9722431864185
  endloop
endfacet
facet normal 2.80974184386801e-008 -0.130526192220053 -0.99144486137381
  outer loop
    vertex 5.49999995351327 1.83999241349631 12.1420738479477
    vertex 7.49999995178855 1.40000003645072 12.1999999999849
    vertex 5.49999995178855 1.40000003682203 12.1999999432563
  endloop
endfacet
facet normal 2.80974184386801e-008 -0.130526192220053 -0.99144486137381
  outer loop
    vertex 7.49999995178855 1.40000003645072 12.1999999999849
    vertex 5.49999995351327 1.83999241349631 12.1420738479477
    vertex 7.49999995351327 1.83999241312501 12.1420739046763
  endloop
endfacet
facet normal 2.81458834445158e-008 0.130526192220053 -0.99144486137381
  outer loop
    vertex 7.49999995178855 1.40000003645072 12.1999999999849
    vertex 5.4999999533499 0.960007660147743 12.1420738479477
    vertex 5.49999995178855 1.40000003682203 12.1999999432563
  endloop
endfacet
facet normal 2.81458834445158e-008 0.130526192220053 -0.99144486137381
  outer loop
    vertex 5.4999999533499 0.960007660147743 12.1420738479477
    vertex 7.49999995178855 1.40000003645072 12.1999999999849
    vertex 7.4999999533499 0.960007659776438 12.1420739046763
  endloop
endfacet
facet normal 2.62762530068795e-008 0.382683432365089 -0.923879532511287
  outer loop
    vertex 7.4999999533499 0.960007659776438 12.1420739046763
    vertex 5.49999995809092 0.55000003682203 11.9722431296899
    vertex 5.4999999533499 0.960007660147743 12.1420738479477
  endloop
endfacet
facet normal 2.62762530068795e-008 0.382683432365089 -0.923879532511287
  outer loop
    vertex 5.49999995809092 0.55000003682203 11.9722431296899
    vertex 7.4999999533499 0.960007659776438 12.1420739046763
    vertex 7.49999995809091 0.550000036450725 11.9722431864185
  endloop
endfacet
facet normal 2.26159393503855e-008 0.608761429008721 -0.793353340291235
  outer loop
    vertex 7.49999995809091 0.550000036450725 11.9722431864185
    vertex 5.4999999656885 0.197918508804899 11.7020814712734
    vertex 5.49999995809092 0.55000003682203 11.9722431296899
  endloop
endfacet
facet normal 2.26159393503855e-008 0.608761429008721 -0.793353340291235
  outer loop
    vertex 5.4999999656885 0.197918508804899 11.7020814712734
    vertex 7.49999995809091 0.550000036450725 11.9722431864185
    vertex 7.4999999656885 0.197918508433594 11.7020815280021
  endloop
endfacet
facet normal 1.74143868017697e-008 0.793353340291235 -0.608761429008721
  outer loop
    vertex 5.4999999656885 0.197918508804899 11.7020814712734
    vertex 7.49999997562489 -0.0722431499828209 11.3499999999849
    vertex 5.49999997562489 -0.0722431496115159 11.3499999432563
  endloop
endfacet
facet normal 1.74143868017697e-008 0.793353340291235 -0.608761429008721
  outer loop
    vertex 7.49999997562489 -0.0722431499828209 11.3499999999849
    vertex 5.4999999656885 0.197918508804899 11.7020814712734
    vertex 7.4999999656885 0.197918508433594 11.7020815280021
  endloop
endfacet
facet normal 1.10260725712481e-008 0.923879532511287 -0.382683432365089
  outer loop
    vertex 5.49999997562489 -0.0722431496115159 11.3499999432563
    vertex 7.49999998722295 -0.242073868240689 10.9399923766592
    vertex 5.49999998722295 -0.242073867869384 10.9399923199306
  endloop
endfacet
facet normal 1.10260725712481e-008 0.923879532511287 -0.382683432365089
  outer loop
    vertex 7.49999998722295 -0.242073868240689 10.9399923766592
    vertex 5.49999997562489 -0.0722431496115159 11.3499999432563
    vertex 7.49999997562489 -0.0722431499828209 11.3499999999849
  endloop
endfacet
facet normal -1.0 -1.99404231222673e-010 -2.93537877124998e-008
  outer loop
    vertex 5.50000008875631 -9.59999999813008 16.0000002408868
    vertex 5.49999998722295 -0.242073867869384 10.9399923199306
    vertex 5.49999999969228 -0.299999963177968 10.4999999432563
  endloop
endfacet
facet normal -1.0 -1.99404231222673e-010 -2.93537877124998e-008
  outer loop
    vertex 5.49999998722295 -0.242073867869384 10.9399923199306
    vertex 5.50000008875631 -9.59999999813008 16.0000002408868
    vertex 5.49999997562489 -0.0722431496115159 11.3499999432563
  endloop
endfacet
facet normal -1.0 -1.99404231222673e-010 -2.93537877124998e-008
  outer loop
    vertex 5.49999997562489 -0.0722431496115159 11.3499999432563
    vertex 5.50000008875631 -9.59999999813008 16.0000002408868
    vertex 5.4999999656885 0.197918508804899 11.7020814712734
  endloop
endfacet
facet normal -1.0 -1.99404231222673e-010 -2.93537877124998e-008
  outer loop
    vertex 5.4999999656885 0.197918508804899 11.7020814712734
    vertex 5.50000008875631 -9.59999999813008 16.0000002408868
    vertex 5.49999995809092 0.55000003682203 11.9722431296899
  endloop
endfacet
facet normal -1.0 -1.99404231222673e-010 -2.93537877124998e-008
  outer loop
    vertex 5.49999995809092 0.55000003682203 11.9722431296899
    vertex 5.50000008875631 -9.59999999813008 16.0000002408868
    vertex 5.49999999230497 6.49999999502863 15.9999998970534
  endloop
endfacet
facet normal -1.0 -1.99404231222673e-010 -2.93537877124998e-008
  outer loop
    vertex 5.49999995809092 0.55000003682203 11.9722431296899
    vertex 5.49999999230497 6.49999999502863 15.9999998970534
    vertex 5.4999999533499 0.960007660147743 12.1420738479477
  endloop
endfacet
facet normal -1.0 -1.99404231222673e-010 -2.93537877124998e-008
  outer loop
    vertex 5.4999999533499 0.960007660147743 12.1420738479477
    vertex 5.49999999230497 6.49999999502863 15.9999998970534
    vertex 5.49999995178855 1.40000003682203 12.1999999432563
  endloop
endfacet
facet normal -1.0 -1.99404231222673e-010 -2.93537877124998e-008
  outer loop
    vertex 5.49999995178855 1.40000003682203 12.1999999432563
    vertex 5.49999999230497 6.49999999502863 15.9999998970534
    vertex 5.49999995351327 1.83999241349631 12.1420738479477
  endloop
endfacet
facet normal -1.0 -1.99404231222673e-010 -2.93537877124998e-008
  outer loop
    vertex 5.49999995351327 1.83999241349631 12.1420738479477
    vertex 5.49999999230497 6.49999999502863 15.9999998970534
    vertex 5.49999995840652 2.25000003682203 11.9722431296899
  endloop
endfacet
facet normal -1.0 -1.99404231222673e-010 -2.93537877124998e-008
  outer loop
    vertex 5.49999995840652 2.25000003682203 11.9722431296899
    vertex 5.49999999230497 6.49999999502863 15.9999998970534
    vertex 5.49999996613484 2.60208156483916 11.7020814712734
  endloop
endfacet
facet normal -1.0 -1.99404231222673e-010 -2.93537877124998e-008
  outer loop
    vertex 5.49999996613484 2.60208156483916 11.7020814712734
    vertex 5.49999999230497 6.49999999502863 15.9999998970534
    vertex 5.49999997617155 2.87224322325557 11.3499999432563
  endloop
endfacet
facet normal -1.0 -1.99404231222673e-010 -2.93537877124998e-008
  outer loop
    vertex 5.49999997617155 2.87224322325557 11.3499999432563
    vertex 5.49999999230497 6.49999999502863 15.9999998970534
    vertex 5.49999998783266 3.04207394151344 10.9399923199306
  endloop
endfacet
facet normal -1.0 -1.99404231222673e-010 -2.93537877124998e-008
  outer loop
    vertex 5.49999998783266 3.04207394151344 10.9399923199306
    vertex 5.49999999230497 6.49999999502863 15.9999998970534
    vertex 5.50000000032349 3.10000003682203 10.4999999432563
  endloop
endfacet
facet normal -1.0 -1.99404231222673e-010 -2.93537877124998e-008
  outer loop
    vertex 5.49999991553288 61.4000001413178 20.9999988477607
    vertex 5.49999999230497 6.49999999502863 15.9999998970534
    vertex 5.4999999213858 6.49999999502863 20.9999998255819
  endloop
endfacet
facet normal -1.0 -1.99404231222673e-010 -2.93537877124998e-008
  outer loop
    vertex 5.49999999230497 6.49999999502863 15.9999998970534
    vertex 5.49999991553288 61.4000001413178 20.9999988477607
    vertex 5.50000019200376 54.9277568503886 11.3499999432563
  endloop
endfacet
facet normal -1.0 -1.99404231222673e-010 -2.93537877124998e-008
  outer loop
    vertex 5.49999999230497 6.49999999502863 15.9999998970534
    vertex 5.50000019200376 54.9277568503886 11.3499999432563
    vertex 5.50000020360181 54.7579261321307 10.9399923199306
  endloop
endfacet
facet normal -1.0 -1.99404231222673e-010 -2.93537877124998e-008
  outer loop
    vertex 5.49999999230497 6.49999999502863 15.9999998970534
    vertex 5.50000020360181 54.7579261321307 10.9399923199306
    vertex 5.50000021607114 54.7000000368221 10.4999999432563
  endloop
endfacet
facet normal -1.0 -1.99404231222673e-010 -2.93537877124998e-008
  outer loop
    vertex 5.50000019200376 54.9277568503886 11.3499999432563
    vertex 5.49999991553288 61.4000001413178 20.9999988477607
    vertex 5.50000018206736 55.197918508805 11.7020814712734
  endloop
endfacet
facet normal -1.0 -1.99404231222673e-010 -2.93537877124998e-008
  outer loop
    vertex 5.50000018206736 55.197918508805 11.7020814712734
    vertex 5.49999991553288 61.4000001413178 20.9999988477607
    vertex 5.50000017446978 55.5500000368221 11.9722431296899
  endloop
endfacet
facet normal -1.0 -1.99404231222673e-010 -2.93537877124998e-008
  outer loop
    vertex 5.50000017446978 55.5500000368221 11.9722431296899
    vertex 5.49999991553288 61.4000001413178 20.9999988477607
    vertex 5.50000016972877 55.9600076601478 12.1420738479477
  endloop
endfacet
facet normal -1.0 -1.99404231222673e-010 -2.93537877124998e-008
  outer loop
    vertex 5.50000016972877 55.9600076601478 12.1420738479477
    vertex 5.49999991553288 61.4000001413178 20.9999988477607
    vertex 5.50000016816742 56.4000000368221 12.1999999432563
  endloop
endfacet
facet normal -1.0 -1.99404231222673e-010 -2.93537877124998e-008
  outer loop
    vertex 5.50000016816742 56.4000000368221 12.1999999432563
    vertex 5.49999991553288 61.4000001413178 20.9999988477607
    vertex 5.50000016989214 56.8399924134964 12.1420738479477
  endloop
endfacet
facet normal -1.0 -1.99404231222673e-010 -2.93537877124998e-008
  outer loop
    vertex 5.50000016989214 56.8399924134964 12.1420738479477
    vertex 5.49999991553288 61.4000001413178 20.9999988477607
    vertex 5.50000017478539 57.2500000368221 11.9722431296899
  endloop
endfacet
facet normal -1.0 -1.99404231222673e-010 -2.93537877124998e-008
  outer loop
    vertex 5.50000017478539 57.2500000368221 11.9722431296899
    vertex 5.49999991553288 61.4000001413178 20.9999988477607
    vertex 5.5000001825137 57.6020815648392 11.7020814712734
  endloop
endfacet
facet normal -1.0 -1.99404231222673e-010 -2.93537877124998e-008
  outer loop
    vertex 5.5000001825137 57.6020815648392 11.7020814712734
    vertex 5.49999991553288 61.4000001413178 20.9999988477607
    vertex 5.50000019255041 57.8722432232557 11.3499999432563
  endloop
endfacet
facet normal -1.0 -1.99404231222673e-010 -2.93537877124998e-008
  outer loop
    vertex 5.50000019255041 57.8722432232557 11.3499999432563
    vertex 5.49999991553288 61.4000001413178 20.9999988477607
    vertex 5.50000020421152 58.0420739415135 10.9399923199306
  endloop
endfacet
facet normal -1.0 -1.99404231222673e-010 -2.93537877124998e-008
  outer loop
    vertex 5.50000020421152 58.0420739415135 10.9399923199306
    vertex 5.49999991553288 61.4000001413178 20.9999988477607
    vertex 5.50000021670236 58.1000000368221 10.4999999432563
  endloop
endfacet
facet normal -1.0 -1.99404231222673e-010 -2.93537877124998e-008
  outer loop
    vertex 5.50000021670236 58.1000000368221 10.4999999432563
    vertex 5.49999991553288 61.4000001413178 20.9999988477607
    vertex 5.50000051150875 61.3999997686872 -1.19351643270704e-006
  endloop
endfacet
facet normal -1.0 -1.99404231222673e-010 -2.93537877124998e-008
  outer loop
    vertex 5.5000005425853 -9.6000002831456 7.1239922139199e-008
    vertex 5.5000000465025 0.960007660147746 8.8579260385649
    vertex 5.50000051150875 61.3999997686872 -1.19351643270704e-006
  endloop
endfacet
facet normal -1.0 -1.99404231222673e-010 -2.93537877124998e-008
  outer loop
    vertex 5.5000000465025 0.960007660147746 8.8579260385649
    vertex 5.5000005425853 -9.6000002831456 7.1239922139199e-008
    vertex 5.50000004160924 0.55000003682203 9.02775675682278
  endloop
endfacet
facet normal -1.0 -1.99404231222673e-010 -2.93537877124998e-008
  outer loop
    vertex 5.50000004160924 0.55000003682203 9.02775675682278
    vertex 5.5000005425853 -9.6000002831456 7.1239922139199e-008
    vertex 5.50000008875631 -9.59999999813008 16.0000002408868
  endloop
endfacet
facet normal -1.0 -1.99404231222673e-010 -2.93537877124998e-008
  outer loop
    vertex 5.50000004160924 0.55000003682203 9.02775675682278
    vertex 5.50000008875631 -9.59999999813008 16.0000002408868
    vertex 5.50000003388093 0.197918508804901 9.29791841523919
  endloop
endfacet
facet normal -1.0 -1.99404231222673e-010 -2.93537877124998e-008
  outer loop
    vertex 5.50000003388093 0.197918508804901 9.29791841523919
    vertex 5.50000008875631 -9.59999999813008 16.0000002408868
    vertex 5.50000002384422 -0.0722431496115131 9.64999994325632
  endloop
endfacet
facet normal -1.0 -1.99404231222673e-010 -2.93537877124998e-008
  outer loop
    vertex 5.50000002384422 -0.0722431496115131 9.64999994325632
    vertex 5.50000008875631 -9.59999999813008 16.0000002408868
    vertex 5.50000001218311 -0.242073867869384 10.060007566582
  endloop
endfacet
facet normal -1.0 -1.99404231222673e-010 -2.93537877124998e-008
  outer loop
    vertex 5.50000001218311 -0.242073867869384 10.060007566582
    vertex 5.50000008875631 -9.59999999813008 16.0000002408868
    vertex 5.49999999969228 -0.299999963177968 10.4999999432563
  endloop
endfacet
facet normal -1.0 -1.99404231222673e-010 -2.93537877124998e-008
  outer loop
    vertex 5.50000051150875 61.3999997686872 -1.19351643270704e-006
    vertex 5.5000000465025 0.960007660147746 8.8579260385649
    vertex 5.50000004822721 1.40000003682203 8.79999994325632
  endloop
endfacet
facet normal -1.0 -1.99404231222673e-010 -2.93537877124998e-008
  outer loop
    vertex 5.50000051150875 61.3999997686872 -1.19351643270704e-006
    vertex 5.50000004822721 1.40000003682203 8.79999994325632
    vertex 5.50000004666587 1.83999241349631 8.8579260385649
  endloop
endfacet
facet normal -1.0 -1.99404231222673e-010 -2.93537877124998e-008
  outer loop
    vertex 5.50000051150875 61.3999997686872 -1.19351643270704e-006
    vertex 5.50000004666587 1.83999241349631 8.8579260385649
    vertex 5.50000004192485 2.25000003682203 9.02775675682278
  endloop
endfacet
facet normal -1.0 -1.99404231222673e-010 -2.93537877124998e-008
  outer loop
    vertex 5.50000051150875 61.3999997686872 -1.19351643270704e-006
    vertex 5.50000004192485 2.25000003682203 9.02775675682278
    vertex 5.50000003432727 2.60208156483916 9.29791841523919
  endloop
endfacet
facet normal -1.0 -1.99404231222673e-010 -2.93537877124998e-008
  outer loop
    vertex 5.50000051150875 61.3999997686872 -1.19351643270704e-006
    vertex 5.50000003432727 2.60208156483916 9.29791841523919
    vertex 5.50000002439088 2.87224322325557 9.64999994325632
  endloop
endfacet
facet normal -1.0 -1.99404231222673e-010 -2.93537877124998e-008
  outer loop
    vertex 5.50000051150875 61.3999997686872 -1.19351643270704e-006
    vertex 5.50000002439088 2.87224322325557 9.64999994325632
    vertex 5.50000001279282 3.04207394151344 10.060007566582
  endloop
endfacet
facet normal -1.0 -1.99404231222673e-010 -2.93537877124998e-008
  outer loop
    vertex 5.50000051150875 61.3999997686872 -1.19351643270704e-006
    vertex 5.50000001279282 3.04207394151344 10.060007566582
    vertex 5.50000000032349 3.10000003682203 10.4999999432563
  endloop
endfacet
facet normal -1.0 -1.99404231222673e-010 -2.93537877124998e-008
  outer loop
    vertex 5.50000051150875 61.3999997686872 -1.19351643270704e-006
    vertex 5.50000000032349 3.10000003682203 10.4999999432563
    vertex 5.49999999230497 6.49999999502863 15.9999998970534
  endloop
endfacet
facet normal -1.0 -1.99404231222673e-010 -2.93537877124998e-008
  outer loop
    vertex 5.50000051150875 61.3999997686872 -1.19351643270704e-006
    vertex 5.49999999230497 6.49999999502863 15.9999998970534
    vertex 5.50000024022309 54.9277568503886 9.64999994325631
  endloop
endfacet
facet normal -1.0 -1.99404231222673e-010 -2.93537877124998e-008
  outer loop
    vertex 5.50000024022309 54.9277568503886 9.64999994325631
    vertex 5.49999999230497 6.49999999502863 15.9999998970534
    vertex 5.50000022856197 54.7579261321307 10.060007566582
  endloop
endfacet
facet normal -1.0 -1.99404231222673e-010 -2.93537877124998e-008
  outer loop
    vertex 5.50000022856197 54.7579261321307 10.060007566582
    vertex 5.49999999230497 6.49999999502863 15.9999998970534
    vertex 5.50000021607114 54.7000000368221 10.4999999432563
  endloop
endfacet
facet normal -1.0 -1.99404231222673e-010 -2.93537877124998e-008
  outer loop
    vertex 5.50000051150875 61.3999997686872 -1.19351643270704e-006
    vertex 5.50000024022309 54.9277568503886 9.64999994325631
    vertex 5.50000025025979 55.197918508805 9.29791841523918
  endloop
endfacet
facet normal -1.0 -1.99404231222673e-010 -2.93537877124998e-008
  outer loop
    vertex 5.50000051150875 61.3999997686872 -1.19351643270704e-006
    vertex 5.50000025025979 55.197918508805 9.29791841523918
    vertex 5.50000025798811 55.5500000368221 9.02775675682277
  endloop
endfacet
facet normal -1.0 -1.99404231222673e-010 -2.93537877124998e-008
  outer loop
    vertex 5.50000051150875 61.3999997686872 -1.19351643270704e-006
    vertex 5.50000025798811 55.5500000368221 9.02775675682277
    vertex 5.50000026288136 55.9600076601479 8.8579260385649
  endloop
endfacet
facet normal -1.0 -1.99404231222673e-010 -2.93537877124998e-008
  outer loop
    vertex 5.50000051150875 61.3999997686872 -1.19351643270704e-006
    vertex 5.50000026288136 55.9600076601479 8.8579260385649
    vertex 5.50000026460608 56.4000000368221 8.79999994325632
  endloop
endfacet
facet normal -1.0 -1.99404231222673e-010 -2.93537877124998e-008
  outer loop
    vertex 5.50000051150875 61.3999997686872 -1.19351643270704e-006
    vertex 5.50000026460608 56.4000000368221 8.79999994325632
    vertex 5.50000026304473 56.8399924134964 8.85792603856491
  endloop
endfacet
facet normal -1.0 -1.99404231222673e-010 -2.93537877124998e-008
  outer loop
    vertex 5.50000051150875 61.3999997686872 -1.19351643270704e-006
    vertex 5.50000026304473 56.8399924134964 8.85792603856491
    vertex 5.50000025830372 57.2500000368221 9.02775675682278
  endloop
endfacet
facet normal -1.0 -1.99404231222673e-010 -2.93537877124998e-008
  outer loop
    vertex 5.50000051150875 61.3999997686872 -1.19351643270704e-006
    vertex 5.50000025830372 57.2500000368221 9.02775675682278
    vertex 5.50000025070613 57.6020815648393 9.2979184152392
  endloop
endfacet
facet normal -1.0 -1.99404231222673e-010 -2.93537877124998e-008
  outer loop
    vertex 5.50000051150875 61.3999997686872 -1.19351643270704e-006
    vertex 5.50000025070613 57.6020815648393 9.2979184152392
    vertex 5.50000024076974 57.8722432232557 9.64999994325633
  endloop
endfacet
facet normal -1.0 -1.99404231222673e-010 -2.93537877124998e-008
  outer loop
    vertex 5.50000051150875 61.3999997686872 -1.19351643270704e-006
    vertex 5.50000024076974 57.8722432232557 9.64999994325633
    vertex 5.50000022917168 58.0420739415135 10.060007566582
  endloop
endfacet
facet normal -1.0 -1.99404231222673e-010 -2.93537877124998e-008
  outer loop
    vertex 5.50000051150875 61.3999997686872 -1.19351643270704e-006
    vertex 5.50000022917168 58.0420739415135 10.060007566582
    vertex 5.50000021670236 58.1000000368221 10.4999999432563
  endloop
endfacet
facet normal -0.707106853559047 0.707106708814041 -1.00294872788056e-008
  outer loop
    vertex -0.999998743089204 1.48894230278529e-012 20.9999997943902
    vertex 5.49999999230497 6.49999999502863 15.9999998970534
    vertex -0.99999867217003 1.48612233630274e-012 15.9999998658617
  endloop
endfacet
facet normal -0.707106853559047 0.707106708814041 -1.00294872788056e-008
  outer loop
    vertex 5.49999999230497 6.49999999502863 15.9999998970534
    vertex -0.999998743089204 1.48894230278529e-012 20.9999997943902
    vertex 5.4999999213858 6.49999999502863 20.9999998255819
  endloop
endfacet
facet normal 2.83913918754578e-008 -1.88891003003962e-008 -1.0
  outer loop
    vertex 5.49999999230497 6.49999999502863 15.9999998970534
    vertex -0.99999859249977 -16.6000043016127 16.0000001557147
    vertex -0.99999867217003 1.48612233630274e-012 15.9999998658617
  endloop
endfacet
facet normal 2.83913918754578e-008 -1.88891003003962e-008 -1.0
  outer loop
    vertex -0.99999859249977 -16.6000043016127 16.0000001557147
    vertex 5.49999999230497 6.49999999502863 15.9999998970534
    vertex 3.00000126611813 -16.6000042588814 16.0000002693599
  endloop
endfacet
facet normal 2.83913918754578e-008 -1.88891003003962e-008 -1.0
  outer loop
    vertex 3.00000126611813 -16.6000042588814 16.0000002693599
    vertex 5.49999999230497 6.49999999502863 15.9999998970534
    vertex 5.50000008875631 -9.59999999813008 16.0000002408868
  endloop
endfacet
facet normal -7.43619085053109e-009 1.70485425941405e-008 1.0
  outer loop
    vertex 5.4999999213858 6.49999999502863 20.9999998255819
    vertex 7.49999991553288 61.4000001409465 20.9999989044893
    vertex 5.49999991553288 61.4000001413178 20.9999988477607
  endloop
endfacet
facet normal -7.43619085053109e-009 1.70485425941405e-008 1.0
  outer loop
    vertex 7.49999991553288 61.4000001409465 20.9999989044893
    vertex 5.4999999213858 6.49999999502863 20.9999998255819
    vertex 7.49999994015385 6.49999999502863 20.9999997985981
  endloop
endfacet
facet normal 2.91340785734521e-009 -1.0 1.71878345528393e-008
  outer loop
    vertex 3.00000126611813 -16.6000042588814 16.0000002693599
    vertex -1.00000003909042 -16.6000034125807 66.8836580656307
    vertex -0.99999859249977 -16.6000043016127 16.0000001557147
  endloop
endfacet
facet normal 2.91340785734521e-009 -1.0 1.71878345528393e-008
  outer loop
    vertex -1.00000003909042 -16.6000034125807 66.8836580656307
    vertex 3.00000126611813 -16.6000042588814 16.0000002693599
    vertex 3.00000126611813 -16.6000042152311 21.0000000326216
  endloop
endfacet
facet normal 2.91340785734521e-009 -1.0 1.71878345528393e-008
  outer loop
    vertex -1.00000003909042 -16.6000034125807 66.8836580656307
    vertex 3.00000126611813 -16.6000042152311 21.0000000326216
    vertex 2.99999996090958 -16.6000034135675 66.8836581793482
  endloop
endfacet
facet normal 1.0 1.00461308485953e-009 2.84377102242947e-008
  outer loop
    vertex 3.00000126611813 -16.6000042152311 21.0000000326216
    vertex 3.00000065357842 -13.2420777604082 42.6436657441541
    vertex 2.99999996090958 -16.6000034135675 66.8836581793482
  endloop
endfacet
facet normal 1.0 1.00461308485953e-009 2.84377102242947e-008
  outer loop
    vertex 3.00000065357842 -13.2420777604082 42.6436657441541
    vertex 3.00000126611813 -16.6000042152311 21.0000000326216
    vertex 3.00000125568962 -6.60000423379793 20.9999999667904
  endloop
endfacet
facet normal 1.0 1.00461308485953e-009 2.84377102242947e-008
  outer loop
    vertex 2.99999996090958 -16.6000034135675 66.8836581793482
    vertex 3.00000065357842 -13.2420777604082 42.6436657441541
    vertex 3.00000064105542 -13.3000038480355 43.0836581218396
  endloop
endfacet
facet normal 1.0 1.00461308485953e-009 2.84377102242947e-008
  outer loop
    vertex 3.00000065357842 -13.2420777604082 42.6436657441541
    vertex 3.00000125568962 -6.60000423379793 20.9999999667904
    vertex 3.00000066527658 -13.072247049308 42.2336581178635
  endloop
endfacet
facet normal 1.0 1.00461308485953e-009 2.84377102242947e-008
  outer loop
    vertex 3.00000066527658 -13.072247049308 42.2336581178635
    vertex 3.00000125568962 -6.60000423379793 20.9999999667904
    vertex 3.00000067535269 -12.8020853970381 41.88157658513
  endloop
endfacet
facet normal 1.0 1.00461308485953e-009 2.84377102242947e-008
  outer loop
    vertex 3.00000067535269 -12.8020853970381 41.88157658513
    vertex 3.00000125568962 -6.60000423379793 20.9999999667904
    vertex 3.00000068312007 -12.4500038737374 41.6114149205671
  endloop
endfacet
facet normal 1.0 1.00461308485953e-009 2.84377102242947e-008
  outer loop
    vertex 3.00000068312007 -12.4500038737374 41.6114149205671
    vertex 3.00000125568962 -6.60000423379793 20.9999999667904
    vertex 3.0000006880494 -12.0399962533765 41.4415841951515
  endloop
endfacet
facet normal 1.0 1.00461308485953e-009 2.84377102242947e-008
  outer loop
    vertex 3.0000006880494 -12.0399962533765 41.4415841951515
    vertex 3.00000125568962 -6.60000423379793 20.9999999667904
    vertex 3.00000068980475 -11.6000038777135 41.3836580921617
  endloop
endfacet
facet normal 1.0 1.00461308485953e-009 2.84377102242947e-008
  outer loop
    vertex 3.00000068980475 -11.6000038777135 41.3836580921617
    vertex 3.00000125568962 -6.60000423379793 20.9999999667904
    vertex 3.0000006882665 -11.1600115000279 41.4415841797891
  endloop
endfacet
facet normal 1.0 1.00461308485953e-009 2.84377102242947e-008
  outer loop
    vertex 3.0000006882665 -11.1600115000279 41.4415841797891
    vertex 3.00000125568962 -6.60000423379793 20.9999999667904
    vertex 3.00000068353947 -10.7500038737374 41.6114148908892
  endloop
endfacet
facet normal 1.0 1.00461308485953e-009 2.84377102242947e-008
  outer loop
    vertex 3.00000068353947 -10.7500038737374 41.6114148908892
    vertex 3.00000125568962 -6.60000423379793 20.9999999667904
    vertex 3.0000006759458 -10.3979223410039 41.8815765431591
  endloop
endfacet
facet normal 1.0 1.00461308485953e-009 2.84377102242947e-008
  outer loop
    vertex 3.0000006759458 -10.3979223410039 41.8815765431591
    vertex 3.00000125568962 -6.60000423379793 20.9999999667904
    vertex 3.00000066600299 -10.127760676441 42.2336580664599
  endloop
endfacet
facet normal 1.0 1.00461308485953e-009 2.84377102242947e-008
  outer loop
    vertex 3.00000066600299 -10.127760676441 42.2336580664599
    vertex 3.00000125568962 -6.60000423379793 20.9999999667904
    vertex 3.00000065438862 -9.95792995102535 42.6436656868208
  endloop
endfacet
facet normal 1.0 1.00461308485953e-009 2.84377102242947e-008
  outer loop
    vertex 3.00000065438862 -9.95792995102535 42.6436656868208
    vertex 3.00000125568962 -6.60000423379793 20.9999999667904
    vertex 3.00000064189421 -9.90000384803555 43.0836580624838
  endloop
endfacet
facet normal 1.0 1.00461308485953e-009 2.84377102242947e-008
  outer loop
    vertex 3.00000064189421 -9.90000384803555 43.0836580624838
    vertex 3.00000125568962 -6.60000423379793 20.9999999667904
    vertex 3.00000010742193 -9.90000351983277 61.8836580630171
  endloop
endfacet
facet normal 1.0 1.00461308485953e-009 2.84377102242947e-008
  outer loop
    vertex 2.99999996090958 -16.6000034135675 66.8836581793482
    vertex 3.00000006493788 -12.450003494131 63.3559012939675
    vertex 2.99999995124583 -6.60000343238102 66.8836580054836
  endloop
endfacet
facet normal 1.0 1.00461308485953e-009 2.84377102242947e-008
  outer loop
    vertex 3.00000006493788 -12.450003494131 63.3559012939675
    vertex 2.99999996090958 -16.6000034135675 66.8836581793482
    vertex 3.00000007253155 -12.8020850268645 63.0857396416975
  endloop
endfacet
facet normal 1.0 1.00461308485953e-009 2.84377102242947e-008
  outer loop
    vertex 3.00000007253155 -12.8020850268645 63.0857396416975
    vertex 2.99999996090958 -16.6000034135675 66.8836581793482
    vertex 3.00000008247436 -13.0722466914274 62.7336581183968
  endloop
endfacet
facet normal 1.0 1.00461308485953e-009 2.84377102242947e-008
  outer loop
    vertex 3.00000008247436 -13.0722466914274 62.7336581183968
    vertex 2.99999996090958 -16.6000034135675 66.8836581793482
    vertex 3.00000009408872 -13.242077416843 62.3236504980359
  endloop
endfacet
facet normal 1.0 1.00461308485953e-009 2.84377102242947e-008
  outer loop
    vertex 3.00000009408872 -13.242077416843 62.3236504980359
    vertex 2.99999996090958 -16.6000034135675 66.8836581793482
    vertex 3.00000010658314 -13.3000035198328 61.8836581223729
  endloop
endfacet
facet normal 1.0 1.00461308485953e-009 2.84377102242947e-008
  outer loop
    vertex 3.00000010658314 -13.3000035198328 61.8836581223729
    vertex 2.99999996090958 -16.6000034135675 66.8836581793482
    vertex 3.00000064105542 -13.3000038480355 43.0836581218396
  endloop
endfacet
facet normal 1.0 1.00461308485953e-009 2.84377102242947e-008
  outer loop
    vertex 2.99999995124583 -6.60000343238102 66.8836580054836
    vertex 3.00000006493788 -12.450003494131 63.3559012939675
    vertex 3.00000006021085 -12.0399958678404 63.5257320050676
  endloop
endfacet
facet normal 1.0 1.00461308485953e-009 2.84377102242947e-008
  outer loop
    vertex 2.99999995124583 -6.60000343238102 66.8836580054836
    vertex 3.00000006021085 -12.0399958678404 63.5257320050676
    vertex 3.0000000586726 -11.6000034901549 63.583658092695
  endloop
endfacet
facet normal 1.0 1.00461308485953e-009 2.84377102242947e-008
  outer loop
    vertex 2.99999995124583 -6.60000343238102 66.8836580054836
    vertex 3.0000000586726 -11.6000034901549 63.583658092695
    vertex 3.00000006042795 -11.1600111144918 63.5257319897052
  endloop
endfacet
facet normal 1.0 1.00461308485953e-009 2.84377102242947e-008
  outer loop
    vertex 2.99999995124583 -6.60000343238102 66.8836580054836
    vertex 3.00000006042795 -11.1600111144918 63.5257319897052
    vertex 3.00000006535728 -10.750003494131 63.3559012642896
  endloop
endfacet
facet normal 1.0 1.00461308485953e-009 2.84377102242947e-008
  outer loop
    vertex 2.99999995124583 -6.60000343238102 66.8836580054836
    vertex 3.00000006535728 -10.750003494131 63.3559012642896
    vertex 3.00000007312466 -10.3979219708302 63.0857395997267
  endloop
endfacet
facet normal 1.0 1.00461308485953e-009 2.84377102242947e-008
  outer loop
    vertex 2.99999995124583 -6.60000343238102 66.8836580054836
    vertex 3.00000007312466 -10.3979219708302 63.0857395997267
    vertex 3.00000008320077 -10.1277603185603 62.7336580669932
  endloop
endfacet
facet normal 1.0 1.00461308485953e-009 2.84377102242947e-008
  outer loop
    vertex 2.99999995124583 -6.60000343238102 66.8836580054836
    vertex 3.00000008320077 -10.1277603185603 62.7336580669932
    vertex 3.00000009489893 -9.95792960746015 62.3236504407026
  endloop
endfacet
facet normal 1.0 1.00461308485953e-009 2.84377102242947e-008
  outer loop
    vertex 2.99999995124583 -6.60000343238102 66.8836580054836
    vertex 3.00000009489893 -9.95792960746015 62.3236504407026
    vertex 3.00000010742193 -9.90000351983277 61.8836580630171
  endloop
endfacet
facet normal 1.0 1.00461308485953e-009 2.84377102242947e-008
  outer loop
    vertex 2.99999995124583 -6.60000343238102 66.8836580054836
    vertex 3.00000010742193 -9.90000351983277 61.8836580630171
    vertex 3.00000125568962 -6.60000423379793 20.9999999667904
  endloop
endfacet
facet normal 1.0 1.00461308485953e-009 2.84377102242947e-008
  outer loop
    vertex 2.99999995124583 -6.60000343238102 66.8836580054836
    vertex 3.00000125568962 -6.60000423379793 20.9999999667904
    vertex 3.00000097139586 -6.60000405913509 30.9999999667904
  endloop
endfacet
facet normal 1.0 1.00461308485953e-009 2.84377102242947e-008
  outer loop
    vertex 3.000000628561 -13.2420777450458 43.5236504975027
    vertex 3.00000010658314 -13.3000035198328 61.8836581223729
    vertex 3.00000064105542 -13.3000038480355 43.0836581218396
  endloop
endfacet
facet normal 1.0 1.00461308485953e-009 2.84377102242947e-008
  outer loop
    vertex 3.00000010658314 -13.3000035198328 61.8836581223729
    vertex 3.000000628561 -13.2420777450458 43.5236504975027
    vertex 3.00000011910614 -13.2420774322054 61.4436657446873
  endloop
endfacet
facet normal 1.0 1.00461308485953e-009 2.84377102242947e-008
  outer loop
    vertex 3.00000011910614 -13.2420774322054 61.4436657446873
    vertex 3.000000628561 -13.2420777450458 43.5236504975027
    vertex 3.00000061694664 -13.0722470196301 43.9336581178635
  endloop
endfacet
facet normal 1.0 1.00461308485953e-009 2.84377102242947e-008
  outer loop
    vertex 3.00000011910614 -13.2420774322054 61.4436657446873
    vertex 3.00000061694664 -13.0722470196301 43.9336581178635
    vertex 3.0000001308043 -13.0722467211052 61.0336581183968
  endloop
endfacet
facet normal 1.0 1.00461308485953e-009 2.84377102242947e-008
  outer loop
    vertex 3.0000001308043 -13.0722467211052 61.0336581183968
    vertex 3.00000061694664 -13.0722470196301 43.9336581178635
    vertex 3.00000060700383 -12.8020853550672 44.2857396411643
  endloop
endfacet
facet normal 1.0 1.00461308485953e-009 2.84377102242947e-008
  outer loop
    vertex 3.0000001308043 -13.0722467211052 61.0336581183968
    vertex 3.00000060700383 -12.8020853550672 44.2857396411643
    vertex 3.00000014088041 -12.8020850688353 60.6815765856633
  endloop
endfacet
facet normal 1.0 1.00461308485953e-009 2.84377102242947e-008
  outer loop
    vertex 3.00000014088041 -12.8020850688353 60.6815765856633
    vertex 3.00000060700383 -12.8020853550672 44.2857396411643
    vertex 3.00000059941016 -12.4500038223337 44.5559012934342
  endloop
endfacet
facet normal 1.0 1.00461308485953e-009 2.84377102242947e-008
  outer loop
    vertex 3.00000014088041 -12.8020850688353 60.6815765856633
    vertex 3.00000059941016 -12.4500038223337 44.5559012934342
    vertex 3.0000001486478 -12.4500035455346 60.4114149211004
  endloop
endfacet
facet normal 1.0 1.00461308485953e-009 2.84377102242947e-008
  outer loop
    vertex 3.0000001486478 -12.4500035455346 60.4114149211004
    vertex 3.00000059941016 -12.4500038223337 44.5559012934342
    vertex 3.00000059468313 -12.0399961960432 44.7257320045343
  endloop
endfacet
facet normal 1.0 1.00461308485953e-009 2.84377102242947e-008
  outer loop
    vertex 3.0000001486478 -12.4500035455346 60.4114149211004
    vertex 3.00000059468313 -12.0399961960432 44.7257320045343
    vertex 3.00000015357713 -12.0399959251737 60.2415841956848
  endloop
endfacet
facet normal 1.0 1.00461308485953e-009 2.84377102242947e-008
  outer loop
    vertex 3.00000015357713 -12.0399959251737 60.2415841956848
    vertex 3.00000059468313 -12.0399961960432 44.7257320045343
    vertex 3.00000059314487 -11.6000038183576 44.7836580921617
  endloop
endfacet
facet normal 1.0 1.00461308485953e-009 2.84377102242947e-008
  outer loop
    vertex 3.00000015357713 -12.0399959251737 60.2415841956848
    vertex 3.00000059314487 -11.6000038183576 44.7836580921617
    vertex 3.00000015533248 -11.6000035495107 60.183658092695
  endloop
endfacet
facet normal 1.0 1.00461308485953e-009 2.84377102242947e-008
  outer loop
    vertex 3.00000015533248 -11.6000035495107 60.183658092695
    vertex 3.00000059314487 -11.6000038183576 44.7836580921617
    vertex 3.00000059490022 -11.1600114426946 44.7257319891719
  endloop
endfacet
facet normal 1.0 1.00461308485953e-009 2.84377102242947e-008
  outer loop
    vertex 3.00000015533248 -11.6000035495107 60.183658092695
    vertex 3.00000059490022 -11.1600114426946 44.7257319891719
    vertex 3.00000015379422 -11.1600111718251 60.2415841803224
  endloop
endfacet
facet normal 1.0 1.00461308485953e-009 2.84377102242947e-008
  outer loop
    vertex 3.00000015379422 -11.1600111718251 60.2415841803224
    vertex 3.00000059490022 -11.1600114426946 44.7257319891719
    vertex 3.00000059982955 -10.7500038223337 44.5559012637563
  endloop
endfacet
facet normal 1.0 1.00461308485953e-009 2.84377102242947e-008
  outer loop
    vertex 3.00000015379422 -11.1600111718251 60.2415841803224
    vertex 3.00000059982955 -10.7500038223337 44.5559012637563
    vertex 3.00000014906719 -10.7500035455346 60.4114148914225
  endloop
endfacet
facet normal 1.0 1.00461308485953e-009 2.84377102242947e-008
  outer loop
    vertex 3.00000014906719 -10.7500035455346 60.4114148914225
    vertex 3.00000059982955 -10.7500038223337 44.5559012637563
    vertex 3.00000060759694 -10.397922299033 44.2857395991934
  endloop
endfacet
facet normal 1.0 1.00461308485953e-009 2.84377102242947e-008
  outer loop
    vertex 3.00000014906719 -10.7500035455346 60.4114148914225
    vertex 3.00000060759694 -10.397922299033 44.2857395991934
    vertex 3.00000014147352 -10.3979220128011 60.6815765436924
  endloop
endfacet
facet normal 1.0 1.00461308485953e-009 2.84377102242947e-008
  outer loop
    vertex 3.00000014147352 -10.3979220128011 60.6815765436924
    vertex 3.00000060759694 -10.397922299033 44.2857395991934
    vertex 3.00000061767305 -10.1277606467631 43.9336580664599
  endloop
endfacet
facet normal 1.0 1.00461308485953e-009 2.84377102242947e-008
  outer loop
    vertex 3.00000014147352 -10.3979220128011 60.6815765436924
    vertex 3.00000061767305 -10.1277606467631 43.9336580664599
    vertex 3.00000013153071 -10.1277603482382 61.0336580669932
  endloop
endfacet
facet normal 1.0 1.00461308485953e-009 2.84377102242947e-008
  outer loop
    vertex 3.00000013153071 -10.1277603482382 61.0336580669932
    vertex 3.00000061767305 -10.1277606467631 43.9336580664599
    vertex 3.00000062937121 -9.95792993566293 43.5236504401693
  endloop
endfacet
facet normal 1.0 1.00461308485953e-009 2.84377102242947e-008
  outer loop
    vertex 3.00000013153071 -10.1277603482382 61.0336580669932
    vertex 3.00000062937121 -9.95792993566293 43.5236504401693
    vertex 3.00000011991635 -9.95792962282255 61.443665687354
  endloop
endfacet
facet normal 1.0 1.00461308485953e-009 2.84377102242947e-008
  outer loop
    vertex 3.00000011991635 -9.95792962282255 61.443665687354
    vertex 3.00000062937121 -9.95792993566293 43.5236504401693
    vertex 3.00000064189421 -9.90000384803555 43.0836580624838
  endloop
endfacet
facet normal 1.0 1.00461308485953e-009 2.84377102242947e-008
  outer loop
    vertex 3.00000011991635 -9.95792962282255 61.443665687354
    vertex 3.00000064189421 -9.90000384803555 43.0836580624838
    vertex 3.00000010742193 -9.90000351983277 61.8836580630171
  endloop
endfacet
facet normal -1.0 1.39735713187962e-014 5.22954118801312e-015
  outer loop
    vertex 1.40000010700251 -14.3712848109562 63.4836579789775
    vertex 1.40000009408873 -13.2420774158562 62.3236503843184
    vertex 1.40000010658314 -13.300003518846 61.8836580086554
  endloop
endfacet
facet normal -1.0 1.39735713187962e-014 5.22954118801312e-015
  outer loop
    vertex 1.40000009408873 -13.2420774158562 62.3236503843184
    vertex 1.40000010700251 -14.3712848109562 63.4836579789775
    vertex 1.40000008247436 -13.0722466904406 62.7336580046793
  endloop
endfacet
facet normal -1.0 1.39735713187962e-014 5.22954118801312e-015
  outer loop
    vertex 1.40000008247436 -13.0722466904406 62.7336580046793
    vertex 1.40000010700251 -14.3712848109562 63.4836579789775
    vertex 1.40000010700255 -11.600003518846 65.0836579789775
  endloop
endfacet
facet normal -1.0 1.39735713187962e-014 5.22954118801312e-015
  outer loop
    vertex 1.40000008247436 -13.0722466904406 62.7336580046793
    vertex 1.40000010700255 -11.600003518846 65.0836579789775
    vertex 1.40000007253155 -12.8020850258777 63.08573952798
  endloop
endfacet
facet normal -1.0 1.39735713187962e-014 5.22954118801312e-015
  outer loop
    vertex 1.40000007253155 -12.8020850258777 63.08573952798
    vertex 1.40000010700255 -11.600003518846 65.0836579789775
    vertex 1.40000006493789 -12.4500034931442 63.35590118025
  endloop
endfacet
facet normal -1.0 1.39735713187962e-014 5.22954118801312e-015
  outer loop
    vertex 1.40000006493789 -12.4500034931442 63.35590118025
    vertex 1.40000010700255 -11.600003518846 65.0836579789775
    vertex 1.40000006021085 -12.0399958668536 63.5257318913501
  endloop
endfacet
facet normal -1.0 1.39735713187962e-014 5.22954118801312e-015
  outer loop
    vertex 1.40000006021085 -12.0399958668536 63.5257318913501
    vertex 1.40000010700255 -11.600003518846 65.0836579789775
    vertex 1.4000000586726 -11.6000034891681 63.5836579789775
  endloop
endfacet
facet normal -1.0 1.39735713187962e-014 5.22954118801312e-015
  outer loop
    vertex 1.4000000586726 -11.6000034891681 63.5836579789775
    vertex 1.40000010700255 -11.600003518846 65.0836579789775
    vertex 1.40000010700258 -8.82872222673578 63.4836579789775
  endloop
endfacet
facet normal -1.0 1.39735713187962e-014 5.22954118801312e-015
  outer loop
    vertex 1.4000000586726 -11.6000034891681 63.5836579789775
    vertex 1.40000010700258 -8.82872222673578 63.4836579789775
    vertex 1.40000006042795 -11.1600111135051 63.5257318759877
  endloop
endfacet
facet normal -1.0 1.39735713187962e-014 5.22954118801312e-015
  outer loop
    vertex 1.40000006042795 -11.1600111135051 63.5257318759877
    vertex 1.40000010700258 -8.82872222673578 63.4836579789775
    vertex 1.40000006535728 -10.7500034931442 63.3559011505721
  endloop
endfacet
facet normal -1.0 1.39735713187962e-014 5.22954118801312e-015
  outer loop
    vertex 1.40000006535728 -10.7500034931442 63.3559011505721
    vertex 1.40000010700258 -8.82872222673578 63.4836579789775
    vertex 1.40000007312466 -10.3979219698434 63.0857394860092
  endloop
endfacet
facet normal -1.0 1.39735713187962e-014 5.22954118801312e-015
  outer loop
    vertex 1.40000007312466 -10.3979219698434 63.0857394860092
    vertex 1.40000010700258 -8.82872222673578 63.4836579789775
    vertex 1.40000008320077 -10.1277603175735 62.7336579532757
  endloop
endfacet
facet normal -1.0 1.39735713187962e-014 5.22954118801312e-015
  outer loop
    vertex 1.40000008320077 -10.1277603175735 62.7336579532757
    vertex 1.40000010700258 -8.82872222673578 63.4836579789775
    vertex 1.40000009489893 -9.95792960647338 62.3236503269851
  endloop
endfacet
facet normal -1.0 1.39735713187962e-014 5.22954118801312e-015
  outer loop
    vertex 1.40000009489893 -9.95792960647338 62.3236503269851
    vertex 1.40000010700258 -8.82872222673578 63.4836579789775
    vertex 1.40000010742193 -9.900003518846 61.8836579492996
  endloop
endfacet
facet normal -1.0 1.39735713187962e-014 5.22954118801312e-015
  outer loop
    vertex 1.40000010700249 -14.3712848109562 60.2836579789775
    vertex 1.4000001308043 -13.0722467201185 61.0336580046793
    vertex 1.40000010700252 -11.600003518846 58.6836579789775
  endloop
endfacet
facet normal -1.0 1.39735713187962e-014 5.22954118801312e-015
  outer loop
    vertex 1.4000001308043 -13.0722467201185 61.0336580046793
    vertex 1.40000010700249 -14.3712848109562 60.2836579789775
    vertex 1.40000010700251 -14.3712848109562 63.4836579789775
  endloop
endfacet
facet normal -1.0 1.39735713187962e-014 5.22954118801312e-015
  outer loop
    vertex 1.4000001308043 -13.0722467201185 61.0336580046793
    vertex 1.40000010700251 -14.3712848109562 63.4836579789775
    vertex 1.40000011910614 -13.2420774312186 61.4436656309698
  endloop
endfacet
facet normal -1.0 1.39735713187962e-014 5.22954118801312e-015
  outer loop
    vertex 1.40000011910614 -13.2420774312186 61.4436656309698
    vertex 1.40000010700251 -14.3712848109562 63.4836579789775
    vertex 1.40000010658314 -13.300003518846 61.8836580086554
  endloop
endfacet
facet normal -1.0 1.39735713187962e-014 5.22954118801312e-015
  outer loop
    vertex 1.40000010700252 -11.600003518846 58.6836579789775
    vertex 1.4000001308043 -13.0722467201185 61.0336580046793
    vertex 1.40000014088041 -12.8020850678486 60.6815764719458
  endloop
endfacet
facet normal -1.0 1.39735713187962e-014 5.22954118801312e-015
  outer loop
    vertex 1.40000010700252 -11.600003518846 58.6836579789775
    vertex 1.40000014088041 -12.8020850678486 60.6815764719458
    vertex 1.4000001486478 -12.4500035445478 60.4114148073829
  endloop
endfacet
facet normal -1.0 1.39735713187962e-014 5.22954118801312e-015
  outer loop
    vertex 1.40000010700252 -11.600003518846 58.6836579789775
    vertex 1.4000001486478 -12.4500035445478 60.4114148073829
    vertex 1.40000015357713 -12.0399959241869 60.2415840819673
  endloop
endfacet
facet normal -1.0 1.39735713187962e-014 5.22954118801312e-015
  outer loop
    vertex 1.40000010700252 -11.600003518846 58.6836579789775
    vertex 1.40000015357713 -12.0399959241869 60.2415840819673
    vertex 1.40000015533248 -11.6000035485239 60.1836579789775
  endloop
endfacet
facet normal -1.0 1.39735713187962e-014 5.22954118801312e-015
  outer loop
    vertex 1.40000010700252 -11.600003518846 58.6836579789775
    vertex 1.40000015533248 -11.6000035485239 60.1836579789775
    vertex 1.40000015379422 -11.1600111708384 60.2415840666049
  endloop
endfacet
facet normal -1.0 1.39735713187962e-014 5.22954118801312e-015
  outer loop
    vertex 1.40000010700252 -11.600003518846 58.6836579789775
    vertex 1.40000015379422 -11.1600111708384 60.2415840666049
    vertex 1.40000010700257 -8.82872222673578 60.2836579789775
  endloop
endfacet
facet normal -1.0 1.39735713187962e-014 5.22954118801312e-015
  outer loop
    vertex 1.40000010700257 -8.82872222673578 60.2836579789775
    vertex 1.40000015379422 -11.1600111708384 60.2415840666049
    vertex 1.40000014906719 -10.7500035445478 60.411414777705
  endloop
endfacet
facet normal -1.0 1.39735713187962e-014 5.22954118801312e-015
  outer loop
    vertex 1.40000010700257 -8.82872222673578 60.2836579789775
    vertex 1.40000014906719 -10.7500035445478 60.411414777705
    vertex 1.40000014147352 -10.3979220118143 60.6815764299749
  endloop
endfacet
facet normal -1.0 1.39735713187962e-014 5.22954118801312e-015
  outer loop
    vertex 1.40000010700257 -8.82872222673578 60.2836579789775
    vertex 1.40000014147352 -10.3979220118143 60.6815764299749
    vertex 1.40000013153071 -10.1277603472514 61.0336579532757
  endloop
endfacet
facet normal -1.0 1.39735713187962e-014 5.22954118801312e-015
  outer loop
    vertex 1.40000010700257 -8.82872222673578 60.2836579789775
    vertex 1.40000013153071 -10.1277603472514 61.0336579532757
    vertex 1.40000011991635 -9.95792962183578 61.4436655736365
  endloop
endfacet
facet normal -1.0 1.39735713187962e-014 5.22954118801312e-015
  outer loop
    vertex 1.40000010700257 -8.82872222673578 60.2836579789775
    vertex 1.40000011991635 -9.95792962183578 61.4436655736365
    vertex 1.40000010742193 -9.900003518846 61.8836579492996
  endloop
endfacet
facet normal -1.0 1.39735713187962e-014 5.22954118801312e-015
  outer loop
    vertex 1.40000010700257 -8.82872222673578 60.2836579789775
    vertex 1.40000010742193 -9.900003518846 61.8836579492996
    vertex 1.40000010700258 -8.82872222673578 63.4836579789775
  endloop
endfacet
facet normal 1.15157011783545e-014 0.500000000000001 0.866025403784438
  outer loop
    vertex 1.40000010700249 -14.3712848109562 60.2836579789775
    vertex -0.99999989299748 -11.600003518846 58.6836579789775
    vertex -0.99999989299751 -14.3712848109562 60.2836579789775
  endloop
endfacet
facet normal 1.15157011783545e-014 0.500000000000001 0.866025403784438
  outer loop
    vertex -0.99999989299748 -11.600003518846 58.6836579789775
    vertex 1.40000010700249 -14.3712848109562 60.2836579789775
    vertex 1.40000010700252 -11.600003518846 58.6836579789775
  endloop
endfacet
facet normal 1.39735713187962e-014 1.0 -8.8123952579629e-016
  outer loop
    vertex -0.99999989299751 -14.3712848109562 60.2836579789775
    vertex 1.40000010700251 -14.3712848109562 63.4836579789775
    vertex 1.40000010700249 -14.3712848109562 60.2836579789775
  endloop
endfacet
facet normal 1.39735713187962e-014 1.0 -8.8123952579629e-016
  outer loop
    vertex 1.40000010700251 -14.3712848109562 63.4836579789775
    vertex -0.99999989299751 -14.3712848109562 60.2836579789775
    vertex -0.999999892997493 -14.3712848109562 63.4836579789775
  endloop
endfacet
facet normal 2.45787014044167e-015 0.499999999999999 -0.866025403784439
  outer loop
    vertex -0.999999892997446 -11.600003518846 65.0836579789775
    vertex 1.40000010700251 -14.3712848109562 63.4836579789775
    vertex -0.999999892997493 -14.3712848109562 63.4836579789775
  endloop
endfacet
facet normal 2.45787014044167e-015 0.499999999999999 -0.866025403784439
  outer loop
    vertex 1.40000010700251 -14.3712848109562 63.4836579789775
    vertex -0.999999892997446 -11.600003518846 65.0836579789775
    vertex 1.40000010700255 -11.600003518846 65.0836579789775
  endloop
endfacet
facet normal -1.15157011783545e-014 -0.500000000000001 -0.866025403784438
  outer loop
    vertex -0.999999892997416 -8.82872222673575 63.4836579789775
    vertex 1.40000010700255 -11.600003518846 65.0836579789775
    vertex -0.999999892997446 -11.600003518846 65.0836579789775
  endloop
endfacet
facet normal -1.15157011783545e-014 -0.500000000000001 -0.866025403784438
  outer loop
    vertex 1.40000010700255 -11.600003518846 65.0836579789775
    vertex -0.999999892997416 -8.82872222673575 63.4836579789775
    vertex 1.40000010700258 -8.82872222673578 63.4836579789775
  endloop
endfacet
facet normal -1.39735713187962e-014 -1.0 7.31147512157675e-029
  outer loop
    vertex 1.40000010700258 -8.82872222673578 63.4836579789775
    vertex -0.999999892997432 -8.82872222673575 60.2836579789775
    vertex 1.40000010700257 -8.82872222673578 60.2836579789775
  endloop
endfacet
facet normal -1.39735713187962e-014 -1.0 7.31147512157675e-029
  outer loop
    vertex -0.999999892997432 -8.82872222673575 60.2836579789775
    vertex 1.40000010700258 -8.82872222673578 63.4836579789775
    vertex -0.999999892997416 -8.82872222673575 63.4836579789775
  endloop
endfacet
facet normal -2.45787014044166e-015 -0.499999999999999 0.866025403784439
  outer loop
    vertex 1.40000010700252 -11.600003518846 58.6836579789775
    vertex -0.999999892997432 -8.82872222673575 60.2836579789775
    vertex -0.99999989299748 -11.600003518846 58.6836579789775
  endloop
endfacet
facet normal -2.45787014044166e-015 -0.499999999999999 0.866025403784439
  outer loop
    vertex -0.999999892997432 -8.82872222673575 60.2836579789775
    vertex 1.40000010700252 -11.600003518846 58.6836579789775
    vertex 1.40000010700257 -8.82872222673578 60.2836579789775
  endloop
endfacet
facet normal -0.999999999462335 3.26005706818124e-005 3.54019628588275e-006
  outer loop
    vertex 1.39991595914683 -14.3713633792232 44.6836494819531
    vertex 1.40000061565625 -13.072325260013 43.9336495076749
    vertex 1.39990463051872 -14.3713633788539 41.4836494819932
  endloop
endfacet
facet normal -0.999999999462335 3.26005706818124e-005 3.54019628588275e-006
  outer loop
    vertex 1.40000061565625 -13.072325260013 43.9336495076749
    vertex 1.39991595914683 -14.3713633792232 44.6836494819531
    vertex 1.40001196881253 -11.6000820887877 46.283649481933
  endloop
endfacet
facet normal -0.999999999462335 3.26005706818124e-005 3.54019628588275e-006
  outer loop
    vertex 1.39990463051872 -14.3713633788539 41.4836494819932
    vertex 1.40000061565625 -13.072325260013 43.9336495076749
    vertex 1.40000062727061 -13.2421559854286 43.5236418873141
  endloop
endfacet
facet normal -0.999999999462335 3.26005706818124e-005 3.54019628588275e-006
  outer loop
    vertex 1.39990463051872 -14.3713633788539 41.4836494819932
    vertex 1.40000062727061 -13.2421559854286 43.5236418873141
    vertex 1.40000063976503 -13.3000820884184 43.083649511651
  endloop
endfacet
facet normal -0.999999999462335 3.26005706818124e-005 3.54019628588275e-006
  outer loop
    vertex 1.40000061565625 -13.072325260013 43.9336495076749
    vertex 1.40001196881253 -11.6000820887877 46.283649481933
    vertex 1.40000060571344 -12.8021635954501 44.2857310309757
  endloop
endfacet
facet normal -0.999999999462335 3.26005706818124e-005 3.54019628588275e-006
  outer loop
    vertex 1.40000060571344 -12.8021635954501 44.2857310309757
    vertex 1.40001196881253 -11.6000820887877 46.283649481933
    vertex 1.40000059811977 -12.4500820627166 44.5558926832456
  endloop
endfacet
facet normal -0.999999999462335 3.26005706818124e-005 3.54019628588275e-006
  outer loop
    vertex 1.40000059811977 -12.4500820627166 44.5558926832456
    vertex 1.40001196881253 -11.6000820887877 46.283649481933
    vertex 1.40000059339274 -12.040074436426 44.7257233943457
  endloop
endfacet
facet normal -0.999999999462335 3.26005706818124e-005 3.54019628588275e-006
  outer loop
    vertex 1.40000059339274 -12.040074436426 44.7257233943457
    vertex 1.40001196881253 -11.6000820887877 46.283649481933
    vertex 1.40000059185448 -11.6000820587405 44.7836494819731
  endloop
endfacet
facet normal -0.999999999462335 3.26005706818124e-005 3.54019628588275e-006
  outer loop
    vertex 1.40000059185448 -11.6000820587405 44.7836494819731
    vertex 1.40001196881253 -11.6000820887877 46.283649481933
    vertex 1.40009664985012 -8.82880079798286 44.6836494819531
  endloop
endfacet
facet normal -0.999999999462335 3.26005706818124e-005 3.54019628588275e-006
  outer loop
    vertex 1.40000059185448 -11.6000820587405 44.7836494819731
    vertex 1.40009664985012 -8.82880079798286 44.6836494819531
    vertex 1.40000059360983 -11.1600896830774 44.7257233789833
  endloop
endfacet
facet normal -0.999999999462335 3.26005706818124e-005 3.54019628588275e-006
  outer loop
    vertex 1.40000059360983 -11.1600896830774 44.7257233789833
    vertex 1.40009664985012 -8.82880079798286 44.6836494819531
    vertex 1.40000059853916 -10.7500820627166 44.5558926535677
  endloop
endfacet
facet normal -0.999999999462335 3.26005706818124e-005 3.54019628588275e-006
  outer loop
    vertex 1.40000059853916 -10.7500820627166 44.5558926535677
    vertex 1.40009664985012 -8.82880079798286 44.6836494819531
    vertex 1.40000060630655 -10.3980005394158 44.2857309890048
  endloop
endfacet
facet normal -0.999999999462335 3.26005706818124e-005 3.54019628588275e-006
  outer loop
    vertex 1.40000060630655 -10.3980005394158 44.2857309890048
    vertex 1.40009664985012 -8.82880079798286 44.6836494819531
    vertex 1.40000061638265 -10.1278388871459 43.9336494562713
  endloop
endfacet
facet normal -0.999999999462335 3.26005706818124e-005 3.54019628588275e-006
  outer loop
    vertex 1.40000061638265 -10.1278388871459 43.9336494562713
    vertex 1.40009664985012 -8.82880079798286 44.6836494819531
    vertex 1.40000062808081 -9.95800817604576 43.5236418299807
  endloop
endfacet
facet normal -0.999999999462335 3.26005706818124e-005 3.54019628588275e-006
  outer loop
    vertex 1.40000062808081 -9.95800817604576 43.5236418299807
    vertex 1.40009664985012 -8.82880079798286 44.6836494819531
    vertex 1.40000064060381 -9.90008208841839 43.0836494522952
  endloop
endfacet
facet normal -0.999999999462335 3.26005706818124e-005 3.54019628588275e-006
  outer loop
    vertex 1.39990463051872 -14.3713633788539 41.4836494819932
    vertex 1.40000066398619 -13.0723252896909 42.2336495076749
    vertex 1.39998931155631 -11.6000820880491 39.8836494820132
  endloop
endfacet
facet normal -0.999999999462335 3.26005706818124e-005 3.54019628588275e-006
  outer loop
    vertex 1.40000066398619 -13.0723252896909 42.2336495076749
    vertex 1.39990463051872 -14.3713633788539 41.4836494819932
    vertex 1.40000065228803 -13.242156000791 42.6436571339655
  endloop
endfacet
facet normal -0.999999999462335 3.26005706818124e-005 3.54019628588275e-006
  outer loop
    vertex 1.40000065228803 -13.242156000791 42.6436571339655
    vertex 1.39990463051872 -14.3713633788539 41.4836494819932
    vertex 1.40000063976503 -13.3000820884184 43.083649511651
  endloop
endfacet
facet normal -0.999999999462335 3.26005706818124e-005 3.54019628588275e-006
  outer loop
    vertex 1.39998931155631 -11.6000820880491 39.8836494820132
    vertex 1.40000066398619 -13.0723252896909 42.2336495076749
    vertex 1.40000067406229 -12.802163637421 41.8815679749414
  endloop
endfacet
facet normal -0.999999999462335 3.26005706818124e-005 3.54019628588275e-006
  outer loop
    vertex 1.39998931155631 -11.6000820880491 39.8836494820132
    vertex 1.40000067406229 -12.802163637421 41.8815679749414
    vertex 1.40000068182968 -12.4500821141202 41.6114063103785
  endloop
endfacet
facet normal -0.999999999462335 3.26005706818124e-005 3.54019628588275e-006
  outer loop
    vertex 1.39998931155631 -11.6000820880491 39.8836494820132
    vertex 1.40000068182968 -12.4500821141202 41.6114063103785
    vertex 1.40000068675901 -12.0400744937593 41.4415755849629
  endloop
endfacet
facet normal -0.999999999462335 3.26005706818124e-005 3.54019628588275e-006
  outer loop
    vertex 1.39998931155631 -11.6000820880491 39.8836494820132
    vertex 1.40000068675901 -12.0400744937593 41.4415755849629
    vertex 1.40000068851436 -11.6000821180963 41.3836494819731
  endloop
endfacet
facet normal -0.999999999462335 3.26005706818124e-005 3.54019628588275e-006
  outer loop
    vertex 1.39998931155631 -11.6000820880491 39.8836494820132
    vertex 1.40000068851436 -11.6000821180963 41.3836494819731
    vertex 1.4000006869761 -11.1600897404108 41.4415755696005
  endloop
endfacet
facet normal -0.999999999462335 3.26005706818124e-005 3.54019628588275e-006
  outer loop
    vertex 1.39998931155631 -11.6000820880491 39.8836494820132
    vertex 1.4000006869761 -11.1600897404108 41.4415755696005
    vertex 1.40008532122201 -8.82880079761354 41.4836494819932
  endloop
endfacet
facet normal -0.999999999462335 3.26005706818124e-005 3.54019628588275e-006
  outer loop
    vertex 1.40008532122201 -8.82880079761354 41.4836494819932
    vertex 1.4000006869761 -11.1600897404108 41.4415755696005
    vertex 1.40000068224907 -10.7500821141202 41.6114062807006
  endloop
endfacet
facet normal -0.999999999462335 3.26005706818124e-005 3.54019628588275e-006
  outer loop
    vertex 1.40008532122201 -8.82880079761354 41.4836494819932
    vertex 1.40000068224907 -10.7500821141202 41.6114062807006
    vertex 1.4000006746554 -10.3980005813867 41.8815679329705
  endloop
endfacet
facet normal -0.999999999462335 3.26005706818124e-005 3.54019628588275e-006
  outer loop
    vertex 1.40008532122201 -8.82880079761354 41.4836494819932
    vertex 1.4000006746554 -10.3980005813867 41.8815679329705
    vertex 1.40000066471259 -10.1278389168238 42.2336494562713
  endloop
endfacet
facet normal -0.999999999462335 3.26005706818124e-005 3.54019628588275e-006
  outer loop
    vertex 1.40008532122201 -8.82880079761354 41.4836494819932
    vertex 1.40000066471259 -10.1278389168238 42.2336494562713
    vertex 1.40000065309823 -9.95800819140818 42.6436570766322
  endloop
endfacet
facet normal -0.999999999462335 3.26005706818124e-005 3.54019628588275e-006
  outer loop
    vertex 1.40008532122201 -8.82880079761354 41.4836494819932
    vertex 1.40000065309823 -9.95800819140818 42.6436570766322
    vertex 1.40000064060381 -9.90008208841839 43.0836494522952
  endloop
endfacet
facet normal -0.999999999462335 3.26005706818124e-005 3.54019628588275e-006
  outer loop
    vertex 1.40008532122201 -8.82880079761354 41.4836494819932
    vertex 1.40000064060381 -9.90008208841839 43.0836494522952
    vertex 1.40009664985012 -8.82880079798286 44.6836494819531
  endloop
endfacet
facet normal -1.93661852573369e-005 -0.49999999963435 -0.866025403779012
  outer loop
    vertex -0.999903348859487 -8.82872255661323 44.6836579784242
    vertex 1.40001196881253 -11.6000820887877 46.283649481933
    vertex -0.999988029897075 -11.6000038474181 46.2836579784041
  endloop
endfacet
facet normal -1.93661852573369e-005 -0.49999999963435 -0.866025403779012
  outer loop
    vertex 1.40001196881253 -11.6000820887877 46.283649481933
    vertex -0.999903348859487 -8.82872255661323 44.6836579784242
    vertex 1.40009664985012 -8.82880079798286 44.6836494819531
  endloop
endfacet
facet normal -3.26005706820167e-005 -0.999999999468601 8.84749211415964e-016
  outer loop
    vertex 1.40009664985012 -8.82880079798286 44.6836494819531
    vertex -0.999914677487596 -8.82872255624391 41.4836579784643
    vertex 1.40008532122201 -8.82880079761354 41.4836494819932
  endloop
endfacet
facet normal -3.26005706820167e-005 -0.999999999468601 8.84749211415964e-016
  outer loop
    vertex -0.999914677487596 -8.82872255624391 41.4836579784643
    vertex 1.40009664985012 -8.82880079798286 44.6836494819531
    vertex -0.999903348859487 -8.82872255661323 44.6836579784242
  endloop
endfacet
facet normal -1.32343854246798e-005 -0.499999999834251 0.866025403779012
  outer loop
    vertex 1.39998931155631 -11.6000820880491 39.8836494820132
    vertex -0.999914677487596 -8.82872255624391 41.4836579784643
    vertex -1.00001068715329 -11.6000038466794 39.8836579784843
  endloop
endfacet
facet normal -1.32343854246798e-005 -0.499999999834251 0.866025403779012
  outer loop
    vertex -0.999914677487596 -8.82872255624391 41.4836579784643
    vertex 1.39998931155631 -11.6000820880491 39.8836494820132
    vertex 1.40008532122201 -8.82880079761354 41.4836494819932
  endloop
endfacet
facet normal 1.93661852573369e-005 0.499999999634351 0.866025403779012
  outer loop
    vertex 1.39990463051872 -14.3713633788539 41.4836494819932
    vertex -1.00001068715329 -11.6000038466794 39.8836579784843
    vertex -1.00009536819088 -14.3712851374843 41.4836579784643
  endloop
endfacet
facet normal 1.93661852573369e-005 0.499999999634351 0.866025403779012
  outer loop
    vertex -1.00001068715329 -11.6000038466794 39.8836579784843
    vertex 1.39990463051872 -14.3713633788539 41.4836494819932
    vertex 1.39998931155631 -11.6000820880491 39.8836494820132
  endloop
endfacet
facet normal 3.26005706820167e-005 0.999999999468601 -3.5096860887021e-018
  outer loop
    vertex -1.00009536819088 -14.3712851374843 41.4836579784643
    vertex 1.39991595914683 -14.3713633792232 44.6836494819531
    vertex 1.39990463051872 -14.3713633788539 41.4836494819932
  endloop
endfacet
facet normal 3.26005706820167e-005 0.999999999468601 -3.5096860887021e-018
  outer loop
    vertex 1.39991595914683 -14.3713633792232 44.6836494819531
    vertex -1.00009536819088 -14.3712851374843 41.4836579784643
    vertex -1.00008403956277 -14.3712851378536 44.6836579784242
  endloop
endfacet
facet normal 1.32343854246798e-005 0.499999999834251 -0.866025403779012
  outer loop
    vertex -0.999988029897075 -11.6000038474181 46.2836579784041
    vertex 1.39991595914683 -14.3713633792232 44.6836494819531
    vertex -1.00008403956277 -14.3712851378536 44.6836579784242
  endloop
endfacet
facet normal 1.32343854246798e-005 0.499999999834251 -0.866025403779012
  outer loop
    vertex 1.39991595914683 -14.3713633792232 44.6836494819531
    vertex -0.999988029897075 -11.6000038474181 46.2836579784041
    vertex 1.40001196881253 -11.6000820887877 46.283649481933
  endloop
endfacet
facet normal 9.62506980863673e-009 -1.0 1.64831621301994e-008
  outer loop
    vertex 7.50000054258529 -9.60000028351691 1.27968544916257e-007
    vertex 5.50000008875631 -9.59999999813008 16.0000002408868
    vertex 5.5000005425853 -9.6000002831456 7.1239922139199e-008
  endloop
endfacet
facet normal 9.62506980863673e-009 -1.0 1.64831621301994e-008
  outer loop
    vertex 5.50000008875631 -9.59999999813008 16.0000002408868
    vertex 7.50000054258529 -9.60000028351691 1.27968544916257e-007
    vertex 7.49999994737421 -9.59999991113297 21.0000000608048
  endloop
endfacet
facet normal 9.62506980863673e-009 -1.0 1.64831621301994e-008
  outer loop
    vertex 5.50000008875631 -9.59999999813008 16.0000002408868
    vertex 7.49999994737421 -9.59999991113297 21.0000000608048
    vertex 5.50000008875631 -9.59999997779216 21.0000000041485
  endloop
endfacet
facet normal -0.640762411909133 0.640762278715461 0.422903338435346
  outer loop
    vertex 5.4999999213858 6.49999999502863 20.9999998255819
    vertex -0.999998743089204 1.48894230278529e-012 20.9999997943902
    vertex -0.999999028604142 -6.60000405873816 30.9999999667904
  endloop
endfacet
facet normal -1.31755206419117e-008 1.12114004662628e-008 1.0
  outer loop
    vertex 3.00000126611813 -16.6000042152311 21.0000000326216
    vertex 7.49999994309133 -0.0500021193846493 20.9999999052723
    vertex 3.00000125568962 -6.60000423379793 20.9999999667904
  endloop
endfacet
facet normal -1.31755206419117e-008 1.12114004662628e-008 1.0
  outer loop
    vertex 7.49999994309133 -0.0500021193846493 20.9999999052723
    vertex 3.00000126611813 -16.6000042152311 21.0000000326216
    vertex 5.50000008875631 -9.59999997779216 21.0000000041485
  endloop
endfacet
facet normal -1.31755206419117e-008 1.12114004662628e-008 1.0
  outer loop
    vertex 7.49999994309133 -0.0500021193846493 20.9999999052723
    vertex 5.50000008875631 -9.59999997779216 21.0000000041485
    vertex 7.49999994737421 -9.59999991113297 21.0000000608048
  endloop
endfacet
facet normal 0.911921539473292 7.09222241529018e-009 0.410364601110598
  outer loop
    vertex 7.49999994015385 6.49999999502863 20.9999997985981
    vertex 3.00000097139586 -6.60000405913509 30.9999999667904
    vertex 7.49999994309133 -0.0500021193846493 20.9999999052723
  endloop
endfacet
facet normal 0.824225623637176 -0.566261530867061 3.33227052369398e-008
  outer loop
    vertex 7.49999994309133 -0.0500021193846493 20.9999999052723
    vertex 3.00000097139586 -6.60000405913509 30.9999999667904
    vertex 3.00000125568962 -6.60000423379793 20.9999999667904
  endloop
endfacet
facet normal 0.941742026609057 -0.336336074958168 1.36807498004961e-009
  outer loop
    vertex 5.50000008875631 -9.59999999813008 16.0000002408868
    vertex 3.00000126611813 -16.6000042152311 21.0000000326216
    vertex 3.00000126611813 -16.6000042588814 16.0000002693599
  endloop
endfacet
facet normal 0.941742026609057 -0.336336074958168 1.36807498004961e-009
  outer loop
    vertex 3.00000126611813 -16.6000042152311 21.0000000326216
    vertex 5.50000008875631 -9.59999999813008 16.0000002408868
    vertex 5.50000008875631 -9.59999997779216 21.0000000041485
  endloop
endfacet
facet normal 2.19304612446858e-009 0.606774108919409 0.794874317577979
  outer loop
    vertex 3.00000097139586 -6.60000405913509 30.9999999667904
    vertex 5.4999999213858 6.49999999502863 20.9999998255819
    vertex -0.999999028604142 -6.60000405873816 30.9999999667904
  endloop
endfacet
facet normal 2.19304612446858e-009 0.606774108919409 0.794874317577979
  outer loop
    vertex 5.4999999213858 6.49999999502863 20.9999998255819
    vertex 3.00000097139586 -6.60000405913509 30.9999999667904
    vertex 7.49999994015385 6.49999999502863 20.9999997985981
  endloop
endfacet
facet normal -1.0 -2.20816310676397e-009 -2.81738655566923e-008
  outer loop
    vertex -0.99999989299751 -14.3712848109562 60.2836579789775
    vertex -0.999988029897075 -11.6000038474181 46.2836579784041
    vertex -1.00008403956277 -14.3712851378536 44.6836579784242
  endloop
endfacet
facet normal -1.0 -2.20816310676397e-009 -2.81738655566923e-008
  outer loop
    vertex -0.999988029897075 -11.6000038474181 46.2836579784041
    vertex -0.99999989299751 -14.3712848109562 60.2836579789775
    vertex -0.99999989299748 -11.600003518846 58.6836579789775
  endloop
endfacet
facet normal -1.0 -2.20816310676397e-009 -2.81738655566923e-008
  outer loop
    vertex -0.999988029897075 -11.6000038474181 46.2836579784041
    vertex -0.99999989299748 -11.600003518846 58.6836579789775
    vertex -0.999903348859487 -8.82872255661323 44.6836579784242
  endloop
endfacet
facet normal -1.0 -2.20816310676397e-009 -2.81738655566923e-008
  outer loop
    vertex -0.999903348859487 -8.82872255661323 44.6836579784242
    vertex -0.99999989299748 -11.600003518846 58.6836579789775
    vertex -0.999999892997432 -8.82872222673575 60.2836579789775
  endloop
endfacet
facet normal -1.0 -2.20816310676397e-009 -2.81738655566923e-008
  outer loop
    vertex -0.999903348859487 -8.82872255661323 44.6836579784242
    vertex -0.999999892997432 -8.82872222673575 60.2836579789775
    vertex -0.999914677487596 -8.82872255624391 41.4836579784643
  endloop
endfacet
facet normal -1.0 -2.20816310676397e-009 -2.81738655566923e-008
  outer loop
    vertex -1.00000003909042 -16.6000034125807 66.8836580656307
    vertex -0.999999892997493 -14.3712848109562 63.4836579789775
    vertex -1.00008403956277 -14.3712851378536 44.6836579784242
  endloop
endfacet
facet normal -1.0 -2.20816310676397e-009 -2.81738655566923e-008
  outer loop
    vertex -0.999999892997493 -14.3712848109562 63.4836579789775
    vertex -1.00000003909042 -16.6000034125807 66.8836580656307
    vertex -0.999999892997446 -11.600003518846 65.0836579789775
  endloop
endfacet
facet normal -1.0 -2.20816310676397e-009 -2.81738655566923e-008
  outer loop
    vertex -0.999999892997446 -11.600003518846 65.0836579789775
    vertex -1.00000003909042 -16.6000034125807 66.8836580656307
    vertex -1.00000004875417 -6.60000343139421 66.8836578917661
  endloop
endfacet
facet normal -1.0 -2.20816310676397e-009 -2.81738655566923e-008
  outer loop
    vertex -1.00008403956277 -14.3712851378536 44.6836579784242
    vertex -0.999999892997493 -14.3712848109562 63.4836579789775
    vertex -0.99999989299751 -14.3712848109562 60.2836579789775
  endloop
endfacet
facet normal -1.0 -2.20816310676397e-009 -2.81738655566923e-008
  outer loop
    vertex -0.999999892997446 -11.600003518846 65.0836579789775
    vertex -1.00000004875417 -6.60000343139421 66.8836578917661
    vertex -0.999999892997416 -8.82872222673575 63.4836579789775
  endloop
endfacet
facet normal -1.0 -2.20816310676397e-009 -2.81738655566923e-008
  outer loop
    vertex -0.999999892997416 -8.82872222673575 63.4836579789775
    vertex -1.00000004875417 -6.60000343139421 66.8836578917661
    vertex -0.999999892997432 -8.82872222673575 60.2836579789775
  endloop
endfacet
facet normal -1.0 -2.20816310676397e-009 -2.81738655566923e-008
  outer loop
    vertex -0.999999892997432 -8.82872222673575 60.2836579789775
    vertex -1.00000004875417 -6.60000343139421 66.8836578917661
    vertex -0.999999028604142 -6.60000405873816 30.9999999667904
  endloop
endfacet
facet normal -1.0 -2.20816310676397e-009 -2.81738655566923e-008
  outer loop
    vertex -0.99999859249977 -16.6000043016127 16.0000001557147
    vertex -1.00009536819088 -14.3712851374843 41.4836579784643
    vertex -0.99999867217003 1.48612233630274e-012 15.9999998658617
  endloop
endfacet
facet normal -1.0 -2.20816310676397e-009 -2.81738655566923e-008
  outer loop
    vertex -1.00009536819088 -14.3712851374843 41.4836579784643
    vertex -0.99999859249977 -16.6000043016127 16.0000001557147
    vertex -1.00000003909042 -16.6000034125807 66.8836580656307
  endloop
endfacet
facet normal -1.0 -2.20816310676397e-009 -2.81738655566923e-008
  outer loop
    vertex -1.00009536819088 -14.3712851374843 41.4836579784643
    vertex -1.00000003909042 -16.6000034125807 66.8836580656307
    vertex -1.00008403956277 -14.3712851378536 44.6836579784242
  endloop
endfacet
facet normal -1.0 -2.20816310676397e-009 -2.81738655566923e-008
  outer loop
    vertex -0.99999867217003 1.48612233630274e-012 15.9999998658617
    vertex -1.00009536819088 -14.3712851374843 41.4836579784643
    vertex -1.00001068715329 -11.6000038466794 39.8836579784843
  endloop
endfacet
facet normal -1.0 -2.20816310676397e-009 -2.81738655566923e-008
  outer loop
    vertex -0.99999867217003 1.48612233630274e-012 15.9999998658617
    vertex -1.00001068715329 -11.6000038466794 39.8836579784843
    vertex -0.999999028604142 -6.60000405873816 30.9999999667904
  endloop
endfacet
facet normal -1.0 -2.20816310676397e-009 -2.81738655566923e-008
  outer loop
    vertex -0.999999028604142 -6.60000405873816 30.9999999667904
    vertex -1.00001068715329 -11.6000038466794 39.8836579784843
    vertex -0.999914677487596 -8.82872255624391 41.4836579784643
  endloop
endfacet
facet normal -1.0 -2.20816310676397e-009 -2.81738655566923e-008
  outer loop
    vertex -0.999999028604142 -6.60000405873816 30.9999999667904
    vertex -0.999914677487596 -8.82872255624391 41.4836579784643
    vertex -0.999999892997432 -8.82872222673575 60.2836579789775
  endloop
endfacet
facet normal -1.0 -2.20816310676397e-009 -2.81738655566923e-008
  outer loop
    vertex -0.99999867217003 1.48612233630274e-012 15.9999998658617
    vertex -0.999999028604142 -6.60000405873816 30.9999999667904
    vertex -0.999998743089204 1.48894230278529e-012 20.9999997943902
  endloop
endfacet
endsolid Remix of isaac879 Pan Tilt Camera Mount
